<?xml version='1.0' encoding='utf-8'?>
<COLLADA xmlns="http://www.collada.org/2005/11/COLLADASchema" version="1.4.1">
  <asset>
    <contributor>
      <author>Blender User</author>
      <authoring_tool>Blender 2.83.11</authoring_tool>
    </contributor>
    <created>2020-04-24T18:20:23</created>
    <modified>2020-04-24T18:20:23</modified>
    <unit name="meter" meter="1" />
    <up_axis>Z_UP</up_axis>
  </asset>
  <library_images />
  <library_geometries>
    <geometry id="Part6_Centro_001-mesh" name="Part6 Centro.001">
      <mesh>
        <source id="Part6_Centro_001-mesh-positions">
          <float_array id="Part6_Centro_001-mesh-positions-array" count="11829">0.655654 -4.601073 2.428549 0.656588 -4.600378 3.428549 0.655883 -4.301074 2.428341 0.656817 -4.300379 3.428339 0.356588 -4.600149 3.428829 0.356817 -4.300149 3.428619 0.355655 -4.600845 2.428831 0.355884 -4.300844 2.428621 1.756587 -4.601218 3.427521 1.456588 -4.600990 3.427803 1.756816 -4.301219 3.427313 1.456817 -4.300990 3.427593 1.455654 -4.601685 2.427803 1.455883 -4.301685 2.427593 1.755654 -4.601914 2.427523 1.755883 -4.301914 2.427315 -1.494171 -4.599302 2.616182 -1.494919 -4.599858 1.816183 -1.493942 -4.299302 2.615974 -1.494690 -4.299858 1.815973 -1.194919 -4.600087 1.815903 -1.194689 -4.300088 1.815693 -1.194172 -4.599531 2.615902 -1.193943 -4.299531 2.615694 -1.492863 -4.598329 4.016182 -1.493610 -4.598885 3.216181 -1.492634 -4.298329 4.015972 -1.493381 -4.298885 3.215973 -1.193611 -4.599114 3.215900 -1.193382 -4.299114 3.215692 -1.192862 -4.598558 4.015903 -1.192633 -4.298558 4.015694 -1.495479 -4.600275 1.216183 -1.496040 -4.600692 0.616184 -1.495250 -4.300276 1.215975 -1.495811 -4.300693 0.615974 -1.196040 -4.600922 0.615903 -1.195811 -4.300922 0.615694 -1.195479 -4.600505 1.215902 -1.195250 -4.300505 1.215692 0.068830 -4.302217 0.142747 0.068601 -4.602216 0.142956 0.003761 -4.302157 0.157661 0.003533 -4.602156 0.157871 -0.061335 -4.302117 0.142868 -0.061564 -4.602117 0.143077 -0.113566 -4.302106 0.101295 -0.113795 -4.602106 0.101504 -0.142587 -4.302126 0.041178 -0.142816 -4.602125 0.041386 -0.142648 -4.302172 -0.025579 -0.142877 -4.602172 -0.025370 -0.113741 -4.302236 -0.085752 -0.113970 -4.602236 -0.085543 -0.061587 -4.302305 -0.127422 -0.061817 -4.602305 -0.127213 0.003481 -4.302365 -0.142338 0.003252 -4.602365 -0.142129 0.068577 -4.302405 -0.127544 0.068349 -4.602404 -0.127336 0.120809 -4.302415 -0.085970 0.120580 -4.602415 -0.085762 0.149829 -4.302396 -0.025852 0.149600 -4.602395 -0.025643 0.149891 -4.302349 0.040903 0.149662 -4.602349 0.041113 0.120983 -4.302285 0.101076 0.120754 -4.602285 0.101284 -2.931169 -4.299925 0.145585 -2.931397 -4.599924 0.145794 -2.996237 -4.299864 0.160501 -2.996465 -4.599864 0.160709 -3.061334 -4.299825 0.145706 -3.061563 -4.599825 0.145915 -3.113564 -4.299814 0.104134 -3.113793 -4.599814 0.104342 -3.142584 -4.299834 0.044016 -3.142814 -4.599834 0.044225 -3.142647 -4.299880 -0.022740 -3.142877 -4.599880 -0.022532 -3.113739 -4.299944 -0.082912 -3.113967 -4.599944 -0.082705 -3.061585 -4.300013 -0.124584 -3.061814 -4.600013 -0.124375 -2.996517 -4.300073 -0.139499 -2.996746 -4.600073 -0.139290 -2.931420 -4.300112 -0.124706 -2.931650 -4.600112 -0.124496 -2.879189 -4.300123 -0.083132 -2.879418 -4.600123 -0.082923 -2.850169 -4.300104 -0.023014 -2.850398 -4.600104 -0.022806 -2.850107 -4.300057 0.043743 -2.850336 -4.600057 0.043951 -2.879014 -4.299993 0.103914 -2.879243 -4.599993 0.104123 1.246855 -4.603298 -0.119795 1.210629 -4.603408 -0.316287 1.247085 -4.303299 -0.120004 1.210858 -4.303408 -0.316496 1.143558 -4.603487 -0.504497 1.143787 -4.303488 -0.504705 1.047357 -4.603536 -0.679615 1.047585 -4.303536 -0.679824 0.924483 -4.603552 -0.837168 0.924712 -4.303552 -0.837377 0.778075 -4.603535 -0.973130 0.778304 -4.303535 -0.973339 0.611875 -4.603485 -1.084030 0.612105 -4.303485 -1.084238 0.430127 -4.603404 -1.167032 0.430357 -4.303404 -1.167241 0.237479 -4.603294 -1.220014 0.237708 -4.303294 -1.220222 0.038847 -4.603157 -1.241626 0.039076 -4.303158 -1.241835 -0.160689 -4.602998 -1.231314 -0.160460 -4.302998 -1.231522 -0.356033 -4.602820 -1.189340 -0.355803 -4.302819 -1.189548 -0.542194 -4.602627 -1.116778 -0.541964 -4.302627 -1.116987 -0.714415 -4.602425 -1.015482 -0.714186 -4.302425 -1.015691 -0.868297 -4.602219 -0.888041 -0.868068 -4.302219 -0.888249 -0.999908 -4.602014 -0.737709 -0.999679 -4.302014 -0.737918 -1.105885 -4.601815 -0.568327 -1.105656 -4.301815 -0.568536 -1.183520 -4.601628 -0.384224 -1.183291 -4.301627 -0.384432 -1.230830 -4.601456 -0.190104 -1.230601 -4.301456 -0.190313 -1.246606 -4.601305 0.009075 -1.246377 -4.301305 0.008867 1.342740 -4.603200 0.127127 1.296161 -4.603217 0.051003 1.342969 -4.303200 0.126918 1.296390 -4.303218 0.050795 1.263856 -4.603251 -0.032187 1.264085 -4.303251 -0.032395 2.254651 -4.603041 1.355805 2.254880 -4.303041 1.355597 2.257588 -4.600856 4.498302 2.257817 -4.300856 4.498095 -2.492409 -4.597227 4.502739 -2.492180 -4.297227 4.502531 -2.992876 -4.597192 4.003208 -2.980236 -4.597125 4.114456 -2.992646 -4.297193 4.002998 -2.980007 -4.297125 4.114246 -2.943158 -4.597079 4.220102 -2.942929 -4.297080 4.219894 -2.883500 -4.597059 4.314848 -2.883271 -4.297059 4.314640 -2.804255 -4.597064 4.393948 -2.804026 -4.297065 4.393738 -2.709167 -4.297096 4.453218 -2.709396 -4.597096 4.453428 -2.603680 -4.597151 4.490307 -2.603451 -4.297151 4.490097 -2.995797 -4.599366 0.876735 -2.995568 -4.299367 0.876526 -3.246201 -4.599477 0.443956 -3.161578 -4.599498 0.505318 -3.245972 -4.299477 0.443747 -3.161349 -4.299499 0.505108 -3.091562 -4.599498 0.582931 -3.091333 -4.299498 0.582723 -3.039214 -4.599475 0.673407 -3.038985 -4.299475 0.673197 -3.006820 -4.599430 0.772788 -3.006591 -4.299431 0.772579 -2.563827 -4.600473 -0.239696 -2.637260 -4.600485 -0.336955 -2.563599 -4.300473 -0.239904 -2.637032 -4.300485 -0.337164 -2.732043 -4.600466 -0.413562 -2.731814 -4.300466 -0.413771 -2.842542 -4.600417 -0.464962 -2.842312 -4.300417 -0.465171 -2.962193 -4.600342 -0.488104 -2.961964 -4.300342 -0.488314 -3.083890 -4.600245 -0.481613 -3.083661 -4.300245 -0.481823 -3.200400 -4.600131 -0.445873 -3.200171 -4.300131 -0.446082 -3.304805 -4.600007 -0.383008 -3.304575 -4.300008 -0.383217 -3.390898 -4.599881 -0.296753 -3.390669 -4.299882 -0.296963 -3.453568 -4.599761 -0.192232 -3.453339 -4.299761 -0.192440 -3.489090 -4.599652 -0.075653 -3.488862 -4.299653 -0.075863 -3.495354 -4.599563 0.046053 -3.495125 -4.299563 0.045845 -3.471989 -4.599498 0.165663 -3.471760 -4.299498 0.165454 -3.420381 -4.599460 0.276064 -3.420152 -4.299461 0.275856 -3.343599 -4.599453 0.370703 -3.343370 -4.299453 0.370494 -2.130581 -4.600630 0.009900 -2.234547 -4.600558 -0.000929 -2.130352 -4.300630 0.009691 -2.234318 -4.300559 -0.001138 -2.333990 -4.600505 -0.033136 -2.333760 -4.300505 -0.033345 -2.424562 -4.600472 -0.085316 -2.424333 -4.300472 -0.085526 -2.502308 -4.600461 -0.155188 -2.502079 -4.300461 -0.155396 0.658928 -0.301083 2.416082 0.659861 -0.300387 3.416080 0.659157 -0.001083 2.415874 0.660091 -0.000388 3.415871 0.359863 -0.300158 3.416361 0.360092 -0.000158 3.416153 0.358929 -0.300854 2.416363 0.359158 -0.000854 2.416153 1.759861 -0.301228 3.415054 1.459862 -0.300999 3.415333 1.760091 -0.001228 3.414844 1.460091 -0.000999 3.415125 1.458927 -0.301694 2.415335 1.459156 -0.001694 2.415127 1.758927 -0.301923 2.415054 1.759156 -0.001923 2.414846 -1.490898 -0.299311 2.603714 -1.491644 -0.299867 1.803715 -1.490669 0.000689 2.603504 -1.491415 0.000132 1.803505 -1.191645 -0.300097 1.803434 -1.191416 -0.000097 1.803226 -1.190897 -0.299540 2.603434 -1.190668 0.000460 2.603226 -1.489590 -0.298338 4.003715 -1.490337 -0.298894 3.203712 -1.489361 0.001662 4.003506 -1.490108 0.001106 3.203505 -1.190338 -0.299123 3.203434 -1.190108 0.000877 3.203224 -1.189589 -0.298567 4.003433 -1.189360 0.001433 4.003225 -1.492206 -0.300285 1.203714 -1.492766 -0.300702 0.603716 -1.491977 -0.000285 1.203506 -1.492537 -0.000702 0.603507 -1.192766 -0.300931 0.603435 -1.192537 -0.000931 0.603227 -1.192205 -0.300514 1.203434 -1.191977 -0.000514 1.203226 0.072104 -0.002226 0.130278 0.071875 -0.302225 0.130487 0.007035 -0.002166 0.145194 0.006807 -0.302166 0.145403 -0.058062 -0.002126 0.130400 -0.058291 -0.302126 0.130608 -0.110293 -0.002115 0.088827 -0.110522 -0.302115 0.089036 -0.139312 -0.002135 0.028709 -0.139541 -0.302135 0.028918 -0.139375 -0.002181 -0.038047 -0.139604 -0.302181 -0.037838 -0.110468 -0.002245 -0.098219 -0.110697 -0.302245 -0.098010 -0.058314 -0.002314 -0.139891 -0.058543 -0.302314 -0.139682 0.006755 -0.002374 -0.154805 0.006526 -0.302374 -0.154596 0.071852 -0.002414 -0.140012 0.071623 -0.302414 -0.139803 0.124082 -0.002425 -0.098439 0.123853 -0.302425 -0.098230 0.153102 -0.002405 -0.038321 0.152873 -0.302405 -0.038112 0.153165 -0.002359 0.028437 0.152936 -0.302358 0.028645 0.124257 -0.002294 0.088608 0.124028 -0.302294 0.088817 -2.992866 -0.299630 0.498241 -2.989602 -0.297202 3.990738 -2.992636 0.000370 0.498033 -2.989373 0.002798 3.990530 1.250129 -0.303308 -0.132263 1.213902 -0.303417 -0.328754 1.250358 -0.003308 -0.132472 1.214131 -0.003417 -0.328963 1.146832 -0.303497 -0.516964 1.147061 -0.003497 -0.517173 1.050631 -0.303545 -0.692082 1.050859 -0.003545 -0.692291 0.927756 -0.303561 -0.849635 0.927985 -0.003561 -0.849844 0.781348 -0.303544 -0.985599 0.781578 -0.003544 -0.985807 0.615149 -0.303494 -1.096498 0.615378 -0.003494 -1.096706 0.433402 -0.303413 -1.179500 0.433631 -0.003414 -1.179708 0.240752 -0.303303 -1.232482 0.240981 -0.003303 -1.232691 0.042122 -0.303166 -1.254093 0.042350 -0.003167 -1.254302 -0.157414 -0.303007 -1.243781 -0.157185 -0.003007 -1.243990 -0.352759 -0.302829 -1.201808 -0.352530 -0.002829 -1.202017 -0.538920 -0.302636 -1.129247 -0.538691 -0.002636 -1.129456 -0.711142 -0.302434 -1.027949 -0.710913 -0.002434 -1.028158 -0.865023 -0.302228 -0.900508 -0.864795 -0.002228 -0.900717 -0.996634 -0.302023 -0.750176 -0.996405 -0.002023 -0.750385 -1.102612 -0.301824 -0.580794 -1.102383 -0.001824 -0.581003 -1.180247 -0.301637 -0.396692 -1.180018 -0.001637 -0.396900 -1.227557 -0.301465 -0.202572 -1.227328 -0.001466 -0.202780 -1.243333 -0.301315 -0.003393 -1.243104 -0.001315 -0.003601 1.346014 -0.303209 0.114658 1.299435 -0.303227 0.038536 1.346243 -0.003209 0.114448 1.299664 -0.003227 0.038327 1.267129 -0.303260 -0.044654 1.267358 -0.003260 -0.044863 2.257926 -0.303050 1.343339 2.258155 -0.003050 1.343130 2.260861 -0.300865 4.485836 2.261090 -0.000865 4.485626 -2.489136 -0.297236 4.490271 -2.488907 0.002764 4.490063 -2.976962 -0.297134 4.101988 -2.976733 0.002866 4.101778 -2.939883 -0.297089 4.207634 -2.939654 0.002911 4.207426 -2.880226 -0.297068 4.302381 -2.879996 0.002932 4.302174 -2.800981 -0.297074 4.381477 -2.800753 0.002926 4.381269 -2.705894 0.002895 4.440750 -2.706123 -0.297105 4.440960 -2.600407 -0.297160 4.477838 -2.600178 0.002840 4.477631 -2.493332 -0.300360 -0.002226 -2.493104 -0.000360 -0.002434 1.216686 -0.003412 -0.319294 1.155113 -0.003490 -0.498864 1.067058 -0.003540 -0.667038 0.954552 -0.003561 -0.819940 0.820191 -0.003552 -0.954042 0.667072 -0.003513 -1.066251 0.498727 -0.003445 -1.153980 0.319039 -0.003351 -1.215204 0.132152 -0.003231 -1.248513 -0.057624 -0.003090 -1.253139 -0.245912 -0.002929 -1.228975 -0.428369 -0.002753 -1.176575 -0.600788 -0.002566 -1.097152 -0.759192 -0.002373 -0.992536 -0.899927 -0.002177 -0.865139 -1.019748 -0.001983 -0.717900 -1.115892 -0.001795 -0.554216 -1.186139 -0.001619 -0.377859 -1.228873 -0.001458 -0.192900 -2.604352 -0.000266 0.010206 -2.709999 -0.000160 0.047283 -2.804746 -0.000046 0.106941 -2.883843 0.000070 0.186186 -2.943323 0.000181 0.281044 -2.980204 0.000283 0.386761 -2.980433 -0.299717 0.386970 -2.943552 -0.299819 0.281254 -2.884072 -0.299930 0.186394 -2.804975 -0.300046 0.107149 -2.710228 -0.300160 0.047493 -2.604581 -0.300266 0.010414 -1.229102 -0.301457 -0.192690 -1.186368 -0.301619 -0.377650 -1.116121 -0.301795 -0.554008 -1.019977 -0.301982 -0.717691 -0.900156 -0.302176 -0.864931 -0.759421 -0.302373 -0.992327 -0.601017 -0.302566 -1.096943 -0.428598 -0.302753 -1.176367 -0.246141 -0.302929 -1.228765 -0.057853 -0.303089 -1.252931 0.131923 -0.303231 -1.248304 0.318810 -0.303351 -1.214995 0.498498 -0.303445 -1.153770 0.666843 -0.303512 -1.066042 0.819962 -0.303551 -0.953833 0.954323 -0.303561 -0.819731 1.066829 -0.303540 -0.666830 1.154884 -0.303490 -0.498655 1.216457 -0.303412 -0.319086 1.758544 -2.809530 4.057787 1.458545 -2.809301 4.058067 1.759212 -2.150658 4.233841 1.459212 -2.150429 4.234119 1.759550 -1.492031 4.056871 1.459551 -1.491802 4.057152 1.759469 -1.010129 3.574297 1.459468 -1.009899 3.574577 1.758987 -0.834075 2.915424 1.458987 -0.833846 2.915705 1.758237 -1.011045 2.256798 1.458238 -1.010816 2.257080 1.757419 -1.493618 1.774895 1.457418 -1.493389 1.775175 1.756751 -2.152490 1.598843 1.456751 -2.152261 1.599123 1.756413 -2.811117 1.775812 1.456413 -2.810888 1.776093 1.756495 -3.293020 2.258387 1.456496 -3.292791 2.258667 1.756976 -3.469073 2.917259 1.456975 -3.468844 2.917538 1.757727 -3.292104 3.575886 1.457726 -3.291875 3.576166 1.454939 -4.302387 1.418119 1.455670 -3.345073 1.417454 1.754940 -4.302616 1.417839 1.755671 -3.345303 1.417173 1.760154 -1.518678 4.725193 1.759771 -2.150242 4.832716 1.759190 -2.781954 4.726070 1.760293 -0.957846 4.415510 1.760795 -0.300532 4.415052 1.759860 -0.301228 3.415052 1.758927 -0.301923 2.415054 1.757993 -0.302619 1.415054 1.757491 -0.959932 1.415512 1.756774 -1.521194 1.106613 1.756191 -2.152907 0.999967 1.755810 -2.784471 1.107492 1.755874 -4.301921 2.417839 1.756807 -4.301225 3.417837 1.757741 -4.300530 4.417837 1.758472 -3.343217 4.417171 1.759156 -0.001923 2.414846 1.760090 -0.001228 3.414844 1.756578 -4.601225 3.418045 1.755645 -4.601920 2.418049 1.458472 -3.342987 4.417450 1.457741 -4.300301 4.418118 1.459191 -2.781725 4.726351 1.459773 -2.150012 4.832996 1.460155 -1.518449 4.725471 1.456809 -4.300996 3.418118 1.455873 -4.301691 2.418119 1.455810 -2.784241 1.107773 1.456192 -2.152677 1.000246 1.456774 -1.520965 1.106894 1.457490 -0.959703 1.415792 1.457993 -0.302389 1.415335 1.458927 -0.301694 2.415335 1.460794 -0.300303 4.415333 1.460293 -0.957617 4.415791 1.460091 -0.000999 3.415125 1.455645 -4.601691 2.418327 1.456580 -4.600996 3.418327 0.658546 -2.808690 4.058815 0.358546 -2.808461 4.059095 0.659214 -2.149818 4.234869 0.359213 -2.149588 4.235147 0.659551 -1.491191 4.057898 0.359552 -1.490962 4.058178 0.659469 -1.009288 3.575325 0.359470 -1.009059 3.575605 0.658988 -0.833235 2.916452 0.358989 -0.833006 2.916733 0.658238 -1.010204 2.257824 0.358238 -1.009975 2.258104 0.657420 -1.492778 1.775923 0.357420 -1.492548 1.776203 0.656751 -2.151650 1.599869 0.356752 -2.151421 1.600151 0.656414 -2.810277 1.776840 0.356414 -2.810048 1.777119 0.656496 -3.292180 2.259413 0.356496 -3.291950 2.259693 0.656977 -3.468233 2.918285 0.356978 -3.468004 2.918566 0.657728 -3.291264 3.576912 0.357728 -3.291034 3.577194 0.354940 -4.301546 1.419146 0.355671 -3.344233 1.418480 0.654940 -4.301776 1.418867 0.655671 -3.344462 1.418201 0.660155 -1.517837 4.726217 0.659773 -2.149401 4.833744 0.659190 -2.781114 4.727097 0.660294 -0.957006 4.416538 0.660796 -0.299692 4.416080 0.658927 -0.301083 2.416080 0.657994 -0.301778 1.416082 0.657492 -0.959092 1.416540 0.656774 -1.520354 1.107640 0.656192 -2.152066 1.000994 0.655810 -2.783630 1.108520 0.655873 -4.301080 2.418865 0.656809 -4.300385 3.418865 0.657742 -4.299689 4.418865 0.658473 -3.342376 4.418198 0.659156 -0.001083 2.415873 0.656579 -4.600385 3.419073 0.655645 -4.601080 2.419075 0.358474 -3.342147 4.418478 0.357743 -4.299461 4.419144 0.359192 -2.780885 4.727379 0.359772 -2.149172 4.834024 0.360156 -1.517608 4.726500 0.356808 -4.300156 3.419144 0.355875 -4.300851 2.419147 0.355810 -2.783401 1.108799 0.356192 -2.151837 1.001274 0.356775 -1.520124 1.107920 0.357492 -0.958863 1.416819 0.357993 -0.301549 1.416363 0.359861 -0.300158 3.416361 0.360797 -0.299463 4.416359 0.360295 -0.956777 4.416817 0.360090 -0.000158 3.416151 0.359158 -0.000854 2.416153 0.355646 -4.600851 2.419355 0.356579 -4.600156 3.419353 -1.193611 -4.599114 3.215902 -1.193382 -4.299114 3.215692 -1.492863 -4.598329 4.016180 -1.192863 -4.598558 4.015900 -1.492634 -4.298329 4.015972 -1.192634 -4.298558 4.015692 -1.490099 0.001112 3.212978 -1.489352 0.001669 4.012979 -1.190100 0.000883 3.212700 -1.189352 0.001439 4.012699 -1.490328 -0.298887 3.213188 -1.190329 -0.299116 3.212910 -1.489582 -0.298331 4.013187 -1.189581 -0.298560 4.012907 -1.491407 0.000139 1.812981 -1.490660 0.000695 2.612980 -1.191407 -0.000090 1.812700 -1.190659 0.000466 2.612699 -1.491637 -0.299861 1.813190 -1.191636 -0.300090 1.812908 -1.490889 -0.299305 2.613190 -1.190889 -0.299534 2.612907 -1.194171 -4.599531 2.615902 -1.193942 -4.299531 2.615692 -1.192196 -0.300507 1.212910 -1.492197 -0.300278 1.213190 -1.489203 -0.298050 4.418087 -1.189203 -0.298279 4.417807 -1.192255 -4.298276 4.420591 -1.492256 -4.298047 4.420872 -1.495250 -4.300276 1.215975 -1.195250 -4.300505 1.215694 -1.493900 -3.424768 1.945265 -1.489229 -3.421292 6.945261 -1.193900 -3.424998 1.944984 -1.189229 -3.421521 6.944981 -1.488957 -3.920805 7.645609 -1.491970 -3.923047 4.420610 -1.188956 -3.921034 7.645328 -1.191969 -3.923277 4.420330 -1.488873 -3.905528 7.722136 -1.488779 -3.862128 7.786987 -1.488688 -3.797213 7.830299 -1.488617 -3.720666 7.845470 -1.486670 -1.170668 7.843695 -1.488390 -2.900086 7.416138 -1.488441 -2.966843 7.416183 -1.488515 -3.027008 7.387260 -1.486626 -1.094142 7.828419 -1.486705 -0.970807 7.643555 -1.487740 -1.471293 6.943905 -1.487644 -1.823376 7.334232 -1.487694 -1.808567 7.269140 -1.487767 -1.823467 7.204065 -1.487847 -1.865125 7.151903 -1.487921 -1.925290 7.122980 -1.487971 -1.992046 7.123028 -1.488665 -2.900290 7.123659 -1.488715 -2.967046 7.123705 -1.488734 -3.027171 7.152712 -1.488717 -3.068757 7.204933 -1.488667 -3.083566 7.270027 -1.488595 -3.068666 7.335098 -1.486617 -1.029287 7.785017 -1.486644 -0.985978 7.720104 -1.489718 -0.973049 4.418556 -1.492412 -1.474769 1.943907 -1.493045 -1.827395 1.554069 -1.493126 -1.869053 1.501907 -1.492716 -0.000834 0.412982 -1.493199 -1.929219 1.472986 -1.493250 -1.995975 1.473032 -1.496227 -4.600832 0.416183 -1.493943 -2.904218 1.473663 -1.493994 -2.970975 1.473711 -1.494013 -3.031100 1.502716 -1.493996 -3.072685 1.554935 -1.493947 -3.087495 1.620029 -1.493873 -3.072595 1.685102 -1.493793 -3.030937 1.737267 -1.493721 -2.970771 1.766188 -1.493670 -2.904015 1.766140 -1.492977 -1.995772 1.765509 -1.492925 -1.929015 1.765463 -1.492907 -1.868890 1.736458 -1.492923 -1.827305 1.684235 -1.492973 -1.812495 1.619143 -1.491968 -0.000278 1.212982 -1.495479 -4.600275 1.216184 -1.493269 -2.056100 1.502037 -1.493870 -2.844053 1.502586 -1.493252 -2.097686 1.554258 -1.493790 -2.802395 1.554749 -1.493202 -2.112495 1.619350 -1.493717 -2.787495 1.619822 -1.493129 -2.097595 1.684423 -1.493667 -2.802304 1.684914 -1.493049 -2.055937 1.736588 -1.493651 -2.843890 1.737135 -1.487990 -2.052172 7.152035 -1.488591 -2.840124 7.152582 -1.487972 -2.093757 7.204254 -1.488511 -2.798466 7.204744 -1.487923 -2.108567 7.269348 -1.488438 -2.783566 7.269817 -1.487850 -2.093667 7.334419 -1.488388 -2.798376 7.334911 -1.487770 -2.052009 7.386581 -1.488372 -2.839961 7.387131 -1.487697 -1.991843 7.415506 -1.487628 -1.864962 7.386452 -1.487646 -1.925087 7.415459 -1.192411 -1.474999 1.943626 -1.187740 -1.471522 6.943623 -1.186705 -0.971036 7.643276 -1.189718 -0.973278 4.418278 -1.188617 -3.720895 7.845190 -1.186669 -1.170897 7.843414 -1.195479 -4.600505 1.215903 -1.196227 -4.601061 0.415903 -1.191967 -0.000507 1.212702 -1.193996 -3.072914 1.554657 -1.193946 -3.087724 1.619751 -1.193875 -3.072824 1.684822 -1.193793 -3.031166 1.736984 -1.193721 -2.971000 1.765907 -1.193670 -2.904244 1.765861 -1.192977 -1.996001 1.765230 -1.193049 -2.056166 1.736307 -1.193651 -2.844119 1.736855 -1.193130 -2.097824 1.684143 -1.193669 -2.802533 1.684633 -1.193202 -2.112724 1.619072 -1.193717 -2.787724 1.619541 -1.193252 -2.097915 1.553978 -1.193790 -2.802624 1.554470 -1.193268 -2.056329 1.501757 -1.193870 -2.844282 1.502306 -1.193250 -1.996204 1.472752 -1.193944 -2.904448 1.473383 -1.193994 -2.971204 1.473429 -1.194013 -3.031329 1.502436 -1.188717 -3.068986 7.204653 -1.188668 -3.083795 7.269745 -1.188595 -3.068895 7.334818 -1.188515 -3.027237 7.386982 -1.188441 -2.967072 7.415903 -1.188391 -2.900315 7.415857 -1.187697 -1.992072 7.415226 -1.187647 -1.925316 7.415178 -1.187628 -1.865191 7.386173 -1.187771 -2.052238 7.386303 -1.188372 -2.840190 7.386852 -1.187851 -2.093896 7.334139 -1.188389 -2.798605 7.334631 -1.187924 -2.108796 7.269066 -1.188439 -2.783795 7.269537 -1.187973 -2.093986 7.203976 -1.188510 -2.798695 7.204464 -1.187989 -2.052401 7.151752 -1.188591 -2.840353 7.152302 -1.187971 -1.992276 7.122745 -1.188664 -2.900519 7.123379 -1.188716 -2.967275 7.123425 -1.188734 -3.027400 7.152431 -1.187645 -1.823605 7.333952 -1.187695 -1.808796 7.268858 -1.187766 -1.823696 7.203787 -1.187847 -1.865354 7.151623 -1.187921 -1.925519 7.122700 -1.192926 -1.929245 1.765182 -1.192906 -1.869119 1.736176 -1.192924 -1.827534 1.683954 -1.192973 -1.812725 1.618862 -1.193046 -1.827625 1.553791 -1.193125 -1.869283 1.501627 -1.192715 -0.001064 0.412702 -1.193199 -1.929448 1.472704 -1.188689 -3.797442 7.830019 -1.188781 -3.862357 7.786709 -1.188873 -3.905757 7.721855 -1.186645 -0.986207 7.719824 -1.186618 -1.029516 7.784737 -1.186625 -1.094371 7.828136 -0.191714 -2.117989 3.216442 -0.591713 -2.117683 3.216816 -0.191736 -2.149876 3.218163 -0.591736 -2.149570 3.218536 -0.191762 -2.181765 3.216486 -0.591761 -2.181459 3.216860 -0.191791 -2.213295 3.211428 -0.591791 -2.212990 3.211800 -0.191822 -2.244109 3.203049 -0.591823 -2.243804 3.203421 -0.191855 -2.273858 3.191441 -0.591856 -2.273552 3.191812 -0.191892 -2.302204 3.176735 -0.591892 -2.301899 3.177109 -0.191928 -2.328827 3.159101 -0.591929 -2.328521 3.159473 -0.191967 -2.353425 3.138737 -0.591966 -2.353119 3.139111 -0.192004 -2.375718 3.115873 -0.592004 -2.375412 3.116247 -0.192043 -2.395455 3.090769 -0.592042 -2.395150 3.091145 -0.192082 -2.412412 3.063709 -0.592081 -2.412106 3.064083 -0.192119 -2.426397 3.035002 -0.592119 -2.426091 3.035377 -0.192155 -2.437251 3.004969 -0.592155 -2.436945 3.005342 -0.192190 -2.444851 2.973953 -0.592190 -2.444545 2.974327 -0.192222 -2.449111 2.942306 -0.592223 -2.448806 2.942680 -0.192253 -2.449983 2.910385 -0.592254 -2.449678 2.910759 -0.192281 -2.447458 2.878551 -0.592280 -2.447152 2.878927 -0.192306 -2.441563 2.847168 -0.592306 -2.441257 2.847540 -0.192327 -2.432365 2.816587 -0.592327 -2.432059 2.816961 -0.192345 -2.419969 2.787159 -0.592346 -2.419664 2.787533 -0.192359 -2.404515 2.759214 -0.592359 -2.404210 2.759588 -0.192370 -2.386179 2.733070 -0.592369 -2.385873 2.733444 -0.192377 -2.365167 2.709022 -0.592376 -2.364861 2.709396 -0.192378 -2.341718 2.687347 -0.592379 -2.341413 2.687719 -0.192377 -2.316098 2.668283 -0.592377 -2.315793 2.668657 -0.192371 -2.288597 2.652054 -0.592372 -2.288292 2.652426 -0.192362 -2.259527 2.638838 -0.592361 -2.259221 2.639212 -0.192348 -2.229216 2.628788 -0.592347 -2.228911 2.629160 -0.192330 -2.198009 2.622015 -0.592329 -2.197704 2.622389 -0.192309 -2.166259 2.618599 -0.592308 -2.165954 2.618973 -0.192285 -2.134326 2.618576 -0.592284 -2.134021 2.618952 -0.192257 -2.102571 2.621948 -0.592256 -2.102266 2.622322 -0.192228 -2.071355 2.628677 -0.592226 -2.071049 2.629051 -0.192194 -2.041030 2.638685 -0.592195 -2.040725 2.639059 -0.192159 -2.011942 2.651861 -0.592161 -2.011636 2.652233 -0.192124 -1.984418 2.668053 -0.592124 -1.984113 2.668426 -0.192086 -1.958772 2.687080 -0.592086 -1.958466 2.687452 -0.192049 -1.935293 2.708723 -0.592048 -1.934987 2.709097 -0.192010 -1.914248 2.732742 -0.592008 -1.913942 2.733114 -0.191971 -1.895875 2.758860 -0.591971 -1.895569 2.759233 -0.191934 -1.880382 2.786783 -0.591934 -1.880076 2.787157 -0.191896 -1.867945 2.816195 -0.591896 -1.867640 2.816568 -0.191861 -1.858705 2.846762 -0.591862 -1.858399 2.847136 -0.191827 -1.852766 2.878138 -0.591826 -1.852461 2.878511 -0.191795 -1.850196 2.909967 -0.591796 -1.849891 2.910341 -0.191766 -1.851024 2.941891 -0.591766 -1.850719 2.942265 -0.191740 -1.855241 2.973543 -0.591739 -1.854935 2.973917 -0.191717 -1.862798 3.004570 -0.591717 -1.862492 3.004944 -0.191697 -1.873610 3.034616 -0.591697 -1.873304 3.034992 -0.191681 -1.887555 3.063345 -0.591681 -1.887249 3.063719 -0.191668 -1.904474 3.090427 -0.591667 -1.904168 3.090801 -0.191660 -1.924176 3.115559 -0.591659 -1.923870 3.115932 -0.191656 -1.946438 3.138454 -0.591655 -1.946132 3.138828 -0.191655 -1.971007 3.158852 -0.591656 -1.970701 3.159225 -0.191660 -1.997605 3.176523 -0.591659 -1.997299 3.176895 -0.191666 -2.025931 3.191267 -0.591667 -2.025625 3.191639 -0.191678 -2.055663 3.202917 -0.591679 -2.055358 3.203289 -0.191695 -2.086466 3.211338 -0.591695 -2.086160 3.211712 -0.591063 -2.091342 3.891783 -0.591106 -2.149101 3.893536 -0.591151 -2.206862 3.891863 -0.590989 -1.976644 3.878040 -0.591024 -2.033789 3.886612 -0.590957 -1.920106 3.866098 -0.590928 -1.864375 3.850826 -0.590903 -1.809647 3.832283 -0.590883 -1.756113 3.810530 -0.590866 -1.703962 3.785641 -0.590854 -1.653377 3.757708 -0.590845 -1.604536 3.726826 -0.590841 -1.557610 3.693108 -0.590841 -1.512764 3.656666 -0.590845 -1.470155 3.617634 -0.590852 -1.429934 3.576143 -0.590865 -1.392241 3.532345 -0.590881 -1.357209 3.486389 -0.590902 -1.324961 3.438438 -0.590925 -1.295611 3.388664 -0.590952 -1.269260 3.337236 -0.590985 -1.246003 3.284340 -0.591020 -1.225919 3.230156 -0.591058 -1.209081 3.174879 -0.591101 -1.195547 3.118702 -0.591147 -1.185365 3.061819 -0.591194 -1.178571 3.004436 -0.591246 -1.175188 2.946751 -0.591299 -1.175228 2.888966 -0.591356 -1.178691 2.831285 -0.591415 -1.185566 2.773910 -0.591475 -1.195827 2.717043 -0.591539 -1.209439 2.660885 -0.591603 -1.226354 2.605629 -0.593013 -3.073639 2.606914 -0.592975 -3.090477 2.662193 -0.592932 -3.104011 2.718372 -0.592888 -3.114192 2.775251 -0.592839 -3.120987 2.832638 -0.592787 -3.124370 2.890322 -0.592733 -3.124330 2.948109 -0.592676 -3.120867 3.005789 -0.592619 -3.113992 3.063162 -0.592557 -3.103731 3.120029 -0.592493 -3.090119 3.176189 -0.592430 -3.073204 3.231443 -0.592364 -3.053046 3.285597 -0.592296 -3.029715 3.338463 -0.592228 -3.003293 3.389853 -0.592160 -2.973873 3.439587 -0.592090 -2.941558 3.487492 -0.592021 -2.906462 3.533398 -0.591950 -2.868708 3.577145 -0.591882 -2.828429 3.618578 -0.591812 -2.785767 3.657551 -0.591744 -2.740870 3.693930 -0.591677 -2.693897 3.727585 -0.591611 -2.645013 3.758400 -0.591546 -2.594389 3.786261 -0.591483 -2.542204 3.811077 -0.591421 -2.488640 3.832756 -0.591363 -2.433886 3.851223 -0.591307 -2.378134 3.866417 -0.591252 -2.321579 3.878281 -0.591200 -2.264422 3.886772 -0.591670 -1.246512 2.551476 -0.593049 -3.053555 2.552732 -0.591737 -1.269843 2.498610 -0.593080 -3.030298 2.499836 -0.591805 -1.296265 2.447220 -0.593109 -3.003947 2.448408 -0.591874 -1.325685 2.397484 -0.593132 -2.974596 2.398632 -0.591943 -1.358000 2.349581 -0.593152 -2.942348 2.350683 -0.592012 -1.393096 2.303673 -0.593168 -2.907316 2.304728 -0.592082 -1.430849 2.259926 -0.593181 -2.869623 2.260929 -0.592152 -1.471128 2.218494 -0.593189 -2.829402 2.219440 -0.592221 -1.513791 2.179520 -0.593193 -2.786794 2.180407 -0.592289 -1.558688 2.143141 -0.593192 -2.741947 2.143965 -0.592357 -1.605661 2.109488 -0.593188 -2.695021 2.110245 -0.592422 -1.654545 2.078674 -0.593179 -2.646180 2.079365 -0.592488 -1.705169 2.050812 -0.593168 -2.595595 2.051432 -0.592551 -1.757354 2.025995 -0.593151 -2.543444 2.026543 -0.592612 -1.810918 2.004316 -0.593130 -2.489911 2.004789 -0.592671 -1.865672 1.985847 -0.593106 -2.435182 1.986244 -0.592728 -1.921424 1.970654 -0.593078 -2.379451 1.970974 -0.592782 -1.977978 1.958792 -0.593046 -2.322914 1.959032 -0.592833 -2.035136 1.950300 -0.593009 -2.265768 1.950460 -0.592882 -2.092696 1.945209 -0.592970 -2.208215 1.945290 -0.592927 -2.150457 1.943537 -0.742353 -3.049403 3.294302 -0.742286 -3.025774 3.346527 -0.739564 -3.047327 6.280094 -0.742218 -2.999117 3.397274 -0.742150 -2.969523 3.446367 -0.742081 -2.937096 3.493633 -0.742012 -2.901947 3.538914 -0.741943 -2.864197 3.582050 -0.741874 -2.823978 3.622896 -0.741806 -2.781429 3.661306 -0.741738 -2.736695 3.697149 -0.741671 -2.689933 3.730301 -0.741606 -2.641303 3.760649 -0.741541 -2.590973 3.788086 -0.741479 -2.539119 3.812517 -0.741419 -2.485918 3.833858 -0.741360 -2.431555 3.852037 -0.741305 -2.376217 3.866989 -0.741250 -2.320097 3.878662 -0.741199 -2.263387 3.887020 -0.741151 -2.206285 3.892031 -0.741105 -2.148986 3.893677 -0.741063 -2.091690 3.891951 -0.741025 -2.034595 3.886862 -0.740990 -1.977897 3.878426 -0.740958 -1.921792 3.866672 -0.740929 -1.866476 3.851643 -0.740905 -1.812138 3.833389 -0.740883 -1.758967 3.811974 -0.740866 -1.707146 3.787470 -0.740855 -1.656855 3.759964 -0.740846 -1.608268 3.729549 -0.740841 -1.561551 3.696331 -0.740840 -1.516868 3.660427 -0.740844 -1.474371 3.621956 -0.740851 -1.434209 3.581055 -0.740863 -1.396520 3.537868 -0.740878 -1.361434 3.492537 -0.740897 -1.329072 3.445225 -0.739259 -2.647327 6.279816 -0.740921 -1.299548 3.396090 -0.740948 -1.272961 3.345308 -0.738495 -1.647328 6.279119 -0.740980 -1.249404 3.293049 -0.738190 -1.247328 6.278843 -0.739217 -2.645591 6.321106 -0.738457 -1.649007 6.320412 -0.738443 -2.188271 6.777790 -0.738409 -2.146980 6.779469 -0.738380 -2.105691 6.777733 -0.738354 -2.064687 6.772593 -0.738330 -2.024248 6.764084 -0.738311 -1.984649 6.752264 -0.738295 -1.946161 6.737215 -0.738283 -1.909048 6.719040 -0.738277 -1.873562 6.697863 -0.738273 -1.839947 6.673824 -0.738274 -1.808431 6.647095 -0.738279 -1.779230 6.617855 -0.738289 -1.752544 6.586300 -0.738301 -1.728554 6.552652 -0.738318 -1.707425 6.517136 -0.738338 -1.689301 6.480000 -0.738364 -1.674306 6.441490 -0.738391 -1.662542 6.401875 -0.738423 -1.654090 6.361423 -0.738479 -2.229282 6.772705 -0.738518 -2.269733 6.764254 -0.738559 -2.309348 6.752491 -0.738602 -2.347857 6.737493 -0.738647 -2.384995 6.719372 -0.738694 -2.420510 6.698242 -0.738743 -2.454159 6.674253 -0.738791 -2.485712 6.647568 -0.738840 -2.514954 6.618366 -0.738891 -2.541684 6.586849 -0.738940 -2.565720 6.553234 -0.738989 -2.586899 6.517750 -0.739037 -2.605074 6.480637 -0.739086 -2.620123 6.442146 -0.739131 -2.631942 6.402550 -0.739176 -2.640450 6.362108 -0.888495 -1.647213 6.279261 -0.888457 -1.648892 6.320553 -0.888424 -1.653975 6.361563 -0.888391 -1.662428 6.402016 -0.888364 -1.674192 6.441629 -0.888338 -1.689187 6.480139 -0.888318 -1.707311 6.517277 -0.888301 -1.728440 6.552792 -0.888289 -1.752429 6.586441 -0.888279 -1.779116 6.617994 -0.888275 -1.808316 6.647236 -0.888274 -1.839832 6.673965 -0.888276 -1.873448 6.698002 -0.888284 -1.908933 6.719179 -0.888296 -1.946047 6.737354 -0.888310 -1.984534 6.752405 -0.888329 -2.024133 6.764223 -0.888353 -2.064573 6.772732 -0.888380 -2.105577 6.777872 -0.888408 -2.146865 6.779610 -0.888443 -2.188156 6.777929 -0.888479 -2.229167 6.772846 -0.888517 -2.269618 6.764393 -0.888558 -2.309234 6.752630 -0.888602 -2.347742 6.737635 -0.888647 -2.384881 6.719511 -0.888693 -2.420396 6.698383 -0.888742 -2.454045 6.674393 -0.888791 -2.485598 6.647707 -0.888841 -2.514839 6.618507 -0.888891 -2.541569 6.586988 -0.888940 -2.565606 6.553375 -0.888989 -2.586784 6.517889 -0.889037 -2.604960 6.480776 -0.889086 -2.620008 6.442287 -0.889131 -2.631827 6.402689 -0.889176 -2.640336 6.362249 -0.889218 -2.645476 6.321245 -0.889258 -2.647212 6.279957 -0.888190 -1.247214 6.278982 -0.890980 -1.249290 3.293190 -0.891012 -1.229618 3.241848 -0.891048 -1.212872 3.189478 -0.891088 -1.199104 3.136250 -0.891129 -1.188359 3.082329 -0.891173 -1.180670 3.027885 -0.891221 -1.176063 2.973099 -0.891272 -1.174551 2.918138 -0.891327 -1.176239 2.861446 -0.891383 -1.181222 2.804953 -0.891442 -1.189481 2.748840 -0.891502 -1.200988 2.693306 -0.891565 -1.215705 2.638533 -0.891628 -1.233582 2.584709 -0.891694 -1.254558 2.532015 -0.891761 -1.278563 2.480631 -0.891827 -1.305514 2.430729 -0.891895 -1.335322 2.382479 -0.891963 -1.367885 2.336042 -0.892032 -1.403092 2.291580 -0.892100 -1.440826 2.249237 -0.892168 -1.480957 2.209162 -0.892236 -1.523351 2.171488 -0.892302 -1.567864 2.136341 -0.892368 -1.614345 2.103844 -0.892434 -1.662637 2.074102 -0.892496 -1.712576 2.047220 -0.892558 -1.763995 2.023289 -0.892618 -1.816717 2.002384 -0.892676 -1.870566 1.984583 -0.892731 -1.925359 1.969940 -0.892784 -1.980910 1.958511 -0.892835 -2.037032 1.950331 -0.892883 -2.093535 1.945427 -0.892928 -2.150228 1.943817 -0.892969 -2.206918 1.945505 -0.893008 -2.263413 1.950489 -0.893043 -2.319524 1.958748 -0.893074 -2.375060 1.970255 -0.893103 -2.429832 1.984972 -0.893127 -2.483656 2.002850 -0.893147 -2.536350 2.023825 -0.893164 -2.587734 2.047829 -0.893177 -2.637636 2.074781 -0.893186 -2.685887 2.104589 -0.893191 -2.732323 2.137152 -0.893193 -2.776787 2.172359 -0.893189 -2.819128 2.210093 -0.893183 -2.859204 2.250223 -0.893173 -2.896878 2.292618 -0.893157 -2.932024 2.337131 -0.893138 -2.964522 2.383612 -0.893116 -2.994263 2.431904 -0.893091 -3.021145 2.481844 -0.893061 -3.045078 2.533260 -0.893027 -3.065981 2.585983 -0.892991 -3.083783 2.639833 -0.892950 -3.098424 2.694626 -0.892908 -3.109854 2.750177 -0.892862 -3.118035 2.806301 -0.892813 -3.122939 2.862801 -0.892761 -3.124549 2.919495 -0.892708 -3.122961 2.974453 -0.892652 -3.118277 3.029236 -0.892596 -3.110512 3.083666 -0.892539 -3.099692 3.137571 -0.892478 -3.085850 3.190783 -0.892417 -3.069031 3.243128 -0.892354 -3.049288 3.294441 -0.889564 -3.047212 6.280235 -0.887511 -1.171752 6.943134 -0.888999 -3.121751 6.944492 -0.892184 -1.175228 1.943138 -0.893672 -3.125227 1.944496 -1.493671 -3.124769 1.945055 -1.492183 -1.174770 1.943699 -1.487512 -1.171293 6.943695 -1.489000 -3.121292 6.945053 -1.492693 -1.688463 1.817345 -1.492672 -1.662356 1.819038 -1.492654 -1.636252 1.817308 -1.494279 -3.125221 1.295057 -1.493755 -2.837495 1.619856 -1.493730 -2.835766 1.645960 -1.493702 -2.830644 1.671616 -1.492790 -1.175222 1.293699 -1.493768 -2.611528 1.421410 -1.493790 -2.637634 1.419718 -1.493808 -2.663738 1.421446 -1.492706 -1.462496 1.618898 -1.492732 -1.464225 1.592796 -1.492760 -1.469346 1.567141 -1.493438 -2.663462 1.818024 -1.493416 -2.637356 1.819717 -1.493398 -2.611252 1.817987 -1.492717 -1.714125 1.812260 -1.493382 -2.585597 1.812866 -1.492744 -1.738903 1.803867 -1.493371 -2.560830 1.804440 -1.492773 -1.762375 1.792313 -1.493365 -2.537374 1.792852 -1.492803 -1.784137 1.777794 -1.493361 -2.515632 1.778303 -1.492834 -1.803818 1.760557 -1.493362 -2.495975 1.761040 -1.492866 -1.821081 1.740902 -1.493368 -2.478740 1.741360 -1.492897 -1.835631 1.719158 -1.493377 -2.464220 1.719597 -1.492928 -1.847218 1.695703 -1.493391 -2.452666 1.696125 -1.492958 -1.855644 1.670937 -1.493407 -2.444274 1.671347 -1.492986 -1.860766 1.645281 -1.493427 -2.439188 1.645683 -1.493011 -1.862495 1.619177 -1.493450 -2.437495 1.619577 -1.493034 -1.860802 1.593071 -1.493476 -2.439224 1.593473 -1.493054 -1.855716 1.567409 -1.493504 -2.444346 1.567818 -1.493071 -1.847324 1.542629 -1.493534 -2.452772 1.543053 -1.493084 -1.835770 1.519157 -1.493565 -2.464359 1.519596 -1.493093 -1.821251 1.497396 -1.493595 -2.478909 1.497854 -1.493098 -1.804015 1.477715 -1.493626 -2.496172 1.478197 -1.493099 -1.784358 1.460451 -1.493658 -2.515853 1.460960 -1.493097 -1.762616 1.445904 -1.493689 -2.537615 1.446442 -1.493089 -1.739161 1.434317 -1.493716 -2.561087 1.434889 -1.493078 -1.714393 1.425888 -1.493743 -2.585865 1.426496 -1.493063 -1.688739 1.420767 -1.493823 -2.689393 1.426567 -1.493834 -2.714160 1.434994 -1.493841 -2.737615 1.446581 -1.493844 -2.759357 1.461130 -1.493842 -2.779015 1.478394 -1.493837 -2.796250 1.498075 -1.493829 -2.810770 1.519836 -1.493815 -2.822324 1.543308 -1.493799 -2.830716 1.568089 -1.493778 -2.835802 1.593750 -1.493672 -2.822217 1.696382 -1.493641 -2.810630 1.719837 -1.493611 -2.796081 1.741581 -1.493578 -2.778818 1.761236 -1.493547 -2.759137 1.778473 -1.493517 -2.737375 1.792992 -1.493488 -2.713903 1.804546 -1.493462 -2.689124 1.812939 -1.492638 -1.610597 1.812187 -1.492627 -1.585830 1.803761 -1.492620 -1.562375 1.792173 -1.492617 -1.540633 1.777624 -1.492619 -1.520976 1.760361 -1.492624 -1.503740 1.740681 -1.492633 -1.489221 1.718918 -1.492646 -1.477666 1.695446 -1.492663 -1.469274 1.670668 -1.492683 -1.464188 1.645006 -1.492789 -1.477773 1.542374 -1.492820 -1.489360 1.518917 -1.492851 -1.503909 1.497175 -1.492882 -1.521172 1.477518 -1.492913 -1.540853 1.460281 -1.492944 -1.562616 1.445763 -1.492972 -1.586087 1.434210 -1.492999 -1.610866 1.425817 -1.493023 -1.636528 1.420731 -1.493045 -1.662634 1.419039 -1.488490 -2.607599 7.071405 -1.488510 -2.633705 7.069714 -1.488530 -2.659809 7.071442 -1.486904 -1.170841 7.593695 -1.487427 -1.458567 7.268896 -1.487452 -1.460296 7.242792 -1.487480 -1.465418 7.217136 -1.488393 -3.120840 7.595051 -1.487414 -1.684534 7.467342 -1.487392 -1.658428 7.469034 -1.487374 -1.632324 7.467304 -1.488476 -2.833566 7.269854 -1.488450 -2.831837 7.295958 -1.488422 -2.826715 7.321611 -1.487359 -1.606669 7.462183 -1.487349 -1.581902 7.453756 -1.487341 -1.558446 7.442171 -1.487338 -1.536704 7.427620 -1.487339 -1.517047 7.410356 -1.487345 -1.499812 7.390676 -1.487354 -1.485292 7.368914 -1.487367 -1.473738 7.345442 -1.487383 -1.465346 7.320663 -1.487403 -1.460260 7.295002 -1.487511 -1.473844 7.192369 -1.487541 -1.485431 7.168915 -1.487572 -1.499981 7.147171 -1.487604 -1.517244 7.127514 -1.487635 -1.536925 7.110279 -1.487664 -1.558687 7.095760 -1.487694 -1.582159 7.084206 -1.487720 -1.606937 7.075813 -1.487745 -1.632599 7.070726 -1.487766 -1.658706 7.069035 -1.487785 -1.684810 7.070763 -1.488463 -2.581937 7.076492 -1.487799 -1.710465 7.075886 -1.488438 -2.557158 7.084885 -1.487810 -1.735232 7.084312 -1.488409 -2.533687 7.096439 -1.487818 -1.758687 7.095900 -1.488379 -2.511924 7.110958 -1.487821 -1.780429 7.110449 -1.488349 -2.492243 7.128193 -1.487821 -1.800086 7.127710 -1.488317 -2.474980 7.147850 -1.487814 -1.817322 7.147392 -1.488286 -2.460431 7.169592 -1.487805 -1.831841 7.169155 -1.488255 -2.448844 7.193047 -1.487793 -1.843396 7.192627 -1.488224 -2.440417 7.217815 -1.487775 -1.851788 7.217405 -1.488196 -2.435296 7.243471 -1.487755 -1.856874 7.243069 -1.488171 -2.433567 7.269575 -1.487732 -1.858567 7.269175 -1.488148 -2.435259 7.295681 -1.487706 -1.856837 7.295279 -1.488127 -2.440345 7.321342 -1.487679 -1.851716 7.320934 -1.488111 -2.448737 7.346121 -1.487650 -1.843289 7.345699 -1.488098 -2.460292 7.369591 -1.487618 -1.831702 7.369156 -1.488089 -2.474811 7.391354 -1.487587 -1.817153 7.390896 -1.488084 -2.492047 7.411036 -1.487555 -1.799890 7.410553 -1.488083 -2.511704 7.428299 -1.487524 -1.780209 7.427790 -1.488085 -2.533446 7.442848 -1.487493 -1.758446 7.442310 -1.488093 -2.556901 7.454435 -1.487465 -1.734975 7.453863 -1.488104 -2.581668 7.462864 -1.487439 -1.710196 7.462257 -1.488119 -2.607323 7.467983 -1.488158 -2.659534 7.468019 -1.488137 -2.633427 7.469713 -1.488543 -2.685465 7.076565 -1.488555 -2.710231 7.084991 -1.488562 -2.733687 7.096579 -1.488565 -2.755429 7.111128 -1.488564 -2.775086 7.128389 -1.488559 -2.792321 7.148071 -1.488550 -2.806841 7.169834 -1.488537 -2.818395 7.193304 -1.488520 -2.826787 7.218084 -1.488500 -2.831873 7.243748 -1.488394 -2.818289 7.346378 -1.488363 -2.806702 7.369833 -1.488331 -2.792152 7.391575 -1.488300 -2.774889 7.411232 -1.488269 -2.755208 7.428469 -1.488237 -2.733446 7.442989 -1.488210 -2.709974 7.454542 -1.488183 -2.685196 7.462934 -1.738999 -3.121101 6.945286 -1.737784 -1.684619 7.070995 -1.737511 -1.171102 6.943928 -1.737766 -1.658515 7.069267 -1.737744 -1.632408 7.070961 -1.738392 -3.120649 7.595287 -1.738477 -2.833375 7.270084 -1.738500 -2.831682 7.243978 -1.738520 -2.826596 7.218315 -1.736904 -1.170650 7.593929 -1.738118 -2.607132 7.468218 -1.738136 -2.633236 7.469948 -1.738158 -2.659343 7.468254 -1.737427 -1.458376 7.269129 -1.737404 -1.460069 7.295235 -1.737384 -1.465155 7.320896 -1.738181 -2.685005 7.463169 -1.738210 -2.709783 7.454777 -1.738238 -2.733255 7.443222 -1.738268 -2.755017 7.428703 -1.738300 -2.774698 7.411465 -1.738330 -2.791961 7.391808 -1.738362 -2.806511 7.370068 -1.738393 -2.818098 7.346611 -1.738423 -2.826524 7.321844 -1.738450 -2.831646 7.296190 -1.738535 -2.818204 7.193539 -1.738549 -2.806650 7.170067 -1.738559 -2.792130 7.148306 -1.738564 -2.774895 7.128624 -1.738564 -2.755238 7.111361 -1.738562 -2.733496 7.096809 -1.738554 -2.710040 7.085224 -1.738544 -2.685273 7.076797 -1.738528 -2.659618 7.071674 -1.738511 -2.633514 7.069946 -1.738489 -2.607408 7.071640 -1.737801 -1.710274 7.076118 -1.738465 -2.581746 7.076725 -1.737810 -1.735041 7.084545 -1.738438 -2.556967 7.085117 -1.737818 -1.758496 7.096132 -1.738410 -2.533496 7.096672 -1.737821 -1.780238 7.110682 -1.738379 -2.511733 7.111191 -1.737821 -1.799895 7.127945 -1.738348 -2.492052 7.128426 -1.737814 -1.817131 7.147627 -1.738317 -2.474789 7.148085 -1.737804 -1.831650 7.169388 -1.738285 -2.460240 7.169826 -1.737791 -1.843205 7.192860 -1.738254 -2.448653 7.193281 -1.737776 -1.851597 7.217638 -1.738225 -2.440226 7.218048 -1.737756 -1.856683 7.243301 -1.738196 -2.435105 7.243702 -1.737732 -1.858376 7.269405 -1.738172 -2.433376 7.269806 -1.737706 -1.856647 7.295511 -1.738148 -2.435068 7.295914 -1.737679 -1.851525 7.321165 -1.738129 -2.440154 7.321575 -1.737649 -1.843098 7.345932 -1.738111 -2.448546 7.346355 -1.737618 -1.831511 7.369389 -1.738098 -2.460101 7.369827 -1.737586 -1.816962 7.391130 -1.738089 -2.474620 7.391588 -1.737556 -1.799699 7.410786 -1.738085 -2.491856 7.411268 -1.737524 -1.780018 7.428024 -1.738082 -2.511513 7.428532 -1.737494 -1.758255 7.442543 -1.738086 -2.533255 7.443081 -1.737466 -1.734784 7.454098 -1.738092 -2.556710 7.454670 -1.737437 -1.710005 7.462490 -1.738103 -2.581477 7.463097 -1.737414 -1.684343 7.467575 -1.737374 -1.632133 7.467541 -1.737392 -1.658237 7.469269 -1.737720 -1.606746 7.076046 -1.737694 -1.581968 7.084438 -1.737665 -1.558496 7.095993 -1.737635 -1.536734 7.110512 -1.737604 -1.517053 7.127747 -1.737572 -1.499790 7.147406 -1.737540 -1.485240 7.169147 -1.737510 -1.473653 7.192604 -1.737480 -1.465227 7.217369 -1.737452 -1.460105 7.243025 -1.737367 -1.473547 7.345676 -1.737354 -1.485101 7.369148 -1.737345 -1.499621 7.390909 -1.737340 -1.516856 7.410589 -1.737338 -1.536513 7.427853 -1.737342 -1.558255 7.442402 -1.737349 -1.581711 7.453991 -1.737358 -1.606478 7.462418 -1.742182 -1.174579 1.943932 -1.743397 -2.611061 1.818222 -1.743671 -3.124578 1.945290 -1.743415 -2.637165 1.819950 -1.743437 -2.663271 1.818256 -1.742790 -1.175031 1.293932 -1.742706 -1.462305 1.619133 -1.742682 -1.463997 1.645239 -1.742662 -1.469083 1.670900 -1.744278 -3.125030 1.295290 -1.743064 -1.688548 1.421001 -1.743046 -1.662443 1.419271 -1.743024 -1.636337 1.420963 -1.743755 -2.837304 1.620090 -1.743778 -2.835611 1.593983 -1.743799 -2.830525 1.568321 -1.742652 -1.636061 1.817543 -1.742671 -1.662165 1.819271 -1.742692 -1.688272 1.817579 -1.743382 -2.585406 1.813099 -1.742717 -1.713934 1.812492 -1.743371 -2.560639 1.804674 -1.742743 -1.738713 1.804100 -1.743364 -2.537183 1.793087 -1.742773 -1.762184 1.792545 -1.743362 -2.515441 1.778536 -1.742804 -1.783946 1.778027 -1.743362 -2.495784 1.761272 -1.742834 -1.803627 1.760792 -1.743367 -2.478549 1.741592 -1.742865 -1.820890 1.741135 -1.743376 -2.464029 1.719830 -1.742897 -1.835440 1.719391 -1.743390 -2.452475 1.696358 -1.742928 -1.847027 1.695938 -1.743407 -2.444083 1.671579 -1.742958 -1.855453 1.671169 -1.743427 -2.438997 1.645918 -1.742986 -1.860575 1.645515 -1.743450 -2.437304 1.619812 -1.743011 -1.862304 1.619411 -1.743475 -2.439033 1.593708 -1.743034 -1.860611 1.593304 -1.743504 -2.444155 1.568050 -1.743054 -1.855525 1.567642 -1.743533 -2.452581 1.543285 -1.743071 -1.847133 1.542864 -1.743564 -2.464169 1.519829 -1.743084 -1.835579 1.519392 -1.743596 -2.478718 1.498087 -1.743093 -1.821060 1.497629 -1.743627 -2.495981 1.478430 -1.743099 -1.803824 1.477949 -1.743658 -2.515662 1.461195 -1.743099 -1.784167 1.460686 -1.743688 -2.537424 1.446676 -1.743097 -1.762425 1.446136 -1.743717 -2.560896 1.435120 -1.743090 -1.738970 1.434547 -1.743744 -2.585674 1.426729 -1.743079 -1.714202 1.426123 -1.743769 -2.611337 1.421642 -1.743000 -1.610675 1.426050 -1.742973 -1.585896 1.434442 -1.742944 -1.562425 1.445997 -1.742913 -1.540662 1.460516 -1.742883 -1.520982 1.477753 -1.742852 -1.503718 1.497410 -1.742820 -1.489169 1.519152 -1.742789 -1.477582 1.542606 -1.742759 -1.469155 1.567373 -1.742732 -1.464034 1.593029 -1.742646 -1.477475 1.695681 -1.742632 -1.489030 1.719151 -1.742623 -1.503549 1.740913 -1.742618 -1.520785 1.760593 -1.742618 -1.540442 1.777857 -1.742619 -1.562184 1.792406 -1.742627 -1.585639 1.803995 -1.742638 -1.610406 1.812420 -1.743462 -2.688933 1.813171 -1.743488 -2.713712 1.804779 -1.743517 -2.737183 1.793224 -1.743548 -2.758946 1.778706 -1.743578 -2.778627 1.761471 -1.743609 -2.795890 1.741814 -1.743641 -2.810439 1.720070 -1.743672 -2.822026 1.696615 -1.743702 -2.830453 1.671848 -1.743730 -2.835575 1.646194 -1.743815 -2.822133 1.543541 -1.743829 -2.810579 1.520071 -1.743838 -2.796059 1.498308 -1.743843 -2.778824 1.478626 -1.743844 -2.759166 1.461365 -1.743841 -2.737424 1.446815 -1.743834 -2.713969 1.435226 -1.743823 -2.689202 1.426802 -1.743808 -2.663547 1.421679 -1.743790 -2.637443 1.419950 -4.443669 -3.122515 1.947811 -4.442181 -1.172516 1.946453 -4.438998 -3.119038 6.947807 -4.437510 -1.169040 6.946449 -0.192046 -2.279885 2.993341 -0.192125 -2.428441 3.030046 -0.192107 -2.422427 3.043961 -0.192090 -2.415682 3.057627 -0.192072 -2.408262 3.070936 -0.192053 -2.400221 3.083788 -0.192058 -2.284880 2.983934 -0.192071 -2.289262 2.974104 -0.192083 -2.292902 2.963976 -0.192095 -2.295807 2.953728 -0.192193 -2.445264 2.971724 -0.192176 -2.442174 2.986567 -0.192159 -2.438319 3.001308 -0.192142 -2.433730 3.015839 -0.192106 -2.297951 2.943295 -0.192118 -2.299362 2.932625 -0.192129 -2.300025 2.921883 -0.192138 -2.299924 2.911232 -0.192252 -2.450004 2.911207 -0.192238 -2.449965 2.926367 -0.192223 -2.449157 2.941586 -0.192207 -2.447587 2.956743 -0.192303 -2.442464 2.850975 -0.192292 -2.445478 2.865833 -0.192279 -2.447749 2.880901 -0.192266 -2.449263 2.896065 -0.192146 -2.299042 2.900618 -0.192155 -2.297389 2.889984 -0.192163 -2.294999 2.879490 -0.192170 -2.291902 2.869299 -0.192342 -2.422955 2.793497 -0.192333 -2.428898 2.807442 -0.192324 -2.434156 2.821745 -0.192314 -2.438691 2.836292 -0.192177 -2.288065 2.859362 -0.192183 -2.283485 2.849623 -0.192188 -2.278235 2.840229 -0.192192 -2.272391 2.831322 -0.192368 -2.392274 2.741119 -0.192363 -2.400902 2.753584 -0.192356 -2.408932 2.766537 -0.192349 -2.416302 2.779875 -0.192379 -2.351678 2.695991 -0.192376 -2.362639 2.706463 -0.192375 -2.373111 2.717533 -0.192372 -2.383016 2.729115 -0.192194 -2.265909 2.822870 -0.192196 -2.258770 2.814815 -0.192198 -2.251087 2.807281 -0.192198 -2.242971 2.800384 -0.192375 -2.302828 2.659958 -0.192377 -2.315673 2.668009 -0.192379 -2.328159 2.676746 -0.192378 -2.340192 2.686098 -0.192197 -2.234370 2.794098 -0.192194 -2.225252 2.788383 -0.192193 -2.215757 2.783318 -0.192189 -2.206026 2.778986 -0.192356 -2.247725 2.634497 -0.192363 -2.261928 2.639799 -0.192367 -2.275917 2.645843 -0.192372 -2.289586 2.652578 -0.192185 -2.196003 2.775379 -0.192180 -2.185644 2.772463 -0.192174 -2.175106 2.770279 -0.192167 -2.164549 2.768864 -0.192324 -2.188625 2.620649 -0.192334 -2.203604 2.622982 -0.192342 -2.218524 2.626087 -0.192350 -2.233269 2.629932 -0.192280 -2.127947 2.618980 -0.192292 -2.143089 2.618252 -0.192303 -2.158328 2.618290 -0.192313 -2.173546 2.619089 -0.192160 -2.153916 2.768225 -0.192151 -2.143155 2.768347 -0.192142 -2.132429 2.769218 -0.192133 -2.121900 2.770834 -0.192223 -2.068176 2.629560 -0.192239 -2.082861 2.625797 -0.192253 -2.097795 2.622766 -0.192268 -2.112863 2.620487 -0.192123 -2.111518 2.773218 -0.192111 -2.101227 2.776367 -0.192100 -2.091181 2.780226 -0.192089 -2.081535 2.784744 -0.192160 -2.011757 2.651957 -0.192176 -2.025384 2.645315 -0.192192 -2.039402 2.639339 -0.192209 -2.053703 2.634073 -0.192090 -1.961002 2.685251 -0.192107 -1.973013 2.676002 -0.192125 -1.985542 2.667328 -0.192142 -1.998489 2.659290 -0.192076 -2.072245 2.789957 -0.192066 -2.063258 2.795876 -0.192051 -2.054706 2.802408 -0.192039 -2.046723 2.809460 -0.192016 -1.917988 2.728081 -0.192035 -1.927891 2.716602 -0.192054 -1.938417 2.705584 -0.192072 -1.949482 2.695105 -0.192027 -2.039278 2.817080 -0.192014 -2.032323 2.825291 -0.192000 -2.025958 2.833969 -0.191987 -2.020284 2.842983 -0.191945 -1.884475 2.778692 -0.191962 -1.891865 2.765457 -0.191980 -1.899958 2.752544 -0.191999 -1.908687 2.740051 -0.191975 -2.015288 2.852390 -0.191963 -2.010929 2.862230 -0.191950 -2.007266 2.872349 -0.191939 -2.004362 2.882597 -0.191874 -1.861837 2.835014 -0.191892 -1.866413 2.820560 -0.191909 -1.871741 2.806284 -0.191926 -1.877776 2.792292 -0.191809 -1.851000 2.894741 -0.191825 -1.852572 2.879662 -0.191841 -1.854916 2.864605 -0.191858 -1.858011 2.849682 -0.191928 -2.002218 2.893030 -0.191917 -2.000807 2.903698 -0.191906 -2.000144 2.914440 -0.191895 -2.000245 2.925095 -0.191755 -1.852408 2.955423 -0.191767 -1.850912 2.940338 -0.191780 -1.850177 2.925117 -0.191795 -1.850206 2.909880 -0.191887 -2.001127 2.935707 -0.191879 -2.002779 2.946342 -0.191870 -2.005170 2.956835 -0.191862 -2.008267 2.967026 -0.191710 -1.866002 3.014584 -0.191721 -1.861501 3.000107 -0.191730 -1.857717 2.985346 -0.191741 -1.854677 2.970413 -0.191678 -1.891226 3.069794 -0.191684 -1.883903 3.056522 -0.191692 -1.877225 3.042824 -0.191700 -1.871241 3.028810 -0.191857 -2.012103 2.976963 -0.191850 -2.016684 2.986702 -0.191846 -2.021934 2.996098 -0.191843 -2.027778 3.005001 -0.191660 -1.927049 3.118797 -0.191662 -1.917203 3.107273 -0.191666 -1.907904 3.095200 -0.191672 -1.899223 3.082674 -0.191839 -2.034260 3.013454 -0.191837 -2.041398 3.021509 -0.191837 -2.049082 3.029043 -0.191837 -2.057198 3.035942 -0.191656 -1.972002 3.159588 -0.191654 -1.960038 3.150280 -0.191656 -1.948500 3.140324 -0.191657 -1.937474 3.129805 -0.191665 -2.024246 3.190495 -0.191663 -2.010653 3.183783 -0.191658 -1.997347 3.176357 -0.191657 -1.984430 3.168270 -0.191836 -2.065799 3.042229 -0.191839 -2.074917 3.047941 -0.191840 -2.084412 3.053009 -0.191845 -2.094143 3.057341 -0.191691 -2.081642 3.210251 -0.191684 -2.066976 3.206413 -0.191677 -2.052448 3.201817 -0.191672 -2.038167 3.196495 -0.191848 -2.104166 3.060947 -0.191853 -2.114525 3.063862 -0.191860 -2.125062 3.066048 -0.191866 -2.135620 3.067463 -0.191730 -2.141840 3.218048 -0.191721 -2.126702 3.217243 -0.191709 -2.111545 3.215666 -0.191700 -2.096486 3.213329 -0.191874 -2.146253 3.068100 -0.191883 -2.157014 3.067978 -0.191891 -2.167740 3.067106 -0.191901 -2.178269 3.065491 -0.191780 -2.202376 3.213570 -0.191768 -2.187385 3.215828 -0.191755 -2.172221 3.217333 -0.191742 -2.157000 3.218079 -0.191840 -2.260770 3.196997 -0.191826 -2.246541 3.202225 -0.191809 -2.231990 3.206753 -0.191795 -2.217231 3.210545 -0.191910 -2.188651 3.063107 -0.191922 -2.198942 3.059959 -0.191933 -2.208988 3.056099 -0.191945 -2.218634 3.051582 -0.191908 -2.314634 3.169008 -0.191892 -2.301748 3.176994 -0.191874 -2.288406 3.184359 -0.191857 -2.274712 3.191044 -0.191957 -2.227923 3.046370 -0.191969 -2.236911 3.040449 -0.191982 -2.245463 3.033916 -0.191994 -2.253446 3.026867 -0.191980 -2.361760 3.130751 -0.191962 -2.350746 3.141167 -0.191944 -2.339159 3.151066 -0.191927 -2.327091 3.160370 -0.192035 -2.391530 3.096210 -0.192017 -2.382173 3.108236 -0.191998 -2.372224 3.119781 -0.192007 -2.260891 3.019247 -0.192019 -2.267846 3.011036 -0.192033 -2.274211 3.002357 -0.192765 -2.392498 2.315058 -0.192763 -2.382767 2.310724 -0.117765 -2.382824 2.310654 -0.192759 -2.373272 2.305660 -0.042759 -2.373387 2.305519 -0.192758 -2.364154 2.299944 0.032244 -2.364325 2.299734 -0.192757 -2.355553 2.293659 0.107243 -2.355782 2.293381 0.107242 -2.364383 2.299664 0.107240 -2.373501 2.305380 0.107237 -2.382996 2.310444 0.107235 -2.392727 2.314777 -0.192787 -2.433975 2.325182 -0.192780 -2.423418 2.323765 -0.117783 -2.423475 2.323696 -0.192775 -2.412880 2.321579 -0.042775 -2.412995 2.321440 -0.192769 -2.402521 2.318665 0.032234 -2.402693 2.318455 0.107231 -2.402750 2.318386 0.107225 -2.413109 2.321300 0.107218 -2.423647 2.323484 0.107213 -2.434204 2.324902 -0.192821 -2.476624 2.323210 -0.192812 -2.466095 2.324825 -0.117815 -2.466152 2.324755 -0.192804 -2.455369 2.325697 -0.042803 -2.455483 2.325558 -0.192795 -2.444608 2.325819 0.032208 -2.444780 2.325607 0.107205 -2.444837 2.325539 0.107196 -2.455598 2.325417 0.107187 -2.466324 2.324545 0.107177 -2.476853 2.322927 -0.192865 -2.516989 2.309301 -0.192854 -2.507343 2.313818 -0.117857 -2.507400 2.313747 -0.192842 -2.497297 2.317677 -0.042843 -2.497411 2.317535 -0.192832 -2.487006 2.320824 0.032171 -2.487177 2.320614 0.107167 -2.487235 2.320543 0.107157 -2.497526 2.317396 0.107146 -2.507572 2.313538 0.107134 -2.517219 2.309021 -0.192916 -2.551801 2.284582 -0.192902 -2.543818 2.291635 -0.117905 -2.543875 2.291565 -0.192890 -2.535266 2.298166 -0.042890 -2.535380 2.298027 -0.192878 -2.526278 2.304089 0.032125 -2.526451 2.303877 0.107123 -2.526508 2.303806 0.107110 -2.535495 2.297886 0.107097 -2.544047 2.291355 0.107084 -2.552031 2.284302 -0.192967 -2.578240 2.251060 -0.192954 -2.572566 2.260075 -0.117957 -2.572623 2.260006 -0.192941 -2.566201 2.268751 -0.042941 -2.566316 2.268612 -0.192929 -2.559246 2.276964 0.032074 -2.559418 2.276754 0.107072 -2.559475 2.276684 0.107058 -2.566430 2.268473 0.107046 -2.572795 2.259794 0.107033 -2.578469 2.250780 -0.193017 -2.594162 2.211445 -0.193004 -2.591258 2.221695 -0.118007 -2.591315 2.221624 -0.192991 -2.587595 2.231813 -0.042991 -2.587710 2.231672 -0.192979 -2.583235 2.241653 0.032024 -2.583408 2.241442 0.107021 -2.583465 2.241371 0.107007 -2.587824 2.231531 0.106995 -2.591487 2.221413 0.106984 -2.594392 2.211164 -0.193059 -2.598279 2.168949 -0.193049 -2.598380 2.179600 -0.118052 -2.598438 2.179531 -0.193039 -2.597717 2.190342 -0.043039 -2.597832 2.190203 -0.193028 -2.596306 2.201012 0.031975 -2.596478 2.200802 0.106972 -2.596535 2.200731 0.106962 -2.597946 2.190062 0.106951 -2.598609 2.179321 0.106942 -2.598509 2.168669 -0.193091 -2.590257 2.127016 -0.193085 -2.593354 2.137207 -0.118089 -2.593412 2.137136 -0.193077 -2.595745 2.147701 -0.043078 -2.595859 2.147560 -0.193068 -2.597397 2.158335 0.031935 -2.597568 2.158123 0.106931 -2.597626 2.158054 0.106922 -2.595974 2.147419 0.106915 -2.593583 2.136927 0.106907 -2.590486 2.126736 -0.193112 -2.570746 2.089041 -0.193108 -2.576590 2.097946 -0.118111 -2.576647 2.097877 -0.193104 -2.581840 2.107342 -0.043104 -2.581953 2.107201 -0.193098 -2.586421 2.117081 0.031905 -2.586591 2.116871 0.106901 -2.586650 2.116798 0.106896 -2.582069 2.107061 0.106892 -2.576819 2.097668 0.106887 -2.570975 2.088760 -0.193119 -2.541326 2.058100 -0.193118 -2.549442 2.064999 -0.118122 -2.549499 2.064930 -0.193116 -2.557126 2.072535 -0.043117 -2.557240 2.072395 -0.193116 -2.564264 2.080587 0.031887 -2.564436 2.080378 0.106885 -2.564493 2.080307 0.106883 -2.557355 2.072254 0.106881 -2.549671 2.064720 0.106880 -2.541555 2.057819 -0.193110 -2.504381 2.036701 -0.193113 -2.514112 2.041035 -0.118117 -2.514169 2.040966 -0.193117 -2.523607 2.046101 -0.043117 -2.523722 2.045959 -0.193118 -2.532725 2.051817 0.031885 -2.532897 2.051605 0.106882 -2.532954 2.051537 0.106883 -2.523836 2.045820 0.106886 -2.514341 2.040756 0.106889 -2.504610 2.036421 -0.193089 -2.462904 2.026579 -0.193095 -2.473462 2.027996 -0.118097 -2.473519 2.027925 -0.193101 -2.483999 2.030180 -0.043101 -2.484114 2.030041 -0.193107 -2.494358 2.033094 0.031896 -2.494530 2.032885 0.106893 -2.494588 2.032814 0.106898 -2.484228 2.029900 0.106904 -2.473691 2.027714 0.106911 -2.463133 2.026298 -0.193054 -2.420255 2.028553 -0.193064 -2.430784 2.026936 -0.118067 -2.430841 2.026865 -0.193073 -2.441510 2.026064 -0.043072 -2.441625 2.025923 -0.193081 -2.452271 2.025942 0.031922 -2.452443 2.025732 0.106919 -2.452500 2.025661 0.106927 -2.441740 2.025784 0.106936 -2.431013 2.026655 0.106947 -2.420485 2.028273 -0.193011 -2.379890 2.042459 -0.193023 -2.389536 2.037943 -0.118025 -2.389594 2.037872 -0.193033 -2.399582 2.034082 -0.043034 -2.399697 2.033943 -0.193044 -2.409873 2.030937 0.031958 -2.410045 2.030725 0.106956 -2.410103 2.030655 0.106967 -2.399811 2.033804 0.106978 -2.389765 2.037662 0.106989 -2.380119 2.042179 -0.192960 -2.345078 2.067177 -0.192974 -2.353061 2.060123 -0.117976 -2.353119 2.060055 -0.192986 -2.361613 2.053593 -0.042986 -2.361728 2.053452 -0.192998 -2.370600 2.047672 0.032005 -2.370772 2.047462 0.107001 -2.370830 2.047394 0.107014 -2.361842 2.053314 0.107026 -2.353290 2.059845 0.107040 -2.345307 2.066898 -0.192909 -2.318639 2.100700 -0.192922 -2.324313 2.091686 -0.117924 -2.324371 2.091616 -0.192935 -2.330678 2.083008 -0.042935 -2.330793 2.082869 -0.192947 -2.337633 2.074797 0.032056 -2.337805 2.074585 0.107053 -2.337862 2.074516 0.107065 -2.330907 2.082729 0.107078 -2.324542 2.091404 0.107090 -2.318869 2.100420 -0.192859 -2.302717 2.140314 -0.192872 -2.305622 2.130066 -0.117874 -2.305678 2.129997 -0.192883 -2.309284 2.119947 -0.042885 -2.309398 2.119806 -0.192896 -2.313643 2.110109 0.032106 -2.313815 2.109898 0.107102 -2.313873 2.109827 0.107116 -2.309513 2.119667 0.107128 -2.305851 2.129786 0.107140 -2.302946 2.140036 -0.192817 -2.298600 2.182810 -0.192827 -2.298499 2.172157 -0.117830 -2.298556 2.172089 -0.192838 -2.299162 2.161417 -0.042837 -2.299276 2.161278 -0.192848 -2.300573 2.150749 0.032154 -2.300745 2.150539 0.107152 -2.300802 2.150469 0.107163 -2.299391 2.161137 0.107173 -2.298728 2.171879 0.107183 -2.298829 2.182529 -0.192783 -2.306622 2.224745 -0.192791 -2.303525 2.214554 -0.117793 -2.303581 2.214483 -0.192798 -2.301134 2.204060 -0.042799 -2.301249 2.203920 -0.192807 -2.299482 2.193426 0.032195 -2.299654 2.193216 0.107192 -2.299711 2.193146 0.107201 -2.301364 2.203779 0.107208 -2.303754 2.214272 0.107216 -2.306851 2.224464 -0.192764 -2.326133 2.262718 -0.192767 -2.320289 2.253813 -0.117770 -2.320347 2.253742 -0.192772 -2.315039 2.244419 -0.042772 -2.315155 2.244278 -0.192777 -2.310459 2.234682 0.032225 -2.310631 2.234470 0.107222 -2.310688 2.234400 0.107228 -2.315268 2.244139 0.107232 -2.320518 2.253532 0.107236 -2.326362 2.262440 -0.192757 -2.347437 2.286760 -0.117760 -2.347494 2.286690 -0.192757 -2.339754 2.279226 -0.042759 -2.339868 2.279085 -0.192760 -2.332615 2.271173 0.032242 -2.332787 2.270962 0.107240 -2.332844 2.270893 0.107241 -2.339983 2.278946 0.107243 -2.347666 2.286480 -0.190922 -1.795788 3.799623 -0.190919 -1.786057 3.795290 -0.115923 -1.786114 3.795219 -0.190917 -1.776562 3.790226 -0.040917 -1.776676 3.790085 -0.190916 -1.767444 3.784510 0.034087 -1.767615 3.784298 -0.190914 -1.758843 3.778225 0.109085 -1.759072 3.777945 0.109084 -1.767673 3.784229 0.109084 -1.776791 3.789946 0.109079 -1.786286 3.795010 0.109076 -1.796017 3.799343 -0.190944 -1.837265 3.809746 -0.190938 -1.826707 3.808329 -0.115941 -1.826765 3.808258 -0.190932 -1.816170 3.806145 -0.040933 -1.816284 3.806005 -0.190928 -1.805810 3.803230 0.034075 -1.805982 3.803019 0.109072 -1.806040 3.802948 0.109067 -1.816399 3.805866 0.109061 -1.826936 3.808050 0.109053 -1.837494 3.809465 -0.190980 -1.879914 3.807774 -0.190970 -1.869385 3.809389 -0.115974 -1.869442 3.809319 -0.190960 -1.858659 3.810263 -0.040961 -1.858773 3.810122 -0.190952 -1.847898 3.810383 0.034050 -1.848070 3.810173 0.109047 -1.848127 3.810104 0.109039 -1.858888 3.809982 0.109029 -1.869614 3.809109 0.109020 -1.880143 3.807493 -0.191024 -1.920279 3.793865 -0.191012 -1.910633 3.798384 -0.116015 -1.910689 3.798311 -0.191000 -1.900587 3.802242 -0.041002 -1.900701 3.802101 -0.190990 -1.890295 3.805389 0.034013 -1.890467 3.805180 0.109010 -1.890525 3.805109 0.108998 -1.900816 3.801962 0.108988 -1.910862 3.798103 0.108976 -1.920508 3.793585 -0.191073 -1.955091 3.769148 -0.191061 -1.947108 3.776199 -0.116064 -1.947164 3.776129 -0.191047 -1.938556 3.782732 -0.041048 -1.938670 3.782593 -0.191037 -1.929568 3.788650 0.033968 -1.929740 3.788443 0.108964 -1.929797 3.788372 0.108953 -1.938785 3.782452 0.108939 -1.947337 3.775919 0.108926 -1.955320 3.768867 -0.191126 -1.981529 3.735624 -0.191111 -1.975856 3.744640 -0.116114 -1.975913 3.744570 -0.191099 -1.969491 3.753319 -0.041098 -1.969605 3.753178 -0.191087 -1.962535 3.761530 0.033917 -1.962707 3.761318 0.108914 -1.962765 3.761250 0.108902 -1.969720 3.753036 0.108887 -1.976085 3.744358 0.108875 -1.981759 3.735344 -0.191174 -1.997452 3.696011 -0.191161 -1.994547 3.706259 -0.116164 -1.994605 3.706188 -0.191150 -1.990885 3.716377 -0.041150 -1.991000 3.716238 -0.191138 -1.986525 3.726217 0.033865 -1.986698 3.726006 0.108863 -1.986755 3.725937 0.108849 -1.991114 3.716099 0.108837 -1.994776 3.705978 0.108826 -1.997681 3.695730 -0.191217 -2.001569 3.653515 -0.191206 -2.001670 3.664167 -0.116209 -2.001727 3.664097 -0.191196 -2.001007 3.674908 -0.041196 -2.001121 3.674768 -0.191185 -1.999596 3.685577 0.033817 -1.999768 3.685368 0.108815 -1.999825 3.685297 0.108804 -2.001236 3.674629 0.108793 -2.001899 3.663887 0.108784 -2.001798 3.653236 -0.191250 -1.993547 3.611580 -0.191243 -1.996644 3.621773 -0.116246 -1.996702 3.621702 -0.191234 -1.999034 3.632265 -0.041234 -1.999149 3.632126 -0.191225 -2.000687 3.642900 0.033777 -2.000858 3.642691 0.108773 -2.000916 3.642620 0.108765 -1.999264 3.631985 0.108757 -1.996873 3.621492 0.108749 -1.993776 3.611301 -0.191270 -1.974036 3.573606 -0.191267 -1.979880 3.582512 -0.116270 -1.979936 3.582441 -0.191261 -1.985129 3.591906 -0.041262 -1.985243 3.591766 -0.191256 -1.989710 3.601644 0.033746 -1.989881 3.601435 0.108743 -1.989939 3.601364 0.108739 -1.985359 3.591627 0.108733 -1.980109 3.582230 0.108729 -1.974265 3.573326 -0.191276 -1.944616 3.542665 -0.191276 -1.952732 3.549564 -0.116279 -1.952789 3.549496 -0.191275 -1.960415 3.557098 -0.041276 -1.960530 3.556959 -0.191273 -1.967554 3.565153 0.033730 -1.967726 3.564941 0.108727 -1.967783 3.564873 0.108724 -1.960644 3.556820 0.108724 -1.952961 3.549284 0.108724 -1.944845 3.542385 -0.191268 -1.907671 3.521267 -0.191272 -1.917402 3.525600 -0.116275 -1.917459 3.525530 -0.191273 -1.926897 3.530666 -0.041274 -1.927011 3.530525 -0.191276 -1.936015 3.536381 0.033726 -1.936187 3.536171 0.108723 -1.936244 3.536100 0.108726 -1.927126 3.530386 0.108728 -1.917631 3.525320 0.108731 -1.907900 3.520988 -0.191246 -1.866194 3.511145 -0.191253 -1.876751 3.512560 -0.116256 -1.876809 3.512489 -0.191258 -1.887289 3.514746 -0.041260 -1.887403 3.514605 -0.191264 -1.897648 3.517660 0.033739 -1.897820 3.517450 0.108736 -1.897877 3.517380 0.108740 -1.887518 3.514465 0.108747 -1.876981 3.512279 0.108754 -1.866423 3.510864 -0.191212 -1.823545 3.513117 -0.191221 -1.834074 3.511501 -0.116224 -1.834131 3.511433 -0.191230 -1.844800 3.510628 -0.041230 -1.844915 3.510490 -0.191238 -1.855561 3.510508 0.033765 -1.855733 3.510298 0.108761 -1.855790 3.510227 0.108770 -1.845029 3.510349 0.108779 -1.834303 3.511221 0.108788 -1.823774 3.512836 -0.191169 -1.783179 3.527025 -0.191179 -1.792826 3.522507 -0.116183 -1.792884 3.522438 -0.191190 -1.802872 3.518648 -0.041191 -1.802987 3.518509 -0.191201 -1.813163 3.515501 0.033802 -1.813335 3.515293 0.108798 -1.813392 3.515221 0.108809 -1.803101 3.518368 0.108820 -1.793055 3.522228 0.108832 -1.783409 3.526745 -0.191119 -1.748368 3.551741 -0.191130 -1.756351 3.544691 -0.116134 -1.756409 3.544620 -0.191144 -1.764903 3.538158 -0.041143 -1.765018 3.538017 -0.191156 -1.773890 3.532238 0.033847 -1.774062 3.532028 0.108843 -1.774119 3.531960 0.108856 -1.765132 3.537878 0.108869 -1.756580 3.544411 0.108881 -1.748597 3.551462 -0.191067 -1.721929 3.585266 -0.191080 -1.727603 3.576250 -0.116082 -1.727660 3.576181 -0.191092 -1.733968 3.567574 -0.041093 -1.734082 3.567432 -0.191105 -1.740923 3.559362 0.033897 -1.741095 3.559151 0.108893 -1.741152 3.559080 0.108907 -1.734197 3.567293 0.108920 -1.727832 3.575972 0.108933 -1.722158 3.584986 -0.191018 -1.706006 3.624880 -0.191029 -1.708911 3.614632 -0.116032 -1.708968 3.614563 -0.191042 -1.712574 3.604511 -0.041042 -1.712687 3.604372 -0.191055 -1.716933 3.594673 0.033949 -1.717105 3.594463 0.108945 -1.717162 3.594395 0.108958 -1.712803 3.604233 0.108971 -1.709141 3.614351 0.108981 -1.706236 3.624599 -0.190975 -1.701889 3.667376 -0.190984 -1.701789 3.656725 -0.115988 -1.701846 3.656654 -0.190995 -1.702452 3.645983 -0.040995 -1.702566 3.645843 -0.191006 -1.703863 3.635313 0.033997 -1.704035 3.635105 0.108994 -1.704092 3.635035 0.109005 -1.702681 3.645702 0.109016 -1.702018 3.656445 0.109026 -1.702119 3.667095 -0.190942 -1.709912 3.709309 -0.190950 -1.706814 3.699118 -0.115952 -1.706871 3.699047 -0.190958 -1.704424 3.688625 -0.040958 -1.704539 3.688484 -0.190964 -1.702772 3.677990 0.034038 -1.702944 3.677780 0.109034 -1.703001 3.677710 0.109043 -1.704653 3.688343 0.109051 -1.707044 3.698837 0.109058 -1.710141 3.709030 -0.190920 -1.729423 3.747286 -0.190925 -1.723579 3.738379 -0.115928 -1.723637 3.738308 -0.190930 -1.718329 3.728985 -0.040929 -1.718445 3.728844 -0.190936 -1.713748 3.719246 0.034067 -1.713921 3.719036 0.109064 -1.713978 3.718966 0.109070 -1.718558 3.728704 0.109075 -1.723808 3.738098 0.109079 -1.729652 3.747005 -0.190915 -1.750727 3.771326 -0.115917 -1.750784 3.771255 -0.190916 -1.743043 3.763790 -0.040917 -1.743158 3.763651 -0.190918 -1.735905 3.755737 0.034084 -1.736077 3.755527 0.109081 -1.736134 3.755457 0.109084 -1.743273 3.763512 0.109085 -1.750956 3.771046 -0.190750 -1.739846 3.938801 -0.190741 -1.712842 3.927525 -0.190732 -1.686109 3.915518 -0.190723 -1.659703 3.902805 -0.190716 -1.633683 3.889414 -0.190708 -1.608031 3.875332 -0.190704 -1.582724 3.860550 -0.190698 -1.557820 3.845100 -0.190695 -1.533371 3.829021 -0.190692 -1.509361 3.812292 -0.190691 -1.485769 3.794903 -0.190690 -1.462648 3.776897 -0.190690 -1.440046 3.758308 -0.190690 -1.417950 3.739122 -0.190693 -1.396341 3.719324 -0.190696 -1.375264 3.698961 -0.190699 -1.354767 3.678078 -0.190705 -1.334835 3.656651 -0.190710 -1.315452 3.634668 -0.190716 -1.296660 3.612181 -0.190725 -1.278499 3.589233 -0.190733 -1.260958 3.565811 -0.190743 -1.244021 3.541891 -0.190753 -1.227725 3.517534 -0.190764 -1.212106 3.492788 -0.191571 -1.797243 3.106583 -0.190776 -1.197154 3.467632 -0.190788 -1.182856 3.442051 -0.190803 -1.169242 3.416098 -0.190818 -1.156341 3.389832 -0.191611 -1.769884 3.042450 -0.191600 -1.775660 3.058884 -0.191589 -1.782171 3.075111 -0.191580 -1.789378 3.091042 -0.190832 -1.144146 3.363230 -0.190849 -1.132646 3.336273 -0.190867 -1.121868 3.309021 -0.190883 -1.111835 3.281532 -0.190903 -1.102541 3.253784 -0.190923 -1.093972 3.225756 -0.190943 -1.086150 3.197512 -0.190964 -1.079093 3.169113 -0.191662 -1.754078 2.974541 -0.191648 -1.756912 2.991726 -0.191634 -1.760506 3.008839 -0.191622 -1.764838 3.025780 -0.190986 -1.072798 3.140535 -0.191009 -1.067257 3.111755 -0.191032 -1.062482 3.082840 -0.191056 -1.058486 3.053852 -0.191081 -1.055266 3.024765 -0.191106 -1.052815 2.995562 -0.191132 -1.051140 2.966305 -0.191159 -1.050247 2.937054 -0.191724 -1.750304 2.904919 -0.191707 -1.750111 2.922337 -0.191692 -1.750680 2.939812 -0.191676 -1.752004 2.957247 -0.191187 -1.050137 2.907791 -0.191214 -1.050804 2.878490 -0.191242 -1.052249 2.849220 -0.191271 -1.054470 2.820042 -0.191795 -1.758677 2.835699 -0.191777 -1.755463 2.852818 -0.191758 -1.752988 2.870129 -0.191741 -1.751265 2.887527 -0.191301 -1.057471 2.790932 -0.191332 -1.061249 2.761869 -0.191362 -1.065796 2.732918 -0.191393 -1.071107 2.704140 -0.191423 -1.077184 2.675516 -0.191457 -1.084030 2.647018 -0.191487 -1.091630 2.618713 -0.191520 -1.099968 2.590664 -0.191873 -1.778943 2.768986 -0.191852 -1.772805 2.785286 -0.191833 -1.767362 2.801903 -0.191813 -1.762643 2.818739 -0.191553 -1.109054 2.562847 -0.191586 -1.118891 2.535240 -0.191619 -1.129456 2.507904 -0.191653 -1.140728 2.480900 -0.191688 -1.152719 2.454205 -0.191723 -1.165434 2.427801 -0.191757 -1.178846 2.401743 -0.191791 -1.192925 2.376089 -0.191955 -1.810486 2.706802 -0.191934 -1.801611 2.721790 -0.191913 -1.793365 2.737209 -0.191893 -1.785794 2.752972 -0.191827 -1.207685 2.350821 -0.191861 -1.223136 2.325916 -0.191897 -1.239241 2.301434 -0.191932 -1.255966 2.277420 -0.192039 -1.852347 2.651043 -0.192018 -1.841005 2.664261 -0.191996 -1.830206 2.678017 -0.191976 -1.820013 2.692223 -0.191967 -1.273327 2.253862 -0.192003 -1.291337 2.230743 -0.192039 -1.309955 2.208109 -0.192073 -1.329138 2.186010 -0.192107 -1.348905 2.164433 -0.192143 -1.369271 2.143360 -0.192179 -1.390189 2.122833 -0.192213 -1.411612 2.102898 -0.192121 -1.903255 2.603401 -0.192101 -1.889790 2.614449 -0.192081 -1.876767 2.626118 -0.192059 -1.864262 2.638338 -0.192249 -1.433559 2.083542 -0.192283 -1.456050 2.064751 -0.192318 -1.479032 2.046566 -0.192353 -1.502453 2.029020 -0.192202 -1.961663 2.565321 -0.192182 -1.946483 2.573864 -0.192163 -1.931632 2.583094 -0.192143 -1.917195 2.592957 -0.192387 -1.526334 2.012108 -0.192420 -1.550694 1.995815 -0.192454 -1.575478 1.980173 -0.192487 -1.600631 1.965219 -0.192520 -1.626176 1.950943 -0.192553 -1.652130 1.937330 -0.192584 -1.678436 1.924412 -0.192616 -1.705036 1.912214 -0.192278 -2.025796 2.537962 -0.192260 -2.009363 2.543737 -0.192241 -1.993136 2.550249 -0.192222 -1.977205 2.557457 -0.192647 -1.731953 1.900734 -0.192678 -1.759206 1.889955 -0.192709 -1.786736 1.879908 -0.192739 -1.814483 1.870607 -0.192768 -1.842468 1.862053 -0.192797 -1.870713 1.854233 -0.192825 -1.899155 1.847168 -0.192853 -1.927732 1.840870 -0.192879 -1.956468 1.835339 -0.192906 -1.985384 1.830566 -0.192932 -2.014416 1.826563 -0.192957 -2.043501 1.823338 -0.192982 -2.072662 1.820892 -0.193006 -2.101921 1.819221 -0.193029 -2.131215 1.818327 -0.193053 -2.160478 1.818212 -0.193074 -2.189733 1.818880 -0.193095 -2.219005 1.820328 -0.193115 -2.248227 1.822552 -0.193135 -2.277336 1.825548 -0.193153 -2.306355 1.829323 -0.193171 -2.335307 1.833874 -0.193188 -2.364128 1.839190 -0.193204 -2.392753 1.845264 -0.193219 -2.421207 1.852100 -0.193234 -2.449511 1.859703 -0.193248 -2.477603 1.868055 -0.193260 -2.505421 1.877136 -0.193273 -2.532986 1.886959 -0.193284 -2.560321 1.897528 -0.193293 -2.587366 1.908817 -0.193303 -2.614062 1.920803 -0.193311 -2.640427 1.933502 -0.193319 -2.666484 1.946915 -0.193325 -2.692176 1.961016 -0.193331 -2.717446 1.975773 -0.193334 -2.742313 1.991199 -0.193338 -2.766796 2.007307 -0.193341 -2.790843 2.024059 -0.193343 -2.814402 2.041418 -0.193344 -2.837488 2.059402 -0.193344 -2.860120 2.078020 -0.193342 -2.882251 2.097233 -0.193340 -2.903831 2.116999 -0.193337 -2.924874 2.137333 -0.193334 -2.945399 2.158253 -0.193330 -2.965363 2.179707 -0.193324 -2.984719 2.201656 -0.193317 -3.003482 2.224112 -0.193308 -3.021667 2.247095 -0.193301 -3.039237 2.270550 -0.193291 -3.056151 2.294430 -0.193280 -3.072421 2.318754 -0.193269 -3.088060 2.343540 -0.193258 -3.103037 2.368731 -0.193245 -3.117317 2.394272 -0.192462 -2.502926 2.729742 -0.193231 -3.130909 2.420189 -0.193216 -3.143826 2.446495 -0.193201 -3.156040 2.473135 -0.193185 -3.167523 2.500051 -0.192424 -2.530285 2.793875 -0.192435 -2.524509 2.777441 -0.192444 -2.517998 2.761215 -0.192454 -2.510791 2.745283 -0.193167 -3.178283 2.527266 -0.193149 -3.188330 2.554796 -0.193130 -3.197644 2.582584 -0.193111 -3.206202 2.610567 -0.193091 -3.214009 2.638769 -0.193069 -3.221074 2.667213 -0.193048 -3.227381 2.695831 -0.193025 -3.232914 2.724569 -0.192372 -2.546091 2.861784 -0.192386 -2.543257 2.844599 -0.192398 -2.539662 2.827488 -0.192412 -2.535330 2.810545 -0.193001 -3.237678 2.753441 -0.192977 -3.241680 2.782474 -0.192953 -3.244910 2.811602 -0.192927 -3.247358 2.840763 -0.192311 -2.549865 2.931406 -0.192326 -2.550058 2.913990 -0.192342 -2.549489 2.896513 -0.192357 -2.548165 2.879078 -0.192902 -3.249025 2.869978 -0.192875 -3.249918 2.899271 -0.192847 -3.250034 2.928579 -0.192819 -3.249368 2.957834 -0.192791 -3.247921 2.987062 -0.192762 -3.245696 3.016283 -0.192732 -3.242696 3.045437 -0.192702 -3.238924 3.074455 -0.192238 -2.541492 3.000626 -0.192258 -2.544706 2.983507 -0.192276 -2.547181 2.966198 -0.192293 -2.548904 2.948799 -0.192673 -3.234378 3.103365 -0.192642 -3.229058 3.132183 -0.192610 -3.222976 3.160852 -0.192578 -3.216143 3.189308 -0.192161 -2.521226 3.067341 -0.192181 -2.527364 3.051041 -0.192200 -2.532806 3.034424 -0.192221 -2.537525 3.017586 -0.192546 -3.208551 3.217569 -0.192514 -3.200197 3.245659 -0.192480 -3.191102 3.273519 -0.192447 -3.181282 3.301086 -0.192413 -3.170729 3.328381 -0.192379 -3.159437 3.355425 -0.192345 -3.147431 3.382158 -0.192312 -3.134738 3.408527 -0.192079 -2.489683 3.129520 -0.192100 -2.498558 3.114536 -0.192120 -2.506804 3.099115 -0.192140 -2.514375 3.083355 -0.192276 -3.121345 3.434544 -0.192242 -3.107241 3.460236 -0.192207 -3.092461 3.485542 -0.192171 -3.077038 3.510410 -0.192137 -3.060955 3.534857 -0.192102 -3.044200 3.558903 -0.192066 -3.026814 3.582497 -0.192031 -3.008834 3.605583 -0.191995 -2.447822 3.185282 -0.192015 -2.459164 3.172064 -0.192037 -2.469962 3.158310 -0.192058 -2.480156 3.144104 -0.191995 -2.990244 3.628183 -0.191960 -2.971028 3.650312 -0.191925 -2.951233 3.671923 -0.191890 -2.930901 3.692970 -0.191911 -2.396913 3.232925 -0.191931 -2.410379 3.221878 -0.191953 -2.423402 3.210209 -0.191973 -2.435907 3.197987 -0.191854 -2.910014 3.713465 -0.191819 -2.888555 3.733425 -0.191785 -2.866574 3.752810 -0.191749 -2.844120 3.771576 -0.191716 -2.821174 3.789736 -0.191681 -2.797715 3.807302 -0.191648 -2.773798 3.824242 -0.191613 -2.749476 3.840513 -0.191831 -2.338506 3.271004 -0.191851 -2.353686 3.262463 -0.191871 -2.368536 3.253233 -0.191892 -2.382974 3.243368 -0.191580 -2.724728 3.856129 -0.191546 -2.699535 3.871101 -0.191513 -2.673954 3.885403 -0.191481 -2.648041 3.898998 -0.191449 -2.621774 3.911896 -0.191417 -2.595133 3.924110 -0.191386 -2.568176 3.935610 -0.191356 -2.540963 3.946371 -0.191757 -2.274373 3.298363 -0.191774 -2.290805 3.292587 -0.191793 -2.307033 3.286076 -0.191813 -2.322964 3.278868 -0.191325 -2.513473 3.956402 -0.191295 -2.485684 3.965713 -0.191264 -2.457659 3.974285 -0.191237 -2.429457 3.982094 -0.191208 -2.401056 3.989147 -0.191181 -2.372436 3.995451 -0.191153 -2.343658 4.000994 -0.191126 -2.314785 4.005762 -0.191102 -2.285796 4.009756 -0.191076 -2.256667 4.012983 -0.191051 -2.227463 4.015436 -0.191027 -2.198248 4.017107 -0.191004 -2.168998 4.017998 -0.190982 -2.139691 4.018108 -0.190961 -2.110392 4.017445 -0.190938 -2.081164 4.016003 -0.190918 -2.051985 4.013777 -0.190899 -2.022833 4.010773 -0.190880 -1.993770 4.006996 -0.190863 -1.964861 4.002457 -0.190845 -1.936084 3.997143 -0.190829 -1.907416 3.991058 -0.190814 -1.878920 3.984215 -0.190800 -1.850657 3.976624 -0.190787 -1.822608 3.968283 -0.190773 -1.794749 3.959185 -0.190762 -1.767142 3.949350 -0.191691 -2.206464 3.314169 -0.191706 -2.223649 3.311335 -0.191722 -2.240761 3.307739 -0.191740 -2.257702 3.303410 -0.191633 -2.136841 3.317944 -0.191646 -2.154258 3.318136 -0.191661 -2.171734 3.317566 -0.191675 -2.189169 3.316242 -0.191587 -2.067621 3.309570 -0.191599 -2.084740 3.312784 -0.191610 -2.102049 3.315258 -0.191621 -2.119450 3.316982 -0.191555 -2.000907 3.289305 -0.191563 -2.017207 3.295441 -0.191571 -2.033824 3.300884 -0.191579 -2.050661 3.305603 -0.191538 -1.938725 3.257761 -0.191541 -1.953713 3.266636 -0.191546 -1.969132 3.274881 -0.191550 -1.984893 3.282454 -0.191535 -1.882966 3.215898 -0.191534 -1.896184 3.227243 -0.191535 -1.909937 3.238041 -0.191536 -1.924144 3.248234 -0.191546 -1.835322 3.164991 -0.191542 -1.846370 3.178457 -0.191539 -1.858039 3.191479 -0.191536 -1.870260 3.203985 -0.191563 -1.805785 3.121763 -0.191557 -1.815015 3.136614 -0.191551 -1.824879 3.151052 -0.192477 -2.299262 2.547022 -0.192495 -2.361444 2.578564 -0.192492 -2.346456 2.569691 -0.192488 -2.331037 2.561443 -0.192484 -2.315276 2.553871 -0.192499 -2.417203 2.620424 -0.192499 -2.403985 2.609081 -0.192498 -2.390232 2.598286 -0.192498 -2.376025 2.588091 -0.192488 -2.464847 2.671333 -0.192492 -2.453798 2.657869 -0.192496 -2.442130 2.644846 -0.192498 -2.429908 2.632339 -0.192470 -2.494384 2.714561 -0.192477 -2.485154 2.699713 -0.192483 -2.475290 2.685272 -0.192344 -2.093705 2.522156 -0.192328 -2.076520 2.524990 -0.192311 -2.059408 2.528585 -0.192294 -2.042467 2.532917 -0.192400 -2.163328 2.518383 -0.192388 -2.145911 2.518188 -0.192374 -2.128435 2.518757 -0.192358 -2.110999 2.520084 -0.192445 -2.232548 2.526754 -0.192436 -2.215429 2.523540 -0.192424 -2.198119 2.521067 -0.192412 -2.180719 2.519342 -0.192470 -2.282961 2.540884 -0.192463 -2.266345 2.535440 -0.192454 -2.249508 2.530722 -0.191842 -2.085202 3.053394 -0.116844 -2.085260 3.053324 -0.191838 -2.076463 3.048834 -0.041839 -2.076578 3.048693 -0.191836 -2.068035 3.043722 0.033167 -2.068207 3.043512 -0.191835 -2.060027 3.038120 0.108164 -2.060256 3.037840 0.108163 -2.068264 3.043442 0.108161 -2.076692 3.048553 0.108158 -2.085432 3.053112 0.108155 -2.094372 3.057060 -0.191864 -2.132071 3.067076 -0.191858 -2.122414 3.065578 -0.116861 -2.122471 3.065510 -0.191853 -2.112792 3.063436 -0.041852 -2.112907 3.063297 -0.191848 -2.103328 3.060678 0.033155 -2.103500 3.060469 0.108152 -2.103557 3.060398 0.108147 -2.113021 3.063154 0.108142 -2.122643 3.065300 0.108136 -2.132300 3.066797 0.108105 -2.171456 3.066385 0.033117 -2.161682 3.067509 0.108113 -2.161740 3.067436 -0.041878 -2.151777 3.067997 0.108122 -2.151891 3.067858 -0.116874 -2.141864 3.067854 0.108129 -2.142036 3.067644 -0.191840 -2.032049 3.010723 -0.116840 -2.038391 3.018139 -0.191838 -2.038334 3.018208 -0.041838 -2.045266 3.025187 -0.191837 -2.045152 3.025326 0.033166 -2.052585 3.031782 -0.191837 -2.052413 3.031994 0.108163 -2.052642 3.031712 0.108163 -2.045381 3.025045 0.108163 -2.038563 3.017927 0.108158 -2.032278 3.010443 -0.191856 -2.012114 2.977020 -0.116854 -2.016305 2.985805 -0.191851 -2.016247 2.985876 -0.041847 -2.021106 2.994375 -0.191847 -2.020990 2.994518 0.033159 -2.026451 3.002624 -0.191842 -2.026279 3.002836 0.108157 -2.026508 3.002556 0.108152 -2.021219 2.994236 0.108148 -2.016476 2.985596 0.108142 -2.012343 2.976738 -0.191883 -2.001582 2.939304 -0.116878 -2.003340 2.948858 -0.191876 -2.003283 2.948929 -0.041869 -2.005743 2.958363 -0.191869 -2.005628 2.958502 0.033140 -2.008755 2.967697 -0.191862 -2.008584 2.967907 0.108138 -2.008813 2.967627 0.108130 -2.005857 2.958221 0.108125 -2.003512 2.948648 0.108117 -2.001811 2.939026 -0.191921 -2.001170 2.900148 -0.116913 -2.000380 2.909815 -0.191910 -2.000322 2.909885 -0.041900 -2.000224 2.919601 -0.191901 -2.000109 2.919741 0.033111 -2.000702 2.929378 -0.191891 -2.000530 2.929590 0.108107 -2.000759 2.929308 0.108099 -2.000338 2.919460 0.108090 -2.000551 2.909605 0.108080 -2.001399 2.899868 -0.116954 -2.007625 2.871336 -0.191952 -2.007568 2.871407 -0.041941 -2.004926 2.880730 -0.191941 -2.004812 2.880871 0.033073 -2.002840 2.890282 -0.191930 -2.002669 2.890491 0.108069 -2.002898 2.890211 0.108060 -2.005041 2.880589 0.108049 -2.007797 2.871126 0.108037 -2.011158 2.861950 -0.192009 -2.030127 2.828106 -0.117000 -2.024583 2.836044 -0.191997 -2.024526 2.836113 -0.041985 -2.019528 2.844402 -0.191986 -2.019414 2.844542 0.033029 -2.015025 2.853071 -0.191974 -2.014853 2.853281 0.108027 -2.015082 2.853001 0.108014 -2.019643 2.844261 0.108002 -2.024755 2.835834 0.107990 -2.030357 2.827824 -0.192056 -2.057523 2.800125 -0.117048 -2.050097 2.806341 -0.192046 -2.050040 2.806412 -0.042033 -2.043035 2.813089 -0.192033 -2.042920 2.813230 0.032982 -2.036426 2.820282 -0.192021 -2.036253 2.820490 0.107979 -2.036482 2.820211 0.107967 -2.043149 2.812950 0.107955 -2.050269 2.806131 0.107943 -2.057753 2.799847 -0.192100 -2.091227 2.780191 -0.117093 -2.082429 2.784256 -0.192090 -2.082372 2.784327 -0.042079 -2.073845 2.788929 -0.192079 -2.073730 2.789070 0.032934 -2.065584 2.794147 -0.192068 -2.065411 2.794357 0.107932 -2.065641 2.794077 0.107921 -2.073960 2.788790 0.107910 -2.082601 2.784046 0.107900 -2.091456 2.779913 -0.192139 -2.128942 2.769661 -0.117133 -2.119376 2.771292 -0.192130 -2.119318 2.771360 -0.042121 -2.109859 2.773565 -0.192120 -2.109744 2.773705 0.032891 -2.100512 2.776451 -0.192111 -2.100339 2.776661 0.107889 -2.100569 2.776381 0.107879 -2.109973 2.773424 0.107870 -2.119548 2.771080 0.107861 -2.129171 2.769381 -0.192169 -2.168098 2.769249 -0.117167 -2.158419 2.768330 -0.192162 -2.158362 2.768402 -0.042155 -2.148621 2.768047 -0.192155 -2.148507 2.768188 0.032855 -2.138830 2.768398 -0.192148 -2.138658 2.768608 0.107852 -2.138887 2.768328 0.107843 -2.148736 2.767906 0.107836 -2.158591 2.768120 0.107829 -2.168327 2.768967 0.107810 -2.206255 2.778704 0.107813 -2.197070 2.775366 0.032816 -2.197013 2.775434 0.107818 -2.187606 2.772610 -0.042181 -2.187492 2.772749 0.107825 -2.177984 2.770466 -0.117178 -2.177813 2.770676 -0.192176 -2.177755 2.770746 -0.192181 -2.187377 2.772890 -0.192187 -2.196841 2.775646 0.107802 -2.240371 2.797926 0.107802 -2.232363 2.792324 0.032806 -2.232306 2.792393 0.107804 -2.223935 2.787212 -0.042196 -2.223820 2.787352 0.107807 -2.215196 2.782650 -0.117196 -2.215024 2.782860 -0.192193 -2.214966 2.782930 -0.192196 -2.223706 2.787491 -0.192197 -2.232134 2.792603 -0.192198 -2.240142 2.798206 -0.192194 -2.268120 2.825602 -0.117198 -2.261893 2.818048 -0.192196 -2.261835 2.818117 -0.042198 -2.255132 2.810858 -0.192196 -2.255017 2.810999 0.032804 -2.247928 2.804121 -0.192197 -2.247756 2.804333 0.107802 -2.247985 2.804050 0.107802 -2.255246 2.810719 0.107804 -2.262064 2.817837 0.107807 -2.268349 2.825321 -0.192178 -2.288055 2.859306 -0.117185 -2.283978 2.850380 -0.192182 -2.283922 2.850450 -0.042188 -2.279292 2.841669 -0.192187 -2.279179 2.841808 0.032812 -2.274062 2.833279 -0.192190 -2.273890 2.833488 0.107809 -2.274119 2.833210 0.107813 -2.279408 2.841528 0.107818 -2.284151 2.850170 0.107823 -2.288284 2.859026 -0.192150 -2.298587 2.897020 -0.117161 -2.296943 2.887327 -0.192158 -2.296886 2.887396 -0.042165 -2.294656 2.877682 -0.192166 -2.294541 2.877823 0.032832 -2.291758 2.868208 -0.192171 -2.291585 2.868420 0.107829 -2.291815 2.868137 0.107835 -2.294770 2.877542 0.107842 -2.297115 2.887117 0.107849 -2.298816 2.896740 -0.192114 -2.298999 2.936176 -0.117127 -2.299904 2.926371 -0.192123 -2.299847 2.926439 -0.042133 -2.300174 2.916447 -0.192132 -2.300060 2.916584 0.032860 -2.299811 2.906527 -0.192142 -2.299639 2.906736 0.107858 -2.299868 2.906456 0.107867 -2.300289 2.916306 0.107876 -2.300076 2.926161 0.107885 -2.299228 2.935896 -0.117085 -2.292658 2.964849 -0.192082 -2.292601 2.964920 -0.042093 -2.295472 2.955317 -0.192093 -2.295357 2.955456 0.032899 -2.297672 2.945623 -0.192104 -2.297500 2.945833 0.107896 -2.297729 2.945553 0.107907 -2.295586 2.955175 0.107917 -2.292830 2.964640 0.107928 -2.289492 2.973824 -0.192025 -2.270041 3.008221 -0.117039 -2.275701 3.000141 -0.192035 -2.275643 3.000212 -0.042048 -2.280870 2.991644 -0.192048 -2.280755 2.991783 0.032943 -2.285488 2.982834 -0.192060 -2.285316 2.983044 0.107941 -2.285545 2.982765 0.107952 -2.280984 2.991505 0.107964 -2.275872 2.999931 0.107976 -2.270271 3.007940 -0.191976 -2.242645 3.036200 -0.116992 -2.250186 3.029844 -0.191989 -2.250129 3.029913 -0.042001 -2.257363 3.022955 -0.192001 -2.257249 3.023096 0.032990 -2.264087 3.015625 -0.192013 -2.263916 3.015835 0.107988 -2.264145 3.015554 0.107999 -2.257478 3.022816 0.108010 -2.250358 3.029633 0.108022 -2.242874 3.035917 -0.191933 -2.208941 3.056133 -0.116946 -2.217854 3.051929 -0.191943 -2.217797 3.051998 -0.041955 -2.226553 3.047115 -0.191955 -2.226438 3.047255 0.033037 -2.234929 3.041758 -0.191965 -2.234757 3.041969 0.108034 -2.234987 3.041687 0.108046 -2.226667 3.046974 0.108055 -2.218026 3.051718 0.108067 -2.209171 3.055853 -0.191894 -2.171227 3.066666 -0.116906 -2.180908 3.064894 -0.191903 -2.180850 3.064964 -0.041912 -2.190539 3.062479 -0.191913 -2.190425 3.062620 0.033081 -2.200001 3.059456 -0.191922 -2.199829 3.059666 0.108077 -2.200059 3.059385 0.108086 -2.190654 3.062340 0.108096 -2.181080 3.064684 -0.191871 -2.141807 3.067924 -0.191879 -2.151662 3.068138 -0.191885 -2.161511 3.067718 -0.532239 -2.541232 3.000942 -0.532125 -2.428181 3.030363 -0.532142 -2.433471 3.016157 -0.532158 -2.438059 3.001625 -0.532176 -2.441915 2.986881 -0.532192 -2.445005 2.972040 -0.532219 -2.537266 3.017904 -0.532201 -2.532547 3.034740 -0.532181 -2.527104 3.051357 -0.532160 -2.520966 3.067657 -0.532141 -2.514115 3.083672 -0.532120 -2.506544 3.099434 -0.532100 -2.498298 3.114853 -0.532079 -2.489423 3.129841 -0.532309 -2.549605 2.931725 -0.532293 -2.548644 2.949116 -0.532275 -2.546921 2.966516 -0.532256 -2.544446 2.983826 -0.532208 -2.447328 2.957060 -0.532224 -2.448897 2.941902 -0.532238 -2.449706 2.926685 -0.532252 -2.449744 2.911526 -0.532371 -2.545831 2.862102 -0.532357 -2.547905 2.879395 -0.532342 -2.549229 2.896830 -0.532326 -2.549798 2.914307 -0.532265 -2.449003 2.896383 -0.532279 -2.447489 2.881220 -0.532291 -2.445218 2.866150 -0.532303 -2.442204 2.851292 -0.532423 -2.530025 2.794193 -0.532410 -2.535071 2.810863 -0.532399 -2.539402 2.827805 -0.532386 -2.542997 2.844915 -0.532314 -2.438431 2.836611 -0.532323 -2.433896 2.822063 -0.532333 -2.428638 2.807758 -0.532342 -2.422695 2.793814 -0.532462 -2.502666 2.730059 -0.532453 -2.510531 2.745600 -0.532444 -2.517738 2.761532 -0.532434 -2.524249 2.777760 -0.532349 -2.416043 2.780191 -0.532357 -2.408672 2.766853 -0.532361 -2.400643 2.753902 -0.532367 -2.392014 2.741438 -0.532488 -2.464587 2.671650 -0.532483 -2.475030 2.685589 -0.532476 -2.484894 2.700029 -0.532470 -2.494124 2.714880 -0.532371 -2.382756 2.729433 -0.532374 -2.372852 2.717852 -0.532377 -2.362380 2.706779 -0.532378 -2.351418 2.696310 -0.532499 -2.416944 2.620743 -0.532497 -2.429649 2.632658 -0.532494 -2.441870 2.645163 -0.532492 -2.453539 2.658186 -0.532496 -2.361184 2.578880 -0.532497 -2.375765 2.588409 -0.532499 -2.389972 2.598602 -0.532499 -2.403725 2.609400 -0.532378 -2.339932 2.686415 -0.532378 -2.327900 2.677063 -0.532376 -2.315413 2.668327 -0.532376 -2.302568 2.660274 -0.532477 -2.299002 2.547340 -0.532482 -2.315016 2.554190 -0.532488 -2.330777 2.561760 -0.532493 -2.346196 2.570007 -0.532372 -2.289326 2.652895 -0.532367 -2.275657 2.646160 -0.532363 -2.261668 2.640116 -0.532355 -2.247466 2.634815 -0.532445 -2.232288 2.527073 -0.532454 -2.249248 2.531040 -0.532463 -2.266085 2.535757 -0.532471 -2.282702 2.541201 -0.532349 -2.233009 2.630251 -0.532342 -2.218264 2.626404 -0.532333 -2.203345 2.623301 -0.532324 -2.188366 2.620966 -0.532400 -2.163068 2.518700 -0.532413 -2.180459 2.519659 -0.532424 -2.197860 2.521383 -0.532434 -2.215169 2.523857 -0.532314 -2.173286 2.619406 -0.532304 -2.158069 2.618607 -0.532291 -2.142830 2.618568 -0.532278 -2.127687 2.619299 -0.532343 -2.093446 2.522472 -0.532359 -2.110740 2.520401 -0.532373 -2.128175 2.519075 -0.532387 -2.145651 2.518507 -0.532266 -2.112603 2.620804 -0.532252 -2.097535 2.623085 -0.532238 -2.082601 2.626116 -0.532224 -2.067916 2.629879 -0.532276 -2.025536 2.538280 -0.532295 -2.042207 2.533236 -0.532311 -2.059148 2.528904 -0.532327 -2.076260 2.525309 -0.532208 -2.053443 2.634392 -0.532193 -2.039143 2.639656 -0.532176 -2.025124 2.645632 -0.532161 -2.011497 2.652275 -0.532202 -1.961403 2.565638 -0.532221 -1.976945 2.557774 -0.532240 -1.992876 2.550566 -0.532258 -2.009104 2.544056 -0.532122 -1.902996 2.603718 -0.532142 -1.916935 2.593273 -0.532163 -1.931373 2.583410 -0.532183 -1.946224 2.574181 -0.532142 -1.998230 2.659609 -0.532126 -1.985282 2.667644 -0.532107 -1.972753 2.676319 -0.532090 -1.960742 2.685570 -0.532039 -1.852087 2.651361 -0.532059 -1.864002 2.638657 -0.532080 -1.876507 2.626434 -0.532101 -1.889530 2.614765 -0.532071 -1.949222 2.695423 -0.532052 -1.938157 2.705902 -0.532035 -1.927631 2.716921 -0.532017 -1.917728 2.728397 -0.531954 -1.810226 2.707121 -0.531975 -1.819753 2.692539 -0.531997 -1.829947 2.678333 -0.532017 -1.840745 2.664579 -0.531999 -1.908427 2.740368 -0.531981 -1.899698 2.752861 -0.531962 -1.891606 2.765774 -0.531945 -1.884216 2.779009 -0.531872 -1.778683 2.769302 -0.531892 -1.785534 2.753288 -0.531914 -1.793105 2.737526 -0.531933 -1.801351 2.722109 -0.531926 -1.877516 2.792610 -0.531909 -1.871481 2.806601 -0.531891 -1.866153 2.820879 -0.531874 -1.861578 2.835331 -0.531795 -1.758417 2.836016 -0.531814 -1.762384 2.819057 -0.531833 -1.767103 2.802219 -0.531853 -1.772546 2.785603 -0.531857 -1.857751 2.850002 -0.531842 -1.854656 2.864922 -0.531825 -1.852312 2.879978 -0.531810 -1.850741 2.895058 -0.531724 -1.750044 2.905237 -0.531740 -1.751005 2.887846 -0.531759 -1.752728 2.870445 -0.531776 -1.755203 2.853136 -0.531796 -1.849946 2.910196 -0.531781 -1.849917 2.925434 -0.531768 -1.850652 2.940657 -0.531754 -1.852148 2.955742 -0.531660 -1.753818 2.974859 -0.531676 -1.751744 2.957565 -0.531691 -1.750420 2.940130 -0.531708 -1.749851 2.922653 -0.531742 -1.854417 2.970732 -0.531731 -1.857457 2.985662 -0.531720 -1.861241 3.000425 -0.531710 -1.865742 3.014902 -0.531610 -1.769624 3.042768 -0.531622 -1.764579 3.026096 -0.531634 -1.760247 3.009157 -0.531647 -1.756652 2.992046 -0.531570 -1.796983 3.106901 -0.531579 -1.789118 3.091362 -0.531590 -1.781911 3.075428 -0.531598 -1.775400 3.059200 -0.531700 -1.870981 3.029127 -0.531691 -1.876965 3.043142 -0.531685 -1.883643 3.056839 -0.531676 -1.890967 3.070112 -0.531545 -1.835062 3.165308 -0.531551 -1.824619 3.151369 -0.531557 -1.814755 3.136932 -0.531564 -1.805525 3.122080 -0.531672 -1.898963 3.082993 -0.531667 -1.907645 3.095516 -0.531662 -1.916943 3.107590 -0.531659 -1.926789 3.119118 -0.531535 -1.882706 3.216217 -0.531537 -1.870001 3.204302 -0.531539 -1.857779 3.191797 -0.531541 -1.846110 3.178776 -0.531657 -1.937215 3.130123 -0.531655 -1.948240 3.140642 -0.531655 -1.959778 3.150597 -0.531655 -1.971742 3.159906 -0.531538 -1.938465 3.258078 -0.531536 -1.923884 3.248550 -0.531535 -1.909677 3.238359 -0.531535 -1.895924 3.227560 -0.531656 -1.984170 3.168589 -0.531659 -1.997087 3.176674 -0.531662 -2.010393 3.184101 -0.531666 -2.023987 3.190811 -0.531556 -2.000647 3.289621 -0.531550 -1.984633 3.282770 -0.531546 -1.968872 3.275198 -0.531541 -1.953453 3.266952 -0.531670 -2.037907 3.196815 -0.531678 -2.052188 3.202133 -0.531684 -2.066716 3.206730 -0.531691 -2.081382 3.210567 -0.531588 -2.067361 3.309887 -0.531579 -2.050401 3.305922 -0.531570 -2.033565 3.301201 -0.531563 -2.016948 3.295757 -0.531699 -2.096226 3.213648 -0.531709 -2.111285 3.215982 -0.531720 -2.126442 3.217560 -0.531731 -2.141581 3.218365 -0.531633 -2.136581 3.318260 -0.531621 -2.119190 3.317301 -0.531608 -2.101790 3.315577 -0.531597 -2.084480 3.313103 -0.531690 -2.206204 3.314487 -0.531674 -2.188910 3.316561 -0.531660 -2.171474 3.317884 -0.531647 -2.153998 3.318453 -0.531741 -2.156740 3.218393 -0.531754 -2.171961 3.217651 -0.531767 -2.187125 3.216145 -0.531782 -2.202116 3.213888 -0.531757 -2.274113 3.298681 -0.531739 -2.257442 3.303726 -0.531722 -2.240501 3.308058 -0.531706 -2.223389 3.311653 -0.531795 -2.216971 3.210861 -0.531810 -2.231730 3.207069 -0.531825 -2.246281 3.202543 -0.531840 -2.260511 3.197315 -0.531832 -2.338246 3.271320 -0.531812 -2.322705 3.279186 -0.531793 -2.306773 3.286394 -0.531774 -2.290546 3.292906 -0.531858 -2.274453 3.191360 -0.531873 -2.288147 3.184677 -0.531890 -2.301489 3.177313 -0.531908 -2.314374 3.169327 -0.531911 -2.396654 3.233242 -0.531891 -2.382714 3.243687 -0.531871 -2.368277 3.253550 -0.531851 -2.353426 3.262779 -0.531925 -2.326832 3.160688 -0.531944 -2.338900 3.151382 -0.531962 -2.350486 3.141483 -0.531980 -2.361500 3.131067 -0.531994 -2.447562 3.185600 -0.531974 -2.435647 3.198303 -0.531953 -2.423142 3.210525 -0.531932 -2.410119 3.222195 -0.531999 -2.371964 3.120098 -0.532016 -2.381913 3.108555 -0.532035 -2.391270 3.096527 -0.532054 -2.399961 3.084106 -0.532058 -2.479896 3.144421 -0.532036 -2.469703 3.158628 -0.532016 -2.458904 3.172380 -0.532071 -2.408002 3.071255 -0.532090 -2.415422 3.057945 -0.532107 -2.422167 3.044279 -0.447111 -2.422232 3.044199 -0.362089 -2.415553 3.057785 -0.277068 -2.408197 3.071018 -0.447179 -2.441981 2.986803 -0.362160 -2.438190 3.001467 -0.277139 -2.433666 3.015919 -0.447242 -2.449771 2.926605 -0.362223 -2.449027 2.941742 -0.277205 -2.447522 2.956821 -0.447294 -2.445283 2.866070 -0.362279 -2.447619 2.881062 -0.277263 -2.449198 2.896145 -0.447337 -2.428703 2.807682 -0.362325 -2.434026 2.821903 -0.277311 -2.438625 2.836372 -0.447365 -2.400708 2.753822 -0.362357 -2.408802 2.766695 -0.277346 -2.416238 2.779953 -0.447380 -2.362444 2.706701 -0.362374 -2.372981 2.717693 -0.277367 -2.382951 2.729197 -0.447379 -2.315478 2.668249 -0.362377 -2.328030 2.676907 -0.277376 -2.340128 2.686176 -0.447366 -2.261733 2.640038 -0.362366 -2.275788 2.646000 -0.277368 -2.289521 2.652657 -0.447336 -2.203410 2.623220 -0.362342 -2.218394 2.626245 -0.277346 -2.233204 2.630012 -0.447295 -2.142895 2.618488 -0.362303 -2.158198 2.618446 -0.277311 -2.173481 2.619167 -0.447241 -2.082666 2.626038 -0.362252 -2.097665 2.622927 -0.277263 -2.112798 2.620567 -0.447180 -2.025190 2.645554 -0.362193 -2.039273 2.639498 -0.277205 -2.053638 2.634153 -0.447110 -1.972818 2.676241 -0.362125 -1.985412 2.667486 -0.277139 -1.998424 2.659370 -0.447039 -1.927697 2.716843 -0.362054 -1.938287 2.705742 -0.277069 -1.949417 2.695183 -0.446966 -1.891671 2.765694 -0.361981 -1.899828 2.752703 -0.276996 -1.908622 2.740131 -0.446895 -1.866217 2.820799 -0.361909 -1.871610 2.806442 -0.276923 -1.877710 2.792370 -0.446829 -1.852377 2.879900 -0.361842 -1.854786 2.864763 -0.276854 -1.857947 2.849762 -0.446771 -1.850717 2.940577 -0.361781 -1.850047 2.925278 -0.276792 -1.850141 2.909958 -0.446722 -1.861305 3.000345 -0.361730 -1.857586 2.985504 -0.276739 -1.854612 2.970493 -0.446688 -1.883708 3.056759 -0.361692 -1.877095 3.042982 -0.276697 -1.871177 3.028889 -0.446665 -1.917008 3.107510 -0.361666 -1.907775 3.095356 -0.276669 -1.899158 3.082754 -0.446658 -1.959843 3.150516 -0.361655 -1.948369 3.140484 -0.276654 -1.937409 3.129885 -0.446665 -2.010458 3.184023 -0.361659 -1.997217 3.176516 -0.276654 -1.984364 3.168350 -0.446688 -2.066781 3.206652 -0.361678 -2.052317 3.201975 -0.276668 -2.038102 3.196577 -0.446722 -2.126507 3.217482 -0.361709 -2.111415 3.215824 -0.276697 -2.096421 3.213407 -0.446770 -2.187190 3.216066 -0.361754 -2.172091 3.217491 -0.276739 -2.156935 3.218155 -0.446828 -2.246346 3.202465 -0.361810 -2.231860 3.206911 -0.276792 -2.217166 3.210625 -0.446893 -2.301553 3.177235 -0.361873 -2.288276 3.184517 -0.276854 -2.274647 3.191122 -0.446965 -2.350551 3.141405 -0.361945 -2.339030 3.151224 -0.276922 -2.327027 3.160450 -0.447039 -2.391334 3.096447 -0.362017 -2.382042 3.108395 -0.276996 -2.372159 3.119860 -0.115764 -1.767199 3.949280 -0.040773 -1.794864 3.959045 0.034216 -1.822780 3.968073 0.109201 -1.850887 3.976345 0.109214 -1.822838 3.968002 0.109228 -1.794979 3.958904 0.109239 -1.767371 3.949070 0.109250 -1.740075 3.938522 -0.115725 -1.659760 3.902735 -0.040732 -1.686223 3.915377 0.034262 -1.713014 3.927315 0.109260 -1.713072 3.927246 0.109269 -1.686338 3.915237 0.109277 -1.659932 3.902523 0.109285 -1.633912 3.889133 -0.115701 -1.557877 3.845032 -0.040703 -1.582839 3.860409 0.034294 -1.608203 3.875120 0.109292 -1.608260 3.875051 0.109296 -1.582954 3.860270 0.109301 -1.558049 3.844822 0.109304 -1.533600 3.828741 -0.115693 -1.462704 3.776827 -0.040690 -1.485884 3.794765 0.034310 -1.509533 3.812080 0.109307 -1.509590 3.812012 0.109309 -1.485999 3.794624 0.109310 -1.462877 3.776615 0.109311 -1.440275 3.758028 -0.115699 -1.375321 3.698891 -0.040694 -1.396455 3.719185 0.034312 -1.418122 3.738913 0.109309 -1.418179 3.738842 0.109306 -1.396570 3.719044 0.109304 -1.375493 3.698681 0.109299 -1.354996 3.677795 -0.115720 -1.296717 3.612108 -0.040711 -1.315567 3.634529 0.034298 -1.335007 3.656439 0.109295 -1.335064 3.656368 0.109290 -1.315681 3.634388 0.109283 -1.296889 3.611898 0.109275 -1.278728 3.588953 -0.115755 -1.227782 3.517464 -0.040743 -1.244136 3.541752 0.034270 -1.261130 3.565601 0.109268 -1.261187 3.565531 0.109257 -1.244251 3.541613 0.109247 -1.227954 3.517254 0.109237 -1.212335 3.492508 -0.115804 -1.169298 3.416027 -0.040788 -1.182970 3.441910 0.034227 -1.197326 3.467422 0.109224 -1.197384 3.467354 0.109212 -1.183085 3.441772 0.109197 -1.169471 3.415817 0.109182 -1.156570 3.389551 -0.115870 -1.121927 3.308948 -0.040848 -1.132764 3.336132 0.034170 -1.144319 3.363020 0.109167 -1.144375 3.362949 0.109151 -1.132876 3.335995 0.109134 -1.122097 3.308741 0.109115 -1.112064 3.281250 -0.115946 -1.086207 3.197443 -0.040924 -1.094085 3.225616 0.034099 -1.102710 3.253574 0.109096 -1.102770 3.253502 0.109077 -1.094202 3.225475 0.109057 -1.086379 3.197233 0.109035 -1.079322 3.168833 -0.116036 -1.062541 3.082771 -0.041008 -1.067373 3.111618 0.034017 -1.072971 3.140326 0.109014 -1.073027 3.140255 0.108991 -1.067486 3.111477 0.108967 -1.062711 3.082561 0.108944 -1.058715 3.053572 -0.116135 -1.051198 2.966234 -0.041107 -1.052930 2.995422 0.033921 -1.055437 3.024557 0.108919 -1.055496 3.024487 0.108893 -1.053044 2.995281 0.108867 -1.051369 2.966022 0.108840 -1.050476 2.936771 -0.116245 -1.052307 2.849150 -0.041214 -1.050919 2.878351 0.033816 -1.050308 2.907579 0.108814 -1.050366 2.907509 0.108785 -1.051034 2.878210 0.108758 -1.052478 2.848940 0.108728 -1.054699 2.819759 -0.116364 -1.065855 2.732847 -0.041331 -1.061363 2.761728 0.033702 -1.057642 2.790722 0.108699 -1.057700 2.790651 0.108669 -1.061478 2.761589 0.108638 -1.066025 2.732637 0.108607 -1.071336 2.703859 -0.116491 -1.091688 2.618645 -0.041457 -1.084144 2.646877 0.033578 -1.077355 2.675304 0.108575 -1.077414 2.675234 0.108544 -1.084259 2.646738 0.108512 -1.091859 2.618433 0.108479 -1.100197 2.590384 -0.116623 -1.129513 2.507835 -0.041587 -1.119005 2.535101 0.033450 -1.109225 2.562637 0.108447 -1.109284 2.562567 0.108413 -1.119120 2.534962 0.108379 -1.129685 2.507624 0.108346 -1.140957 2.480619 -0.116760 -1.178903 2.401672 -0.041723 -1.165549 2.427660 0.033315 -1.152891 2.453995 0.108311 -1.152948 2.453926 0.108277 -1.165663 2.427521 0.108244 -1.179075 2.401463 0.108208 -1.193154 2.375809 -0.116899 -1.239297 2.301363 -0.041862 -1.223249 2.325777 0.033176 -1.207856 2.350611 0.108173 -1.207914 2.350540 0.108138 -1.223365 2.325638 0.108103 -1.239471 2.301151 0.108067 -1.256195 2.277138 -0.117040 -1.310011 2.208038 -0.042003 -1.291452 2.230602 0.033035 -1.273500 2.253653 0.108033 -1.273556 2.253582 0.107996 -1.291566 2.230461 0.107961 -1.310184 2.207828 0.107927 -1.329367 2.185730 -0.117182 -1.390245 2.122761 -0.042144 -1.369385 2.143219 0.032895 -1.349078 2.164223 0.107892 -1.349134 2.164154 0.107856 -1.369500 2.143078 0.107821 -1.390418 2.122551 0.107786 -1.411841 2.102617 -0.117321 -1.479089 2.046494 -0.042284 -1.456165 2.064611 0.032753 -1.433733 2.083332 0.107751 -1.433789 2.083261 0.107717 -1.456279 2.064472 0.107681 -1.479261 2.046284 0.107648 -1.502682 2.028740 -0.117457 -1.575535 1.980103 -0.042420 -1.550809 1.995674 0.032616 -1.526507 2.011900 0.107614 -1.526563 2.011829 0.107580 -1.550923 1.995535 0.107545 -1.575707 1.979893 0.107513 -1.600861 1.964939 -0.117587 -1.678493 1.924341 -0.042553 -1.652244 1.937189 0.032482 -1.626348 1.950731 0.107480 -1.626405 1.950661 0.107447 -1.652359 1.937050 0.107415 -1.678665 1.924131 0.107384 -1.705265 1.911936 -0.117711 -1.786794 1.879837 -0.042679 -1.759321 1.889816 0.032355 -1.732125 1.900524 0.107352 -1.732182 1.900452 0.107321 -1.759435 1.889675 0.107291 -1.786966 1.879627 0.107260 -1.814712 1.870327 -0.117828 -1.899212 1.847097 -0.042796 -1.870827 1.854095 0.032234 -1.842640 1.861843 0.107232 -1.842697 1.861774 0.107202 -1.870942 1.853954 0.107175 -1.899384 1.846888 0.107146 -1.927962 1.840590 -0.117936 -2.014473 1.826494 -0.042907 -1.985498 1.830425 0.032123 -1.956640 1.835129 0.107120 -1.956697 1.835060 0.107093 -1.985613 1.830288 0.107068 -2.014645 1.826284 0.107041 -2.043730 1.823059 -0.118032 -2.131272 1.818256 -0.043007 -2.102036 1.819080 0.032020 -2.072834 1.820683 0.107017 -2.072891 1.820612 0.106993 -2.102151 1.818941 0.106970 -2.131444 1.818047 0.106948 -2.160707 1.817932 -0.118118 -2.248284 1.822483 -0.043095 -2.219119 1.820187 0.031929 -2.189905 1.818670 0.106927 -2.189963 1.818600 0.106904 -2.219234 1.820045 0.106885 -2.248456 1.822271 0.106865 -2.277566 1.825268 -0.118191 -2.364185 1.839121 -0.043171 -2.335421 1.833733 0.031850 -2.306527 1.829111 0.106846 -2.306585 1.829042 0.106829 -2.335536 1.833591 0.106812 -2.364357 1.838909 0.106796 -2.392982 1.844986 -0.118250 -2.477660 1.867985 -0.043235 -2.449625 1.859564 0.031784 -2.421379 1.851891 0.106780 -2.421436 1.851822 0.106765 -2.449740 1.859425 0.106752 -2.477832 1.867773 0.106741 -2.505650 1.876858 -0.118295 -2.587424 1.908747 -0.043284 -2.560436 1.897388 0.031731 -2.533158 1.886749 0.106728 -2.533215 1.886681 0.106717 -2.560550 1.897249 0.106706 -2.587595 1.908539 0.106697 -2.614291 1.920525 -0.118327 -2.692234 1.960945 -0.043319 -2.666599 1.946775 0.031692 -2.640599 1.933292 0.106690 -2.640657 1.933220 0.106681 -2.666713 1.946634 0.106676 -2.692405 1.960737 0.106670 -2.717675 1.975494 -0.118343 -2.790901 2.023991 -0.043339 -2.766911 2.007168 0.031668 -2.742484 1.990990 0.106664 -2.742542 1.990917 0.106661 -2.767025 2.007027 0.106658 -2.791073 2.023779 0.106657 -2.814631 2.041138 -0.118346 -2.882308 2.097162 -0.043344 -2.860235 2.077881 0.031658 -2.837659 2.059191 0.106656 -2.837717 2.059122 0.106656 -2.860350 2.077740 0.106657 -2.882480 2.096952 0.106658 -2.904060 2.116718 -0.118333 -2.965420 2.179638 -0.043335 -2.945514 2.158112 0.031665 -2.925046 2.137123 0.106661 -2.925103 2.137053 0.106665 -2.945629 2.157970 0.106670 -2.965592 2.179428 0.106677 -2.984948 2.201374 -0.118304 -3.039294 2.270481 -0.043310 -3.021782 2.246952 0.031686 -3.003654 2.223902 0.106682 -3.003711 2.223831 0.106690 -3.021896 2.246815 0.106699 -3.039466 2.270271 0.106709 -3.056380 2.294151 -0.118262 -3.103094 2.368660 -0.043270 -3.088175 2.343399 0.031722 -3.072592 2.318544 0.106718 -3.072650 2.318474 0.106729 -3.088289 2.343258 0.106741 -3.103266 2.368450 0.106754 -3.117546 2.393993 -0.118205 -3.156097 2.473064 -0.043216 -3.143940 2.446356 0.031771 -3.131080 2.419979 0.106769 -3.131138 2.419909 0.106784 -3.144056 2.446215 0.106798 -3.156270 2.472855 0.106816 -3.167752 2.499771 -0.118133 -3.197701 2.582514 -0.043149 -3.188445 2.554657 0.031834 -3.178455 2.527054 0.106833 -3.178512 2.526985 0.106851 -3.188559 2.554516 0.106869 -3.197873 2.582304 0.106889 -3.206431 2.610287 -0.118049 -3.227437 2.695763 -0.043070 -3.221187 2.667072 0.031912 -3.214180 2.638559 0.106909 -3.214238 2.638489 0.106930 -3.221303 2.666933 0.106951 -3.227610 2.695553 0.106976 -3.233143 2.724289 -0.117956 -3.244966 2.811531 -0.042977 -3.241794 2.782333 0.032002 -3.237851 2.753231 0.106998 -3.237907 2.753162 0.107022 -3.241909 2.782194 0.107046 -3.245139 2.811321 0.107072 -3.247587 2.840481 -0.117850 -3.250090 2.928509 -0.042875 -3.250033 2.899132 0.032101 -3.249198 2.869768 0.107098 -3.249254 2.869698 0.107125 -3.250147 2.898991 0.107153 -3.250263 2.928299 0.107181 -3.249598 2.957556 -0.117735 -3.242752 3.045368 -0.042763 -3.245810 3.016144 0.032211 -3.248094 2.986853 0.107209 -3.248151 2.986782 0.107237 -3.245925 3.016005 0.107267 -3.242925 3.045158 0.107297 -3.239153 3.074177 -0.117613 -3.223034 3.160782 -0.042641 -3.229174 3.132044 0.032331 -3.234551 3.103153 0.107329 -3.234607 3.103085 0.107359 -3.229287 3.131905 0.107390 -3.223205 3.160574 0.107422 -3.216372 3.189028 -0.117483 -3.191159 3.273449 -0.042514 -3.200312 3.245520 0.032457 -3.208723 3.217358 0.107454 -3.208780 3.217289 0.107486 -3.200427 3.245380 0.107519 -3.191331 3.273239 0.107552 -3.181512 3.300804 -0.117349 -3.147490 3.382090 -0.042379 -3.159552 3.355286 0.032589 -3.170902 3.328171 0.107586 -3.170958 3.328098 0.107620 -3.159666 3.355144 0.107654 -3.147660 3.381880 0.107689 -3.134968 3.408245 -0.117210 -3.092519 3.485472 -0.042242 -3.107356 3.460094 0.032726 -3.121516 3.434334 0.107722 -3.121574 3.434265 0.107758 -3.107471 3.459953 0.107793 -3.092690 3.485262 0.107828 -3.077267 3.510132 -0.117069 -3.026872 3.582426 -0.042102 -3.044315 3.558762 0.032866 -3.061126 3.534647 0.107863 -3.061184 3.534576 0.107898 -3.044430 3.558624 0.107934 -3.027043 3.582216 0.107969 -3.009063 3.605305 -0.116928 -2.951291 3.671854 -0.041962 -2.971143 3.650173 0.033008 -2.990415 3.627974 0.108004 -2.990473 3.627905 0.108039 -2.971257 3.650032 0.108075 -2.951462 3.671642 0.108110 -2.931130 3.692690 -0.116788 -2.866632 3.752739 -0.041820 -2.888669 3.733286 0.033147 -2.910185 3.713253 0.108146 -2.910243 3.713186 0.108181 -2.888784 3.733147 0.108215 -2.866803 3.752529 0.108249 -2.844350 3.771296 -0.116649 -2.773855 3.824169 -0.041682 -2.797829 3.807161 0.033287 -2.821344 3.789524 0.108284 -2.821403 3.789455 0.108318 -2.797945 3.807022 0.108353 -2.774028 3.823961 0.108387 -2.749706 3.840233 -0.116517 -2.674012 3.885334 -0.041546 -2.699650 3.870964 0.033422 -2.724900 3.855917 0.108420 -2.724957 3.855848 0.108453 -2.699764 3.870821 0.108486 -2.674183 3.885122 0.108519 -2.648270 3.898720 -0.116390 -2.568233 3.935537 -0.041418 -2.595246 3.923969 0.033553 -2.621945 3.911684 0.108550 -2.622004 3.911617 0.108583 -2.595362 3.923830 0.108614 -2.568405 3.935329 0.108645 -2.541193 3.946091 -0.116268 -2.457716 3.974215 -0.041294 -2.485800 3.965574 0.033678 -2.513645 3.956192 0.108675 -2.513702 3.956123 0.108706 -2.485914 3.965433 0.108733 -2.457888 3.974003 0.108762 -2.429686 3.981813 -0.116156 -2.343715 4.000923 -0.041181 -2.372550 3.995312 0.033794 -2.401228 3.988937 0.108791 -2.401286 3.988867 0.108819 -2.372665 3.995172 0.108846 -2.343887 4.000713 0.108872 -2.315015 4.005482 -0.116054 -2.227520 4.015366 -0.041077 -2.256782 4.012844 0.033901 -2.285968 4.009546 0.108899 -2.286025 4.009476 0.108924 -2.256896 4.012703 0.108948 -2.227692 4.015156 0.108972 -2.198477 4.016827 -0.115963 -2.110449 4.017374 -0.040983 -2.139806 4.017969 0.033999 -2.169170 4.017788 0.108996 -2.169227 4.017717 0.109017 -2.139920 4.017830 0.109039 -2.110621 4.017164 0.109060 -2.081393 4.015720 -0.115884 -1.993828 4.006927 -0.040901 -2.022947 4.010633 0.034084 -2.052157 4.013567 0.109080 -2.052215 4.013496 0.109100 -2.023062 4.010494 0.109120 -1.993999 4.006718 0.109137 -1.965091 4.002176 -0.115816 -1.878977 3.984144 -0.040829 -1.907531 3.990917 0.034157 -1.936256 3.996933 0.109155 -1.936314 3.996864 0.109171 -1.907645 3.990778 0.109186 -1.879149 3.983932 0.108159 -2.084641 3.052727 0.108161 -2.075146 3.047663 0.108163 -2.066028 3.041946 0.108164 -2.057427 3.035664 0.108133 -2.135849 3.067184 0.108141 -2.125292 3.065767 0.108145 -2.114754 3.063581 0.108151 -2.104395 3.060667 0.108100 -2.178498 3.065212 0.108108 -2.167969 3.066826 0.108118 -2.157243 3.067699 0.108125 -2.146482 3.067821 0.108055 -2.218863 3.051304 0.108067 -2.209217 3.055820 0.108078 -2.199171 3.059679 0.108088 -2.188880 3.062826 0.108163 -2.049311 3.028763 0.108163 -2.041628 3.021229 0.108160 -2.034489 3.013176 0.108157 -2.028007 3.004723 0.108154 -2.022163 2.995815 0.108149 -2.016913 2.986422 0.108143 -2.012333 2.976685 0.108137 -2.008496 2.966747 0.108130 -2.005399 2.956554 0.108122 -2.003009 2.946062 0.108113 -2.001356 2.935429 0.108103 -2.000474 2.924812 0.108094 -2.000373 2.914160 0.108083 -2.001036 2.903419 0.108072 -2.002447 2.892750 0.108060 -2.004591 2.882317 0.108049 -2.007496 2.872068 0.108025 -2.015518 2.852112 0.108012 -2.020513 2.842703 0.107999 -2.026187 2.833687 0.107986 -2.032552 2.825010 0.107972 -2.039507 2.816799 0.107960 -2.046952 2.809179 0.107948 -2.054935 2.802128 0.107935 -2.063487 2.795595 0.107923 -2.072475 2.789677 0.107911 -2.081764 2.784462 0.107898 -2.091410 2.779945 0.107887 -2.101456 2.776085 0.107877 -2.111747 2.772938 0.107867 -2.122129 2.770554 0.107858 -2.132658 2.768940 0.107848 -2.143384 2.768066 0.107840 -2.154145 2.767944 0.107833 -2.164778 2.768581 0.107826 -2.175336 2.769999 0.107820 -2.185873 2.772182 0.107815 -2.196232 2.775097 0.107807 -2.215986 2.783037 0.107804 -2.225481 2.788103 0.107802 -2.234599 2.793819 0.107801 -2.243200 2.800102 0.107802 -2.251316 2.807001 0.107803 -2.259000 2.814537 0.107806 -2.266138 2.822590 0.107808 -2.272620 2.831043 0.107812 -2.278464 2.839949 0.107816 -2.283714 2.849342 0.107823 -2.288295 2.859081 0.107829 -2.292131 2.869019 0.107836 -2.295228 2.879211 0.107844 -2.297619 2.889704 0.107852 -2.299271 2.900337 0.107862 -2.300153 2.910952 0.107871 -2.300254 2.921604 0.107882 -2.299591 2.932344 0.107893 -2.298180 2.943014 0.107905 -2.296036 2.953449 0.107916 -2.293132 2.963696 0.107942 -2.285110 2.983654 0.107954 -2.280114 2.993061 0.107966 -2.274440 3.002077 0.107979 -2.268075 3.010754 0.107993 -2.261120 3.018967 0.108005 -2.253675 3.026587 0.108018 -2.245692 3.033638 0.108030 -2.237140 3.040169 0.108043 -2.228153 3.046089 -0.447184 -2.527169 3.051279 -0.362201 -2.532677 3.034580 -0.277218 -2.537461 3.017664 -0.447103 -2.498363 3.114773 -0.362120 -2.506674 3.099274 -0.277137 -2.514310 3.083435 -0.447019 -2.458970 3.172302 -0.362037 -2.469833 3.158468 -0.277055 -2.480091 3.144182 -0.446935 -2.410185 3.222115 -0.361953 -2.423272 3.210365 -0.276970 -2.435842 3.198067 -0.446853 -2.353491 3.262701 -0.361872 -2.368406 3.253391 -0.276888 -2.382909 3.243446 -0.446777 -2.290610 3.292826 -0.361793 -2.306903 3.286234 -0.276808 -2.322899 3.278948 -0.446709 -2.223454 3.311573 -0.361722 -2.240631 3.307899 -0.276737 -2.257637 3.303488 -0.446649 -2.154063 3.318375 -0.361660 -2.171604 3.317726 -0.276671 -2.189105 3.316322 -0.446602 -2.084545 3.313023 -0.361610 -2.101920 3.315416 -0.276617 -2.119385 3.317062 -0.446566 -2.017013 3.295679 -0.361571 -2.033694 3.301044 -0.276575 -2.050596 3.305683 -0.446545 -1.953517 3.266874 -0.361546 -1.969001 3.275040 -0.276547 -1.984828 3.282532 -0.446537 -1.895989 3.227480 -0.361535 -1.909807 3.238199 -0.276533 -1.924079 3.248314 -0.446544 -1.846175 3.178696 -0.361538 -1.857909 3.191639 -0.276533 -1.870195 3.204063 -0.446566 -1.805589 3.122002 -0.361556 -1.814885 3.136772 -0.276547 -1.824814 3.151131 -0.446602 -1.775465 3.059122 -0.361589 -1.782042 3.075270 -0.276577 -1.789314 3.091122 -0.446651 -1.756718 2.991964 -0.361635 -1.760377 3.008997 -0.276619 -1.764774 3.025860 -0.446711 -1.749917 2.922573 -0.361692 -1.750550 2.939970 -0.276673 -1.751939 2.957327 -0.446779 -1.755268 2.853056 -0.361759 -1.752858 2.870287 -0.276738 -1.751199 2.887608 -0.446855 -1.772610 2.785524 -0.361833 -1.767232 2.802061 -0.276810 -1.762578 2.818819 -0.446937 -1.801416 2.722029 -0.361913 -1.793235 2.737368 -0.276888 -1.785729 2.753052 -0.447021 -1.840810 2.664499 -0.361997 -1.830076 2.678173 -0.276973 -1.819948 2.692301 -0.447105 -1.889595 2.614685 -0.362080 -1.876637 2.626276 -0.277057 -1.864197 2.638416 -0.447186 -1.946289 2.574100 -0.362163 -1.931503 2.583252 -0.277139 -1.917130 2.593037 -0.447262 -2.009169 2.543976 -0.362240 -1.993006 2.550407 -0.277218 -1.977140 2.557537 -0.447331 -2.076325 2.525228 -0.362311 -2.059278 2.528744 -0.277291 -2.042402 2.532997 -0.447390 -2.145716 2.518429 -0.362373 -2.128305 2.518917 -0.277355 -2.110934 2.520161 -0.447438 -2.215234 2.523781 -0.362424 -2.197989 2.521225 -0.277409 -2.180654 2.519423 -0.447474 -2.282767 2.541122 -0.362463 -2.266215 2.535599 -0.277451 -2.249443 2.530802 -0.447495 -2.346262 2.569927 -0.362488 -2.330908 2.561602 -0.277479 -2.315211 2.553951 -0.447502 -2.403790 2.609322 -0.362499 -2.390102 2.598444 -0.277494 -2.375960 2.588171 -0.447494 -2.453604 2.658106 -0.362494 -2.442000 2.645004 -0.277495 -2.429843 2.632420 -0.447473 -2.494190 2.714798 -0.362476 -2.485024 2.699871 -0.277480 -2.475225 2.685352 -0.447438 -2.524314 2.777681 -0.362444 -2.517868 2.761373 -0.277451 -2.510725 2.745363 -0.447389 -2.543061 2.844835 -0.362399 -2.539532 2.827644 -0.277408 -2.535265 2.810625 -0.447329 -2.549863 2.914227 -0.362342 -2.549359 2.896671 -0.277354 -2.548100 2.879158 -0.447260 -2.544511 2.983746 -0.362276 -2.547051 2.966356 -0.277290 -2.548840 2.948875 0.108212 -1.171740 2.362888 0.408213 -1.171970 2.362608 0.107658 -1.474600 2.018417 0.407659 -1.474829 2.018139 0.407160 -1.890012 1.823187 0.107160 -1.889782 1.823467 0.406798 -2.348502 1.810158 0.106797 -2.348273 1.810436 0.406633 -2.774086 1.981216 0.106632 -2.773857 1.981499 0.406691 -3.096019 2.307932 0.106691 -3.095790 2.308212 0.406964 -3.260787 2.735992 0.106965 -3.260558 2.736271 0.407408 -3.240999 3.194241 0.107408 -3.240770 3.194521 0.408282 -0.991986 2.290264 0.108283 -0.991757 2.290546 0.108628 -0.879874 2.568901 0.408627 -0.880103 2.568621 0.108515 -0.910068 2.473366 0.408515 -0.910297 2.473085 0.108400 -0.947434 2.380402 0.408400 -0.947663 2.380121 0.408557 -1.060086 2.640963 0.108557 -1.059857 2.641243 0.107754 -3.128887 3.472877 0.407754 -3.129116 3.472597 0.108307 -2.826028 3.817347 0.408306 -2.826257 3.817066 0.408806 -2.411074 4.012020 0.108806 -2.410845 4.012299 0.409168 -1.952583 4.025047 0.109168 -1.952354 4.025328 0.409334 -1.526999 3.853987 0.109334 -1.526770 3.854267 0.409274 -1.205067 3.527271 0.109274 -1.204837 3.527552 0.409001 -1.040299 3.099213 0.109001 -1.040070 3.099493 0.407684 -3.309100 3.544941 0.107684 -3.308871 3.545219 0.107339 -3.420754 3.266865 0.407338 -3.420983 3.266584 0.107450 -3.390560 3.362398 0.407450 -3.390789 3.362118 0.107566 -3.353193 3.455364 0.407567 -3.353423 3.455084 0.407912 -2.079885 2.785286 0.408036 -2.011365 2.861660 0.408136 -2.007968 2.964210 0.408836 -1.781530 3.527569 0.408958 -1.713010 3.603943 0.409055 -1.709613 3.706493 0.409084 -1.772928 3.787233 0.409026 -1.873330 3.808388 0.408912 -1.963839 3.760054 0.408794 -2.002105 3.664850 0.408726 -1.970224 3.567324 0.408106 -2.171685 3.066105 0.408744 -1.883111 3.513107 0.408163 -2.071283 3.044952 0.407822 -2.181467 2.770824 0.407215 -2.306323 2.221928 0.407242 -2.369638 2.302670 0.407806 -2.268579 2.825041 0.407184 -2.470040 2.323822 0.407070 -2.560549 2.275490 0.406952 -2.598816 2.180286 0.406885 -2.566934 2.082760 0.406901 -2.479822 2.028542 0.406992 -2.378240 2.043005 0.407116 -2.309720 2.119379 0.407872 -2.300461 2.922569 0.407992 -2.262194 3.017773 0.108135 -2.007738 2.964491 0.108037 -2.011136 2.861940 0.107913 -2.079656 2.785566 0.107215 -2.306094 2.222208 0.107116 -2.309491 2.119657 0.106992 -2.378011 2.043283 0.106901 -2.479593 2.028822 0.106886 -2.566704 2.083038 0.106953 -2.598587 2.180567 0.107069 -2.560320 2.275768 0.107185 -2.469811 2.324104 0.107822 -2.181237 2.771103 0.108162 -2.071054 3.045231 0.108743 -1.882882 3.513388 0.108835 -1.781301 3.527851 0.108958 -1.712780 3.604223 0.109057 -1.709383 3.706774 0.108727 -1.969994 3.567604 0.107992 -2.261965 3.018051 0.107873 -2.300231 2.922848 0.107241 -2.369409 2.302950 0.109083 -1.772699 3.787514 0.109026 -1.873101 3.808666 0.108912 -1.963610 3.760334 0.108794 -2.001876 3.665131</float_array>
          <technique_common>
            <accessor source="#Part6_Centro_001-mesh-positions-array" count="3943" stride="3">
              <param name="X" type="float" />
              <param name="Y" type="float" />
              <param name="Z" type="float" />
            </accessor>
          </technique_common>
        </source>
        <source id="Part6_Centro_001-mesh-normals">
          <float_array id="Part6_Centro_001-mesh-normals-array" count="22710">-0.999999 0.000762 0.000934 -0.999999 0.000764 0.000934 -0.000935 -0.000699 -0.999999 -0.000935 -0.000699 -0.999999 0.999999 -0.000764 -0.000932 0.999999 -0.000764 -0.000932 0.000941 0.000698 0.999999 0.000935 0.000692 0.999999 -0.000941 -0.000694 -0.999999 -0.000935 -0.000699 -0.999999 0.999999 -0.000764 -0.000933 0.999999 -0.000764 -0.000934 0.000935 0.000699 0.999999 0.000929 0.000692 0.999999 -0.999999 0.000764 0.000932 -0.999999 0.000764 0.000933 0.999999 -0.000765 -0.000934 0.999999 -0.000764 -0.000935 0.000935 0.000698 0.999999 0.000935 0.000698 0.999999 -0.999999 0.000765 0.000933 -0.999999 0.000764 0.000932 -0.000935 -0.000693 -0.999999 -0.000935 -0.000693 -0.999999 0.999999 -0.000765 -0.000933 0.999999 -0.000764 -0.000934 0.000935 0.000691 0.999999 0.000935 0.000692 0.999999 -0.999999 0.000764 0.000935 -0.999999 0.000765 0.000935 -0.000929 -0.000697 -0.999999 -0.000929 -0.000700 -0.999999 0.999999 -0.000765 -0.000934 0.999999 -0.000764 -0.000935 0.000938 0.000698 0.999999 0.000935 0.000696 0.999999 -0.999999 0.000764 0.000934 -0.999999 0.000764 0.000934 -0.000935 -0.000698 -0.999999 -0.000941 -0.000693 -0.999999 -0.223418 -0.000508 -0.974723 -0.223432 -0.000511 -0.974719 0.221601 -0.000851 -0.975137 0.221616 -0.000848 -0.975134 0.622755 -0.001020 -0.782416 0.900561 -0.000990 -0.434729 0.900564 -0.000988 -0.434723 0.999999 -0.000764 -0.000921 0.999999 -0.000764 -0.000921 0.901378 -0.000386 0.433034 0.901379 -0.000386 0.433031 0.624219 0.000068 0.781249 0.624223 0.000067 0.781246 0.223433 0.000508 0.974719 0.223433 0.000508 0.974719 -0.221604 0.000848 0.975136 -0.221603 0.000848 0.975137 -0.622770 0.001020 0.782404 -0.622759 0.001017 0.782413 -0.900563 0.000988 0.434725 -0.900567 0.000990 0.434717 -0.999999 0.000764 0.000928 -0.999999 0.000764 0.000928 -0.901378 0.000385 -0.433032 -0.901370 0.000389 -0.433049 -0.624222 -0.000064 -0.781247 -0.624235 -0.000068 -0.781237 -0.223446 -0.000508 -0.974716 -0.223435 -0.000505 -0.974719 0.221628 -0.000844 -0.975131 0.221613 -0.000848 -0.975134 0.622760 -0.001020 -0.782412 0.622758 -0.001020 -0.782414 0.900563 -0.000990 -0.434725 0.900561 -0.000991 -0.434728 0.999999 -0.000765 -0.000946 0.999999 -0.000765 -0.000941 0.901368 -0.000388 0.433053 0.901369 -0.000388 0.433051 0.624228 0.000065 0.781242 0.624225 0.000067 0.781245 0.223418 0.000508 0.974723 0.223419 0.000508 0.974723 -0.221589 0.000848 0.975140 -0.221605 0.000851 0.975136 -0.622770 0.001023 0.782404 -0.622757 0.001020 0.782414 -0.900563 0.000990 0.434724 -0.900562 0.000988 0.434727 -0.999999 0.000764 0.000923 -0.999999 0.000762 0.000930 -0.901375 0.000386 -0.433040 -0.901375 0.000386 -0.433039 -0.624219 -0.000068 -0.781250 -0.624216 -0.000068 -0.781252 0.983426 -0.000878 -0.181309 0.983426 -0.000878 -0.181309 0.941975 -0.000954 -0.335683 0.941973 -0.000951 -0.335687 0.876455 -0.001002 -0.481482 0.876456 -0.001004 -0.481481 0.788545 -0.001030 -0.614977 0.788544 -0.001031 -0.614978 0.680484 -0.001031 -0.732763 0.680484 -0.001029 -0.732762 0.555045 -0.001003 -0.831820 0.555044 -0.001000 -0.831821 0.415417 -0.000948 -0.909631 0.415422 -0.000951 -0.909628 0.265170 -0.000874 -0.964201 0.265170 -0.000874 -0.964201 0.108166 -0.000775 -0.994132 0.108166 -0.000774 -0.994132 -0.051612 -0.000656 -0.998667 -0.051616 -0.000653 -0.998667 -0.210078 -0.000518 -0.977684 -0.210075 -0.000520 -0.977685 -0.363165 -0.000371 -0.931725 -0.363165 -0.000371 -0.931725 -0.506982 -0.000212 -0.861957 -0.506982 -0.000213 -0.861957 -0.637837 -0.000048 -0.770171 -0.637841 -0.000046 -0.770168 -0.752402 0.000119 -0.658705 -0.752398 0.000116 -0.658709 -0.847745 0.000278 -0.530405 -0.847745 0.000279 -0.530404 -0.921423 0.000434 -0.388560 -0.921423 0.000434 -0.388560 -0.971562 0.000577 -0.236784 -0.971562 0.000577 -0.236783 -0.996878 0.000707 -0.078960 -0.996878 0.000706 -0.078960 0.852984 -0.001015 -0.521936 0.852982 -0.001014 -0.521939 0.932182 -0.000963 -0.361988 0.932181 -0.000963 -0.361991 0.981688 -0.000882 -0.190492 0.981687 -0.000883 -0.190501 0.803000 -0.001028 -0.595978 0.803000 -0.001029 -0.595978 0.999999 -0.000764 -0.000934 0.999999 -0.000764 -0.000934 0.000935 0.000693 0.999999 0.000935 0.000693 0.999999 -0.993607 0.000839 0.112892 -0.993607 0.000837 0.112888 -0.943575 0.000952 0.331158 -0.943576 0.000950 0.331155 -0.846219 0.001015 0.532834 -0.846220 0.001015 0.532834 -0.706456 0.001029 0.707756 -0.706448 0.001034 0.707764 -0.531245 0.000997 0.847218 -0.531246 0.000997 0.847217 -0.329378 0.000910 0.944198 -0.329379 0.000912 0.944198 -0.111037 0.000781 0.993816 -0.111053 0.000774 0.993814 -0.999999 0.000764 0.000934 -0.999999 0.000765 0.000934 -0.587030 0.001012 0.809565 -0.587023 0.001015 0.809570 -0.742514 0.001036 0.669829 -0.742522 0.001033 0.669821 -0.865559 0.001009 0.500807 -0.865554 0.001011 0.500814 -0.950768 0.000942 0.309903 -0.950768 0.000941 0.309901 -0.994424 0.000832 0.105456 -0.994423 0.000832 0.105458 0.798073 -0.001028 -0.602560 0.798072 -0.001028 -0.602561 0.628594 -0.001021 -0.777733 0.628594 -0.001021 -0.777733 0.421766 -0.000953 -0.906705 0.421769 -0.000954 -0.906703 0.189890 -0.000829 -0.981805 0.189897 -0.000832 -0.981804 -0.053260 -0.000658 -0.998580 -0.053260 -0.000658 -0.998581 -0.293266 -0.000445 -0.956031 -0.293274 -0.000442 -0.956028 -0.515839 -0.000203 -0.856686 -0.515840 -0.000202 -0.856685 -0.707770 0.000049 -0.706443 -0.707762 0.000046 -0.706451 -0.857648 0.000295 -0.514237 -0.857652 0.000298 -0.514231 -0.956577 0.000528 -0.291478 -0.956578 0.000526 -0.291477 -0.998678 0.000726 -0.051402 -0.998678 0.000726 -0.051393 -0.981449 0.000882 0.191720 -0.981449 0.000882 0.191721 -0.905907 0.000986 0.423476 -0.905911 0.000985 0.423466 -0.776560 0.001029 0.630042 -0.776561 0.001031 0.630042 -0.601072 0.001015 0.799194 -0.601077 0.001015 0.799191 0.103598 -0.000772 -0.994619 0.103598 -0.000771 -0.994619 0.308123 -0.000897 -0.951346 0.308123 -0.000898 -0.951346 0.499192 -0.000985 -0.866491 0.499195 -0.000987 -0.866490 0.668439 -0.001030 -0.743767 0.668429 -0.001025 -0.743776 0.808469 -0.001025 -0.588538 0.808465 -0.001027 -0.588543 -0.000934 -0.000692 -0.999999 -0.000933 -0.000695 -0.999999 0.000764 1.000000 -0.000696 0.000763 1.000000 -0.000696 0.000765 1.000000 -0.000696 0.000762 1.000000 -0.000696 0.000764 1.000000 -0.000696 0.000762 1.000000 -0.000696 0.000767 1.000000 -0.000696 0.000763 1.000000 -0.000696 0.000763 1.000000 -0.000696 0.000764 1.000000 -0.000697 0.000763 1.000000 -0.000696 0.000763 1.000000 -0.000696 0.000764 1.000000 -0.000696 0.000763 1.000000 -0.000696 0.000763 1.000000 -0.000696 0.000763 1.000000 -0.000696 0.000763 1.000000 -0.000696 0.000768 1.000000 -0.000696 0.000756 1.000000 -0.000696 0.000763 1.000000 -0.000696 0.000781 1.000000 -0.000694 0.000762 1.000000 -0.000696 0.000766 1.000000 -0.000696 0.000764 1.000000 -0.000694 0.000764 1.000000 -0.000696 0.000763 1.000000 -0.000696 0.000763 1.000000 -0.000696 0.000763 1.000000 -0.000696 0.000763 1.000000 -0.000696 0.000764 1.000000 -0.000695 0.000763 1.000000 -0.000696 0.000763 1.000000 -0.000696 0.000764 1.000000 -0.000696 0.000763 1.000000 -0.000696 0.000763 1.000000 -0.000696 0.000763 1.000000 -0.000696 0.000763 1.000000 -0.000696 0.000767 1.000000 -0.000696 0.000759 1.000000 -0.000696 0.000768 1.000000 -0.000695 0.000766 1.000000 -0.000695 0.000763 1.000000 -0.000696 0.000763 1.000000 -0.000698 0.000763 1.000000 -0.000695 0.000764 1.000000 -0.000696 0.000759 1.000000 -0.000697 0.000765 1.000000 -0.000697 0.000760 1.000000 -0.000697 0.000763 1.000000 -0.000695 0.000763 1.000000 -0.000695 0.000764 1.000000 -0.000696 0.000764 1.000000 -0.000696 0.000763 1.000000 -0.000696 0.000764 1.000000 -0.000694 0.000764 1.000000 -0.000696 0.000763 1.000000 -0.000696 0.000763 1.000000 -0.000698 0.000772 1.000000 -0.000702 0.000764 1.000000 -0.000694 0.000760 1.000000 -0.000696 0.000766 1.000000 -0.000697 0.000756 1.000000 -0.000695 0.000762 1.000000 -0.000695 0.000762 1.000000 -0.000696 0.000784 1.000000 -0.000696 0.000755 1.000000 -0.000696 0.000766 1.000000 -0.000696 0.000766 1.000000 -0.000696 0.000756 1.000000 -0.000695 0.000765 1.000000 -0.000696 0.000762 1.000000 -0.000696 0.000761 1.000000 -0.000696 0.000761 1.000000 -0.000700 0.000765 1.000000 -0.000696 0.000764 1.000000 -0.000696 0.000761 1.000000 -0.000697 0.000769 1.000000 -0.000694 0.000762 1.000000 -0.000695 0.000764 1.000000 -0.000696 0.000766 1.000000 -0.000694 0.000761 1.000000 -0.000698 0.000763 1.000000 -0.000692 0.000764 1.000000 -0.000695 0.000763 1.000000 -0.000699 0.000763 1.000000 -0.000693 0.000762 1.000000 -0.000696 0.000748 1.000000 -0.000695 0.000768 1.000000 -0.000697 0.000769 1.000000 -0.000696 0.000758 1.000000 -0.000696 0.000766 1.000000 -0.000697 0.000757 1.000000 -0.000696 0.000768 1.000000 -0.000696 0.000763 1.000000 -0.000696 0.000766 1.000000 -0.000697 0.000764 1.000000 -0.000697 0.000764 1.000000 -0.000694 0.000762 1.000000 -0.000697 0.000762 1.000000 -0.000697 0.000766 1.000000 -0.000695 0.000762 1.000000 -0.000696 0.000765 1.000000 -0.000695 0.000763 1.000000 -0.000696 0.000766 1.000000 -0.000697 0.000757 1.000000 -0.000695 0.000767 1.000000 -0.000697 0.000759 1.000000 -0.000696 0.000757 1.000000 -0.000697 0.000768 1.000000 -0.000697 0.000762 1.000000 -0.000697 0.000769 1.000000 -0.000695 0.000763 1.000000 -0.000696 0.000768 1.000000 -0.000695 0.000763 1.000000 -0.000698 0.000766 1.000000 -0.000694 0.000768 1.000000 -0.000698 0.000765 1.000000 -0.000701 0.000764 1.000000 -0.000700 0.000759 1.000000 -0.000685 -0.000764 -1.000000 0.000696 -0.000763 -1.000000 0.000696 -0.000763 -1.000000 0.000696 -0.000761 -1.000000 0.000695 -0.000765 -1.000000 0.000696 -0.000762 -1.000000 0.000696 -0.000764 -1.000000 0.000696 -0.000764 -1.000000 0.000696 -0.000764 -1.000000 0.000696 -0.000763 -1.000000 0.000697 -0.000765 -1.000000 0.000696 -0.000764 -1.000000 0.000696 -0.000763 -1.000000 0.000697 -0.000763 -1.000000 0.000696 -0.000763 -1.000000 0.000694 -0.000764 -1.000000 0.000696 -0.000764 -1.000000 0.000696 -0.000764 -1.000000 0.000696 -0.000763 -1.000000 0.000695 -0.000766 -1.000000 0.000695 -0.000763 -1.000000 0.000696 -0.000763 -1.000000 0.000696 -0.000764 -1.000000 0.000696 -0.000763 -1.000000 0.000696 -0.000761 -1.000000 0.000696 -0.000763 -1.000000 0.000696 -0.000763 -1.000000 0.000696 -0.000763 -1.000000 0.000695 -0.000764 -1.000000 0.000697 -0.000761 -1.000000 0.000698 -0.000773 -1.000000 0.000701 -0.000750 -1.000000 0.000682 -0.000769 -1.000000 0.000704 -0.000763 -1.000000 0.000699 -0.000763 -1.000000 0.000696 -0.000760 -1.000000 0.000697 -0.000764 -1.000000 0.000696 -0.000763 -1.000000 0.000696 -0.000763 -1.000000 0.000696 -0.000765 -1.000000 0.000696 -0.000746 -1.000000 0.000700 -0.000763 -1.000000 0.000696 -0.000768 -1.000000 0.000696 -0.000762 -1.000000 0.000695 -0.000764 -1.000000 0.000695 -0.000763 -1.000000 0.000694 -0.000764 -1.000000 0.000703 -0.000764 -1.000000 0.000693 -0.000763 -1.000000 0.000695 -0.000764 -1.000000 0.000698 -0.000765 -1.000000 0.000692 -0.000762 -1.000000 0.000694 -0.000763 -1.000000 0.000696 -0.000764 -1.000000 0.000695 -0.000761 -1.000000 0.000701 -0.000763 -1.000000 0.000697 -0.000762 -1.000000 0.000697 -0.000763 -1.000000 0.000696 -0.000770 -1.000000 0.000696 -0.000765 -1.000000 0.000696 -0.000758 -1.000000 0.000696 -0.000765 -1.000000 0.000695 -0.000779 -1.000000 0.000695 -0.000761 -1.000000 0.000696 -0.000762 -1.000000 0.000696 -0.000764 -1.000000 0.000696 -0.000771 -1.000000 0.000696 -0.000762 -1.000000 0.000696 -0.000764 -1.000000 0.000697 -0.000762 -1.000000 0.000695 -0.000764 -1.000000 0.000695 -0.000762 -1.000000 0.000696 -0.000766 -1.000000 0.000696 -0.000757 -1.000000 0.000695 -0.000765 -1.000000 0.000696 -0.000764 -1.000000 0.000698 -0.000764 -1.000000 0.000696 -0.000763 -1.000000 0.000701 -0.000763 -1.000000 0.000695 -0.000760 -1.000000 0.000695 -0.000771 -1.000000 0.000694 -0.000767 -1.000000 0.000699 -0.000765 -1.000000 0.000699 -0.000759 -1.000000 0.000696 -0.000766 -1.000000 0.000695 -0.000756 -1.000000 0.000696 -0.000763 -1.000000 0.000695 -0.000767 -1.000000 0.000689 -0.000765 -1.000000 0.000695 -0.000761 -1.000000 0.000698 -0.000762 -1.000000 0.000701 -0.000759 -1.000000 0.000696 -0.000773 -1.000000 0.000694 -0.000763 -1.000000 0.000698 -0.000766 -1.000000 0.000696 -0.000757 -1.000000 0.000696 -0.000768 -1.000000 0.000696 -0.000762 -1.000000 0.000698 -0.000768 -1.000000 0.000695 -0.000757 -1.000000 0.000696 -0.000764 -1.000000 0.000696 -0.000765 -1.000000 0.000696 -0.000767 -1.000000 0.000696 -0.000757 -1.000000 0.000694 -0.000766 -1.000000 0.000696 -0.000763 -1.000000 0.000692 -0.000768 -1.000000 0.000702 -0.000765 -1.000000 0.000700 -0.000765 -1.000000 0.000693 -0.000762 -1.000000 0.000694 -0.000765 -1.000000 0.000695 -0.000761 -1.000000 0.000698 -0.000764 -1.000000 0.000700 -0.000763 -1.000000 0.000695 -0.000765 -1.000000 0.000690 -0.000767 -1.000000 0.000696 -0.000757 -1.000000 0.000699 -0.000762 -1.000000 0.000699 -0.000764 -1.000000 0.000697 -0.999999 0.000764 0.000933 -0.999999 0.000765 0.000933 -0.000935 -0.000699 -0.999999 -0.000941 -0.000691 -0.999999 0.999999 -0.000764 -0.000934 0.999999 -0.000764 -0.000934 0.000935 0.000698 0.999999 0.000929 0.000693 0.999999 -0.000929 -0.000697 -0.999999 -0.000935 -0.000693 -0.999999 0.999999 -0.000764 -0.000935 0.999999 -0.000764 -0.000935 0.000935 0.000693 0.999999 0.000935 0.000693 0.999999 -0.999999 0.000764 0.000934 -0.999999 0.000765 0.000935 0.999999 -0.000764 -0.000933 0.999999 -0.000764 -0.000933 0.000935 0.000698 0.999999 0.000929 0.000692 0.999999 -0.999999 0.000764 0.000935 -0.999999 0.000764 0.000935 -0.000935 -0.000693 -0.999999 -0.000929 -0.000698 -0.999999 0.999999 -0.000764 -0.000934 0.999999 -0.000765 -0.000933 0.000929 0.000694 0.999999 0.000935 0.000699 0.999999 -0.999999 0.000765 0.000935 -0.999999 0.000764 0.000935 -0.000941 -0.000691 -0.999999 -0.000935 -0.000697 -0.999999 0.999999 -0.000764 -0.000934 0.999999 -0.000764 -0.000934 0.000935 0.000696 0.999999 0.000935 0.000696 0.999999 -0.999999 0.000765 0.000934 -0.999999 0.000764 0.000933 -0.000935 -0.000693 -0.999999 -0.000935 -0.000692 -0.999999 -0.223433 -0.000508 -0.974719 -0.223433 -0.000508 -0.974719 0.221612 -0.000848 -0.975135 0.221613 -0.000848 -0.975134 0.622755 -0.001019 -0.782416 0.622752 -0.001020 -0.782419 0.900572 -0.000990 -0.434707 0.900569 -0.000991 -0.434712 0.999999 -0.000765 -0.000942 0.999999 -0.000764 -0.000935 0.901378 -0.000386 0.433032 0.901378 -0.000386 0.433032 0.624228 0.000068 0.781242 0.624228 0.000068 0.781242 0.223418 0.000508 0.974723 0.223418 0.000508 0.974723 -0.221600 0.000848 0.975137 -0.221601 0.000848 0.975137 -0.622759 0.001021 0.782413 -0.622755 0.001020 0.782416 -0.900566 0.000990 0.434718 -0.900569 0.000991 0.434713 -0.999999 0.000765 0.000936 -0.999999 0.000764 0.000942 -0.901370 0.000388 -0.433049 -0.901373 0.000386 -0.433044 -0.624223 -0.000068 -0.781246 -0.624223 -0.000068 -0.781246 -0.999999 0.000765 0.000934 -0.999999 0.000764 0.000934 0.983426 -0.000877 -0.181309 0.983426 -0.000877 -0.181310 0.941975 -0.000952 -0.335680 0.941976 -0.000952 -0.335680 0.876455 -0.001004 -0.481483 0.876455 -0.001004 -0.481483 0.788543 -0.001030 -0.614979 0.788543 -0.001030 -0.614980 0.680486 -0.001030 -0.732760 0.680487 -0.001030 -0.732760 0.555047 -0.001003 -0.831819 0.555042 -0.001000 -0.831822 0.415415 -0.000947 -0.909632 0.415420 -0.000951 -0.909629 0.265173 -0.000875 -0.964201 0.265173 -0.000874 -0.964201 0.108162 -0.000775 -0.994133 0.108162 -0.000775 -0.994133 -0.051612 -0.000656 -0.998667 -0.051612 -0.000656 -0.998667 -0.210072 -0.000521 -0.977686 -0.210072 -0.000520 -0.977686 -0.363165 -0.000372 -0.931725 -0.363165 -0.000372 -0.931725 -0.506985 -0.000213 -0.861955 -0.506985 -0.000213 -0.861955 -0.637838 -0.000049 -0.770170 -0.637839 -0.000049 -0.770170 -0.752402 0.000116 -0.658704 -0.752402 0.000115 -0.658704 -0.847742 0.000278 -0.530408 -0.847743 0.000278 -0.530408 -0.921423 0.000432 -0.388562 -0.921423 0.000432 -0.388562 -0.971562 0.000576 -0.236784 -0.971563 0.000577 -0.236782 -0.996877 0.000706 -0.078961 -0.996878 0.000707 -0.078960 0.852982 -0.001016 -0.521940 0.852978 -0.001014 -0.521946 0.932180 -0.000963 -0.361994 0.932180 -0.000963 -0.361995 0.981687 -0.000882 -0.190497 0.981688 -0.000882 -0.190497 0.803001 -0.001027 -0.595977 0.803001 -0.001029 -0.595977 0.999999 -0.000764 -0.000933 0.999999 -0.000764 -0.000934 0.000934 0.000693 0.999999 0.000935 0.000697 0.999999 -0.993606 0.000836 0.112896 -0.993606 0.000837 0.112898 -0.943572 0.000951 0.331166 -0.943573 0.000950 0.331162 -0.846228 0.001013 0.532821 -0.846226 0.001017 0.532824 -0.706444 0.001031 0.707769 -0.706446 0.001031 0.707766 -0.531246 0.000992 0.847217 -0.531259 0.000999 0.847209 -0.329378 0.000912 0.944198 -0.329392 0.000906 0.944193 -0.111037 0.000774 0.993816 -0.111037 0.000774 0.993816 -0.000934 -0.000692 -0.999999 -0.000934 -0.000692 -0.999999 0.000763 1.000000 -0.000696 0.000763 1.000000 -0.000696 0.000763 1.000000 -0.000696 0.000763 1.000000 -0.000696 0.000763 1.000000 -0.000696 0.000764 1.000000 -0.000696 0.000763 1.000000 -0.000696 0.000764 1.000000 -0.000696 0.000763 1.000000 -0.000696 0.000763 1.000000 -0.000696 0.000763 1.000000 -0.000696 0.000763 1.000000 -0.000696 0.000764 1.000000 -0.000696 0.000763 1.000000 -0.000696 0.000764 1.000000 -0.000696 0.000763 1.000000 -0.000696 0.000753 1.000000 -0.000695 0.000768 1.000000 -0.000697 0.000763 1.000000 -0.000696 0.000762 1.000000 -0.000695 0.000761 1.000000 -0.000694 0.000764 1.000000 -0.000696 0.000763 1.000000 -0.000696 0.000763 1.000000 -0.000697 0.000763 1.000000 -0.000696 0.000763 1.000000 -0.000693 0.000763 1.000000 -0.000699 0.000763 1.000000 -0.000699 0.000763 1.000000 -0.000695 0.000763 1.000000 -0.000695 0.000764 1.000000 -0.000694 0.000763 1.000000 -0.000697 0.000764 1.000000 -0.000696 0.000763 1.000000 -0.000696 0.000763 1.000000 -0.000697 0.000763 1.000000 -0.000696 0.000763 1.000000 -0.000697 0.000764 1.000000 -0.000696 0.000764 1.000000 -0.000696 0.000763 1.000000 -0.000696 0.000764 1.000000 -0.000696 0.000763 1.000000 -0.000696 0.000762 1.000000 -0.000696 0.000763 1.000000 -0.000696 0.000763 1.000000 -0.000696 0.000765 1.000000 -0.000696 0.000763 1.000000 -0.000696 0.000763 1.000000 -0.000696 0.000764 1.000000 -0.000697 0.000764 1.000000 -0.000696 0.000763 1.000000 -0.000696 0.000764 1.000000 -0.000697 0.000762 1.000000 -0.000695 0.000763 1.000000 -0.000695 0.000763 1.000000 -0.000696 0.000763 1.000000 -0.000696 0.000763 1.000000 -0.000696 0.000763 1.000000 -0.000697 0.000763 1.000000 -0.000696 0.000764 1.000000 -0.000694 0.000764 1.000000 -0.000696 0.000763 1.000000 -0.000696 0.000762 1.000000 -0.000697 0.000763 1.000000 -0.000696 0.000763 1.000000 -0.000696 0.000763 1.000000 -0.000696 0.000763 1.000000 -0.000696 0.000762 1.000000 -0.000697 0.000765 1.000000 -0.000695 0.000761 1.000000 -0.000697 0.000769 1.000000 -0.000694 0.000753 1.000000 -0.000698 0.000763 1.000000 -0.000696 0.000764 1.000000 -0.000696 0.000763 1.000000 -0.000696 0.000763 1.000000 -0.000696 0.000763 1.000000 -0.000696 0.000763 1.000000 -0.000696 0.000763 1.000000 -0.000696 0.000763 1.000000 -0.000696 0.000763 1.000000 -0.000696 0.000763 1.000000 -0.000696 0.000763 1.000000 -0.000696 0.000763 1.000000 -0.000696 0.000763 1.000000 -0.000696 0.000763 1.000000 -0.000696 -0.000763 -1.000000 0.000696 -0.000763 -1.000000 0.000696 -0.000763 -1.000000 0.000696 -0.000763 -1.000000 0.000696 -0.000763 -1.000000 0.000697 -0.000763 -1.000000 0.000697 -0.000759 -1.000000 0.000698 -0.000765 -1.000000 0.000696 -0.000761 -1.000000 0.000698 -0.000765 -1.000000 0.000695 -0.000763 -1.000000 0.000697 -0.000763 -1.000000 0.000696 -0.000763 -1.000000 0.000696 -0.000764 -1.000000 0.000696 -0.000763 -1.000000 0.000696 -0.000763 -1.000000 0.000697 -0.000763 -1.000000 0.000697 -0.000763 -1.000000 0.000697 -0.000763 -1.000000 0.000695 -0.000764 -1.000000 0.000696 -0.000764 -1.000000 0.000696 -0.000763 -1.000000 0.000695 -0.000763 -1.000000 0.000696 -0.000764 -1.000000 0.000696 -0.000763 -1.000000 0.000696 -0.000765 -1.000000 0.000697 -0.000764 -1.000000 0.000696 -0.000763 -1.000000 0.000696 -0.000760 -1.000000 0.000695 -0.000764 -1.000000 0.000696 -0.000763 -1.000000 0.000696 -0.000766 -1.000000 0.000696 -0.000763 -1.000000 0.000696 -0.000764 -1.000000 0.000696 -0.000762 -1.000000 0.000696 -0.000764 -1.000000 0.000696 -0.000764 -1.000000 0.000696 -0.000764 -1.000000 0.000696 -0.000763 -1.000000 0.000696 -0.000763 -1.000000 0.000697 -0.000763 -1.000000 0.000696 -0.000763 -1.000000 0.000697 -0.000763 -1.000000 0.000695 -0.000763 -1.000000 0.000697 -0.000764 -1.000000 0.000695 -0.000763 -1.000000 0.000698 -0.000763 -1.000000 0.000695 -0.000763 -1.000000 0.000696 -0.000763 -1.000000 0.000698 -0.000763 -1.000000 0.000696 -0.000763 -1.000000 0.000696 -0.000763 -1.000000 0.000696 -0.000763 -1.000000 0.000696 -0.000763 -1.000000 0.000696 -0.000764 -1.000000 0.000696 -0.000763 -1.000000 0.000696 -0.000763 -1.000000 0.000696 -0.000763 -1.000000 0.000696 -0.000763 -1.000000 0.000696 -0.000763 -1.000000 0.000696 -0.000763 -1.000000 0.000696 -0.000763 -1.000000 0.000696 -0.000763 -1.000000 0.000696 -0.000763 -1.000000 0.000696 -0.000764 -1.000000 0.000697 -0.000763 -1.000000 0.000696 -0.000765 -1.000000 0.000697 -0.000761 -1.000000 0.000695 -0.000758 -1.000000 0.000695 -0.000760 -1.000000 0.000696 -0.000763 -1.000000 0.000696 -0.000766 -1.000000 0.000694 -0.000763 -1.000000 0.000696 -0.000763 -1.000000 0.000695 -0.000763 -1.000000 0.000696 -0.000764 -1.000000 0.000696 -0.000763 -1.000000 0.000696 -0.000763 -1.000000 0.000696 -0.000763 -1.000000 0.000696 -0.000763 -1.000000 0.000696 -0.000763 -1.000000 0.000696 -0.000763 -1.000000 0.000696 -0.000763 -1.000000 0.000696 -0.000763 -1.000000 0.000696 -0.000763 -1.000000 0.000696 -0.000763 -1.000000 0.000696 -0.993815 0.000683 -0.111042 -0.993816 0.000682 -0.111040 -0.944191 0.000493 -0.329397 -0.944190 0.000490 -0.329402 -0.847221 0.000275 -0.531240 -0.847227 0.000280 -0.531231 -0.707765 0.000052 -0.706448 -0.707765 0.000052 -0.706449 -0.532831 -0.000179 -0.846222 -0.532817 -0.000185 -0.846231 -0.331151 -0.000407 -0.943578 -0.331167 -0.000401 -0.943572 -0.112893 -0.000602 -0.993607 -0.112893 -0.000603 -0.993607 -0.000706 0.258149 -0.966105 -0.000699 0.258146 -0.966106 -0.001095 -0.259491 -0.965745 -0.001101 -0.259487 -0.965746 -0.001201 -0.707599 -0.706614 -0.001201 -0.707599 -0.706614 -0.000979 -0.966105 -0.258146 -0.000980 -0.966105 -0.258147 -0.000496 -0.965746 0.259491 -0.000493 -0.965745 0.259492 0.000126 -0.706615 0.707598 0.000122 -0.706617 0.707596 0.000706 -0.258146 0.966106 0.000706 -0.258146 0.966106 0.001101 0.259490 0.965745 0.001101 0.259490 0.965745 0.001200 0.707599 0.706614 0.001199 0.707599 0.706614 0.000979 0.966105 0.258147 0.000979 0.966105 0.258147 0.000499 0.965745 -0.259491 0.000494 0.965746 -0.259490 -0.000121 0.706614 -0.707599 -0.000120 0.706613 -0.707600 -0.000935 -0.000694 -0.999999 -0.000935 -0.000695 -0.999999 0.999999 -0.000764 -0.000934 0.999999 -0.000765 -0.000933 0.999999 -0.000763 -0.000933 0.999999 -0.000763 -0.000935 0.999999 -0.000765 -0.000933 0.999999 -0.000765 -0.000932 0.999999 -0.000763 -0.000934 0.999999 -0.000763 -0.000934 0.999999 -0.000764 -0.000932 0.999999 -0.000765 -0.000934 0.999999 -0.000765 -0.000934 0.999999 -0.000764 -0.000933 0.999999 -0.000763 -0.000933 0.999999 -0.000763 -0.000933 0.999999 -0.000765 -0.000933 0.999999 -0.000766 -0.000934 0.999999 -0.000763 -0.000933 0.999999 -0.000763 -0.000933 0.999999 -0.000763 -0.000933 0.999999 -0.000764 -0.000933 0.999999 -0.000764 -0.000933 0.999999 -0.000763 -0.000934 0.999999 -0.000763 -0.000934 0.999999 -0.000764 -0.000933 0.999999 -0.000765 -0.000934 0.999999 -0.000765 -0.000934 0.999999 -0.000764 -0.000933 0.999999 -0.000763 -0.000933 0.999999 -0.000764 -0.000935 0.999999 -0.000763 -0.000935 0.999999 -0.000764 -0.000933 0.999999 -0.000765 -0.000933 0.999999 -0.000765 -0.000933 0.999999 -0.000764 -0.000933 0.000929 0.000697 0.999999 0.000935 0.000695 0.999999 -0.999999 0.000763 0.000935 -0.999999 0.000763 0.000935 -0.999999 0.000765 0.000935 -0.999999 0.000767 0.000934 -0.999999 0.000765 0.000932 -0.999999 0.000764 0.000932 -0.999999 0.000764 0.000932 -0.999999 0.000763 0.000935 -0.999999 0.000763 0.000934 -0.999999 0.000764 0.000932 -0.999999 0.000765 0.000934 -0.999999 0.000764 0.000935 -0.999999 0.000763 0.000935 -0.999999 0.000764 0.000933 -0.999999 0.000765 0.000933 -0.999999 0.000764 0.000933 -0.999999 0.000763 0.000933 -0.999999 0.000763 0.000933 -0.999999 0.000763 0.000933 -0.999999 0.000765 0.000935 -0.999999 0.000765 0.000935 -0.999999 0.000763 0.000934 -0.999999 0.000764 0.000932 -0.999999 0.000766 0.000935 -0.999999 0.000766 0.000935 -0.999999 0.000765 0.000931 -0.999999 0.000764 0.000933 -0.999999 0.000763 0.000933 -0.999999 0.000762 0.000934 -0.999999 0.000765 0.000934 -0.999999 0.000764 0.000935 -0.999999 0.000762 0.000935 -0.999999 0.000764 0.000934 -0.999999 0.000764 0.000935 -0.000935 -0.000698 -0.999999 -0.000929 -0.000693 -0.999999 0.001187 0.483386 0.875407 0.001182 0.483384 0.875408 0.001043 0.167835 0.985815 0.001050 0.167834 0.985815 0.000794 -0.166465 0.986047 0.000794 -0.166465 0.986047 0.000450 -0.482166 0.876080 0.000445 -0.482165 0.876080 0.000935 0.000695 0.999999 0.000935 0.000695 0.999999 0.000763 1.000000 -0.000696 0.000763 1.000000 -0.000696 0.000935 0.000691 0.999999 0.000935 0.000691 0.999999 0.000763 1.000000 -0.000696 0.000764 1.000000 -0.000696 -0.000935 -0.000691 -0.999999 0.000764 1.000000 -0.000696 0.000763 1.000000 -0.000696 -0.000935 -0.000696 -0.999999 -0.000935 -0.000696 -0.999999 -0.001188 -0.483384 -0.875408 -0.001186 -0.483383 -0.875408 -0.001050 -0.167839 -0.985814 -0.001046 -0.167838 -0.985814 -0.000791 0.166468 -0.986047 -0.000794 0.166467 -0.986047 -0.000451 0.482164 -0.876081 -0.000451 0.482164 -0.876081 -0.000763 -1.000000 0.000696 -0.000761 -1.000000 0.000696 0.000941 0.000691 0.999999 0.000935 0.000699 0.999999 -0.000761 -1.000000 0.000696 -0.000762 -1.000000 0.000696 -0.000763 -1.000000 0.000696 -0.000765 -1.000000 0.000696 -0.000706 0.258149 -0.966105 -0.000699 0.258146 -0.966106 -0.001094 -0.259493 -0.965744 -0.001101 -0.259490 -0.965745 -0.001201 -0.707597 -0.706615 -0.001201 -0.707597 -0.706615 -0.000980 -0.966105 -0.258146 -0.000979 -0.966105 -0.258147 -0.000496 -0.965746 0.259491 -0.000496 -0.965746 0.259491 0.000121 -0.706614 0.707599 0.000121 -0.706614 0.707600 0.000706 -0.258149 0.966105 0.000711 -0.258147 0.966105 0.001107 0.259493 0.965744 0.001094 0.259487 0.965746 0.001196 0.707597 0.706615 0.001203 0.707599 0.706614 0.000979 0.966105 0.258147 0.000981 0.966105 0.258147 0.000496 0.965745 -0.259491 0.000492 0.965746 -0.259491 -0.000126 0.706615 -0.707598 -0.000122 0.706613 -0.707600 -0.000929 -0.000695 -0.999999 -0.000929 -0.000695 -0.999999 0.999999 -0.000763 -0.000933 0.999999 -0.000763 -0.000933 0.999999 -0.000766 -0.000933 0.999999 -0.000764 -0.000933 0.999999 -0.000764 -0.000933 0.999999 -0.000764 -0.000933 0.999999 -0.000763 -0.000934 0.999999 -0.000763 -0.000934 0.999999 -0.000763 -0.000934 0.999999 -0.000764 -0.000934 0.999999 -0.000764 -0.000933 0.999999 -0.000764 -0.000932 0.999999 -0.000764 -0.000932 0.999999 -0.000765 -0.000935 0.999999 -0.000765 -0.000935 0.999999 -0.000763 -0.000933 0.999999 -0.000764 -0.000933 0.999999 -0.000763 -0.000934 0.999999 -0.000763 -0.000934 0.999999 -0.000765 -0.000933 0.999999 -0.000764 -0.000933 0.999999 -0.000764 -0.000933 0.999999 -0.000765 -0.000935 0.999999 -0.000765 -0.000934 0.999999 -0.000765 -0.000934 0.999999 -0.000765 -0.000933 0.999999 -0.000764 -0.000932 0.999999 -0.000764 -0.000932 0.999999 -0.000764 -0.000932 0.999999 -0.000765 -0.000933 0.999999 -0.000764 -0.000934 0.999999 -0.000765 -0.000934 0.999999 -0.000765 -0.000934 0.999999 -0.000764 -0.000935 0.000935 0.000695 0.999999 0.000929 0.000697 0.999999 -0.999999 0.000763 0.000935 -0.999999 0.000762 0.000933 -0.999999 0.000766 0.000933 -0.999999 0.000764 0.000935 -0.999999 0.000763 0.000933 -0.999999 0.000764 0.000933 -0.999999 0.000766 0.000935 -0.999999 0.000766 0.000934 -0.999999 0.000765 0.000932 -0.999999 0.000763 0.000935 -0.999999 0.000763 0.000935 -0.999999 0.000764 0.000934 -0.999999 0.000764 0.000934 -0.999999 0.000764 0.000933 -0.999999 0.000765 0.000933 -0.999999 0.000763 0.000935 -0.999999 0.000765 0.000935 -0.999999 0.000764 0.000933 -0.999999 0.000763 0.000933 -0.999999 0.000764 0.000934 -0.999999 0.000764 0.000934 -0.999999 0.000765 0.000935 -0.999999 0.000765 0.000934 -0.999999 0.000763 0.000932 -0.999999 0.000761 0.000934 -0.999999 0.000762 0.000935 -0.999999 0.000764 0.000933 -0.999999 0.000765 0.000933 -0.999999 0.000764 0.000934 -0.999999 0.000765 0.000935 -0.999999 0.000764 0.000932 -0.999999 0.000764 0.000932 -0.999999 0.000764 0.000932 -0.999999 0.000764 0.000932 -0.000941 -0.000699 -0.999999 -0.000935 -0.000691 -0.999999 0.001182 0.483381 0.875409 0.001193 0.483386 0.875407 0.001056 0.167836 0.985814 0.001050 0.167839 0.985814 0.000795 -0.166465 0.986047 0.000800 -0.166467 0.986047 0.000457 -0.482167 0.876079 0.000450 -0.482164 0.876081 0.000929 0.000695 0.999999 0.000929 0.000696 0.999999 0.000763 1.000000 -0.000696 0.000764 1.000000 -0.000696 0.000935 0.000699 0.999999 0.000935 0.000697 0.999999 0.000763 1.000000 -0.000696 0.000764 1.000000 -0.000696 -0.000941 -0.000699 -0.999999 -0.000935 -0.000691 -0.999999 0.000763 1.000000 -0.000696 0.000763 1.000000 -0.000696 -0.000929 -0.000693 -0.999999 -0.000935 -0.000696 -0.999999 -0.001182 -0.483385 -0.875407 -0.001185 -0.483383 -0.875408 -0.001046 -0.167836 -0.985815 -0.001049 -0.167838 -0.985814 -0.000794 0.166465 -0.986047 -0.000791 0.166466 -0.986047 -0.000448 0.482164 -0.876081 -0.000445 0.482166 -0.876080 -0.000763 -1.000000 0.000696 -0.000766 -1.000000 0.000696 0.000935 0.000691 0.999999 0.000929 0.000697 0.999999 -0.000761 -1.000000 0.000696 -0.000766 -1.000000 0.000696 -0.000763 -1.000000 0.000696 -0.000762 -1.000000 0.000696 -0.000929 -0.000691 -0.999999 -0.000935 -0.000699 -0.999999 -0.000763 -1.000000 0.000696 -0.000765 -1.000000 0.000696 0.000935 0.000694 0.999999 0.000935 0.000691 0.999999 0.000763 1.000000 -0.000696 0.000764 1.000000 -0.000696 -0.000929 -0.000699 -0.999999 -0.000929 -0.000698 -0.999999 0.000935 0.000694 0.999999 0.000935 0.000691 0.999999 0.000764 1.000000 -0.000696 0.000764 1.000000 -0.000696 -0.000941 -0.000698 -0.999999 -0.000935 -0.000693 -0.999999 0.000935 0.000699 0.999999 0.000941 0.000691 0.999999 -0.000767 -1.000000 0.000696 -0.000762 -1.000000 0.000696 0.000941 0.000693 0.999999 0.000935 0.000699 0.999999 0.000763 1.000000 -0.000696 0.000763 1.000000 -0.000696 0.000763 1.000000 -0.000696 0.000763 1.000000 -0.000696 0.000763 1.000000 -0.000696 0.000763 1.000000 -0.000696 -0.000762 -1.000000 0.000697 -0.000763 -1.000000 0.000696 -0.000766 -1.000000 0.000696 -0.000763 -1.000000 0.000696 0.000762 1.000000 -0.000696 0.000765 1.000000 -0.000696 -0.000763 -1.000000 0.000696 -0.000763 -1.000000 0.000696 0.000935 0.000697 0.999999 0.000935 0.000695 0.999999 -0.000763 -1.000000 0.000696 -0.000763 -1.000000 0.000696 -0.999999 0.000707 0.000966 -0.999999 0.000766 0.000943 -0.999999 0.000745 0.000960 -0.999999 0.000764 0.000931 -0.999999 0.000772 0.000949 -0.999999 0.000768 0.000940 -0.999999 0.000774 0.000948 -0.999999 0.000764 0.000934 -0.999999 0.000762 0.000934 -0.999999 0.000764 0.000932 -0.999999 0.000778 0.000952 -0.999999 0.000761 0.000931 -0.999999 0.000768 0.000938 -0.999999 0.000758 0.000919 -0.999999 0.000764 0.000933 -0.999999 0.000764 0.000933 -0.999999 0.000758 0.000949 -0.999999 0.000766 0.000933 -0.999999 0.000763 0.000935 -0.999999 0.000754 0.000948 -0.999999 0.000781 0.000925 -0.999999 0.000765 0.000935 -0.999999 0.000760 0.000927 -0.999999 0.000757 0.000932 -0.999999 0.000823 0.000965 -0.999999 0.000764 0.000934 -0.999999 0.000764 0.000934 -0.999999 0.000764 0.000933 -0.999999 0.000764 0.000934 -0.999999 0.000764 0.000934 -0.999999 0.000762 0.000933 -0.999999 0.000765 0.000932 -0.999999 0.000764 0.000933 -0.999999 0.000764 0.000934 -0.999999 0.000765 0.000935 -0.999999 0.000763 0.000935 -0.999999 0.000763 0.000933 -0.999999 0.000764 0.000934 -0.999999 0.000764 0.000935 -0.999999 0.000764 0.000934 -0.999999 0.000764 0.000933 -0.999999 0.000765 0.000938 -0.999999 0.000764 0.000934 -0.999999 0.000764 0.000934 -0.999999 0.000758 0.000945 -0.999999 0.000766 0.000933 -0.999999 0.000764 0.000934 -0.999999 0.000763 0.000939 -0.999999 0.000764 0.000935 -0.999999 0.000755 0.000925 -0.999999 0.000778 0.000952 -0.999999 0.000757 0.000922 -0.999999 0.000763 0.000933 -0.999999 0.000758 0.000919 -0.999999 0.000764 0.000938 -0.999999 0.000764 0.000935 -0.999999 0.000772 0.000909 -0.999999 0.000762 0.000938 -0.999999 0.000770 0.000926 -0.999999 0.000752 0.000948 -0.999999 0.000768 0.000925 -0.999999 0.000765 0.000935 -0.999999 0.000764 0.000935 -0.999999 0.000765 0.000933 -0.999999 0.000765 0.000935 -0.999999 0.000764 0.000933 -0.999999 0.000764 0.000933 -0.999999 0.000763 0.000933 -0.999999 0.000764 0.000933 -0.999999 0.000765 0.000934 -0.999999 0.000765 0.000934 -0.999999 0.000767 0.000935 -0.999999 0.000764 0.000934 -0.999999 0.000764 0.000933 -0.999999 0.000764 0.000924 -0.999999 0.000764 0.000933 -0.999999 0.000764 0.000939 -0.999999 0.000764 0.000934 -0.999999 0.000764 0.000936 -0.999999 0.000764 0.000938 -0.999999 0.000764 0.000950 -0.999999 0.000764 0.000943 -0.999999 0.000764 0.000927 -0.999999 0.000764 0.000922 -0.999999 0.000764 0.000909 -0.999999 0.000764 0.000930 -0.999999 0.000764 0.000924 -0.999999 0.000763 0.000957 -0.999999 0.000763 0.000957 -0.999999 0.000765 0.000926 -0.999999 0.000765 0.000936 -0.999999 0.000764 0.000953 -0.999999 0.000764 0.000939 -0.999999 0.000764 0.000938 -0.999999 0.000764 0.000927 -0.999999 0.000764 0.000918 -0.999999 0.000764 0.000940 -0.999999 0.000764 0.000958 -0.999999 0.000764 0.000932 -0.999999 0.000771 0.000923 -0.999999 0.000757 0.000946 -0.999999 0.000758 0.000938 -0.000764 -1.000000 0.000696 -0.000763 -1.000000 0.000696 0.000763 1.000000 -0.000696 0.000763 1.000000 -0.000696 0.000935 0.000696 0.999999 0.000935 0.000696 0.999999 0.000935 0.000695 0.999999 0.000935 0.000695 0.999999 -0.000761 -1.000000 0.000696 -0.000766 -1.000000 0.000696 -0.000935 -0.000694 -0.999999 -0.000941 -0.000696 -0.999999 0.000935 0.000696 0.999999 0.000935 0.000696 0.999999 0.000929 0.000698 0.999999 0.000935 0.000695 0.999999 0.000935 0.000692 0.999999 0.000935 0.000692 0.999999 0.999999 -0.000784 -0.000956 0.999999 -0.000750 -0.000920 0.999999 -0.000771 -0.000948 0.999999 -0.000755 -0.000918 0.999999 -0.000765 -0.000940 0.999999 -0.000764 -0.000943 0.999999 -0.000764 -0.000897 0.999999 -0.000764 -0.000917 0.999999 -0.000764 -0.000954 0.999999 -0.000765 -0.000956 0.999999 -0.000765 -0.000925 0.999999 -0.000764 -0.000912 0.999999 -0.000764 -0.000942 0.999999 -0.000764 -0.000947 0.999999 -0.000764 -0.000920 0.999999 -0.000764 -0.000924 0.999999 -0.000764 -0.000961 0.999999 -0.000765 -0.000964 0.999999 -0.000765 -0.000932 0.999999 -0.000758 -0.000944 0.999999 -0.000757 -0.000945 0.999999 -0.000764 -0.000934 0.999999 -0.000767 -0.000923 0.999999 -0.000763 -0.000936 0.999999 -0.000773 -0.000923 0.999999 -0.000738 -0.000961 0.999999 -0.000765 -0.000934 0.999999 -0.000760 -0.000928 0.999999 -0.000768 -0.000942 0.999999 -0.000758 -0.000920 0.999999 -0.000764 -0.000934 0.999999 -0.000764 -0.000935 0.999999 -0.000758 -0.000944 0.999999 -0.000767 -0.000933 0.999999 -0.000764 -0.000952 0.999999 -0.000763 -0.000920 0.999999 -0.000763 -0.000928 0.999999 -0.000764 -0.000938 0.999999 -0.000764 -0.000954 0.999999 -0.000764 -0.000951 0.999999 -0.000764 -0.000920 0.999999 -0.000763 -0.000910 0.999999 -0.000763 -0.000920 0.999999 -0.000764 -0.000941 0.999999 -0.000764 -0.000961 0.999999 -0.000764 -0.000946 0.999999 -0.000764 -0.000934 0.999999 -0.000764 -0.000933 0.999999 -0.000772 -0.000917 0.999999 -0.000758 -0.000944 0.999999 -0.000763 -0.000935 0.999999 -0.000764 -0.000936 0.999999 -0.000765 -0.000935 0.999999 -0.000761 -0.000936 0.999999 -0.000764 -0.000934 0.999999 -0.000763 -0.000934 0.999999 -0.000763 -0.000934 0.999999 -0.000764 -0.000932 0.999999 -0.000764 -0.000933 0.999999 -0.000765 -0.000934 0.999999 -0.000767 -0.000936 0.999999 -0.000757 -0.000926 0.999999 -0.000768 -0.000940 0.999999 -0.000768 -0.000942 0.999999 -0.000758 -0.000915 0.999999 -0.000764 -0.000939 0.999999 -0.000765 -0.000940 0.999999 -0.000770 -0.000923 0.999999 -0.000760 -0.000943 0.999999 -0.000769 -0.000928 0.999999 -0.000759 -0.000943 0.999999 -0.000765 -0.000935 0.999999 -0.000761 -0.000919 0.999999 -0.000764 -0.000934 0.999999 -0.000772 -0.000947 0.999999 -0.000765 -0.000934 0.999999 -0.000764 -0.000934 0.999999 -0.000766 -0.000934 0.999999 -0.000764 -0.000933 0.999999 -0.000764 -0.000934 0.999999 -0.000761 -0.000936 0.999999 -0.000805 -0.000907 0.999999 -0.000729 -0.000940 0.999999 -0.000763 -0.000934 0.999999 -0.000764 -0.000934 0.999999 -0.000763 -0.000935 0.999999 -0.000765 -0.000935 0.999999 -0.000764 -0.000934 0.999999 -0.000765 -0.000934 0.999999 -0.000765 -0.000933 0.999999 -0.000764 -0.000933 0.999999 -0.000764 -0.000934 0.999999 -0.000764 -0.000934 0.999999 -0.000764 -0.000933 0.999999 -0.000764 -0.000934 0.999999 -0.000764 -0.000933 0.999999 -0.000765 -0.000933 0.999999 -0.000765 -0.000935 0.999999 -0.000765 -0.000935 0.999999 -0.000765 -0.000935 0.999999 -0.000764 -0.000933 0.999999 -0.000796 -0.000946 0.999999 -0.000730 -0.000914 0.999999 -0.000760 -0.000937 0.000764 1.000000 -0.000696 0.000764 1.000000 -0.000696 -0.000935 -0.000695 -0.999999 -0.000935 -0.000695 -0.999999 0.000951 0.975083 0.221838 0.000951 0.975083 0.221838 0.000539 0.974772 -0.223203 0.000537 0.974773 -0.223198 0.000012 0.781405 -0.624024 0.001177 0.782266 0.622944 0.001179 0.782255 0.622957 0.001173 0.434520 0.900661 0.001179 0.434496 0.900673 0.000941 0.000684 0.999999 0.000935 0.000714 0.999999 0.000511 -0.433262 0.901268 0.000512 -0.433262 0.901268 -0.000016 -0.781402 0.624027 -0.000017 -0.781393 0.624039 -0.000537 -0.974772 0.223204 -0.000538 -0.974774 0.223194 -0.000951 -0.975082 -0.221844 -0.000951 -0.975082 -0.221844 -0.001180 -0.782264 -0.622947 -0.001179 -0.782266 -0.622944 -0.001173 -0.434518 -0.900662 -0.001168 -0.434491 -0.900675 -0.000929 -0.000688 -0.999999 -0.000935 -0.000708 -0.999999 -0.000511 0.433263 -0.901267 -0.000517 0.433235 -0.901281 0.000010 0.781393 -0.624039 0.000951 0.975082 0.221845 0.000955 0.975083 0.221838 0.000534 0.974774 -0.223193 0.000536 0.974772 -0.223203 0.000013 0.781389 -0.624045 0.001180 0.782261 0.622950 0.001180 0.782268 0.622941 0.001173 0.434515 0.900664 0.001174 0.434527 0.900658 0.000935 0.000682 0.999999 0.000935 0.000690 0.999999 0.000510 -0.433256 0.901271 0.000512 -0.433285 0.901257 -0.000015 -0.781389 0.624045 -0.000014 -0.781394 0.624039 -0.000536 -0.974772 0.223201 -0.000535 -0.974773 0.223198 -0.000952 -0.975084 -0.221835 -0.000951 -0.975084 -0.221836 -0.001180 -0.782258 -0.622953 -0.001176 -0.782257 -0.622955 -0.001167 -0.434509 -0.900667 -0.001173 -0.434507 -0.900667 -0.000935 -0.000671 -0.999999 -0.000935 -0.000690 -0.999999 -0.000512 0.433234 -0.901281 -0.000505 0.433266 -0.901266 0.000019 0.781411 -0.624017 0.000952 0.975081 0.221846 0.000952 0.975083 0.221840 0.000533 0.974773 -0.223197 0.000536 0.974771 -0.223205 0.000014 0.781398 -0.624034 0.001176 0.782278 0.622928 0.001184 0.782258 0.622954 0.001180 0.434513 0.900665 0.001180 0.434525 0.900659 0.000941 0.000667 0.999999 0.000935 0.000738 0.999999 0.000512 -0.433280 0.901259 0.000511 -0.433246 0.901276 -0.000013 -0.781400 0.624031 -0.000018 -0.781395 0.624037 -0.000537 -0.974773 0.223200 -0.000534 -0.974774 0.223194 -0.000955 -0.975084 -0.221835 -0.000952 -0.975081 -0.221846 -0.001180 -0.782269 -0.622940 -0.001177 -0.782258 -0.622954 -0.001168 -0.434488 -0.900677 -0.001174 -0.434526 -0.900658 -0.000935 -0.000715 -0.999999 -0.000935 -0.000714 -0.999999 -0.000511 0.433258 -0.901270 -0.000506 0.433286 -0.901257 0.000017 0.781405 -0.624025 0.000952 0.975083 0.221839 0.000950 0.975082 0.221844 0.000538 0.974772 -0.223204 0.000536 0.974773 -0.223197 0.000013 0.781404 -0.624026 0.001180 0.782268 0.622942 0.001180 0.782266 0.622944 0.001173 0.434494 0.900674 0.001174 0.434494 0.900674 0.000935 0.000712 0.999999 0.000941 0.000685 0.999999 0.000517 -0.433263 0.901268 0.000511 -0.433238 0.901280 -0.000013 -0.781403 0.624027 -0.000017 -0.781393 0.624040 -0.000537 -0.974772 0.223203 -0.000537 -0.974773 0.223195 -0.000952 -0.975082 -0.221844 -0.000952 -0.975082 -0.221844 -0.001179 -0.782266 -0.622944 -0.001184 -0.782277 -0.622929 -0.001179 -0.434517 -0.900663 -0.001173 -0.434493 -0.900675 -0.000935 -0.000714 -0.999999 -0.000929 -0.000690 -0.999999 -0.000505 0.433266 -0.901266 -0.000511 0.433236 -0.901281 0.000013 0.781403 -0.624026 0.001066 0.195778 0.980648 0.001072 0.195759 0.980651 0.001207 0.556149 0.831082 0.001201 0.556167 0.831070 0.001154 0.831850 0.555000 0.001154 0.831844 0.555008 0.000931 0.980921 0.194407 0.000930 0.980922 0.194401 -0.000568 -0.980649 0.195772 -0.000567 -0.980650 0.195768 -0.000115 -0.831077 0.556157 -0.000118 -0.831071 0.556166 0.000350 -0.555004 0.831848 0.000354 -0.555007 0.831846 0.000768 -0.194422 0.980918 0.000769 -0.194395 0.980923 0.000974 0.053868 0.998548 0.000974 0.053891 0.998546 0.000893 -0.052506 0.998620 0.000893 -0.052506 0.998620 0.000802 -0.158412 0.987373 0.000797 -0.158451 0.987367 0.000697 -0.262400 0.964959 0.000697 -0.262394 0.964961 0.000588 -0.363508 0.931591 0.000589 -0.363517 0.931588 0.000474 -0.460503 0.887658 0.000478 -0.460461 0.887680 0.000357 -0.552202 0.833710 0.000353 -0.552247 0.833681 0.000230 -0.637716 0.770272 0.000232 -0.637695 0.770289 0.000106 -0.715969 0.698132 0.000105 -0.715972 0.698129 -0.000022 -0.786140 0.618049 -0.000020 -0.786112 0.618084 -0.000149 -0.847365 0.531011 -0.000151 -0.847386 0.530977 -0.000278 -0.899005 0.437938 -0.000276 -0.898990 0.437970 -0.000399 -0.940470 0.339875 -0.000401 -0.940475 0.339862 -0.000519 -0.971263 0.238009 -0.000520 -0.971263 0.238009 -0.000633 -0.991060 0.133419 -0.000631 -0.991060 0.133417 -0.000740 -0.999627 0.027312 -0.000736 -0.999626 0.027319 -0.000836 -0.996867 -0.079087 -0.000836 -0.996867 -0.079092 -0.000923 -0.982811 -0.184611 -0.000923 -0.982815 -0.184590 -0.000999 -0.957626 -0.288015 -0.001000 -0.957618 -0.288040 -0.001069 -0.921575 -0.388199 -0.001066 -0.921581 -0.388185 -0.001120 -0.875097 -0.483945 -0.001122 -0.875093 -0.483953 -0.001161 -0.818703 -0.574216 -0.001164 -0.818708 -0.574209 -0.001190 -0.753046 -0.657967 -0.001190 -0.753041 -0.657973 -0.001205 -0.678782 -0.734339 -0.001202 -0.678819 -0.734305 -0.001203 -0.596968 -0.802264 -0.001206 -0.596934 -0.802289 -0.001193 -0.508232 -0.861220 -0.001189 -0.508285 -0.861188 -0.001163 -0.413863 -0.910339 -0.001167 -0.413820 -0.910358 -0.001128 -0.314718 -0.949185 -0.001123 -0.314768 -0.949168 -0.001071 -0.212094 -0.977249 -0.001075 -0.212047 -0.977259 -0.001011 -0.106971 -0.994262 -0.001011 -0.106977 -0.994261 -0.000935 -0.000709 -0.999999 -0.000940 -0.000667 -0.999999 -0.000853 0.105609 -0.994407 -0.000849 0.105544 -0.994414 -0.000753 0.210713 -0.977548 -0.000753 0.210725 -0.977545 -0.000648 0.313410 -0.949618 -0.000648 0.313400 -0.949621 -0.000536 0.412611 -0.910907 -0.000532 0.412562 -0.910930 -0.000414 0.507049 -0.861917 -0.000418 0.507102 -0.861886 -0.000295 0.595836 -0.803106 -0.000292 0.595801 -0.803132 -0.000166 0.677768 -0.735275 -0.000169 0.677802 -0.735244 -0.000041 0.752140 -0.659003 -0.000038 0.752113 -0.659034 0.000090 0.817891 -0.575373 0.000087 0.817912 -0.575344 0.000215 0.874425 -0.485160 0.000214 0.874428 -0.485155 0.000340 0.921039 -0.389471 0.000339 0.921040 -0.389468 0.000460 0.957221 -0.289356 0.000461 0.957221 -0.289357 0.000577 0.982554 -0.185977 0.000577 0.982555 -0.185973 0.000687 0.996756 -0.080482 0.000687 0.996756 -0.080481 0.000788 0.999664 0.025929 0.000788 0.999664 0.025925 0.000881 0.991244 0.132040 0.000881 0.991244 0.132040 0.000964 0.971595 0.236647 0.000964 0.971595 0.236646 0.001035 0.940933 0.338590 0.001037 0.940939 0.338576 0.001098 0.899622 0.436669 0.001095 0.899611 0.436691 0.001143 0.848103 0.529830 0.001143 0.848098 0.529838 0.001178 0.786983 0.616974 0.001178 0.786985 0.616971 0.001199 0.716967 0.697106 0.001199 0.716959 0.697115 0.001207 0.638761 0.769405 0.001207 0.638757 0.769408 0.001201 0.553398 0.832916 0.001197 0.553338 0.832956 0.001178 0.461707 0.887031 0.001177 0.461707 0.887031 0.001144 0.364828 0.931074 0.001145 0.364820 0.931077 0.001098 0.263708 0.964602 0.001103 0.263768 0.964585 0.001045 0.159830 0.987144 0.001045 0.159837 0.987143 0.999999 -0.000763 -0.000843 0.999999 -0.000763 -0.000977 0.999999 -0.000764 -0.000991 1.000000 -0.000764 -0.000811 0.999999 -0.000765 -0.000828 0.999999 -0.000765 -0.000928 0.999999 -0.000764 -0.000916 0.999999 -0.000764 -0.001049 0.999999 -0.000763 -0.001025 0.999999 -0.000763 -0.000878 0.999999 -0.000764 -0.000901 0.999999 -0.000764 -0.000967 0.999999 -0.000765 -0.000972 0.999999 -0.000765 -0.000931 0.999999 -0.000763 -0.000904 0.999999 -0.000763 -0.000921 0.999999 -0.000764 -0.000937 0.999999 -0.000764 -0.000953 0.999999 -0.000764 -0.000949 0.999999 -0.000764 -0.000917 0.999999 -0.000764 -0.000924 0.999999 -0.000764 -0.000942 0.999999 -0.000763 -0.000931 0.999999 -0.000763 -0.000939 0.999999 -0.000763 -0.000936 0.999999 -0.000763 -0.000900 0.999999 -0.000764 -0.000922 0.999999 -0.000764 -0.000946 0.999999 -0.000765 -0.000950 0.999999 -0.000765 -0.000942 0.999999 -0.000764 -0.000929 0.999999 -0.000764 -0.000950 0.999999 -0.000764 -0.000948 0.999999 -0.000764 -0.000908 0.999999 -0.000764 -0.000916 0.999999 -0.000764 -0.000958 0.999999 -0.000763 -0.000938 0.999999 -0.000763 -0.000892 0.999999 -0.000765 -0.000918 0.999999 -0.000765 -0.000959 0.999999 -0.000764 -0.000937 0.999999 -0.000764 -0.000979 0.999999 -0.000764 -0.000985 0.999999 -0.000764 -0.000890 0.999999 -0.000763 -0.000870 0.999999 -0.000763 -0.000950 0.999999 -0.000764 -0.000976 0.999999 -0.000764 -0.000881 0.999999 -0.000766 -0.000915 0.999999 -0.000766 -0.000951 0.999999 -0.000767 -0.000965 0.999999 -0.000767 -0.001010 0.999999 -0.000765 -0.000977 1.000000 -0.000765 -0.000773 0.999999 -0.000765 -0.000782 0.999999 -0.000765 -0.001138 0.999999 -0.000762 -0.001083 0.999999 -0.000768 -0.000933 0.999999 -0.000780 -0.000932 0.999999 -0.000749 -0.000932 0.999999 -0.000727 -0.000939 0.999999 -0.000741 -0.000936 0.999999 -0.000763 -0.000933 0.999999 -0.000770 -0.000932 0.999999 -0.000751 -0.000936 0.999999 -0.000777 -0.000931 0.999999 -0.000777 -0.000931 0.999999 -0.000781 -0.000930 0.999999 -0.000748 -0.000942 0.999999 -0.000773 -0.000930 0.999999 -0.000758 -0.000938 0.999999 -0.000762 -0.000936 0.999999 -0.000759 -0.000938 0.999999 -0.000752 -0.000943 0.999999 -0.000764 -0.000936 0.999999 -0.000768 -0.000932 0.999999 -0.000793 -0.000910 0.999999 -0.000759 -0.000937 0.999999 -0.000776 -0.000921 0.999999 -0.000780 -0.000917 0.999999 -0.000755 -0.000945 0.999999 -0.000769 -0.000925 0.999999 -0.000762 -0.000934 0.999999 -0.000754 -0.000945 0.999999 -0.000730 -0.000984 0.999999 -0.000775 -0.000917 0.999999 -0.000768 -0.000931 0.999999 -0.000772 -0.000923 0.999999 -0.000756 -0.000954 0.999999 -0.000767 -0.000926 0.999999 -0.000767 -0.000924 0.999999 -0.000764 -0.000940 0.999999 -0.000763 -0.000950 0.999999 -0.000764 -0.000912 0.999999 -0.000766 -0.000943 0.999999 -0.000766 -0.000894 0.999999 -0.000763 -0.000945 0.999999 -0.000763 -0.000946 0.999999 -0.000763 -0.000924 0.999999 -0.000766 -0.000960 0.999999 -0.000764 -0.000882 0.999999 -0.000763 -0.000930 0.999999 -0.000768 -0.000995 0.999999 -0.000765 -0.000892 0.999999 -0.000764 -0.000946 0.999999 -0.000765 -0.000958 0.999999 -0.000764 -0.000908 0.999999 -0.000763 -0.000919 0.999999 -0.000763 -0.000906 0.999999 -0.000764 -0.000978 0.999999 -0.000765 -0.000952 0.999999 -0.000763 -0.000933 0.999999 -0.000765 -0.000976 0.999999 -0.000764 -0.000939 0.999999 -0.000765 -0.000913 0.999999 -0.000765 -0.000918 0.999999 -0.000762 -0.000833 0.999999 -0.000764 -0.000929 0.999999 -0.000763 -0.000868 1.000000 -0.000762 -0.000724 0.999999 -0.000764 -0.000961 0.999999 -0.000766 -0.000849 0.999999 -0.000764 -0.000907 0.999999 -0.000765 -0.000884 0.999999 -0.000765 -0.000891 0.999999 -0.000761 -0.000965 0.999999 -0.000764 -0.000926 0.999999 -0.000761 -0.000955 0.999999 -0.000760 -0.000961 0.999999 -0.000770 -0.000907 0.999999 -0.000767 -0.000918 0.999999 -0.000758 -0.000951 0.999999 -0.000767 -0.000925 0.999999 -0.000769 -0.000918 0.999999 -0.000760 -0.000946 0.999999 -0.000757 -0.000961 0.999999 -0.000768 -0.000919 0.999999 -0.000764 -0.000946 0.999999 -0.000767 -0.000898 0.999999 -0.000762 -0.000937 0.999999 -0.000763 -0.000933 0.999999 -0.000764 -0.000951 0.999999 -0.000764 -0.000939 0.999999 -0.000761 -0.000913 0.999999 -0.000765 -0.000937 0.999999 -0.000766 -0.000943 0.999999 -0.000768 -0.000952 0.999999 -0.000759 -0.000921 0.999999 -0.000757 -0.000916 0.999999 -0.000763 -0.000931 0.999999 -0.000765 -0.000939 0.999999 -0.000771 -0.000960 0.999999 -0.000766 -0.000938 0.999999 -0.000760 -0.000908 0.999999 -0.000758 -0.000883 0.999999 -0.000765 -0.000955 0.999999 -0.000767 -0.000988 0.999999 -0.000762 -0.000883 0.999999 -0.000766 -0.000995 0.999999 -0.000767 -0.001054 0.999999 -0.000763 -0.000851 0.999999 -0.000765 -0.000932 0.999999 -0.000766 -0.000952 0.999999 -0.000763 -0.000924 0.999999 -0.000762 -0.000921 0.999999 -0.000768 -0.000945 0.999999 -0.000761 -0.000924 0.999999 -0.000771 -0.000948 0.999999 -0.000758 -0.000920 0.999999 -0.000766 -0.000937 0.999999 -0.000764 -0.000932 0.999999 -0.000764 -0.000932 0.999999 -0.000767 -0.000934 0.999999 -0.000767 -0.000935 0.999999 -0.000763 -0.000932 0.999999 -0.000769 -0.000937 0.999999 -0.000758 -0.000929 0.999999 -0.000756 -0.000929 0.999999 -0.000766 -0.000933 0.999999 -0.000779 -0.000936 0.999999 -0.000762 -0.000933 0.999999 -0.000764 -0.000965 0.999999 -0.000764 -0.000952 0.999999 -0.000764 -0.000916 0.999999 -0.000764 -0.000922 0.999999 -0.000764 -0.000943 0.999999 -0.000764 -0.000940 0.999999 -0.000764 -0.000919 0.999999 -0.000764 -0.000921 0.999999 -0.000764 -0.000928 0.999999 -0.000764 -0.000931 0.999999 -0.000764 -0.000932 0.999999 -0.000764 -0.000935 0.999999 -0.000764 -0.000942 0.999999 -0.000764 -0.000941 0.999999 -0.000764 -0.000937 0.999999 -0.000764 -0.000947 0.999999 -0.000764 -0.000938 0.999999 -0.000764 -0.000934 0.999999 -0.000764 -0.000931 0.999999 -0.000764 -0.000927 0.999999 -0.000764 -0.000930 0.999999 -0.000764 -0.000938 0.999999 -0.000764 -0.000905 0.999999 -0.000764 -0.000914 0.999999 -0.000764 -0.000974 0.999999 -0.000764 -0.000975 0.999999 -0.000764 -0.000929 0.999999 -0.000764 -0.000929 0.999999 -0.000764 -0.000925 0.999999 -0.000764 -0.000919 0.999999 -0.000764 -0.000934 0.999999 -0.000764 -0.000947 0.999999 -0.000764 -0.000955 0.999999 -0.000764 -0.000948 0.999999 -0.000764 -0.000940 0.999999 -0.000764 -0.000940 1.000000 -0.000764 -0.000810 1.000000 -0.000763 -0.000814 0.999999 -0.000764 -0.000919 0.999999 -0.000764 -0.000955 0.999999 -0.000764 -0.000979 0.999999 -0.000802 -0.000934 0.999999 -0.000745 -0.000933 0.999999 -0.000771 -0.000934 0.999999 -0.000757 -0.000933 0.999999 -0.000764 -0.000934 0.999999 -0.000765 -0.000934 0.999999 -0.000759 -0.000933 0.999999 -0.000760 -0.000933 0.999999 -0.000775 -0.000935 0.999999 -0.000756 -0.000933 0.999999 -0.000770 -0.000935 0.999999 -0.000770 -0.000935 0.999999 -0.000756 -0.000932 0.999999 -0.000756 -0.000932 0.999999 -0.000775 -0.000937 0.999999 -0.000748 -0.000930 0.999999 -0.000782 -0.000938 0.999999 -0.000754 -0.000931 0.999999 -0.000770 -0.000936 0.999999 -0.000764 -0.000933 0.999999 -0.000777 -0.000939 0.999999 -0.000742 -0.000925 0.999999 -0.000761 -0.000932 0.999999 -0.000765 -0.000935 0.999999 -0.000782 -0.000942 0.999999 -0.000750 -0.000927 0.999999 -0.000784 -0.000944 0.999999 -0.000775 -0.000939 0.999999 -0.000727 -0.000913 0.999999 -0.000775 -0.000940 0.999999 -0.000767 -0.000936 0.999999 -0.000758 -0.000931 0.999999 -0.000746 -0.000924 0.999999 -0.000786 -0.000944 0.999999 -0.000731 -0.000909 0.999999 -0.000798 -0.000955 0.999999 -0.000991 -0.001072 0.999999 -0.000764 -0.000933 1.000000 -0.000683 -0.000897 0.999999 -0.000733 -0.000918 0.999999 -0.000765 -0.000934 0.999999 -0.000696 -0.000925 0.999999 -0.000764 -0.000934 0.999999 -0.000765 -0.000973 0.999999 -0.000763 -0.000945 0.999999 -0.000763 -0.000931 0.999999 -0.000770 -0.000937 0.999999 -0.000755 -0.000923 0.999999 -0.000755 -0.000927 0.999999 -0.000776 -0.000942 0.999999 -0.000775 -0.000939 0.999999 -0.000760 -0.000930 0.999999 -0.000785 -0.000947 0.999999 -0.000734 -0.000911 0.999999 -0.000792 -0.000948 0.999999 -0.000759 -0.000931 0.999999 -0.000778 -0.000941 0.999999 -0.000692 -0.000903 0.999999 -0.000818 -0.000952 0.999999 -0.000798 -0.000948 0.999999 -0.000814 -0.000947 1.000000 -0.000550 -0.000886 0.999999 -0.001067 -0.000988 1.000000 -0.000281 -0.000859 0.999999 -0.000769 -0.000923 0.999999 -0.000760 -0.000935 0.999999 -0.000773 -0.000925 0.999999 -0.000747 -0.000943 0.999999 -0.000766 -0.000931 0.999999 -0.000761 -0.000930 0.999999 -0.000795 -0.000912 0.999999 -0.000748 -0.000940 0.999999 -0.000706 -0.000956 0.999999 -0.000894 -0.000880 0.999999 -0.000639 -0.000974 0.999999 -0.000799 -0.000922 0.999999 -0.000724 -0.000945 0.999999 -0.000908 -0.000895 0.999999 -0.000644 -0.000953 0.999999 -0.001135 -0.000865 0.000800 0.999174 0.040628 0.000802 0.999174 0.040631 0.000875 0.992406 0.123002 0.000870 0.992406 0.123005 0.000938 0.978859 0.204535 0.000939 0.978861 0.204527 0.000999 0.958625 0.284669 0.000995 0.958622 0.284679 0.001048 0.931847 0.362850 0.001048 0.931849 0.362844 0.001094 0.898680 0.438605 0.001101 0.898693 0.438576 0.001137 0.859418 0.511272 0.001132 0.859409 0.511287 0.001162 0.814245 0.580520 0.001167 0.814251 0.580511 0.001192 0.763558 0.645739 0.001183 0.763534 0.645766 0.001196 0.707575 0.706638 0.001206 0.707598 0.706614 0.001210 0.646812 0.762648 0.001213 0.646819 0.762643 0.001209 0.581682 0.813415 0.001198 0.581643 0.813443 0.001189 0.512478 0.858700 0.001190 0.512465 0.858707 0.001169 0.439818 0.898086 0.001170 0.439792 0.898099 0.001143 0.364159 0.931336 0.001154 0.364216 0.931314 0.001120 0.286007 0.958227 0.001108 0.285960 0.958241 0.001065 0.205927 0.978567 0.001066 0.205901 0.978572 0.001016 0.124387 0.992233 0.001016 0.124400 0.992232 0.000960 0.042001 0.999117 0.000972 0.042014 0.999117 0.000909 -0.040617 0.999174 0.000896 -0.040636 0.999174 0.000827 -0.123040 0.992401 0.000840 -0.123029 0.992403 0.000765 -0.204506 0.978865 0.000752 -0.204542 0.978858 0.000673 -0.284662 0.958628 0.000673 -0.284624 0.958639 0.000588 -0.362921 0.931820 0.000599 -0.362861 0.931843 0.000510 -0.438522 0.898720 0.000500 -0.438584 0.898690 0.000407 -0.511283 0.859412 0.000418 -0.511258 0.859427 0.000323 -0.580514 0.814250 0.000311 -0.580507 0.814255 0.000216 -0.645755 0.763544 0.000215 -0.645759 0.763541 0.000118 -0.706623 0.707590 0.000125 -0.706598 0.707615 0.000024 -0.762642 0.646821 0.000019 -0.762669 0.646789 -0.000079 -0.813437 0.581653 -0.000077 -0.813424 0.581671 -0.000173 -0.858692 0.512493 -0.000180 -0.858699 0.512480 -0.000279 -0.898088 0.439817 -0.000276 -0.898080 0.439833 -0.000373 -0.931347 0.364133 -0.000370 -0.931344 0.364141 -0.000466 -0.958225 0.286015 -0.000464 -0.958227 0.286010 -0.000555 -0.978575 0.205890 -0.000553 -0.978574 0.205895 -0.000639 -0.992233 0.124388 -0.000642 -0.992234 0.124383 -0.000724 -0.999116 0.042022 -0.000721 -0.999116 0.042019 0.000929 0.000695 0.999999 0.000941 0.000689 0.999999 0.000763 1.000000 -0.000696 0.000764 1.000000 -0.000696 0.001048 0.030340 0.999539 0.000964 0.030116 0.999546 0.000919 -0.028721 0.999587 0.000909 0.088773 0.996051 0.001179 0.089482 0.995988 0.000858 0.147169 0.989111 0.001301 0.148332 0.988937 0.000801 0.205026 0.978756 0.001421 0.206662 0.978411 0.000745 0.262202 0.965013 0.001548 0.264293 0.964441 0.000699 0.318437 0.947944 0.001655 0.320901 0.947111 0.000635 0.373611 0.927585 0.001755 0.376450 0.926435 0.000569 0.427479 0.904025 0.001862 0.430717 0.902485 0.000513 0.479838 0.877357 0.001960 0.483403 0.875396 0.000448 0.530597 0.847624 0.002053 0.534419 0.845217 0.000382 0.579495 0.814975 0.002121 0.583521 0.812095 0.000294 0.626369 0.779527 0.002207 0.630638 0.776074 0.000229 0.671126 0.741343 0.002262 0.675477 0.737378 0.000132 0.713526 0.700629 0.002329 0.718001 0.696039 0.000057 0.753428 0.657531 0.002401 0.757959 0.652298 -0.000018 0.790806 0.612066 0.002447 0.795278 0.606240 -0.000110 0.825385 0.564570 0.002506 0.829798 0.558059 -0.000191 0.857155 0.515059 0.002537 0.861387 0.507943 -0.000290 0.885922 0.463834 0.002582 0.889975 0.456002 -0.000378 0.911662 0.410941 0.002609 0.915419 0.402494 0.001063 0.925121 0.379671 0.000323 0.933804 0.357785 0.001985 0.937663 0.347540 0.000127 0.952488 0.304577 0.002093 0.956602 0.291391 -0.000047 0.968140 0.250411 0.002173 0.972183 0.234211 -0.000196 0.980716 0.195437 0.002224 0.984352 0.176197 -0.000320 0.990175 0.139836 0.002242 0.993061 0.117584 -0.000423 0.996482 0.083807 0.002231 0.998282 0.058543 -0.000499 0.999622 0.027502 0.002191 0.999997 -0.000697 -0.000638 0.999556 -0.029778 0.002133 0.998200 -0.059937 -0.000691 0.996133 -0.087851 0.002067 0.992896 -0.118965 -0.000742 0.989341 -0.145615 0.001996 0.984106 -0.177573 -0.000792 0.979199 -0.202900 0.001919 0.971856 -0.235566 -0.000839 0.965746 -0.259488 0.001836 0.956198 -0.292714 -0.000886 0.949023 -0.315206 0.001746 0.937172 -0.348862 -0.000928 0.929092 -0.369848 0.001654 0.914864 -0.403758 -0.000968 0.906011 -0.423253 0.001554 0.889336 -0.457252 -0.001005 0.879870 -0.475213 0.001450 0.860694 -0.509121 -0.001041 0.850749 -0.525571 0.001341 0.829008 -0.559236 -0.001069 0.818756 -0.574141 0.001230 0.794443 -0.607338 -0.001101 0.783975 -0.620792 0.001108 0.757061 -0.653343 -0.001124 0.746572 -0.665304 0.000991 0.717007 -0.697065 -0.001138 0.706612 -0.707601 0.000869 0.674475 -0.738297 -0.001156 0.664268 -0.747494 0.000739 0.629552 -0.776958 -0.001166 0.619697 -0.784840 0.000611 0.582399 -0.812903 -0.001169 0.573002 -0.819554 0.000478 0.533237 -0.845966 -0.001168 0.524396 -0.851474 0.000345 0.482178 -0.876073 -0.001162 0.473985 -0.880532 0.000207 0.429457 -0.903088 -0.001161 0.421967 -0.906610 0.000059 0.375167 -0.926957 -0.001138 0.368585 -0.929593 -0.000076 0.319615 -0.947547 -0.001118 0.313876 -0.949464 -0.000223 0.262938 -0.964813 -0.001089 0.258174 -0.966098 -0.000365 0.205276 -0.978704 -0.001054 0.201517 -0.979484 -0.000512 0.146950 -0.989144 -0.001013 0.144239 -0.989542 -0.000658 0.088100 -0.996112 -0.000964 0.086465 -0.996255 -0.000805 0.028948 -0.999581 -0.000913 0.028382 -0.999597 -0.000957 -0.029770 -0.999556 -0.000849 -0.030329 -0.999540 -0.001096 -0.087873 -0.996131 -0.000797 -0.089484 -0.995988 -0.001237 -0.145618 -0.989340 -0.000739 -0.148337 -0.988937 -0.001365 -0.202890 -0.979201 -0.000680 -0.206658 -0.978413 -0.001484 -0.259493 -0.965744 -0.000623 -0.264260 -0.964451 -0.001597 -0.315214 -0.949020 -0.000568 -0.320931 -0.947102 -0.001703 -0.369831 -0.929097 -0.000509 -0.376454 -0.926435 -0.001801 -0.423240 -0.906016 -0.000447 -0.430713 -0.902489 -0.001885 -0.475228 -0.879861 -0.000392 -0.483395 -0.875402 -0.001970 -0.525574 -0.850746 -0.000338 -0.534397 -0.845233 -0.002047 -0.574138 -0.818756 -0.000279 -0.583544 -0.812081 -0.002112 -0.620780 -0.783982 -0.000219 -0.630634 -0.776080 -0.002168 -0.665309 -0.746565 -0.000159 -0.675502 -0.737359 -0.002215 -0.707590 -0.706620 -0.000098 -0.717988 -0.696056 -0.002257 -0.747494 -0.664265 -0.000041 -0.757958 -0.652304 -0.002294 -0.784852 -0.619680 0.000016 -0.795283 -0.606239 -0.002318 -0.819544 -0.573011 0.000077 -0.829788 -0.558079 -0.002337 -0.851479 -0.524384 0.000136 -0.861400 -0.507927 -0.002350 -0.880533 -0.473979 0.000196 -0.889976 -0.456006 -0.002351 -0.906593 -0.422000 0.000258 -0.915422 -0.402497 -0.002346 -0.929603 -0.368555 0.000316 -0.937660 -0.347554 -0.002336 -0.949462 -0.313874 0.000375 -0.956606 -0.291385 -0.002315 -0.966103 -0.258147 0.000437 -0.972187 -0.234206 -0.002286 -0.979479 -0.201534 0.000493 -0.984353 -0.176209 -0.002253 -0.989541 -0.144238 0.000554 -0.993063 -0.117582 -0.002214 -0.996253 -0.086462 0.000609 -0.998284 -0.058550 -0.002164 -0.999595 -0.028390 0.000664 -1.000000 0.000697 -0.002026 -0.999580 0.028895 0.000707 -0.998202 0.059934 -0.001945 -0.996363 0.085187 0.000727 -0.992898 0.118966 -0.001832 -0.989977 0.141220 0.000722 -0.984107 0.177574 -0.001691 -0.980441 0.196804 0.000689 -0.971861 0.235554 -0.001525 -0.967791 0.251750 0.000631 -0.956197 0.292723 -0.001328 -0.952060 0.305908 0.000552 -0.937176 0.348856 -0.001103 -0.933301 0.359093 -0.000351 -0.924623 0.380883 0.001214 -0.914866 0.403756 -0.001772 -0.911083 0.412220 0.001217 -0.889337 0.457251 -0.001638 -0.885290 0.465036 0.001231 -0.860685 0.509136 -0.001496 -0.856432 0.516258 0.001241 -0.829017 0.559223 -0.001368 -0.824595 0.565723 0.001234 -0.794428 0.607356 -0.001229 -0.789935 0.613189 0.001236 -0.757063 0.653341 -0.001093 -0.752537 0.658549 0.001234 -0.717023 0.697049 -0.000945 -0.712552 0.701618 0.001243 -0.674456 0.738314 -0.000793 -0.670080 0.742288 0.001245 -0.629549 0.776960 -0.000652 -0.625293 0.780389 0.001238 -0.582415 0.812891 -0.000514 -0.578350 0.815788 0.001224 -0.533264 0.845948 -0.000375 -0.529419 0.848361 0.001209 -0.482153 0.876086 -0.000215 -0.478650 0.878006 0.001213 -0.429451 0.903089 -0.000081 -0.426216 0.904621 0.001184 -0.375161 0.926959 0.000064 -0.372310 0.928109 0.001165 -0.319590 0.947555 0.000222 -0.317133 0.948381 0.001153 -0.262938 0.964812 0.000350 -0.260843 0.965381 0.001111 -0.205312 0.978696 0.000477 -0.203642 0.979046 0.001063 -0.146946 0.989144 0.000630 -0.145823 0.989311 0.001039 -0.088094 0.996112 0.000778 -0.087414 0.996172 0.001007 -0.028946 0.999580 -0.000762 -1.000000 0.000696 -0.000761 -1.000000 0.000696 0.000941 0.000695 0.999999 0.000941 0.000695 0.999999 0.999999 -0.000789 -0.000934 0.999999 -0.000755 -0.000933 0.999999 -0.000734 -0.000933 0.999999 -0.000878 -0.000936 0.999999 -0.000853 -0.000935 0.999999 -0.000782 -0.000934 0.999999 -0.000652 -0.000934 1.000000 -0.000218 -0.000934 0.999999 -0.000764 -0.000929 0.999999 -0.000720 -0.001182 0.999999 -0.000767 -0.000924 0.999999 -0.001010 -0.000934 0.999999 -0.000886 -0.000934 0.999999 -0.000741 -0.000934 0.999999 -0.000693 -0.000935 0.999999 -0.000624 -0.000936 0.999999 -0.000786 -0.000933 0.999999 -0.000751 -0.000934 0.999999 -0.000761 -0.000934 0.999999 -0.000765 -0.000953 0.999999 -0.000768 -0.000915 0.999999 -0.000762 -0.000946 0.999999 -0.000765 -0.000937 0.999999 -0.000748 -0.000920 0.999999 -0.000793 -0.000966 0.999999 -0.000758 -0.000926 0.999999 -0.000760 -0.000931 0.999999 -0.000748 -0.000911 0.999999 -0.000771 -0.000950 0.999999 -0.000763 -0.000936 0.999999 -0.000759 -0.000924 0.999999 -0.000773 -0.000959 0.999999 -0.000757 -0.000915 0.999999 -0.000758 -0.000924 0.999999 -0.000768 -0.000956 0.999999 -0.000761 -0.000922 0.999999 -0.000755 -0.000899 0.999999 -0.000766 -0.000947 0.999999 -0.000806 -0.001187 0.999999 -0.000775 -0.000880 0.999999 -0.000762 -0.000941 0.999999 -0.000754 -0.000981 0.999999 -0.000775 -0.000901 0.999999 -0.000767 -0.000923 0.999999 -0.000756 -0.000959 0.999999 -0.000764 -0.000937 0.999999 -0.000772 -0.000917 0.999999 -0.000748 -0.000965 0.999999 -0.000787 -0.000899 0.999999 -0.000762 -0.000936 0.999999 -0.000776 -0.000919 0.999999 -0.000733 -0.000967 0.999999 -0.000781 -0.000917 0.999999 -0.000762 -0.000936 0.999999 -0.000770 -0.000963 0.999999 -0.000759 -0.000907 0.999999 -0.000764 -0.000953 0.999999 -0.000834 -0.000934 0.999999 -0.000704 -0.000934 0.999999 -0.000809 -0.000935 0.999999 -0.000718 -0.000933 0.999999 -0.000795 -0.000935 0.999999 -0.000717 -0.000931 0.999999 -0.000783 -0.000937 0.999999 -0.000777 -0.000936 0.999999 -0.000739 -0.000929 0.999999 -0.000759 -0.000933 0.999999 -0.000770 -0.000940 0.999999 -0.000767 -0.000936 0.999999 -0.000761 -0.000932 0.999999 -0.000758 -0.000930 0.999999 -0.000764 -0.000939 0.999999 -0.000762 -0.000934 0.999999 -0.000762 -0.000935 0.999999 -0.000768 -0.000949 0.999999 -0.000762 -0.000925 0.999999 -0.000763 -0.000933 0.999999 -0.000765 -0.000944 0.999999 -0.000765 -0.000955 0.999999 -0.000762 -0.000894 0.999999 -0.000764 -0.000953 0.999999 -0.000764 -0.000944 0.999999 -0.000764 -0.001002 0.999999 -0.000764 -0.000941 0.999999 -0.000764 -0.001112 0.999999 -0.000764 -0.000998 0.999999 -0.000764 -0.000931 0.999999 -0.000763 -0.000983 0.999999 -0.000767 -0.000874 0.999999 -0.000762 -0.000961 0.999999 -0.000764 -0.000937 0.999999 -0.000766 -0.000928 0.999999 -0.000764 -0.000937 0.999999 -0.000762 -0.000945 0.999999 -0.000766 -0.000931 0.999999 -0.000768 -0.000929 0.999999 -0.000760 -0.000939 0.999999 -0.000767 -0.000934 0.999999 -0.000776 -0.000925 0.999999 -0.000755 -0.000938 0.999999 -0.000756 -0.000939 0.999999 -0.000765 -0.000935 0.999999 -0.000798 -0.000926 0.999999 -0.000753 -0.000935 0.999999 -0.000725 -0.000939 0.999999 -0.000829 -0.000929 0.999999 -0.000704 -0.000937 0.999999 -0.000855 -0.000931 0.999999 -0.000697 -0.000934 0.999999 -0.000744 -0.000934 0.999999 -0.000613 -0.000934 -0.000932 -0.000696 -0.999999 -0.000934 -0.000695 -0.999999 -0.000935 -0.000696 -0.999999 0.000935 0.000696 0.999999 0.000935 0.000696 0.999999 0.999999 -0.000764 -0.000936 0.999999 -0.000760 -0.000936 0.999999 -0.000758 -0.000951 0.999999 -0.000764 -0.000935 0.999999 -0.000746 -0.000916 0.999999 -0.000771 -0.000946 0.999999 -0.000764 -0.000935 0.999999 -0.000760 -0.000969 0.999999 -0.000758 -0.000957 0.999999 -0.000764 -0.000934 0.999999 -0.000766 -0.000935 0.999999 -0.000772 -0.000944 0.999999 -0.000762 -0.000931 0.999999 -0.000778 -0.000960 0.999999 -0.000764 -0.000938 0.999999 -0.000764 -0.000861 0.999999 -0.000764 -0.000829 0.999999 -0.000764 -0.000943 0.999999 -0.000764 -0.000931 0.999999 -0.000764 -0.000978 0.999999 -0.000764 -0.000960 0.999999 -0.000764 -0.000889 0.999999 -0.000764 -0.000863 0.999999 -0.000764 -0.000964 0.999999 -0.000764 -0.000946 0.999999 -0.000764 -0.000963 0.999999 -0.000764 -0.000954 0.999999 -0.000764 -0.000917 0.999999 -0.000765 -0.000921 0.999999 -0.000765 -0.000946 0.999999 -0.000765 -0.000944 0.999999 -0.000765 -0.000946 0.999999 -0.000764 -0.000937 0.999999 -0.000764 -0.000923 0.999999 -0.000764 -0.000934 0.999999 -0.000764 -0.000932 0.999999 -0.000764 -0.000926 0.999999 -0.000764 -0.000929 0.999999 -0.000764 -0.000937 0.999999 -0.000764 -0.000932 0.999999 -0.000764 -0.000927 0.999999 -0.000764 -0.000932 0.999999 -0.000765 -0.000956 0.999999 -0.000765 -0.000948 0.999999 -0.000765 -0.000938 0.999999 -0.000765 -0.000924 0.999999 -0.000763 -0.000893 0.999999 -0.000763 -0.000903 0.999999 -0.000763 -0.000915 0.999999 -0.000763 -0.000919 0.999999 -0.000764 -0.000939 0.999999 -0.000764 -0.000987 0.999999 -0.000764 -0.000974 0.999999 -0.000764 -0.000877 0.999999 -0.000764 -0.000826 0.999999 -0.000764 -0.000966 0.999999 -0.000765 -0.000986 0.999999 -0.000765 -0.001072 0.999999 -0.000764 -0.001022 0.999999 -0.000764 -0.000938 0.999999 -0.000764 -0.000936 0.999999 -0.000763 -0.000939 0.999999 -0.000774 -0.000906 0.999999 -0.000753 -0.000961 0.999999 -0.000760 -0.000953 0.999999 -0.000774 -0.000918 0.999999 -0.000778 -0.000914 0.999999 -0.000758 -0.000945 0.999999 -0.000766 -0.000931 0.999999 -0.000752 -0.000946 0.999999 -0.000773 -0.000932 0.999999 -0.000763 -0.000932 0.999999 -0.000769 -0.000943 0.999999 -0.000744 -0.000904 0.999999 -0.000780 -0.000968 0.999999 -0.000761 -0.000927 0.999999 -0.000761 -0.000929 0.999999 -0.000770 -0.000963 0.999999 -0.000763 -0.000919 0.999999 -0.000752 -0.000912 0.999999 -0.000785 -0.000872 0.999999 -0.000762 -0.000941 0.999999 -0.000764 -0.000937 0.999999 -0.000761 -0.000934 0.999999 -0.000758 -0.000939 0.999999 -0.000755 -0.000955 0.999999 -0.000778 -0.000914 0.999999 -0.000769 -0.000927 0.999999 -0.000752 -0.000948 0.999999 -0.000752 -0.000946 0.999999 -0.000791 -0.000910 0.999999 -0.000764 -0.000932 0.999999 -0.000758 -0.000924 0.999999 -0.000754 -0.000925 0.999999 -0.000761 -0.000932 0.999999 -0.000760 -0.000934 0.999999 -0.000778 -0.000958 0.999999 -0.000753 -0.000919 0.999999 -0.000762 -0.000928 0.999999 -0.000763 -0.000934 0.999999 -0.000776 -0.000989 0.999999 -0.000753 -0.000877 0.999999 -0.000764 -0.000932 0.999999 -0.000686 -0.001220 0.999999 -0.000816 -0.000746 0.999999 -0.000762 -0.000934 0.999999 -0.000764 -0.000930 0.999999 -0.000755 -0.000933 0.999999 -0.000764 -0.000932 0.999999 -0.000785 -0.000871 0.999999 -0.000757 -0.000945 0.999999 -0.000769 -0.000934 0.999999 -0.000770 -0.000937 0.999999 -0.000761 -0.000924 0.999999 -0.000774 -0.000893 0.999999 -0.000752 -0.000950 0.999999 -0.000773 -0.000918 0.999999 -0.000760 -0.000934 0.999999 -0.000765 -0.000925 0.999999 -0.000753 -0.000953 0.999999 -0.000757 -0.000944 0.999999 -0.000780 -0.000912 0.999999 -0.000776 -0.000919 0.999999 -0.000762 -0.000933 0.999999 -0.000732 -0.000962 0.999999 -0.000789 -0.000964 0.999999 -0.000758 -0.000926 0.999999 -0.000744 -0.000908 0.999999 -0.000780 -0.000968 0.999999 -0.000752 -0.000908 0.999999 -0.000751 -0.000912 0.999999 -0.000778 -0.000978 0.999999 -0.000743 -0.000887 0.999999 -0.000795 -0.001035 0.999999 -0.000747 -0.000873 0.999999 -0.000803 -0.001110 0.999999 -0.000764 -0.000936 0.999999 -0.000765 -0.001417 0.999999 -0.000764 -0.001194 0.999999 -0.000763 -0.000846 0.999999 -0.000764 -0.000888 0.999999 -0.000764 -0.000902 0.999999 -0.000764 -0.000896 0.999999 -0.000764 -0.000953 0.999999 -0.000763 -0.000955 0.999999 -0.000763 -0.000831 0.999999 -0.000764 -0.000865 0.999999 -0.000764 -0.000998 0.999999 -0.000765 -0.001003 0.999999 -0.000765 -0.000900 0.999999 -0.000765 -0.000902 0.999999 -0.000765 -0.000962 0.999999 -0.000763 -0.000899 0.999999 -0.000763 -0.000978 0.999999 -0.000764 -0.000989 0.999999 -0.000764 -0.000923 0.999999 -0.000764 -0.000932 0.999999 -0.000764 -0.000939 0.999999 -0.000764 -0.000930 0.999999 -0.000764 -0.000929 0.999999 -0.000764 -0.000929 0.999999 -0.000764 -0.000972 0.999999 -0.000762 -0.000927 0.999999 -0.000762 -0.000875 0.999999 -0.000763 -0.000899 0.999999 -0.000763 -0.000940 0.999999 -0.000764 -0.000963 0.999999 -0.000764 -0.000950 0.999999 -0.000763 -0.000940 0.999999 -0.000763 -0.000903 0.999999 -0.000764 -0.000931 0.999999 -0.000764 -0.000919 0.999999 -0.000765 -0.000952 0.999999 -0.000765 -0.001032 0.999999 -0.000764 -0.000945 1.000000 -0.000764 -0.000798 0.999999 -0.000765 -0.000921 0.999999 -0.000765 -0.001000 1.000000 -0.000763 -0.000822 1.000000 -0.000763 -0.000804 0.999999 -0.000764 -0.001006 0.999999 -0.000764 -0.000934 0.999999 -0.000747 -0.000873 0.999999 -0.000753 -0.000871 0.999999 -0.000709 -0.001127 0.999999 -0.000792 -0.000863 0.999999 -0.000758 -0.000956 0.999999 -0.000779 -0.000907 0.999999 -0.000767 -0.000923 0.999999 -0.000755 -0.000951 0.999999 -0.000778 -0.000914 0.999999 -0.000758 -0.000942 0.999999 -0.000753 -0.000947 0.999999 -0.000768 -0.000933 0.999999 -0.000738 -0.000960 0.999999 -0.000740 -0.000901 0.999999 -0.000758 -0.000929 0.999999 -0.000786 -0.000967 0.999999 -0.000745 -0.000896 0.999999 -0.000770 -0.000941 0.999999 -0.000788 -0.000988 0.999999 -0.000746 -0.000874 0.999999 -0.000763 -0.000930 0.999999 -0.000775 -0.000978 -0.999999 0.000764 0.000934 -0.999999 0.000753 0.000923 -0.999999 0.000777 0.000978 -0.999999 0.000762 0.000934 -0.999999 0.000770 0.000931 -0.999999 0.000765 0.000925 -0.999999 0.000764 0.000934 -0.999999 0.000753 0.000850 -0.999999 0.000777 0.001005 -0.999999 0.000764 0.000933 -0.999999 0.000770 0.000933 -0.999999 0.000765 0.000924 -0.999999 0.000731 0.000808 -0.999999 0.000801 0.001044 -0.999999 0.000761 0.000930 -0.999999 0.000753 0.000907 -0.999999 0.000787 0.000988 -1.000000 0.000725 0.000858 -0.999999 0.000786 0.000967 -0.999999 0.000758 0.000927 -0.999999 0.000789 0.000960 -0.999999 0.000726 0.000893 -0.999999 0.000802 0.000974 -0.999999 0.000805 0.000883 -0.999999 0.000737 0.000982 -0.999999 0.000757 0.000934 -0.999999 0.000753 0.000956 -0.999999 0.000784 0.000900 -0.999999 0.000761 0.000932 -0.999999 0.000774 0.000919 -0.999999 0.000734 0.001032 -0.999999 0.000796 0.000812 -0.999999 0.000728 0.001077 -0.999999 0.000785 0.000828 -0.999999 0.000764 0.000932 -1.000000 0.000764 0.000709 -1.000000 0.000763 0.000804 -0.999999 0.000764 0.001139 -0.999999 0.000764 0.001033 -0.999999 0.000764 0.000877 -0.999999 0.000765 0.000845 -0.999999 0.000765 0.000952 -0.999999 0.000763 0.001013 -0.999999 0.000763 0.000869 -0.999999 0.000763 0.000892 -0.999999 0.000763 0.001016 -0.999999 0.000765 0.000933 -0.999999 0.000765 0.000933 -0.999999 0.000765 0.000948 -0.999999 0.000765 0.000938 -0.999999 0.000765 0.000960 -0.999999 0.000765 0.000874 -0.999999 0.000764 0.000896 -0.999999 0.000764 0.000931 -0.999999 0.000762 0.000956 -0.999999 0.000762 0.000963 -0.999999 0.000765 0.000895 -0.999999 0.000765 0.000937 -0.999999 0.000764 0.000961 -0.999999 0.000764 0.000916 -0.999999 0.000765 0.000899 -0.999999 0.000765 0.000916 -0.999999 0.000765 0.000957 -0.999999 0.000765 0.000923 -0.999999 0.000764 0.000946 -0.999999 0.000764 0.000976 -0.999999 0.000765 0.000947 -0.999999 0.000765 0.000829 -0.999999 0.000764 0.000859 -0.999999 0.000764 0.001018 -0.999999 0.000763 0.001039 -0.999999 0.000763 0.000897 -0.999999 0.000764 0.000871 -0.999999 0.000764 0.000931 -0.999999 0.000763 0.000976 -0.999999 0.000763 0.001138 -0.999999 0.000765 0.001014 -1.000000 0.000764 0.000643 -0.999999 0.000763 0.000850 -0.999999 0.000763 0.000934 -0.999999 0.000757 0.000931 -0.999999 0.000785 0.000847 -0.999999 0.000752 0.000872 -0.999999 0.000763 0.000944 -0.999999 0.000763 0.000921 -0.999999 0.000771 0.000947 -0.999999 0.000754 0.000915 -0.999999 0.000782 0.000966 -0.999999 0.000765 0.000932 -0.999999 0.000758 0.000934 -0.999999 0.000764 0.000937 -0.999999 0.000758 0.000919 -0.999999 0.000767 0.000930 -0.999999 0.000751 0.000945 -0.999999 0.000780 0.000918 -0.999999 0.000757 0.000937 -0.999999 0.000772 0.000920 -0.999999 0.000749 0.000964 -0.999999 0.000778 0.000907 -0.999999 0.000756 0.000948 -0.999999 0.000733 0.001016 -0.999999 0.000795 0.000833 -0.999999 0.000764 0.000934 -0.999999 0.000728 0.000794 -0.999999 0.000777 0.000976 -0.999999 0.000764 0.000935 -0.999999 0.000754 0.000954 -0.999999 0.000766 0.000929 -0.999999 0.000764 0.000933 -0.999999 0.000753 0.000890 -0.999999 0.000762 0.000935 -0.999999 0.000764 0.000935 -0.999999 0.000791 0.000918 -0.999999 0.000736 0.000960 -0.999999 0.000757 0.000989 -0.999999 0.000785 0.000813 -0.999999 0.000764 0.000932 -0.999999 0.000764 0.000911 -0.999999 0.000764 0.001022 -0.999999 0.000764 0.000976 -0.999999 0.000765 0.000877 -0.999999 0.000765 0.000928 -0.999999 0.000764 0.000960 -0.999999 0.000764 0.000974 -0.999999 0.000763 0.001020 -0.999999 0.000763 0.000869 -0.999999 0.000763 0.000862 -0.999999 0.000763 0.000911 -0.999999 0.000763 0.000908 -0.999999 0.000763 0.000950 -0.999999 0.000764 0.000935 -0.999999 0.000764 0.000954 -0.999999 0.000764 0.000975 -0.999999 0.000764 0.000922 -0.999999 0.000764 0.000943 -0.999999 0.000764 0.000916 -0.999999 0.000763 0.000948 -0.999999 0.000763 0.000947 -0.999999 0.000764 0.000908 -0.999999 0.000764 0.000921 -0.999999 0.000764 0.000921 -0.999999 0.000764 0.000948 -0.999999 0.000764 0.000959 -0.999999 0.000764 0.000932 -0.999999 0.000764 0.000936 -0.999999 0.000764 0.000940 -0.999999 0.000764 0.000945 -0.999999 0.000764 0.000942 -0.999999 0.000764 0.000912 -0.999999 0.000764 0.000940 -0.999999 0.000764 0.000932 -0.999999 0.000764 0.000899 -0.999999 0.000765 0.000878 -0.999999 0.000765 0.000942 -0.999999 0.000764 0.001013 -0.999999 0.000764 0.000984 -0.999999 0.000764 0.000926 -0.999999 0.000764 0.000932 -0.999999 0.000764 0.000914 -0.999999 0.000764 0.001072 -0.999999 0.000764 0.000930 -0.999999 0.000764 0.000930 -0.999999 0.000763 0.000914 -0.999999 0.000772 0.000967 -0.999999 0.000762 0.000931 -0.999999 0.000778 0.000961 -0.999999 0.000752 0.000921 -0.999999 0.000754 0.000912 -0.999999 0.000776 0.000944 -0.999999 0.000769 0.000948 -0.999999 0.000763 0.000933 -0.999999 0.000756 0.000919 -0.999999 0.000765 0.000942 -0.999999 0.000779 0.000920 -0.999999 0.000747 0.000957 -0.999999 0.000757 0.000945 -0.999999 0.000763 0.000932 -0.999999 0.000784 0.000894 -0.999999 0.000744 0.000987 -0.999999 0.000764 0.000919 -0.999999 0.000762 0.000946 -0.999999 0.000763 0.000920 -0.999999 0.000774 0.000978 -0.999999 0.000754 0.000900 -0.999999 0.000771 0.000938 -0.999999 0.000778 0.000974 -0.999999 0.000752 0.000915 -0.999999 0.000754 0.000916 -0.999999 0.000766 0.000932 -0.999999 0.000770 0.000942 -0.999999 0.000777 0.000951 -0.999999 0.000771 0.000946 -0.999999 0.000746 0.000909 -0.999999 0.000764 0.000932 -0.999999 0.000757 0.000939 -0.999999 0.000767 0.000934 -0.999999 0.000763 0.000932 -0.999999 0.000775 0.000901 -0.999999 0.000761 0.000951 -0.999999 0.000756 0.000948 -0.999999 0.000762 0.000936 -0.999999 0.000763 0.000933 -0.999999 0.000757 0.000960 -0.999999 0.000761 0.000960 -0.000879 0.064732 -0.997902 -0.000879 0.064750 -0.997901 -0.000979 -0.066127 -0.997811 -0.000987 -0.066055 -0.997816 -0.001070 -0.195748 -0.980654 -0.001062 -0.195831 -0.980637 -0.001127 -0.322105 -0.946703 -0.001136 -0.322040 -0.946726 -0.001178 -0.442910 -0.896565 -0.001181 -0.442917 -0.896562 -0.001203 -0.556143 -0.831086 -0.001198 -0.556191 -0.831054 -0.001203 -0.659875 -0.751375 -0.001204 -0.659877 -0.751373 -0.001187 -0.752283 -0.658839 -0.001186 -0.752285 -0.658837 -0.001152 -0.831861 -0.554983 -0.001154 -0.831858 -0.554987 -0.001099 -0.897184 -0.441655 -0.001096 -0.897183 -0.441657 -0.001022 -0.947151 -0.320786 -0.001023 -0.947154 -0.320778 -0.000932 -0.980922 -0.194399 -0.000931 -0.980920 -0.194412 -0.000823 -0.997904 -0.064715 -0.000823 -0.997904 -0.064715 -0.000698 -0.997813 0.066100 -0.000699 -0.997813 0.066101 -0.000564 -0.980650 0.195769 -0.000568 -0.980653 0.195755 -0.000423 -0.946699 0.322120 -0.000422 -0.946699 0.322119 -0.000272 -0.896573 0.442896 -0.000275 -0.896574 0.442893 -0.000116 -0.831080 0.556153 -0.000116 -0.831081 0.556152 0.000041 -0.751382 0.659868 0.000040 -0.751384 0.659865 0.000196 -0.658846 0.752278 0.000203 -0.658806 0.752313 0.000358 -0.554977 0.831866 0.000355 -0.554977 0.831866 0.000505 -0.441613 0.897205 0.000490 -0.441731 0.897148 0.000629 -0.320788 0.947151 0.000636 -0.320725 0.947172 0.000765 -0.194441 0.980914 0.000765 -0.194441 0.980914 0.000879 -0.064669 0.997906 0.000879 -0.064669 0.997907 0.000979 0.066054 0.997816 0.000979 0.066055 0.997816 0.001062 0.195748 0.980654 0.001070 0.195831 0.980637 0.001135 0.322104 0.946704 0.001127 0.322042 0.946725 0.001172 0.442909 0.896566 0.001179 0.442971 0.896535 0.001205 0.556136 0.831091 0.001204 0.556145 0.831085 0.001210 0.659876 0.751374 0.001203 0.659831 0.751413 0.001187 0.752317 0.658800 0.001188 0.752313 0.658804 0.001153 0.831835 0.555022 0.001156 0.831857 0.554988 0.001099 0.897184 0.441656 0.001097 0.897173 0.441677 0.001023 0.947161 0.320756 0.001021 0.947159 0.320763 0.000930 0.980920 0.194412 0.000932 0.980919 0.194413 0.000820 0.997904 0.064715 0.000822 0.997904 0.064710 0.000699 0.997813 -0.066100 0.000697 0.997813 -0.066101 0.000567 0.980650 -0.195770 0.000567 0.980647 -0.195784 0.000421 0.946706 -0.322098 0.000424 0.946706 -0.322098 0.000273 0.896560 -0.442922 0.000272 0.896560 -0.442923 0.000116 0.831106 -0.556115 0.000116 0.831101 -0.556122 -0.000039 0.751353 -0.659901 -0.000047 0.751382 -0.659868 -0.000202 0.658843 -0.752281 -0.000197 0.658799 -0.752319 -0.000351 0.554987 -0.831859 -0.000350 0.554974 -0.831868 -0.000498 0.441668 -0.897178 -0.000497 0.441671 -0.897177 -0.000637 0.320793 -0.947149 -0.000637 0.320792 -0.947150 -0.000765 0.194374 -0.980927 -0.000765 0.194378 -0.980926 -0.000887 0.064742 -0.997902 -0.000879 0.064673 -0.997906 -0.000979 -0.066127 -0.997811 -0.000987 -0.066049 -0.997816 -0.001070 -0.195758 -0.980652 -0.001063 -0.195825 -0.980638 -0.001127 -0.322104 -0.946704 -0.001135 -0.322035 -0.946727 -0.001180 -0.442912 -0.896564 -0.001172 -0.442976 -0.896533 -0.001198 -0.556136 -0.831091 -0.001198 -0.556143 -0.831086 -0.001204 -0.659875 -0.751374 -0.001203 -0.659875 -0.751375 -0.001187 -0.752282 -0.658841 -0.001188 -0.752281 -0.658842 -0.001152 -0.831859 -0.554986 -0.001152 -0.831864 -0.554978 -0.001097 -0.897182 -0.441659 -0.001099 -0.897169 -0.441685 -0.001025 -0.947152 -0.320784 -0.001022 -0.947158 -0.320765 -0.000930 -0.980919 -0.194413 -0.000930 -0.980920 -0.194410 -0.000822 -0.997904 -0.064701 -0.000823 -0.997904 -0.064706 -0.000699 -0.997813 0.066100 -0.000702 -0.997813 0.066096 -0.000566 -0.980651 0.195764 -0.000567 -0.980651 0.195766 -0.000424 -0.946705 0.322101 -0.000423 -0.946706 0.322100 -0.000273 -0.896575 0.442893 -0.000270 -0.896562 0.442918 -0.000114 -0.831080 0.556153 -0.000112 -0.831079 0.556154 0.000045 -0.751379 0.659871 0.000046 -0.751381 0.659869 0.000202 -0.658847 0.752277 0.000203 -0.658849 0.752275 0.000357 -0.554977 0.831866 0.000357 -0.554980 0.831864 0.000505 -0.441612 0.897206 0.000498 -0.441675 0.897175 0.000636 -0.320799 0.947147 0.000637 -0.320785 0.947152 0.000764 -0.194451 0.980912 0.000765 -0.194447 0.980913 0.000880 -0.064668 0.997906 0.000879 -0.064664 0.997907 0.000979 0.066045 0.997816 0.000987 0.066132 0.997811 0.001070 0.195757 0.980652 0.001070 0.195756 0.980652 0.001135 0.322159 0.946685 0.001120 0.322043 0.946725 0.001165 0.442911 0.896565 0.001173 0.442975 0.896533 0.001198 0.556089 0.831122 0.001205 0.556138 0.831089 0.001210 0.659879 0.751371 0.001209 0.659879 0.751371 0.001193 0.752311 0.658807 0.001188 0.752277 0.658845 0.001153 0.831840 0.555015 0.001156 0.831861 0.554983 0.001099 0.897184 0.441657 0.001100 0.897184 0.441656 0.001024 0.947159 0.320764 0.001022 0.947151 0.320787 0.000931 0.980920 0.194412 0.000930 0.980920 0.194411 0.000821 0.997904 0.064711 0.000825 0.997904 0.064706 0.000699 0.997813 -0.066096 0.000702 0.997813 -0.066096 0.000566 0.980650 -0.195770 0.000566 0.980647 -0.195784 0.000423 0.946707 -0.322097 0.000421 0.946714 -0.322075 0.000269 0.896560 -0.442922 0.000273 0.896545 -0.442953 0.000117 0.831101 -0.556122 -0.000039 0.751350 -0.659904 -0.000046 0.751380 -0.659869 -0.000203 0.658845 -0.752279 -0.000196 0.658805 -0.752314 -0.000350 0.554981 -0.831863 -0.000351 0.554974 -0.831868 -0.000497 0.441672 -0.897177 -0.000498 0.441673 -0.897176 -0.000637 0.320793 -0.947149 -0.000637 0.320795 -0.947148 -0.000765 0.194372 -0.980928 -0.000772 0.194444 -0.980913 -0.000887 0.064741 -0.997902 -0.000887 0.064717 -0.997903 -0.000987 -0.066092 -0.997813 -0.000987 -0.066153 -0.997809 -0.001070 -0.195686 -0.980666 -0.001062 -0.195771 -0.980649 -0.001127 -0.322139 -0.946692 -0.001135 -0.322127 -0.946696 -0.001180 -0.442882 -0.896579 -0.001172 -0.442963 -0.896539 -0.001198 -0.556165 -0.831071 -0.001197 -0.556119 -0.831102 -0.001203 -0.659902 -0.751350 -0.001204 -0.659876 -0.751374 -0.001188 -0.752308 -0.658810 -0.001193 -0.752280 -0.658842 -0.001155 -0.831862 -0.554981 -0.001161 -0.831845 -0.555008 -0.001104 -0.897169 -0.441685 -0.001100 -0.897185 -0.441655 -0.001024 -0.947151 -0.320787 -0.001022 -0.947158 -0.320766 -0.000931 -0.980919 -0.194413 -0.000928 -0.980920 -0.194409 -0.000824 -0.997904 -0.064706 -0.000821 -0.997904 -0.064700 -0.000702 -0.997813 0.066092 -0.000701 -0.997813 0.066090 -0.000567 -0.980650 0.195770 -0.000567 -0.980646 0.195789 -0.000423 -0.946713 0.322077 -0.000420 -0.946708 0.322093 -0.000269 -0.896554 0.442935 -0.000269 -0.896560 0.442922 -0.000113 -0.831081 0.556152 -0.000112 -0.831080 0.556154 0.000047 -0.751383 0.659867 0.000039 -0.751408 0.659838 0.000197 -0.658803 0.752316 0.000197 -0.658795 0.752323 0.000349 -0.554977 0.831866 0.000352 -0.554966 0.831873 0.000497 -0.441670 0.897178 0.000498 -0.441670 0.897177 0.000637 -0.320792 0.947149 0.000637 -0.320815 0.947142 0.000765 -0.194406 0.980921 0.000772 -0.194402 0.980922 0.000887 -0.064633 0.997909 0.000879 -0.064742 0.997902 0.000979 0.066054 0.997816 0.000979 0.066048 0.997816 0.001063 0.195826 0.980638 0.001062 0.195822 0.980639 0.001128 0.322105 0.946703 0.001127 0.322091 0.946708 0.001172 0.442911 0.896565 0.001166 0.442857 0.896592 0.001192 0.556142 0.831087 0.001198 0.556181 0.831060 0.001204 0.659837 0.751408 0.001207 0.659875 0.751374 0.001193 0.752314 0.658803 0.001193 0.752309 0.658810 0.001156 0.831858 0.554988 0.001153 0.831844 0.555008 0.001096 0.897170 0.441684 0.001099 0.897184 0.441656 0.001024 0.947155 0.320773 0.001021 0.947145 0.320805 0.000927 0.980922 0.194398 0.000927 0.980922 0.194399 0.000823 0.997904 0.064706 0.000822 0.997904 0.064705 0.000699 0.997813 -0.066092 0.000702 0.997814 -0.066086 0.000565 0.980647 -0.195784 0.000570 0.980647 -0.195783 0.000424 0.946706 -0.322099 0.000424 0.946702 -0.322110 0.000273 0.896561 -0.442921 0.000270 0.896573 -0.442896 0.000114 0.831076 -0.556158 0.000117 0.831054 -0.556192 -0.000040 0.751384 -0.659866 -0.000042 0.751376 -0.659874 -0.000197 0.658848 -0.752277 -0.000202 0.658891 -0.752238 -0.000355 0.555029 -0.831831 -0.000351 0.554983 -0.831862 -0.000497 0.441611 -0.897207 -0.000505 0.441661 -0.897182 -0.000643 0.320792 -0.947149 -0.000644 0.320802 -0.947146 -0.000772 0.194338 -0.980934 -0.000772 0.194386 -0.980925 -0.000879 0.064669 -0.997907 -0.000887 0.064748 -0.997901 -0.000987 -0.066127 -0.997811 -0.000994 -0.066047 -0.997816 -0.001077 -0.195722 -0.980659 -0.001070 -0.195854 -0.980633 -0.001135 -0.322074 -0.946714 -0.001134 -0.322116 -0.946700 -0.001180 -0.442852 -0.896594 -0.001166 -0.442965 -0.896538 -0.001192 -0.556191 -0.831054 -0.001198 -0.556144 -0.831086 -0.001203 -0.659876 -0.751374 -0.001203 -0.659890 -0.751362 -0.001188 -0.752281 -0.658841 -0.001188 -0.752283 -0.658839 -0.001153 -0.831860 -0.554984 -0.001156 -0.831840 -0.555015 -0.001100 -0.897184 -0.441656 -0.001100 -0.897185 -0.441654 -0.001024 -0.947152 -0.320783 -0.001022 -0.947160 -0.320762 -0.000931 -0.980920 -0.194412 -0.000930 -0.980920 -0.194407 -0.000823 -0.997904 -0.064715 -0.000824 -0.997904 -0.064710 -0.000701 -0.997813 0.066101 -0.000701 -0.997813 0.066100 -0.000567 -0.980650 0.195770 -0.000567 -0.980651 0.195763 -0.000423 -0.946706 0.322098 -0.000422 -0.946701 0.322114 -0.000269 -0.896561 0.442921 -0.000273 -0.896570 0.442902 -0.000117 -0.831115 0.556101 -0.000113 -0.831077 0.556157 0.000045 -0.751383 0.659867 0.000040 -0.751421 0.659823 0.000198 -0.658804 0.752315 0.000196 -0.658814 0.752306 0.000351 -0.554978 0.831865 0.000350 -0.554963 0.831875 0.000498 -0.441699 0.897163 0.000497 -0.441659 0.897183 0.000637 -0.320791 0.947150 0.000636 -0.320789 0.947150 0.000765 -0.194442 0.980914 0.000772 -0.194398 0.980923 0.000887 -0.064669 0.997906 0.000879 -0.064738 0.997902 0.000979 0.066054 0.997816 0.000979 0.066031 0.997817 0.001062 0.195827 0.980638 0.001062 0.195825 0.980638 0.001127 0.322136 0.946693 0.001127 0.322091 0.946708 0.001173 0.442910 0.896565 0.001173 0.442917 0.896562 0.001198 0.556142 0.831087 0.001198 0.556129 0.831095 0.001204 0.659835 0.751410 0.001209 0.659876 0.751374 0.001193 0.752314 0.658803 0.001193 0.752310 0.658809 0.001155 0.831860 0.554984 0.001154 0.831846 0.555005 0.001096 0.897176 0.441673 0.001098 0.897187 0.441650 0.001022 0.947153 0.320781 0.001023 0.947153 0.320781 0.000931 0.980922 0.194398 0.000931 0.980921 0.194405 0.000824 0.997904 0.064711 0.000821 0.997904 0.064715 0.000701 0.997813 -0.066100 0.000701 0.997813 -0.066096 0.000567 0.980652 -0.195759 0.000568 0.980647 -0.195783 0.000427 0.946697 -0.322124 0.000422 0.946704 -0.322104 0.000272 0.896582 -0.442877 0.000272 0.896571 -0.442899 0.000117 0.831057 -0.556187 0.000113 0.831085 -0.556145 -0.000046 0.751384 -0.659865 -0.000040 0.751341 -0.659914 -0.000197 0.658844 -0.752280 -0.000203 0.658888 -0.752241 -0.000357 0.555028 -0.831831 -0.000350 0.555000 -0.831851 -0.000498 0.441582 -0.897221 -0.000505 0.441687 -0.897169 -0.000644 0.320855 -0.947128 -0.000637 0.320793 -0.947149 -0.000764 0.194339 -0.980934 -0.000765 0.194383 -0.980926 0.000939 0.000695 0.999999 0.000947 0.000695 0.999999 -0.000931 -0.000696 -0.999999 -0.000931 -0.000696 -0.999999 -0.000934 -0.000696 -0.999999 -0.000934 -0.000696 -0.999999 -0.000763 -1.000000 0.000696 -0.000763 -1.000000 0.000696 -0.000763 -1.000000 0.000696 -0.000762 -1.000000 0.000696 -0.000764 -1.000000 0.000696 -0.000763 -1.000000 0.000696 -0.000763 -1.000000 0.000696 -0.000763 -1.000000 0.000696 -0.000764 -1.000000 0.000696 -0.000764 -1.000000 0.000696 -0.000761 -1.000000 0.000696 0.000934 0.000696 0.999999 0.000934 0.000696 0.999999 0.000763 1.000000 -0.000696 0.000763 1.000000 -0.000696 0.000764 1.000000 -0.000696 0.000763 1.000000 -0.000696 0.000763 1.000000 -0.000696 0.000764 1.000000 -0.000696 0.000763 1.000000 -0.000696 0.000763 1.000000 -0.000696 0.000764 1.000000 -0.000696 0.000764 1.000000 -0.000696 0.000763 1.000000 -0.000696 -0.999999 0.000764 0.000934 -0.999999 0.000764 0.000934 -0.999999 0.000751 0.000910 -0.999999 0.000754 0.000919 -0.999999 0.000749 0.000908 -0.999999 0.000796 0.000986 -0.999999 0.000742 0.000873 -0.999999 0.000772 0.000965 -0.999999 0.000749 0.000908 -0.999999 0.000767 0.000947 -0.999999 0.000774 0.000994 -0.999999 0.000753 0.000902 -0.999999 0.000775 0.000969 -0.999999 0.000756 0.000927 -0.999999 0.000762 0.000895 -0.999999 0.000785 0.001013 -0.999999 0.000774 0.000975 -1.000000 0.000734 0.000857 -0.999999 0.000759 0.000910 -0.999999 0.000764 0.000963 -0.999999 0.000764 0.000958 -0.999999 0.000728 0.000842 -0.999999 0.000757 0.000957 -0.999999 0.000762 0.000938 -0.999999 0.000765 0.000925 -0.999999 0.000759 0.000981 -0.999999 0.000810 0.000830 -0.999999 0.000761 0.000970 -0.999999 0.000768 0.000949 -0.999999 0.000770 0.000934 -0.999999 0.000762 0.000940 -0.999999 0.000773 0.000918 -0.999999 0.000769 0.000927 -0.999999 0.000772 0.000914 -0.999999 0.000773 0.000922 -0.999999 0.000742 0.000986 -0.999999 0.000746 0.000974 -0.999999 0.000761 0.000928 -0.999999 0.000757 0.000945 -0.999999 0.000756 0.000946 -0.999999 0.000740 0.000981 -0.999999 0.000768 0.000901 -0.999999 0.000706 0.000967 -0.999999 0.000782 0.000913 -0.999999 0.000804 0.000893 -0.999999 0.000759 0.000943 -0.999999 0.000812 0.000905 -0.999999 0.000779 0.000927 -0.999999 0.000748 0.000953 -0.999999 0.000783 0.000920 -0.999999 0.000771 0.000934 -0.999999 0.000769 0.000936 -0.999999 0.000716 0.000971 -0.999999 0.000810 0.000893 -0.999999 0.000746 0.000946 -0.999999 0.000867 0.000883 -0.999999 0.000682 0.000995 -0.999999 0.000799 0.000913 -0.999999 0.000784 0.000932 -0.999999 0.000721 0.000957 -0.999999 0.000800 0.000916 -0.999999 0.000773 0.000935 -0.999999 0.000766 0.000938 -0.999999 0.000728 0.000951 -0.999999 0.000739 0.000946 -0.999999 0.000800 0.000913 -0.999999 0.000813 0.000927 -0.999999 0.000740 0.000946 -0.999999 0.000791 0.000926 -0.999999 0.000731 0.000957 -0.999999 0.000805 0.000947 -0.999999 0.000691 0.000931 -0.999999 0.000707 0.000932 -0.999999 0.000823 0.000925 -0.999999 0.000683 0.000918 -0.999999 0.000875 0.000951 -0.999999 0.000768 0.000940 -0.999999 0.000716 0.000939 -0.999999 0.000797 0.000945 -0.999999 0.000768 0.000937 -0.999999 0.000838 0.000948 -0.999999 0.000696 0.000939 -0.999999 0.000709 0.000910 -0.999999 0.000908 0.000971 -0.999999 0.000734 0.000932 -0.999999 0.000703 0.000927 -0.999999 0.000712 0.000909 -0.999999 0.000790 0.000940 -0.999999 0.000818 0.000949 -0.999999 0.000699 0.000927 -0.999999 0.000756 0.000925 -0.999999 0.000763 0.000932 -0.999999 0.000752 0.000925 -0.999999 0.000801 0.000955 -0.999999 0.000791 0.000969 -1.000000 0.000669 0.000838 -0.999999 0.000882 0.001034 -0.999999 0.000739 0.000922 -0.999999 0.000775 0.000951 -0.999999 0.000774 0.000949 -0.999999 0.000756 0.000931 -0.999999 0.000768 0.000942 -0.999999 0.000719 0.000861 -0.999999 0.000763 0.000923 -0.999999 0.000850 0.001025 -0.999999 0.000738 0.000909 -0.999999 0.000719 0.000859 -0.999999 0.000776 0.000954 -0.999999 0.000773 0.000948 -0.999999 0.000732 0.000906 -0.999999 0.000748 0.000921 -1.000000 0.000708 0.000848 -0.999999 0.000847 0.001062 -1.000000 0.000703 0.000870 -0.999999 0.000777 0.000976 -0.999999 0.000740 0.000893 -0.999999 0.000747 0.000903 -0.999999 0.000816 0.001001 -0.999999 0.000769 0.000932 -0.999999 0.000769 0.000958 -0.999999 0.000770 0.000958 -0.999999 0.000765 0.000939 -0.999999 0.000772 0.000892 -0.999999 0.000772 0.000925 -0.999999 0.000774 0.000974 -0.999999 0.000777 0.000992 -0.999999 0.000761 0.000929 -0.999999 0.000766 0.000883 -0.999999 0.000766 0.000969 -0.999999 0.000759 0.000905 -0.999999 0.000772 0.000872 -0.999999 0.000771 0.000881 -0.999999 0.000765 0.000994 -0.999999 0.000764 0.000979 -0.999999 0.000742 0.000988 -0.999999 0.000781 0.000814 -0.999999 0.000768 0.000922 -0.999999 0.000766 0.001008 -0.999999 0.000807 0.000877 -0.999999 0.000749 0.000958 -0.999999 0.000776 0.000910 -0.999999 0.000745 0.000978 -0.999999 0.000800 0.000883 -0.999999 0.000728 0.000979 -0.999999 0.000759 0.000931 -0.999999 0.000827 0.000811 -0.999999 0.000830 0.000874 -0.999999 0.000765 0.000945 -0.999999 0.000763 0.000947 -0.999999 0.000760 0.000953 -0.999999 0.000701 0.000990 -0.999999 0.000738 0.000949 -0.999999 0.000799 0.000880 -0.999999 0.000775 0.000911 -0.999999 0.000818 0.000897 -0.999999 0.000722 0.000979 -0.999999 0.000785 0.000914 -0.999999 0.000725 0.000991 -0.999999 0.000653 0.000968 -0.999999 0.000862 0.000903 -0.999999 0.000686 0.000978 -0.999999 0.000767 0.000933 -0.999999 0.000605 0.000979 -0.999999 0.000879 0.000903 -0.999999 0.000671 0.000975 -0.999999 0.000924 0.000865 -0.999999 0.000736 0.000950 -0.999999 0.000759 0.000946 -0.999999 0.000724 0.000956 -0.999999 0.000838 0.000911 -0.999999 0.000630 0.000959 -0.999999 0.000726 0.000945 -0.999999 0.000825 0.000922 -0.999999 0.000759 0.000942 -0.999999 0.000679 0.000931 -0.999999 0.000851 0.000920 -0.999999 0.000747 0.000938 -0.999999 0.000832 0.000915 -0.999999 0.000774 0.000934 -0.999999 0.000831 0.000933 -0.999999 0.000679 0.000948 -0.999999 0.000763 0.000934 -0.999999 0.000688 0.000924 -0.999999 0.000757 0.000928 -0.999999 0.000832 0.000925 -0.999999 0.000757 0.000935 -0.999999 0.000681 0.000884 -0.999999 0.000846 0.000966 -0.999999 0.000732 0.000923 -0.999999 0.000803 0.000942 -0.999999 0.000711 0.000903 -0.999999 0.000818 0.000960 -0.999999 0.000777 0.000942 -0.999999 0.000792 0.000948 -1.000000 0.000706 0.000891 -0.999999 0.000824 0.000968 -0.999999 0.000762 0.000935 -0.999999 0.000792 0.000948 -0.999999 0.000759 0.000933 -0.999999 0.000763 0.000936 -0.999999 0.000744 0.000924 -0.999999 0.000739 0.000921 -0.999999 0.000765 0.000931 -0.999999 0.000767 0.000933 -0.999999 0.000726 0.000904 -0.999999 0.000827 0.000960 -0.999999 0.000762 0.000925 -0.999999 0.000743 0.000890 -0.999999 0.000794 0.000967 -0.999999 0.000761 0.000926 -0.999999 0.000767 0.000939 -0.999999 0.000741 0.000884 -0.999999 0.000806 0.001000 -0.999999 0.000793 0.000982 -0.001169 -0.406812 -0.913511 -0.001191 -0.470572 -0.882361 -0.001189 -0.470617 -0.882337 -0.001203 -0.531144 -0.847281 -0.001195 -0.531077 -0.847323 -0.001203 -0.589975 -0.807421 -0.001199 -0.589947 -0.807441 -0.001213 -0.589855 -0.807508 -0.001202 -0.531180 -0.847258 -0.001192 -0.531112 -0.847301 -0.001180 -0.470589 -0.882352 -0.001183 -0.470619 -0.882336 -0.001163 -0.406807 -0.913514 -0.001164 -0.406862 -0.913489 -0.001009 -0.133030 -0.991112 -0.001051 -0.203085 -0.979161 -0.001064 -0.203222 -0.979132 -0.001100 -0.270774 -0.962642 -0.001105 -0.270916 -0.962602 -0.001135 -0.338576 -0.940938 -0.001138 -0.338645 -0.940913 -0.001122 -0.338750 -0.940876 -0.001089 -0.270818 -0.962630 -0.001101 -0.270906 -0.962605 -0.001064 -0.202940 -0.979191 -0.001077 -0.203080 -0.979162 -0.001034 -0.133049 -0.991109 -0.001028 -0.132915 -0.991127 -0.000814 0.151648 -0.988434 -0.000876 0.080979 -0.996715 -0.000863 0.081084 -0.996707 -0.000919 0.011336 -0.999935 -0.000932 0.011176 -0.999937 -0.000985 -0.059785 -0.998211 -0.000979 -0.059686 -0.998217 -0.000959 -0.059838 -0.998208 -0.000907 0.011373 -0.999935 -0.000932 0.011151 -0.999938 -0.000876 0.080975 -0.996716 -0.000868 0.081133 -0.996703 -0.000806 0.151843 -0.988404 -0.000814 0.151680 -0.988429 -0.000535 0.424030 -0.905648 -0.000609 0.358519 -0.933522 -0.000605 0.358582 -0.933498 -0.000678 0.292442 -0.956283 -0.000668 0.292534 -0.956255 -0.000738 0.224007 -0.974587 -0.000746 0.223794 -0.974636 -0.000746 0.223836 -0.974627 -0.000677 0.292454 -0.956279 -0.000662 0.292509 -0.956263 -0.000592 0.358570 -0.933503 -0.000596 0.358513 -0.933525 -0.000520 0.424032 -0.905647 -0.000522 0.423967 -0.905678 -0.000199 0.662079 -0.749434 -0.000286 0.606917 -0.794766 -0.000275 0.607017 -0.794689 -0.000355 0.550208 -0.835027 -0.000365 0.550140 -0.835072 -0.000445 0.489349 -0.872088 -0.000442 0.489475 -0.872017 -0.000447 0.489515 -0.871995 -0.000365 0.550126 -0.835081 -0.000367 0.550122 -0.835084 -0.000283 0.606915 -0.794767 -0.000278 0.606998 -0.794704 -0.000193 0.662105 -0.749411 -0.000195 0.662082 -0.749431 0.000157 0.846326 -0.532665 0.000065 0.806302 -0.591504 0.000066 0.806298 -0.591510 -0.000016 0.763107 -0.646272 -0.000019 0.763103 -0.646276 -0.000107 0.715204 -0.698916 -0.000107 0.715182 -0.698938 -0.000109 0.715213 -0.698906 -0.000028 0.763051 -0.646339 -0.000014 0.763080 -0.646304 0.000067 0.806368 -0.591415 0.000061 0.806314 -0.591488 0.000148 0.846326 -0.532666 0.000148 0.846345 -0.532636 0.000488 0.962115 -0.272643 0.000406 0.940296 -0.340357 0.000404 0.940292 -0.340368 0.000323 0.914287 -0.405067 0.000320 0.914280 -0.405082 0.000236 0.883176 -0.469042 0.000237 0.883178 -0.469039 0.000223 0.883213 -0.468973 0.000305 0.914285 -0.405071 0.000317 0.914291 -0.405058 0.000397 0.940304 -0.340336 0.000394 0.940309 -0.340323 0.000476 0.962096 -0.272711 0.000480 0.962126 -0.272604 0.000780 0.999955 0.009446 0.000711 0.998102 -0.061584 0.000707 0.998099 -0.061624 0.000637 0.991372 -0.131079 0.000634 0.991366 -0.131122 0.000560 0.979530 -0.201299 0.000561 0.979539 -0.201255 0.000562 0.979533 -0.201285 0.000637 0.991370 -0.131094 0.000633 0.991365 -0.131134 0.000706 0.998102 -0.061573 0.000703 0.998101 -0.061602 0.000769 0.999955 0.009422 0.000773 0.999955 0.009478 0.001013 0.956792 0.290771 0.000965 0.975025 0.222093 0.000952 0.975034 0.222053 0.000900 0.988143 0.153532 0.000899 0.988150 0.153493 0.000839 0.996562 0.082846 0.000838 0.996560 0.082869 0.000843 0.996560 0.082866 0.000900 0.988146 0.153514 0.000895 0.988147 0.153505 0.000948 0.975019 0.222120 0.000952 0.975022 0.222106 0.001001 0.956798 0.290751 0.001003 0.956773 0.290836 0.001142 0.836056 0.548644 0.001112 0.872972 0.487769 0.001119 0.872925 0.487853 0.001089 0.904894 0.425635 0.001085 0.904911 0.425599 0.001045 0.932861 0.360234 0.001049 0.932828 0.360321 0.001072 0.932875 0.360200 0.001112 0.904877 0.425672 0.001091 0.904933 0.425553 0.001124 0.872931 0.487842 0.001125 0.872941 0.487825 0.001153 0.836101 0.548574 0.001150 0.836116 0.548551 0.001192 0.647668 0.761922 0.001191 0.700219 0.713928 0.001195 0.700166 0.713979 0.001186 0.748304 0.663355 0.001189 0.748278 0.663384 0.001172 0.793555 0.608497 0.001176 0.793554 0.608499 0.001178 0.793559 0.608492 0.001191 0.748300 0.663359 0.001198 0.748285 0.663376 0.001209 0.700156 0.713989 0.001200 0.700192 0.713954 0.001206 0.647757 0.761846 0.001206 0.647740 0.761861 0.001148 0.406847 0.913495 0.001168 0.470720 0.882282 0.001189 0.470583 0.882355 0.001206 0.531143 0.847282 0.001203 0.531161 0.847270 0.001211 0.589871 0.807496 0.001206 0.589980 0.807417 0.001186 0.589862 0.807503 0.001179 0.531188 0.847254 0.001192 0.531080 0.847321 0.001178 0.470559 0.882368 0.001181 0.470558 0.882368 0.001163 0.406973 0.913440 0.001164 0.406928 0.913459 0.001034 0.133030 0.991112 0.001078 0.202948 0.979189 0.001064 0.203010 0.979176 0.001101 0.270808 0.962633 0.001104 0.270761 0.962646 0.001136 0.338614 0.940925 0.001138 0.338543 0.940950 0.001147 0.338624 0.940921 0.001115 0.270816 0.962630 0.001112 0.270811 0.962632 0.001077 0.203079 0.979162 0.001076 0.203126 0.979152 0.001034 0.132854 0.991135 0.001028 0.133026 0.991112 0.000814 -0.151864 0.988401 0.000876 -0.080976 0.996716 0.000876 -0.081010 0.996713 0.000932 -0.011299 0.999936 0.000924 -0.011249 0.999936 0.000977 0.059785 0.998211 0.000978 0.059761 0.998212 0.000985 0.059763 0.998212 0.000932 -0.011336 0.999935 0.000920 -0.011225 0.999937 0.000863 -0.081013 0.996713 0.000867 -0.081035 0.996711 0.000805 -0.151846 0.988404 0.000808 -0.151898 0.988396 0.000524 -0.424036 0.905645 0.000598 -0.358702 0.933452 0.000593 -0.358645 0.933474 0.000664 -0.292241 0.956345 0.000677 -0.292469 0.956275 0.000746 -0.223824 0.974629 0.000740 -0.223681 0.974662 0.000747 -0.223614 0.974677 0.000677 -0.292617 0.956229 0.000664 -0.292511 0.956262 0.000594 -0.358537 0.933515 0.000597 -0.358617 0.933485 0.000521 -0.424031 0.905648 0.000523 -0.424031 0.905648 0.000174 -0.662109 0.749408 0.000261 -0.606903 0.794776 0.000283 -0.607045 0.794668 0.000365 -0.550114 0.835089 0.000358 -0.550054 0.835129 0.000439 -0.489376 0.872073 0.000442 -0.489422 0.872047 0.000424 -0.489534 0.871984 0.000344 -0.550100 0.835099 0.000345 -0.550116 0.835088 0.000264 -0.606913 0.794768 0.000279 -0.607064 0.794653 0.000193 -0.662105 0.749411 0.000191 -0.662035 0.749472 -0.000146 -0.846333 0.532655 -0.000069 -0.806361 0.591424 -0.000068 -0.806356 0.591431 0.000016 -0.763042 0.646349 0.000026 -0.763131 0.646243 0.000113 -0.715302 0.698815 0.000103 -0.715159 0.698961 0.000092 -0.715216 0.698904 0.000009 -0.763115 0.646263 0.000018 -0.763161 0.646209 -0.000067 -0.806237 0.591593 -0.000059 -0.806309 0.591494 -0.000141 -0.846383 0.532575 -0.000150 -0.846319 0.532676 -0.000476 -0.962097 0.272708 -0.000397 -0.940301 0.340343 -0.000391 -0.940315 0.340306 -0.000314 -0.914265 0.405117 -0.000314 -0.914236 0.405182 -0.000233 -0.883216 0.468966 -0.000236 -0.883158 0.469075 -0.000247 -0.883185 0.469026 -0.000318 -0.914294 0.405051 -0.000332 -0.914278 0.405087 -0.000411 -0.940295 0.340361 -0.000401 -0.940331 0.340262 -0.000483 -0.962116 0.272639 -0.000481 -0.962110 0.272662 -0.000768 -0.999955 -0.009443 -0.000702 -0.998102 0.061586 -0.000705 -0.998100 0.061607 -0.000635 -0.991366 0.131124 -0.000636 -0.991365 0.131131 -0.000563 -0.979541 0.201242 -0.000561 -0.979539 0.201254 -0.000554 -0.979529 0.201303 -0.000628 -0.991367 0.131115 -0.000636 -0.991363 0.131141 -0.000706 -0.998102 0.061573 -0.000707 -0.998101 0.061595 -0.000774 -0.999955 -0.009434 -0.000772 -0.999955 -0.009473 -0.000998 -0.956791 -0.290776 -0.000946 -0.975027 -0.222087 -0.000950 -0.975032 -0.222064 -0.000893 -0.988142 -0.153543 -0.000899 -0.988150 -0.153489 -0.000839 -0.996563 -0.082831 -0.000839 -0.996561 -0.082854 -0.000837 -0.996563 -0.082840 -0.000900 -0.988143 -0.153538 -0.000902 -0.988147 -0.153506 -0.000955 -0.975017 -0.222129 -0.000957 -0.975019 -0.222119 -0.001007 -0.956807 -0.290722 -0.001004 -0.956782 -0.290805 -0.001160 -0.836047 -0.548657 -0.001126 -0.872930 -0.487844 -0.001129 -0.872939 -0.487828 -0.001096 -0.904868 -0.425691 -0.001094 -0.904861 -0.425707 -0.001057 -0.932883 -0.360178 -0.001049 -0.932832 -0.360309 -0.001041 -0.932865 -0.360224 -0.001080 -0.904900 -0.425622 -0.001080 -0.904903 -0.425617 -0.001115 -0.872912 -0.487876 -0.001122 -0.872970 -0.487773 -0.001150 -0.836096 -0.548582 -0.001147 -0.836099 -0.548577 -0.001211 -0.647663 -0.761926 -0.001207 -0.700131 -0.714014 -0.001208 -0.700135 -0.714010 -0.001198 -0.748294 -0.663366 -0.001197 -0.748288 -0.663373 -0.001178 -0.793639 -0.608388 -0.001172 -0.793548 -0.608507 -0.001158 -0.793575 -0.608472 -0.001182 -0.748286 -0.663376 -0.001185 -0.748340 -0.663314 -0.001198 -0.700127 -0.714017 -0.001201 -0.700154 -0.713990 -0.001205 -0.647768 -0.761837 -0.001203 -0.647720 -0.761877 -0.001169 -0.406785 -0.913523 -0.001190 -0.470605 -0.882343 -0.001189 -0.470587 -0.882352 -0.001202 -0.531111 -0.847301 -0.001203 -0.531146 -0.847280 -0.001211 -0.590013 -0.807393 -0.001206 -0.589900 -0.807475 -0.001191 -0.589955 -0.807435 -0.001184 -0.531183 -0.847257 -0.001192 -0.531216 -0.847236 -0.001179 -0.470586 -0.882353 -0.001182 -0.470619 -0.882336 -0.001163 -0.406849 -0.913495 -0.001164 -0.406832 -0.913502 -0.001034 -0.133029 -0.991112 -0.001076 -0.202945 -0.979190 -0.001064 -0.202870 -0.979205 -0.001101 -0.270810 -0.962632 -0.001113 -0.270961 -0.962590 -0.001144 -0.338620 -0.940923 -0.001138 -0.338448 -0.940984 -0.001143 -0.338525 -0.940957 -0.001113 -0.271161 -0.962533 -0.001100 -0.271079 -0.962557 -0.001064 -0.202867 -0.979206 -0.001060 -0.202890 -0.979201 -0.001017 -0.132853 -0.991135 -0.001028 -0.133099 -0.991102 -0.000814 0.151685 -0.988429 -0.000876 0.081162 -0.996700 -0.000876 0.081232 -0.996695 -0.000932 0.011151 -0.999938 -0.000924 0.011274 -0.999936 -0.000977 -0.059786 -0.998211 -0.000979 -0.059836 -0.998208 -0.000960 -0.059987 -0.998199 -0.000920 0.011225 -0.999937 -0.000863 0.081231 -0.996695 -0.000867 0.081085 -0.996707 -0.000806 0.151700 -0.988426 -0.000808 0.151678 -0.988430 -0.000554 0.424159 -0.905588 -0.000631 0.358553 -0.933509 -0.000606 0.358680 -0.933460 -0.000677 0.292444 -0.956282 -0.000668 0.292537 -0.956254 -0.000738 0.223865 -0.974620 -0.000740 0.223756 -0.974645 -0.000745 0.223763 -0.974643 -0.000675 0.292454 -0.956279 -0.000663 0.292510 -0.956262 -0.000592 0.358534 -0.933516 -0.000587 0.358636 -0.933477 -0.000511 0.424158 -0.905588 -0.000522 0.424000 -0.905662 -0.000205 0.661988 -0.749515 -0.000286 0.607002 -0.794701 -0.000274 0.607096 -0.794628 -0.000354 0.550034 -0.835142 -0.000351 0.550034 -0.835142 -0.000431 0.489530 -0.871986 -0.000441 0.489303 -0.872114 -0.000448 0.489388 -0.872066 -0.000369 0.550106 -0.835095 -0.000365 0.550094 -0.835103 -0.000284 0.607029 -0.794680 -0.000276 0.607097 -0.794627 -0.000191 0.661993 -0.749510 -0.000194 0.661992 -0.749511 0.000139 0.846366 -0.532602 0.000055 0.806370 -0.591411 0.000059 0.806375 -0.591404 -0.000025 0.763072 -0.646314 -0.000025 0.763048 -0.646342 -0.000111 0.715192 -0.698928 -0.000106 0.715254 -0.698864 -0.000094 0.715203 -0.698917 -0.000012 0.763109 -0.646270 -0.000025 0.763081 -0.646303 0.000060 0.806340 -0.591453 0.000061 0.806366 -0.591416 0.000146 0.846328 -0.532662 0.000149 0.846339 -0.532644 0.000487 0.962104 -0.272683 0.000406 0.940292 -0.340369 0.000409 0.940299 -0.340350 0.000330 0.914281 -0.405079 0.000319 0.914233 -0.405189 0.000238 0.883187 -0.469022 0.000235 0.883190 -0.469014 0.000242 0.883184 -0.469026 0.000319 0.914261 -0.405126 0.000316 0.914250 -0.405151 0.000395 0.940317 -0.340301 0.000398 0.940327 -0.340272 0.000477 0.962099 -0.272699 0.000480 0.962116 -0.272640 0.000780 0.999955 0.009444 0.000711 0.998101 -0.061595 0.000704 0.998100 -0.061611 0.000639 0.991371 -0.131085 0.000633 0.991366 -0.131121 0.000558 0.979533 -0.201283 0.000561 0.979533 -0.201281 0.000568 0.979533 -0.201284 0.000637 0.991368 -0.131109 0.000636 0.991366 -0.131121 0.000706 0.998102 -0.061572 0.000704 0.998101 -0.061596 0.000771 0.999955 0.009434 0.000772 0.999955 0.009470 0.001016 0.956806 0.290724 0.000965 0.975017 0.222129 0.000952 0.975028 0.222078 0.000900 0.988147 0.153505 0.000896 0.988152 0.153474 0.000836 0.996562 0.082846 0.000838 0.996561 0.082864 0.000846 0.996563 0.082840 0.000900 0.988149 0.153498 0.000900 0.988154 0.153466 0.000951 0.975013 0.222146 0.000950 0.975026 0.222089 0.001000 0.956795 0.290760 0.001000 0.956787 0.290787 0.001151 0.836056 0.548644 0.001122 0.872933 0.487839 0.001113 0.872926 0.487851 0.001082 0.904904 0.425614 0.001083 0.904871 0.425684 0.001045 0.932858 0.360243 0.001047 0.932845 0.360277 0.001064 0.932878 0.360192 0.001108 0.904876 0.425675 0.001092 0.904896 0.425632 0.001124 0.873013 0.487696 0.001129 0.872993 0.487731 0.001157 0.836001 0.548727 0.001151 0.836043 0.548664 0.001191 0.647641 0.761945 0.001189 0.700144 0.714001 0.001197 0.700094 0.714050 0.001188 0.748379 0.663270 0.001196 0.748292 0.663369 0.001178 0.793554 0.608499 0.001175 0.793631 0.608398 0.001165 0.793555 0.608497 0.001179 0.748291 0.663369 0.001189 0.748273 0.663389 0.001200 0.700243 0.713903 0.001207 0.700127 0.714018 0.001212 0.647681 0.761911 0.001207 0.647762 0.761842 0.001170 0.406787 0.913522 0.001191 0.470775 0.882252 0.001191 0.470703 0.882291 0.001205 0.531061 0.847333 0.001196 0.531113 0.847300 0.001204 0.590019 0.807389 0.001205 0.589945 0.807442 0.001206 0.590003 0.807400 0.001202 0.531029 0.847353 0.001191 0.531111 0.847301 0.001177 0.470703 0.882291 0.001183 0.470692 0.882297 0.001163 0.406641 0.913587 0.001158 0.406709 0.913557 0.001034 0.132809 0.991141 0.001076 0.203089 0.979160 0.001076 0.203154 0.979146 0.001113 0.270743 0.962651 0.001105 0.270966 0.962588 0.001136 0.338613 0.940925 0.001132 0.338707 0.940891 0.001145 0.338721 0.940886 0.001114 0.270817 0.962630 0.001100 0.270946 0.962594 0.001064 0.203080 0.979162 0.001068 0.203077 0.979162 0.001026 0.132853 0.991135 0.001028 0.132805 0.991142 0.000789 -0.151685 0.988429 0.000851 -0.081161 0.996701 0.000851 -0.081158 0.996701 0.000907 -0.011151 0.999938 0.000924 -0.011422 0.999934 0.000976 0.059786 0.998211 0.000979 0.059836 0.998208 0.000985 0.059838 0.998208 0.000932 -0.011373 0.999935 0.000932 -0.011373 0.999935 0.000876 -0.081012 0.996713 0.000876 -0.081035 0.996711 0.000814 -0.151650 0.988434 0.000808 -0.151532 0.988452 0.000501 -0.424224 0.905557 0.000576 -0.358549 0.933511 0.000592 -0.358615 0.933485 0.000664 -0.292440 0.956284 0.000660 -0.292401 0.956296 0.000730 -0.223871 0.974619 0.000740 -0.224038 0.974580 0.000771 -0.223835 0.974627 0.000702 -0.292455 0.956279 0.000677 -0.292308 0.956324 0.000605 -0.358666 0.933466 0.000597 -0.358596 0.933493 0.000521 -0.424032 0.905647 0.000523 -0.424061 0.905633 0.000199 -0.661904 0.749589 0.000282 -0.607048 0.794665 0.000285 -0.607038 0.794673 0.000366 -0.550139 0.835073 0.000359 -0.550040 0.835138 0.000440 -0.489377 0.872073 0.000441 -0.489360 0.872082 0.000424 -0.489499 0.872004 0.000342 -0.550000 0.835165 0.000356 -0.550045 0.835135 0.000275 -0.607031 0.794678 0.000278 -0.607060 0.794656 0.000194 -0.661994 0.749509 0.000189 -0.661914 0.749580 -0.000164 -0.846368 0.532599 -0.000081 -0.806315 0.591487 -0.000061 -0.806379 0.591399 0.000025 -0.763014 0.646382 0.000026 -0.763067 0.646320 0.000112 -0.715388 0.698727 0.000102 -0.715255 0.698864 0.000111 -0.715207 0.698912 0.000018 -0.763113 0.646265 0.000019 -0.763078 0.646306 -0.000066 -0.806366 0.591417 -0.000063 -0.806401 0.591369 -0.000149 -0.846327 0.532664 -0.000148 -0.846324 0.532668 -0.000474 -0.962096 0.272712 -0.000399 -0.940321 0.340288 -0.000397 -0.940317 0.340299 -0.000317 -0.914268 0.405109 -0.000319 -0.914248 0.405156 -0.000235 -0.883166 0.469060 -0.000236 -0.883158 0.469075 -0.000253 -0.883220 0.468960 -0.000332 -0.914263 0.405121 -0.000328 -0.914284 0.405075 -0.000410 -0.940299 0.340349 -0.000402 -0.940327 0.340271 -0.000482 -0.962102 0.272689 -0.000480 -0.962104 0.272684 -0.000772 -0.999955 -0.009434 -0.000704 -0.998102 0.061574 -0.000704 -0.998100 0.061604 -0.000635 -0.991370 0.131094 -0.000637 -0.991367 0.131118 -0.000563 -0.979531 0.201293 -0.000561 -0.979547 0.201217 -0.000551 -0.979539 0.201255 -0.000628 -0.991367 0.131118 -0.000636 -0.991364 0.131136 -0.000706 -0.998102 0.061577 -0.000706 -0.998101 0.061596 -0.000775 -0.999955 -0.009434 -0.000773 -0.999955 -0.009464 -0.000999 -0.956794 -0.290766 -0.000946 -0.975017 -0.222129 -0.000954 -0.975025 -0.222094 -0.000899 -0.988151 -0.153483 -0.000898 -0.988151 -0.153482 -0.000839 -0.996560 -0.082868 -0.000839 -0.996560 -0.082875 -0.000834 -0.996561 -0.082857 -0.000900 -0.988142 -0.153540 -0.000901 -0.988147 -0.153506 -0.000955 -0.975028 -0.222079 -0.000955 -0.975023 -0.222101 -0.001005 -0.956809 -0.290717 -0.001001 -0.956789 -0.290781 -0.001158 -0.836121 -0.548544 -0.001131 -0.872923 -0.487858 -0.001131 -0.872929 -0.487845 -0.001097 -0.904903 -0.425616 -0.001093 -0.904856 -0.425717 -0.001054 -0.932886 -0.360170 -0.001047 -0.932843 -0.360281 -0.001043 -0.932857 -0.360246 -0.001085 -0.904887 -0.425650 -0.001080 -0.904899 -0.425625 -0.001116 -0.872926 -0.487851 -0.001119 -0.872959 -0.487792 -0.001148 -0.836105 -0.548567 -0.001151 -0.836149 -0.548501 -0.001214 -0.647636 -0.761949 -0.001209 -0.700221 -0.713926 -0.001197 -0.700169 -0.713977 -0.001186 -0.748309 -0.663349 -0.001191 -0.748318 -0.663340 -0.001173 -0.793507 -0.608560 -0.001175 -0.793520 -0.608543 -0.001178 -0.793505 -0.608562 -0.001195 -0.748383 -0.663265 -0.001187 -0.748373 -0.663277 -0.001198 -0.700125 -0.714019 -0.001200 -0.700175 -0.713971 -0.001205 -0.647653 -0.761934 -0.001207 -0.647679 -0.761913 -0.999999 0.000742 0.000931 -0.999999 0.000755 0.000927 -0.999999 0.000768 0.000920 -0.999999 0.000767 0.000920 -0.999999 0.000889 0.000913 -0.999999 0.000699 0.000947 -0.999999 0.000750 0.000935 -0.999999 0.000715 0.000945 -0.999999 0.000887 0.000878 -0.999999 0.000688 0.000973 -0.999999 0.000779 0.000922 -0.999999 0.000716 0.000963 -0.999999 0.000803 0.000898 -0.999999 0.000773 0.000922 -0.999999 0.000810 0.000889 -0.999999 0.000685 0.001014 -0.999999 0.000780 0.000913 -0.999999 0.000743 0.000950 -0.999999 0.000785 0.000895 -0.999999 0.000748 0.000959 -0.999999 0.000823 0.000845 -0.999999 0.000716 0.001021 -0.999999 0.000763 0.000936 -0.999999 0.000726 0.001010 -0.999999 0.000660 0.001042 -0.999999 0.000905 0.000770 -0.999999 0.000760 0.000945 -0.999999 0.000711 0.001012 -0.999999 0.000768 0.000931 -0.999999 0.000757 0.000945 -0.999999 0.000757 0.000945 -0.999999 0.000772 0.000913 -0.999999 0.000713 0.001043 -0.999999 0.000744 0.000974 -0.999999 0.000763 0.000929 -0.999999 0.000791 0.000857 -0.999999 0.000775 0.000917 -0.999999 0.000761 0.000952 -0.999999 0.000761 0.000951 -0.999999 0.000770 0.000916 -0.999999 0.000785 0.000849 -0.999999 0.000769 0.000920 -0.999999 0.000742 0.001049 -1.000000 0.000787 0.000801 -0.999999 0.000755 0.000969 -0.999999 0.000769 0.000895 -0.999999 0.000766 0.000917 -0.999999 0.000762 0.000977 -0.999999 0.000753 0.001077 -0.999999 0.000759 0.000986 -1.000000 0.000770 0.000751 -0.999999 0.000762 0.001056 -0.999999 0.000766 0.000920 -0.999999 0.000764 0.000979 -0.999999 0.000763 0.000901 -0.999999 0.000764 0.000925 -0.999999 0.000765 0.000931 -0.999999 0.000757 0.000943 -0.999999 0.000781 0.000902 -0.999999 0.000749 0.000962 -0.999999 0.000762 0.000937 -0.999999 0.000763 0.000935 -0.999999 0.000730 0.000998 -0.999999 0.000783 0.000893 -0.999999 0.000750 0.000964 -0.999999 0.000777 0.000912 -0.999999 0.000761 0.000943 -0.999999 0.000759 0.000948 -0.999999 0.000782 0.000893 -0.999999 0.000758 0.000958 -0.999999 0.000766 0.000931 -0.999999 0.000764 0.000937 -0.999999 0.000766 0.000931 -0.999999 0.000758 0.000956 -0.999999 0.000763 0.000940 -0.999999 0.000766 0.000929 -0.999999 0.000773 0.000890 -0.999999 0.000764 0.000936 -0.999999 0.000763 0.000943 -0.999999 0.000764 0.000935 -0.999999 0.000768 0.000911 -0.999999 0.000761 0.000969 -0.999999 0.000765 0.000914 -0.999999 0.000765 0.000923 -0.999999 0.000765 0.000937 -0.999999 0.000765 0.000924 -0.999999 0.000765 0.000924 -0.999999 0.000765 0.000961 -0.999999 0.000763 0.000890 -0.999999 0.000763 0.000963 -0.999999 0.000763 0.000911 -0.999999 0.000764 0.000939 -0.999999 0.000762 0.000907 -0.999999 0.000765 0.000915 -0.999999 0.000767 0.000964 -0.999999 0.000763 0.000912 -0.999999 0.000766 0.000943 -0.999999 0.000766 0.000970 -0.999999 0.000765 0.000950 -0.999999 0.000761 0.000919 -0.999999 0.000764 0.000935 -0.999999 0.000755 0.000890 -0.999999 0.000781 0.001001 -0.999999 0.000747 0.000877 -0.999999 0.000768 0.000945 -0.999999 0.000788 0.001019 -0.999999 0.000746 0.000876 -0.999999 0.000777 0.000972 -0.999999 0.000759 0.000919 -0.999999 0.000765 0.000932 -0.999999 0.000766 0.000936 -0.999999 0.000757 0.000912 -0.999999 0.000767 0.000933 -0.999999 0.000776 0.000956 -0.999999 0.000779 0.000961 -0.999999 0.000752 0.000912 -0.999999 0.000758 0.000922 -0.999999 0.000784 0.000969 -0.999999 0.000772 0.000948 -0.999999 0.000736 0.000886 -0.999999 0.000760 0.000926 -0.999999 0.000780 0.000960 -0.999999 0.000752 0.000912 -0.999999 0.000776 0.000950 -0.999999 0.000747 0.000910 -0.999999 0.000749 0.000908 -0.999999 0.000792 0.000973 -0.999999 0.000731 0.000886 -0.999999 0.000768 0.000936 -0.999999 0.000765 0.000934 -0.999999 0.000773 0.000945 -0.999999 0.000782 0.000958 -0.999999 0.000742 0.000909 -0.999999 0.000743 0.000910 -0.999999 0.000778 0.000945 -0.999999 0.000792 0.000959 -0.999999 0.000734 0.000909 -0.999999 0.000740 0.000910 -0.999999 0.000730 0.000902 -0.999999 0.000807 0.000970 -0.999999 0.000744 0.000917 -0.999999 0.000786 0.000956 -0.999999 0.000753 0.000926 -0.999999 0.000770 0.000940 -0.999999 0.000778 0.000946 -0.999999 0.000784 0.000953 -0.999999 0.000745 0.000920 -0.999999 0.000754 0.000927 -0.999999 0.000812 0.000971 -0.999999 0.000759 0.000930 -0.999999 0.000752 0.000925 -0.999999 0.000773 0.000940 -0.999999 0.000756 0.000929 -0.999999 0.000766 0.000935 -0.999999 0.000775 0.000940 -0.999999 0.000728 0.000917 -0.999999 0.000787 0.000943 -0.999999 0.000773 0.000937 -0.999999 0.000770 0.000936 -0.999999 0.000773 0.000938 -0.999999 0.000782 0.000941 -0.999999 0.000756 0.000928 -0.999999 0.000768 0.000934 -0.999999 0.000783 0.000940 -0.999999 0.000754 0.000930 -0.999999 0.000763 0.000932 -0.999999 0.000769 0.000941 -0.999999 0.000769 0.000942 -0.999999 0.000746 0.000912 -0.999999 0.000776 0.000947 -0.999999 0.000735 0.000901 -0.999999 0.000758 0.000929 -0.999999 0.000796 0.000971 -0.999999 0.000734 0.000901 -0.999999 0.000739 0.000904 -0.999999 0.000769 0.000938 -0.999999 0.000773 0.000943 -0.999999 0.000750 0.000921 -0.999999 0.000784 0.000951 -0.999999 0.000826 0.000993 -1.000000 0.000625 0.000809 -0.999999 0.000861 0.001014 -0.999999 0.000787 0.000954 -0.999999 0.000762 0.000932 -0.999999 0.000753 0.000926 -0.999999 0.000795 0.000953 -0.999999 0.000729 0.000916 -0.999999 0.000715 0.000904 -0.999999 0.000715 0.000903 -0.999999 0.000818 0.000967 -0.999999 0.000755 0.000933 -0.999999 0.000763 0.000938 -0.999999 0.000740 0.000926 -0.999999 0.000785 0.000944 -0.999999 0.000801 0.000951 -0.999999 0.000722 0.000917 -0.999999 0.000743 0.000926 -0.999999 0.000923 0.000982 -0.999999 0.000762 0.000931 -0.999999 0.000773 0.000936 -0.999999 0.000768 0.000934 -0.999999 0.000748 0.000933 -0.999999 0.000750 0.000932 -0.999999 0.000825 0.000939 -0.999999 0.000639 0.000932 -0.999999 0.000801 0.000929 -0.999999 0.000761 0.000934 -0.999999 0.000756 0.000934 -0.999999 0.000769 0.000932 -0.999999 0.000767 0.000932 -0.999999 0.000773 0.000929 -0.999999 0.000787 0.000924 -0.999999 0.000677 0.000970 -0.999999 0.000861 0.000879 -0.999999 0.000670 0.000937 -0.999999 0.000858 0.000923 -0.999999 0.000782 0.000934 -0.999999 0.000671 0.000958 -0.999999 0.000783 0.000936 -0.999999 0.000765 0.000940 -0.999999 0.000733 0.000952 -0.999999 0.000801 0.000908 -0.999999 0.000788 0.000925 -0.999999 0.000714 0.000974 -0.999999 0.000863 0.000865 -0.999999 0.000729 0.000977 -0.999999 0.000724 0.000950 -0.999999 0.000883 0.000901 -0.999999 0.000702 0.000968 -0.999999 0.000747 0.000948 -0.999999 0.000744 0.000945 -0.999999 0.000773 0.000932 -0.999999 0.000758 0.000942 -0.999999 0.000770 0.000931 -0.999999 0.000742 0.000960 -0.999999 0.000723 0.000977 -0.999999 0.000796 0.000901 -0.999999 0.000769 0.000932 -0.999999 0.000746 0.000955 -0.999999 0.000757 0.000943 -0.999999 0.000776 0.000916 -0.999999 0.000776 0.000915 -0.999999 0.000799 0.000874 -0.999999 0.000748 0.000970 -0.999999 0.000779 0.000903 -0.999999 0.000784 0.000895 -0.999999 0.000757 0.000946 -0.999999 0.000764 0.000929 -0.999999 0.000752 0.000966 -0.999999 0.000761 0.000927 -0.999999 0.000772 0.000892 -0.999999 0.000762 0.000927 -0.999999 0.000762 0.000930 -0.999999 0.000758 0.000949 -0.999999 0.000761 0.000928 -0.999999 0.000769 0.000891 -0.999999 0.000766 0.000913 -0.999999 0.000762 0.000955 -0.999999 0.000773 0.000854 -0.999999 0.000772 0.000870 -0.999999 0.000762 0.000997 -0.999999 0.000760 0.001040 -0.999999 0.000761 0.000955 -0.999999 0.000760 0.000975 -0.999999 0.000761 0.000874 -0.999999 0.000766 0.000982 -0.999999 0.000759 0.000886 -0.999999 0.000761 0.000922 -0.999999 0.000758 0.000875 -0.999999 0.000767 0.000995 -0.999999 0.000760 0.000920 -0.999999 0.000762 0.000942 -0.999999 0.000755 0.000885 -0.999999 0.000762 0.000929 -0.999999 0.000764 0.000937 -0.999999 0.000765 0.000935 -0.999999 0.000757 0.000952 -0.999999 0.000775 0.000909 -0.999999 0.000761 0.000945 -0.999999 0.000763 0.000935 -0.999999 0.000789 0.000876 -0.999999 0.000751 0.000968 -0.999999 0.000772 0.000912 -0.999999 0.000750 0.000963 -0.999999 0.000768 0.000920 -0.999999 0.000760 0.000941 -0.999999 0.000768 0.000916 -0.999999 0.000771 0.000907 -0.999999 0.000755 0.000976 -0.999999 0.000768 0.000902 -0.999999 0.000763 0.000943 -0.999999 0.000760 0.000958 -0.999999 0.000772 0.000886 -0.999999 0.000758 0.000980 -0.999999 0.000762 0.000948 -0.999999 0.000761 0.000951 -0.999999 0.000765 0.000927 -0.999999 0.000768 0.000903 -0.999999 0.000762 0.000981 -0.999999 0.000767 0.000895 -0.999999 0.000764 0.000925 -0.999999 0.000765 0.000906 -0.999999 0.000763 0.000945 -0.999999 0.000769 0.000877 -0.999999 0.000763 0.000952 -0.999999 0.000762 0.000962 -0.999999 0.000762 0.000928 -0.999999 0.000762 0.000925 -0.999999 0.000763 0.000937 -0.999999 0.000765 0.000952 -0.999999 0.000762 0.000935 -0.999999 0.000771 0.000997 -0.999999 0.000763 0.000939 -0.999999 0.000759 0.000910 -0.999999 0.000770 0.000973 -0.999999 0.000761 0.000903 -0.999999 0.000763 0.000918 -0.999999 0.000769 0.000951 -0.999999 0.000770 0.000954 -0.999999 0.000764 0.000941 -0.999999 0.000756 0.000900 -0.999999 0.000779 0.000998 -0.999999 0.000738 0.000841 -0.999999 0.000762 0.000926 -0.999999 0.000755 0.000896 -0.999999 0.000773 0.000963 -0.999999 0.000770 0.000954 -0.999999 0.000766 0.000944 -0.999999 0.000762 0.000934 -0.999999 0.000752 0.000911 -0.999999 0.000756 0.000920 -0.999999 0.000769 0.000945 -0.999999 0.000748 0.000898 -0.999999 0.000765 0.000934 -0.999999 0.000786 0.000974 -0.999999 0.000775 0.000957 -0.999999 0.000750 0.000906 -0.999999 0.000778 0.000959 -0.999999 0.000769 0.000942 -0.999999 0.000749 0.000912 -0.999999 0.000755 0.000921 -0.999999 0.000774 0.000945 -0.999999 0.000764 0.000934 -0.999999 0.000730 0.000888 -0.999999 0.000794 0.000972 -0.999999 0.000744 0.000909 -0.999999 0.000768 0.000938 -0.999999 0.000773 0.000947 -0.999999 0.000762 0.000933 -0.999999 0.000763 0.000934 -0.999999 0.000766 0.000937 -0.999999 0.000742 0.000908 -0.999999 0.000788 0.000959 -0.999999 0.000746 0.000914 -0.999999 0.000823 0.000992 -0.999999 0.000768 0.000939 -0.999999 0.000759 0.000928 -0.999999 0.000762 0.000932 -0.999999 0.000792 0.000958 -0.999999 0.000722 0.000900 -0.999999 0.000791 0.000952 -0.999999 0.000731 0.000911 -0.999999 0.000795 0.000952 -0.999999 0.000785 0.000950 -0.999999 0.000767 0.000936 -0.999999 0.000799 0.000958 -1.000000 0.000698 0.000894 -0.999999 0.000748 0.000922 -0.999999 0.000796 0.000954 -0.999999 0.000750 0.000926 -0.999999 0.000762 0.000933 -0.999999 0.000744 0.000924 -0.999999 0.000770 0.000936 -0.999999 0.000753 0.000929 -0.999999 0.000769 0.000935 -0.999999 0.000722 0.000917 -0.999999 0.000796 0.000945 -0.999999 0.000799 0.000946 -0.999999 0.000703 0.000915 -0.999999 0.000784 0.000942 -0.999999 0.000752 0.000930 -0.999999 0.000800 0.000946 -0.999999 0.000709 0.000921 -0.999999 0.000765 0.000934 -0.999999 0.000786 0.000961 -0.999999 0.000761 0.000931 -0.999999 0.000778 0.000950 -0.999999 0.000769 0.000941 -0.999999 0.000691 0.000864 -0.999999 0.000797 0.000968 -0.999999 0.000713 0.000887 -0.999999 0.000827 0.000993 -0.999999 0.000716 0.000889 -0.999999 0.000779 0.000947 -0.999999 0.000785 0.000952 -0.999999 0.000747 0.000925 -0.999999 0.000745 0.000923 -1.000000 0.000669 0.000866 -1.000000 0.000690 0.000882 -0.999999 0.000930 0.001039 -0.999999 0.000786 0.000954 -0.999999 0.000729 0.000917 -0.999999 0.000753 0.000930 -0.999999 0.000831 0.000965 -0.999999 0.000809 0.000962 -0.999999 0.000705 0.000912 -0.999999 0.000703 0.000913 -0.999999 0.000931 0.001000 -0.999999 0.000741 0.000927 -0.999999 0.000750 0.000931 -0.999999 0.000778 0.000938 -0.999999 0.000723 0.000930 -0.999999 0.000806 0.000943 -0.999999 0.000620 0.000912 -0.999999 0.000844 0.000939 -0.999999 0.000732 0.000930 -0.999999 0.000752 0.000926 -0.999999 0.000696 0.000904 -0.999999 0.000823 0.000946 -0.999999 0.000840 0.000950 -0.999999 0.000805 0.000949 -0.999999 0.000764 0.000937 -0.999999 0.000743 0.000934 -0.999999 0.000774 0.000934 -0.999999 0.000773 0.000931 -0.999999 0.000743 0.000930 -0.999999 0.000858 0.000925 -0.999999 0.000762 0.000936 -0.999999 0.000735 0.000928 -0.999999 0.000797 0.000922 -0.999999 0.000732 0.000940 -0.999999 0.000775 0.000919 -0.999999 0.000668 0.000994 -0.999999 0.000782 0.000921 -0.999999 0.000811 0.000901 -0.999999 0.000742 0.000952 -0.999999 0.000858 0.000881 -0.999999 0.000724 0.000965 -0.999999 0.000702 0.000976 -0.999999 0.000766 0.000935 -0.999999 0.000777 0.000923 -0.999999 0.000844 0.000886 -0.999999 0.000749 0.000944 -0.999999 0.000801 0.000910 -0.999999 0.000776 0.000924 -0.999999 0.000846 0.000887 -0.999999 0.000625 0.001010 -0.999999 0.000848 0.000877 -0.999999 0.000838 0.000904 -0.999999 0.000767 0.000933 -0.999999 0.000725 0.000955 -0.999999 0.000738 0.000948 -0.999999 0.000719 0.000946 -0.999999 0.000775 0.000924 -0.999999 0.000780 0.000922 -0.999999 0.000783 0.000920 -0.999999 0.000841 0.000914 -0.999999 0.000740 0.000944 -0.999999 0.000771 0.000932 -0.999999 0.000703 0.000963 -0.999999 0.000740 0.000936 -0.999999 0.000833 0.000913 -0.999999 0.000665 0.000963 -0.999999 0.000800 0.000916 -0.999999 0.000763 0.000932 -0.999999 0.000849 0.000892 -0.999999 0.000617 0.001009 -0.999999 0.000799 0.000907 -0.999999 0.000800 0.000921 -0.999999 0.000775 0.000930 -0.999999 0.000729 0.000950 -0.999999 0.000733 0.000948 -0.999999 0.000861 0.000903 -0.999999 0.000698 0.000957 -0.999999 0.000815 0.000914 -0.999999 0.000666 0.000975 -0.999999 0.000704 0.000947 -0.999999 0.000795 0.000924 -0.999999 0.000742 0.000941 -0.999999 0.000745 0.000940 -0.999999 0.000845 0.000919 -0.999999 0.000780 0.000934 -0.999999 0.000728 0.000947 -0.999999 0.000630 0.000977 -0.999999 0.000751 0.000935 -0.999999 0.000756 0.000934 -0.999999 0.000760 0.000933 -0.999999 0.000792 0.000925 -0.999999 0.000815 0.000926 -0.999999 0.000704 0.000944 -0.999999 0.000928 0.000902 -1.000000 0.000571 0.000977 -0.999999 0.000716 0.000937 -0.999999 0.000857 0.000918 -0.999999 0.000703 0.000942 -0.999999 0.000818 0.000921 -0.999999 0.000838 0.000919 -0.999999 0.000658 0.000966 -0.999999 0.000881 0.000898 -0.999999 0.000634 0.000984 -0.999999 0.000764 0.000933 -0.999999 0.000850 0.000894 -0.999999 0.000699 0.000969 -0.999999 0.000800 0.000913 -0.999999 0.000747 0.000939 -0.999999 0.000750 0.000939 -0.999999 0.000728 0.000948 -0.999999 0.000830 0.000896 -0.999999 0.000729 0.000944 -0.999999 0.000832 0.000912 -0.999999 0.000677 0.000969 -0.999999 0.000763 0.000934 -0.999999 0.000764 0.000932 -0.999999 0.000824 0.000917 -0.999999 0.000688 0.000959 -0.999999 0.000796 0.000918 -0.999999 0.000846 0.000915 -0.999999 0.000681 0.000954 -0.999999 0.000783 0.000926 -0.999999 0.000747 0.000937 -0.999999 0.000751 0.000935 -0.999999 0.000722 0.000940 -0.999999 0.000790 0.000925 -0.999999 0.000762 0.000933 -0.999999 0.000871 0.000917 -0.999999 0.000703 0.000946 -0.999999 0.000731 0.000940 -0.999999 0.000940 0.000898 -0.999999 0.000724 0.000941 -0.999999 0.000779 0.000934 -0.999999 0.000707 0.000946 -0.999999 0.000822 0.000923 -0.999999 0.000730 0.000955 -0.999999 0.000846 0.000878 -0.999999 0.000742 0.000952 -0.999999 0.000668 0.001005 -0.999999 0.000658 0.000997 -0.999999 0.000771 0.000927 -0.999999 0.000799 0.000909 -0.999999 0.000715 0.000965 -0.999999 0.000722 0.000952 -0.999999 0.000789 0.000915 -0.999999 0.000806 0.000904 -0.999999 0.000741 0.000948 -0.999999 0.000833 0.000897 -0.999999 0.000800 0.000914 -0.999999 0.000764 0.000934 -0.999999 0.000768 0.000933 -0.999999 0.000735 0.000946 -0.999999 0.000793 0.000921 -0.999999 0.000777 0.000929 -0.999999 0.000738 0.000951 -0.999999 0.000724 0.000949 -0.999999 0.000687 0.000965 -0.999999 0.000868 0.000884 -0.999999 0.000745 0.000946 -0.999999 0.000762 0.000935 -0.999999 0.000765 0.000934 -0.999999 0.000797 0.000924 -0.999999 0.000729 0.000953 -0.001169 -0.403815 -0.914840 -0.001189 -0.462654 -0.886538 -0.001188 -0.462647 -0.886542 -0.001202 -0.518543 -0.855051 -0.001192 -0.518488 -0.855084 -0.001202 -0.573206 -0.819411 -0.001203 -0.573254 -0.819377 -0.001211 -0.573211 -0.819407 -0.001199 -0.518585 -0.855025 -0.001191 -0.518510 -0.855071 -0.001178 -0.462488 -0.886625 -0.001187 -0.462607 -0.886563 -0.001169 -0.404014 -0.914752 -0.001163 -0.403834 -0.914832 -0.001021 -0.153215 -0.988192 -0.001059 -0.217288 -0.976107 -0.001072 -0.217398 -0.976083 -0.001105 -0.279786 -0.960062 -0.001109 -0.279795 -0.960059 -0.001137 -0.341552 -0.939862 -0.001139 -0.341624 -0.939836 -0.001145 -0.341567 -0.939857 -0.001116 -0.279609 -0.960113 -0.001129 -0.279676 -0.960094 -0.001097 -0.217631 -0.976031 -0.001076 -0.217359 -0.976091 -0.001038 -0.153206 -0.988194 -0.001034 -0.153129 -0.988206 -0.000879 0.107551 -0.994199 -0.000934 0.042248 -0.999107 -0.000895 0.042770 -0.999085 -0.000945 -0.021607 -0.999766 -0.000949 -0.021660 -0.999765 -0.000995 -0.086793 -0.996226 -0.000991 -0.086648 -0.996239 -0.001172 -0.765799 -0.643079 -0.001184 -0.722067 -0.691822 -0.001193 -0.722185 -0.691699 -0.001199 -0.676234 -0.736685 -0.001210 -0.676400 -0.736533 -0.001212 -0.626994 -0.779023 -0.001207 -0.626880 -0.779115 -0.001210 -0.626992 -0.779025 -0.001209 -0.676289 -0.736636 -0.001211 -0.676309 -0.736618 -0.001203 -0.722182 -0.691703 -0.001203 -0.722191 -0.691692 -0.001191 -0.765881 -0.642982 -0.001187 -0.765796 -0.643082 -0.001101 -0.906169 -0.422915 -0.001134 -0.876629 -0.481166 -0.001134 -0.876651 -0.481126 -0.001163 -0.844000 -0.536343 -0.001151 -0.843874 -0.536541 -0.001174 -0.807182 -0.590302 -0.001168 -0.807074 -0.590449 -0.001153 -0.807093 -0.590424 -0.001129 -0.843876 -0.536538 -0.001139 -0.843931 -0.536451 -0.001112 -0.876566 -0.481281 -0.001115 -0.876601 -0.481216 -0.001083 -0.906108 -0.423046 -0.001091 -0.906209 -0.422829 -0.000917 -0.984740 -0.174028 -0.000973 -0.971295 -0.237878 -0.000959 -0.971275 -0.237959 -0.001008 -0.954009 -0.299776 -0.001006 -0.954011 -0.299769 -0.001046 -0.932407 -0.361409 -0.001052 -0.932471 -0.361244 -0.001061 -0.932448 -0.361303 -0.001018 -0.954034 -0.299696 -0.001014 -0.954015 -0.299758 -0.000968 -0.971293 -0.237884 -0.000964 -0.971274 -0.237963 -0.000915 -0.984736 -0.174054 -0.000913 -0.984735 -0.174060 -0.000683 -0.996227 0.086780 -0.000756 -0.999765 0.021667 -0.000743 -0.999767 0.021587 -0.000804 -0.999090 -0.042642 -0.000803 -0.999089 -0.042671 -0.000862 -0.994187 -0.107660 -0.000859 -0.994186 -0.107677 -0.000860 -0.994190 -0.107641 -0.000806 -0.999091 -0.042630 -0.000803 -0.999089 -0.042681 -0.000741 -0.999766 0.021607 -0.000741 -0.999767 0.021575 -0.000678 -0.996233 0.086718 -0.000681 -0.996227 0.086789 -0.000393 -0.938996 0.343927 -0.000469 -0.960104 0.279642 -0.000466 -0.960121 0.279585 -0.000537 -0.976094 0.217350 -0.000540 -0.976081 0.217408 -0.000608 -0.988181 0.153292 -0.000612 -0.988166 0.153386 -0.000622 -0.988166 0.153385 -0.000549 -0.976069 0.217460 -0.000547 -0.976091 0.217363 -0.000476 -0.960090 0.279690 -0.000474 -0.960105 0.279638 -0.000396 -0.938987 0.343952 -0.000396 -0.939002 0.343912 -0.000100 -0.819382 0.573248 -0.000174 -0.854994 0.518638 -0.000170 -0.855017 0.518600 -0.000247 -0.886559 0.462616 -0.000245 -0.886548 0.462636 -0.000324 -0.915820 0.401589 -0.000325 -0.915812 0.401607 -0.000321 -0.915822 0.401585 -0.000242 -0.886556 0.462622 -0.000244 -0.886553 0.462627 -0.000168 -0.855000 0.518628 -0.000171 -0.854969 0.518680 -0.000091 -0.819398 0.573226 -0.000087 -0.819537 0.573026 0.000229 -0.643225 0.765677 0.000151 -0.691673 0.722211 0.000151 -0.691702 0.722183 0.000072 -0.736692 0.676228 0.000060 -0.736529 0.676407 -0.000018 -0.778999 0.627025 -0.000005 -0.779220 0.626751 0.000001 -0.779084 0.626919 0.000078 -0.736738 0.676179 0.000067 -0.736600 0.676329 0.000144 -0.691669 0.722215 0.000145 -0.691676 0.722208 0.000223 -0.643149 0.765741 0.000219 -0.643089 0.765791 0.000532 -0.423139 0.906065 0.000456 -0.481239 0.876590 0.000459 -0.481207 0.876607 0.000384 -0.536520 0.843888 0.000377 -0.536375 0.843980 0.000301 -0.590326 0.807165 0.000298 -0.590248 0.807222 0.000310 -0.590393 0.807116 0.000385 -0.536543 0.843873 0.000374 -0.536397 0.843966 0.000446 -0.481093 0.876669 0.000449 -0.481181 0.876621 0.000521 -0.423056 0.906103 0.000518 -0.422964 0.906146 0.000768 -0.173872 0.984768 0.000707 -0.237543 0.971377 0.000719 -0.237832 0.971306 0.000656 -0.299821 0.953995 0.000660 -0.299897 0.953971 0.000593 -0.361367 0.932424 0.000589 -0.361288 0.932454 0.000604 -0.361470 0.932384 0.000669 -0.299921 0.953964 0.000670 -0.299900 0.953970 0.000733 -0.237769 0.971321 0.000732 -0.237831 0.971306 0.000794 -0.174076 0.984732 0.000787 -0.173904 0.984762 0.001029 0.086652 0.996238 0.000983 0.021285 0.999773 0.000957 0.021687 0.999764 0.000908 -0.042730 0.999086 0.000899 -0.042568 0.999093 0.000845 -0.107667 0.994187 0.000847 -0.107748 0.994178 0.000853 -0.107752 0.994177 0.000907 -0.042812 0.999083 0.000907 -0.042730 0.999086 0.000957 0.021446 0.999770 0.000949 0.021660 0.999765 0.000996 0.086902 0.996216 0.001004 0.086648 0.996239 0.001121 0.341565 0.939858 0.001092 0.279607 0.960114 0.001105 0.279527 0.960137 0.001071 0.217477 0.976065 0.001077 0.217408 0.976080 0.001039 0.153365 0.988169 0.001047 0.153210 0.988193 0.001046 0.153215 0.988192 0.001085 0.217480 0.976064 0.001084 0.217474 0.976066 0.001117 0.279601 0.960116 0.001117 0.279597 0.960117 0.001145 0.341739 0.939794 0.001146 0.341698 0.939809 0.001188 0.573214 0.819405 0.001177 0.518593 0.855021 0.001189 0.518483 0.855087 0.001178 0.462800 0.886462 0.001180 0.462772 0.886477 0.001161 0.403787 0.914852 0.001169 0.403636 0.914919 0.001169 0.403649 0.914913 0.001187 0.462632 0.886550 0.001177 0.462705 0.886512 0.001189 0.518604 0.855014 0.001195 0.518531 0.855058 0.001203 0.573346 0.819313 0.001204 0.573310 0.819338 0.001175 0.765799 0.643079 0.001189 0.722337 0.691541 0.001202 0.722167 0.691718 0.001211 0.676285 0.736639 0.001210 0.676316 0.736611 0.001211 0.626732 0.779234 0.001207 0.626856 0.779134 0.001213 0.626767 0.779206 0.001209 0.676292 0.736633 0.001201 0.676398 0.736535 0.001193 0.722296 0.691583 0.001202 0.722166 0.691719 0.001190 0.765699 0.643197 0.001186 0.765788 0.643092 0.001076 0.906168 0.422918 0.001109 0.876651 0.481125 0.001111 0.876641 0.481143 0.001139 0.843996 0.536347 0.001143 0.843934 0.536446 0.001166 0.807127 0.590376 0.001169 0.807086 0.590433 0.001161 0.807141 0.590358 0.001139 0.843990 0.536357 0.001154 0.843870 0.536546 0.001129 0.876585 0.481246 0.001123 0.876650 0.481127 0.001091 0.906133 0.422991 0.001088 0.906169 0.422915 0.000910 0.984738 0.174038 0.000957 0.971309 0.237821 0.000969 0.971275 0.237959 0.001010 0.953996 0.299818 0.001015 0.953992 0.299832 0.001057 0.932425 0.361362 0.001049 0.932475 0.361232 0.001043 0.932448 0.361303 0.001003 0.954020 0.299742 0.001005 0.954011 0.299771 0.000960 0.971305 0.237836 0.000966 0.971283 0.237926 0.000915 0.984732 0.174076 0.000916 0.984735 0.174060 0.000676 0.996227 -0.086780 0.000736 0.999765 -0.021671 0.000741 0.999767 -0.021587 0.000798 0.999092 0.042609 0.000804 0.999089 0.042680 0.000861 0.994186 0.107675 0.000860 0.994188 0.107660 0.000861 0.994186 0.107673 0.000806 0.999091 0.042621 0.000805 0.999089 0.042672 0.000746 0.999766 -0.021602 0.000746 0.999767 -0.021587 0.000683 0.996233 -0.086714 0.000679 0.996226 -0.086798 0.000401 0.939839 -0.341618 0.000469 0.960096 -0.279671 0.000478 0.960118 -0.279595 0.000547 0.976099 -0.217326 0.000546 0.976088 -0.217374 0.000617 0.988182 -0.153284 0.000611 0.988167 -0.153379 0.000601 0.988166 -0.153387 0.000534 0.976073 -0.217445 0.000537 0.976089 -0.217372 0.000469 0.960091 -0.279689 0.000472 0.960119 -0.279591 0.000398 0.939828 -0.341649 0.000398 0.939831 -0.341640 0.000088 0.819450 -0.573150 0.000171 0.854985 -0.518652 0.000177 0.855023 -0.518590 0.000249 0.886591 -0.462553 0.000247 0.886544 -0.462645 0.000322 0.914831 -0.403837 0.000320 0.914804 -0.403897 0.000329 0.914846 -0.403803 0.000252 0.886602 -0.462534 0.000248 0.886552 -0.462629 0.000169 0.855007 -0.518617 0.000170 0.854973 -0.518672 0.000091 0.819429 -0.573181 0.000090 0.819451 -0.573149 -0.000210 0.643227 -0.765676 -0.000131 0.691796 -0.722093 -0.000153 0.691575 -0.722305 -0.000077 0.736547 -0.676387 -0.000069 0.736627 -0.676300 0.000008 0.779129 -0.626864 0.000009 0.779155 -0.626831 0.000012 0.779132 -0.626860 -0.000068 0.736591 -0.676339 -0.000063 0.736618 -0.676308 -0.000140 0.691747 -0.722140 -0.000151 0.691565 -0.722314 -0.000229 0.643089 -0.765791 -0.000230 0.643091 -0.765790 -0.000505 0.423074 -0.906095 -0.000436 0.481303 -0.876554 -0.000446 0.481211 -0.876605 -0.000373 0.536459 -0.843926 -0.000385 0.536255 -0.844056 -0.000308 0.590363 -0.807138 -0.000309 0.590382 -0.807124 -0.000310 0.590395 -0.807114 -0.000386 0.536368 -0.843984 -0.000383 0.536397 -0.843966 -0.000455 0.481220 -0.876600 -0.000458 0.481188 -0.876617 -0.000529 0.422928 -0.906163 -0.000524 0.423127 -0.906071 -0.000794 0.174110 -0.984726 -0.000732 0.237846 -0.971303 -0.000733 0.237754 -0.971325 -0.000670 0.299601 -0.954064 -0.000661 0.299700 -0.954033 -0.000594 0.361508 -0.932369 -0.000595 0.361430 -0.932399 -0.000599 0.361446 -0.932393 -0.000667 0.299564 -0.954076 -0.000656 0.299755 -0.954016 -0.000719 0.237922 -0.971284 -0.000724 0.237778 -0.971319 -0.000785 0.174182 -0.984713 -0.000787 0.174064 -0.984734 -0.001004 -0.086851 -0.996221 -0.000957 -0.021688 -0.999764 -0.000957 -0.021687 -0.999764 -0.000908 0.042407 -0.999100 -0.000899 0.042568 -0.999093 -0.000845 0.107773 -0.994175 -0.000847 0.107748 -0.994178 -0.999999 0.000763 0.000921 -1.000000 0.000780 0.000806 -0.999999 0.000779 0.001025 -0.999999 0.000766 0.000932 -0.999999 0.000749 0.000978 -0.999999 0.000763 0.000861 -0.999999 0.000768 0.000983 -0.999999 0.000765 0.000968 -0.999999 0.000729 0.000880 -0.999999 0.000777 0.000958 -0.999999 0.000751 0.000928 -0.999999 0.000748 0.000927 -0.999999 0.000774 0.000891 -0.999999 0.000757 0.000966 -0.999999 0.000759 0.000938 -0.999999 0.000753 0.000891 -0.999999 0.000757 0.000933 -0.999999 0.000750 0.000957 -0.999999 0.000757 0.000904 -0.999999 0.000757 0.000906 -0.999999 0.000772 0.000918 -0.999999 0.000777 0.000909 -0.999999 0.000766 0.000979 -0.999999 0.000765 0.000952 -0.999999 0.000773 0.000921 -0.999999 0.000749 0.000984 -0.999999 0.000759 0.000937 -0.999999 0.000758 0.000957 -0.999999 0.000724 0.000994 -0.999999 0.000775 0.000873 -0.999999 0.000759 0.000940 -0.999999 0.000758 0.000956 -0.999999 0.000756 0.000938 -0.999999 0.000790 0.000869 -0.999999 0.000758 0.000979 -0.999999 0.000763 0.000941 -0.999999 0.000744 0.000958 -0.999999 0.000768 0.000916 -0.999999 0.000765 0.000923 -0.999999 0.000763 0.000938 -0.999999 0.000764 0.000937 -0.999999 0.000753 0.000950 -0.999999 0.000790 0.000859 -0.999999 0.000768 0.000950 -0.999999 0.000764 0.000947 -0.999999 0.000747 0.000976 -0.999999 0.000768 0.000924 -0.999999 0.000773 0.000908 -0.999999 0.000765 0.000950 -0.999999 0.000767 0.000941 -0.999999 0.000753 0.000970 -0.999999 0.000788 0.000872 -0.999999 0.000767 0.000936 -0.999999 0.000749 0.000961 -0.999999 0.000775 0.000915 -0.999999 0.000783 0.000890 -0.999999 0.000686 0.000950 -0.999999 0.000798 0.000924 -0.999999 0.000770 0.000937 -0.999999 0.000768 0.000937 -0.999999 0.000771 0.000943 -0.999999 0.000772 0.000942 -0.999999 0.000774 0.000944 -0.999999 0.000663 0.000998 -0.999999 0.000750 0.000919 -0.999999 0.000801 0.000913 -0.999999 0.000798 0.000914 -0.999999 0.000747 0.000938 -0.999999 0.000801 0.000920 -0.999999 0.000836 0.000917 -0.999999 0.000654 0.000960 -0.999999 0.000893 0.000863 -0.999999 0.000783 0.000942 -0.999999 0.000802 0.000942 -0.999999 0.000770 0.000948 -0.999999 0.000716 0.000969 -0.999999 0.000724 0.000934 -0.999999 0.000729 0.000935 -0.999999 0.000799 0.000924 -0.999999 0.000751 0.000939 -0.999999 0.000792 0.000943 -0.999999 0.000723 0.000937 -0.999999 0.000740 0.000935 -0.999999 0.000786 0.000921 -0.999999 0.000761 0.000933 -0.999999 0.000707 0.000929 -0.999999 0.000816 0.000924 -0.999999 0.000806 0.000925 -0.999999 0.000770 0.000942 -0.999999 0.000776 0.000943 -0.999999 0.000733 0.000942 -0.999999 0.000777 0.000935 -0.999999 0.000729 0.000928 -0.999999 0.000807 0.000942 -0.999999 0.000704 0.000938 -0.999999 0.000768 0.000933 -0.999999 0.000800 0.000949 -0.999999 0.000720 0.000926 -0.999999 0.000752 0.000930 -0.999999 0.000790 0.000927 -0.999999 0.000793 0.000944 -0.999999 0.000696 0.000916 -0.999999 0.000794 0.000930 -0.999999 0.000701 0.000930 -0.999999 0.000738 0.000905 -0.999999 0.000780 0.000921 -0.999999 0.000749 0.000916 -0.999999 0.000810 0.000917 -0.999999 0.000773 0.000933 -0.999999 0.000762 0.000911 -0.999999 0.000791 0.000948 -0.999999 0.000745 0.000912 -0.999999 0.000824 0.001047 -1.000000 0.000717 0.000863 -0.999999 0.000807 0.000975 -0.999999 0.000754 0.000929 -0.999999 0.000742 0.000879 -0.999999 0.000767 0.000929 -0.999999 0.000771 0.000938 -0.999999 0.000781 0.000948 -0.999999 0.000763 0.000947 -0.999999 0.000784 0.000995 -1.000000 0.000712 0.000875 -0.999999 0.000755 0.000930 -0.999999 0.000765 0.000906 -0.999999 0.000800 0.001004 -0.999999 0.000731 0.000882 -0.999999 0.000804 0.000969 -0.999999 0.000760 0.000881 -0.999999 0.000781 0.000945 -0.999999 0.000784 0.000949 -0.999999 0.000756 0.000914 -0.999999 0.000778 0.000947 -0.999999 0.000788 0.000984 -0.999999 0.000727 0.000846 -0.999999 0.000801 0.000956 -0.999999 0.000779 0.000948 -0.999999 0.000766 0.000898 -0.999999 0.000808 0.000998 -0.999999 0.000758 0.000914 -0.999999 0.000757 0.000920 -0.999999 0.000757 0.000920 -0.999999 0.000759 0.000929 -0.999999 0.000739 0.000894 -0.999999 0.000756 0.000939 -0.999999 0.000751 0.000898 -0.999999 0.000768 0.000957 -0.999999 0.000757 0.000935 -0.999999 0.000768 0.000836 -0.999999 0.000781 0.001019 -0.999999 0.000754 0.000911 -0.999999 0.000779 0.000966 -0.999999 0.000761 0.000904 -0.999999 0.000766 0.001003 -0.999999 0.000742 0.000883 -0.999999 0.000770 0.000957 -0.999999 0.000766 0.000977 -0.999999 0.000767 0.000930 -0.999999 0.000778 0.001008 -0.999999 0.000751 0.000926 -0.999999 0.000772 0.000940 -0.999999 0.000773 0.000924 -0.999999 0.000774 0.000944 -0.999999 0.000772 0.000928 -0.999999 0.000763 0.000946 -0.999999 0.000765 0.000932 -0.999999 0.000764 0.000910 -0.999999 0.000762 0.000904 -0.999999 0.000767 0.000942 -0.999999 0.000702 0.001004 -0.999999 0.000811 0.000855 -0.999999 0.000758 0.000962 -0.999999 0.000786 0.000924 -0.999999 0.000745 0.000965 -0.999999 0.000811 0.000884 -0.999999 0.000718 0.001044 -0.999999 0.000745 0.000936 -0.999999 0.000743 0.000936 -0.999999 0.000757 0.000920 -0.999999 0.000782 0.000877 -0.999999 0.000891 0.000849 -0.999999 0.000738 0.000968 -0.999999 0.000741 0.000964 -0.999999 0.000778 0.000912 -0.999999 0.000711 0.000959 -0.999999 0.000779 0.000913 -0.999999 0.000816 0.000878 -0.999999 0.000749 0.000970 -0.999999 0.000760 0.000936 -0.999999 0.000735 0.000952 -0.999999 0.000808 0.000888 -0.999999 0.000727 0.000987 -0.999999 0.000741 0.000936 -0.999999 0.000787 0.000909 -0.999999 0.000742 0.000946 -0.999999 0.000777 0.000904 -0.999999 0.000763 0.000925 -0.999999 0.000792 0.000911 -0.999999 0.000769 0.000929 -0.999999 0.000749 0.000946 -0.999999 0.000758 0.000935 -0.999999 0.000728 0.000949 -0.999999 0.000816 0.000888 -0.999999 0.000733 0.000972 -0.999999 0.000716 0.000947 -0.999999 0.000835 0.000897 -0.999999 0.000730 0.000957 -0.999999 0.000764 0.000935 -0.999999 0.000753 0.000936 -0.999999 0.000770 0.000931 -0.999999 0.000740 0.000946 -0.999999 0.000783 0.000914 -0.999999 0.000709 0.000940 -0.999999 0.000806 0.000914 -0.999999 0.000788 0.000922 -0.999999 0.000804 0.000907 -0.999999 0.000737 0.000942 -0.999999 0.000831 0.000920 -0.999999 0.000769 0.000946 -0.999999 0.000738 0.000966 -0.999999 0.000795 0.000963 -0.999999 0.000749 0.000937 -0.999999 0.000734 0.000935 -0.999999 0.000777 0.000941 -1.000000 0.000662 0.000869 -0.999999 0.000800 0.000944 -0.999999 0.000757 0.000926 -0.999999 0.000844 0.000945 -0.999999 0.000794 0.000968 -0.999999 0.000746 0.000936 -0.999999 0.000750 0.000939 -0.999999 0.000760 0.000941 -0.999999 0.000715 0.000899 -0.999999 0.000762 0.000932 -0.999999 0.000760 0.000929 -0.999999 0.000734 0.000921 -0.999999 0.000825 0.000976 -0.999999 0.000751 0.000920 -0.999999 0.000772 0.000932 -0.999999 0.000749 0.000924 -0.999999 0.000865 0.001018 -1.000000 0.000662 0.000853 -0.999999 0.000777 0.000925 -0.999999 0.000793 0.000927 -0.999999 0.000748 0.000922 -0.999999 0.000735 0.000904 -0.999999 0.000794 0.000946 -0.999999 0.000713 0.000910 -0.999999 0.000744 0.000911 -0.999999 0.000797 0.000964 -0.999999 0.000761 0.000939 -0.999999 0.000788 0.000953 -0.999999 0.000724 0.000898 -0.999999 0.000742 0.000919 -0.999999 0.000791 0.000957 -0.999999 0.000779 0.000949 -0.999999 0.000766 0.000960 -1.000000 0.000677 0.000864 -0.999999 0.000798 0.000964 -0.999999 0.000807 0.000972 -0.999999 0.000763 0.000938 -0.999999 0.000807 0.001001 -0.999999 0.000705 0.000900 -0.999999 0.000804 0.000970 -0.999999 0.000731 0.000878 -0.999999 0.000789 0.000957 -0.999999 0.000752 0.000922 -0.999999 0.000799 0.000953 0.000326 0.917961 -0.396671 0.000265 0.896728 -0.442582 0.000272 0.896741 -0.442555 0.000210 0.873419 -0.486970 0.000219 0.873451 -0.486913 0.000158 0.847741 -0.530410 0.000149 0.847661 -0.530537 0.000137 0.847732 -0.530425 0.000187 0.873426 -0.486956 0.000212 0.873476 -0.486866 0.000266 0.896739 -0.442561 0.000271 0.896739 -0.442559 0.000330 0.917925 -0.396754 0.000332 0.917950 -0.396697 0.000570 0.979004 -0.203840 0.000518 0.967473 -0.252974 0.000508 0.967457 -0.253036 0.000454 0.953590 -0.301109 0.000447 0.953574 -0.301159 0.000390 0.937136 -0.348965 0.000391 0.937138 -0.348958 0.000381 0.937156 -0.348911 0.000437 0.953579 -0.301143 0.000444 0.953582 -0.301134 0.000500 0.967464 -0.253010 0.000501 0.967467 -0.252998 0.000557 0.979012 -0.203804 0.000557 0.979020 -0.203766 0.000764 0.999997 -0.002517 0.000713 0.998591 -0.053057 0.000713 0.998591 -0.053062 0.000659 0.994680 -0.103011 0.000662 0.994680 -0.103010 0.000607 0.988190 -0.153232 0.000613 0.988198 -0.153183 0.000623 0.988188 -0.153245 0.000673 0.994680 -0.103013 0.000667 0.994676 -0.103049 0.000719 0.998593 -0.053033 0.000712 0.998590 -0.053080 0.000763 0.999997 -0.002517 0.000760 0.999997 -0.002521 0.000934 0.980041 0.198792 0.000897 0.988833 0.149025 0.000892 0.988836 0.149008 0.000851 0.995055 0.099317 0.000854 0.995056 0.099316 0.000808 0.998804 0.048877 0.000809 0.998805 0.048875 0.000814 0.998805 0.048860 0.000857 0.995055 0.099317 0.000855 0.995056 0.099309 0.000900 0.988831 0.149040 0.000892 0.988834 0.149017 0.000935 0.980039 0.198803 0.000934 0.980036 0.198819 0.001053 0.919924 0.392096 0.001021 0.938609 0.344981 0.001039 0.938573 0.345079 0.001010 0.954690 0.297601 0.001005 0.954696 0.297581 0.000970 0.968518 0.248941 0.000971 0.968517 0.248947 0.000972 0.968527 0.248907 0.001021 0.954695 0.297585 0.001007 0.954704 0.297556 0.001040 0.938586 0.345044 0.001045 0.938581 0.345059 0.001076 0.919928 0.392086 0.001067 0.919957 0.392018 0.001165 0.822207 0.569188 0.001145 0.849912 0.526923 0.001138 0.849924 0.526904 0.001120 0.875263 0.483646 0.001121 0.875249 0.483672 0.001098 0.898578 0.438812 0.001094 0.898601 0.438766 0.001090 0.898573 0.438823 0.001113 0.875255 0.483661 0.001118 0.875235 0.483697 0.001139 0.849947 0.526868 0.001142 0.849929 0.526896 0.001159 0.822205 0.569191 0.001162 0.822198 0.569201 0.001191 0.690666 0.723173 0.001185 0.726530 0.687134 0.001195 0.726478 0.687189 0.001185 0.759990 0.649934 0.001184 0.760006 0.649915 0.001170 0.791875 0.610683 0.001176 0.791804 0.610775 0.001191 0.791869 0.610690 0.001205 0.759996 0.649927 0.001192 0.760039 0.649876 0.001204 0.726446 0.687222 0.001198 0.726508 0.687157 0.001204 0.690746 0.723097 0.001206 0.690739 0.723103 0.001185 0.531170 0.847265 0.001191 0.573249 0.819380 0.001194 0.573247 0.819382 0.001196 0.613659 0.789570 0.001208 0.613540 0.789663 0.001207 0.652732 0.757588 0.001209 0.652722 0.757597 0.001195 0.652655 0.757654 0.001196 0.613637 0.789587 0.001212 0.613549 0.789655 0.001209 0.573341 0.819316 0.001210 0.573325 0.819327 0.001205 0.531083 0.847319 0.001194 0.531226 0.847229 0.001131 0.349664 0.936875 0.001148 0.396639 0.917974 0.001169 0.396532 0.918020 0.001184 0.441982 0.897023 0.001177 0.442060 0.896985 0.001189 0.486797 0.873514 0.001186 0.486844 0.873488 0.001174 0.486780 0.873524 0.001161 0.441981 0.897024 0.001163 0.441962 0.897033 0.001147 0.396651 0.917969 0.001161 0.396486 0.918040 0.001143 0.349747 0.936844 0.001145 0.349714 0.936856 0.001049 0.154012 0.988069 0.001078 0.203628 0.979048 0.001067 0.203710 0.979031 0.001094 0.252445 0.967611 0.001097 0.252412 0.967619 0.001122 0.301065 0.953603 0.001123 0.301059 0.953605 0.001129 0.301073 0.953601 0.001106 0.252347 0.967636 0.001094 0.252402 0.967622 0.001068 0.203754 0.979022 0.001071 0.203725 0.979028 0.001041 0.153878 0.988089 0.001038 0.153918 0.988083 0.000905 -0.048177 0.998838 0.000944 0.002485 0.999996 0.000944 0.002508 0.999996 0.000981 0.052435 0.998624 0.000974 0.052519 0.998619 0.001009 0.102935 0.994688 0.001005 0.102988 0.994682 0.000994 0.102899 0.994691 0.000959 0.052460 0.998623 0.000959 0.052459 0.998623 0.000922 0.002508 0.999996 0.000929 0.002393 0.999997 0.000890 -0.048044 0.998845 0.000899 -0.048199 0.998837 0.000702 -0.248215 0.968705 0.000751 -0.198911 0.980017 0.000761 -0.198949 0.980010 0.000807 -0.149711 0.988730 0.000803 -0.149641 0.988740 0.000847 -0.099266 0.995061 0.000856 -0.099450 0.995042 0.000862 -0.099388 0.995049 0.000818 -0.149562 0.988752 0.000818 -0.149576 0.988750 0.000772 -0.198861 0.980027 0.000772 -0.198910 0.980017 0.000723 -0.248236 0.968699 0.000718 -0.248144 0.968723 0.000490 -0.438215 0.898870 0.000545 -0.392135 0.919908 0.000556 -0.392186 0.919886 0.000609 -0.345453 0.938436 0.000614 -0.345523 0.938410 0.000665 -0.297669 0.954669 0.000667 -0.297700 0.954659 0.000673 -0.297668 0.954669 0.000621 -0.345585 0.938387 0.000610 -0.345533 0.938407 0.000558 -0.392126 0.919911 0.000561 -0.392188 0.919885 0.000506 -0.438111 0.898921 0.000508 -0.438115 0.898919 0.000264 -0.610157 0.792280 0.000321 -0.569258 0.822159 0.000331 -0.569295 0.822134 0.000389 -0.527333 0.849658 0.000392 -0.527345 0.849651 0.000449 -0.483770 0.875195 0.000450 -0.483782 0.875189 0.000455 -0.483783 0.875188 0.000398 -0.527416 0.849607 0.000387 -0.527386 0.849626 0.000330 -0.569230 0.822178 0.000334 -0.569295 0.822134 0.000275 -0.610093 0.792330 0.000276 -0.610115 0.792313 0.000018 -0.757091 0.653309 0.000081 -0.723096 0.690748 0.000099 -0.723167 0.690673 0.000160 -0.687616 0.726075 0.000159 -0.687632 0.726059 0.000219 -0.649985 0.759947 0.000216 -0.649953 0.759975 0.000202 -0.649993 0.759941 0.000144 -0.687625 0.726066 0.000150 -0.687673 0.726020 0.000091 -0.723093 0.690751 0.000099 -0.723163 0.690678 0.000038 -0.757140 0.653253 0.000030 -0.757053 0.653353 -0.000213 -0.873122 0.487502 -0.000152 -0.847355 0.531027 -0.000156 -0.847344 0.531044 -0.000096 -0.819727 0.572754 -0.000096 -0.819722 0.572762 -0.000035 -0.789652 0.613555 -0.000031 -0.789686 0.613511 -0.000021 -0.789666 0.613538 -0.000083 -0.819727 0.572755 -0.000090 -0.819702 0.572790 -0.000151 -0.847358 0.531022 -0.000152 -0.847343 0.531046 -0.000212 -0.873109 0.487525 -0.000213 -0.873117 0.487510 -0.000431 -0.953358 0.301842 -0.000374 -0.936909 0.349574 -0.000385 -0.936893 0.349617 -0.000328 -0.918204 0.396108 -0.000324 -0.918207 0.396101 -0.000267 -0.897079 0.441871 -0.000273 -0.897023 0.441983 -0.000288 -0.897057 0.441915 -0.000348 -0.918223 0.396063 -0.000339 -0.918240 0.396024 -0.000395 -0.936892 0.349618 -0.000393 -0.936908 0.349576 -0.000450 -0.953371 0.301801 -0.000447 -0.953380 0.301772 -0.000667 -0.994612 0.103664 -0.000613 -0.988100 0.153811 -0.000613 -0.988099 0.153818 -0.000564 -0.979149 0.203141 -0.000558 -0.979155 0.203117 -0.000504 -0.967630 0.252372 -0.000505 -0.967628 0.252380 -0.000494 -0.967614 0.252433 -0.000549 -0.979159 0.203096 -0.000557 -0.979152 0.203127 -0.000607 -0.988100 0.153811 -0.000612 -0.988097 0.153833 -0.000663 -0.994612 0.103664 -0.000662 -0.994611 0.103673 -0.000853 -0.995123 -0.098643 -0.000805 -0.998836 -0.048231 -0.000810 -0.998837 -0.048219 -0.000762 -0.999998 0.001863 -0.000763 -0.999998 0.001867 -0.000715 -0.998625 0.052427 -0.000714 -0.998625 0.052417 -0.000714 -0.998625 0.052420 -0.000762 -0.999998 0.001870 -0.000761 -0.999998 0.001874 -0.000810 -0.998836 -0.048228 -0.000808 -0.998836 -0.048224 -0.000853 -0.995121 -0.098660 -0.000853 -0.995121 -0.098656 -0.001005 -0.954906 -0.296907 -0.000969 -0.968686 -0.248288 -0.000968 -0.968684 -0.248294 -0.000930 -0.979897 -0.199503 -0.000936 -0.979902 -0.199476 -0.000895 -0.988735 -0.149673 -0.000895 -0.988737 -0.149662 -0.000900 -0.988737 -0.149659 -0.000938 -0.979900 -0.199489 -0.000936 -0.979899 -0.199491 -0.000972 -0.968678 -0.248319 -0.000975 -0.968679 -0.248313 -0.001007 -0.954908 -0.296901 -0.001008 -0.954899 -0.296930 -0.001128 -0.875560 -0.483109 -0.001104 -0.898845 -0.438265 -0.001101 -0.898849 -0.438258 -0.001076 -0.919691 -0.392642 -0.001071 -0.919675 -0.392680 -0.001043 -0.938373 -0.345623 -0.001041 -0.938368 -0.345636 -0.001029 -0.938390 -0.345577 -0.001059 -0.919667 -0.392697 -0.001067 -0.919690 -0.392645 -0.001091 -0.898874 -0.438206 -0.001092 -0.898872 -0.438210 -0.001116 -0.875528 -0.483166 -0.001121 -0.875583 -0.483067 -0.001194 -0.760403 -0.649451 -0.001185 -0.792270 -0.610170 -0.001182 -0.792256 -0.610188 -0.001165 -0.821843 -0.569713 -0.001161 -0.821801 -0.569774 -0.001142 -0.849598 -0.527429 -0.001144 -0.849595 -0.527434 -0.001145 -0.849591 -0.527440 -0.001165 -0.821879 -0.569661 -0.001149 -0.821839 -0.569719 -0.001166 -0.792278 -0.610159 -0.001170 -0.792301 -0.610129 -0.001182 -0.760292 -0.649581 -0.001193 -0.760422 -0.649428 -0.001212 -0.614112 -0.789218 -0.001211 -0.653223 -0.757165 -0.001203 -0.653182 -0.757200 -0.001199 -0.690309 -0.723514 -0.001203 -0.690330 -0.723494 -0.001197 -0.725975 -0.687720 -0.001202 -0.726043 -0.687648 -0.001207 -0.726019 -0.687674 -0.001214 -0.690320 -0.723503 -0.001210 -0.690302 -0.723521 -0.001214 -0.653317 -0.757083 -0.001202 -0.653206 -0.757179 -0.001202 -0.614036 -0.789277 -0.001209 -0.614127 -0.789207 -0.001164 -0.442604 -0.896717 -0.001176 -0.487423 -0.873165 -0.001185 -0.487441 -0.873155 -0.001194 -0.530564 -0.847644 -0.001197 -0.530602 -0.847620 -0.001204 -0.572707 -0.819759 -0.001205 -0.572769 -0.819716 -0.001211 -0.572718 -0.819752 -0.001202 -0.530647 -0.847592 -0.001196 -0.530623 -0.847607 -0.001186 -0.487303 -0.873232 -0.001195 -0.487379 -0.873189 -0.001183 -0.442713 -0.896663 -0.001173 -0.442595 -0.896721 -0.001084 -0.253167 -0.967422 -0.001106 -0.301611 -0.953430 -0.001118 -0.301683 -0.953408 -0.001139 -0.348954 -0.937139 -0.001142 -0.349021 -0.937114 -0.001161 -0.396053 -0.918227 -0.001158 -0.395993 -0.918253 -0.001190 -0.395847 -0.918315 -0.001173 -0.349166 -0.937060 -0.001140 -0.349031 -0.937110 -0.001119 -0.301640 -0.953421 -0.001122 -0.301703 -0.953401 -0.001098 -0.253141 -0.967429 -0.001094 -0.253068 -0.967448 -0.000960 -0.053103 -0.998589 -0.000995 -0.103540 -0.994625 -0.001005 -0.103536 -0.994625 -0.001037 -0.153234 -0.988189 -0.001049 -0.153322 -0.988176 -0.001078 -0.203180 -0.979141 -0.001067 -0.203018 -0.979174 -0.001055 -0.203071 -0.979163 -0.001026 -0.153330 -0.988174 -0.001037 -0.153370 -0.988168 -0.001005 -0.103491 -0.994630 -0.001009 -0.103536 -0.994625 -0.000974 -0.053102 -0.998589 -0.000970 -0.053010 -0.998594 -0.000797 0.148859 -0.988858 -0.000840 0.098889 -0.995098 -0.000862 0.098705 -0.995116 -0.000904 0.048685 -0.998814 -0.000897 0.048777 -0.998809 -0.000936 -0.001881 -0.999998 -0.000933 -0.001850 -0.999998 -0.000899 -0.001989 -0.999998 -0.000859 0.048916 -0.998803 -0.000893 0.048731 -0.998812 -0.000851 0.098751 -0.995112 -0.000855 0.098689 -0.995118 -0.000811 0.148973 -0.988841 -0.000812 0.148943 -0.988846 -0.000600 0.344857 -0.938655 -0.000651 0.297045 -0.954863 -0.000662 0.296950 -0.954893 -0.000711 0.248855 -0.968541 -0.000708 0.248853 -0.968541 -0.000756 0.199696 -0.979858 -0.000766 0.199503 -0.979897 -0.000771 0.199556 -0.979886 -0.000723 0.248819 -0.968550 -0.000712 0.248898 -0.968530 -0.000662 0.297159 -0.954828 -0.000673 0.297019 -0.954871 -0.000622 0.344861 -0.938654 -0.000616 0.344972 -0.938613 -0.000381 0.526795 -0.849992 -0.000439 0.483254 -0.875480 -0.000457 0.483142 -0.875542 -0.000512 0.438602 -0.898681 -0.000506 0.438687 -0.898640 -0.000560 0.392785 -0.919630 -0.000562 0.392756 -0.919643 -0.000545 0.392647 -0.919689 -0.000489 0.438726 -0.898621 -0.000501 0.438602 -0.898681 -0.000445 0.483246 -0.875485 -0.000456 0.483145 -0.875540 -0.000397 0.526826 -0.849973 -0.000394 0.526841 -0.849964 -0.000143 0.687106 -0.726557 -0.000204 0.649578 -0.760294 -0.000211 0.649545 -0.760323 -0.000270 0.610658 -0.791895 -0.000273 0.610624 -0.791921 -0.000331 0.569837 -0.821757 -0.000336 0.569824 -0.821767 -0.000338 0.569817 -0.821772 -0.000282 0.610564 -0.791967 -0.000271 0.610629 -0.791917 -0.000213 0.649573 -0.760300 -0.000214 0.649541 -0.760326 -0.000154 0.687123 -0.726541 -0.000152 0.687139 -0.726526 0.000075 0.819346 -0.573299 0.000017 0.789286 -0.614026 0.000021 0.789290 -0.614020 -0.000039 0.757515 -0.652817 -0.000032 0.757568 -0.652756 -0.000093 0.723559 -0.690262 -0.000088 0.723597 -0.690223 -0.000085 0.723583 -0.690238 -0.000026 0.757543 -0.652785 -0.000025 0.757541 -0.652788 0.000035 0.789247 -0.614077 0.000036 0.789243 -0.614081 0.000096 0.819384 -0.573245 0.000090 0.819308 -0.573354 0.001153 0.360507 0.932756 0.001143 0.335561 0.942018 0.001130 0.335598 0.942005 0.001119 0.310416 0.950600 0.001123 0.310437 0.950593 0.001111 0.285030 0.958518 0.001108 0.285073 0.958505 0.001119 0.285107 0.958495 0.001132 0.310423 0.950598 0.001132 0.310440 0.950592 0.001143 0.335551 0.942021 0.001135 0.335612 0.942000 0.001145 0.360442 0.932781 0.001141 0.360496 0.932760 0.001185 0.457638 0.889138 0.001176 0.433764 0.901026 0.001180 0.433772 0.901022 0.001171 0.409698 0.912221 0.001164 0.409721 0.912210 0.001155 0.385341 0.922774 0.001151 0.385361 0.922765 0.001139 0.385351 0.922770 0.001149 0.409732 0.912205 0.001160 0.409741 0.912201 0.001168 0.433817 0.901000 0.001179 0.433786 0.901015 0.001187 0.457575 0.889170 0.001181 0.457610 0.889153 0.001185 0.549476 0.835509 0.001180 0.527147 0.849773 0.001203 0.527087 0.849811 0.001199 0.504400 0.863469 0.001198 0.504376 0.863483 0.001193 0.481212 0.876603 0.001187 0.481253 0.876581 0.001169 0.481217 0.876601 0.001175 0.504389 0.863476 0.001186 0.504359 0.863493 0.001191 0.527090 0.849809 0.001195 0.527091 0.849808 0.001199 0.549527 0.835475 0.001201 0.549499 0.835494 0.001210 0.635213 0.772336 0.001208 0.614398 0.788995 0.001190 0.614445 0.788959 0.001190 0.593336 0.804954 0.001211 0.593242 0.805023 0.001208 0.571682 0.820475 0.001204 0.571727 0.820443 0.001188 0.571666 0.820485 0.001191 0.593299 0.804982 0.001212 0.593270 0.805003 0.001213 0.614473 0.788937 0.001214 0.614487 0.788926 0.001214 0.635187 0.772357 0.001207 0.635222 0.772328 0.001200 0.713664 0.700487 0.001202 0.694829 0.719174 0.001198 0.694828 0.719175 0.001200 0.675536 0.737326 0.001204 0.675512 0.737348 0.001206 0.655634 0.755078 0.001206 0.655628 0.755084 0.001209 0.655625 0.755086 0.001208 0.675532 0.737330 0.001210 0.675528 0.737333 0.001208 0.694818 0.719185 0.001202 0.694850 0.719154 0.001199 0.713703 0.700448 0.001205 0.713688 0.700463 0.001201 0.784143 0.620579 0.001207 0.767338 0.641242 0.001184 0.767364 0.641211 0.001191 0.750059 0.661370 0.001197 0.750031 0.661402 0.001201 0.732194 0.681095 0.001201 0.732195 0.681094 0.001195 0.732198 0.681091 0.001191 0.750033 0.661400 0.001193 0.750028 0.661405 0.001187 0.767353 0.641224 0.001184 0.767366 0.641208 0.001177 0.784120 0.620608 0.001179 0.784106 0.620626 0.001144 0.845633 0.533763 0.001156 0.831140 0.556062 0.001150 0.831145 0.556054 0.001159 0.816128 0.577871 0.001162 0.816116 0.577887 0.001171 0.800426 0.599430 0.001172 0.800423 0.599435 0.001173 0.800422 0.599436 0.001168 0.816113 0.577892 0.001161 0.816118 0.577884 0.001152 0.831158 0.556035 0.001155 0.831141 0.556060 0.001145 0.845639 0.533754 0.001145 0.845646 0.533743 0.001089 0.897577 0.440856 0.001103 0.885552 0.464538 0.001109 0.885547 0.464548 0.001122 0.872909 0.487882 0.001122 0.872907 0.487886 0.001132 0.859629 0.510917 0.001135 0.859610 0.510949 0.001126 0.859614 0.510943 0.001117 0.872901 0.487897 0.001117 0.872910 0.487880 0.001106 0.885566 0.464513 0.001113 0.885553 0.464538 0.001100 0.897576 0.440859 0.001098 0.897585 0.440840 0.001081 0.939391 0.342845 0.001097 0.929907 0.367793 0.001074 0.929932 0.367730 0.001089 0.919800 0.392386 0.001076 0.919827 0.392322 0.001090 0.909033 0.416724 0.001083 0.909050 0.416685 0.001068 0.909033 0.416724 0.001053 0.919795 0.392398 0.001045 0.919795 0.392398 0.001030 0.929919 0.367764 0.001040 0.929898 0.367817 0.001024 0.939399 0.342826 0.001040 0.939354 0.342948 0.000958 0.970487 0.241154 0.000976 0.963721 0.266909 0.000973 0.963722 0.266906 0.000991 0.956314 0.292341 0.000994 0.956308 0.292359 0.001012 0.948220 0.317611 0.001023 0.948191 0.317699 0.001058 0.948220 0.317613 0.001039 0.956308 0.292359 0.001017 0.956325 0.292304 0.000998 0.963717 0.266926 0.000987 0.963732 0.266871 0.000969 0.970490 0.241142 0.000966 0.970493 0.241128 0.000910 0.990634 0.136543 0.000929 0.986638 0.162926 0.000914 0.986644 0.162888 0.000935 0.981962 0.189077 0.000928 0.981969 0.189042 0.000949 0.976587 0.215123 0.000947 0.976591 0.215104 0.000941 0.976586 0.215123 0.000920 0.981960 0.189085 0.000916 0.981962 0.189074 0.000895 0.986638 0.162923 0.000897 0.986637 0.162932 0.000875 0.990635 0.136535 0.000885 0.990625 0.136605 0.000807 0.999535 0.030498 0.000831 0.998364 0.057174 0.000814 0.998366 0.057132 0.000838 0.996496 0.083640 0.000832 0.996498 0.083608 0.000854 0.993929 0.110021 0.000863 0.993922 0.110082 0.000883 0.993928 0.110027 0.000863 0.996496 0.083638 0.000840 0.996500 0.083587 0.000817 0.998364 0.057170 0.000811 0.998366 0.057140 0.000787 0.999535 0.030497 0.000792 0.999533 0.030536 0.000701 0.997115 -0.075906 0.000727 0.998784 -0.049285 0.000715 0.998783 -0.049316 0.000740 0.999741 -0.022766 0.000737 0.999740 -0.022784 0.000762 0.999993 0.003759 0.000767 0.999992 0.003802 0.000784 0.999993 0.003759 0.000758 0.999741 -0.022772 0.000745 0.999740 -0.022806 0.000720 0.998784 -0.049286 0.000714 0.998783 -0.049315 0.000688 0.997115 -0.075902 0.000691 0.997117 -0.075881 0.000594 0.983398 -0.181460 0.000622 0.987887 -0.155173 0.000609 0.987882 -0.155206 0.000636 0.991656 -0.128908 0.000633 0.991654 -0.128926 0.000659 0.994729 -0.102542 0.000664 0.994732 -0.102509 0.000677 0.994729 -0.102542 0.000649 0.991656 -0.128910 0.000637 0.991652 -0.128938 0.000610 0.987886 -0.155178 0.000606 0.987883 -0.155201 0.000578 0.983398 -0.181461 0.000582 0.983403 -0.181431 0.000479 0.958539 -0.284962 0.000510 0.965796 -0.259301 0.000492 0.965785 -0.259344 0.000521 0.972339 -0.233575 0.000519 0.972336 -0.233587 0.000547 0.978191 -0.207706 0.000553 0.978200 -0.207667 0.000565 0.978194 -0.207695 0.000536 0.972336 -0.233585 0.000527 0.972330 -0.233610 0.000498 0.965797 -0.259300 0.000491 0.965785 -0.259344 0.000461 0.958539 -0.284961 0.000466 0.958549 -0.284927 0.000348 0.922830 -0.385208 0.000378 0.932758 -0.360504 0.000372 0.932751 -0.360521 0.000403 0.941992 -0.335635 0.000402 0.941991 -0.335639 0.000432 0.950574 -0.310499 0.000436 0.950584 -0.310467 0.000447 0.950573 -0.310502 0.000419 0.941983 -0.335659 0.000413 0.941980 -0.335668 0.000384 0.932766 -0.360482 0.000375 0.932750 -0.360525 0.000344 0.922829 -0.385209 0.000345 0.922834 -0.385198 0.000216 0.876655 -0.481120 0.000247 0.889144 -0.457628 0.000249 0.889148 -0.457620 0.000280 0.900965 -0.433891 0.000284 0.900978 -0.433865 0.000315 0.912206 -0.409733 0.000314 0.912203 -0.409738 0.000321 0.912197 -0.409751 0.000290 0.900977 -0.433866 0.000287 0.900977 -0.433867 0.000256 0.889143 -0.457630 0.000253 0.889140 -0.457636 0.000222 0.876660 -0.481110 0.000220 0.876651 -0.481127 0.000072 0.820593 -0.571513 0.000105 0.835437 -0.549587 0.000122 0.835465 -0.549543 0.000153 0.849749 -0.527188 0.000157 0.849752 -0.527183 0.000188 0.863483 -0.504377 0.000188 0.863479 -0.504385 0.000188 0.863482 -0.504381 0.000156 0.849726 -0.527225 0.000166 0.849745 -0.527194 0.000135 0.835474 -0.549530 0.000127 0.835456 -0.549558 0.000094 0.820592 -0.571514 0.000089 0.820562 -0.571557 -0.000045 0.755159 -0.655541 -0.000014 0.772307 -0.635250 -0.000004 0.772315 -0.635240 0.000027 0.788876 -0.614552 0.000034 0.788892 -0.614532 0.000066 0.805012 -0.593259 0.000057 0.804971 -0.593314 0.000043 0.804991 -0.593287 0.000010 0.788899 -0.614522 0.000022 0.788918 -0.614499 -0.000011 0.772276 -0.635287 -0.000001 0.772312 -0.635244 -0.000032 0.755157 -0.655544 -0.000036 0.755148 -0.655554 -0.000194 0.681235 -0.732065 -0.000164 0.700410 -0.713741 -0.000137 0.700449 -0.713702 -0.000105 0.719061 -0.694947 -0.000096 0.719089 -0.694918 -0.000064 0.737369 -0.675490 -0.000067 0.737355 -0.675506 -0.000066 0.737339 -0.675523 -0.000092 0.719122 -0.694883 -0.000106 0.719104 -0.694903 -0.000137 0.700406 -0.713745 -0.000127 0.700434 -0.713718 -0.000158 0.681202 -0.732096 -0.000164 0.681181 -0.732115 -0.000318 0.599557 -0.800332 -0.000285 0.620518 -0.784192 -0.000252 0.620581 -0.784142 -0.000219 0.641167 -0.767402 -0.000222 0.641158 -0.767409 -0.000189 0.661435 -0.750003 -0.000196 0.661398 -0.750035 -0.000211 0.661429 -0.750008 -0.000244 0.641138 -0.767425 -0.000225 0.641166 -0.767402 -0.000256 0.620599 -0.784128 -0.000256 0.620596 -0.784130 -0.000287 0.599519 -0.800361 -0.000290 0.599500 -0.800375 -0.000418 0.511006 -0.859577 -0.000388 0.533732 -0.845654 -0.000386 0.533719 -0.845662 -0.000354 0.555944 -0.831220 -0.000342 0.556002 -0.831181 -0.000309 0.577940 -0.816079 -0.000321 0.577875 -0.816125 -0.000333 0.577895 -0.816111 -0.000363 0.555997 -0.831185 -0.000349 0.556019 -0.831169 -0.000379 0.533722 -0.845660 -0.000381 0.533719 -0.845662 -0.000411 0.511006 -0.859577 -0.000413 0.511011 -0.859574 -0.000537 0.416808 -0.908994 -0.000508 0.440802 -0.897604 -0.000508 0.440796 -0.897607 -0.000479 0.464487 -0.885580 -0.000478 0.464488 -0.885579 -0.000448 0.487872 -0.872915 -0.000443 0.487907 -0.872896 -0.000450 0.487923 -0.872887 -0.000480 0.464425 -0.885612 -0.000467 0.464460 -0.885594 -0.000496 0.440798 -0.897606 -0.000500 0.440783 -0.897613 -0.000529 0.416758 -0.909018 -0.000525 0.416790 -0.909003 -0.000648 0.317819 -0.948151 -0.000621 0.342859 -0.939387 -0.000609 0.342888 -0.939376 -0.000581 0.367772 -0.929916 -0.000585 0.367748 -0.929925 -0.000557 0.392317 -0.919830 -0.000554 0.392344 -0.919818 -0.000593 0.392423 -0.919785 -0.000620 0.367714 -0.929939 -0.000595 0.367776 -0.929914 -0.000623 0.342852 -0.939389 -0.000614 0.342898 -0.939373 -0.000642 0.317811 -0.948154 -0.000643 0.317789 -0.948161 -0.000754 0.215232 -0.976563 -0.000729 0.241071 -0.970507 -0.000704 0.241125 -0.970494 -0.000679 0.266842 -0.963740 -0.000695 0.266753 -0.963765 -0.000669 0.292324 -0.956319 -0.000671 0.292316 -0.956322 -0.000652 0.292272 -0.956335 -0.000678 0.266839 -0.963741 -0.000703 0.266757 -0.963763 -0.000729 0.241130 -0.970492 -0.000721 0.241167 -0.970483 -0.000746 0.215223 -0.976565 -0.000749 0.215213 -0.976567 -0.000826 0.110225 -0.993906 -0.000803 0.136597 -0.990626 -0.000828 0.136551 -0.990633 -0.000805 0.162827 -0.986654 -0.000796 0.162883 -0.986645 -0.000772 0.189024 -0.981972 -0.000773 0.189006 -0.981976 -0.000754 0.188961 -0.981984 -0.000779 0.162834 -0.986653 -0.000779 0.162827 -0.986654 -0.000803 0.136617 -0.990624 -0.000819 0.136508 -0.990639 -0.000843 0.110223 -0.993907 -0.000838 0.110247 -0.993904 -0.000938 0.003911 -0.999992 -0.000917 0.030535 -0.999533 -0.000917 0.030521 -0.999534 -0.000896 0.057014 -0.998373 -0.000887 0.057054 -0.998371 -0.000865 0.083555 -0.996503 -0.000861 0.083592 -0.996500 -0.000874 0.083636 -0.996496 -0.000896 0.057003 -0.998374 -0.000883 0.057028 -0.998372 -0.000905 0.030521 -0.999534 -0.000909 0.030507 -0.999534 -0.000929 0.003920 -0.999992 -0.000932 0.003884 -0.999992 -0.000989 -0.102390 -0.994744 -0.000971 -0.075878 -0.997117 -0.000996 -0.075956 -0.997111 -0.000977 -0.049394 -0.998779 -0.000969 -0.049353 -0.998781 -0.000950 -0.022821 -0.999739 -0.000952 -0.022826 -0.999739 -0.000958 -0.022813 -0.999739 -0.000978 -0.049328 -0.998782 -0.000977 -0.049327 -0.998782 -0.000996 -0.075942 -0.997112 -0.000996 -0.075946 -0.997111 -0.001014 -0.102402 -0.994743 -0.001008 -0.102345 -0.994748 -0.001052 -0.207602 -0.978213 -0.001037 -0.181368 -0.983415 -0.001064 -0.181455 -0.983399 -0.001048 -0.155287 -0.987869 -0.001048 -0.155282 -0.987870 -0.001032 -0.128988 -0.991646 -0.001025 -0.128932 -0.991653 -0.001006 -0.128991 -0.991645 -0.001023 -0.155214 -0.987880 -0.001048 -0.155288 -0.987869 -0.001064 -0.181455 -0.983399 -0.001064 -0.181439 -0.983402 -0.001079 -0.207661 -0.978200 -0.001067 -0.207566 -0.978220 -0.001131 -0.310323 -0.950631 -0.001120 -0.284982 -0.958532 -0.001107 -0.284951 -0.958541 -0.001095 -0.259405 -0.965768 -0.001098 -0.259444 -0.965758 -0.001085 -0.233602 -0.972332 -0.001081 -0.233561 -0.972341 -0.001068 -0.233600 -0.972332 -0.001083 -0.259404 -0.965768 -0.001094 -0.259443 -0.965758 -0.001108 -0.284873 -0.958565 -0.001120 -0.284921 -0.958550 -0.001133 -0.310442 -0.950592 -0.001119 -0.310346 -0.950623 -0.001172 -0.409587 -0.912271 -0.001164 -0.385227 -0.922821 -0.001153 -0.385191 -0.922836 -0.001142 -0.360621 -0.932712 -0.001146 -0.360639 -0.932705 -0.001134 -0.335668 -0.941980 -0.001131 -0.335644 -0.941988 -0.001117 -0.335673 -0.941978 -0.001127 -0.360610 -0.932716 -0.001139 -0.360643 -0.932703 -0.001150 -0.385215 -0.922826 -0.001145 -0.385198 -0.922833 -0.001156 -0.409592 -0.912268 -0.001160 -0.409612 -0.912259 -0.001201 -0.504288 -0.863535 -0.001190 -0.481143 -0.876641 -0.001183 -0.481117 -0.876656 -0.001176 -0.457661 -0.889126 -0.001179 -0.457685 -0.889114 -0.001172 -0.433942 -0.900940 -0.001167 -0.433921 -0.900950 -0.001208 -0.433850 -0.900985 -0.001207 -0.457717 -0.889097 -0.001185 -0.457668 -0.889122 -0.001193 -0.481195 -0.876613 -0.001176 -0.481122 -0.876653 -0.001182 -0.504283 -0.863538 -0.001187 -0.504314 -0.863520 -0.001193 -0.593202 -0.805053 -0.001193 -0.571609 -0.820525 -0.001198 -0.571625 -0.820514 -0.001195 -0.549620 -0.835414 -0.001199 -0.549623 -0.835412 -0.001193 -0.527165 -0.849762 -0.001192 -0.527149 -0.849772 -0.001223 -0.527085 -0.849812 -0.001234 -0.549656 -0.835390 -0.001205 -0.549611 -0.835420 -0.001208 -0.571607 -0.820527 -0.001208 -0.571615 -0.820522 -0.001210 -0.593201 -0.805053 -0.001206 -0.593167 -0.805079 -0.001209 -0.675437 -0.737417 -0.001217 -0.655574 -0.755130 -0.001201 -0.655549 -0.755151 -0.001202 -0.635278 -0.772283 -0.001211 -0.635314 -0.772253 -0.001211 -0.614549 -0.788878 -0.001208 -0.614527 -0.788895 -0.001193 -0.614552 -0.788875 -0.001193 -0.635272 -0.772288 -0.001211 -0.635316 -0.772251 -0.001210 -0.655573 -0.755131 -0.001204 -0.655539 -0.755161 -0.001205 -0.675441 -0.737413 -0.001205 -0.675452 -0.737403 -0.001177 -0.750024 -0.661409 -0.001183 -0.732084 -0.681214 -0.001199 -0.732113 -0.681182 -0.001205 -0.713800 -0.700348 -0.001198 -0.713780 -0.700369 -0.001203 -0.694886 -0.719118 -0.001202 -0.694890 -0.719115 -0.001207 -0.694889 -0.719116 -0.001203 -0.713774 -0.700375 -0.001203 -0.713773 -0.700377 -0.001200 -0.732141 -0.681152 -0.001195 -0.732122 -0.681172 -0.001188 -0.749965 -0.661477 -0.001196 -0.749992 -0.661446 -0.001161 -0.816036 -0.577999 -0.001166 -0.800354 -0.599527 -0.001186 -0.800387 -0.599483 -0.001193 -0.784205 -0.620501 -0.001177 -0.784166 -0.620550 -0.001185 -0.767383 -0.641187 -0.001190 -0.767404 -0.641162 -0.001187 -0.767409 -0.641157 -0.001180 -0.784212 -0.620492 -0.001169 -0.784187 -0.620523 -0.001156 -0.800381 -0.599491 -0.001166 -0.800407 -0.599456 -0.001161 -0.816037 -0.577998 -0.001160 -0.816032 -0.578006 -0.001125 -0.872842 -0.488002 -0.001146 -0.859564 -0.511028 -0.001138 -0.859554 -0.511043 -0.001146 -0.845713 -0.533636 -0.001141 -0.845700 -0.533657 -0.001152 -0.831206 -0.555963 -0.001150 -0.831200 -0.555972 -0.001160 -0.831183 -0.555998 -0.001159 -0.845699 -0.533658 -0.001147 -0.845692 -0.533669 -0.001139 -0.859576 -0.511007 -0.001131 -0.859561 -0.511032 -0.001120 -0.872861 -0.487967 -0.001119 -0.872855 -0.487978 -0.001057 -0.919798 -0.392392 -0.001078 -0.909011 -0.416770 -0.001075 -0.909012 -0.416768 -0.001088 -0.897626 -0.440756 -0.001094 -0.897638 -0.440732 -0.001109 -0.885589 -0.464469 -0.001106 -0.885600 -0.464448 -0.001126 -0.885578 -0.464490 -0.001105 -0.897623 -0.440763 -0.001108 -0.897623 -0.440763 -0.001091 -0.909012 -0.416770 -0.001087 -0.908996 -0.416804 -0.001073 -0.919795 -0.392396 -0.001070 -0.919790 -0.392410 -0.001002 -0.956280 -0.292451 -0.001024 -0.948161 -0.317788 -0.001021 -0.948160 -0.317791 -0.001037 -0.939394 -0.342837 -0.001045 -0.939402 -0.342816 -0.001057 -0.929951 -0.367681 -0.001056 -0.929940 -0.367709 -0.001032 -0.929954 -0.367674 -0.001024 -0.939394 -0.342839 -0.001034 -0.939408 -0.342800 -0.001024 -0.948157 -0.317801 -0.001021 -0.948161 -0.317790 -0.001005 -0.956280 -0.292449 -0.001005 -0.956279 -0.292456 -0.000904 -0.981962 -0.189075 -0.000922 -0.976564 -0.215225 -0.000942 -0.976573 -0.215183 -0.000963 -0.970511 -0.241057 -0.000965 -0.970515 -0.241037 -0.000984 -0.963757 -0.266780 -0.000986 -0.963761 -0.266767 -0.000991 -0.963756 -0.266784 -0.000976 -0.970513 -0.241049 -0.000972 -0.970512 -0.241050 -0.000953 -0.976566 -0.215215 -0.000952 -0.976568 -0.215208 -0.000930 -0.981960 -0.189086 -0.000928 -0.981951 -0.189136 -0.000814 -0.996497 -0.083629 -0.000841 -0.993907 -0.110220 -0.000856 -0.993912 -0.110172 -0.000878 -0.990633 -0.136551 -0.000887 -0.990637 -0.136521 -0.000910 -0.986659 -0.162799 -0.000906 -0.986655 -0.162820 -0.000899 -0.986661 -0.162789 -0.000875 -0.990632 -0.136559 -0.000888 -0.990637 -0.136521 -0.000864 -0.993907 -0.110219 -0.000870 -0.993909 -0.110200 -0.000846 -0.996496 -0.083636 -0.000839 -0.996492 -0.083688 -0.000729 -0.999741 0.022732 -0.000759 -0.999992 -0.003953 -0.000771 -0.999992 -0.003908 -0.000793 -0.999535 -0.030474 -0.000800 -0.999536 -0.030454 -0.000824 -0.998376 -0.056967 -0.000816 -0.998373 -0.057022 -0.000792 -0.998376 -0.056964 -0.000759 -0.999535 -0.030483 -0.000792 -0.999537 -0.030430 -0.000763 -0.999992 -0.003945 -0.000773 -0.999992 -0.003910 -0.000747 -0.999742 0.022723 -0.000743 -0.999742 0.022695 -0.000618 -0.991658 0.128894 -0.000644 -0.994746 0.102371 -0.000662 -0.994742 0.102413 -0.000692 -0.997112 0.075938 -0.000694 -0.997110 0.075967 -0.000720 -0.998777 0.049446 -0.000716 -0.998778 0.049427 -0.000708 -0.998776 0.049456 -0.000685 -0.997113 0.075935 -0.000691 -0.997110 0.075970 -0.000668 -0.994746 0.102370 -0.000670 -0.994744 0.102392 -0.000643 -0.991659 0.128887 -0.000639 -0.991664 0.128847 -0.000521 -0.972357 0.233500 -0.000563 -0.978231 0.207520 -0.000563 -0.978227 0.207537 -0.000593 -0.983385 0.181533 -0.000589 -0.983388 0.181517 -0.000618 -0.987859 0.155354 -0.000612 -0.987866 0.155310 -0.000584 -0.987856 0.155371 -0.000563 -0.983387 0.181522 -0.000569 -0.983380 0.181557 -0.000549 -0.978232 0.207516 -0.000552 -0.978221 0.207565 -0.000525 -0.972352 0.233518 -0.000525 -0.972355 0.233509 -0.000405 -0.942024 0.335546 -0.000427 -0.950622 0.310350 -0.000439 -0.950619 0.310362 -0.000464 -0.958515 0.285042 -0.000469 -0.958520 0.285025 -0.000493 -0.965760 0.259438 -0.000495 -0.965758 0.259444 -0.000502 -0.965762 0.259431 -0.000468 -0.958520 0.285025 -0.000466 -0.958522 0.285019 -0.000434 -0.950614 0.310376 -0.000437 -0.950618 0.310365 -0.000405 -0.942014 0.335572 -0.000402 -0.942025 0.335542 -0.000312 -0.901048 0.433719 -0.000332 -0.912231 0.409676 -0.000319 -0.912242 0.409651 -0.000353 -0.922787 0.385309 -0.000347 -0.922794 0.385293 -0.000373 -0.932712 0.360623 -0.000374 -0.932723 0.360595 -0.000358 -0.932711 0.360624 -0.000325 -0.922797 0.385287 -0.000338 -0.922789 0.385306 -0.000305 -0.912246 0.409644 -0.000314 -0.912236 0.409666 -0.000281 -0.901019 0.433779 -0.000279 -0.901016 0.433787 -0.000162 -0.849817 0.527078 -0.000197 -0.863515 0.504324 -0.000184 -0.863521 0.504312 -0.000220 -0.876607 0.481208 -0.000216 -0.876604 0.481212 -0.000249 -0.889100 0.457713 -0.000249 -0.889103 0.457707 -0.000273 -0.889120 0.457673 -0.000231 -0.876582 0.481252 -0.000220 -0.876606 0.481208 -0.000186 -0.863523 0.504310 -0.000187 -0.863526 0.504305 -0.000154 -0.849834 0.527050 -0.000159 -0.849813 0.527085 -0.000032 -0.788954 0.614453 -0.000061 -0.805041 0.593219 -0.000053 -0.805043 0.593216 -0.000085 -0.820469 0.571691 -0.000090 -0.820474 0.571685 -0.000122 -0.835425 0.549604 -0.000128 -0.835403 0.549637 -0.000131 -0.835401 0.549641 -0.000102 -0.820505 0.571639 -0.000102 -0.820481 0.571673 -0.000071 -0.805011 0.593259 -0.000062 -0.805049 0.593208 -0.000028 -0.788991 0.614405 -0.000033 -0.788964 0.614439 0.000084 -0.719233 0.694769 0.000044 -0.737391 0.675466 0.000065 -0.737413 0.675442 0.000029 -0.755060 0.655656 0.000037 -0.755085 0.655627 0.000005 -0.772289 0.635271 -0.000001 -0.772258 0.635309 -0.000017 -0.772287 0.635274 0.000014 -0.755033 0.655687 0.000041 -0.755079 0.655634 0.000073 -0.737397 0.675459 0.000073 -0.737396 0.675461 0.000107 -0.719225 0.694778 0.000099 -0.719192 0.694811 0.000224 -0.641299 0.767291 0.000193 -0.661417 0.750019 0.000192 -0.661416 0.750019 0.000159 -0.681080 0.732209 0.000173 -0.681126 0.732166 0.000140 -0.700366 0.713784 0.000132 -0.700322 0.713827 0.000093 -0.700391 0.713760 0.000122 -0.681072 0.732216 0.000160 -0.681154 0.732140 0.000192 -0.661382 0.750049 0.000198 -0.661406 0.750028 0.000230 -0.641296 0.767294 0.000227 -0.641286 0.767302 0.000385 -0.556042 0.831154 0.000349 -0.577972 0.816056 0.000331 -0.577935 0.816083 0.000300 -0.599430 0.800427 0.000300 -0.599402 0.800449 0.000268 -0.620572 0.784150 0.000259 -0.620526 0.784186 0.000232 -0.620580 0.784143 0.000268 -0.599410 0.800442 0.000280 -0.599439 0.800420 0.000314 -0.577966 0.816061 0.000310 -0.577975 0.816054 0.000343 -0.556030 0.831162 0.000351 -0.556115 0.831105 0.000452 -0.464618 0.885511 0.000420 -0.487971 0.872860 0.000424 -0.488001 0.872843 0.000395 -0.510902 0.859639 0.000417 -0.511000 0.859581 0.000387 -0.533618 0.845725 0.000382 -0.533592 0.845742 0.000366 -0.533622 0.845723 0.000397 -0.510910 0.859634 0.000433 -0.510965 0.859602 0.000464 -0.487974 0.872858 0.000450 -0.487928 0.872884 0.000481 -0.464656 0.885491 0.000466 -0.464564 0.885539 0.000621 -0.367758 0.929921 0.000588 -0.392376 0.919805 0.000569 -0.392340 0.919820 0.000540 -0.416755 0.909018 0.000539 -0.416770 0.909012 0.000510 -0.440760 0.897625 0.000496 -0.440675 0.897667 0.000454 -0.440752 0.897629 0.000480 -0.416698 0.909045 0.000523 -0.416805 0.908996 0.000553 -0.392386 0.919801 0.000549 -0.392359 0.919812 0.000577 -0.367732 0.929932 0.000588 -0.367823 0.929896 0.000703 -0.266842 0.963740 0.000676 -0.292475 0.956273 0.000664 -0.292434 0.956286 0.000635 -0.317754 0.948173 0.000641 -0.317738 0.948178 0.000613 -0.342783 0.939415 0.000616 -0.342789 0.939412 0.000600 -0.342841 0.939393 0.000625 -0.317670 0.948201 0.000651 -0.317729 0.948181 0.000678 -0.292411 0.956293 0.000676 -0.292414 0.956292 0.000703 -0.266905 0.963723 0.000697 -0.266882 0.963729 0.000805 -0.162954 0.986633 0.000780 -0.189127 0.981952 0.000767 -0.189092 0.981959 0.000741 -0.215097 0.976592 0.000747 -0.215094 0.976593 0.000721 -0.241029 0.970518 0.000723 -0.241051 0.970512 0.000729 -0.241007 0.970523 0.000755 -0.215156 0.976580 0.000742 -0.215122 0.976587 0.000766 -0.189090 0.981959 0.000771 -0.189081 0.981961 0.000795 -0.162945 0.986635 0.000797 -0.162974 0.986630 0.000896 -0.057089 0.998369 0.000874 -0.083688 0.996492 0.000861 -0.083684 0.996492 0.000839 -0.110124 0.993918 0.000843 -0.110112 0.993919 0.000819 -0.136493 0.990641 0.000822 -0.136497 0.990640 0.000828 -0.136474 0.990643 0.000851 -0.110127 0.993917 0.000851 -0.110150 0.993915 0.000874 -0.083684 0.996492 0.000865 -0.083647 0.996495 0.000887 -0.057085 0.998369 0.000889 -0.057113 0.998367 0.000978 0.049266 0.998785 0.000958 0.022644 0.999743 0.000945 0.022670 0.999743 0.000925 -0.003769 0.999992 0.000930 -0.003796 0.999992 0.000909 -0.030434 0.999536 0.000911 -0.030471 0.999535 0.000917 -0.030418 0.999537 0.000938 -0.003851 0.999992 0.000925 -0.003796 0.999992 0.000945 0.022724 0.999741 0.000950 0.022688 0.999742 0.000969 0.049336 0.998782 0.000977 0.049265 0.998785 0.001024 0.155109 0.987897 0.001007 0.128867 0.991661 0.001019 0.128836 0.991665 0.001002 0.102504 0.994732 0.001006 0.102467 0.994736 0.000988 0.076059 0.997103 0.000996 0.076015 0.997106 0.000996 0.075991 0.997108 0.001014 0.102455 0.994737 0.001002 0.102476 0.994735 0.001019 0.128861 0.991662 0.001023 0.128842 0.991665 0.001040 0.155196 0.987883 0.001042 0.155153 0.987890 0.001108 0.259412 0.965766 0.001093 0.233514 0.972353 0.001094 0.233510 0.972354 0.001079 0.207612 0.978211 0.001071 0.207644 0.978204 0.001056 0.181592 0.983374 0.001058 0.181576 0.983376 0.001038 0.181554 0.983380 0.001054 0.207670 0.978198 0.001066 0.207638 0.978205 0.001081 0.233586 0.972336 0.001093 0.233515 0.972352 0.001107 0.259286 0.965800 0.001094 0.259354 0.965782 0.999999 -0.000801 -0.000919 0.999999 -0.000710 -0.000954 0.999999 -0.000747 -0.000941 0.999999 -0.000833 -0.000912 0.999999 -0.000801 -0.000920 0.999999 -0.000710 -0.000954 0.999999 -0.000875 -0.000895 0.999999 -0.000608 -0.000984 0.999999 -0.000887 -0.000887 0.999999 -0.000613 -0.000991 0.999999 -0.000811 -0.000920 0.999999 -0.000765 -0.000935 0.999999 -0.000744 -0.000945 0.999999 -0.000877 -0.000894 0.999999 -0.000685 -0.000963 0.999999 -0.000825 -0.000915 0.999999 -0.000666 -0.000972 0.999999 -0.000815 -0.000915 0.999999 -0.000698 -0.000957 0.999999 -0.000773 -0.000932 0.999999 -0.000767 -0.000932 0.999999 -0.000655 -0.000974 0.999999 -0.000983 -0.000854 0.999999 -0.000716 -0.000948 0.999999 -0.000807 -0.000917 0.999999 -0.000728 -0.000947 0.999999 -0.000730 -0.000946 0.999999 -0.000899 -0.000886 0.999999 -0.000762 -0.000934 0.999999 -0.000776 -0.000941 0.999999 -0.000778 -0.000942 0.999999 -0.000768 -0.000937 0.999999 -0.000747 -0.000923 0.999999 -0.000758 -0.000937 0.999999 -0.000865 -0.000896 0.999999 -0.000684 -0.000961 0.999999 -0.000764 -0.000934 0.999999 -0.000743 -0.000943 0.999999 -0.000830 -0.000910 0.999999 -0.000684 -0.000961 0.999999 -0.000774 -0.000932 0.999999 -0.000762 -0.000935 0.999999 -0.000677 -0.000968 0.999999 -0.000876 -0.000896 0.999999 -0.000729 -0.000946 0.999999 -0.000819 -0.000912 0.999999 -0.000709 -0.000955 0.999999 -0.000807 -0.000919 0.999999 -0.000719 -0.000950 0.999999 -0.000806 -0.000918 0.999999 -0.000727 -0.000948 0.999999 -0.000834 -0.000908 0.999999 -0.000699 -0.000956 0.999999 -0.000764 -0.000935 0.999999 -0.000772 -0.000959 0.999999 -0.000757 -0.000911 0.999999 -0.000761 -0.000926 0.999999 -0.000765 -0.000942 0.999999 -0.000758 -0.000961 0.999999 -0.000772 -0.000906 0.999999 -0.000764 -0.000931 0.999999 -0.000761 -0.000942 0.999999 -0.000773 -0.000890 0.999999 -0.000761 -0.000945 0.999999 -0.000755 -0.000969 0.999999 -0.000746 -0.001006 0.999999 -0.000768 -0.000912 0.999999 -0.000759 -0.000967 0.999999 -0.000764 -0.000942 0.999999 -0.000772 -0.000904 0.999999 -0.000764 -0.000952 0.999999 -0.000763 -0.000956 0.999999 -0.000764 -0.000946 0.999999 -0.000767 -0.000921 0.999999 -0.000770 -0.000987 0.999999 -0.000762 -0.000891 0.999999 -0.000766 -0.000959 0.999999 -0.000764 -0.000883 0.999999 -0.000756 -0.000857 0.999999 -0.000767 -0.000974 0.999999 -0.000759 -0.000883 0.999999 -0.000767 -0.000985 0.999999 -0.000768 -0.000952 0.999999 -0.000765 -0.000934 0.999999 -0.000765 -0.000934 0.999999 -0.000762 -0.000904 0.999999 -0.000763 -0.000929 0.999999 -0.000766 -0.000940 0.999999 -0.000761 -0.000921 0.999999 -0.000765 -0.000937 0.999999 -0.000758 -0.000920 0.999999 -0.000774 -0.000957 0.999999 -0.000772 -0.000952 0.999999 -0.000754 -0.000902 0.999999 -0.000770 -0.000945 0.999999 -0.000734 -0.000865 0.999999 -0.000742 -0.000883 0.999999 -0.000773 -0.000958 0.999999 -0.000781 -0.000966 0.999999 -0.000753 -0.000912 0.999999 -0.000756 -0.000918 0.999999 -0.000767 -0.000942 0.999999 -0.000784 -0.000963 0.999999 -0.000757 -0.000923 0.999999 -0.000759 -0.000927 0.999999 -0.000762 -0.000932 0.999999 -0.000797 -0.000978 0.999999 -0.000759 -0.000928 0.999999 -0.000809 -0.000999 0.999999 -0.000717 -0.000863 0.999999 -0.000743 -0.000909 0.999999 -0.000752 -0.000919 0.999999 -0.000792 -0.000971 0.999999 -0.000746 -0.000908 0.999999 -0.000760 -0.000930 0.999999 -0.000767 -0.000937 0.999999 -0.000776 -0.000947 0.999999 -0.000765 -0.000934 0.999999 -0.000739 -0.000916 0.999999 -0.000797 -0.000959 0.999999 -0.000754 -0.000925 0.999999 -0.000763 -0.000933 1.000000 -0.000705 -0.000892 0.999999 -0.000818 -0.000973 0.999999 -0.000764 -0.000934 0.999999 -0.000724 -0.000904 0.999999 -0.000742 -0.000921 0.999999 -0.000800 -0.000958 0.999999 -0.000751 -0.000925 0.999999 -0.000759 -0.000930 0.999999 -0.000763 -0.000934 0.999999 -0.000750 -0.000906 0.999999 -0.000751 -0.000908 0.999999 -0.000769 -0.000951 0.999999 -0.000772 -0.000957 0.999999 -0.000822 -0.001045 1.000000 -0.000721 -0.000848 0.999999 -0.000784 -0.000972 0.999999 -0.000757 -0.000916 0.999999 -0.000790 -0.000977 0.999999 -0.000745 -0.000901 0.999999 -0.000766 -0.000940 0.999999 -0.000786 -0.000981 0.999999 -0.000789 -0.000963 0.999999 -0.000733 -0.000896 0.999999 -0.000794 -0.000976 0.999999 -0.000733 -0.000890 0.999999 -0.000816 -0.000993 0.999999 -0.000722 -0.000888 0.999999 -0.000757 -0.000927 0.999999 -0.000767 -0.000941 0.999999 -0.000810 -0.000975 0.999999 -0.000744 -0.000915 0.999999 -0.000768 -0.000940 0.999999 -0.000752 -0.000921 0.999999 -0.000772 -0.000944 0.999999 -0.000735 -0.000913 0.999999 -0.000860 -0.001024 0.999999 -0.000749 -0.000921 0.999999 -0.000746 -0.000921 0.999999 -0.000753 -0.000925 0.999999 -0.000762 -0.000932 0.999999 -0.000756 -0.000927 0.999999 -0.000689 -0.000889 0.999999 -0.000756 -0.000928 0.999999 -0.000716 -0.000904 0.999999 -0.000806 -0.000965 0.999999 -0.000785 -0.000944 0.999999 -0.000740 -0.000926 0.999999 -0.000813 -0.000964 0.999999 -0.000755 -0.000927 0.999999 -0.000828 -0.000956 0.999999 -0.000696 -0.000914 0.999999 -0.000847 -0.000969 0.999999 -0.000718 -0.000915 0.999999 -0.000747 -0.000931 0.999999 -0.000768 -0.000932 0.999999 -0.000721 -0.000922 0.999999 -0.000763 -0.000937 0.999999 -0.000751 -0.000930 0.999999 -0.000782 -0.000930 0.999999 -0.000735 -0.000928 0.999999 -0.000706 -0.000925 0.999999 -0.000708 -0.000962 0.999999 -0.000771 -0.000940 0.999999 -0.000758 -0.000942 0.999999 -0.000813 -0.000941 0.999999 -0.000862 -0.000876 0.999999 -0.000816 -0.000899 0.999999 -0.000698 -0.000949 0.999999 -0.000773 -0.000923 0.999999 -0.000844 -0.000902 0.999999 -0.000692 -0.000935 0.999999 -0.000766 -0.000924 0.999999 -0.000761 -0.000925 0.999999 -0.000929 -0.000867 0.999999 -0.000729 -0.000945 0.999999 -0.000731 -0.000944 0.999999 -0.000699 -0.000955 0.999999 -0.000718 -0.000953 0.999999 -0.000819 -0.000915 0.999999 -0.000749 -0.000940 0.999999 -0.000850 -0.000905 0.999999 -0.000762 -0.000935 0.999999 -0.000860 -0.000898 0.999999 -0.000743 -0.000940 0.999999 -0.000685 -0.000960 0.999999 -0.000743 -0.000943 0.999999 -0.000694 -0.000961 0.999999 -0.000877 -0.000896 0.999999 -0.000722 -0.000948 0.999999 -0.000801 -0.000920 0.999999 -0.000780 -0.000927 0.999999 -0.000726 -0.000946 0.999999 -0.000849 -0.000906 0.999999 -0.000718 -0.000951 0.999999 -0.000793 -0.000922 0.999999 -0.000789 -0.000924 0.999999 -0.000787 -0.000925 0.999999 -0.000718 -0.000951 0.999999 -0.000793 -0.000923 0.999999 -0.000746 -0.000939 0.999999 -0.000832 -0.000911 0.999999 -0.000629 -0.000986 0.999999 -0.000865 -0.000897 0.999999 -0.000810 -0.000916 0.999999 -0.000721 -0.000945 0.999999 -0.000741 -0.000940 0.999999 -0.000692 -0.000959 0.999999 -0.000684 -0.000961 0.999999 -0.000927 -0.000880 0.999999 -0.000859 -0.000897 0.999999 -0.000769 -0.000931 0.999999 -0.000787 -0.000924 0.999999 -0.000773 -0.000929 0.999999 -0.000718 -0.000953 0.999999 -0.000819 -0.000914 0.999999 -0.000691 -0.000961 0.999999 -0.000722 -0.000950 0.999999 -0.000806 -0.000917 0.999999 -0.000783 -0.000927 0.999999 -0.000678 -0.000965 0.999999 -0.000699 -0.000959 0.999999 -0.000763 -0.000935 0.999999 -0.000771 -0.000951 0.999999 -0.000752 -0.000904 0.999999 -0.000771 -0.000957 0.999999 -0.000756 -0.000912 0.999999 -0.000755 -0.000992 0.999999 -0.000771 -0.000903 0.999999 -0.000766 -0.000928 0.999999 -0.000767 -0.000922 0.999999 -0.000770 -0.000889 0.999999 -0.000761 -0.000946 0.999999 -0.000772 -0.000881 0.999999 -0.000749 -0.001006 0.999999 -0.000764 -0.000947 0.999999 -0.000766 -0.000920 0.999999 -0.000765 -0.000927 0.999999 -0.000769 -0.000903 0.999999 -0.000764 -0.000944 0.999999 -0.000764 -0.000946 0.999999 -0.000764 -0.000935 0.999999 -0.000764 -0.000941 0.999999 -0.000764 -0.000936 0.999999 -0.000764 -0.000936 0.999999 -0.000763 -0.000921 0.999999 -0.000763 -0.000925 0.999999 -0.000751 -0.000858 0.999999 -0.000770 -0.000973 0.999999 -0.000756 -0.000884 0.999999 -0.000782 -0.001073 0.999999 -0.000766 -0.000939 0.999999 -0.000765 -0.000935 0.999999 -0.000759 -0.000902 0.999999 -0.000769 -0.000968 0.999999 -0.000767 -0.000937 0.999999 -0.000759 -0.000916 0.999999 -0.000758 -0.000912 0.999999 -0.000766 -0.000942 1.000000 -0.000737 -0.000861 0.999999 -0.000738 -0.000865 0.999999 -0.000805 -0.001049 0.999999 -0.000758 -0.000915 0.999999 -0.000772 -0.000949 0.999999 -0.000754 -0.000910 0.999999 -0.000776 -0.000963 0.999999 -0.000763 -0.000928 0.999999 -0.000760 -0.000928 0.999999 -0.000778 -0.000959 0.999999 -0.000773 -0.000949 0.999999 -0.000754 -0.000913 0.999999 -0.000753 -0.000921 0.999999 -0.000773 -0.000946 0.999999 -0.000765 -0.000935 0.999999 -0.000758 -0.000925 0.999999 -0.000713 -0.000874 0.999999 -0.000758 -0.000928 0.999999 -0.000812 -0.000995 0.999999 -0.000740 -0.000904 0.999999 -0.000766 -0.000936 0.999999 -0.000763 -0.000934 0.999999 -0.000762 -0.000933 0.999999 -0.000763 -0.000933 0.999999 -0.000742 -0.000916 0.999999 -0.000749 -0.000922 0.999999 -0.000758 -0.000929 0.999999 -0.000780 -0.000951 0.999999 -0.000766 -0.000936 0.999999 -0.000771 -0.000939 0.999999 -0.000777 -0.000944 0.999999 -0.000773 -0.000940 0.999999 -0.000779 -0.000943 0.999999 -0.000707 -0.000899 0.999999 -0.000838 -0.000983 0.999999 -0.000723 -0.000907 0.999999 -0.000759 -0.000935 0.999999 -0.000774 -0.000926 0.999999 -0.000761 -0.000931 0.999999 -0.000796 -0.000924 0.999999 -0.000725 -0.000968 0.999999 -0.000789 -0.000914 0.999999 -0.000749 -0.000944 0.999999 -0.000822 -0.000898 0.999999 -0.000741 -0.000941 0.999999 -0.000695 -0.000962 0.999999 -0.000781 -0.000930 0.999999 -0.000826 -0.000915 0.999999 -0.000778 -0.000912 0.999999 -0.000742 -0.000946 0.999999 -0.000784 -0.000918 0.999999 -0.000741 -0.000937 0.999999 -0.000709 -0.001001 0.999999 -0.000825 -0.000868 0.999999 -0.000786 -0.000908 0.999999 -0.000735 -0.000956 0.999999 -0.000743 -0.000980 0.999999 -0.000776 -0.000915 0.999999 -0.000747 -0.000958 0.999999 -0.000793 -0.000907 0.999999 -0.000761 -0.000933 0.999999 -0.000773 -0.000904 0.999999 -0.000742 -0.000967 0.999999 -0.000700 -0.001046 0.999999 -0.000773 -0.000916 0.999999 -0.000773 -0.000915 0.999999 -0.000767 -0.000932 0.999999 -0.000767 -0.000932 0.999999 -0.000783 -0.000858 0.999999 -0.000759 -0.000976 0.999999 -0.000793 -0.000832 0.999999 -0.000750 -0.000991 0.999999 -0.000762 -0.000955 0.999999 -0.000762 -0.000954 0.999999 -0.000762 -0.000953 0.999999 -0.000767 -0.000934 0.999999 -0.000764 -0.000900 0.999999 -0.000764 -0.000901 0.999999 -0.000747 -0.001122 0.999999 -0.000773 -0.000857 0.999999 -0.000767 -0.000963 0.999999 -0.000766 -0.000939 0.999999 -0.000766 -0.000938 0.999999 -0.000768 -0.000897 0.999999 -0.000761 -0.000896 0.999999 -0.000759 -0.000871 0.999999 -0.000768 -0.001034 0.999999 -0.000760 -0.000823 0.999999 -0.000764 -0.000931 0.999999 -0.000763 -0.000927 0.999999 -0.000765 -0.000945 0.999999 -0.000761 -0.000882 0.999999 -0.000781 -0.000990 0.999999 -0.000747 -0.000879 0.999999 -0.000763 -0.000937 0.999999 -0.000777 -0.000996 0.999999 -0.000786 -0.001001 0.999999 -0.000755 -0.000910 0.999999 -0.000781 -0.000990 0.999999 -0.000744 -0.000870 0.999999 -0.000883 -0.000860 0.999999 -0.000741 -0.000953 0.999999 -0.000731 -0.000960 0.999999 -0.000727 -0.000962 0.999999 -0.000806 -0.000930 0.999999 -0.000927 -0.000891 0.999999 -0.000653 -0.000959 0.999999 -0.000744 -0.000942 0.999999 -0.000784 -0.000918 0.999999 -0.000759 -0.000939 0.999999 -0.000760 -0.000938 0.999999 -0.000747 -0.000942 0.999999 -0.000812 -0.000887 0.999999 -0.000747 -0.000951 0.999999 -0.000710 -0.000984 0.999999 -0.000813 -0.000905 0.999999 -0.000757 -0.000943 0.999999 -0.000757 -0.000943 0.999999 -0.000736 -0.000970 0.999999 -0.000786 -0.000924 0.999999 -0.000763 -0.000929 0.999999 -0.000780 -0.000894 0.999999 -0.000733 -0.000981 0.999999 -0.000746 -0.000960 0.999999 -0.000790 -0.000894 0.999999 -0.000753 -0.000945 0.999999 -0.000735 -0.000966 0.999999 -0.000852 -0.000835 0.999999 -0.000772 -0.000913 0.999999 -0.000772 -0.000912 0.999999 -0.000755 -0.000942 0.999999 -0.000776 -0.000914 0.999999 -0.000760 -0.000947 0.999999 -0.000767 -0.000930 0.999999 -0.000768 -0.000926 0.999999 -0.000691 -0.001091 0.999999 -0.000758 -0.000973 0.999999 -0.000775 -0.000897 0.999999 -0.000748 -0.000985 0.999999 -0.000761 -0.000952 0.999999 -0.000784 -0.000801 0.999999 -0.000748 -0.001002 0.999999 -0.000765 -0.000921 0.999999 -0.000754 -0.000968 0.999999 -0.000765 -0.000917 0.999999 -0.000763 -0.000955 0.999999 -0.000765 -0.000935 0.999999 -0.000772 -0.000896 0.999999 -0.000765 -0.000894 0.999999 -0.000763 -0.000979 0.999999 -0.000763 -0.000981 0.999999 -0.000769 -0.000875 0.999999 -0.000763 -0.000905 0.999999 -0.000764 -0.000923 0.999999 -0.000765 -0.000980 0.999999 -0.000767 -0.000900 0.999999 -0.000760 -0.000918 0.999999 -0.000773 -0.000975 0.999999 -0.000761 -0.000910 0.999999 -0.000770 -0.000970 0.999999 -0.000756 -0.000904 0.999999 -0.000757 -0.000905 0.999999 -0.000778 -0.000996 0.999999 -0.000748 -0.000863 0.999999 -0.000756 -0.000923 0.999999 -0.000756 -0.000923 0.999999 -0.000795 -0.000999 0.999999 -0.000734 -0.000871 0.999999 -0.000763 -0.000934 0.999999 -0.000803 -0.001000 0.999999 -0.000730 -0.000876 0.999999 -0.000832 -0.001058 0.999999 -0.000771 -0.000939 0.999999 -0.000721 -0.000868 0.999999 -0.000778 -0.000956 0.999999 -0.000768 -0.000938 0.999999 -0.000742 -0.000909 0.999999 -0.000751 -0.000918 0.999999 -0.000762 -0.000929 0.999999 -0.000786 -0.000958 0.999999 -0.000735 -0.000902 0.999999 -0.000764 -0.000930 0.999999 -0.000762 -0.000927 0.999999 -0.000773 -0.000938 0.999999 -0.000779 -0.000941 0.999999 -0.000755 -0.000924 0.999999 -0.000749 -0.000920 0.999999 -0.000804 -0.000969 1.000000 -0.000626 -0.000847 0.999999 -0.000776 -0.000943 0.999999 -0.000837 -0.000986 0.999999 -0.000747 -0.000922 0.999999 -0.000747 -0.000925 0.999999 -0.000770 -0.000936 0.999999 -0.000745 -0.000922 0.999999 -0.000770 -0.000938 0.999999 -0.000673 -0.000899 0.999999 -0.000950 -0.001007 0.999999 -0.000713 -0.000905 0.999999 -0.000730 -0.000914 0.999999 -0.000757 -0.000935 0.999999 -0.000795 -0.000941 0.999999 -0.000767 -0.000933 0.999999 -0.000774 -0.000936 0.999999 -0.000728 -0.000934 0.999999 -0.000894 -0.000947 0.999999 -0.000668 -0.000920 0.999999 -0.000712 -0.000927 0.999999 -0.000838 -0.000954 0.999999 -0.000693 -0.000915 0.999999 -0.000820 -0.000956 0.999999 -0.000793 -0.000946 0.999999 -0.000774 -0.000936 0.999999 -0.000777 -0.000936 0.999999 -0.000730 -0.000929 0.999999 -0.000805 -0.000951 0.999999 -0.000669 -0.000954 0.999999 -0.000902 -0.000928 0.999999 -0.000698 -0.000938 0.999999 -0.000639 -0.000937 0.999999 -0.000781 -0.000936 0.999999 -0.000738 -0.000958 0.999999 -0.000803 -0.000940 0.999999 -0.000740 -0.000945 -0.000394 -0.935855 0.352386 -0.000441 -0.950320 0.311276 -0.000435 -0.950331 0.311240 -0.000484 -0.962893 0.269885 -0.000483 -0.962890 0.269893 -0.000528 -0.973732 0.227698 -0.000533 -0.973731 0.227701 -0.000529 -0.973726 0.227721 -0.000486 -0.962901 0.269854 -0.000484 -0.962893 0.269882 -0.000436 -0.950320 0.311275 -0.000434 -0.950327 0.311254 -0.000384 -0.935855 0.352384 -0.000386 -0.935839 0.352429 -0.000186 -0.860470 0.509500 -0.000236 -0.881822 0.471583 -0.000230 -0.881829 0.471569 -0.000286 -0.901399 0.432990 -0.000285 -0.901378 0.433033 -0.000337 -0.919403 0.393317 -0.000338 -0.919413 0.393293 -0.000329 -0.919397 0.393330 -0.000286 -0.901380 0.433028 -0.000284 -0.901373 0.433043 -0.000233 -0.881840 0.471548 -0.000236 -0.881836 0.471557 -0.000185 -0.860401 0.509618 -0.000176 -0.860461 0.509516 0.000016 -0.758944 0.651156 -0.000038 -0.786496 0.617595 -0.000017 -0.786559 0.617516 -0.000070 -0.812515 0.582940 -0.000075 -0.812493 0.582971 -0.000129 -0.837112 0.547032 -0.000124 -0.837143 0.546985 -0.000135 -0.837182 0.546925 -0.000088 -0.812483 0.582985 -0.000077 -0.812520 0.582933 -0.000025 -0.786538 0.617542 -0.000023 -0.786579 0.617489 0.000030 -0.758893 0.651215 0.000030 -0.758906 0.651200 0.000243 -0.634261 0.773119 0.000185 -0.667359 0.744736 0.000192 -0.667357 0.744738 0.000140 -0.698965 0.715156 0.000132 -0.698897 0.715222 0.000079 -0.729372 0.684118 0.000082 -0.729424 0.684062 0.000088 -0.729425 0.684061 0.000140 -0.698985 0.715137 0.000121 -0.698939 0.715182 0.000175 -0.667322 0.744769 0.000182 -0.667404 0.744695 0.000232 -0.634274 0.773109 0.000236 -0.634307 0.773081 0.000427 -0.490380 0.871509 0.000378 -0.527858 0.849333 0.000389 -0.527907 0.849302 0.000340 -0.564110 0.825699 0.000349 -0.564158 0.825667 0.000297 -0.599624 0.800282 0.000288 -0.599496 0.800377 0.000270 -0.599557 0.800332 0.000326 -0.564175 0.825655 0.000336 -0.564197 0.825640 0.000387 -0.527821 0.849356 0.000390 -0.527890 0.849313 0.000439 -0.490358 0.871521 0.000437 -0.490337 0.871533 0.000637 -0.331586 0.943425 0.000592 -0.372409 0.928069 0.000591 -0.372399 0.928072 0.000545 -0.412217 0.911086 0.000537 -0.412161 0.911111 0.000489 -0.451574 0.892234 0.000486 -0.451531 0.892256 0.000497 -0.451492 0.892275 0.000541 -0.412240 0.911075 0.000533 -0.412190 0.911098 0.000580 -0.372398 0.928073 0.000583 -0.372418 0.928065 0.000629 -0.331598 0.943420 0.000630 -0.331615 0.943415 0.000805 -0.162735 0.986670 0.000765 -0.205617 0.978632 0.000754 -0.205572 0.978642 0.000713 -0.247720 0.968831 0.000716 -0.247782 0.968816 0.000673 -0.289649 0.957133 0.000675 -0.289666 0.957128 0.000661 -0.289745 0.957104 0.000703 -0.247615 0.968858 0.000724 -0.247757 0.968822 0.000766 -0.205610 0.978634 0.000758 -0.205542 0.978648 0.000798 -0.162727 0.986671 0.000800 -0.162728 0.986671 0.000928 0.011031 0.999939 0.000895 -0.032525 0.999471 0.000906 -0.032564 0.999469 0.000871 -0.075676 0.997132 0.000874 -0.075741 0.997127 0.000837 -0.119005 0.992893 0.000839 -0.119087 0.992884 0.000845 -0.119053 0.992888 0.000882 -0.075720 0.997129 0.000882 -0.075716 0.997129 0.000917 -0.032604 0.999468 0.000910 -0.032564 0.999469 0.000943 0.011058 0.999938 0.000940 0.011111 0.999938 0.001067 0.184637 0.982806 0.001041 0.141454 0.989944 0.001041 0.141487 0.989940 0.001013 0.098614 0.995125 0.001006 0.098679 0.995119 0.000976 0.055074 0.998482 0.000972 0.055155 0.998477 0.000983 0.055198 0.998475 0.001013 0.098617 0.995125 0.001002 0.098654 0.995121 0.001030 0.141486 0.989940 0.001033 0.141457 0.989944 0.001059 0.184521 0.982828 0.001056 0.184548 0.982823 0.001130 0.352291 0.935890 0.001112 0.311292 0.950314 0.001112 0.311357 0.950292 0.001092 0.269935 0.962878 0.001106 0.269816 0.962911 0.001085 0.227653 0.973742 0.001081 0.227744 0.973720 0.001092 0.227793 0.973709 0.001114 0.269870 0.962896 0.001114 0.269857 0.962900 0.001134 0.311318 0.950305 0.001127 0.311354 0.950293 0.001144 0.352304 0.935885 0.001141 0.352318 0.935879 0.001180 0.509535 0.860449 0.001172 0.471563 0.881832 0.001180 0.471511 0.881859 0.001170 0.433065 0.901362 0.001173 0.433001 0.901393 0.001160 0.393352 0.919387 0.001157 0.393397 0.919368 0.001146 0.393311 0.919405 0.001162 0.433046 0.901371 0.001171 0.433000 0.901393 0.001182 0.471547 0.881841 0.001186 0.471565 0.881830 0.001194 0.509517 0.860460 0.001191 0.509586 0.860419 0.001213 0.651215 0.758892 0.001213 0.617589 0.786500 0.001213 0.617599 0.786492 0.001211 0.582868 0.812566 0.001200 0.582957 0.812503 0.001194 0.546984 0.837143 0.001198 0.546944 0.837168 0.001206 0.546979 0.837145 0.001211 0.582929 0.812522 0.001202 0.582966 0.812496 0.001203 0.617530 0.786547 0.001201 0.617535 0.786543 0.001202 0.651299 0.758821 0.001208 0.651206 0.758900 0.001189 0.773153 0.634219 0.001196 0.744732 0.667363 0.001191 0.744750 0.667342 0.001197 0.715152 0.698968 0.001200 0.715147 0.698973 0.001204 0.684064 0.729421 0.001206 0.684047 0.729437 0.001193 0.683995 0.729486 0.001191 0.715208 0.698911 0.001205 0.715175 0.698944 0.001198 0.744736 0.667358 0.001193 0.744758 0.667333 0.001184 0.773108 0.634273 0.001181 0.773116 0.634263 0.001112 0.871475 0.490438 0.001128 0.849350 0.527829 0.001146 0.849307 0.527898 0.001162 0.825677 0.564141 0.001159 0.825694 0.564117 0.001172 0.800301 0.599597 0.001170 0.800323 0.599568 0.001161 0.800287 0.599616 0.001148 0.825717 0.564083 0.001157 0.825689 0.564124 0.001140 0.849318 0.527880 0.001145 0.849312 0.527891 0.001126 0.871492 0.490409 0.001124 0.871511 0.490375 0.001029 0.943423 0.331592 0.001055 0.928076 0.372388 0.001059 0.928077 0.372388 0.001083 0.911126 0.412127 0.001086 0.911113 0.412156 0.001110 0.892237 0.451567 0.001104 0.892270 0.451501 0.001102 0.892264 0.451512 0.001078 0.911087 0.412212 0.001079 0.911087 0.412213 0.001054 0.928080 0.372380 0.001056 0.928068 0.372411 0.001030 0.943431 0.331567 0.001031 0.943423 0.331591 0.000918 0.986676 0.162696 0.000953 0.978638 0.205591 0.000945 0.978647 0.205547 0.000976 0.968822 0.247757 0.000971 0.968836 0.247701 0.001001 0.957126 0.289668 0.001002 0.957117 0.289698 0.001005 0.957119 0.289693 0.000975 0.968827 0.247736 0.000967 0.968835 0.247707 0.000935 0.978642 0.205569 0.000938 0.978639 0.205583 0.000903 0.986671 0.162723 0.000906 0.986667 0.162753 0.000762 0.999938 -0.011082 0.000797 0.999470 0.032538 0.000794 0.999471 0.032504 0.000832 0.997128 0.075735 0.000832 0.997129 0.075721 0.000869 0.992887 0.119055 0.000869 0.992884 0.119082 0.000879 0.992888 0.119048 0.000840 0.997127 0.075743 0.000832 0.997129 0.075712 0.000795 0.999470 0.032535 0.000791 0.999471 0.032512 0.000753 0.999938 -0.011081 0.000753 0.999939 -0.011053 0.000581 0.982828 -0.184524 0.000627 0.989935 -0.141525 0.000624 0.989933 -0.141535 0.000667 0.995132 -0.098552 0.000665 0.995130 -0.098570 0.000709 0.998476 -0.055178 0.000711 0.998478 -0.055144 0.000718 0.998477 -0.055170 0.000677 0.995129 -0.098576 0.000670 0.995128 -0.098594 0.000627 0.989937 -0.141510 0.000623 0.989934 -0.141532 0.000578 0.982826 -0.184535 0.000578 0.982829 -0.184520 0.000388 0.935854 -0.352388 0.000439 0.950319 -0.311277 0.000434 0.950312 -0.311298 0.000482 0.962900 -0.269858 0.000482 0.962899 -0.269863 0.000528 0.973720 -0.227748 0.000532 0.973730 -0.227707 0.000533 0.973727 -0.227717 0.000484 0.962892 -0.269885 0.000486 0.962892 -0.269887 0.000437 0.950318 -0.311281 0.000436 0.950311 -0.311302 0.000387 0.935851 -0.352397 0.000387 0.935859 -0.352376 0.000173 0.860463 -0.509513 0.000223 0.881794 -0.471635 0.000233 0.881813 -0.471599 0.000284 0.901407 -0.432973 0.000286 0.901416 -0.432955 0.000337 0.919398 -0.393329 0.000337 0.919397 -0.393330 0.000332 0.919405 -0.393311 0.000281 0.901400 -0.432987 0.000287 0.901415 -0.432956 0.000236 0.881814 -0.471597 0.000234 0.881809 -0.471606 0.000182 0.860466 -0.509508 0.000180 0.860454 -0.509528 -0.000035 0.758895 -0.651213 0.000018 0.786547 -0.617530 0.000019 0.786564 -0.617508 0.000071 0.812475 -0.582997 0.000076 0.812516 -0.582940 0.000128 0.837154 -0.546967 0.000127 0.837135 -0.546997 0.000132 0.837121 -0.547018 0.000083 0.812483 -0.582985 0.000084 0.812489 -0.582977 0.000033 0.786592 -0.617473 0.000025 0.786540 -0.617540 -0.000027 0.758898 -0.651210 -0.000031 0.758871 -0.651241 -0.000246 0.634268 -0.773113 -0.000196 0.667353 -0.744741 -0.000183 0.667378 -0.744719 -0.000132 0.698957 -0.715164 -0.000139 0.698914 -0.715205 -0.000086 0.729445 -0.684040 -0.000084 0.729461 -0.684023 -0.000076 0.729438 -0.684047 -0.000128 0.698896 -0.715224 -0.000133 0.698887 -0.715232 -0.000184 0.667339 -0.744754 -0.000180 0.667371 -0.744726 -0.000231 0.634258 -0.773121 -0.000235 0.634233 -0.773142 -0.000447 0.490441 -0.871475 -0.000399 0.527848 -0.849339 -0.000387 0.527896 -0.849309 -0.000337 0.564078 -0.825722 -0.000333 0.564118 -0.825694 -0.000283 0.599629 -0.800278 -0.000287 0.599588 -0.800309 -0.000300 0.599631 -0.800276 -0.000348 0.564099 -0.825707 -0.000341 0.564142 -0.825678 -0.000388 0.527858 -0.849333 -0.000385 0.527887 -0.849314 -0.000434 0.490461 -0.871463 -0.000437 0.490412 -0.871491 -0.000633 0.331590 -0.943423 -0.000589 0.372309 -0.928109 -0.000579 0.372345 -0.928094 -0.000533 0.412218 -0.911085 -0.000529 0.412246 -0.911073 -0.000483 0.451492 -0.892275 -0.000486 0.451441 -0.892301 -0.000497 0.451491 -0.892276 -0.000544 0.412217 -0.911086 -0.000534 0.412254 -0.911069 -0.000580 0.372418 -0.928065 -0.000584 0.372374 -0.928083 -0.000629 0.331575 -0.943429 -0.000631 0.331581 -0.943426 -0.000806 0.162835 -0.986653 -0.000765 0.205600 -0.978636 -0.000765 0.205628 -0.978630 -0.000724 0.247720 -0.968831 -0.000717 0.247779 -0.968816 -0.000674 0.289646 -0.957134 -0.000676 0.289613 -0.957144 -0.000680 0.289636 -0.957137 -0.000723 0.247729 -0.968829 -0.000713 0.247774 -0.968818 -0.000754 0.205609 -0.978634 -0.000758 0.205567 -0.978643 -0.000798 0.162727 -0.986671 -0.000794 0.162787 -0.986661 -0.000928 -0.011052 -0.999939 -0.000895 0.032505 -0.999471 -0.000906 0.032444 -0.999473 -0.000871 0.075815 -0.997121 -0.000882 0.075688 -0.997131 -0.000845 0.118926 -0.992903 -0.000834 0.119087 -0.992884 -0.000800 0.118912 -0.992905 -0.000837 0.075918 -0.997114 -0.000882 0.075715 -0.997129 -0.000917 0.032504 -0.999471 -0.000917 0.032510 -0.999471 -0.000951 -0.011192 -0.999937 -0.000940 -0.010991 -0.999939 -0.001023 -0.184634 -0.982807 -0.000996 -0.141471 -0.989942 -0.001030 -0.141644 -0.989917 -0.001002 -0.098593 -0.995127 -0.000998 -0.098573 -0.995129 -0.000968 -0.055074 -0.998482 -0.000972 -0.055155 -0.998477 -0.000983 -0.055077 -0.998482 -0.001013 -0.098597 -0.995127 -0.001002 -0.098554 -0.995131 -0.001030 -0.141486 -0.989940 -0.001041 -0.141589 -0.989925 -0.001067 -0.184496 -0.982833 -0.001062 -0.184431 -0.982845 -0.001131 -0.352486 -0.935817 -0.001113 -0.311310 -0.950308 -0.001122 -0.311355 -0.950293 -0.001103 -0.269766 -0.962925 -0.001106 -0.269794 -0.962918 -0.001084 -0.227780 -0.973712 -0.001086 -0.227782 -0.973711 -0.001092 -0.227771 -0.973714 -0.001113 -0.269867 -0.962897 -0.001103 -0.269803 -0.962915 -0.001122 -0.311318 -0.950305 -0.001127 -0.311352 -0.950294 -0.001144 -0.352395 -0.935851 -0.001146 -0.352406 -0.935847 -0.001204 -0.509439 -0.860506 -0.001191 -0.471653 -0.881783 -0.001183 -0.471606 -0.881809 -0.001171 -0.432948 -0.901418 -0.001174 -0.432978 -0.901404 -0.001160 -0.393241 -0.919435 -0.001161 -0.393282 -0.919417 -0.001166 -0.393236 -0.919437 -0.001179 -0.433057 -0.901366 -0.001170 -0.433001 -0.901393 -0.001180 -0.471638 -0.881791 -0.001178 -0.471608 -0.881808 -0.001186 -0.509454 -0.860497 -0.001191 -0.509497 -0.860472 -0.001196 -0.651226 -0.758883 -0.001196 -0.617536 -0.786542 -0.001204 -0.617564 -0.786520 -0.001202 -0.582933 -0.812519 -0.001204 -0.582960 -0.812500 -0.001199 -0.547054 -0.837097 -0.001197 -0.547029 -0.837113 -0.001209 -0.546987 -0.837140 -0.001211 -0.583003 -0.812469 -0.001201 -0.582968 -0.812494 -0.001206 -0.617451 -0.786609 -0.001212 -0.617520 -0.786554 -0.001212 -0.651219 -0.758889 -0.001210 -0.651169 -0.758932 -0.001193 -0.773055 -0.634337 -0.001198 -0.744773 -0.667317 -0.001192 -0.744744 -0.667349 -0.001198 -0.715153 -0.698967 -0.001200 -0.715167 -0.698953 -0.001204 -0.684068 -0.729417 -0.001207 -0.684097 -0.729390 -0.001213 -0.684063 -0.729422 -0.001203 -0.715214 -0.698905 -0.001197 -0.715179 -0.698941 -0.001189 -0.744780 -0.667309 -0.001187 -0.744775 -0.667315 -0.001178 -0.773042 -0.634354 -0.001182 -0.773082 -0.634305 -0.001142 -0.871473 -0.490443 -0.001158 -0.849313 -0.527888 -0.001146 -0.849263 -0.527969 -0.001158 -0.825745 -0.564042 -0.001154 -0.825730 -0.564065 -0.001168 -0.800302 -0.599596 -0.001169 -0.800325 -0.599566 -0.001177 -0.800308 -0.599589 -0.001163 -0.825741 -0.564048 -0.001156 -0.825720 -0.564079 -0.001141 -0.849293 -0.527921 -0.001136 -0.849275 -0.527949 -0.001119 -0.871501 -0.490393 -0.001122 -0.871527 -0.490347 -0.001022 -0.943429 -0.331573 -0.001048 -0.928077 -0.372387 -0.001056 -0.928091 -0.372352 -0.001078 -0.911106 -0.412171 -0.001078 -0.911102 -0.412180 -0.001097 -0.892264 -0.451513 -0.001102 -0.892286 -0.451470 -0.001114 -0.892261 -0.451520 -0.001093 -0.911108 -0.412167 -0.001083 -0.911091 -0.412204 -0.001058 -0.928063 -0.372421 -0.001062 -0.928074 -0.372394 -0.001035 -0.943435 -0.331557 -0.001031 -0.943415 -0.331612 -0.000900 -0.986675 -0.162699 -0.000927 -0.978634 -0.205607 -0.000942 -0.978641 -0.205573 -0.000972 -0.968829 -0.247729 -0.000970 -0.968830 -0.247726 -0.001003 -0.957120 -0.289691 -0.001002 -0.957118 -0.289695 -0.001006 -0.957115 -0.289706 -0.000972 -0.968835 -0.247706 -0.000974 -0.968830 -0.247724 -0.000940 -0.978638 -0.205589 -0.000941 -0.978639 -0.205585 -0.000909 -0.986673 -0.162716 -0.000907 -0.986670 -0.162734 -0.000742 -0.999938 0.011074 -0.000787 -0.999470 -0.032531 -0.000795 -0.999471 -0.032513 -0.000835 -0.997127 -0.075744 -0.000832 -0.997128 -0.075732 -0.000872 -0.992887 -0.119058 -0.000870 -0.992885 -0.119072 -0.000865 -0.992889 -0.119045 -0.000827 -0.997127 -0.075744 -0.000833 -0.997129 -0.075721 -0.000792 -0.999471 -0.032531 -0.000796 -0.999471 -0.032515 -0.000753 -0.999938 0.011075 -0.000754 -0.999939 0.011056 -0.000577 -0.982822 0.184556 -0.000617 -0.989935 0.141523 -0.000623 -0.989933 0.141535 -0.000667 -0.995130 0.098569 -0.000670 -0.995130 0.098566 -0.000711 -0.998476 0.055178 -0.000712 -0.998478 0.055152 -0.000701 -0.998477 0.055173 -0.000667 -0.995131 0.098564 -0.000667 -0.995130 0.098575 -0.000624 -0.989935 0.141523 -0.000627 -0.989933 0.141535 -0.000579 -0.982824 0.184544 -0.000578 -0.982825 0.184538 -0.000044 0.751011 -0.660290 -0.000039 0.751009 -0.660292 -0.000515 0.425033 -0.905178 -0.000521 0.425030 -0.905179 -0.000913 0.028407 -0.999596 -0.000906 0.028411 -0.999596 -0.001147 -0.372941 -0.927855 -0.001158 -0.372947 -0.927852 -0.001204 -0.712300 -0.701874 -0.001199 -0.712298 -0.701876 -0.001048 -0.933251 -0.359223 -0.001047 -0.933251 -0.359224 -0.000726 -0.999069 0.043141 -0.000721 -0.999069 0.043141 -0.001158 -0.372946 -0.927852 -0.001152 -0.372939 -0.927855 0.000447 0.953511 -0.301356 0.000447 0.953512 -0.301355 0.000360 0.927853 -0.372945 0.000360 0.927853 -0.372946 0.000272 0.896828 -0.442380 0.000269 0.896831 -0.442374 0.001152 0.372939 0.927855 0.001152 0.372940 0.927855 0.000042 -0.751009 0.660292 0.000043 -0.751009 0.660292 0.000522 -0.425037 0.905176 0.000514 -0.425032 0.905178 0.000906 -0.028403 0.999596 0.000913 -0.028405 0.999596 0.001152 0.372943 0.927853 0.001152 0.372943 0.927853 0.001200 0.712300 0.701874 0.001200 0.712301 0.701873 0.001049 0.933251 0.359224 0.001049 0.933251 0.359224 0.000723 0.999069 -0.043141 0.000723 0.999069 -0.043140 0.001146 0.372946 0.927852 0.001151 0.372942 0.927854 -0.000446 -0.953510 0.301361 -0.000446 -0.953511 0.301359 -0.000361 -0.927855 0.372941 -0.000361 -0.927855 0.372941 -0.000272 -0.896827 0.442381 -0.000276 -0.896832 0.442372 -0.001152 -0.372946 -0.927852 -0.001152 -0.372946 -0.927852 0.999999 -0.000767 -0.000935 0.999999 -0.000762 -0.000927 0.999999 -0.000765 -0.000942 0.999999 -0.000763 -0.000936 0.999999 -0.000763 -0.000936 0.999999 -0.000761 -0.000931 0.999999 -0.000761 -0.000922 0.999999 -0.000761 -0.000923 0.999999 -0.000767 -0.000942 0.999999 -0.000763 -0.000947 0.999999 -0.000766 -0.000934 0.999999 -0.000767 -0.000934 0.999999 -0.000761 -0.000932 0.999999 -0.000762 -0.000932 0.999999 -0.000766 -0.000939 0.999999 -0.000765 -0.000938 0.999999 -0.000765 -0.000940 0.999999 -0.000763 -0.000932 0.999999 -0.000774 -0.000928 0.999999 -0.000766 -0.000932 0.999999 -0.000774 -0.000930 0.999999 -0.000764 -0.000936 0.999999 -0.000759 -0.000933 0.999999 -0.000762 -0.000932 0.999999 -0.000767 -0.000936 0.999999 -0.000760 -0.000933 0.999999 -0.000761 -0.000933 0.999999 -0.000771 -0.000931 0.999999 -0.000764 -0.000933 0.999999 -0.000765 -0.000934 0.999999 -0.000764 -0.000932 0.999999 -0.000763 -0.000931 0.999999 -0.000764 -0.000932 0.999999 -0.000762 -0.000934 0.999999 -0.000762 -0.000934 0.999999 -0.000763 -0.000930 0.999999 -0.000760 -0.000928 0.999999 -0.000764 -0.000929 0.999999 -0.000767 -0.000935 0.999999 -0.000771 -0.000942 0.999999 -0.000762 -0.000932 0.999999 -0.000765 -0.000930 0.999999 -0.000764 -0.000936 0.999999 -0.000766 -0.000944 0.999999 -0.000764 -0.000935 0.999999 -0.000762 -0.000931 0.999999 -0.000762 -0.000931 0.999999 -0.000768 -0.000935 0.999999 -0.000774 -0.000941 0.999999 -0.000762 -0.000936 0.999999 -0.000763 -0.000923 0.999999 -0.000760 -0.000942 0.999999 -0.000761 -0.000927 0.999999 -0.000758 -0.000927 0.999999 -0.000768 -0.000935 -0.999999 0.000764 0.000933 -0.999999 0.000764 0.000933 -0.999999 0.000763 0.000932 -0.999999 0.000765 0.000935 -0.999999 0.000763 0.000933 -0.999999 0.000762 0.000932 -0.999999 0.000763 0.000933 -0.999999 0.000765 0.000937 -0.999999 0.000765 0.000935 -0.999999 0.000768 0.000936 -0.999999 0.000762 0.000932 -0.999999 0.000761 0.000941 -0.999999 0.000762 0.000939 -0.999999 0.000767 0.000934 -0.999999 0.000763 0.000916 -0.999999 0.000764 0.000936 -0.999999 0.000776 0.000954 -0.999999 0.000765 0.000932 -0.999999 0.000753 0.000937 -0.999999 0.000762 0.000934 -0.999999 0.000773 0.000932 -0.999999 0.000764 0.000935 -0.999999 0.000763 0.000933 -0.999999 0.000763 0.000932 -0.999999 0.000763 0.000933 -0.999999 0.000762 0.000934 -0.999999 0.000762 0.000934 -0.999999 0.000764 0.000934 -0.999999 0.000758 0.000929 -0.999999 0.000764 0.000933 -0.999999 0.000766 0.000936 -0.999999 0.000764 0.000936 -0.999999 0.000768 0.000938 -0.999999 0.000757 0.000928 -0.999999 0.000766 0.000939 -0.999999 0.000764 0.000933 -0.999999 0.000765 0.000930 -0.999999 0.000753 0.000937 -0.999999 0.000769 0.000931 -0.999999 0.000767 0.000932 -0.999999 0.000763 0.000933 -0.999999 0.000765 0.000931 -0.999999 0.000765 0.000933 -0.999999 0.000767 0.000934 -0.999999 0.000766 0.000934 -0.999999 0.000763 0.000934 -0.999999 0.000761 0.000931 -0.999999 0.000764 0.000934 -0.999999 0.000764 0.000934 -0.999999 0.000764 0.000939 -0.999999 0.000764 0.000935 -0.999999 0.000774 0.000943 -0.999999 0.000760 0.000931 -0.999999 0.000765 0.000933 -0.999999 0.000765 0.000928 -0.000731 -0.999452 0.033108 -0.000734 -0.999452 0.033108 0.000051 -0.744344 0.667797 0.000052 -0.744343 0.667798 0.000811 -0.140959 0.990015 0.000818 -0.140945 0.990017 0.001197 0.528408 0.848990 0.001192 0.528395 0.848998 0.001015 0.950501 0.310721 0.001016 0.950501 0.310719 0.000361 0.927854 -0.372944 0.000363 0.927850 -0.372953 -0.000458 0.471050 -0.882106 -0.000470 0.471078 -0.882092 -0.001078 -0.206150 -0.978520 -0.001072 -0.206169 -0.978516 -0.001178 -0.786908 -0.617070 -0.001178 -0.786908 -0.617070 -0.000733 -0.999452 0.033108 -0.000732 -0.999452 0.033109 0.000056 -0.744340 0.667801 0.000060 -0.744333 0.667808 0.000824 -0.140943 0.990017 0.000818 -0.140965 0.990014 0.001197 0.528400 0.848995 0.001197 0.528394 0.848998 0.001017 0.950500 0.310722 0.001018 0.950500 0.310722 0.000361 0.927853 -0.372946 0.000360 0.927854 -0.372944 -0.000464 0.471059 -0.882102 -0.000459 0.471048 -0.882107 -0.001066 -0.206167 -0.978516 -0.001072 -0.206152 -0.978519 -0.001178 -0.786902 -0.617077 -0.001178 -0.786901 -0.617078 -0.000732 -0.999452 0.033109 -0.000733 -0.999452 0.033109 0.000056 -0.744342 0.667798 0.000056 -0.744344 0.667797 0.000818 -0.140940 0.990018 0.000811 -0.140961 0.990015 0.001192 0.528395 0.848998 0.001197 0.528407 0.848990 0.001017 0.950502 0.310717 0.001015 0.950500 0.310722 0.000363 0.927854 -0.372944 0.000363 0.927854 -0.372943 -0.000459 0.471048 -0.882108 -0.000465 0.471064 -0.882099 -0.001072 -0.206153 -0.978519 -0.001066 -0.206170 -0.978516 -0.001173 -0.786908 -0.617070 -0.001178 -0.786900 -0.617079</float_array>
          <technique_common>
            <accessor source="#Part6_Centro_001-mesh-normals-array" count="7570" stride="3">
              <param name="X" type="float" />
              <param name="Y" type="float" />
              <param name="Z" type="float" />
            </accessor>
          </technique_common>
        </source>
        <vertices id="Part6_Centro_001-mesh-vertices">
          <input semantic="POSITION" source="#Part6_Centro_001-mesh-positions" />
        </vertices>
        <triangles count="7574">
          <input semantic="VERTEX" source="#Part6_Centro_001-mesh-vertices" offset="0" />
          <input semantic="NORMAL" source="#Part6_Centro_001-mesh-normals" offset="1" />
          <p>0 0 1 0 2 0 2 1 1 1 3 1 1 2 4 2 3 2 3 3 4 3 5 3 4 4 6 4 5 4 5 5 6 5 7 5 6 6 0 6 7 6 7 7 0 7 2 7 8 8 9 8 10 8 10 9 9 9 11 9 9 10 12 10 11 10 11 11 12 11 13 11 12 12 14 12 13 12 13 13 14 13 15 13 14 14 8 14 15 14 15 15 8 15 10 15 16 16 17 16 18 16 18 17 17 17 19 17 17 18 20 18 19 18 19 19 20 19 21 19 20 20 22 20 21 20 21 21 22 21 23 21 22 22 16 22 23 22 23 23 16 23 18 23 24 24 25 24 26 24 26 25 25 25 27 25 25 26 28 26 27 26 27 27 28 27 29 27 28 28 30 28 29 28 29 29 30 29 31 29 30 30 24 30 31 30 31 31 24 31 26 31 32 32 33 32 34 32 34 33 33 33 35 33 33 34 36 34 35 34 35 35 36 35 37 35 36 36 38 36 37 36 37 37 38 37 39 37 38 38 32 38 39 38 39 39 32 39 34 39 40 40 41 40 42 40 42 41 41 41 43 41 42 42 43 42 44 42 44 43 43 43 45 43 44 44 45 44 46 44 46 44 45 44 47 44 46 45 47 45 48 45 48 46 47 46 49 46 48 47 49 47 50 47 50 48 49 48 51 48 50 49 51 49 52 49 52 50 51 50 53 50 52 51 53 51 54 51 54 52 53 52 55 52 54 53 55 53 56 53 56 54 55 54 57 54 56 55 57 55 58 55 58 56 57 56 59 56 58 57 59 57 60 57 60 58 59 58 61 58 60 59 61 59 62 59 62 60 61 60 63 60 62 61 63 61 64 61 64 62 63 62 65 62 64 63 65 63 66 63 66 64 65 64 67 64 66 65 67 65 40 65 40 66 67 66 41 66 68 67 69 67 70 67 70 68 69 68 71 68 70 69 71 69 72 69 72 70 71 70 73 70 72 71 73 71 74 71 74 72 73 72 75 72 74 73 75 73 76 73 76 74 75 74 77 74 76 75 77 75 78 75 78 76 77 76 79 76 78 77 79 77 80 77 80 78 79 78 81 78 80 79 81 79 82 79 82 80 81 80 83 80 82 81 83 81 84 81 84 82 83 82 85 82 84 83 85 83 86 83 86 84 85 84 87 84 86 85 87 85 88 85 88 86 87 86 89 86 88 87 89 87 90 87 90 88 89 88 91 88 90 89 91 89 92 89 92 90 91 90 93 90 92 91 93 91 94 91 94 92 93 92 95 92 94 93 95 93 68 93 68 94 95 94 69 94 96 95 97 95 98 95 98 96 97 96 99 96 99 97 97 97 100 97 99 98 100 98 101 98 101 99 100 99 102 99 101 100 102 100 103 100 103 101 102 101 104 101 103 102 104 102 105 102 105 103 104 103 106 103 105 104 106 104 107 104 107 105 106 105 108 105 107 106 108 106 109 106 109 107 108 107 110 107 109 108 110 108 111 108 111 109 110 109 112 109 111 110 112 110 113 110 113 111 112 111 114 111 113 112 114 112 115 112 115 113 114 113 116 113 115 114 116 114 117 114 117 115 116 115 118 115 117 116 118 116 119 116 119 117 118 117 120 117 119 118 120 118 121 118 121 119 120 119 122 119 121 120 122 120 123 120 123 121 122 121 124 121 123 122 124 122 125 122 125 123 124 123 126 123 125 124 126 124 127 124 127 125 126 125 128 125 127 126 128 126 129 126 129 127 128 127 130 127 129 128 130 128 131 128 131 129 130 129 132 129 131 130 132 130 133 130 133 131 132 131 134 131 133 132 134 132 135 132 136 133 137 133 138 133 138 134 137 134 139 134 139 135 137 135 140 135 139 136 140 136 141 136 141 137 140 137 98 137 98 138 140 138 96 138 142 139 136 139 143 139 143 140 136 140 138 140 144 141 142 141 145 141 145 142 142 142 143 142 146 143 144 143 147 143 147 144 144 144 145 144 148 145 149 145 150 145 150 146 149 146 151 146 151 147 149 147 152 147 151 148 152 148 153 148 153 149 152 149 154 149 153 150 154 150 155 150 155 151 154 151 156 151 155 152 156 152 157 152 157 153 156 153 158 153 158 154 156 154 159 154 158 155 159 155 160 155 158 156 160 156 161 156 161 157 160 157 146 157 161 158 146 158 147 158 162 159 148 159 163 159 163 160 148 160 150 160 164 161 165 161 166 161 166 162 165 162 167 162 167 163 165 163 168 163 167 164 168 164 169 164 169 165 168 165 170 165 169 166 170 166 171 166 171 167 170 167 172 167 171 168 172 168 173 168 173 169 172 169 163 169 163 170 172 170 162 170 174 171 175 171 176 171 176 172 175 172 177 172 177 173 175 173 178 173 177 174 178 174 179 174 179 175 178 175 180 175 179 176 180 176 181 176 181 177 180 177 182 177 181 178 182 178 183 178 183 179 182 179 184 179 183 180 184 180 185 180 185 181 184 181 186 181 185 182 186 182 187 182 187 183 186 183 188 183 187 184 188 184 189 184 189 185 188 185 190 185 189 186 190 186 191 186 191 187 190 187 192 187 191 188 192 188 193 188 193 189 192 189 194 189 193 190 194 190 195 190 195 191 194 191 196 191 195 192 196 192 197 192 197 193 196 193 198 193 197 194 198 194 199 194 199 195 198 195 200 195 199 196 200 196 201 196 201 197 200 197 202 197 201 198 202 198 203 198 203 199 202 199 164 199 203 200 164 200 166 200 204 201 205 201 206 201 206 202 205 202 207 202 207 203 205 203 208 203 207 204 208 204 209 204 209 205 208 205 210 205 209 206 210 206 211 206 211 207 210 207 212 207 211 208 212 208 213 208 213 209 212 209 176 209 176 210 212 210 174 210 134 211 204 211 135 211 135 212 204 212 206 212 3 213 11 213 2 213 2 214 11 214 13 214 2 215 13 215 138 215 138 216 13 216 143 216 143 217 13 217 15 217 143 218 15 218 145 218 145 219 15 219 10 219 145 220 10 220 11 220 11 221 3 221 145 221 145 222 3 222 5 222 145 223 5 223 31 223 31 224 5 224 29 224 29 225 5 225 7 225 29 226 7 226 23 226 23 227 7 227 21 227 21 228 7 228 39 228 21 229 39 229 34 229 2 230 40 230 7 230 7 231 40 231 42 231 7 232 42 232 39 232 39 233 42 233 44 233 39 234 44 234 37 234 37 235 44 235 46 235 37 236 46 236 48 236 19 237 163 237 18 237 18 238 163 238 150 238 18 239 150 239 27 239 27 240 150 240 26 240 26 241 150 241 147 241 26 242 147 242 31 242 31 243 147 243 145 243 163 244 19 244 34 244 34 245 19 245 21 245 23 246 18 246 29 246 29 247 18 247 27 247 34 248 35 248 163 248 163 249 35 249 206 249 163 250 206 250 173 250 173 251 206 251 207 251 173 252 207 252 171 252 171 253 207 253 209 253 171 254 209 254 94 254 94 255 209 255 211 255 94 256 211 256 92 256 92 257 211 257 213 257 92 258 213 258 90 258 90 259 213 259 176 259 90 260 176 260 88 260 88 261 176 261 177 261 88 262 177 262 179 262 206 263 35 263 135 263 135 264 35 264 37 264 135 265 37 265 48 265 48 266 50 266 135 266 135 267 50 267 133 267 133 268 50 268 131 268 131 269 50 269 129 269 129 270 50 270 52 270 129 271 52 271 127 271 127 272 52 272 125 272 125 273 52 273 123 273 123 274 52 274 54 274 123 275 54 275 121 275 121 276 54 276 119 276 119 277 54 277 56 277 119 278 56 278 117 278 117 279 56 279 115 279 115 280 56 280 113 280 113 281 56 281 58 281 113 282 58 282 111 282 111 283 58 283 109 283 109 284 58 284 107 284 107 285 58 285 60 285 107 286 60 286 105 286 105 287 60 287 103 287 103 288 60 288 101 288 101 289 60 289 62 289 101 290 62 290 99 290 99 291 62 291 98 291 98 292 62 292 64 292 98 293 64 293 141 293 141 294 64 294 139 294 139 295 64 295 66 295 139 296 66 296 138 296 138 297 66 297 40 297 138 298 40 298 2 298 72 299 167 299 70 299 70 300 167 300 169 300 70 301 169 301 68 301 68 302 169 302 171 302 68 303 171 303 94 303 74 304 203 304 72 304 72 305 203 305 166 305 72 306 166 306 167 306 203 307 74 307 201 307 201 308 74 308 76 308 201 309 76 309 199 309 199 310 76 310 197 310 197 311 76 311 78 311 197 312 78 312 195 312 195 313 78 313 193 313 193 314 78 314 80 314 193 315 80 315 191 315 191 316 80 316 189 316 189 317 80 317 82 317 189 318 82 318 187 318 187 319 82 319 185 319 185 320 82 320 84 320 185 321 84 321 183 321 183 322 84 322 181 322 181 323 84 323 86 323 181 324 86 324 179 324 179 325 86 325 88 325 150 326 151 326 147 326 147 327 151 327 153 327 147 328 153 328 155 328 155 329 157 329 147 329 147 330 157 330 158 330 147 331 158 331 161 331 0 332 12 332 1 332 1 333 12 333 9 333 1 334 9 334 144 334 144 335 9 335 8 335 144 336 8 336 14 336 6 337 41 337 0 337 0 338 41 338 136 338 0 339 136 339 12 339 12 340 136 340 142 340 12 341 142 341 14 341 14 342 142 342 144 342 4 343 28 343 6 343 6 344 28 344 22 344 6 345 22 345 20 345 1 346 144 346 4 346 4 347 144 347 30 347 4 348 30 348 28 348 16 349 162 349 17 349 17 350 162 350 32 350 17 351 32 351 38 351 22 352 25 352 16 352 16 353 25 353 148 353 16 354 148 354 162 354 6 355 20 355 38 355 38 356 20 356 17 356 25 357 24 357 148 357 148 358 24 358 146 358 148 359 146 359 149 359 149 360 146 360 152 360 152 361 146 361 154 361 154 362 146 362 156 362 156 363 146 363 159 363 159 364 146 364 160 364 24 365 30 365 146 365 146 366 30 366 144 366 28 367 25 367 22 367 32 368 162 368 33 368 33 369 162 369 204 369 33 370 204 370 134 370 36 371 45 371 38 371 38 372 45 372 43 372 38 373 43 373 6 373 6 374 43 374 41 374 33 375 134 375 36 375 36 376 134 376 49 376 36 377 49 377 47 377 41 378 67 378 136 378 136 379 67 379 137 379 137 380 67 380 65 380 137 381 65 381 140 381 140 382 65 382 96 382 96 383 65 383 63 383 96 384 63 384 97 384 97 385 63 385 100 385 100 386 63 386 61 386 100 387 61 387 102 387 102 388 61 388 104 388 104 389 61 389 106 389 106 390 61 390 59 390 106 391 59 391 108 391 108 392 59 392 110 392 110 393 59 393 112 393 112 394 59 394 57 394 112 395 57 395 114 395 114 396 57 396 116 396 116 397 57 397 118 397 118 398 57 398 55 398 118 399 55 399 120 399 120 400 55 400 122 400 122 401 55 401 53 401 122 402 53 402 124 402 124 403 53 403 126 403 126 404 53 404 128 404 128 405 53 405 51 405 128 406 51 406 130 406 130 407 51 407 132 407 132 408 51 408 134 408 134 409 51 409 49 409 47 410 45 410 36 410 69 411 168 411 71 411 71 412 168 412 165 412 71 413 165 413 73 413 73 414 165 414 164 414 73 415 164 415 202 415 168 416 69 416 170 416 170 417 69 417 95 417 170 418 95 418 208 418 208 419 95 419 210 419 210 420 95 420 93 420 210 421 93 421 212 421 212 422 93 422 91 422 212 423 91 423 174 423 174 424 91 424 89 424 174 425 89 425 175 425 175 426 89 426 178 426 178 427 89 427 87 427 178 428 87 428 180 428 180 429 87 429 85 429 180 430 85 430 182 430 182 431 85 431 184 431 184 432 85 432 83 432 184 433 83 433 186 433 186 434 83 434 188 434 188 435 83 435 81 435 188 436 81 436 190 436 190 437 81 437 192 437 192 438 81 438 79 438 192 439 79 439 194 439 194 440 79 440 196 440 196 441 79 441 77 441 196 442 77 442 198 442 198 443 77 443 200 443 200 444 77 444 75 444 200 445 75 445 202 445 202 446 75 446 73 446 162 447 172 447 204 447 204 448 172 448 205 448 205 449 172 449 170 449 205 450 170 450 208 450 214 451 215 451 216 451 216 452 215 452 217 452 215 453 218 453 217 453 217 454 218 454 219 454 218 455 220 455 219 455 219 456 220 456 221 456 220 457 214 457 221 457 221 458 214 458 216 458 222 459 223 459 224 459 224 460 223 460 225 460 223 461 226 461 225 461 225 462 226 462 227 462 226 463 228 463 227 463 227 464 228 464 229 464 228 465 222 465 229 465 229 466 222 466 224 466 230 467 231 467 232 467 232 468 231 468 233 468 231 469 234 469 233 469 233 470 234 470 235 470 234 471 236 471 235 471 235 472 236 472 237 472 236 473 230 473 237 473 237 474 230 474 232 474 238 475 239 475 240 475 240 476 239 476 241 476 239 477 242 477 241 477 241 478 242 478 243 478 242 479 244 479 243 479 243 480 244 480 245 480 244 481 238 481 245 481 245 482 238 482 240 482 246 483 247 483 248 483 248 484 247 484 249 484 247 485 250 485 249 485 249 486 250 486 251 486 250 487 252 487 251 487 251 488 252 488 253 488 252 489 246 489 253 489 253 490 246 490 248 490 254 491 255 491 256 491 256 492 255 492 257 492 256 493 257 493 258 493 258 494 257 494 259 494 258 495 259 495 260 495 260 496 259 496 261 496 260 497 261 497 262 497 262 498 261 498 263 498 262 499 263 499 264 499 264 500 263 500 265 500 264 501 265 501 266 501 266 502 265 502 267 502 266 503 267 503 268 503 268 504 267 504 269 504 268 505 269 505 270 505 270 506 269 506 271 506 270 507 271 507 272 507 272 508 271 508 273 508 272 509 273 509 274 509 274 510 273 510 275 510 274 511 275 511 276 511 276 512 275 512 277 512 276 513 277 513 278 513 278 514 277 514 279 514 278 515 279 515 280 515 280 516 279 516 281 516 280 517 281 517 254 517 254 518 281 518 255 518 282 519 283 519 284 519 284 520 283 520 285 520 286 521 287 521 288 521 288 522 287 522 289 522 289 523 287 523 290 523 289 524 290 524 291 524 291 525 290 525 292 525 291 526 292 526 293 526 293 527 292 527 294 527 293 528 294 528 295 528 295 529 294 529 296 529 295 530 296 530 297 530 297 531 296 531 298 531 297 532 298 532 299 532 299 533 298 533 300 533 299 534 300 534 301 534 301 535 300 535 302 535 301 536 302 536 303 536 303 537 302 537 304 537 303 538 304 538 305 538 305 539 304 539 306 539 305 540 306 540 307 540 307 541 306 541 308 541 307 542 308 542 309 542 309 543 308 543 310 543 309 544 310 544 311 544 311 545 310 545 312 545 311 546 312 546 313 546 313 547 312 547 314 547 313 548 314 548 315 548 315 549 314 549 316 549 315 550 316 550 317 550 317 551 316 551 318 551 317 552 318 552 319 552 319 553 318 553 320 553 319 554 320 554 321 554 321 555 320 555 322 555 321 556 322 556 323 556 323 557 322 557 324 557 323 558 324 558 325 558 326 559 327 559 328 559 328 560 327 560 329 560 329 561 327 561 330 561 329 562 330 562 331 562 331 563 330 563 288 563 288 564 330 564 286 564 332 565 326 565 333 565 333 566 326 566 328 566 334 567 332 567 335 567 335 568 332 568 333 568 336 569 334 569 337 569 337 570 334 570 335 570 283 571 338 571 285 571 285 572 338 572 339 572 339 573 338 573 340 573 339 574 340 574 341 574 341 575 340 575 342 575 341 576 342 576 343 576 343 577 342 577 344 577 343 578 344 578 345 578 345 579 344 579 346 579 346 580 344 580 347 580 346 581 347 581 348 581 346 582 348 582 349 582 349 583 348 583 336 583 349 584 336 584 337 584 324 585 350 585 325 585 325 586 350 586 351 586 285 587 232 587 284 587 284 588 232 588 233 588 284 589 233 589 248 589 248 590 233 590 235 590 248 591 235 591 253 591 253 592 235 592 221 592 253 593 221 593 256 593 256 594 221 594 254 594 254 595 221 595 216 595 254 596 216 596 328 596 328 597 216 597 227 597 328 598 227 598 333 598 333 599 227 599 229 599 333 600 229 600 335 600 335 601 229 601 224 601 335 602 224 602 225 602 339 603 341 603 285 603 285 604 341 604 343 604 285 605 343 605 345 605 345 606 346 606 285 606 285 607 346 607 349 607 285 608 349 608 337 608 335 609 245 609 337 609 337 610 245 610 240 610 337 611 240 611 241 611 254 612 328 612 280 612 280 613 328 613 329 613 280 614 329 614 278 614 278 615 329 615 331 615 278 616 331 616 288 616 278 617 288 617 276 617 276 618 288 618 352 618 276 619 352 619 353 619 353 620 354 620 276 620 276 621 354 621 274 621 274 622 354 622 355 622 274 623 355 623 356 623 356 624 357 624 274 624 274 625 357 625 272 625 272 626 357 626 358 626 272 627 358 627 359 627 359 628 360 628 272 628 272 629 360 629 270 629 270 630 360 630 361 630 270 631 361 631 362 631 270 632 362 632 268 632 268 633 362 633 363 633 268 634 363 634 364 634 268 635 364 635 266 635 266 636 364 636 365 636 266 637 365 637 366 637 366 638 367 638 266 638 266 639 367 639 264 639 264 640 367 640 368 640 264 641 368 641 369 641 369 642 370 642 264 642 264 643 370 643 325 643 264 644 325 644 262 644 262 645 325 645 251 645 262 646 251 646 260 646 260 647 251 647 258 647 258 648 251 648 253 648 258 649 253 649 256 649 251 650 325 650 249 650 249 651 325 651 351 651 249 652 351 652 284 652 284 653 351 653 371 653 284 654 371 654 372 654 372 655 373 655 284 655 284 656 373 656 374 656 284 657 374 657 375 657 375 658 376 658 284 658 227 659 216 659 225 659 225 660 216 660 217 660 225 661 217 661 335 661 335 662 217 662 219 662 335 663 219 663 245 663 245 664 219 664 243 664 243 665 219 665 221 665 243 666 221 666 237 666 237 667 221 667 235 667 237 668 232 668 243 668 243 669 232 669 241 669 241 670 232 670 285 670 241 671 285 671 337 671 248 672 249 672 284 672 282 673 230 673 283 673 283 674 230 674 239 674 283 675 239 675 336 675 336 676 239 676 238 676 336 677 238 677 244 677 377 678 378 678 282 678 282 679 378 679 379 679 282 680 379 680 380 680 380 681 381 681 282 681 282 682 381 682 382 682 282 683 382 683 350 683 282 684 350 684 247 684 247 685 350 685 324 685 247 686 324 686 250 686 250 687 324 687 263 687 250 688 263 688 261 688 263 689 324 689 265 689 265 690 324 690 383 690 265 691 383 691 384 691 384 692 385 692 265 692 265 693 385 693 386 693 265 694 386 694 267 694 267 695 386 695 387 695 267 696 387 696 388 696 388 697 389 697 267 697 267 698 389 698 269 698 269 699 389 699 390 699 269 700 390 700 391 700 269 701 391 701 271 701 271 702 391 702 392 702 271 703 392 703 393 703 271 704 393 704 273 704 273 705 393 705 394 705 273 706 394 706 395 706 395 707 396 707 273 707 273 708 396 708 275 708 275 709 396 709 397 709 275 710 397 710 398 710 398 711 399 711 275 711 275 712 399 712 277 712 277 713 399 713 400 713 277 714 400 714 401 714 401 715 286 715 277 715 277 716 286 716 279 716 279 717 286 717 330 717 279 718 330 718 327 718 279 719 327 719 281 719 281 720 327 720 326 720 281 721 326 721 255 721 255 722 326 722 214 722 255 723 214 723 220 723 214 724 326 724 226 724 226 725 326 725 332 725 226 726 332 726 228 726 228 727 332 727 334 727 228 728 334 728 222 728 222 729 334 729 223 729 223 730 334 730 215 730 223 731 215 731 226 731 226 732 215 732 214 732 336 733 244 733 334 733 334 734 244 734 218 734 334 735 218 735 215 735 336 736 348 736 283 736 283 737 348 737 347 737 283 738 347 738 344 738 344 739 342 739 283 739 283 740 342 740 340 740 283 741 340 741 338 741 255 742 220 742 257 742 257 743 220 743 252 743 257 744 252 744 259 744 259 745 252 745 250 745 259 746 250 746 261 746 247 747 246 747 282 747 282 748 246 748 231 748 282 749 231 749 230 749 246 750 252 750 231 750 231 751 252 751 234 751 234 752 252 752 220 752 234 753 220 753 236 753 236 754 220 754 242 754 236 755 242 755 239 755 244 756 242 756 218 756 218 757 242 757 220 757 230 758 236 758 239 758 282 759 284 759 377 759 377 760 284 760 376 760 377 761 376 761 375 761 377 762 375 762 378 762 378 763 375 763 374 763 378 764 374 764 379 764 379 765 374 765 373 765 379 766 373 766 380 766 380 767 373 767 372 767 380 768 372 768 381 768 381 769 372 769 371 769 381 770 371 770 382 770 382 771 371 771 351 771 382 772 351 772 350 772 402 773 403 773 404 773 404 774 403 774 405 774 404 775 405 775 406 775 406 776 405 776 407 776 406 777 407 777 408 777 408 778 407 778 409 778 408 779 409 779 410 779 410 780 409 780 411 780 410 781 411 781 412 781 412 782 411 782 413 782 412 783 413 783 414 783 414 784 413 784 415 784 414 785 415 785 416 785 416 786 415 786 417 786 416 787 417 787 418 787 418 788 417 788 419 788 418 789 419 789 420 789 420 790 419 790 421 790 420 791 421 791 422 791 422 792 421 792 423 792 422 793 423 793 424 793 424 794 423 794 425 794 424 795 425 795 402 795 402 796 425 796 403 796 426 797 427 797 428 797 428 798 427 798 429 798 406 799 430 799 404 799 404 800 430 800 431 800 404 801 431 801 432 801 430 802 406 802 433 802 433 803 406 803 408 803 433 804 408 804 434 804 434 805 408 805 435 805 435 806 408 806 410 806 435 807 410 807 436 807 436 808 410 808 412 808 436 809 412 809 437 809 437 810 412 810 438 810 438 811 412 811 414 811 438 812 414 812 439 812 439 813 414 813 416 813 439 814 416 814 440 814 440 815 416 815 441 815 441 816 416 816 418 816 441 817 418 817 429 817 429 818 418 818 420 818 429 819 420 819 428 819 428 820 420 820 442 820 442 821 420 821 422 821 442 822 422 822 443 822 443 823 422 823 424 823 443 824 424 824 444 824 444 825 424 825 445 825 445 826 424 826 402 826 445 827 402 827 432 827 432 828 402 828 404 828 436 829 446 829 435 829 435 830 446 830 447 830 448 831 449 831 443 831 443 832 449 832 442 832 450 833 451 833 445 833 445 834 451 834 444 834 403 835 452 835 405 835 405 836 452 836 453 836 405 837 453 837 454 837 452 838 403 838 450 838 450 839 403 839 425 839 450 840 425 840 451 840 451 841 425 841 455 841 455 842 425 842 423 842 455 843 423 843 456 843 456 844 423 844 421 844 456 845 421 845 426 845 426 846 421 846 427 846 427 847 421 847 419 847 427 848 419 848 457 848 457 849 419 849 417 849 457 850 417 850 458 850 458 851 417 851 459 851 459 852 417 852 415 852 459 853 415 853 460 853 460 854 415 854 413 854 460 855 413 855 461 855 461 856 413 856 462 856 462 857 413 857 411 857 462 858 411 858 223 858 223 859 411 859 409 859 223 860 409 860 463 860 463 861 409 861 464 861 464 862 409 862 407 862 464 863 407 863 454 863 454 864 407 864 405 864 465 865 227 865 223 865 223 866 227 866 462 866 456 867 466 867 455 867 455 868 466 868 467 868 442 869 449 869 456 869 456 870 449 870 466 870 433 871 464 871 430 871 430 872 464 872 454 872 430 873 454 873 453 873 430 874 453 874 431 874 431 875 453 875 452 875 431 876 452 876 432 876 432 877 452 877 450 877 432 878 450 878 445 878 463 879 464 879 434 879 434 880 464 880 433 880 223 881 463 881 435 881 435 882 463 882 434 882 465 883 223 883 447 883 447 884 223 884 435 884 227 885 465 885 446 885 446 886 465 886 447 886 462 489 227 489 436 489 436 887 227 887 446 887 461 888 462 888 437 888 437 889 462 889 436 889 460 890 461 890 438 890 438 891 461 891 437 891 429 892 427 892 441 892 441 893 427 893 457 893 441 894 457 894 458 894 441 895 458 895 440 895 440 896 458 896 459 896 440 897 459 897 439 897 439 898 459 898 460 898 439 899 460 899 438 899 449 900 448 900 466 900 466 901 448 901 467 901 448 902 443 902 467 902 467 903 443 903 455 903 428 904 442 904 426 904 426 905 442 905 456 905 443 906 444 906 455 906 455 907 444 907 451 907 468 908 469 908 470 908 470 909 469 909 471 909 470 910 471 910 472 910 472 911 471 911 473 911 472 912 473 912 474 912 474 913 473 913 475 913 474 914 475 914 476 914 476 915 475 915 477 915 476 916 477 916 478 916 478 917 477 917 479 917 478 918 479 918 480 918 480 919 479 919 481 919 480 920 481 920 482 920 482 921 481 921 483 921 482 922 483 922 484 922 484 923 483 923 485 923 484 924 485 924 486 924 486 925 485 925 487 925 486 926 487 926 488 926 488 927 487 927 489 927 488 928 489 928 490 928 490 929 489 929 491 929 490 930 491 930 468 930 468 931 491 931 469 931 492 932 493 932 494 932 494 933 493 933 495 933 472 934 496 934 470 934 470 935 496 935 497 935 470 936 497 936 498 936 496 937 472 937 499 937 499 938 472 938 474 938 499 939 474 939 500 939 500 940 474 940 215 940 215 941 474 941 476 941 215 942 476 942 501 942 501 943 476 943 478 943 501 944 478 944 502 944 502 945 478 945 503 945 503 946 478 946 480 946 503 947 480 947 504 947 504 948 480 948 482 948 504 949 482 949 505 949 505 950 482 950 506 950 506 951 482 951 484 951 506 952 484 952 495 952 495 953 484 953 486 953 495 954 486 954 494 954 494 955 486 955 507 955 507 956 486 956 488 956 507 957 488 957 508 957 508 958 488 958 490 958 508 959 490 959 509 959 509 960 490 960 510 960 510 961 490 961 468 961 510 962 468 962 498 962 498 963 468 963 470 963 501 964 511 964 215 964 215 965 511 965 217 965 512 966 513 966 508 966 508 967 513 967 507 967 514 968 515 968 510 968 510 969 515 969 509 969 469 970 516 970 471 970 471 971 516 971 517 971 471 972 517 972 518 972 516 973 469 973 514 973 514 974 469 974 491 974 514 975 491 975 515 975 515 976 491 976 519 976 519 977 491 977 489 977 519 978 489 978 520 978 520 979 489 979 487 979 520 980 487 980 492 980 492 981 487 981 493 981 493 982 487 982 485 982 493 983 485 983 521 983 521 984 485 984 483 984 521 985 483 985 522 985 522 986 483 986 523 986 523 987 483 987 481 987 523 988 481 988 524 988 524 989 481 989 479 989 524 990 479 990 525 990 525 991 479 991 220 991 220 992 479 992 477 992 220 993 477 993 526 993 526 994 477 994 475 994 526 995 475 995 527 995 527 996 475 996 528 996 528 997 475 997 473 997 528 998 473 998 518 998 518 999 473 999 471 999 529 1000 530 1000 526 1000 526 1001 530 1001 220 1001 520 1002 531 1002 519 1002 519 1003 531 1003 532 1003 507 1004 513 1004 520 1004 520 1005 513 1005 531 1005 499 1006 528 1006 496 1006 496 1007 528 1007 518 1007 496 1008 518 1008 517 1008 496 1009 517 1009 497 1009 497 1010 517 1010 516 1010 497 1011 516 1011 498 1011 498 1012 516 1012 514 1012 498 1013 514 1013 510 1013 527 1014 528 1014 500 1014 500 1015 528 1015 499 1015 526 1016 527 1016 215 1016 215 1017 527 1017 500 1017 529 1018 526 1018 217 1018 217 1019 526 1019 215 1019 530 1020 529 1020 511 1020 511 1021 529 1021 217 1021 220 1022 530 1022 501 1022 501 1023 530 1023 511 1023 525 1024 220 1024 502 1024 502 1025 220 1025 501 1025 524 1026 525 1026 503 1026 503 1027 525 1027 502 1027 495 1028 493 1028 506 1028 506 1029 493 1029 521 1029 506 1030 521 1030 522 1030 506 1031 522 1031 505 1031 505 1032 522 1032 523 1032 505 1033 523 1033 504 1033 504 1034 523 1034 524 1034 504 1035 524 1035 503 1035 513 1036 512 1036 531 1036 531 1037 512 1037 532 1037 512 1038 508 1038 532 1038 532 1039 508 1039 519 1039 494 1040 507 1040 492 1040 492 1041 507 1041 520 1041 508 1042 509 1042 519 1042 519 1043 509 1043 515 1043 25 1044 27 1044 533 1044 533 1045 27 1045 534 1045 535 1046 25 1046 536 1046 536 1047 25 1047 533 1047 537 1048 535 1048 538 1048 538 1049 535 1049 536 1049 539 1050 540 1050 541 1050 541 1051 540 1051 542 1051 543 1052 539 1052 544 1052 544 1053 539 1053 541 1053 540 1054 545 1054 542 1054 542 1055 545 1055 546 1055 547 1056 548 1056 549 1056 549 1057 548 1057 550 1057 551 1058 547 1058 552 1058 552 1059 547 1059 549 1059 548 1060 553 1060 550 1060 550 1061 553 1061 554 1061 16 1062 17 1062 555 1062 555 1063 17 1063 20 1063 18 1064 16 1064 556 1064 556 1065 16 1065 555 1065 552 1066 557 1066 551 1066 551 1067 557 1067 558 1067 544 1068 554 1068 543 1068 543 1069 554 1069 553 1069 545 1070 559 1070 546 1070 546 1071 559 1071 560 1071 538 1072 561 1072 537 1072 537 1073 561 1073 562 1073 19 1074 563 1074 21 1074 21 1075 563 1075 564 1075 565 1076 566 1076 567 1076 567 1077 566 1077 568 1077 569 1078 570 1078 571 1078 571 1079 570 1079 572 1079 570 1080 562 1080 572 1080 572 1081 562 1081 561 1081 27 1082 18 1082 534 1082 534 1083 18 1083 556 1083 573 1084 574 1084 569 1084 569 1085 574 1085 575 1085 569 1086 575 1086 576 1086 577 1087 578 1087 576 1087 576 1088 578 1088 579 1088 576 1089 579 1089 580 1089 581 1090 582 1090 577 1090 577 1091 582 1091 583 1091 577 1092 583 1092 584 1092 584 1093 583 1093 585 1093 585 1094 583 1094 586 1094 586 1095 583 1095 587 1095 587 1096 583 1096 588 1096 588 1097 583 1097 589 1097 589 1098 583 1098 566 1098 589 1099 566 1099 590 1099 590 1100 566 1100 591 1100 591 1101 566 1101 592 1101 592 1102 566 1102 593 1102 593 1103 566 1103 594 1103 594 1104 566 1104 595 1104 595 1105 566 1105 576 1105 595 1106 576 1106 580 1106 581 1107 596 1107 582 1107 582 1108 596 1108 597 1108 582 1109 598 1109 583 1109 583 1110 598 1110 599 1110 599 1111 598 1111 543 1111 599 1112 543 1112 553 1112 559 1113 545 1113 598 1113 598 1114 545 1114 543 1114 545 1115 540 1115 543 1115 543 1116 540 1116 539 1116 548 1117 547 1117 553 1117 553 1118 547 1118 551 1118 553 1119 551 1119 599 1119 599 1120 551 1120 558 1120 599 1121 558 1121 600 1121 600 1122 558 1122 601 1122 601 1123 558 1123 602 1123 601 1124 602 1124 603 1124 603 1125 602 1125 604 1125 604 1126 602 1126 605 1126 604 1127 605 1127 606 1127 606 1128 605 1128 607 1128 607 1129 605 1129 608 1129 608 1130 605 1130 563 1130 608 1131 563 1131 609 1131 609 1132 563 1132 565 1132 609 1133 565 1133 610 1133 610 1134 565 1134 611 1134 611 1135 565 1135 612 1135 612 1136 565 1136 613 1136 613 1137 565 1137 614 1137 614 1138 565 1138 599 1138 614 1139 599 1139 615 1139 615 1140 599 1140 616 1140 616 1141 599 1141 617 1141 617 1142 599 1142 618 1142 618 1143 599 1143 619 1143 619 1144 599 1144 600 1144 558 1145 620 1145 602 1145 605 1146 621 1146 563 1146 563 1147 19 1147 565 1147 565 1148 19 1148 18 1148 565 1149 18 1149 27 1149 25 1150 537 1150 27 1150 27 1151 537 1151 570 1151 27 1152 570 1152 565 1152 565 1153 570 1153 566 1153 566 1154 570 1154 569 1154 566 1155 569 1155 576 1155 25 1156 535 1156 537 1156 537 1157 562 1157 570 1157 604 1158 606 1158 622 1158 622 1159 606 1159 623 1159 622 1160 623 1160 624 1160 624 1161 623 1161 625 1161 624 1162 625 1162 626 1162 626 1163 625 1163 627 1163 626 1164 627 1164 628 1164 628 1165 627 1165 629 1165 628 1166 629 1166 630 1166 630 1167 629 1167 631 1167 630 1168 631 1168 615 1168 615 1169 631 1169 614 1169 589 1170 590 1170 632 1170 632 1171 590 1171 633 1171 632 1172 633 1172 634 1172 634 1173 633 1173 635 1173 634 1174 635 1174 636 1174 636 1175 635 1175 637 1175 636 1176 637 1176 638 1176 638 1177 637 1177 639 1177 638 1178 639 1178 640 1178 640 1179 639 1179 641 1179 640 1180 641 1180 642 1180 642 1181 641 1181 578 1181 642 1182 578 1182 577 1182 584 1183 643 1183 577 1183 577 1184 643 1184 644 1184 577 1185 644 1185 642 1185 645 1186 646 1186 599 1186 599 1187 646 1187 583 1187 647 1188 648 1188 582 1188 582 1189 648 1189 598 1189 649 1190 650 1190 576 1190 576 1191 650 1191 577 1191 563 1192 621 1192 564 1192 564 1193 621 1193 651 1193 621 1194 605 1194 651 1194 651 1195 605 1195 652 1195 566 1196 583 1196 568 1196 568 1197 583 1197 646 1197 599 1198 565 1198 645 1198 645 1199 565 1199 567 1199 648 1200 560 1200 598 1200 598 1201 560 1201 559 1201 620 1202 558 1202 653 1202 653 1203 558 1203 557 1203 654 1204 655 1204 567 1204 567 1205 655 1205 656 1205 567 1206 656 1206 657 1206 657 1207 658 1207 567 1207 567 1208 658 1208 659 1208 567 1209 659 1209 660 1209 660 1210 659 1210 661 1210 661 1211 659 1211 662 1211 661 1212 662 1212 663 1212 663 1213 662 1213 664 1213 663 1214 664 1214 665 1214 665 1215 664 1215 666 1215 665 1216 666 1216 667 1216 667 1217 666 1217 668 1217 667 1218 668 1218 669 1218 669 1219 668 1219 670 1219 669 1220 670 1220 671 1220 671 1221 670 1221 672 1221 671 1222 672 1222 652 1222 652 1223 672 1223 673 1223 652 1224 673 1224 674 1224 652 1225 674 1225 564 1225 564 1226 674 1226 654 1226 564 1227 654 1227 567 1227 675 1228 676 1228 568 1228 568 1229 676 1229 677 1229 568 1230 677 1230 649 1230 649 1231 677 1231 678 1231 649 1232 678 1232 679 1232 679 1233 680 1233 649 1233 649 1234 680 1234 681 1234 649 1235 681 1235 650 1235 650 1236 681 1236 682 1236 650 1237 682 1237 683 1237 681 1238 680 1238 684 1238 684 1239 680 1239 685 1239 684 1240 685 1240 686 1240 686 1241 685 1241 687 1241 686 1242 687 1242 688 1242 688 1243 687 1243 689 1243 688 1244 689 1244 690 1244 690 1245 689 1245 691 1245 690 1246 691 1246 692 1246 692 1247 691 1247 693 1247 692 1248 693 1248 694 1248 694 1249 693 1249 695 1249 694 1250 695 1250 646 1250 646 1251 695 1251 568 1251 568 1252 695 1252 696 1252 568 1253 696 1253 697 1253 697 1254 675 1254 568 1254 683 1255 698 1255 650 1255 650 1256 698 1256 646 1256 650 1257 646 1257 647 1257 647 1258 646 1258 648 1258 648 1259 646 1259 645 1259 648 1260 645 1260 544 1260 544 1261 645 1261 554 1261 554 1262 645 1262 552 1262 554 1263 552 1263 549 1263 698 1264 699 1264 646 1264 646 1265 699 1265 700 1265 646 1266 700 1266 701 1266 701 1267 702 1267 646 1267 646 1268 702 1268 694 1268 567 1269 660 1269 645 1269 645 1270 660 1270 703 1270 645 1271 703 1271 704 1271 704 1272 705 1272 645 1272 645 1273 705 1273 706 1273 645 1274 706 1274 707 1274 645 1275 707 1275 557 1275 557 1276 707 1276 708 1276 557 1277 708 1277 709 1277 709 1278 708 1278 710 1278 709 1279 710 1279 671 1279 568 1280 572 1280 567 1280 567 1281 572 1281 534 1281 567 1282 534 1282 556 1282 568 1283 649 1283 571 1283 571 1284 649 1284 711 1284 571 1285 711 1285 712 1285 712 1286 713 1286 571 1286 571 1287 572 1287 568 1287 561 1288 538 1288 572 1288 572 1289 538 1289 534 1289 538 1290 536 1290 534 1290 534 1291 536 1291 533 1291 555 1292 20 1292 556 1292 556 1293 20 1293 21 1293 556 1294 21 1294 567 1294 567 1295 21 1295 564 1295 564 1296 651 1296 652 1296 652 1297 709 1297 671 1297 709 1298 653 1298 557 1298 557 1299 552 1299 645 1299 549 1300 550 1300 554 1300 648 1301 544 1301 546 1301 546 1302 544 1302 541 1302 546 1303 541 1303 542 1303 546 1304 560 1304 648 1304 714 1305 715 1305 647 1305 647 1306 715 1306 716 1306 647 1307 716 1307 650 1307 602 1308 620 1308 709 1308 709 1309 620 1309 653 1309 605 1310 602 1310 652 1310 652 1311 602 1311 709 1311 654 1312 609 1312 655 1312 655 1313 609 1313 610 1313 655 1314 610 1314 656 1314 656 1315 610 1315 611 1315 656 1316 611 1316 612 1316 654 1317 674 1317 609 1317 609 1318 674 1318 608 1318 608 1319 674 1319 673 1319 608 1320 673 1320 607 1320 607 1321 673 1321 672 1321 607 1322 672 1322 606 1322 606 1323 672 1323 670 1323 606 1324 670 1324 623 1324 623 1325 670 1325 668 1325 623 1326 668 1326 625 1326 625 1327 668 1327 666 1327 625 1328 666 1328 627 1328 627 1329 666 1329 664 1329 627 1330 664 1330 629 1330 629 1331 664 1331 662 1331 629 1332 662 1332 631 1332 631 1333 662 1333 659 1333 631 1334 659 1334 614 1334 614 1335 659 1335 658 1335 614 1336 658 1336 613 1336 613 1337 658 1337 657 1337 613 1338 657 1338 612 1338 612 1339 657 1339 656 1339 675 1340 593 1340 676 1340 676 1341 593 1341 594 1341 676 1342 594 1342 677 1342 677 1343 594 1343 595 1343 677 1344 595 1344 580 1344 675 1345 697 1345 593 1345 593 1346 697 1346 592 1346 592 1347 697 1347 696 1347 592 1348 696 1348 591 1348 591 1349 696 1349 695 1349 591 1350 695 1350 590 1350 590 1351 695 1351 693 1351 590 1352 693 1352 633 1352 633 1353 693 1353 691 1353 633 1354 691 1354 635 1354 635 1355 691 1355 689 1355 635 1356 689 1356 637 1356 637 1357 689 1357 687 1357 637 1358 687 1358 639 1358 639 1359 687 1359 685 1359 639 1360 685 1360 641 1360 641 1361 685 1361 680 1361 641 1362 680 1362 578 1362 578 1363 680 1363 679 1363 578 1364 679 1364 579 1364 579 1365 679 1365 678 1365 579 1366 678 1366 580 1366 580 1367 678 1367 677 1367 690 1368 634 1368 688 1368 688 1369 634 1369 636 1369 688 1370 636 1370 686 1370 686 1371 636 1371 638 1371 686 1372 638 1372 640 1372 690 1373 692 1373 634 1373 634 1374 692 1374 632 1374 632 1375 692 1375 694 1375 632 1376 694 1376 589 1376 589 1377 694 1377 702 1377 589 1378 702 1378 588 1378 588 1379 702 1379 701 1379 588 1380 701 1380 587 1380 587 1381 701 1381 700 1381 587 1382 700 1382 586 1382 586 1383 700 1383 699 1383 586 1384 699 1384 585 1384 585 1385 699 1385 698 1385 585 1386 698 1386 584 1386 584 1387 698 1387 683 1387 584 1388 683 1388 643 1388 643 1389 683 1389 682 1389 643 1390 682 1390 644 1390 644 1391 682 1391 681 1391 644 1392 681 1392 642 1392 642 1393 681 1393 684 1393 642 1394 684 1394 640 1394 640 1395 684 1395 686 1395 667 1396 624 1396 665 1396 665 1397 624 1397 626 1397 665 1398 626 1398 663 1398 663 1399 626 1399 628 1399 663 1400 628 1400 630 1400 667 1401 669 1401 624 1401 624 1402 669 1402 622 1402 622 1403 669 1403 671 1403 622 1404 671 1404 604 1404 604 1405 671 1405 710 1405 604 1406 710 1406 603 1406 603 1407 710 1407 708 1407 603 1408 708 1408 601 1408 601 1409 708 1409 707 1409 601 1410 707 1410 600 1410 600 1411 707 1411 706 1411 600 1412 706 1412 619 1412 619 1413 706 1413 705 1413 619 1414 705 1414 618 1414 618 1415 705 1415 704 1415 618 1416 704 1416 617 1416 617 1417 704 1417 703 1417 617 1418 703 1418 616 1418 616 1419 703 1419 660 1419 616 1420 660 1420 615 1420 615 1421 660 1421 661 1421 615 1422 661 1422 630 1422 630 1423 661 1423 663 1423 650 1424 716 1424 577 1424 577 1425 716 1425 581 1425 581 1426 716 1426 715 1426 581 1427 715 1427 596 1427 596 1428 715 1428 714 1428 596 1429 714 1429 597 1429 597 1430 714 1430 647 1430 597 1431 647 1431 582 1431 571 1432 713 1432 569 1432 569 1433 713 1433 573 1433 573 1434 713 1434 712 1434 573 1435 712 1435 574 1435 574 1436 712 1436 711 1436 574 1437 711 1437 575 1437 575 1438 711 1438 649 1438 575 1439 649 1439 576 1439 717 1440 718 1440 719 1440 719 1441 718 1441 720 1441 719 1442 720 1442 721 1442 721 1443 720 1443 722 1443 721 1444 722 1444 723 1444 723 1445 722 1445 724 1445 723 1446 724 1446 725 1446 725 1447 724 1447 726 1447 725 1448 726 1448 727 1448 727 1449 726 1449 728 1449 727 1450 728 1450 729 1450 729 1451 728 1451 730 1451 729 1452 730 1452 731 1452 731 1453 730 1453 732 1453 731 1454 732 1454 733 1454 733 1455 732 1455 734 1455 733 1456 734 1456 735 1456 735 1457 734 1457 736 1457 735 1458 736 1458 737 1458 737 1459 736 1459 738 1459 737 1460 738 1460 739 1460 739 1461 738 1461 740 1461 739 1462 740 1462 741 1462 741 1463 740 1463 742 1463 741 1464 742 1464 743 1464 743 1465 742 1465 744 1465 743 1466 744 1466 745 1466 745 1467 744 1467 746 1467 745 1468 746 1468 747 1468 747 1469 746 1469 748 1469 747 1470 748 1470 749 1470 749 1471 748 1471 750 1471 749 1472 750 1472 751 1472 751 1473 750 1473 752 1473 751 1474 752 1474 753 1474 753 1475 752 1475 754 1475 753 1476 754 1476 755 1476 755 1477 754 1477 756 1477 755 1478 756 1478 757 1478 757 1479 756 1479 758 1479 757 1480 758 1480 759 1480 759 1481 758 1481 760 1481 759 1482 760 1482 761 1482 761 1483 760 1483 762 1483 761 1484 762 1484 763 1484 763 1485 762 1485 764 1485 763 1486 764 1486 765 1486 765 1487 764 1487 766 1487 765 1488 766 1488 767 1488 767 1489 766 1489 768 1489 767 1490 768 1490 769 1490 769 1491 768 1491 770 1491 769 1492 770 1492 771 1492 771 1493 770 1493 772 1493 771 1494 772 1494 773 1494 773 1495 772 1495 774 1495 773 1496 774 1496 775 1496 775 1497 774 1497 776 1497 775 1498 776 1498 777 1498 777 1499 776 1499 778 1499 777 1500 778 1500 779 1500 779 1501 778 1501 780 1501 779 1502 780 1502 781 1502 781 1503 780 1503 782 1503 781 1504 782 1504 783 1504 783 1505 782 1505 784 1505 783 1506 784 1506 785 1506 785 1507 784 1507 786 1507 785 1508 786 1508 787 1508 787 1509 786 1509 788 1509 787 1510 788 1510 789 1510 789 1511 788 1511 790 1511 789 1512 790 1512 791 1512 791 1513 790 1513 792 1513 791 1514 792 1514 793 1514 793 1515 792 1515 794 1515 793 1516 794 1516 795 1516 795 1517 794 1517 796 1517 795 1518 796 1518 797 1518 797 1519 796 1519 798 1519 797 1520 798 1520 799 1520 799 1521 798 1521 800 1521 799 1522 800 1522 801 1522 801 1523 800 1523 802 1523 801 1524 802 1524 803 1524 803 1525 802 1525 804 1525 803 1526 804 1526 805 1526 805 1527 804 1527 806 1527 805 1528 806 1528 807 1528 807 1529 806 1529 808 1529 807 1530 808 1530 809 1530 809 1531 808 1531 810 1531 809 1532 810 1532 811 1532 811 1533 810 1533 812 1533 811 1534 812 1534 813 1534 813 1535 812 1535 814 1535 813 1536 814 1536 815 1536 815 1537 814 1537 816 1537 815 1538 816 1538 817 1538 817 1539 816 1539 818 1539 817 1540 818 1540 819 1540 819 1541 818 1541 820 1541 819 1542 820 1542 821 1542 821 1543 820 1543 822 1543 821 1544 822 1544 823 1544 823 1545 822 1545 824 1545 823 1546 824 1546 825 1546 825 1547 824 1547 826 1547 825 1548 826 1548 827 1548 827 1549 826 1549 828 1549 827 1550 828 1550 829 1550 829 1551 828 1551 830 1551 829 1552 830 1552 831 1552 831 1553 830 1553 832 1553 831 1554 832 1554 833 1554 833 1555 832 1555 834 1555 833 1556 834 1556 717 1556 717 1557 834 1557 718 1557 719 1558 721 1558 717 1558 717 1559 721 1559 833 1559 833 1560 721 1560 723 1560 833 1561 723 1561 831 1561 831 1562 723 1562 725 1562 831 1563 725 1563 829 1563 829 1564 725 1564 727 1564 829 1565 727 1565 827 1565 827 1566 727 1566 729 1566 827 1567 729 1567 825 1567 825 1568 729 1568 731 1568 825 1569 731 1569 823 1569 823 1570 731 1570 733 1570 823 1571 733 1571 821 1571 821 1572 733 1572 735 1572 821 1573 735 1573 819 1573 819 1574 735 1574 737 1574 819 1575 737 1575 817 1575 817 1576 737 1576 739 1576 817 1577 739 1577 815 1577 815 1578 739 1578 741 1578 815 1579 741 1579 813 1579 813 1580 741 1580 743 1580 813 1581 743 1581 811 1581 811 1582 743 1582 745 1582 811 1583 745 1583 809 1583 809 1584 745 1584 747 1584 809 1585 747 1585 807 1585 807 1586 747 1586 749 1586 807 1587 749 1587 805 1587 805 1588 749 1588 751 1588 805 1589 751 1589 803 1589 803 1590 751 1590 753 1590 803 1591 753 1591 801 1591 801 1592 753 1592 755 1592 801 1593 755 1593 799 1593 799 1594 755 1594 757 1594 799 1595 757 1595 797 1595 797 1596 757 1596 759 1596 797 1597 759 1597 795 1597 795 1598 759 1598 761 1598 795 1599 761 1599 793 1599 793 1600 761 1600 763 1600 793 1601 763 1601 791 1601 791 1602 763 1602 765 1602 791 1603 765 1603 789 1603 789 1604 765 1604 767 1604 789 1605 767 1605 787 1605 787 1606 767 1606 769 1606 787 1607 769 1607 785 1607 785 1608 769 1608 771 1608 785 1609 771 1609 783 1609 783 1610 771 1610 773 1610 783 1611 773 1611 781 1611 781 1612 773 1612 775 1612 781 1613 775 1613 779 1613 779 1614 775 1614 777 1614 718 1615 835 1615 720 1615 720 1616 835 1616 836 1616 720 1617 836 1617 837 1617 834 1618 838 1618 718 1618 718 1619 838 1619 839 1619 718 1620 839 1620 835 1620 838 1621 834 1621 840 1621 840 1622 834 1622 832 1622 840 1623 832 1623 841 1623 841 1624 832 1624 842 1624 842 1625 832 1625 830 1625 842 1626 830 1626 843 1626 843 1627 830 1627 844 1627 844 1628 830 1628 828 1628 844 1629 828 1629 845 1629 845 1630 828 1630 846 1630 846 1631 828 1631 826 1631 846 1632 826 1632 847 1632 847 1633 826 1633 848 1633 848 1634 826 1634 824 1634 848 1635 824 1635 849 1635 849 1636 824 1636 822 1636 849 1637 822 1637 850 1637 850 1638 822 1638 851 1638 851 1639 822 1639 820 1639 851 1640 820 1640 852 1640 852 1641 820 1641 853 1641 853 1642 820 1642 818 1642 853 1643 818 1643 854 1643 854 1644 818 1644 855 1644 855 1645 818 1645 816 1645 855 1646 816 1646 856 1646 856 1647 816 1647 857 1647 857 1648 816 1648 858 1648 858 1649 816 1649 859 1649 859 1650 816 1650 860 1650 860 1651 816 1651 861 1651 861 1652 816 1652 814 1652 861 1653 814 1653 812 1653 861 1654 812 1654 862 1654 862 1655 812 1655 810 1655 862 1656 810 1656 863 1656 863 1657 810 1657 808 1657 863 1658 808 1658 806 1658 863 1659 806 1659 864 1659 864 1660 806 1660 804 1660 864 1661 804 1661 802 1661 864 1662 802 1662 865 1662 865 1663 802 1663 800 1663 865 1664 800 1664 798 1664 865 1665 798 1665 866 1665 866 1666 798 1666 796 1666 866 1667 796 1667 794 1667 866 1668 794 1668 867 1668 867 1669 794 1669 792 1669 867 1670 792 1670 790 1670 790 1671 788 1671 867 1671 867 1672 788 1672 868 1672 868 1673 788 1673 786 1673 868 1674 786 1674 784 1674 784 1675 782 1675 868 1675 868 1676 782 1676 780 1676 868 1677 780 1677 778 1677 868 1678 778 1678 869 1678 869 1679 778 1679 776 1679 869 1680 776 1680 774 1680 774 1681 772 1681 869 1681 869 1682 772 1682 770 1682 869 1683 770 1683 768 1683 768 1684 766 1684 869 1684 869 1685 766 1685 764 1685 869 1686 764 1686 762 1686 762 1687 760 1687 869 1687 869 1688 760 1688 758 1688 869 1689 758 1689 756 1689 869 1690 756 1690 870 1690 870 1691 756 1691 754 1691 870 1692 754 1692 871 1692 871 1693 754 1693 752 1693 871 1694 752 1694 872 1694 872 1695 752 1695 873 1695 873 1696 752 1696 750 1696 873 1697 750 1697 874 1697 874 1698 750 1698 875 1698 875 1699 750 1699 748 1699 875 1700 748 1700 876 1700 876 1701 748 1701 877 1701 877 1702 748 1702 746 1702 877 1703 746 1703 878 1703 878 1704 746 1704 879 1704 879 1705 746 1705 744 1705 879 1706 744 1706 880 1706 880 1707 744 1707 742 1707 880 1708 742 1708 740 1708 740 1709 738 1709 880 1709 880 1710 738 1710 736 1710 880 1711 736 1711 734 1711 734 1712 732 1712 880 1712 880 1713 732 1713 730 1713 880 1714 730 1714 728 1714 728 1715 726 1715 880 1715 880 1716 726 1716 724 1716 880 1717 724 1717 722 1717 722 1718 720 1718 880 1718 880 1719 720 1719 881 1719 881 1720 720 1720 882 1720 882 1721 720 1721 883 1721 883 1722 720 1722 884 1722 884 1723 720 1723 885 1723 885 1724 720 1724 886 1724 886 1725 720 1725 887 1725 887 1726 720 1726 888 1726 888 1727 720 1727 889 1727 889 1728 720 1728 890 1728 890 1729 720 1729 891 1729 891 1730 720 1730 892 1730 892 1731 720 1731 893 1731 893 1732 720 1732 894 1732 894 1733 720 1733 895 1733 895 1734 720 1734 896 1734 896 1735 720 1735 897 1735 897 1736 720 1736 898 1736 898 1737 720 1737 899 1737 899 1738 720 1738 837 1738 868 1739 869 1739 900 1739 900 1740 869 1740 901 1740 900 1741 901 1741 902 1741 902 1742 901 1742 903 1742 902 1743 903 1743 904 1743 904 1744 903 1744 905 1744 904 1745 905 1745 906 1745 906 1746 905 1746 907 1746 906 1747 907 1747 908 1747 908 1748 907 1748 909 1748 908 1749 909 1749 910 1749 910 1750 909 1750 911 1750 910 1751 911 1751 912 1751 912 1752 911 1752 913 1752 912 1753 913 1753 914 1753 914 1754 913 1754 915 1754 914 1755 915 1755 916 1755 916 1756 915 1756 917 1756 916 1757 917 1757 918 1757 918 1758 917 1758 919 1758 918 1759 919 1759 920 1759 920 1760 919 1760 921 1760 920 1761 921 1761 922 1761 922 1762 921 1762 923 1762 922 1763 923 1763 924 1763 924 1764 923 1764 925 1764 924 1765 925 1765 926 1765 926 1766 925 1766 927 1766 926 1767 927 1767 928 1767 928 1768 927 1768 929 1768 928 1769 929 1769 930 1769 930 1770 929 1770 931 1770 930 1771 931 1771 932 1771 932 1772 931 1772 933 1772 932 1773 933 1773 934 1773 934 1774 933 1774 935 1774 934 1775 935 1775 936 1775 936 1776 935 1776 937 1776 936 1777 937 1777 938 1777 938 1778 937 1778 939 1778 938 1779 939 1779 940 1779 941 1780 942 1780 943 1780 943 1781 942 1781 944 1781 943 1782 944 1782 945 1782 945 1783 946 1783 943 1783 943 1784 946 1784 947 1784 943 1785 947 1785 948 1785 948 1786 949 1786 943 1786 943 1787 949 1787 950 1787 943 1788 950 1788 951 1788 951 1789 952 1789 943 1789 943 1790 952 1790 953 1790 943 1791 953 1791 954 1791 954 1792 955 1792 943 1792 943 1793 955 1793 956 1793 943 1794 956 1794 957 1794 957 1795 958 1795 943 1795 943 1796 958 1796 959 1796 943 1797 959 1797 960 1797 960 1798 961 1798 943 1798 943 1799 961 1799 962 1799 943 1800 962 1800 963 1800 963 1801 964 1801 943 1801 943 1802 964 1802 965 1802 943 1803 965 1803 966 1803 966 1804 967 1804 943 1804 943 1805 967 1805 968 1805 943 1806 968 1806 969 1806 969 1807 970 1807 943 1807 943 1808 970 1808 971 1808 943 1809 971 1809 972 1809 972 1810 973 1810 943 1810 943 1811 973 1811 974 1811 943 1812 974 1812 975 1812 975 1813 976 1813 943 1813 943 1814 976 1814 977 1814 943 1815 977 1815 978 1815 978 1816 979 1816 943 1816 943 1817 979 1817 980 1817 980 1818 979 1818 981 1818 980 1819 981 1819 982 1819 980 1820 982 1820 983 1820 983 1821 982 1821 984 1821 983 1822 984 1822 985 1822 980 1823 983 1823 986 1823 986 1824 983 1824 987 1824 986 1825 987 1825 988 1825 988 1826 987 1826 989 1826 989 1827 987 1827 990 1827 990 1828 987 1828 991 1828 991 1829 987 1829 992 1829 992 1830 987 1830 993 1830 993 1831 987 1831 994 1831 994 1832 987 1832 995 1832 995 1833 987 1833 996 1833 996 1834 987 1834 997 1834 997 1835 987 1835 998 1835 998 1836 987 1836 999 1836 999 1837 987 1837 1000 1837 1000 1838 987 1838 1001 1838 1001 1839 987 1839 1002 1839 1002 1840 987 1840 1003 1840 1003 1841 987 1841 1004 1841 1004 1842 987 1842 1005 1842 1005 1843 987 1843 1006 1843 988 1844 1007 1844 986 1844 986 1845 1007 1845 1008 1845 986 1846 1008 1846 1009 1846 1009 1847 1010 1847 986 1847 986 1848 1010 1848 1011 1848 986 1849 1011 1849 1012 1849 1012 1850 1013 1850 986 1850 986 1851 1013 1851 1014 1851 986 1852 1014 1852 1015 1852 1015 1853 1016 1853 986 1853 986 1854 1016 1854 1017 1854 986 1855 1017 1855 1018 1855 1018 1856 1019 1856 986 1856 986 1857 1019 1857 1020 1857 986 1858 1020 1858 1021 1858 1021 1859 1022 1859 986 1859 983 1860 1023 1860 987 1860 987 1861 1023 1861 1024 1861 987 1862 1024 1862 1006 1862 1006 1863 1024 1863 1025 1863 1006 1864 1025 1864 1005 1864 1005 1865 1025 1865 1026 1865 1005 1866 1026 1866 1004 1866 1004 1867 1026 1867 1027 1867 1004 1868 1027 1868 1003 1868 1003 1869 1027 1869 1028 1869 1003 1870 1028 1870 1002 1870 1002 1871 1028 1871 1029 1871 1002 1872 1029 1872 1001 1872 1001 1873 1029 1873 1030 1873 1001 1874 1030 1874 1000 1874 1000 1875 1030 1875 1031 1875 1000 1876 1031 1876 999 1876 999 1877 1031 1877 1032 1877 999 1878 1032 1878 998 1878 998 1879 1032 1879 1033 1879 998 1880 1033 1880 997 1880 997 1881 1033 1881 1034 1881 997 1882 1034 1882 996 1882 996 1883 1034 1883 1035 1883 996 1884 1035 1884 995 1884 995 1885 1035 1885 1036 1885 995 1886 1036 1886 994 1886 994 1887 1036 1887 1037 1887 994 1888 1037 1888 993 1888 993 1889 1037 1889 1038 1889 993 1890 1038 1890 992 1890 992 1891 1038 1891 1039 1891 992 1892 1039 1892 991 1892 991 1893 1039 1893 1040 1893 991 1894 1040 1894 990 1894 990 1895 1040 1895 1041 1895 990 1896 1041 1896 989 1896 989 1897 1041 1897 1042 1897 989 1898 1042 1898 988 1898 988 1899 1042 1899 1043 1899 988 1900 1043 1900 1007 1900 1007 1901 1043 1901 1044 1901 1007 1902 1044 1902 1008 1902 1008 1903 1044 1903 1045 1903 1008 1904 1045 1904 1009 1904 1009 1905 1045 1905 1046 1905 1009 1906 1046 1906 1010 1906 1010 1907 1046 1907 1047 1907 1010 1908 1047 1908 1011 1908 1011 1909 1047 1909 1048 1909 1011 1910 1048 1910 1012 1910 1012 1911 1048 1911 1049 1911 1012 1912 1049 1912 1013 1912 1013 1913 1049 1913 1050 1913 1013 1914 1050 1914 1014 1914 1014 1915 1050 1915 1051 1915 1014 1916 1051 1916 1015 1916 1015 1917 1051 1917 1052 1917 1015 1918 1052 1918 1016 1918 1016 1919 1052 1919 1053 1919 1016 1920 1053 1920 1017 1920 1017 1921 1053 1921 1054 1921 1017 1922 1054 1922 1018 1922 1018 1923 1054 1923 1055 1923 1018 1924 1055 1924 1019 1924 1019 1925 1055 1925 1056 1925 1019 1926 1056 1926 1020 1926 1020 1927 1056 1927 1057 1927 1020 1928 1057 1928 1021 1928 1021 1929 1057 1929 1058 1929 1021 1930 1058 1930 1022 1930 1022 1931 1058 1931 1059 1931 1022 1932 1059 1932 986 1932 986 1933 1059 1933 1060 1933 986 1934 1060 1934 980 1934 980 1935 1060 1935 1061 1935 1062 1936 1023 1936 985 1936 985 1937 1023 1937 983 1937 1063 1938 1062 1938 984 1938 984 1939 1062 1939 985 1939 835 1940 963 1940 836 1940 836 1941 963 1941 962 1941 836 1942 962 1942 961 1942 963 1943 835 1943 964 1943 964 1944 835 1944 839 1944 964 1945 839 1945 965 1945 965 1946 839 1946 838 1946 965 1947 838 1947 966 1947 966 1948 838 1948 840 1948 966 1949 840 1949 967 1949 967 1950 840 1950 841 1950 967 1951 841 1951 968 1951 968 1952 841 1952 842 1952 968 1953 842 1953 969 1953 969 1954 842 1954 843 1954 969 1955 843 1955 970 1955 970 1956 843 1956 844 1956 970 1957 844 1957 971 1957 971 1958 844 1958 845 1958 971 1959 845 1959 972 1959 972 1960 845 1960 846 1960 972 1961 846 1961 973 1961 973 1962 846 1962 847 1962 973 1963 847 1963 974 1963 974 1964 847 1964 848 1964 974 1965 848 1965 975 1965 975 1966 848 1966 849 1966 975 1967 849 1967 976 1967 976 1968 849 1968 850 1968 976 1969 850 1969 977 1969 977 1970 850 1970 851 1970 977 1971 851 1971 978 1971 978 1972 851 1972 852 1972 978 1973 852 1973 979 1973 979 1974 852 1974 853 1974 979 1975 853 1975 981 1975 981 1976 853 1976 854 1976 981 1977 854 1977 982 1977 982 1978 854 1978 855 1978 982 1979 855 1979 984 1979 984 1980 855 1980 856 1980 984 1981 856 1981 1063 1981 1063 1982 856 1982 1064 1982 1064 1983 856 1983 857 1983 1064 1984 857 1984 1065 1984 1065 1985 857 1985 858 1985 1065 1986 858 1986 1066 1986 1066 1987 858 1987 859 1987 1066 1988 859 1988 1067 1988 1067 1989 859 1989 860 1989 1067 1990 860 1990 1068 1990 1068 1991 860 1991 861 1991 1068 1992 861 1992 1069 1992 1069 1993 861 1993 862 1993 1069 1994 862 1994 1070 1994 1070 1995 862 1995 863 1995 1070 1996 863 1996 1071 1996 1071 1997 863 1997 864 1997 1071 1998 864 1998 1072 1998 1072 1999 864 1999 865 1999 1072 2000 865 2000 1073 2000 1073 2001 865 2001 866 2001 1073 2002 866 2002 1074 2002 1074 2003 866 2003 867 2003 1074 2004 867 2004 1075 2004 1075 2005 867 2005 868 2005 1075 2006 868 2006 1076 2006 1076 2007 868 2007 900 2007 1076 2008 900 2008 1077 2008 1077 2009 900 2009 902 2009 1077 2010 902 2010 1078 2010 1078 2011 902 2011 904 2011 1078 2012 904 2012 1079 2012 1079 2013 904 2013 906 2013 1079 2014 906 2014 1080 2014 1080 2015 906 2015 908 2015 1080 2016 908 2016 1081 2016 1081 2017 908 2017 910 2017 1081 2018 910 2018 1082 2018 1082 2019 910 2019 912 2019 1082 2020 912 2020 1083 2020 1083 2021 912 2021 914 2021 1083 2022 914 2022 1084 2022 1084 2023 914 2023 916 2023 1084 2024 916 2024 1085 2024 1085 2025 916 2025 918 2025 1085 2026 918 2026 1086 2026 1086 2027 918 2027 920 2027 1086 2028 920 2028 1087 2028 1087 2029 920 2029 922 2029 1087 2030 922 2030 1088 2030 1088 2031 922 2031 924 2031 1088 2032 924 2032 1089 2032 1089 2033 924 2033 926 2033 1089 2034 926 2034 1090 2034 1090 2035 926 2035 928 2035 1090 2036 928 2036 1091 2036 1091 2037 928 2037 930 2037 1091 2038 930 2038 1092 2038 1092 2039 930 2039 932 2039 1092 2040 932 2040 1093 2040 1093 2041 932 2041 934 2041 1093 2042 934 2042 1094 2042 1094 2043 934 2043 936 2043 1094 2044 936 2044 1095 2044 1095 2045 936 2045 938 2045 1095 2046 938 2046 1096 2046 1096 2047 938 2047 940 2047 1096 2048 940 2048 1097 2048 1097 2049 940 2049 1098 2049 1098 2050 940 2050 939 2050 1098 2051 939 2051 1099 2051 1099 2052 939 2052 937 2052 1099 2053 937 2053 1100 2053 1100 2054 937 2054 935 2054 1100 2055 935 2055 1101 2055 1101 2056 935 2056 933 2056 1101 2057 933 2057 1102 2057 1102 2058 933 2058 931 2058 1102 2059 931 2059 1103 2059 1103 2060 931 2060 929 2060 1103 2061 929 2061 1104 2061 1104 2062 929 2062 927 2062 1104 2063 927 2063 1105 2063 1105 2064 927 2064 925 2064 1105 2065 925 2065 1106 2065 1106 2066 925 2066 923 2066 1106 2067 923 2067 1107 2067 1107 2068 923 2068 921 2068 1107 2069 921 2069 1108 2069 1108 2070 921 2070 919 2070 1108 2071 919 2071 1109 2071 1109 2072 919 2072 917 2072 1109 2073 917 2073 1110 2073 1110 2074 917 2074 915 2074 1110 2075 915 2075 1111 2075 1111 2076 915 2076 913 2076 1111 2077 913 2077 1112 2077 1112 2078 913 2078 911 2078 1112 2079 911 2079 1113 2079 1113 2080 911 2080 909 2080 1113 2081 909 2081 1114 2081 1114 2082 909 2082 907 2082 1114 2083 907 2083 1115 2083 1115 2084 907 2084 905 2084 1115 2085 905 2085 1116 2085 1116 2086 905 2086 903 2086 1116 2087 903 2087 1117 2087 1117 2088 903 2088 901 2088 1117 2089 901 2089 1118 2089 1118 2090 901 2090 869 2090 1118 2091 869 2091 1119 2091 1119 2092 869 2092 870 2092 1119 2093 870 2093 1120 2093 1120 2094 870 2094 871 2094 1120 2095 871 2095 1121 2095 1121 2096 871 2096 872 2096 1121 2097 872 2097 1122 2097 1122 2098 872 2098 873 2098 1122 2099 873 2099 1123 2099 1123 2100 873 2100 874 2100 1123 2101 874 2101 1124 2101 1124 2102 874 2102 875 2102 1124 2103 875 2103 1125 2103 1125 2104 875 2104 876 2104 1125 2105 876 2105 1126 2105 1126 2106 876 2106 877 2106 1126 2107 877 2107 1127 2107 1127 2108 877 2108 878 2108 1127 2109 878 2109 1128 2109 1128 2110 878 2110 879 2110 1128 2111 879 2111 1129 2111 1129 2112 879 2112 880 2112 1129 2113 880 2113 1130 2113 1130 2114 880 2114 881 2114 1130 2115 881 2115 1131 2115 1131 2116 881 2116 941 2116 941 2117 881 2117 882 2117 941 2118 882 2118 942 2118 942 2119 882 2119 883 2119 942 2120 883 2120 944 2120 944 2121 883 2121 884 2121 944 2122 884 2122 945 2122 945 2123 884 2123 885 2123 945 2124 885 2124 946 2124 946 2125 885 2125 886 2125 946 2126 886 2126 947 2126 947 2127 886 2127 887 2127 947 2128 887 2128 948 2128 948 2129 887 2129 888 2129 948 2130 888 2130 949 2130 949 2131 888 2131 889 2131 949 2132 889 2132 950 2132 950 2133 889 2133 890 2133 950 2134 890 2134 951 2134 951 2135 890 2135 891 2135 951 2136 891 2136 952 2136 952 2137 891 2137 892 2137 952 2138 892 2138 953 2138 953 2139 892 2139 893 2139 953 2140 893 2140 954 2140 954 2141 893 2141 894 2141 954 2142 894 2142 955 2142 955 2143 894 2143 895 2143 955 2144 895 2144 956 2144 956 2145 895 2145 896 2145 956 2146 896 2146 957 2146 957 2147 896 2147 897 2147 957 2148 897 2148 958 2148 958 2149 897 2149 898 2149 958 2150 898 2150 959 2150 959 2151 898 2151 899 2151 959 2152 899 2152 960 2152 960 2153 899 2153 837 2153 960 2154 837 2154 961 2154 961 2155 837 2155 836 2155 1132 2156 1131 2156 943 2156 943 2157 1131 2157 941 2157 1061 2158 1132 2158 980 2158 980 2159 1132 2159 943 2159 1063 2160 1064 2160 1062 2160 1062 2161 1064 2161 1065 2161 1062 2162 1065 2162 1066 2162 1066 2163 1067 2163 1062 2163 1062 2164 1067 2164 1068 2164 1062 2165 1068 2165 1133 2165 1133 2166 1068 2166 1069 2166 1133 2167 1069 2167 1070 2167 1134 2168 1042 2168 1133 2168 1133 2169 1042 2169 1041 2169 1133 2170 1041 2170 1040 2170 1124 2171 1125 2171 1134 2171 1134 2172 1125 2172 1126 2172 1134 2173 1126 2173 1132 2173 1132 2174 1126 2174 1127 2174 1132 2175 1127 2175 1128 2175 1128 2176 1129 2176 1132 2176 1132 2177 1129 2177 1130 2177 1132 2178 1130 2178 1131 2178 1061 2179 1060 2179 1132 2179 1132 2180 1060 2180 1059 2180 1132 2181 1059 2181 1058 2181 1132 2182 1058 2182 1134 2182 1134 2183 1058 2183 1057 2183 1134 2184 1057 2184 1056 2184 1056 2185 1055 2185 1134 2185 1134 2186 1055 2186 1054 2186 1134 2187 1054 2187 1053 2187 1053 2188 1052 2188 1134 2188 1134 2189 1052 2189 1051 2189 1134 2190 1051 2190 1050 2190 1050 2191 1049 2191 1134 2191 1134 2192 1049 2192 1048 2192 1134 2193 1048 2193 1047 2193 1047 2194 1046 2194 1134 2194 1134 2195 1046 2195 1045 2195 1134 2196 1045 2196 1044 2196 1044 2197 1043 2197 1134 2197 1134 2198 1043 2198 1042 2198 1040 2199 1039 2199 1133 2199 1133 2200 1039 2200 1038 2200 1133 2201 1038 2201 1037 2201 1037 2202 1036 2202 1133 2202 1133 2203 1036 2203 1035 2203 1133 2204 1035 2204 1034 2204 1034 2205 1033 2205 1133 2205 1133 2206 1033 2206 1032 2206 1133 2207 1032 2207 1031 2207 1031 2208 1030 2208 1133 2208 1133 2209 1030 2209 1029 2209 1133 2210 1029 2210 1028 2210 1028 2211 1027 2211 1133 2211 1133 2212 1027 2212 1026 2212 1133 2213 1026 2213 1062 2213 1062 2214 1026 2214 1025 2214 1062 2215 1025 2215 1024 2215 1024 2216 1023 2216 1062 2216 1070 2217 1071 2217 1135 2217 1135 2218 1071 2218 1072 2218 1135 2219 1072 2219 1073 2219 1073 2220 1074 2220 1135 2220 1135 2221 1074 2221 1075 2221 1135 2222 1075 2222 1076 2222 1076 2223 1077 2223 1135 2223 1135 2224 1077 2224 1078 2224 1135 2225 1078 2225 1079 2225 1079 2226 1080 2226 1135 2226 1135 2227 1080 2227 1081 2227 1135 2228 1081 2228 1082 2228 1082 2229 1083 2229 1135 2229 1135 2230 1083 2230 1084 2230 1135 2231 1084 2231 1085 2231 1085 2232 1086 2232 1135 2232 1135 2233 1086 2233 1087 2233 1135 2234 1087 2234 1088 2234 1088 2235 1089 2235 1135 2235 1135 2236 1089 2236 1090 2236 1135 2237 1090 2237 1091 2237 1091 2238 1092 2238 1135 2238 1135 2239 1092 2239 1093 2239 1135 2240 1093 2240 1094 2240 1094 2241 1095 2241 1135 2241 1135 2242 1095 2242 1096 2242 1135 2243 1096 2243 1097 2243 1097 2244 1098 2244 1136 2244 1136 2245 1098 2245 1099 2245 1136 2246 1099 2246 1100 2246 1100 2247 1101 2247 1136 2247 1136 2248 1101 2248 1102 2248 1136 2249 1102 2249 1103 2249 1103 2250 1104 2250 1136 2250 1136 2251 1104 2251 1105 2251 1136 2252 1105 2252 1106 2252 1106 2253 1107 2253 1136 2253 1136 2254 1107 2254 1108 2254 1136 2255 1108 2255 1109 2255 1109 2256 1110 2256 1136 2256 1136 2257 1110 2257 1111 2257 1136 2258 1111 2258 1112 2258 1112 2259 1113 2259 1136 2259 1136 2260 1113 2260 1114 2260 1136 2261 1114 2261 1115 2261 1115 2262 1116 2262 1136 2262 1136 2263 1116 2263 1117 2263 1136 2264 1117 2264 1118 2264 1118 2265 1119 2265 1136 2265 1136 2266 1119 2266 1120 2266 1136 2267 1120 2267 1121 2267 1121 2268 1122 2268 1136 2268 1136 2269 1122 2269 1123 2269 1136 2270 1123 2270 1124 2270 1136 2271 1137 2271 1097 2271 1097 2272 1137 2272 1138 2272 1097 2273 1138 2273 1135 2273 1139 2274 1140 2274 1133 2274 1133 2275 1140 2275 1134 2275 1137 2276 1141 2276 1138 2276 1138 2277 1141 2277 1142 2277 1138 2278 1142 2278 1143 2278 1144 2279 1145 2279 1137 2279 1137 2280 1145 2280 1146 2280 1137 2281 1146 2281 1147 2281 1148 2282 1149 2282 1144 2282 1144 2283 1149 2283 1150 2283 1144 2284 1150 2284 1151 2284 1138 2285 1152 2285 1148 2285 1148 2286 1152 2286 1153 2286 1148 2287 1153 2287 1154 2287 1155 2288 1156 2288 1137 2288 1137 2289 1156 2289 1157 2289 1137 2290 1157 2290 1141 2290 1141 2291 1157 2291 1158 2291 1158 2292 1157 2292 1159 2292 1158 2293 1159 2293 1160 2293 1160 2294 1159 2294 1161 2294 1160 2295 1161 2295 1162 2295 1162 2296 1161 2296 1163 2296 1162 2297 1163 2297 1164 2297 1164 2298 1163 2298 1165 2298 1164 2299 1165 2299 1166 2299 1166 2300 1165 2300 1167 2300 1166 2301 1167 2301 1168 2301 1168 2302 1167 2302 1169 2302 1168 2303 1169 2303 1170 2303 1170 2304 1169 2304 1171 2304 1170 2305 1171 2305 1172 2305 1172 2306 1171 2306 1173 2306 1172 2307 1173 2307 1174 2307 1174 2308 1173 2308 1175 2308 1174 2309 1175 2309 1176 2309 1176 2310 1175 2310 1177 2310 1176 2311 1177 2311 1178 2311 1178 2312 1177 2312 1179 2312 1178 2313 1179 2313 1180 2313 1180 2314 1179 2314 1181 2314 1180 2315 1181 2315 1182 2315 1182 2316 1181 2316 1183 2316 1182 2317 1183 2317 1184 2317 1184 2318 1183 2318 1185 2318 1184 2319 1185 2319 1186 2319 1186 2320 1185 2320 1187 2320 1186 2321 1187 2321 1188 2321 1188 2322 1187 2322 1189 2322 1188 2323 1189 2323 1190 2323 1190 2324 1189 2324 1191 2324 1190 2325 1191 2325 1192 2325 1192 2326 1191 2326 1193 2326 1192 2327 1193 2327 1194 2327 1194 2328 1193 2328 1195 2328 1194 2329 1195 2329 1196 2329 1196 2330 1195 2330 1197 2330 1196 2331 1197 2331 1198 2331 1198 2332 1197 2332 1199 2332 1198 2333 1199 2333 1200 2333 1200 2334 1199 2334 1149 2334 1200 2335 1149 2335 1148 2335 1151 2336 1201 2336 1144 2336 1144 2337 1201 2337 1202 2337 1144 2338 1202 2338 1203 2338 1203 2339 1204 2339 1144 2339 1144 2340 1204 2340 1205 2340 1144 2341 1205 2341 1206 2341 1206 2342 1207 2342 1144 2342 1144 2343 1207 2343 1208 2343 1144 2344 1208 2344 1209 2344 1209 2345 1210 2345 1144 2345 1144 2346 1210 2346 1145 2346 1147 2347 1211 2347 1137 2347 1137 2348 1211 2348 1212 2348 1137 2349 1212 2349 1213 2349 1213 2350 1214 2350 1137 2350 1137 2351 1214 2351 1215 2351 1137 2352 1215 2352 1216 2352 1216 2353 1217 2353 1137 2353 1137 2354 1217 2354 1218 2354 1137 2355 1218 2355 1155 2355 1143 2356 1219 2356 1138 2356 1138 2357 1219 2357 1220 2357 1138 2358 1220 2358 1221 2358 1221 2359 1222 2359 1138 2359 1138 2360 1222 2360 1223 2360 1138 2361 1223 2361 1224 2361 1224 2362 1225 2362 1138 2362 1138 2363 1225 2363 1226 2363 1138 2364 1226 2364 1227 2364 1227 2365 1228 2365 1138 2365 1138 2366 1228 2366 1152 2366 1154 2367 1229 2367 1148 2367 1148 2368 1229 2368 1230 2368 1148 2369 1230 2369 1231 2369 1231 2370 1232 2370 1148 2370 1148 2371 1232 2371 1233 2371 1148 2372 1233 2372 1234 2372 1234 2373 1235 2373 1148 2373 1148 2374 1235 2374 1236 2374 1148 2375 1236 2375 1237 2375 1237 2376 1238 2376 1148 2376 1148 2377 1238 2377 1200 2377 1139 2378 1239 2378 1140 2378 1140 2379 1239 2379 1240 2379 1140 2380 1240 2380 1241 2380 1242 2381 1243 2381 1139 2381 1139 2382 1243 2382 1244 2382 1139 2383 1244 2383 1245 2383 1246 2384 1247 2384 1242 2384 1242 2385 1247 2385 1248 2385 1242 2386 1248 2386 1249 2386 1140 2387 1250 2387 1246 2387 1246 2388 1250 2388 1251 2388 1246 2389 1251 2389 1252 2389 1249 2390 1253 2390 1242 2390 1242 2391 1253 2391 1254 2391 1242 2392 1254 2392 1255 2392 1255 2393 1256 2393 1242 2393 1242 2394 1256 2394 1257 2394 1242 2395 1257 2395 1258 2395 1258 2396 1259 2396 1242 2396 1242 2397 1259 2397 1260 2397 1242 2398 1260 2398 1261 2398 1261 2399 1262 2399 1242 2399 1242 2400 1262 2400 1243 2400 1245 2401 1263 2401 1139 2401 1139 2402 1263 2402 1264 2402 1139 2403 1264 2403 1265 2403 1265 2404 1266 2404 1139 2404 1139 2405 1266 2405 1267 2405 1139 2406 1267 2406 1268 2406 1268 2407 1269 2407 1139 2407 1139 2408 1269 2408 1270 2408 1139 2409 1270 2409 1271 2409 1271 2410 1272 2410 1139 2410 1139 2411 1272 2411 1273 2411 1139 2412 1273 2412 1239 2412 1239 2413 1273 2413 1274 2413 1274 2414 1273 2414 1275 2414 1274 2415 1275 2415 1276 2415 1276 2416 1275 2416 1277 2416 1276 2417 1277 2417 1278 2417 1278 2418 1277 2418 1279 2418 1278 2419 1279 2419 1280 2419 1280 2420 1279 2420 1281 2420 1280 2421 1281 2421 1282 2421 1282 2422 1281 2422 1283 2422 1282 2423 1283 2423 1284 2423 1284 2424 1283 2424 1285 2424 1284 2425 1285 2425 1286 2425 1286 2426 1285 2426 1287 2426 1286 2427 1287 2427 1288 2427 1288 2428 1287 2428 1289 2428 1288 2429 1289 2429 1290 2429 1290 2430 1289 2430 1291 2430 1290 2431 1291 2431 1292 2431 1292 2432 1291 2432 1293 2432 1292 2433 1293 2433 1294 2433 1294 2434 1293 2434 1295 2434 1294 2435 1295 2435 1296 2435 1296 2436 1295 2436 1297 2436 1296 2437 1297 2437 1298 2437 1298 2438 1297 2438 1299 2438 1298 2439 1299 2439 1300 2439 1300 2440 1299 2440 1301 2440 1300 2441 1301 2441 1302 2441 1302 2442 1301 2442 1303 2442 1302 2443 1303 2443 1304 2443 1304 2444 1303 2444 1305 2444 1304 2445 1305 2445 1306 2445 1306 2446 1305 2446 1307 2446 1306 2447 1307 2447 1308 2447 1308 2448 1307 2448 1309 2448 1308 2449 1309 2449 1310 2449 1310 2450 1309 2450 1311 2450 1310 2451 1311 2451 1312 2451 1312 2452 1311 2452 1313 2452 1312 2453 1313 2453 1314 2453 1314 2454 1313 2454 1315 2454 1314 2455 1315 2455 1316 2455 1316 2456 1315 2456 1247 2456 1316 2457 1247 2457 1246 2457 1317 2458 1318 2458 1246 2458 1246 2459 1318 2459 1316 2459 1241 2460 1319 2460 1140 2460 1140 2461 1319 2461 1320 2461 1140 2462 1320 2462 1321 2462 1321 2463 1322 2463 1140 2463 1140 2464 1322 2464 1323 2464 1140 2465 1323 2465 1324 2465 1324 2466 1325 2466 1140 2466 1140 2467 1325 2467 1326 2467 1140 2468 1326 2468 1327 2468 1327 2469 1328 2469 1140 2469 1140 2470 1328 2470 1250 2470 1252 2471 1329 2471 1246 2471 1246 2472 1329 2472 1330 2472 1246 2473 1330 2473 1331 2473 1331 2474 1332 2474 1246 2474 1246 2475 1332 2475 1333 2475 1246 2476 1333 2476 1334 2476 1334 2477 1335 2477 1246 2477 1246 2478 1335 2478 1336 2478 1246 2479 1336 2479 1317 2479 1337 2480 1338 2480 1339 2480 1339 2481 1338 2481 1340 2481 1339 2482 1340 2482 1341 2482 1342 2483 1343 2483 1337 2483 1337 2484 1343 2484 1344 2484 1337 2485 1344 2485 1345 2485 1346 2486 1347 2486 1342 2486 1342 2487 1347 2487 1348 2487 1342 2488 1348 2488 1349 2488 1339 2489 1350 2489 1346 2489 1346 2490 1350 2490 1351 2490 1346 2491 1351 2491 1352 2491 1349 2492 1353 2492 1342 2492 1342 2493 1353 2493 1354 2493 1342 2494 1354 2494 1355 2494 1355 2495 1356 2495 1342 2495 1342 2496 1356 2496 1357 2496 1342 2497 1357 2497 1358 2497 1358 2498 1359 2498 1342 2498 1342 2499 1359 2499 1360 2499 1342 2500 1360 2500 1361 2500 1361 2501 1362 2501 1342 2501 1342 2502 1362 2502 1343 2502 1345 2503 1363 2503 1337 2503 1337 2504 1363 2504 1364 2504 1337 2505 1364 2505 1365 2505 1365 2506 1366 2506 1337 2506 1337 2507 1366 2507 1367 2507 1337 2508 1367 2508 1368 2508 1368 2509 1369 2509 1337 2509 1337 2510 1369 2510 1370 2510 1337 2511 1370 2511 1371 2511 1371 2512 1372 2512 1337 2512 1337 2513 1372 2513 1373 2513 1337 2514 1373 2514 1338 2514 1338 2515 1373 2515 1374 2515 1374 2516 1373 2516 1375 2516 1374 2517 1375 2517 1376 2517 1376 2518 1375 2518 1377 2518 1376 2519 1377 2519 1378 2519 1378 2520 1377 2520 1379 2520 1378 2521 1379 2521 1380 2521 1380 2522 1379 2522 1381 2522 1380 2523 1381 2523 1382 2523 1382 2524 1381 2524 1383 2524 1382 2525 1383 2525 1384 2525 1384 2526 1383 2526 1385 2526 1384 2527 1385 2527 1386 2527 1386 2528 1385 2528 1387 2528 1386 2529 1387 2529 1388 2529 1388 2530 1387 2530 1389 2530 1388 2531 1389 2531 1390 2531 1390 2532 1389 2532 1391 2532 1390 2533 1391 2533 1392 2533 1392 2534 1391 2534 1393 2534 1392 2535 1393 2535 1394 2535 1394 2536 1393 2536 1395 2536 1394 2537 1395 2537 1396 2537 1396 2538 1395 2538 1397 2538 1396 2539 1397 2539 1398 2539 1398 2540 1397 2540 1399 2540 1398 2541 1399 2541 1400 2541 1400 2542 1399 2542 1401 2542 1400 2543 1401 2543 1402 2543 1402 2544 1401 2544 1403 2544 1402 2545 1403 2545 1404 2545 1404 2546 1403 2546 1405 2546 1404 2547 1405 2547 1406 2547 1406 2548 1405 2548 1407 2548 1406 2549 1407 2549 1408 2549 1408 2550 1407 2550 1409 2550 1408 2551 1409 2551 1410 2551 1410 2552 1409 2552 1411 2552 1410 2553 1411 2553 1412 2553 1412 2554 1411 2554 1413 2554 1412 2555 1413 2555 1414 2555 1414 2556 1413 2556 1415 2556 1414 2557 1415 2557 1416 2557 1416 2558 1415 2558 1347 2558 1416 2559 1347 2559 1346 2559 1417 2560 1418 2560 1346 2560 1346 2561 1418 2561 1416 2561 1341 2562 1419 2562 1339 2562 1339 2563 1419 2563 1420 2563 1339 2564 1420 2564 1421 2564 1421 2565 1422 2565 1339 2565 1339 2566 1422 2566 1423 2566 1339 2567 1423 2567 1424 2567 1424 2568 1425 2568 1339 2568 1339 2569 1425 2569 1426 2569 1339 2570 1426 2570 1427 2570 1427 2571 1428 2571 1339 2571 1339 2572 1428 2572 1350 2572 1352 2573 1429 2573 1346 2573 1346 2574 1429 2574 1430 2574 1346 2575 1430 2575 1431 2575 1431 2576 1432 2576 1346 2576 1346 2577 1432 2577 1433 2577 1346 2578 1433 2578 1434 2578 1434 2579 1435 2579 1346 2579 1346 2580 1435 2580 1436 2580 1346 2581 1436 2581 1417 2581 1437 2582 1438 2582 1439 2582 1439 2583 1438 2583 1440 2583 1439 2584 1440 2584 1441 2584 1442 2585 1443 2585 1437 2585 1437 2586 1443 2586 1444 2586 1437 2587 1444 2587 1445 2587 1446 2588 1447 2588 1442 2588 1442 2589 1447 2589 1448 2589 1442 2590 1448 2590 1449 2590 1439 2591 1450 2591 1446 2591 1446 2592 1450 2592 1451 2592 1446 2593 1451 2593 1452 2593 1453 2594 1454 2594 1437 2594 1437 2595 1454 2595 1455 2595 1437 2596 1455 2596 1438 2596 1438 2597 1455 2597 1456 2597 1456 2598 1455 2598 1457 2598 1456 2599 1457 2599 1458 2599 1458 2600 1457 2600 1459 2600 1458 2601 1459 2601 1460 2601 1460 2602 1459 2602 1461 2602 1460 2603 1461 2603 1462 2603 1462 2604 1461 2604 1463 2604 1462 2605 1463 2605 1464 2605 1464 2606 1463 2606 1465 2606 1464 2607 1465 2607 1466 2607 1466 2608 1465 2608 1467 2608 1466 2609 1467 2609 1468 2609 1468 2610 1467 2610 1469 2610 1468 2611 1469 2611 1470 2611 1470 2612 1469 2612 1471 2612 1470 2613 1471 2613 1472 2613 1472 2614 1471 2614 1473 2614 1472 2615 1473 2615 1474 2615 1474 2616 1473 2616 1475 2616 1474 2617 1475 2617 1476 2617 1476 2618 1475 2618 1477 2618 1476 2619 1477 2619 1478 2619 1478 2620 1477 2620 1479 2620 1478 2621 1479 2621 1480 2621 1480 2622 1479 2622 1481 2622 1480 2623 1481 2623 1482 2623 1482 2624 1481 2624 1483 2624 1482 2625 1483 2625 1484 2625 1484 2626 1483 2626 1485 2626 1484 2627 1485 2627 1486 2627 1486 2628 1485 2628 1487 2628 1486 2629 1487 2629 1488 2629 1488 2630 1487 2630 1489 2630 1488 2631 1489 2631 1490 2631 1490 2632 1489 2632 1491 2632 1490 2633 1491 2633 1492 2633 1492 2634 1491 2634 1493 2634 1492 2635 1493 2635 1494 2635 1494 2636 1493 2636 1495 2636 1494 2637 1495 2637 1496 2637 1496 2638 1495 2638 1497 2638 1496 2639 1497 2639 1498 2639 1498 2640 1497 2640 1447 2640 1498 2641 1447 2641 1446 2641 1449 2642 1499 2642 1442 2642 1442 2643 1499 2643 1500 2643 1442 2644 1500 2644 1501 2644 1501 2645 1502 2645 1442 2645 1442 2646 1502 2646 1503 2646 1442 2647 1503 2647 1504 2647 1504 2648 1505 2648 1442 2648 1442 2649 1505 2649 1506 2649 1442 2650 1506 2650 1507 2650 1507 2651 1508 2651 1442 2651 1442 2652 1508 2652 1443 2652 1445 2653 1509 2653 1437 2653 1437 2654 1509 2654 1510 2654 1437 2655 1510 2655 1511 2655 1511 2656 1512 2656 1437 2656 1437 2657 1512 2657 1513 2657 1437 2658 1513 2658 1514 2658 1514 2659 1515 2659 1437 2659 1437 2660 1515 2660 1516 2660 1437 2661 1516 2661 1453 2661 1441 2662 1517 2662 1439 2662 1439 2663 1517 2663 1518 2663 1439 2664 1518 2664 1519 2664 1519 2665 1520 2665 1439 2665 1439 2666 1520 2666 1521 2666 1439 2667 1521 2667 1522 2667 1522 2668 1523 2668 1439 2668 1439 2669 1523 2669 1524 2669 1439 2670 1524 2670 1525 2670 1525 2671 1526 2671 1439 2671 1439 2672 1526 2672 1450 2672 1452 2673 1527 2673 1446 2673 1446 2674 1527 2674 1528 2674 1446 2675 1528 2675 1529 2675 1529 2676 1530 2676 1446 2676 1446 2677 1530 2677 1531 2677 1446 2678 1531 2678 1532 2678 1532 2679 1533 2679 1446 2679 1446 2680 1533 2680 1534 2680 1446 2681 1534 2681 1535 2681 1535 2682 1536 2682 1446 2682 1446 2683 1536 2683 1498 2683 1155 2684 1441 2684 1156 2684 1156 2685 1441 2685 1440 2685 1156 2686 1440 2686 1157 2686 1157 2687 1440 2687 1438 2687 1157 2688 1438 2688 1159 2688 1159 2689 1438 2689 1456 2689 1159 2690 1456 2690 1161 2690 1161 2691 1456 2691 1458 2691 1161 2692 1458 2692 1163 2692 1163 2693 1458 2693 1460 2693 1163 2694 1460 2694 1165 2694 1165 2695 1460 2695 1462 2695 1165 2696 1462 2696 1167 2696 1167 2697 1462 2697 1464 2697 1167 2698 1464 2698 1169 2698 1169 2699 1464 2699 1466 2699 1169 2700 1466 2700 1171 2700 1171 2701 1466 2701 1468 2701 1171 2702 1468 2702 1173 2702 1173 2703 1468 2703 1470 2703 1173 2704 1470 2704 1175 2704 1175 2705 1470 2705 1472 2705 1175 2706 1472 2706 1177 2706 1177 2707 1472 2707 1474 2707 1177 2708 1474 2708 1179 2708 1179 2709 1474 2709 1476 2709 1179 2710 1476 2710 1181 2710 1181 2711 1476 2711 1478 2711 1181 2712 1478 2712 1183 2712 1183 2713 1478 2713 1480 2713 1183 2714 1480 2714 1185 2714 1185 2715 1480 2715 1482 2715 1185 2716 1482 2716 1187 2716 1187 2717 1482 2717 1484 2717 1187 2718 1484 2718 1189 2718 1189 2719 1484 2719 1486 2719 1189 2720 1486 2720 1191 2720 1191 2721 1486 2721 1488 2721 1191 2722 1488 2722 1193 2722 1193 2723 1488 2723 1490 2723 1193 2724 1490 2724 1195 2724 1195 2725 1490 2725 1492 2725 1195 2726 1492 2726 1197 2726 1197 2727 1492 2727 1494 2727 1197 2728 1494 2728 1199 2728 1199 2729 1494 2729 1496 2729 1199 2730 1496 2730 1149 2730 1149 2731 1496 2731 1498 2731 1149 2732 1498 2732 1150 2732 1150 2733 1498 2733 1536 2733 1150 2734 1536 2734 1151 2734 1151 2735 1536 2735 1535 2735 1151 2736 1535 2736 1201 2736 1201 2737 1535 2737 1534 2737 1201 2738 1534 2738 1202 2738 1202 2739 1534 2739 1533 2739 1202 2740 1533 2740 1203 2740 1203 2741 1533 2741 1532 2741 1203 2742 1532 2742 1204 2742 1204 2743 1532 2743 1531 2743 1204 2744 1531 2744 1205 2744 1205 2745 1531 2745 1530 2745 1205 2746 1530 2746 1206 2746 1206 2747 1530 2747 1529 2747 1206 2748 1529 2748 1207 2748 1207 2749 1529 2749 1528 2749 1207 2750 1528 2750 1208 2750 1208 2751 1528 2751 1527 2751 1208 2752 1527 2752 1209 2752 1209 2753 1527 2753 1452 2753 1209 2754 1452 2754 1210 2754 1210 2755 1452 2755 1451 2755 1210 2756 1451 2756 1145 2756 1145 2757 1451 2757 1450 2757 1145 2758 1450 2758 1146 2758 1146 2759 1450 2759 1526 2759 1146 2760 1526 2760 1147 2760 1147 2761 1526 2761 1525 2761 1147 2762 1525 2762 1211 2762 1211 2763 1525 2763 1524 2763 1211 2764 1524 2764 1212 2764 1212 2765 1524 2765 1523 2765 1212 2766 1523 2766 1213 2766 1213 2767 1523 2767 1522 2767 1213 2768 1522 2768 1214 2768 1214 2769 1522 2769 1521 2769 1214 2770 1521 2770 1215 2770 1215 2771 1521 2771 1520 2771 1215 2772 1520 2772 1216 2772 1216 2773 1520 2773 1519 2773 1216 2774 1519 2774 1217 2774 1217 2775 1519 2775 1518 2775 1217 2776 1518 2776 1218 2776 1218 2777 1518 2777 1517 2777 1218 2778 1517 2778 1155 2778 1155 2779 1517 2779 1441 2779 1141 2780 1455 2780 1142 2780 1142 2781 1455 2781 1454 2781 1142 2782 1454 2782 1143 2782 1143 2783 1454 2783 1453 2783 1143 2784 1453 2784 1219 2784 1219 2785 1453 2785 1516 2785 1219 2786 1516 2786 1220 2786 1220 2787 1516 2787 1515 2787 1220 2788 1515 2788 1221 2788 1221 2789 1515 2789 1514 2789 1221 2790 1514 2790 1222 2790 1222 2791 1514 2791 1513 2791 1222 2792 1513 2792 1223 2792 1223 2793 1513 2793 1512 2793 1223 2794 1512 2794 1224 2794 1224 2795 1512 2795 1511 2795 1224 2796 1511 2796 1225 2796 1225 2797 1511 2797 1510 2797 1225 2798 1510 2798 1226 2798 1226 2799 1510 2799 1509 2799 1226 2800 1509 2800 1227 2800 1227 2801 1509 2801 1445 2801 1227 2802 1445 2802 1228 2802 1228 2803 1445 2803 1444 2803 1228 2804 1444 2804 1152 2804 1152 2805 1444 2805 1443 2805 1152 2806 1443 2806 1153 2806 1153 2807 1443 2807 1508 2807 1153 2808 1508 2808 1154 2808 1154 2809 1508 2809 1507 2809 1154 2810 1507 2810 1229 2810 1229 2811 1507 2811 1506 2811 1229 2812 1506 2812 1230 2812 1230 2813 1506 2813 1505 2813 1230 2814 1505 2814 1231 2814 1231 2815 1505 2815 1504 2815 1231 2816 1504 2816 1232 2816 1232 2817 1504 2817 1503 2817 1232 2818 1503 2818 1233 2818 1233 2819 1503 2819 1502 2819 1233 2820 1502 2820 1234 2820 1234 2821 1502 2821 1501 2821 1234 2822 1501 2822 1235 2822 1235 2823 1501 2823 1500 2823 1235 2824 1500 2824 1236 2824 1236 2825 1500 2825 1499 2825 1236 2826 1499 2826 1237 2826 1237 2827 1499 2827 1449 2827 1237 2828 1449 2828 1238 2828 1238 2829 1449 2829 1448 2829 1238 2830 1448 2830 1200 2830 1200 2831 1448 2831 1447 2831 1200 2832 1447 2832 1198 2832 1198 2833 1447 2833 1497 2833 1198 2834 1497 2834 1196 2834 1196 2835 1497 2835 1495 2835 1196 2836 1495 2836 1194 2836 1194 2837 1495 2837 1493 2837 1194 2838 1493 2838 1192 2838 1192 2839 1493 2839 1491 2839 1192 2840 1491 2840 1190 2840 1190 2841 1491 2841 1489 2841 1190 2842 1489 2842 1188 2842 1188 2843 1489 2843 1487 2843 1188 2844 1487 2844 1186 2844 1186 2845 1487 2845 1485 2845 1186 2846 1485 2846 1184 2846 1184 2847 1485 2847 1483 2847 1184 2848 1483 2848 1182 2848 1182 2849 1483 2849 1481 2849 1182 2850 1481 2850 1180 2850 1180 2851 1481 2851 1479 2851 1180 2852 1479 2852 1178 2852 1178 2853 1479 2853 1477 2853 1178 2854 1477 2854 1176 2854 1176 2855 1477 2855 1475 2855 1176 2856 1475 2856 1174 2856 1174 2857 1475 2857 1473 2857 1174 2858 1473 2858 1172 2858 1172 2859 1473 2859 1471 2859 1172 2860 1471 2860 1170 2860 1170 2861 1471 2861 1469 2861 1170 2766 1469 2766 1168 2766 1168 2862 1469 2862 1467 2862 1168 2863 1467 2863 1166 2863 1166 2864 1467 2864 1465 2864 1166 2865 1465 2865 1164 2865 1164 2866 1465 2866 1463 2866 1164 2867 1463 2867 1162 2867 1162 2868 1463 2868 1461 2868 1162 2869 1461 2869 1160 2869 1160 2870 1461 2870 1459 2870 1160 2871 1459 2871 1158 2871 1158 2872 1459 2872 1457 2872 1158 2873 1457 2873 1141 2873 1141 2874 1457 2874 1455 2874 1317 2875 1349 2875 1318 2875 1318 2876 1349 2876 1348 2876 1318 2877 1348 2877 1316 2877 1316 2878 1348 2878 1347 2878 1316 2879 1347 2879 1314 2879 1314 2880 1347 2880 1415 2880 1314 2881 1415 2881 1312 2881 1312 2882 1415 2882 1413 2882 1312 2883 1413 2883 1310 2883 1310 2884 1413 2884 1411 2884 1310 2885 1411 2885 1308 2885 1308 2886 1411 2886 1409 2886 1308 2887 1409 2887 1306 2887 1306 2888 1409 2888 1407 2888 1306 2889 1407 2889 1304 2889 1304 2890 1407 2890 1405 2890 1304 2891 1405 2891 1302 2891 1302 2892 1405 2892 1403 2892 1302 2893 1403 2893 1300 2893 1300 2894 1403 2894 1401 2894 1300 2895 1401 2895 1298 2895 1298 2896 1401 2896 1399 2896 1298 2897 1399 2897 1296 2897 1296 2898 1399 2898 1397 2898 1296 2899 1397 2899 1294 2899 1294 2900 1397 2900 1395 2900 1294 2901 1395 2901 1292 2901 1292 2902 1395 2902 1393 2902 1292 2903 1393 2903 1290 2903 1290 2904 1393 2904 1391 2904 1290 2905 1391 2905 1288 2905 1288 2906 1391 2906 1389 2906 1288 2907 1389 2907 1286 2907 1286 2908 1389 2908 1387 2908 1286 2909 1387 2909 1284 2909 1284 2910 1387 2910 1385 2910 1284 2911 1385 2911 1282 2911 1282 2912 1385 2912 1383 2912 1282 2913 1383 2913 1280 2913 1280 2914 1383 2914 1381 2914 1280 2915 1381 2915 1278 2915 1278 2916 1381 2916 1379 2916 1278 2917 1379 2917 1276 2917 1276 2918 1379 2918 1377 2918 1276 2919 1377 2919 1274 2919 1274 2920 1377 2920 1375 2920 1274 2921 1375 2921 1239 2921 1239 2922 1375 2922 1373 2922 1239 2923 1373 2923 1240 2923 1240 2924 1373 2924 1372 2924 1240 2925 1372 2925 1241 2925 1241 2926 1372 2926 1371 2926 1241 2927 1371 2927 1319 2927 1319 2928 1371 2928 1370 2928 1319 2929 1370 2929 1320 2929 1320 2930 1370 2930 1369 2930 1320 2931 1369 2931 1321 2931 1321 2932 1369 2932 1368 2932 1321 2933 1368 2933 1322 2933 1322 2934 1368 2934 1367 2934 1322 2935 1367 2935 1323 2935 1323 2936 1367 2936 1366 2936 1323 2937 1366 2937 1324 2937 1324 2938 1366 2938 1365 2938 1324 2939 1365 2939 1325 2939 1325 2940 1365 2940 1364 2940 1325 2941 1364 2941 1326 2941 1326 2942 1364 2942 1363 2942 1326 2943 1363 2943 1327 2943 1327 2944 1363 2944 1345 2944 1327 2945 1345 2945 1328 2945 1328 2946 1345 2946 1344 2946 1328 2947 1344 2947 1250 2947 1250 2948 1344 2948 1343 2948 1250 2949 1343 2949 1251 2949 1251 2950 1343 2950 1362 2950 1251 2951 1362 2951 1252 2951 1252 2952 1362 2952 1361 2952 1252 2953 1361 2953 1329 2953 1329 2954 1361 2954 1360 2954 1329 2955 1360 2955 1330 2955 1330 2956 1360 2956 1359 2956 1330 2957 1359 2957 1331 2957 1331 2958 1359 2958 1358 2958 1331 2959 1358 2959 1332 2959 1332 2960 1358 2960 1357 2960 1332 2961 1357 2961 1333 2961 1333 2962 1357 2962 1356 2962 1333 2963 1356 2963 1334 2963 1334 2964 1356 2964 1355 2964 1334 2965 1355 2965 1335 2965 1335 2966 1355 2966 1354 2966 1335 2967 1354 2967 1336 2967 1336 2968 1354 2968 1353 2968 1336 2969 1353 2969 1317 2969 1317 2970 1353 2970 1349 2970 1247 2971 1416 2971 1248 2971 1248 2972 1416 2972 1418 2972 1248 2973 1418 2973 1249 2973 1249 2974 1418 2974 1417 2974 1249 2975 1417 2975 1253 2975 1253 2976 1417 2976 1436 2976 1253 2977 1436 2977 1254 2977 1254 2978 1436 2978 1435 2978 1254 2979 1435 2979 1255 2979 1255 2980 1435 2980 1434 2980 1255 2981 1434 2981 1256 2981 1256 2982 1434 2982 1433 2982 1256 2983 1433 2983 1257 2983 1257 2984 1433 2984 1432 2984 1257 2985 1432 2985 1258 2985 1258 2986 1432 2986 1431 2986 1258 2987 1431 2987 1259 2987 1259 2988 1431 2988 1430 2988 1259 2989 1430 2989 1260 2989 1260 2990 1430 2990 1429 2990 1260 2991 1429 2991 1261 2991 1261 2992 1429 2992 1352 2992 1261 2993 1352 2993 1262 2993 1262 2994 1352 2994 1351 2994 1262 2995 1351 2995 1243 2995 1243 2996 1351 2996 1350 2996 1243 2997 1350 2997 1244 2997 1244 2998 1350 2998 1428 2998 1244 2999 1428 2999 1245 2999 1245 3000 1428 3000 1427 3000 1245 3001 1427 3001 1263 3001 1263 3002 1427 3002 1426 3002 1263 3003 1426 3003 1264 3003 1264 3004 1426 3004 1425 3004 1264 3005 1425 3005 1265 3005 1265 3006 1425 3006 1424 3006 1265 3007 1424 3007 1266 3007 1266 3008 1424 3008 1423 3008 1266 3009 1423 3009 1267 3009 1267 3010 1423 3010 1422 3010 1267 3011 1422 3011 1268 3011 1268 3012 1422 3012 1421 3012 1268 3013 1421 3013 1269 3013 1269 3014 1421 3014 1420 3014 1269 3015 1420 3015 1270 3015 1270 3016 1420 3016 1419 3016 1270 3017 1419 3017 1271 3017 1271 3018 1419 3018 1341 3018 1271 3019 1341 3019 1272 3019 1272 3020 1341 3020 1340 3020 1272 3021 1340 3021 1273 3021 1273 3022 1340 3022 1338 3022 1273 3023 1338 3023 1275 3023 1275 3024 1338 3024 1374 3024 1275 3025 1374 3025 1277 3025 1277 3026 1374 3026 1376 3026 1277 3027 1376 3027 1279 3027 1279 3028 1376 3028 1378 3028 1279 3029 1378 3029 1281 3029 1281 3030 1378 3030 1380 3030 1281 3031 1380 3031 1283 3031 1283 3032 1380 3032 1382 3032 1283 3033 1382 3033 1285 3033 1285 3034 1382 3034 1384 3034 1285 3035 1384 3035 1287 3035 1287 3036 1384 3036 1386 3036 1287 3037 1386 3037 1289 3037 1289 3038 1386 3038 1388 3038 1289 3039 1388 3039 1291 3039 1291 3040 1388 3040 1390 3040 1291 3041 1390 3041 1293 3041 1293 3042 1390 3042 1392 3042 1293 3043 1392 3043 1295 3043 1295 3044 1392 3044 1394 3044 1295 3045 1394 3045 1297 3045 1297 3046 1394 3046 1396 3046 1297 3047 1396 3047 1299 3047 1299 3048 1396 3048 1398 3048 1299 3049 1398 3049 1301 3049 1301 3050 1398 3050 1400 3050 1301 3051 1400 3051 1303 3051 1303 3052 1400 3052 1402 3052 1303 3053 1402 3053 1305 3053 1305 3054 1402 3054 1404 3054 1305 3055 1404 3055 1307 3055 1307 3056 1404 3056 1406 3056 1307 3057 1406 3057 1309 3057 1309 3058 1406 3058 1408 3058 1309 3059 1408 3059 1311 3059 1311 3060 1408 3060 1410 3060 1311 3061 1410 3061 1313 3061 1313 3062 1410 3062 1412 3062 1313 3063 1412 3063 1315 3063 1315 3064 1412 3064 1414 3064 1315 3065 1414 3065 1247 3065 1247 3066 1414 3066 1416 3066 1346 3067 1342 3067 1242 3067 1242 3068 1342 3068 1246 3068 1446 3069 1442 3069 1144 3069 1144 3070 1442 3070 1148 3070 1537 3071 1538 3071 1439 3071 1439 3072 1538 3072 1437 3072 1539 3073 1537 3073 1337 3073 1337 3074 1537 3074 1439 3074 1337 3075 1439 3075 1124 3075 1124 3076 1439 3076 1137 3076 1124 3077 1137 3077 1136 3077 1439 3078 1446 3078 1137 3078 1137 3079 1446 3079 1144 3079 1134 3080 1140 3080 1124 3080 1124 3081 1140 3081 1337 3081 1140 3082 1246 3082 1337 3082 1337 3083 1246 3083 1342 3083 1540 3084 1539 3084 1339 3084 1339 3085 1539 3085 1337 3085 1538 3086 1540 3086 1437 3086 1437 3087 1540 3087 1339 3087 1437 3088 1339 3088 1070 3088 1070 3089 1339 3089 1139 3089 1070 3090 1139 3090 1133 3090 1339 3091 1346 3091 1139 3091 1139 3092 1346 3092 1242 3092 1135 3093 1138 3093 1070 3093 1070 3094 1138 3094 1437 3094 1138 3095 1148 3095 1437 3095 1437 3096 1148 3096 1442 3096 1538 3097 1537 3097 1540 3097 1540 3098 1537 3098 1539 3098 1541 3099 1542 3099 1543 3099 1541 3100 1543 3100 1544 3100 1541 3101 1544 3101 1545 3101 1541 3102 1545 3102 1546 3102 1542 3103 1541 3103 1547 3103 1542 3104 1547 3104 1548 3104 1542 3105 1548 3105 1549 3105 1542 3106 1549 3106 1550 3106 1550 3107 1551 3107 1552 3107 1550 3108 1552 3108 1553 3108 1550 3109 1553 3109 1554 3109 1550 3110 1554 3110 1542 3110 1551 3111 1550 3111 1555 3111 1551 3112 1555 3112 1556 3112 1551 3113 1556 3113 1557 3113 1551 3114 1557 3114 1558 3114 1558 3115 1559 3115 1560 3115 1558 3116 1560 3116 1561 3116 1558 3117 1561 3117 1562 3117 1558 3118 1562 3118 1551 3118 1558 3119 1563 3119 1564 3119 1558 3120 1564 3120 1565 3120 1558 3121 1565 3121 1566 3121 1558 3122 1566 3122 1559 3122 1563 3123 1558 3123 1567 3123 1563 3124 1567 3124 1568 3124 1563 3125 1568 3125 1569 3125 1563 3126 1569 3126 1570 3126 1570 3127 1571 3127 1572 3127 1570 3128 1572 3128 1573 3128 1570 3129 1573 3129 1574 3129 1570 3130 1574 3130 1563 3130 1571 3131 1570 3131 1575 3131 1571 3132 1575 3132 1576 3132 1571 3133 1576 3133 1577 3133 1571 3134 1577 3134 1578 3134 1578 3135 1579 3135 1580 3135 1578 3136 1580 3136 1581 3136 1578 3137 1581 3137 1582 3137 1578 3138 1582 3138 1571 3138 1578 3139 1583 3139 1584 3139 1578 3140 1584 3140 1585 3140 1578 3141 1585 3141 1586 3141 1578 3142 1586 3142 1579 3142 1583 3143 1578 3143 1587 3143 1583 3144 1587 3144 1588 3144 1583 3145 1588 3145 1589 3145 1583 3146 1589 3146 1590 3146 1590 3147 1591 3147 1592 3147 1590 3148 1592 3148 1593 3148 1590 3149 1593 3149 1594 3149 1590 3150 1594 3150 1583 3150 1591 3151 1590 3151 1595 3151 1591 3152 1595 3152 1596 3152 1591 3153 1596 3153 1597 3153 1591 3154 1597 3154 1598 3154 1598 3155 1599 3155 1600 3155 1598 3156 1600 3156 1601 3156 1598 3157 1601 3157 1602 3157 1598 3158 1602 3158 1591 3158 1599 3159 1598 3159 1603 3159 1599 3160 1603 3160 1604 3160 1599 3161 1604 3161 1605 3161 1599 3162 1605 3162 1606 3162 1606 3163 1607 3163 1608 3163 1606 3164 1608 3164 1609 3164 1606 3165 1609 3165 1610 3165 1606 3166 1610 3166 1599 3166 1606 3167 1611 3167 1612 3167 1606 3168 1612 3168 1613 3168 1606 3169 1613 3169 1614 3169 1606 3170 1614 3170 1607 3170 1611 3171 1606 3171 1615 3171 1611 3172 1615 3172 1616 3172 1611 3173 1616 3173 1617 3173 1611 3174 1617 3174 1618 3174 1618 3175 1619 3175 1620 3175 1618 3176 1620 3176 1621 3176 1618 3177 1621 3177 1622 3177 1618 3178 1622 3178 1611 3178 1619 3179 1618 3179 1623 3179 1619 3180 1623 3180 1624 3180 1619 3181 1624 3181 1625 3181 1619 3182 1625 3182 1626 3182 1626 3183 1627 3183 1628 3183 1626 3184 1628 3184 1629 3184 1626 3185 1629 3185 1630 3185 1626 3186 1630 3186 1619 3186 1626 3187 1631 3187 1632 3187 1626 3188 1632 3188 1633 3188 1626 3189 1633 3189 1634 3189 1626 3190 1634 3190 1627 3190 1631 3191 1626 3191 1635 3191 1631 3192 1635 3192 1636 3192 1631 3193 1636 3193 1637 3193 1631 3194 1637 3194 1638 3194 1638 3195 1639 3195 1640 3195 1638 3196 1640 3196 1641 3196 1638 3197 1641 3197 1642 3197 1638 3198 1642 3198 1631 3198 1639 3199 1638 3199 1643 3199 1639 3200 1643 3200 1644 3200 1639 3201 1644 3201 1645 3201 1639 3202 1645 3202 1646 3202 1646 3203 1647 3203 1648 3203 1646 3204 1648 3204 1649 3204 1646 3205 1649 3205 1650 3205 1646 3206 1650 3206 1639 3206 1647 3207 1646 3207 1651 3207 1647 3208 1651 3208 1652 3208 1647 3209 1652 3209 1653 3209 1647 3210 1653 3210 1654 3210 1654 3211 1655 3211 1656 3211 1654 3212 1656 3212 1657 3212 1654 3213 1657 3213 1658 3213 1654 3214 1658 3214 1647 3214 1654 3215 1659 3215 1660 3215 1654 3216 1660 3216 1661 3216 1654 3217 1661 3217 1662 3217 1654 3218 1662 3218 1655 3218 1659 3219 1654 3219 1663 3219 1659 3220 1663 3220 1664 3220 1659 3221 1664 3221 1665 3221 1659 3222 1665 3222 1666 3222 1666 3223 1667 3223 1668 3223 1666 3224 1668 3224 1669 3224 1666 3225 1669 3225 1670 3225 1666 3226 1670 3226 1659 3226 1667 3227 1666 3227 1671 3227 1667 3228 1671 3228 1672 3228 1667 3229 1672 3229 1673 3229 1667 3230 1673 3230 1674 3230 1674 3231 1675 3231 1676 3231 1674 3232 1676 3232 1677 3232 1674 3233 1677 3233 1678 3233 1674 3234 1678 3234 1667 3234 1674 3235 1679 3235 1680 3235 1674 3236 1680 3236 1681 3236 1674 3237 1681 3237 1682 3237 1674 3238 1682 3238 1675 3238 1679 3239 1674 3239 1683 3239 1679 3240 1683 3240 1684 3240 1679 3241 1684 3241 1685 3241 1679 3242 1685 3242 1686 3242 1686 3243 1687 3243 1688 3243 1686 3244 1688 3244 1689 3244 1686 3245 1689 3245 1690 3245 1686 3246 1690 3246 1679 3246 1687 3247 1686 3247 1691 3247 1687 3248 1691 3248 1692 3248 1687 3249 1692 3249 1693 3249 1687 3250 1693 3250 1694 3250 1694 3251 1695 3251 1696 3251 1694 3252 1696 3252 1697 3252 1694 3253 1697 3253 1698 3253 1694 3254 1698 3254 1687 3254 1694 3255 1699 3255 1700 3255 1694 3256 1700 3256 1701 3256 1694 3257 1701 3257 1702 3257 1694 3258 1702 3258 1695 3258 1699 3259 1694 3259 1703 3259 1699 3260 1703 3260 1704 3260 1699 3261 1704 3261 1705 3261 1699 3262 1705 3262 1706 3262 1706 3263 1707 3263 1708 3263 1706 3264 1708 3264 1709 3264 1706 3265 1709 3265 1710 3265 1706 3266 1710 3266 1699 3266 1707 3267 1706 3267 1711 3267 1707 3268 1711 3268 1712 3268 1707 3269 1712 3269 1713 3269 1707 3270 1713 3270 1714 3270 1714 3271 1715 3271 1716 3271 1714 3272 1716 3272 1717 3272 1714 3273 1717 3273 1718 3273 1714 3274 1718 3274 1707 3274 1715 3275 1714 3275 1719 3275 1715 3276 1719 3276 1720 3276 1715 3277 1720 3277 1721 3277 1715 3278 1721 3278 1722 3278 1722 3279 1723 3279 1724 3279 1722 3280 1724 3280 1725 3280 1722 3281 1725 3281 1726 3281 1722 3282 1726 3282 1715 3282 1722 3283 1727 3283 1728 3283 1722 3284 1728 3284 1729 3284 1722 3285 1729 3285 1730 3285 1722 3286 1730 3286 1723 3286 1727 3287 1722 3287 1731 3287 1727 3288 1731 3288 1732 3288 1727 3289 1732 3289 1733 3289 1727 3290 1733 3290 1734 3290 1734 3291 1735 3291 1736 3291 1734 3292 1736 3292 1737 3292 1734 3293 1737 3293 1738 3293 1734 3294 1738 3294 1727 3294 1735 3295 1734 3295 1739 3295 1735 3296 1739 3296 1740 3296 1735 3297 1740 3297 1741 3297 1735 3298 1741 3298 1742 3298 1742 3299 1743 3299 1744 3299 1742 3300 1744 3300 1745 3300 1742 3301 1745 3301 1746 3301 1742 3302 1746 3302 1735 3302 1742 3303 1546 3303 1747 3303 1742 3304 1747 3304 1748 3304 1742 3305 1748 3305 1749 3305 1742 3306 1749 3306 1743 3306 1546 3307 1742 3307 1750 3307 1546 3308 1750 3308 1751 3308 1546 3309 1751 3309 1752 3309 1546 3310 1752 3310 1541 3310 1753 3311 1754 3311 1755 3311 1754 3312 1756 3312 1755 3312 1755 3313 1756 3313 1757 3313 1756 3314 1758 3314 1757 3314 1757 3315 1758 3315 1759 3315 1758 3316 1760 3316 1759 3316 1759 3317 1760 3317 1761 3317 1761 3318 1762 3318 1759 3318 1762 3319 1763 3319 1759 3319 1759 3320 1763 3320 1757 3320 1763 3321 1764 3321 1757 3321 1757 3322 1764 3322 1755 3322 1764 3323 1765 3323 1755 3323 1755 3324 1765 3324 1753 3324 1766 3325 1767 3325 1768 3325 1767 3326 1769 3326 1768 3326 1768 3327 1769 3327 1770 3327 1769 3328 1771 3328 1770 3328 1770 3329 1771 3329 1772 3329 1771 3330 1753 3330 1772 3330 1772 3331 1753 3331 1765 3331 1765 3332 1773 3332 1772 3332 1773 3333 1774 3333 1772 3333 1772 3334 1774 3334 1770 3334 1774 3335 1775 3335 1770 3335 1770 3336 1775 3336 1768 3336 1775 3337 1776 3337 1768 3337 1768 3338 1776 3338 1766 3338 1777 3339 1778 3339 1779 3339 1778 3340 1780 3340 1779 3340 1779 3341 1780 3341 1781 3341 1780 3342 1782 3342 1781 3342 1781 3343 1782 3343 1783 3343 1782 3344 1766 3344 1783 3344 1783 3345 1766 3345 1776 3345 1776 3346 1784 3346 1783 3346 1784 3347 1785 3347 1783 3347 1783 3348 1785 3348 1781 3348 1785 3349 1786 3349 1781 3349 1781 3350 1786 3350 1779 3350 1786 3351 1787 3351 1779 3351 1779 3352 1787 3352 1777 3352 1788 3353 1789 3353 1790 3353 1789 3354 1791 3354 1790 3354 1790 3355 1791 3355 1792 3355 1791 3356 1793 3356 1792 3356 1792 3357 1793 3357 1794 3357 1793 3358 1777 3358 1794 3358 1794 3359 1777 3359 1787 3359 1787 3360 1795 3360 1794 3360 1795 3361 1796 3361 1794 3361 1794 3362 1796 3362 1792 3362 1796 3363 1797 3363 1792 3363 1792 3364 1797 3364 1790 3364 1797 3365 1798 3365 1790 3365 1790 3366 1798 3366 1788 3366 1799 3367 1800 3367 1801 3367 1800 3368 1802 3368 1801 3368 1801 3369 1802 3369 1803 3369 1802 3370 1804 3370 1803 3370 1803 3371 1804 3371 1805 3371 1804 3372 1788 3372 1805 3372 1805 3373 1788 3373 1798 3373 1798 3374 1806 3374 1805 3374 1806 3375 1807 3375 1805 3375 1805 3376 1807 3376 1803 3376 1807 3377 1808 3377 1803 3377 1803 3378 1808 3378 1801 3378 1808 3379 1809 3379 1801 3379 1801 3380 1809 3380 1799 3380 1810 3381 1811 3381 1812 3381 1811 3382 1813 3382 1812 3382 1812 3383 1813 3383 1814 3383 1813 3384 1815 3384 1814 3384 1814 3385 1815 3385 1816 3385 1815 3386 1799 3386 1816 3386 1816 3387 1799 3387 1809 3387 1809 3388 1817 3388 1816 3388 1817 3389 1818 3389 1816 3389 1816 3390 1818 3390 1814 3390 1818 3391 1819 3391 1814 3391 1814 3392 1819 3392 1812 3392 1819 3393 1820 3393 1812 3393 1812 3394 1820 3394 1810 3394 1821 3395 1822 3395 1823 3395 1822 3396 1824 3396 1823 3396 1823 3397 1824 3397 1825 3397 1824 3398 1826 3398 1825 3398 1825 3399 1826 3399 1827 3399 1826 3400 1810 3400 1827 3400 1827 3401 1810 3401 1820 3401 1820 3402 1828 3402 1827 3402 1828 3403 1829 3403 1827 3403 1827 3404 1829 3404 1825 3404 1829 3405 1830 3405 1825 3405 1825 3406 1830 3406 1823 3406 1830 3407 1831 3407 1823 3407 1823 3408 1831 3408 1821 3408 1832 3409 1833 3409 1834 3409 1833 3410 1835 3410 1834 3410 1834 3411 1835 3411 1836 3411 1835 3412 1837 3412 1836 3412 1836 3413 1837 3413 1838 3413 1837 3414 1821 3414 1838 3414 1838 3415 1821 3415 1831 3415 1831 3416 1839 3416 1838 3416 1839 3417 1840 3417 1838 3417 1838 3418 1840 3418 1836 3418 1840 3419 1841 3419 1836 3419 1836 3420 1841 3420 1834 3420 1841 3421 1842 3421 1834 3421 1834 3422 1842 3422 1832 3422 1843 3423 1844 3423 1845 3423 1844 3424 1846 3424 1845 3424 1845 3425 1846 3425 1847 3425 1846 3426 1848 3426 1847 3426 1847 3427 1848 3427 1849 3427 1848 3428 1832 3428 1849 3428 1849 3429 1832 3429 1842 3429 1842 3430 1850 3430 1849 3430 1850 3431 1851 3431 1849 3431 1849 3432 1851 3432 1847 3432 1851 3433 1852 3433 1847 3433 1847 3434 1852 3434 1845 3434 1852 3435 1853 3435 1845 3435 1845 3436 1853 3436 1843 3436 1854 3437 1855 3437 1856 3437 1855 3438 1857 3438 1856 3438 1856 3439 1857 3439 1858 3439 1857 3440 1859 3440 1858 3440 1858 3441 1859 3441 1860 3441 1859 3442 1843 3442 1860 3442 1860 3443 1843 3443 1853 3443 1853 3444 1861 3444 1860 3444 1861 3445 1862 3445 1860 3445 1860 3446 1862 3446 1858 3446 1862 3447 1863 3447 1858 3447 1858 3448 1863 3448 1856 3448 1863 3449 1864 3449 1856 3449 1856 3450 1864 3450 1854 3450 1865 3451 1866 3451 1867 3451 1866 3452 1868 3452 1867 3452 1867 3453 1868 3453 1869 3453 1868 3454 1870 3454 1869 3454 1869 3455 1870 3455 1871 3455 1870 3456 1854 3456 1871 3456 1871 3457 1854 3457 1864 3457 1864 3458 1872 3458 1871 3458 1872 3459 1873 3459 1871 3459 1871 3460 1873 3460 1869 3460 1873 3461 1874 3461 1869 3461 1869 3462 1874 3462 1867 3462 1874 3463 1875 3463 1867 3463 1867 3464 1875 3464 1865 3464 1876 3465 1877 3465 1878 3465 1877 3466 1879 3466 1878 3466 1878 3467 1879 3467 1880 3467 1879 3468 1881 3468 1880 3468 1880 3469 1881 3469 1882 3469 1881 3470 1865 3470 1882 3470 1882 3471 1865 3471 1875 3471 1875 3472 1883 3472 1882 3472 1883 3473 1884 3473 1882 3473 1882 3474 1884 3474 1880 3474 1884 3475 1885 3475 1880 3475 1880 3476 1885 3476 1878 3476 1885 3477 1886 3477 1878 3477 1878 3478 1886 3478 1876 3478 1887 3479 1888 3479 1889 3479 1888 3480 1890 3480 1889 3480 1889 3481 1890 3481 1891 3481 1890 3482 1892 3482 1891 3482 1891 3483 1892 3483 1893 3483 1892 3484 1876 3484 1893 3484 1893 3485 1876 3485 1886 3485 1886 3486 1894 3486 1893 3486 1894 3487 1895 3487 1893 3487 1893 3488 1895 3488 1891 3488 1895 3489 1896 3489 1891 3489 1891 3490 1896 3490 1889 3490 1896 3491 1897 3491 1889 3491 1889 3492 1897 3492 1887 3492 1898 3493 1899 3493 1900 3493 1899 3494 1901 3494 1900 3494 1900 3495 1901 3495 1902 3495 1901 3496 1903 3496 1902 3496 1902 3497 1903 3497 1904 3497 1903 3498 1887 3498 1904 3498 1904 3499 1887 3499 1897 3499 1897 3500 1905 3500 1904 3500 1905 3501 1906 3501 1904 3501 1904 3502 1906 3502 1902 3502 1906 3503 1907 3503 1902 3503 1902 3504 1907 3504 1900 3504 1907 3505 1908 3505 1900 3505 1900 3506 1908 3506 1898 3506 1909 3507 1910 3507 1911 3507 1910 3508 1912 3508 1911 3508 1911 3509 1912 3509 1913 3509 1912 3510 1914 3510 1913 3510 1913 3511 1914 3511 1915 3511 1914 3512 1898 3512 1915 3512 1915 3513 1898 3513 1908 3513 1908 3514 1916 3514 1915 3514 1916 3515 1917 3515 1915 3515 1915 3516 1917 3516 1913 3516 1917 3517 1918 3517 1913 3517 1913 3518 1918 3518 1911 3518 1918 3519 1919 3519 1911 3519 1911 3520 1919 3520 1909 3520 1920 3521 1921 3521 1922 3521 1921 3522 1923 3522 1922 3522 1922 3523 1923 3523 1924 3523 1923 3524 1925 3524 1924 3524 1924 3525 1925 3525 1926 3525 1925 3526 1909 3526 1926 3526 1926 3527 1909 3527 1919 3527 1919 3528 1927 3528 1926 3528 1927 3529 1928 3529 1926 3529 1926 3530 1928 3530 1924 3530 1928 3531 1929 3531 1924 3531 1924 3532 1929 3532 1922 3532 1929 3533 1930 3533 1922 3533 1922 3534 1930 3534 1920 3534 1931 3535 1932 3535 1933 3535 1932 3536 1934 3536 1933 3536 1933 3537 1934 3537 1935 3537 1934 3538 1936 3538 1935 3538 1935 3539 1936 3539 1937 3539 1936 3540 1920 3540 1937 3540 1937 3541 1920 3541 1930 3541 1930 3542 1938 3542 1937 3542 1938 3543 1939 3543 1937 3543 1937 3544 1939 3544 1935 3544 1939 3545 1940 3545 1935 3545 1935 3546 1940 3546 1933 3546 1940 3547 1941 3547 1933 3547 1933 3548 1941 3548 1931 3548 1942 3549 1943 3549 1944 3549 1943 3550 1945 3550 1944 3550 1944 3551 1945 3551 1946 3551 1945 3552 1947 3552 1946 3552 1946 3553 1947 3553 1948 3553 1947 3554 1931 3554 1948 3554 1948 3555 1931 3555 1941 3555 1941 3556 1949 3556 1948 3556 1949 3557 1950 3557 1948 3557 1948 3558 1950 3558 1946 3558 1950 3559 1951 3559 1946 3559 1946 3560 1951 3560 1944 3560 1951 3561 1952 3561 1944 3561 1944 3562 1952 3562 1942 3562 1953 3563 1954 3563 1955 3563 1954 3564 1956 3564 1955 3564 1955 3565 1956 3565 1957 3565 1956 3566 1958 3566 1957 3566 1957 3567 1958 3567 1959 3567 1958 3568 1942 3568 1959 3568 1959 3569 1942 3569 1952 3569 1952 3570 1960 3570 1959 3570 1960 3571 1961 3571 1959 3571 1959 3572 1961 3572 1957 3572 1961 3573 1962 3573 1957 3573 1957 3574 1962 3574 1955 3574 1962 3575 1963 3575 1955 3575 1955 3576 1963 3576 1953 3576 1964 3577 1965 3577 1966 3577 1965 3578 1967 3578 1966 3578 1966 3579 1967 3579 1968 3579 1967 3580 1969 3580 1968 3580 1968 3581 1969 3581 1970 3581 1969 3582 1953 3582 1970 3582 1970 3583 1953 3583 1963 3583 1963 3584 1971 3584 1970 3584 1971 3585 1972 3585 1970 3585 1970 3586 1972 3586 1968 3586 1972 3587 1973 3587 1968 3587 1968 3588 1973 3588 1966 3588 1973 3589 1974 3589 1966 3589 1966 3590 1974 3590 1964 3590 1975 3591 1976 3591 1977 3591 1976 3592 1978 3592 1977 3592 1977 3593 1978 3593 1979 3593 1978 3594 1980 3594 1979 3594 1979 3595 1980 3595 1981 3595 1980 3596 1964 3596 1981 3596 1981 3597 1964 3597 1974 3597 1974 3598 1982 3598 1981 3598 1982 3599 1983 3599 1981 3599 1981 3600 1983 3600 1979 3600 1983 3601 1984 3601 1979 3601 1979 3602 1984 3602 1977 3602 1984 3603 1985 3603 1977 3603 1977 3604 1985 3604 1975 3604 1760 3605 1986 3605 1987 3605 1986 3606 1988 3606 1987 3606 1987 3607 1988 3607 1989 3607 1988 3608 1990 3608 1989 3608 1989 3609 1990 3609 1991 3609 1990 3610 1975 3610 1991 3610 1991 3611 1975 3611 1985 3611 1985 3612 1992 3612 1991 3612 1992 3613 1993 3613 1991 3613 1991 3614 1993 3614 1989 3614 1993 3615 1994 3615 1989 3615 1989 3616 1994 3616 1987 3616 1994 3617 1761 3617 1987 3617 1987 3618 1761 3618 1760 3618 1995 3619 1996 3619 1997 3619 1996 3620 1998 3620 1997 3620 1997 3621 1998 3621 1999 3621 1998 3622 2000 3622 1999 3622 1999 3623 2000 3623 2001 3623 2000 3624 2002 3624 2001 3624 2001 3625 2002 3625 2003 3625 2003 3626 2004 3626 2001 3626 2004 3627 2005 3627 2001 3627 2001 3628 2005 3628 1999 3628 2005 3629 2006 3629 1999 3629 1999 3630 2006 3630 1997 3630 2006 3631 2007 3631 1997 3631 1997 3632 2007 3632 1995 3632 2008 3633 2009 3633 2010 3633 2009 3634 2011 3634 2010 3634 2010 3635 2011 3635 2012 3635 2011 3636 2013 3636 2012 3636 2012 3637 2013 3637 2014 3637 2013 3638 1995 3638 2014 3638 2014 3639 1995 3639 2007 3639 2007 3640 2015 3640 2014 3640 2015 3641 2016 3641 2014 3641 2014 3642 2016 3642 2012 3642 2016 3643 2017 3643 2012 3643 2012 3644 2017 3644 2010 3644 2017 3645 2018 3645 2010 3645 2010 3646 2018 3646 2008 3646 2019 3647 2020 3647 2021 3647 2020 3648 2022 3648 2021 3648 2021 3649 2022 3649 2023 3649 2022 3650 2024 3650 2023 3650 2023 3651 2024 3651 2025 3651 2024 3652 2008 3652 2025 3652 2025 3653 2008 3653 2018 3653 2018 3654 2026 3654 2025 3654 2026 3347 2027 3347 2025 3347 2025 3655 2027 3655 2023 3655 2027 3656 2028 3656 2023 3656 2023 3657 2028 3657 2021 3657 2028 3658 2029 3658 2021 3658 2021 3659 2029 3659 2019 3659 2030 3660 2031 3660 2032 3660 2031 3661 2033 3661 2032 3661 2032 3662 2033 3662 2034 3662 2033 3663 2035 3663 2034 3663 2034 3664 2035 3664 2036 3664 2035 3665 2019 3665 2036 3665 2036 3666 2019 3666 2029 3666 2029 3667 2037 3667 2036 3667 2037 3668 2038 3668 2036 3668 2036 3669 2038 3669 2034 3669 2038 3670 2039 3670 2034 3670 2034 3671 2039 3671 2032 3671 2039 3672 2040 3672 2032 3672 2032 3673 2040 3673 2030 3673 2041 3674 2042 3674 2043 3674 2042 3675 2044 3675 2043 3675 2043 3676 2044 3676 2045 3676 2044 3677 2046 3677 2045 3677 2045 3678 2046 3678 2047 3678 2046 3679 2030 3679 2047 3679 2047 3680 2030 3680 2040 3680 2040 3681 2048 3681 2047 3681 2048 3682 2049 3682 2047 3682 2047 3683 2049 3683 2045 3683 2049 3684 2050 3684 2045 3684 2045 3685 2050 3685 2043 3685 2050 3686 2051 3686 2043 3686 2043 3687 2051 3687 2041 3687 2052 3688 2053 3688 2054 3688 2053 3689 2055 3689 2054 3689 2054 3690 2055 3690 2056 3690 2055 3691 2057 3691 2056 3691 2056 3692 2057 3692 2058 3692 2057 3693 2041 3693 2058 3693 2058 3694 2041 3694 2051 3694 2051 3695 2059 3695 2058 3695 2059 3696 2060 3696 2058 3696 2058 3697 2060 3697 2056 3697 2060 3698 2061 3698 2056 3698 2056 3699 2061 3699 2054 3699 2061 3700 2062 3700 2054 3700 2054 3701 2062 3701 2052 3701 2063 3702 2064 3702 2065 3702 2064 3703 2066 3703 2065 3703 2065 3704 2066 3704 2067 3704 2066 3705 2068 3705 2067 3705 2067 3706 2068 3706 2069 3706 2068 3707 2052 3707 2069 3707 2069 3708 2052 3708 2062 3708 2062 3709 2070 3709 2069 3709 2070 3710 2071 3710 2069 3710 2069 3711 2071 3711 2067 3711 2071 3712 2072 3712 2067 3712 2067 3713 2072 3713 2065 3713 2072 3714 2073 3714 2065 3714 2065 3715 2073 3715 2063 3715 2074 3716 2075 3716 2076 3716 2075 3717 2077 3717 2076 3717 2076 3718 2077 3718 2078 3718 2077 3719 2079 3719 2078 3719 2078 3720 2079 3720 2080 3720 2079 3721 2063 3721 2080 3721 2080 3722 2063 3722 2073 3722 2073 3723 2081 3723 2080 3723 2081 3724 2082 3724 2080 3724 2080 3725 2082 3725 2078 3725 2082 3726 2083 3726 2078 3726 2078 3727 2083 3727 2076 3727 2083 3728 2084 3728 2076 3728 2076 3729 2084 3729 2074 3729 2085 3730 2086 3730 2087 3730 2086 3731 2088 3731 2087 3731 2087 3732 2088 3732 2089 3732 2088 3733 2090 3733 2089 3733 2089 3734 2090 3734 2091 3734 2090 3735 2074 3735 2091 3735 2091 3736 2074 3736 2084 3736 2084 3737 2092 3737 2091 3737 2092 3738 2093 3738 2091 3738 2091 3739 2093 3739 2089 3739 2093 3740 2094 3740 2089 3740 2089 3741 2094 3741 2087 3741 2094 3742 2095 3742 2087 3742 2087 3743 2095 3743 2085 3743 2096 3744 2097 3744 2098 3744 2097 3745 2099 3745 2098 3745 2098 3746 2099 3746 2100 3746 2099 3747 2101 3747 2100 3747 2100 3748 2101 3748 2102 3748 2101 3749 2085 3749 2102 3749 2102 3750 2085 3750 2095 3750 2095 3751 2103 3751 2102 3751 2103 3752 2104 3752 2102 3752 2102 3753 2104 3753 2100 3753 2104 3754 2105 3754 2100 3754 2100 3755 2105 3755 2098 3755 2105 3756 2106 3756 2098 3756 2098 3757 2106 3757 2096 3757 2107 3758 2108 3758 2109 3758 2108 3759 2110 3759 2109 3759 2109 3760 2110 3760 2111 3760 2110 3761 2112 3761 2111 3761 2111 3762 2112 3762 2113 3762 2112 3763 2096 3763 2113 3763 2113 3764 2096 3764 2106 3764 2106 3765 2114 3765 2113 3765 2114 3766 2115 3766 2113 3766 2113 3767 2115 3767 2111 3767 2115 3768 2116 3768 2111 3768 2111 3769 2116 3769 2109 3769 2116 3770 2117 3770 2109 3770 2109 3771 2117 3771 2107 3771 2118 3772 2119 3772 2120 3772 2119 3773 2121 3773 2120 3773 2120 3774 2121 3774 2122 3774 2121 3775 2123 3775 2122 3775 2122 3776 2123 3776 2124 3776 2123 3777 2107 3777 2124 3777 2124 3778 2107 3778 2117 3778 2117 3779 2125 3779 2124 3779 2125 3780 2126 3780 2124 3780 2124 3781 2126 3781 2122 3781 2126 3782 2127 3782 2122 3782 2122 3783 2127 3783 2120 3783 2127 3784 2128 3784 2120 3784 2120 3785 2128 3785 2118 3785 2129 3786 2130 3786 2131 3786 2130 3787 2132 3787 2131 3787 2131 3788 2132 3788 2133 3788 2132 3789 2134 3789 2133 3789 2133 3790 2134 3790 2135 3790 2134 3791 2118 3791 2135 3791 2135 3792 2118 3792 2128 3792 2128 3793 2136 3793 2135 3793 2136 3794 2137 3794 2135 3794 2135 3795 2137 3795 2133 3795 2137 3796 2138 3796 2133 3796 2133 3797 2138 3797 2131 3797 2138 3798 2139 3798 2131 3798 2131 3799 2139 3799 2129 3799 2140 3800 2141 3800 2142 3800 2141 3801 2143 3801 2142 3801 2142 3802 2143 3802 2144 3802 2143 3803 2145 3803 2144 3803 2144 3804 2145 3804 2146 3804 2145 3805 2129 3805 2146 3805 2146 3806 2129 3806 2139 3806 2139 3807 2147 3807 2146 3807 2147 3808 2148 3808 2146 3808 2146 3809 2148 3809 2144 3809 2148 3810 2149 3810 2144 3810 2144 3811 2149 3811 2142 3811 2149 3812 2150 3812 2142 3812 2142 3813 2150 3813 2140 3813 2151 3814 2152 3814 2153 3814 2152 3815 2154 3815 2153 3815 2153 3816 2154 3816 2155 3816 2154 3817 2156 3817 2155 3817 2155 3818 2156 3818 2157 3818 2156 3819 2140 3819 2157 3819 2157 3820 2140 3820 2150 3820 2150 3821 2158 3821 2157 3821 2158 3822 2159 3822 2157 3822 2157 3823 2159 3823 2155 3823 2159 3824 2160 3824 2155 3824 2155 3825 2160 3825 2153 3825 2160 3826 2161 3826 2153 3826 2153 3827 2161 3827 2151 3827 2162 3828 2163 3828 2164 3828 2163 3829 2165 3829 2164 3829 2164 3830 2165 3830 2166 3830 2165 3831 2167 3831 2166 3831 2166 3832 2167 3832 2168 3832 2167 3833 2151 3833 2168 3833 2168 3834 2151 3834 2161 3834 2161 3835 2169 3835 2168 3835 2169 3836 2170 3836 2168 3836 2168 3837 2170 3837 2166 3837 2170 3838 2171 3838 2166 3838 2166 3839 2171 3839 2164 3839 2171 3840 2172 3840 2164 3840 2164 3841 2172 3841 2162 3841 2173 3842 2174 3842 2175 3842 2174 3843 2176 3843 2175 3843 2175 3844 2176 3844 2177 3844 2176 3845 2178 3845 2177 3845 2177 3846 2178 3846 2179 3846 2178 3847 2162 3847 2179 3847 2179 3848 2162 3848 2172 3848 2172 3849 2180 3849 2179 3849 2180 3850 2181 3850 2179 3850 2179 3851 2181 3851 2177 3851 2181 3852 2182 3852 2177 3852 2177 3853 2182 3853 2175 3853 2182 3854 2183 3854 2175 3854 2175 3855 2183 3855 2173 3855 2184 3856 2185 3856 2186 3856 2185 3857 2187 3857 2186 3857 2186 3858 2187 3858 2188 3858 2187 3859 2189 3859 2188 3859 2188 3860 2189 3860 2190 3860 2189 3861 2173 3861 2190 3861 2190 3862 2173 3862 2183 3862 2183 3863 2191 3863 2190 3863 2191 3864 2192 3864 2190 3864 2190 3865 2192 3865 2188 3865 2192 3866 2193 3866 2188 3866 2188 3867 2193 3867 2186 3867 2193 3868 2194 3868 2186 3868 2186 3869 2194 3869 2184 3869 2195 3870 2196 3870 2197 3870 2196 3871 2198 3871 2197 3871 2197 3872 2198 3872 2199 3872 2198 3873 2200 3873 2199 3873 2199 3874 2200 3874 2201 3874 2200 3875 2184 3875 2201 3875 2201 3876 2184 3876 2194 3876 2194 3877 2202 3877 2201 3877 2202 3878 2203 3878 2201 3878 2201 3879 2203 3879 2199 3879 2203 3880 2204 3880 2199 3880 2199 3881 2204 3881 2197 3881 2204 3882 2205 3882 2197 3882 2197 3883 2205 3883 2195 3883 2206 3884 2207 3884 2208 3884 2207 3885 2209 3885 2208 3885 2208 3886 2209 3886 2210 3886 2209 3887 2211 3887 2210 3887 2210 3888 2211 3888 2212 3888 2211 3889 2195 3889 2212 3889 2212 3890 2195 3890 2205 3890 2205 3891 2213 3891 2212 3891 2213 3892 2214 3892 2212 3892 2212 3893 2214 3893 2210 3893 2214 3894 2215 3894 2210 3894 2210 3895 2215 3895 2208 3895 2215 3896 2216 3896 2208 3896 2208 3897 2216 3897 2206 3897 2217 3898 2218 3898 2219 3898 2218 3899 2220 3899 2219 3899 2219 3900 2220 3900 2221 3900 2220 3901 2222 3901 2221 3901 2221 3902 2222 3902 2223 3902 2222 3903 2206 3903 2223 3903 2223 3904 2206 3904 2216 3904 2216 3905 2224 3905 2223 3905 2224 3906 2225 3906 2223 3906 2223 3907 2225 3907 2221 3907 2225 3908 2226 3908 2221 3908 2221 3909 2226 3909 2219 3909 2226 3910 2227 3910 2219 3910 2219 3911 2227 3911 2217 3911 2002 3912 2228 3912 2229 3912 2228 3913 2230 3913 2229 3913 2229 3914 2230 3914 2231 3914 2230 3915 2232 3915 2231 3915 2231 3916 2232 3916 2233 3916 2232 3917 2217 3917 2233 3917 2233 3918 2217 3918 2227 3918 2227 3919 2234 3919 2233 3919 2234 3920 2235 3920 2233 3920 2233 3921 2235 3921 2231 3921 2235 3922 2236 3922 2231 3922 2231 3923 2236 3923 2229 3923 2236 3924 2003 3924 2229 3924 2229 3925 2003 3925 2002 3925 2002 3926 2237 3926 2238 3926 2002 3927 2238 3927 2239 3927 2002 3928 2239 3928 2240 3928 2002 3929 2240 3929 2241 3929 2237 3930 2002 3930 2000 3930 2237 3931 2000 3931 1998 3931 2237 3932 1998 3932 1996 3932 2237 3933 1996 3933 1995 3933 2237 3934 1995 3934 2013 3934 2237 3935 2013 3935 2011 3935 2237 3936 2011 3936 2009 3936 2237 3937 2009 3937 2008 3937 2241 3938 2217 3938 2232 3938 2241 3939 2232 3939 2230 3939 2241 3940 2230 3940 2228 3940 2241 3941 2228 3941 2002 3941 2217 3942 2241 3942 2242 3942 2217 3943 2242 3943 2243 3943 2217 3944 2243 3944 2244 3944 2217 3945 2244 3945 2245 3945 2245 3946 2206 3946 2222 3946 2245 3947 2222 3947 2220 3947 2245 3948 2220 3948 2218 3948 2245 3949 2218 3949 2217 3949 2245 3950 2195 3950 2211 3950 2245 3951 2211 3951 2209 3951 2245 3952 2209 3952 2207 3952 2245 3953 2207 3953 2206 3953 2195 3954 2245 3954 2246 3954 2195 3955 2246 3955 2247 3955 2195 3956 2247 3956 2248 3956 2195 3957 2248 3957 2249 3957 2249 3958 2184 3958 2200 3958 2249 3959 2200 3959 2198 3959 2249 3960 2198 3960 2196 3960 2249 3961 2196 3961 2195 3961 2184 3962 2249 3962 2250 3962 2184 3963 2250 3963 2251 3963 2184 3964 2251 3964 2252 3964 2184 3965 2252 3965 2253 3965 2253 3966 2173 3966 2189 3966 2253 3967 2189 3967 2187 3967 2253 3968 2187 3968 2185 3968 2253 3969 2185 3969 2184 3969 2173 3970 2253 3970 2254 3970 2173 3971 2254 3971 2255 3971 2173 3972 2255 3972 2256 3972 2173 3973 2256 3973 2257 3973 2257 3974 2162 3974 2178 3974 2257 3975 2178 3975 2176 3975 2257 3976 2176 3976 2174 3976 2257 3977 2174 3977 2173 3977 2162 3978 2257 3978 2258 3978 2162 3979 2258 3979 2259 3979 2162 3980 2259 3980 2260 3980 2162 3981 2260 3981 2261 3981 2162 3982 2261 3982 2262 3982 2262 3983 2261 3983 2263 3983 2262 3984 2263 3984 2264 3984 2262 3985 2264 3985 2265 3985 2262 3986 2265 3986 2266 3986 2266 3987 2267 3987 2268 3987 2266 3988 2268 3988 2269 3988 2266 3989 2269 3989 2270 3989 2266 3990 2270 3990 2262 3990 2267 3991 2266 3991 2271 3991 2267 3992 2271 3992 2272 3992 2267 3993 2272 3993 2273 3993 2267 3994 2273 3994 2274 3994 2267 3995 2274 3995 2275 3995 2267 3996 2275 3996 2276 3996 2267 3997 2276 3997 2277 3997 2267 3998 2277 3998 2278 3998 2278 3999 2279 3999 2280 3999 2278 4000 2280 4000 2281 4000 2278 4001 2281 4001 2282 4001 2278 4002 2282 4002 2267 4002 2279 4003 2278 4003 2283 4003 2279 4004 2283 4004 2284 4004 2279 4005 2284 4005 2285 4005 2279 4006 2285 4006 2286 4006 2279 4007 2286 4007 2287 4007 2279 4008 2287 4008 2288 4008 2279 4009 2288 4009 2289 4009 2279 4010 2289 4010 2290 4010 2290 4011 2291 4011 2292 4011 2290 4012 2292 4012 2293 4012 2290 4013 2293 4013 2294 4013 2290 4014 2294 4014 2279 4014 2291 4015 2290 4015 2295 4015 2291 4016 2295 4016 2296 4016 2291 4017 2296 4017 2297 4017 2291 4018 2297 4018 2298 4018 2298 4019 2299 4019 2300 4019 2298 4020 2300 4020 2301 4020 2298 4021 2301 4021 2302 4021 2298 4022 2302 4022 2291 4022 2299 4023 2298 4023 2303 4023 2299 4024 2303 4024 2304 4024 2299 4025 2304 4025 2305 4025 2299 4026 2305 4026 2306 4026 2299 4027 2306 4027 2307 4027 2299 4028 2307 4028 2308 4028 2299 4029 2308 4029 2309 4029 2299 4030 2309 4030 2310 4030 2310 4031 2311 4031 2312 4031 2310 4032 2312 4032 2313 4032 2310 4033 2313 4033 2314 4033 2310 4034 2314 4034 2299 4034 2311 4035 2310 4035 2315 4035 2311 4036 2315 4036 2316 4036 2311 4037 2316 4037 2317 4037 2311 4038 2317 4038 2318 4038 2311 4039 2318 4039 2319 4039 2311 4040 2319 4040 2320 4040 2311 4041 2320 4041 2321 4041 2311 4042 2321 4042 2322 4042 2322 4043 2323 4043 2324 4043 2322 4044 2324 4044 2325 4044 2322 4045 2325 4045 2326 4045 2322 4046 2326 4046 2311 4046 2323 4047 2322 4047 2327 4047 2323 4048 2327 4048 2328 4048 2323 4049 2328 4049 2329 4049 2323 4050 2329 4050 2330 4050 2330 4051 2331 4051 2332 4051 2330 4052 2332 4052 2333 4052 2330 4053 2333 4053 2334 4053 2330 4054 2334 4054 2323 4054 2331 4055 2330 4055 2335 4055 2331 4056 2335 4056 2336 4056 2331 4057 2336 4057 2337 4057 2331 4058 2337 4058 2338 4058 2331 4059 2338 4059 2339 4059 2331 4060 2339 4060 2340 4060 2331 4061 2340 4061 2341 4061 2331 4062 2341 4062 2342 4062 2342 4063 2343 4063 2344 4063 2342 4064 2344 4064 2345 4064 2342 4065 2345 4065 2346 4065 2342 4066 2346 4066 2331 4066 2343 4067 2342 4067 2347 4067 2343 4068 2347 4068 2348 4068 2343 4069 2348 4069 2349 4069 2343 4070 2349 4070 2350 4070 2350 4071 2351 4071 2352 4071 2350 4072 2352 4072 2353 4072 2350 4073 2353 4073 2354 4073 2350 4074 2354 4074 2343 4074 2351 4075 2350 4075 2355 4075 2351 4076 2355 4076 2356 4076 2351 4077 2356 4077 2357 4077 2351 4078 2357 4078 2358 4078 2351 4079 2358 4079 2359 4079 2351 4080 2359 4080 2360 4080 2351 4081 2360 4081 2361 4081 2351 4082 2361 4082 2362 4082 2362 4083 2363 4083 2364 4083 2362 4084 2364 4084 2365 4084 2362 4085 2365 4085 2366 4085 2362 4086 2366 4086 2351 4086 2363 4087 2362 4087 2367 4087 2363 4088 2367 4088 2368 4088 2363 4089 2368 4089 2369 4089 2363 4090 2369 4090 2370 4090 2363 4091 2370 4091 1953 4091 1953 4092 2370 4092 2371 4092 1953 4093 2371 4093 2372 4093 1953 4094 2372 4094 2373 4094 1953 4095 2373 4095 2374 4095 2374 4096 1942 4096 1958 4096 2374 4097 1958 4097 1956 4097 2374 4098 1956 4098 1954 4098 2374 4099 1954 4099 1953 4099 1942 4100 2374 4100 2375 4100 1942 4101 2375 4101 2376 4101 1942 4102 2376 4102 2377 4102 1942 4103 2377 4103 2378 4103 2378 4104 1931 4104 1947 4104 2378 4105 1947 4105 1945 4105 2378 4106 1945 4106 1943 4106 2378 4107 1943 4107 1942 4107 1931 4108 2378 4108 2379 4108 1931 4109 2379 4109 2380 4109 1931 4110 2380 4110 2381 4110 1931 4111 2381 4111 2382 4111 2382 4112 1920 4112 1936 4112 2382 4113 1936 4113 1934 4113 2382 4114 1934 4114 1932 4114 2382 4115 1932 4115 1931 4115 1920 4116 2382 4116 2383 4116 1920 4117 2383 4117 2384 4117 1920 4118 2384 4118 2385 4118 1920 4119 2385 4119 2386 4119 2386 4120 1909 4120 1925 4120 2386 4121 1925 4121 1923 4121 2386 4122 1923 4122 1921 4122 2386 4123 1921 4123 1920 4123 1909 4124 2386 4124 2387 4124 1909 4125 2387 4125 2388 4125 1909 4126 2388 4126 2389 4126 1909 4127 2389 4127 2390 4127 2390 4128 1898 4128 1914 4128 2390 4129 1914 4129 1912 4129 2390 4130 1912 4130 1910 4130 2390 4131 1910 4131 1909 4131 1898 4132 2390 4132 2391 4132 1898 4133 2391 4133 2392 4133 1898 4134 2392 4134 2393 4134 1898 4135 2393 4135 2394 4135 2394 4136 1887 4136 1903 4136 2394 4137 1903 4137 1901 4137 2394 4138 1901 4138 1899 4138 2394 4139 1899 4139 1898 4139 2394 4140 1876 4140 1892 4140 2394 4141 1892 4141 1890 4141 2394 4142 1890 4142 1888 4142 2394 4143 1888 4143 1887 4143 1876 4144 2394 4144 2395 4144 1876 4145 2395 4145 2396 4145 1876 4146 2396 4146 2397 4146 1876 4147 2397 4147 2398 4147 2398 4148 1865 4148 1881 4148 2398 4149 1881 4149 1879 4149 2398 4150 1879 4150 1877 4150 2398 4151 1877 4151 1876 4151 2398 4152 1854 4152 1870 4152 2398 4153 1870 4153 1868 4153 2398 4154 1868 4154 1866 4154 2398 4155 1866 4155 1865 4155 1854 4156 2398 4156 2399 4156 1854 4157 2399 4157 2400 4157 1854 4158 2400 4158 2401 4158 1854 4159 2401 4159 2402 4159 2402 4160 1843 4160 1859 4160 2402 4161 1859 4161 1857 4161 2402 4162 1857 4162 1855 4162 2402 4163 1855 4163 1854 4163 1843 4164 2402 4164 2403 4164 1843 4165 2403 4165 2404 4165 1843 4166 2404 4166 2405 4166 1843 4167 2405 4167 2406 4167 2406 4168 1832 4168 1848 4168 2406 4169 1848 4169 1846 4169 2406 4170 1846 4170 1844 4170 2406 4171 1844 4171 1843 4171 1832 4172 2406 4172 2407 4172 1832 4173 2407 4173 2408 4173 1832 4174 2408 4174 2409 4174 1832 4175 2409 4175 2410 4175 2410 4176 1821 4176 1837 4176 2410 4177 1837 4177 1835 4177 2410 4178 1835 4178 1833 4178 2410 4179 1833 4179 1832 4179 1821 4180 2410 4180 2411 4180 1821 4181 2411 4181 2412 4181 1821 4182 2412 4182 2413 4182 1821 4183 2413 4183 2414 4183 2414 4184 1810 4184 1826 4184 2414 4185 1826 4185 1824 4185 2414 4186 1824 4186 1822 4186 2414 4187 1822 4187 1821 4187 1810 4188 2414 4188 2415 4188 1810 4189 2415 4189 2416 4189 1810 4190 2416 4190 2417 4190 1810 4191 2417 4191 2418 4191 2418 4192 1799 4192 1815 4192 2418 4193 1815 4193 1813 4193 2418 4194 1813 4194 1811 4194 2418 4195 1811 4195 1810 4195 1799 4196 2418 4196 2419 4196 1799 4197 2419 4197 2420 4197 1799 4198 2420 4198 2421 4198 1799 4199 2421 4199 2422 4199 1799 4200 2422 4200 2423 4200 2423 4201 2422 4201 2424 4201 2423 4202 2424 4202 2425 4202 2423 4203 2425 4203 2426 4203 2423 4204 2426 4204 2427 4204 2427 4205 2428 4205 2429 4205 2427 4206 2429 4206 2430 4206 2427 4207 2430 4207 2431 4207 2427 4208 2431 4208 2423 4208 2428 4209 2427 4209 2432 4209 2428 4210 2432 4210 2433 4210 2428 4211 2433 4211 2434 4211 2428 4212 2434 4212 2435 4212 2428 4213 2435 4213 2436 4213 2428 4214 2436 4214 2437 4214 2428 4215 2437 4215 2438 4215 2428 4216 2438 4216 2439 4216 2439 4217 2440 4217 2441 4217 2439 4218 2441 4218 2442 4218 2439 4219 2442 4219 2443 4219 2439 4220 2443 4220 2428 4220 2440 4221 2439 4221 2444 4221 2440 4222 2444 4222 2445 4222 2440 4223 2445 4223 2446 4223 2440 4224 2446 4224 2447 4224 2447 4225 2448 4225 2449 4225 2447 4226 2449 4226 2450 4226 2447 4227 2450 4227 2451 4227 2447 4228 2451 4228 2440 4228 2448 4229 2447 4229 2452 4229 2448 4230 2452 4230 2453 4230 2448 4231 2453 4231 2454 4231 2448 4232 2454 4232 2455 4232 2448 4233 2455 4233 2456 4233 2448 4234 2456 4234 2457 4234 2448 4235 2457 4235 2458 4235 2448 4236 2458 4236 2459 4236 2459 4237 2460 4237 2461 4237 2459 4238 2461 4238 2462 4238 2459 4239 2462 4239 2463 4239 2459 4240 2463 4240 2448 4240 2460 4241 2459 4241 2464 4241 2460 4242 2464 4242 2465 4242 2460 4243 2465 4243 2466 4243 2460 4244 2466 4244 2467 4244 2467 4245 2468 4245 2469 4245 2467 4246 2469 4246 2470 4246 2467 4247 2470 4247 2471 4247 2467 4248 2471 4248 2460 4248 2468 4249 2467 4249 2472 4249 2468 4250 2472 4250 2473 4250 2468 4251 2473 4251 2474 4251 2468 4252 2474 4252 2475 4252 2468 4253 2475 4253 2476 4253 2468 4254 2476 4254 2477 4254 2468 4255 2477 4255 2478 4255 2468 4256 2478 4256 2479 4256 2479 4257 2480 4257 2481 4257 2479 4258 2481 4258 2482 4258 2479 4259 2482 4259 2483 4259 2479 4260 2483 4260 2468 4260 2480 4261 2479 4261 2484 4261 2480 4262 2484 4262 2485 4262 2480 4263 2485 4263 2486 4263 2480 4264 2486 4264 2487 4264 2480 4265 2487 4265 2488 4265 2480 4266 2488 4266 2489 4266 2480 4267 2489 4267 2490 4267 2480 4268 2490 4268 2491 4268 2491 4269 2492 4269 2493 4269 2491 4270 2493 4270 2494 4270 2491 4271 2494 4271 2495 4271 2491 4272 2495 4272 2480 4272 2492 4273 2491 4273 2496 4273 2492 4274 2496 4274 2497 4274 2492 4275 2497 4275 2498 4275 2492 4276 2498 4276 2499 4276 2499 4277 2500 4277 2501 4277 2499 4278 2501 4278 2502 4278 2499 4279 2502 4279 2503 4279 2499 4280 2503 4280 2492 4280 2500 4281 2499 4281 2504 4281 2500 4282 2504 4282 2505 4282 2500 4283 2505 4283 2506 4283 2500 4284 2506 4284 2507 4284 2500 4285 2507 4285 2508 4285 2500 4286 2508 4286 2509 4286 2500 4287 2509 4287 2510 4287 2500 4288 2510 4288 2511 4288 2511 4289 2512 4289 2513 4289 2511 4290 2513 4290 2514 4290 2511 4291 2514 4291 2515 4291 2511 4292 2515 4292 2500 4292 2512 4293 2511 4293 2516 4293 2512 4294 2516 4294 2517 4294 2512 4295 2517 4295 2518 4295 2512 4296 2518 4296 2519 4296 2512 4297 2519 4297 2520 4297 2512 4298 2520 4298 2521 4298 2512 4299 2521 4299 2522 4299 2512 4300 2522 4300 2523 4300 2523 4301 2524 4301 2525 4301 2523 4302 2525 4302 2526 4302 2523 4303 2526 4303 2527 4303 2523 4304 2527 4304 2512 4304 2524 4305 2523 4305 2528 4305 2524 4306 2528 4306 2529 4306 2524 4307 2529 4307 2530 4307 2524 4308 2530 4308 2531 4308 2524 4309 2531 4309 2074 4309 2074 4310 2531 4310 2532 4310 2074 4311 2532 4311 2533 4311 2074 4312 2533 4312 2534 4312 2074 4313 2534 4313 2535 4313 2535 4314 2063 4314 2079 4314 2535 4315 2079 4315 2077 4315 2535 4316 2077 4316 2075 4316 2535 4317 2075 4317 2074 4317 2063 4318 2535 4318 2536 4318 2063 4319 2536 4319 2537 4319 2063 4320 2537 4320 2538 4320 2063 4321 2538 4321 2539 4321 2539 4322 2052 4322 2068 4322 2539 4323 2068 4323 2066 4323 2539 4324 2066 4324 2064 4324 2539 4325 2064 4325 2063 4325 2052 4326 2539 4326 2540 4326 2052 4327 2540 4327 2541 4327 2052 4328 2541 4328 2542 4328 2052 4329 2542 4329 2543 4329 2543 4330 2041 4330 2057 4330 2543 4331 2057 4331 2055 4331 2543 4332 2055 4332 2053 4332 2543 4333 2053 4333 2052 4333 2041 4334 2543 4334 2544 4334 2041 4335 2544 4335 2545 4335 2041 4336 2545 4336 2546 4336 2041 4337 2546 4337 2547 4337 2547 4338 2030 4338 2046 4338 2547 4339 2046 4339 2044 4339 2547 4340 2044 4340 2042 4340 2547 4341 2042 4341 2041 4341 2547 4342 2019 4342 2035 4342 2547 4343 2035 4343 2033 4343 2547 4344 2033 4344 2031 4344 2547 4345 2031 4345 2030 4345 2019 4346 2547 4346 2548 4346 2019 4347 2548 4347 2549 4347 2019 4348 2549 4348 2550 4348 2019 4349 2550 4349 2551 4349 2551 4350 2008 4350 2024 4350 2551 4351 2024 4351 2022 4351 2551 4352 2022 4352 2020 4352 2551 4353 2020 4353 2019 4353 2008 4354 2551 4354 2552 4354 2008 4355 2552 4355 2553 4355 2008 4356 2553 4356 2554 4356 2008 4357 2554 4357 2237 4357 2074 4358 2555 4358 2556 4358 2074 4359 2556 4359 2557 4359 2074 4360 2557 4360 2558 4360 2074 4361 2558 4361 2524 4361 2555 4362 2074 4362 2090 4362 2555 4363 2090 4363 2088 4363 2555 4364 2088 4364 2086 4364 2555 4365 2086 4365 2085 4365 2085 4366 2559 4366 2560 4366 2085 4367 2560 4367 2561 4367 2085 4368 2561 4368 2562 4368 2085 4369 2562 4369 2555 4369 2559 4370 2085 4370 2101 4370 2559 4371 2101 4371 2099 4371 2559 4372 2099 4372 2097 4372 2559 4373 2097 4373 2096 4373 2096 4374 2563 4374 2564 4374 2096 4375 2564 4375 2565 4375 2096 4376 2565 4376 2566 4376 2096 4377 2566 4377 2559 4377 2563 4378 2096 4378 2112 4378 2563 4379 2112 4379 2110 4379 2563 4380 2110 4380 2108 4380 2563 4381 2108 4381 2107 4381 2107 4382 2567 4382 2568 4382 2107 4383 2568 4383 2569 4383 2107 4384 2569 4384 2570 4384 2107 4385 2570 4385 2563 4385 2567 4386 2107 4386 2123 4386 2567 4387 2123 4387 2121 4387 2567 4388 2121 4388 2119 4388 2567 4389 2119 4389 2118 4389 2567 4390 2118 4390 2134 4390 2567 4391 2134 4391 2132 4391 2567 4392 2132 4392 2130 4392 2567 4393 2130 4393 2129 4393 2129 4394 2571 4394 2572 4394 2129 4395 2572 4395 2573 4395 2129 4396 2573 4396 2574 4396 2129 4397 2574 4397 2567 4397 2571 4398 2129 4398 2145 4398 2571 4399 2145 4399 2143 4399 2571 4400 2143 4400 2141 4400 2571 4401 2141 4401 2140 4401 2140 4402 2575 4402 2576 4402 2140 4403 2576 4403 2577 4403 2140 4404 2577 4404 2578 4404 2140 4405 2578 4405 2571 4405 2575 4406 2140 4406 2156 4406 2575 4407 2156 4407 2154 4407 2575 4408 2154 4408 2152 4408 2575 4409 2152 4409 2151 4409 2151 4410 2579 4410 2580 4410 2151 4411 2580 4411 2581 4411 2151 4412 2581 4412 2582 4412 2151 4413 2582 4413 2575 4413 2579 4414 2151 4414 2167 4414 2579 4415 2167 4415 2165 4415 2579 4416 2165 4416 2163 4416 2579 4417 2163 4417 2162 4417 2162 4418 2262 4418 2583 4418 2162 4419 2583 4419 2584 4419 2162 4420 2584 4420 2585 4420 2162 4421 2585 4421 2579 4421 2586 4422 1760 4422 1758 4422 2586 4423 1758 4423 1756 4423 2586 4424 1756 4424 1754 4424 2586 4425 1754 4425 1753 4425 2586 4426 1753 4426 1771 4426 2586 4427 1771 4427 1769 4427 2586 4428 1769 4428 1767 4428 2586 4429 1767 4429 1766 4429 1766 4430 2587 4430 2588 4430 1766 4431 2588 4431 2589 4431 1766 4432 2589 4432 2590 4432 1766 4433 2590 4433 2586 4433 2587 4434 1766 4434 1782 4434 2587 4435 1782 4435 1780 4435 2587 4436 1780 4436 1778 4436 2587 4437 1778 4437 1777 4437 1777 4438 2591 4438 2592 4438 1777 4439 2592 4439 2593 4439 1777 4440 2593 4440 2594 4440 1777 4441 2594 4441 2587 4441 2591 4442 1777 4442 1793 4442 2591 4443 1793 4443 1791 4443 2591 4444 1791 4444 1789 4444 2591 4445 1789 4445 1788 4445 1788 4446 2595 4446 2596 4446 1788 4447 2596 4447 2597 4447 1788 4448 2597 4448 2598 4448 1788 4449 2598 4449 2591 4449 2595 4450 1788 4450 1804 4450 2595 4451 1804 4451 1802 4451 2595 4452 1802 4452 1800 4452 2595 4453 1800 4453 1799 4453 1799 4454 2423 4454 2599 4454 1799 4455 2599 4455 2600 4455 1799 4456 2600 4456 2601 4456 1799 4457 2601 4457 2595 4457 1953 4458 2602 4458 2603 4458 1953 4459 2603 4459 2604 4459 1953 4460 2604 4460 2605 4460 1953 4461 2605 4461 2363 4461 2602 4462 1953 4462 1969 4462 2602 4463 1969 4463 1967 4463 2602 4464 1967 4464 1965 4464 2602 4465 1965 4465 1964 4465 1964 4466 2606 4466 2607 4466 1964 4467 2607 4467 2608 4467 1964 4468 2608 4468 2609 4468 1964 4469 2609 4469 2602 4469 2606 4470 1964 4470 1980 4470 2606 4471 1980 4471 1978 4471 2606 4472 1978 4472 1976 4472 2606 4473 1976 4473 1975 4473 1975 4474 2610 4474 2611 4474 1975 4475 2611 4475 2612 4475 1975 4476 2612 4476 2613 4476 1975 4477 2613 4477 2606 4477 2610 4478 1975 4478 1990 4478 2610 4479 1990 4479 1988 4479 2610 4480 1988 4480 1986 4480 2610 4481 1986 4481 1760 4481 1760 4482 2586 4482 2614 4482 1760 4483 2614 4483 2615 4483 1760 4484 2615 4484 2616 4484 1760 4485 2616 4485 2610 4485 1706 4486 2617 4486 2618 4486 2617 4487 2619 4487 2618 4487 2618 4488 2619 4488 2620 4488 2619 4489 2621 4489 2620 4489 2620 4490 2621 4490 2622 4490 2621 4491 2623 4491 2622 4491 2622 4492 2623 4492 2624 4492 2624 4493 2625 4493 2622 4493 2625 4494 2626 4494 2622 4494 2622 4495 2626 4495 2620 4495 2626 4496 2627 4496 2620 4496 2620 4497 2627 4497 2618 4497 2627 4498 2628 4498 2618 4498 2618 4499 2628 4499 1706 4499 2629 4500 2630 4500 2631 4500 2630 4501 2632 4501 2631 4501 2631 4502 2632 4502 2633 4502 2632 4503 2634 4503 2633 4503 2633 4504 2634 4504 2635 4504 2634 4505 1706 4505 2635 4505 2635 4506 1706 4506 2628 4506 2628 4507 2636 4507 2635 4507 2636 4508 2637 4508 2635 4508 2635 4509 2637 4509 2633 4509 2637 4510 2638 4510 2633 4510 2633 4511 2638 4511 2631 4511 2638 4512 2639 4512 2631 4512 2631 4513 2639 4513 2629 4513 2640 4514 2641 4514 2642 4514 2641 4515 2643 4515 2642 4515 2642 4516 2643 4516 2644 4516 2643 4517 2645 4517 2644 4517 2644 4518 2645 4518 2646 4518 2645 4519 2629 4519 2646 4519 2646 4520 2629 4520 2639 4520 2647 4521 2648 4521 2649 4521 2648 4522 2650 4522 2649 4522 2649 4523 2650 4523 2651 4523 2650 4524 2652 4524 2651 4524 2651 4525 2652 4525 2653 4525 2652 4526 2624 4526 2653 4526 2653 4527 2624 4527 2623 4527 2624 4528 2652 4528 2654 4528 2652 4529 2650 4529 2654 4529 2654 4530 2650 4530 2655 4530 2650 4531 2648 4531 2655 4531 2655 4532 2648 4532 2656 4532 2648 4533 2647 4533 2656 4533 2656 4534 2647 4534 2657 4534 2658 4535 2659 4535 2660 4535 2659 4536 2661 4536 2660 4536 2660 4537 2661 4537 2662 4537 2661 4538 2663 4538 2662 4538 2662 4539 2663 4539 2664 4539 2663 4540 2657 4540 2664 4540 2664 4541 2657 4541 2647 4541 2657 4542 2663 4542 2665 4542 2663 4543 2661 4543 2665 4543 2665 4544 2661 4544 2666 4544 2661 4545 2659 4545 2666 4545 2666 4546 2659 4546 2667 4546 2659 4547 2658 4547 2667 4547 2667 4548 2658 4548 2668 4548 2669 4549 2670 4549 2671 4549 2670 4550 2672 4550 2671 4550 2671 4551 2672 4551 2673 4551 2672 4552 2674 4552 2673 4552 2673 4553 2674 4553 2675 4553 2674 4554 2668 4554 2675 4554 2675 4555 2668 4555 2658 4555 2668 4556 2674 4556 2676 4556 2674 4557 2672 4557 2676 4557 2676 4558 2672 4558 2677 4558 2672 4559 2670 4559 2677 4559 2677 4560 2670 4560 2678 4560 2670 4561 2669 4561 2678 4561 2678 4562 2669 4562 2679 4562 2680 4563 2681 4563 2682 4563 2681 4564 2683 4564 2682 4564 2682 4565 2683 4565 2684 4565 2683 4566 2685 4566 2684 4566 2684 4567 2685 4567 2686 4567 2685 4568 2679 4568 2686 4568 2686 4569 2679 4569 2669 4569 2679 4570 2685 4570 2687 4570 2685 4571 2683 4571 2687 4571 2687 4572 2683 4572 2688 4572 2683 4573 2681 4573 2688 4573 2688 4574 2681 4574 2689 4574 2681 4575 2680 4575 2689 4575 2689 4576 2680 4576 2690 4576 1652 4577 2691 4577 2692 4577 2691 4578 2693 4578 2692 4578 2692 4579 2693 4579 2694 4579 2693 4580 2695 4580 2694 4580 2694 4581 2695 4581 2696 4581 2695 4582 2690 4582 2696 4582 2696 4583 2690 4583 2680 4583 2690 4584 2695 4584 2697 4584 2695 4585 2693 4585 2697 4585 2697 4586 2693 4586 2698 4586 2693 4587 2691 4587 2698 4587 2698 4588 2691 4588 2699 4588 2691 4589 1652 4589 2699 4589 2699 4590 1652 4590 2700 4590 2701 4591 2702 4591 2703 4591 2702 4592 2704 4592 2703 4592 2703 4593 2704 4593 2705 4593 2704 4594 2706 4594 2705 4594 2705 4595 2706 4595 2707 4595 2706 4596 2700 4596 2707 4596 2707 4597 2700 4597 1652 4597 2700 4598 2706 4598 2708 4598 2706 4599 2704 4599 2708 4599 2708 4600 2704 4600 2709 4600 2704 4601 2702 4601 2709 4601 2709 4602 2702 4602 2710 4602 2702 4603 2701 4603 2710 4603 2710 4604 2701 4604 2711 4604 2712 4605 2713 4605 2714 4605 2713 4606 2715 4606 2714 4606 2714 4607 2715 4607 2716 4607 2715 4608 2717 4608 2716 4608 2716 4609 2717 4609 2718 4609 2717 4610 2711 4610 2718 4610 2718 4611 2711 4611 2701 4611 2711 4612 2717 4612 2719 4612 2717 4613 2715 4613 2719 4613 2719 4614 2715 4614 2720 4614 2715 4615 2713 4615 2720 4615 2720 4616 2713 4616 2721 4616 2713 4617 2712 4617 2721 4617 2721 4618 2712 4618 2722 4618 2723 4619 2724 4619 2725 4619 2724 4620 2726 4620 2725 4620 2725 4621 2726 4621 2727 4621 2726 4622 2728 4622 2727 4622 2727 4623 2728 4623 2729 4623 2728 4624 2722 4624 2729 4624 2729 4625 2722 4625 2712 4625 2722 4626 2728 4626 2730 4626 2728 4627 2726 4627 2730 4627 2730 4628 2726 4628 2731 4628 2726 4629 2724 4629 2731 4629 2731 4630 2724 4630 2732 4630 2724 4631 2723 4631 2732 4631 2732 4632 2723 4632 2733 4632 2734 4633 2735 4633 2736 4633 2735 4634 2737 4634 2736 4634 2736 4635 2737 4635 2738 4635 2737 4636 2739 4636 2738 4636 2738 4637 2739 4637 2740 4637 2739 4638 2733 4638 2740 4638 2740 4639 2733 4639 2723 4639 2733 4640 2739 4640 2741 4640 2739 4641 2737 4641 2741 4641 2741 4642 2737 4642 2742 4642 2737 4643 2735 4643 2742 4643 2742 4644 2735 4644 2743 4644 2735 4645 2734 4645 2743 4645 2743 4646 2734 4646 2744 4646 2745 4647 2746 4647 2747 4647 2746 4648 2748 4648 2747 4648 2747 4649 2748 4649 2749 4649 2748 4650 2750 4650 2749 4650 2749 4651 2750 4651 2751 4651 2750 4652 2744 4652 2751 4652 2751 4653 2744 4653 2734 4653 2744 4654 2750 4654 2752 4654 2750 4655 2748 4655 2752 4655 2752 4656 2748 4656 2753 4656 2748 4657 2746 4657 2753 4657 2753 4658 2746 4658 2754 4658 2746 4659 2745 4659 2754 4659 2754 4660 2745 4660 2755 4660 2756 4661 2757 4661 2758 4661 2757 4662 2759 4662 2758 4662 2758 4663 2759 4663 2760 4663 2759 4664 2761 4664 2760 4664 2760 4665 2761 4665 2762 4665 2761 4666 2755 4666 2762 4666 2762 4667 2755 4667 2745 4667 2745 4668 2763 4668 2762 4668 2763 4669 2764 4669 2762 4669 2762 4670 2764 4670 2760 4670 2764 4671 2765 4671 2760 4671 2760 4672 2765 4672 2758 4672 2765 4673 1598 4673 2758 4673 2758 4674 1598 4674 2756 4674 2766 4675 2767 4675 2768 4675 2767 4676 2769 4676 2768 4676 2768 4677 2769 4677 2770 4677 2769 4678 2771 4678 2770 4678 2770 4679 2771 4679 2772 4679 2771 4680 2756 4680 2772 4680 2772 4681 2756 4681 1598 4681 1598 4682 2773 4682 2772 4682 2773 4683 2774 4683 2772 4683 2772 4684 2774 4684 2770 4684 2774 4685 2775 4685 2770 4685 2770 4686 2775 4686 2768 4686 2775 4687 2776 4687 2768 4687 2768 4688 2776 4688 2766 4688 2777 4689 2778 4689 2779 4689 2778 4690 2780 4690 2779 4690 2779 4691 2780 4691 2781 4691 2780 4692 2782 4692 2781 4692 2781 4693 2782 4693 2783 4693 2782 4694 2766 4694 2783 4694 2783 4695 2766 4695 2776 4695 2766 4696 2782 4696 2784 4696 2782 4697 2780 4697 2784 4697 2784 4698 2780 4698 2785 4698 2780 4699 2778 4699 2785 4699 2785 4700 2778 4700 2786 4700 2778 4701 2777 4701 2786 4701 2786 4702 2777 4702 2787 4702 2788 4703 2789 4703 2790 4703 2789 4704 2791 4704 2790 4704 2790 4705 2791 4705 2792 4705 2791 4706 2793 4706 2792 4706 2792 4707 2793 4707 2794 4707 2793 4708 2787 4708 2794 4708 2794 4709 2787 4709 2777 4709 2787 4710 2793 4710 2795 4710 2793 4711 2791 4711 2795 4711 2795 4712 2791 4712 2796 4712 2791 4713 2789 4713 2796 4713 2796 4714 2789 4714 2797 4714 2789 4715 2788 4715 2797 4715 2797 4716 2788 4716 2798 4716 2799 4717 2800 4717 2801 4717 2800 4718 2802 4718 2801 4718 2801 4719 2802 4719 2803 4719 2802 4720 2804 4720 2803 4720 2803 4721 2804 4721 2805 4721 2804 4722 2798 4722 2805 4722 2805 4723 2798 4723 2788 4723 2798 4724 2804 4724 2806 4724 2804 4725 2802 4725 2806 4725 2806 4726 2802 4726 2807 4726 2802 4727 2800 4727 2807 4727 2807 4728 2800 4728 2808 4728 2800 4729 2799 4729 2808 4729 2808 4730 2799 4730 2809 4730 2810 4731 2811 4731 2812 4731 2811 4732 2813 4732 2812 4732 2812 4733 2813 4733 2814 4733 2813 4734 2815 4734 2814 4734 2814 4735 2815 4735 2816 4735 2815 4736 2809 4736 2816 4736 2816 4737 2809 4737 2799 4737 2809 4738 2815 4738 2817 4738 2815 4739 2813 4739 2817 4739 2817 4740 2813 4740 2818 4740 2813 4741 2811 4741 2818 4741 2818 4742 2811 4742 2819 4742 2811 4743 2810 4743 2819 4743 2819 4744 2810 4744 2820 4744 1548 4745 2821 4745 2822 4745 2821 4746 2823 4746 2822 4746 2822 4747 2823 4747 2824 4747 2823 4748 2825 4748 2824 4748 2824 4749 2825 4749 2826 4749 2825 4750 2820 4750 2826 4750 2826 4751 2820 4751 2810 4751 2820 4752 2825 4752 2827 4752 2825 4753 2823 4753 2827 4753 2827 4754 2823 4754 2828 4754 2823 4755 2821 4755 2828 4755 2828 4756 2821 4756 2829 4756 2821 4757 1548 4757 2829 4757 2829 4758 1548 4758 2830 4758 2831 4759 2832 4759 2833 4759 2832 4760 2834 4760 2833 4760 2833 4761 2834 4761 2835 4761 2834 4762 2836 4762 2835 4762 2835 4763 2836 4763 2837 4763 2836 4764 2830 4764 2837 4764 2837 4765 2830 4765 1548 4765 2830 4766 2836 4766 2838 4766 2836 4767 2834 4767 2838 4767 2838 4768 2834 4768 2839 4768 2834 4769 2832 4769 2839 4769 2839 4770 2832 4770 2840 4770 2832 4771 2831 4771 2840 4771 2840 4772 2831 4772 2841 4772 2842 4773 2843 4773 2844 4773 2843 4774 2845 4774 2844 4774 2844 4775 2845 4775 2846 4775 2845 4776 2847 4776 2846 4776 2846 4777 2847 4777 2848 4777 2847 4778 2841 4778 2848 4778 2848 4779 2841 4779 2831 4779 2841 4780 2847 4780 2849 4780 2847 4781 2845 4781 2849 4781 2849 4782 2845 4782 2850 4782 2845 4783 2843 4783 2850 4783 2850 4784 2843 4784 2851 4784 2843 4785 2842 4785 2851 4785 2851 4786 2842 4786 2852 4786 2853 4787 2854 4787 2855 4787 2854 4788 2856 4788 2855 4788 2855 4789 2856 4789 2857 4789 2856 4790 2858 4790 2857 4790 2857 4791 2858 4791 2859 4791 2858 4792 2852 4792 2859 4792 2859 4793 2852 4793 2842 4793 2852 4794 2858 4794 2860 4794 2858 4795 2856 4795 2860 4795 2860 4796 2856 4796 2861 4796 2856 4797 2854 4797 2861 4797 2861 4798 2854 4798 2862 4798 2854 4799 2853 4799 2862 4799 2862 4800 2853 4800 2863 4800 2864 4801 2865 4801 2866 4801 2865 4802 2867 4802 2866 4802 2866 4803 2867 4803 2868 4803 2867 4804 2869 4804 2868 4804 2868 4805 2869 4805 2870 4805 2869 4806 2863 4806 2870 4806 2870 4807 2863 4807 2853 4807 2863 4808 2869 4808 2871 4808 2869 4809 2867 4809 2871 4809 2871 4810 2867 4810 2872 4810 2867 4811 2865 4811 2872 4811 2872 4812 2865 4812 2873 4812 2865 4813 2864 4813 2873 4813 2873 4814 2864 4814 2640 4814 2629 4815 2645 4815 2874 4815 2645 4816 2643 4816 2874 4816 2874 4817 2643 4817 2875 4817 2643 4818 2641 4818 2875 4818 2875 4819 2641 4819 2876 4819 2641 4820 2640 4820 2876 4820 2876 4821 2640 4821 2864 4821 2877 4822 2878 4822 2879 4822 2877 4823 2879 4823 2880 4823 2877 4824 2880 4824 2881 4824 2877 4825 2881 4825 2882 4825 2878 4826 2877 4826 2883 4826 2878 4827 2883 4827 2884 4827 2878 4828 2884 4828 2885 4828 2878 4829 2885 4829 2886 4829 2878 4830 2886 4830 2887 4830 2878 4831 2887 4831 2888 4831 2878 4832 2888 4832 2889 4832 2878 4833 2889 4833 2890 4833 2882 4834 2891 4834 2892 4834 2882 4835 2892 4835 2893 4835 2882 4836 2893 4836 2894 4836 2882 4837 2894 4837 2877 4837 2891 4838 2882 4838 2895 4838 2891 4839 2895 4839 2896 4839 2891 4840 2896 4840 2897 4840 2891 4841 2897 4841 2898 4841 2898 4842 2899 4842 2900 4842 2898 4843 2900 4843 2901 4843 2898 4844 2901 4844 2902 4844 2898 4845 2902 4845 2891 4845 2899 4846 2898 4846 2903 4846 2899 4847 2903 4847 2904 4847 2899 4848 2904 4848 2905 4848 2899 4849 2905 4849 2906 4849 2906 4850 2907 4850 2908 4850 2906 4851 2908 4851 2909 4851 2906 4852 2909 4852 2910 4852 2906 4853 2910 4853 2899 4853 2907 4854 2906 4854 2911 4854 2907 4855 2911 4855 2912 4855 2907 4856 2912 4856 2913 4856 2907 4857 2913 4857 2914 4857 2914 4858 2915 4858 2916 4858 2914 4859 2916 4859 2917 4859 2914 4860 2917 4860 2918 4860 2914 4861 2918 4861 2907 4861 2915 4862 2914 4862 2919 4862 2915 4863 2919 4863 2920 4863 2915 4864 2920 4864 2921 4864 2915 4865 2921 4865 2922 4865 2922 4866 2923 4866 2924 4866 2922 4867 2924 4867 2925 4867 2922 4868 2925 4868 2926 4868 2922 4869 2926 4869 2915 4869 2923 4870 2922 4870 2927 4870 2923 4871 2927 4871 2928 4871 2923 4872 2928 4872 2929 4872 2923 4873 2929 4873 2930 4873 2930 4874 2931 4874 2932 4874 2930 4875 2932 4875 2933 4875 2930 4876 2933 4876 2934 4876 2930 4877 2934 4877 2923 4877 2930 4878 2935 4878 2936 4878 2930 4879 2936 4879 2937 4879 2930 4880 2937 4880 2938 4880 2930 4881 2938 4881 2931 4881 2935 4882 2930 4882 2939 4882 2935 4883 2939 4883 2940 4883 2935 4884 2940 4884 2941 4884 2935 4885 2941 4885 2942 4885 2942 4886 2943 4886 2944 4886 2942 4887 2944 4887 2945 4887 2942 4888 2945 4888 2946 4888 2942 4889 2946 4889 2935 4889 2943 4890 2942 4890 2947 4890 2943 4891 2947 4891 2948 4891 2943 4892 2948 4892 2949 4892 2943 4893 2949 4893 2950 4893 2950 4894 2951 4894 2952 4894 2950 4895 2952 4895 2953 4895 2950 4896 2953 4896 2954 4896 2950 4897 2954 4897 2943 4897 2951 4898 2950 4898 2955 4898 2951 4899 2955 4899 2956 4899 2951 4900 2956 4900 2957 4900 2951 4901 2957 4901 2958 4901 2958 4902 2959 4902 2960 4902 2958 4903 2960 4903 2961 4903 2958 4904 2961 4904 2962 4904 2958 4905 2962 4905 2951 4905 2959 4906 2958 4906 2963 4906 2959 4907 2963 4907 2964 4907 2959 4908 2964 4908 2965 4908 2959 4909 2965 4909 2966 4909 2966 4910 2967 4910 2968 4910 2966 4911 2968 4911 2969 4911 2966 4912 2969 4912 2970 4912 2966 4913 2970 4913 2959 4913 2967 4914 2966 4914 2971 4914 2967 4915 2971 4915 2972 4915 2967 4916 2972 4916 2973 4916 2967 4917 2973 4917 2974 4917 2974 4918 2975 4918 2976 4918 2974 4919 2976 4919 2977 4919 2974 4920 2977 4920 2978 4920 2974 4921 2978 4921 2967 4921 2975 4922 2974 4922 2979 4922 2975 4923 2979 4923 2980 4923 2975 4924 2980 4924 2981 4924 2975 4925 2981 4925 2982 4925 2982 4926 2983 4926 2984 4926 2982 4927 2984 4927 2985 4927 2982 4928 2985 4928 2986 4928 2982 4929 2986 4929 2975 4929 2982 4930 2987 4930 2988 4930 2982 4931 2988 4931 2989 4931 2982 4932 2989 4932 2990 4932 2982 4933 2990 4933 2983 4933 2987 4934 2982 4934 2991 4934 2987 4935 2991 4935 2992 4935 2987 4936 2992 4936 2993 4936 2987 4937 2993 4937 2994 4937 2994 4938 2995 4938 2996 4938 2994 4939 2996 4939 2997 4939 2994 4940 2997 4940 2998 4940 2994 4941 2998 4941 2987 4941 2995 4942 2994 4942 2999 4942 2995 4943 2999 4943 3000 4943 2995 4944 3000 4944 3001 4944 2995 4945 3001 4945 3002 4945 3002 4946 3003 4946 3004 4946 3002 4947 3004 4947 3005 4947 3002 4948 3005 4948 3006 4948 3002 4949 3006 4949 2995 4949 3003 4950 3002 4950 3007 4950 3003 4951 3007 4951 3008 4951 3003 4952 3008 4952 3009 4952 3003 4953 3009 4953 3010 4953 3010 4954 3011 4954 3012 4954 3010 4955 3012 4955 3013 4955 3010 4956 3013 4956 3014 4956 3010 4957 3014 4957 3003 4957 3011 4958 3010 4958 3015 4958 3011 4959 3015 4959 3016 4959 3011 4960 3016 4960 3017 4960 3011 4961 3017 4961 3018 4961 3018 4962 3019 4962 3020 4962 3018 4963 3020 4963 3021 4963 3018 4964 3021 4964 3022 4964 3018 4965 3022 4965 3011 4965 3019 4966 3018 4966 3023 4966 3019 4967 3023 4967 3024 4967 3019 4968 3024 4968 3025 4968 3019 4969 3025 4969 3026 4969 3026 4970 3027 4970 3028 4970 3026 4971 3028 4971 3029 4971 3026 4972 3029 4972 3030 4972 3026 4973 3030 4973 3019 4973 3027 4974 3026 4974 3031 4974 3027 4975 3031 4975 3032 4975 3027 4976 3032 4976 3033 4976 3027 4977 3033 4977 3034 4977 3034 4978 3035 4978 3036 4978 3034 4979 3036 4979 3037 4979 3034 4980 3037 4980 3038 4980 3034 4981 3038 4981 3027 4981 3035 4982 3034 4982 3039 4982 3035 4983 3039 4983 3040 4983 3035 4984 3040 4984 3041 4984 3035 4985 3041 4985 3042 4985 3042 4986 3043 4986 3044 4986 3042 4987 3044 4987 3045 4987 3042 4988 3045 4988 3046 4988 3042 4989 3046 4989 3035 4989 3042 4990 3047 4990 3048 4990 3042 4991 3048 4991 3049 4991 3042 4992 3049 4992 3050 4992 3042 4993 3050 4993 3043 4993 3047 4994 3042 4994 3051 4994 3047 4995 3051 4995 3052 4995 3047 4996 3052 4996 3053 4996 3047 4997 3053 4997 3054 4997 3054 4998 3055 4998 3056 4998 3054 4999 3056 4999 3057 4999 3054 5000 3057 5000 3058 5000 3054 5001 3058 5001 3047 5001 3055 5002 3054 5002 3059 5002 3055 5003 3059 5003 3060 5003 3055 5004 3060 5004 3061 5004 3055 5005 3061 5005 3062 5005 3062 5006 3063 5006 3064 5006 3062 5007 3064 5007 3065 5007 3062 5008 3065 5008 3066 5008 3062 5009 3066 5009 3055 5009 3063 5010 3062 5010 3067 5010 3063 5011 3067 5011 3068 5011 3063 5012 3068 5012 3069 5012 3063 5013 3069 5013 3070 5013 3070 5014 3071 5014 3072 5014 3070 5015 3072 5015 3073 5015 3070 5016 3073 5016 3074 5016 3070 5017 3074 5017 3063 5017 3071 5018 3070 5018 3075 5018 3071 5019 3075 5019 3076 5019 3071 5020 3076 5020 3077 5020 3071 5021 3077 5021 3078 5021 3078 5022 3079 5022 3080 5022 3078 5023 3080 5023 3081 5023 3078 5024 3081 5024 3082 5024 3078 5025 3082 5025 3071 5025 3079 5026 3078 5026 3083 5026 3079 5027 3083 5027 3084 5027 3079 5028 3084 5028 3085 5028 3079 5029 3085 5029 3086 5029 3086 5030 3087 5030 3088 5030 3086 5031 3088 5031 3089 5031 3086 5032 3089 5032 3090 5032 3086 5033 3090 5033 3079 5033 3087 5034 3086 5034 3091 5034 3087 5035 3091 5035 3092 5035 3087 5036 3092 5036 3093 5036 3087 5037 3093 5037 3094 5037 3094 5038 3095 5038 3096 5038 3094 5039 3096 5039 3097 5039 3094 5040 3097 5040 3098 5040 3094 5041 3098 5041 3087 5041 3094 5042 3099 5042 3100 5042 3094 5043 3100 5043 3101 5043 3094 5044 3101 5044 3102 5044 3094 5045 3102 5045 3095 5045 3099 5046 3094 5046 3103 5046 3099 5047 3103 5047 3104 5047 3099 5048 3104 5048 3105 5048 3099 5049 3105 5049 3106 5049 3106 5050 3107 5050 3108 5050 3106 5051 3108 5051 3109 5051 3106 5052 3109 5052 3110 5052 3106 5053 3110 5053 3099 5053 3107 5054 3106 5054 3111 5054 3107 5055 3111 5055 3112 5055 3107 5056 3112 5056 3113 5056 3107 5057 3113 5057 3114 5057 3114 5058 3115 5058 3116 5058 3114 5059 3116 5059 3117 5059 3114 5060 3117 5060 3118 5060 3114 5061 3118 5061 3107 5061 3115 5062 3114 5062 3119 5062 3115 5063 3119 5063 3120 5063 3115 5064 3120 5064 3121 5064 3115 5065 3121 5065 3122 5065 3122 5066 3123 5066 3124 5066 3122 5067 3124 5067 3125 5067 3122 5068 3125 5068 3126 5068 3122 5069 3126 5069 3115 5069 3123 5070 3122 5070 3127 5070 3123 5071 3127 5071 3128 5071 3123 5072 3128 5072 3129 5072 3123 5073 3129 5073 3130 5073 3130 5074 3131 5074 3132 5074 3130 5075 3132 5075 3133 5075 3130 5076 3133 5076 3134 5076 3130 5077 3134 5077 3123 5077 3131 5078 3130 5078 3135 5078 3131 5079 3135 5079 3136 5079 3131 5080 3136 5080 3137 5080 3131 5081 3137 5081 3138 5081 3138 5082 2890 5082 3139 5082 3138 5083 3139 5083 3140 5083 3138 5084 3140 5084 3141 5084 3138 5085 3141 5085 3131 5085 2890 5086 3138 5086 3142 5086 2890 5087 3142 5087 3143 5087 2890 5088 3143 5088 3144 5088 2890 5089 3144 5089 2878 5089 2878 5090 3144 5090 3145 5090 3144 5091 3143 5091 3145 5091 3145 5092 3143 5092 3146 5092 3143 5093 3142 5093 3146 5093 3146 5094 3142 5094 3147 5094 3142 5095 3138 5095 3147 5095 3147 5096 3138 5096 1546 5096 1546 5097 1545 5097 3147 5097 1545 5098 1544 5098 3147 5098 3147 5099 1544 5099 3146 5099 1544 5100 1543 5100 3146 5100 3146 5101 1543 5101 3145 5101 1543 5102 1542 5102 3145 5102 3145 5103 1542 5103 2878 5103 2882 5104 2881 5104 3148 5104 2881 5105 2880 5105 3148 5105 3148 5106 2880 5106 3149 5106 2880 5107 2879 5107 3149 5107 3149 5108 2879 5108 3150 5108 2879 5109 2878 5109 3150 5109 3150 5110 2878 5110 1542 5110 1542 5111 1554 5111 3150 5111 1554 5112 1553 5112 3150 5112 3150 5113 1553 5113 3149 5113 1553 5114 1552 5114 3149 5114 3149 5115 1552 5115 3148 5115 1552 5116 1551 5116 3148 5116 3148 5117 1551 5117 2882 5117 2898 5118 2897 5118 3151 5118 2897 5119 2896 5119 3151 5119 3151 5120 2896 5120 3152 5120 2896 5121 2895 5121 3152 5121 3152 5122 2895 5122 3153 5122 2895 5123 2882 5123 3153 5123 3153 5124 2882 5124 1551 5124 1551 5125 1562 5125 3153 5125 1562 5126 1561 5126 3153 5126 3153 5127 1561 5127 3152 5127 1561 5128 1560 5128 3152 5128 3152 5129 1560 5129 3151 5129 1560 5130 1559 5130 3151 5130 3151 5131 1559 5131 2898 5131 2906 5132 2905 5132 3154 5132 2905 5133 2904 5133 3154 5133 3154 5134 2904 5134 3155 5134 2904 5135 2903 5135 3155 5135 3155 5136 2903 5136 3156 5136 2903 5137 2898 5137 3156 5137 3156 5138 2898 5138 1559 5138 1559 5139 1566 5139 3156 5139 1566 5140 1565 5140 3156 5140 3156 5141 1565 5141 3155 5141 1565 5142 1564 5142 3155 5142 3155 5143 1564 5143 3154 5143 1564 5144 1563 5144 3154 5144 3154 5145 1563 5145 2906 5145 2914 5146 2913 5146 3157 5146 2913 5147 2912 5147 3157 5147 3157 5148 2912 5148 3158 5148 2912 5149 2911 5149 3158 5149 3158 5150 2911 5150 3159 5150 2911 5151 2906 5151 3159 5151 3159 5152 2906 5152 1563 5152 1563 5153 1574 5153 3159 5153 1574 5154 1573 5154 3159 5154 3159 5155 1573 5155 3158 5155 1573 5156 1572 5156 3158 5156 3158 5157 1572 5157 3157 5157 1572 5158 1571 5158 3157 5158 3157 5159 1571 5159 2914 5159 2922 5160 2921 5160 3160 5160 2921 5161 2920 5161 3160 5161 3160 5162 2920 5162 3161 5162 2920 5163 2919 5163 3161 5163 3161 5164 2919 5164 3162 5164 2919 5165 2914 5165 3162 5165 3162 5166 2914 5166 1571 5166 1571 5167 1582 5167 3162 5167 1582 5168 1581 5168 3162 5168 3162 5169 1581 5169 3161 5169 1581 5170 1580 5170 3161 5170 3161 5171 1580 5171 3160 5171 1580 5172 1579 5172 3160 5172 3160 5173 1579 5173 2922 5173 2930 5174 2929 5174 3163 5174 2929 5175 2928 5175 3163 5175 3163 5176 2928 5176 3164 5176 2928 5177 2927 5177 3164 5177 3164 5178 2927 5178 3165 5178 2927 5179 2922 5179 3165 5179 3165 5180 2922 5180 1579 5180 1579 5181 1586 5181 3165 5181 1586 5182 1585 5182 3165 5182 3165 5183 1585 5183 3164 5183 1585 5184 1584 5184 3164 5184 3164 5185 1584 5185 3163 5185 1584 5186 1583 5186 3163 5186 3163 5187 1583 5187 2930 5187 2942 5188 2941 5188 3166 5188 2941 5189 2940 5189 3166 5189 3166 5190 2940 5190 3167 5190 2940 5191 2939 5191 3167 5191 3167 5192 2939 5192 3168 5192 2939 5193 2930 5193 3168 5193 3168 5194 2930 5194 1583 5194 1583 5195 1594 5195 3168 5195 1594 5196 1593 5196 3168 5196 3168 5197 1593 5197 3167 5197 1593 5198 1592 5198 3167 5198 3167 5199 1592 5199 3166 5199 1592 5200 1591 5200 3166 5200 3166 5201 1591 5201 2942 5201 2950 5202 2949 5202 3169 5202 2949 5203 2948 5203 3169 5203 3169 5204 2948 5204 3170 5204 2948 5205 2947 5205 3170 5205 3170 5206 2947 5206 3171 5206 2947 5207 2942 5207 3171 5207 3171 5208 2942 5208 1591 5208 1591 5209 1602 5209 3171 5209 1602 5210 1601 5210 3171 5210 3171 5211 1601 5211 3170 5211 1601 5212 1600 5212 3170 5212 3170 5213 1600 5213 3169 5213 1600 5214 1599 5214 3169 5214 3169 5215 1599 5215 2950 5215 2958 5216 2957 5216 3172 5216 2957 5217 2956 5217 3172 5217 3172 5218 2956 5218 3173 5218 2956 5219 2955 5219 3173 5219 3173 5220 2955 5220 3174 5220 2955 5221 2950 5221 3174 5221 3174 5222 2950 5222 1599 5222 1599 5223 1610 5223 3174 5223 1610 5224 1609 5224 3174 5224 3174 5225 1609 5225 3173 5225 1609 5226 1608 5226 3173 5226 3173 5227 1608 5227 3172 5227 1608 5228 1607 5228 3172 5228 3172 5229 1607 5229 2958 5229 2966 5230 2965 5230 3175 5230 2965 5231 2964 5231 3175 5231 3175 5232 2964 5232 3176 5232 2964 5233 2963 5233 3176 5233 3176 5234 2963 5234 3177 5234 2963 5235 2958 5235 3177 5235 3177 5236 2958 5236 1607 5236 1607 5237 1614 5237 3177 5237 1614 5238 1613 5238 3177 5238 3177 5239 1613 5239 3176 5239 1613 5240 1612 5240 3176 5240 3176 5241 1612 5241 3175 5241 1612 5242 1611 5242 3175 5242 3175 5243 1611 5243 2966 5243 2974 5244 2973 5244 3178 5244 2973 5245 2972 5245 3178 5245 3178 5246 2972 5246 3179 5246 2972 5247 2971 5247 3179 5247 3179 5248 2971 5248 3180 5248 2971 5249 2966 5249 3180 5249 3180 5250 2966 5250 1611 5250 1611 5251 1622 5251 3180 5251 1622 5252 1621 5252 3180 5252 3180 5253 1621 5253 3179 5253 1621 5254 1620 5254 3179 5254 3179 5255 1620 5255 3178 5255 1620 5256 1619 5256 3178 5256 3178 5257 1619 5257 2974 5257 2982 5258 2981 5258 3181 5258 2981 5259 2980 5259 3181 5259 3181 5260 2980 5260 3182 5260 2980 5261 2979 5261 3182 5261 3182 5262 2979 5262 3183 5262 2979 5263 2974 5263 3183 5263 3183 5264 2974 5264 1619 5264 1619 5265 1630 5265 3183 5265 1630 5266 1629 5266 3183 5266 3183 5267 1629 5267 3182 5267 1629 5268 1628 5268 3182 5268 3182 5269 1628 5269 3181 5269 1628 5270 1627 5270 3181 5270 3181 5271 1627 5271 2982 5271 2994 5272 2993 5272 3184 5272 2993 5273 2992 5273 3184 5273 3184 5274 2992 5274 3185 5274 2992 5275 2991 5275 3185 5275 3185 5276 2991 5276 3186 5276 2991 5277 2982 5277 3186 5277 3186 5278 2982 5278 1627 5278 1627 5279 1634 5279 3186 5279 1634 5280 1633 5280 3186 5280 3186 5281 1633 5281 3185 5281 1633 5282 1632 5282 3185 5282 3185 5283 1632 5283 3184 5283 1632 5284 1631 5284 3184 5284 3184 5285 1631 5285 2994 5285 3002 5286 3001 5286 3187 5286 3001 5287 3000 5287 3187 5287 3187 5288 3000 5288 3188 5288 3000 5289 2999 5289 3188 5289 3188 5290 2999 5290 3189 5290 2999 5291 2994 5291 3189 5291 3189 5292 2994 5292 1631 5292 1631 5293 1642 5293 3189 5293 1642 5294 1641 5294 3189 5294 3189 5295 1641 5295 3188 5295 1641 5296 1640 5296 3188 5296 3188 5297 1640 5297 3187 5297 1640 5298 1639 5298 3187 5298 3187 5299 1639 5299 3002 5299 3010 5300 3009 5300 3190 5300 3009 5301 3008 5301 3190 5301 3190 5302 3008 5302 3191 5302 3008 5303 3007 5303 3191 5303 3191 5304 3007 5304 3192 5304 3007 5305 3002 5305 3192 5305 3192 5306 3002 5306 1639 5306 1639 5307 1650 5307 3192 5307 1650 5308 1649 5308 3192 5308 3192 5309 1649 5309 3191 5309 1649 5310 1648 5310 3191 5310 3191 5311 1648 5311 3190 5311 1648 5312 1647 5312 3190 5312 3190 5313 1647 5313 3010 5313 3018 5314 3017 5314 3193 5314 3017 5315 3016 5315 3193 5315 3193 5316 3016 5316 3194 5316 3016 5317 3015 5317 3194 5317 3194 5318 3015 5318 3195 5318 3015 5319 3010 5319 3195 5319 3195 5320 3010 5320 1647 5320 1647 5321 1658 5321 3195 5321 1658 5322 1657 5322 3195 5322 3195 5323 1657 5323 3194 5323 1657 5324 1656 5324 3194 5324 3194 5325 1656 5325 3193 5325 1656 5326 1655 5326 3193 5326 3193 5327 1655 5327 3018 5327 3026 5328 3025 5328 3196 5328 3025 5329 3024 5329 3196 5329 3196 5330 3024 5330 3197 5330 3024 5331 3023 5331 3197 5331 3197 5332 3023 5332 3198 5332 3023 5333 3018 5333 3198 5333 3198 5334 3018 5334 1655 5334 1655 5335 1662 5335 3198 5335 1662 5336 1661 5336 3198 5336 3198 5337 1661 5337 3197 5337 1661 5338 1660 5338 3197 5338 3197 5339 1660 5339 3196 5339 1660 5340 1659 5340 3196 5340 3196 5341 1659 5341 3026 5341 3034 5342 3033 5342 3199 5342 3033 5343 3032 5343 3199 5343 3199 5344 3032 5344 3200 5344 3032 5345 3031 5345 3200 5345 3200 5346 3031 5346 3201 5346 3031 5347 3026 5347 3201 5347 3201 5348 3026 5348 1659 5348 1659 5349 1670 5349 3201 5349 1670 5350 1669 5350 3201 5350 3201 5351 1669 5351 3200 5351 1669 5352 1668 5352 3200 5352 3200 5353 1668 5353 3199 5353 1668 5354 1667 5354 3199 5354 3199 5355 1667 5355 3034 5355 3042 5356 3041 5356 3202 5356 3041 5357 3040 5357 3202 5357 3202 5358 3040 5358 3203 5358 3040 5359 3039 5359 3203 5359 3203 5360 3039 5360 3204 5360 3039 5361 3034 5361 3204 5361 3204 5362 3034 5362 1667 5362 1667 5363 1678 5363 3204 5363 1678 5364 1677 5364 3204 5364 3204 5365 1677 5365 3203 5365 1677 5366 1676 5366 3203 5366 3203 5367 1676 5367 3202 5367 1676 5368 1675 5368 3202 5368 3202 5369 1675 5369 3042 5369 3054 5370 3053 5370 3205 5370 3053 5371 3052 5371 3205 5371 3205 5372 3052 5372 3206 5372 3052 5373 3051 5373 3206 5373 3206 5374 3051 5374 3207 5374 3051 5375 3042 5375 3207 5375 3207 5376 3042 5376 1675 5376 1675 5377 1682 5377 3207 5377 1682 5378 1681 5378 3207 5378 3207 5379 1681 5379 3206 5379 1681 5380 1680 5380 3206 5380 3206 5381 1680 5381 3205 5381 1680 5382 1679 5382 3205 5382 3205 5383 1679 5383 3054 5383 3062 5384 3061 5384 3208 5384 3061 5385 3060 5385 3208 5385 3208 5386 3060 5386 3209 5386 3060 5387 3059 5387 3209 5387 3209 5388 3059 5388 3210 5388 3059 5389 3054 5389 3210 5389 3210 5390 3054 5390 1679 5390 1679 5391 1690 5391 3210 5391 1690 5392 1689 5392 3210 5392 3210 5393 1689 5393 3209 5393 1689 5394 1688 5394 3209 5394 3209 5395 1688 5395 3208 5395 1688 5396 1687 5396 3208 5396 3208 5397 1687 5397 3062 5397 3070 5398 3069 5398 3211 5398 3069 5399 3068 5399 3211 5399 3211 5400 3068 5400 3212 5400 3068 5401 3067 5401 3212 5401 3212 5402 3067 5402 3213 5402 3067 5403 3062 5403 3213 5403 3213 5404 3062 5404 1687 5404 1687 5405 1698 5405 3213 5405 1698 5406 1697 5406 3213 5406 3213 5407 1697 5407 3212 5407 1697 5408 1696 5408 3212 5408 3212 5409 1696 5409 3211 5409 1696 5410 1695 5410 3211 5410 3211 5411 1695 5411 3070 5411 3078 5412 3077 5412 3214 5412 3077 5413 3076 5413 3214 5413 3214 5414 3076 5414 3215 5414 3076 5415 3075 5415 3215 5415 3215 5416 3075 5416 3216 5416 3075 5417 3070 5417 3216 5417 3216 5418 3070 5418 1695 5418 1695 5419 1702 5419 3216 5419 1702 5420 1701 5420 3216 5420 3216 5421 1701 5421 3215 5421 1701 5422 1700 5422 3215 5422 3215 5423 1700 5423 3214 5423 1700 5424 1699 5424 3214 5424 3214 5425 1699 5425 3078 5425 3086 5426 3085 5426 3217 5426 3085 5427 3084 5427 3217 5427 3217 5428 3084 5428 3218 5428 3084 5429 3083 5429 3218 5429 3218 5430 3083 5430 3219 5430 3083 5431 3078 5431 3219 5431 3219 5432 3078 5432 1699 5432 1699 5433 1710 5433 3219 5433 1710 5434 1709 5434 3219 5434 3219 5435 1709 5435 3218 5435 1709 5436 1708 5436 3218 5436 3218 5437 1708 5437 3217 5437 1708 5438 1707 5438 3217 5438 3217 5439 1707 5439 3086 5439 3094 5440 3093 5440 3220 5440 3093 5441 3092 5441 3220 5441 3220 5442 3092 5442 3221 5442 3092 5443 3091 5443 3221 5443 3221 5444 3091 5444 3222 5444 3091 5445 3086 5445 3222 5445 3222 5446 3086 5446 1707 5446 1707 5447 1718 5447 3222 5447 1718 5448 1717 5448 3222 5448 3222 5449 1717 5449 3221 5449 1717 5450 1716 5450 3221 5450 3221 5451 1716 5451 3220 5451 1716 5452 1715 5452 3220 5452 3220 5453 1715 5453 3094 5453 3106 5454 3105 5454 3223 5454 3105 5455 3104 5455 3223 5455 3223 5456 3104 5456 3224 5456 3104 5457 3103 5457 3224 5457 3224 5458 3103 5458 3225 5458 3103 5459 3094 5459 3225 5459 3225 5460 3094 5460 1715 5460 1715 5461 1726 5461 3225 5461 1726 5462 1725 5462 3225 5462 3225 5463 1725 5463 3224 5463 1725 5464 1724 5464 3224 5464 3224 5465 1724 5465 3223 5465 1724 5466 1723 5466 3223 5466 3223 5467 1723 5467 3106 5467 3114 5468 3113 5468 3226 5468 3113 5469 3112 5469 3226 5469 3226 5470 3112 5470 3227 5470 3112 5471 3111 5471 3227 5471 3227 5472 3111 5472 3228 5472 3111 5473 3106 5473 3228 5473 3228 5474 3106 5474 1723 5474 1723 5475 1730 5475 3228 5475 1730 5476 1729 5476 3228 5476 3228 5477 1729 5477 3227 5477 1729 5478 1728 5478 3227 5478 3227 5479 1728 5479 3226 5479 1728 5480 1727 5480 3226 5480 3226 5481 1727 5481 3114 5481 3122 5482 3121 5482 3229 5482 3121 5483 3120 5483 3229 5483 3229 5484 3120 5484 3230 5484 3120 5485 3119 5485 3230 5485 3230 5486 3119 5486 3231 5486 3119 5487 3114 5487 3231 5487 3231 5488 3114 5488 1727 5488 1727 5489 1738 5489 3231 5489 1738 5490 1737 5490 3231 5490 3231 5491 1737 5491 3230 5491 1737 5492 1736 5492 3230 5492 3230 5493 1736 5493 3229 5493 1736 5494 1735 5494 3229 5494 3229 5495 1735 5495 3122 5495 3130 5496 3129 5496 3232 5496 3129 5497 3128 5497 3232 5497 3232 5498 3128 5498 3233 5498 3128 5499 3127 5499 3233 5499 3233 5500 3127 5500 3234 5500 3127 5501 3122 5501 3234 5501 3234 5502 3122 5502 1735 5502 1735 5503 1746 5503 3234 5503 1746 5504 1745 5504 3234 5504 3234 5505 1745 5505 3233 5505 1745 5506 1744 5506 3233 5506 3233 5507 1744 5507 3232 5507 1744 5508 1743 5508 3232 5508 3232 5509 1743 5509 3130 5509 3138 5510 3137 5510 3235 5510 3137 5511 3136 5511 3235 5511 3235 5512 3136 5512 3236 5512 3136 5513 3135 5513 3236 5513 3236 5514 3135 5514 3237 5514 3135 5515 3130 5515 3237 5515 3237 5516 3130 5516 1743 5516 1743 5517 1749 5517 3237 5517 1749 5518 1748 5518 3237 5518 3237 5519 1748 5519 3236 5519 1748 5520 1747 5520 3236 5520 3236 5521 1747 5521 3235 5521 1747 5522 1546 5522 3235 5522 3235 5523 1546 5523 3138 5523 2237 5524 2554 5524 3238 5524 2554 5525 2553 5525 3238 5525 3238 5526 2553 5526 3239 5526 2553 5527 2552 5527 3239 5527 3239 5528 2552 5528 3240 5528 2552 5529 2551 5529 3240 5529 3240 5530 2551 5530 3241 5530 3241 5531 3242 5531 3240 5531 3242 5532 3243 5532 3240 5532 3240 5533 3243 5533 3239 5533 3243 5534 3244 5534 3239 5534 3239 5535 3244 5535 3238 5535 3244 5536 3245 5536 3238 5536 3238 5537 3245 5537 2237 5537 2241 5538 2240 5538 3246 5538 2240 5539 2239 5539 3246 5539 3246 5540 2239 5540 3247 5540 2239 5541 2238 5541 3247 5541 3247 5542 2238 5542 3248 5542 2238 5543 2237 5543 3248 5543 3248 5544 2237 5544 3245 5544 3245 5545 3249 5545 3248 5545 3249 5546 3250 5546 3248 5546 3248 5547 3250 5547 3247 5547 3250 5548 3251 5548 3247 5548 3247 5549 3251 5549 3246 5549 3251 5550 3252 5550 3246 5550 3246 5551 3252 5551 2241 5551 2245 5552 2244 5552 3253 5552 2244 5553 2243 5553 3253 5553 3253 5554 2243 5554 3254 5554 2243 5555 2242 5555 3254 5555 3254 5556 2242 5556 3255 5556 2242 5557 2241 5557 3255 5557 3255 5558 2241 5558 3252 5558 3252 5559 3256 5559 3255 5559 3256 5560 3257 5560 3255 5560 3255 5561 3257 5561 3254 5561 3257 5562 3258 5562 3254 5562 3254 5563 3258 5563 3253 5563 3258 5564 3259 5564 3253 5564 3253 5565 3259 5565 2245 5565 2249 5566 2248 5566 3260 5566 2248 5567 2247 5567 3260 5567 3260 5568 2247 5568 3261 5568 2247 5569 2246 5569 3261 5569 3261 5570 2246 5570 3262 5570 2246 5571 2245 5571 3262 5571 3262 5572 2245 5572 3259 5572 3259 5573 3263 5573 3262 5573 3263 5574 3264 5574 3262 5574 3262 5575 3264 5575 3261 5575 3264 5576 3265 5576 3261 5576 3261 5577 3265 5577 3260 5577 3265 5578 3266 5578 3260 5578 3260 5579 3266 5579 2249 5579 2253 5580 2252 5580 3267 5580 2252 5581 2251 5581 3267 5581 3267 5582 2251 5582 3268 5582 2251 5583 2250 5583 3268 5583 3268 5584 2250 5584 3269 5584 2250 5585 2249 5585 3269 5585 3269 5586 2249 5586 3266 5586 3266 5587 3270 5587 3269 5587 3270 5588 3271 5588 3269 5588 3269 5589 3271 5589 3268 5589 3271 5590 3272 5590 3268 5590 3268 5591 3272 5591 3267 5591 3272 5592 3273 5592 3267 5592 3267 5593 3273 5593 2253 5593 2257 5594 2256 5594 3274 5594 2256 5595 2255 5595 3274 5595 3274 5596 2255 5596 3275 5596 2255 5597 2254 5597 3275 5597 3275 5598 2254 5598 3276 5598 2254 5599 2253 5599 3276 5599 3276 5600 2253 5600 3273 5600 3273 5601 3277 5601 3276 5601 3277 5602 3278 5602 3276 5602 3276 5603 3278 5603 3275 5603 3278 5604 3279 5604 3275 5604 3275 5605 3279 5605 3274 5605 3279 5606 3280 5606 3274 5606 3274 5607 3280 5607 2257 5607 2261 5608 2260 5608 3281 5608 2260 5609 2259 5609 3281 5609 3281 5610 2259 5610 3282 5610 2259 5611 2258 5611 3282 5611 3282 5612 2258 5612 3283 5612 2258 5613 2257 5613 3283 5613 3283 5614 2257 5614 3280 5614 3280 5615 3284 5615 3283 5615 3284 5616 3285 5616 3283 5616 3283 5617 3285 5617 3282 5617 3285 5618 3286 5618 3282 5618 3282 5619 3286 5619 3281 5619 3286 5620 3287 5620 3281 5620 3281 5621 3287 5621 2261 5621 2266 5622 2265 5622 3288 5622 2265 5623 2264 5623 3288 5623 3288 5624 2264 5624 3289 5624 2264 5625 2263 5625 3289 5625 3289 5626 2263 5626 3290 5626 2263 5627 2261 5627 3290 5627 3290 5628 2261 5628 3287 5628 3287 5629 3291 5629 3290 5629 3291 5630 3292 5630 3290 5630 3290 5631 3292 5631 3289 5631 3292 5632 3293 5632 3289 5632 3289 5633 3293 5633 3288 5633 3293 5634 3294 5634 3288 5634 3288 5635 3294 5635 2266 5635 2274 5636 2273 5636 3295 5636 2273 5637 2272 5637 3295 5637 3295 5638 2272 5638 3296 5638 2272 5639 2271 5639 3296 5639 3296 5640 2271 5640 3297 5640 2271 5641 2266 5641 3297 5641 3297 5642 2266 5642 3294 5642 3294 5643 3298 5643 3297 5643 3298 5644 3299 5644 3297 5644 3297 5645 3299 5645 3296 5645 3299 5646 3300 5646 3296 5646 3296 5647 3300 5647 3295 5647 3300 5648 3301 5648 3295 5648 3295 5649 3301 5649 2274 5649 2278 5650 2277 5650 3302 5650 2277 5651 2276 5651 3302 5651 3302 5652 2276 5652 3303 5652 2276 5653 2275 5653 3303 5653 3303 5654 2275 5654 3304 5654 2275 5655 2274 5655 3304 5655 3304 5656 2274 5656 3301 5656 3301 5657 3305 5657 3304 5657 3305 5658 3306 5658 3304 5658 3304 5659 3306 5659 3303 5659 3306 5660 3307 5660 3303 5660 3303 5661 3307 5661 3302 5661 3307 5662 3308 5662 3302 5662 3302 5663 3308 5663 2278 5663 2286 5664 2285 5664 3309 5664 2285 5665 2284 5665 3309 5665 3309 5666 2284 5666 3310 5666 2284 5667 2283 5667 3310 5667 3310 5668 2283 5668 3311 5668 2283 5669 2278 5669 3311 5669 3311 5670 2278 5670 3308 5670 3308 5671 3312 5671 3311 5671 3312 5672 3313 5672 3311 5672 3311 5673 3313 5673 3310 5673 3313 5674 3314 5674 3310 5674 3310 5675 3314 5675 3309 5675 3314 5676 3315 5676 3309 5676 3309 5677 3315 5677 2286 5677 2290 5678 2289 5678 3316 5678 2289 5679 2288 5679 3316 5679 3316 5680 2288 5680 3317 5680 2288 5681 2287 5681 3317 5681 3317 5682 2287 5682 3318 5682 2287 5683 2286 5683 3318 5683 3318 5684 2286 5684 3315 5684 3315 5685 3319 5685 3318 5685 3319 5686 3320 5686 3318 5686 3318 5687 3320 5687 3317 5687 3320 5688 3321 5688 3317 5688 3317 5689 3321 5689 3316 5689 3321 5690 3322 5690 3316 5690 3316 5691 3322 5691 2290 5691 2298 5692 2297 5692 3323 5692 2297 5693 2296 5693 3323 5693 3323 5694 2296 5694 3324 5694 2296 5695 2295 5695 3324 5695 3324 5696 2295 5696 3325 5696 2295 5697 2290 5697 3325 5697 3325 5698 2290 5698 3322 5698 3322 5699 3326 5699 3325 5699 3326 5700 3327 5700 3325 5700 3325 5701 3327 5701 3324 5701 3327 5702 3328 5702 3324 5702 3324 5703 3328 5703 3323 5703 3328 5704 3329 5704 3323 5704 3323 5705 3329 5705 2298 5705 2306 5706 2305 5706 3330 5706 2305 5707 2304 5707 3330 5707 3330 5708 2304 5708 3331 5708 2304 5709 2303 5709 3331 5709 3331 5710 2303 5710 3332 5710 2303 5711 2298 5711 3332 5711 3332 5712 2298 5712 3329 5712 3329 5713 3333 5713 3332 5713 3333 5714 3334 5714 3332 5714 3332 5715 3334 5715 3331 5715 3334 5716 3335 5716 3331 5716 3331 5717 3335 5717 3330 5717 3335 5718 3336 5718 3330 5718 3330 5719 3336 5719 2306 5719 2310 5720 2309 5720 3337 5720 2309 5721 2308 5721 3337 5721 3337 5722 2308 5722 3338 5722 2308 5723 2307 5723 3338 5723 3338 5724 2307 5724 3339 5724 2307 5725 2306 5725 3339 5725 3339 5726 2306 5726 3336 5726 3336 5727 3340 5727 3339 5727 3340 5728 3341 5728 3339 5728 3339 5729 3341 5729 3338 5729 3341 5730 3342 5730 3338 5730 3338 5731 3342 5731 3337 5731 3342 5732 3343 5732 3337 5732 3337 5733 3343 5733 2310 5733 2318 5734 2317 5734 3344 5734 2317 5735 2316 5735 3344 5735 3344 5736 2316 5736 3345 5736 2316 5737 2315 5737 3345 5737 3345 5738 2315 5738 3346 5738 2315 5739 2310 5739 3346 5739 3346 5740 2310 5740 3343 5740 3343 5741 3347 5741 3346 5741 3347 5742 3348 5742 3346 5742 3346 5743 3348 5743 3345 5743 3348 5744 3349 5744 3345 5744 3345 5745 3349 5745 3344 5745 3349 5746 3350 5746 3344 5746 3344 5747 3350 5747 2318 5747 2322 5748 2321 5748 3351 5748 2321 5749 2320 5749 3351 5749 3351 5750 2320 5750 3352 5750 2320 5751 2319 5751 3352 5751 3352 5752 2319 5752 3353 5752 2319 5753 2318 5753 3353 5753 3353 5754 2318 5754 3350 5754 3350 5755 3354 5755 3353 5755 3354 5756 3355 5756 3353 5756 3353 5757 3355 5757 3352 5757 3355 5758 3356 5758 3352 5758 3352 5759 3356 5759 3351 5759 3356 5760 3357 5760 3351 5760 3351 5761 3357 5761 2322 5761 2330 5762 2329 5762 3358 5762 2329 5763 2328 5763 3358 5763 3358 5764 2328 5764 3359 5764 2328 5765 2327 5765 3359 5765 3359 5766 2327 5766 3360 5766 2327 5767 2322 5767 3360 5767 3360 5768 2322 5768 3357 5768 3357 5769 3361 5769 3360 5769 3361 5770 3362 5770 3360 5770 3360 5771 3362 5771 3359 5771 3362 5772 3363 5772 3359 5772 3359 5773 3363 5773 3358 5773 3363 5774 3364 5774 3358 5774 3358 5775 3364 5775 2330 5775 2338 5776 2337 5776 3365 5776 2337 5777 2336 5777 3365 5777 3365 5778 2336 5778 3366 5778 2336 5779 2335 5779 3366 5779 3366 5780 2335 5780 3367 5780 2335 5781 2330 5781 3367 5781 3367 5782 2330 5782 3364 5782 3364 5783 3368 5783 3367 5783 3368 5784 3369 5784 3367 5784 3367 5785 3369 5785 3366 5785 3369 5786 3370 5786 3366 5786 3366 5787 3370 5787 3365 5787 3370 5788 3371 5788 3365 5788 3365 5789 3371 5789 2338 5789 2342 5790 2341 5790 3372 5790 2341 5791 2340 5791 3372 5791 3372 5792 2340 5792 3373 5792 2340 5793 2339 5793 3373 5793 3373 5794 2339 5794 3374 5794 2339 5795 2338 5795 3374 5795 3374 5796 2338 5796 3371 5796 3371 5797 3375 5797 3374 5797 3375 5798 3376 5798 3374 5798 3374 5799 3376 5799 3373 5799 3376 5800 3377 5800 3373 5800 3373 5801 3377 5801 3372 5801 3377 5802 3378 5802 3372 5802 3372 5803 3378 5803 2342 5803 2350 5804 2349 5804 3379 5804 2349 5805 2348 5805 3379 5805 3379 5806 2348 5806 3380 5806 2348 5807 2347 5807 3380 5807 3380 5808 2347 5808 3381 5808 2347 5809 2342 5809 3381 5809 3381 5810 2342 5810 3378 5810 3378 5811 3382 5811 3381 5811 3382 5812 3383 5812 3381 5812 3381 5813 3383 5813 3380 5813 3383 5814 3384 5814 3380 5814 3380 5815 3384 5815 3379 5815 3384 5816 3385 5816 3379 5816 3379 5817 3385 5817 2350 5817 2358 5818 2357 5818 3386 5818 2357 5819 2356 5819 3386 5819 3386 5820 2356 5820 3387 5820 2356 5821 2355 5821 3387 5821 3387 5822 2355 5822 3388 5822 2355 5823 2350 5823 3388 5823 3388 5824 2350 5824 3385 5824 3385 5825 3389 5825 3388 5825 3389 5826 3390 5826 3388 5826 3388 5827 3390 5827 3387 5827 3390 5828 3391 5828 3387 5828 3387 5829 3391 5829 3386 5829 3391 5830 3392 5830 3386 5830 3386 5831 3392 5831 2358 5831 2362 5832 2361 5832 3393 5832 2361 5833 2360 5833 3393 5833 3393 5834 2360 5834 3394 5834 2360 5835 2359 5835 3394 5835 3394 5836 2359 5836 3395 5836 2359 5837 2358 5837 3395 5837 3395 5838 2358 5838 3392 5838 3392 5839 3396 5839 3395 5839 3396 5840 3397 5840 3395 5840 3395 5841 3397 5841 3394 5841 3397 5842 3398 5842 3394 5842 3394 5843 3398 5843 3393 5843 3398 5844 3399 5844 3393 5844 3393 5845 3399 5845 2362 5845 2370 5846 2369 5846 3400 5846 2369 5847 2368 5847 3400 5847 3400 5848 2368 5848 3401 5848 2368 5849 2367 5849 3401 5849 3401 5850 2367 5850 3402 5850 2367 5851 2362 5851 3402 5851 3402 5852 2362 5852 3399 5852 3399 5853 3403 5853 3402 5853 3403 5854 3404 5854 3402 5854 3402 5855 3404 5855 3401 5855 3404 5856 3405 5856 3401 5856 3401 5857 3405 5857 3400 5857 3405 5858 3406 5858 3400 5858 3400 5859 3406 5859 2370 5859 2374 5860 2373 5860 3407 5860 2373 5861 2372 5861 3407 5861 3407 5862 2372 5862 3408 5862 2372 5863 2371 5863 3408 5863 3408 5864 2371 5864 3409 5864 2371 5865 2370 5865 3409 5865 3409 5866 2370 5866 3406 5866 3406 5867 3410 5867 3409 5867 3410 5868 3411 5868 3409 5868 3409 5869 3411 5869 3408 5869 3411 5870 3412 5870 3408 5870 3408 5871 3412 5871 3407 5871 3412 5872 3413 5872 3407 5872 3407 5873 3413 5873 2374 5873 2378 5874 2377 5874 3414 5874 2377 5875 2376 5875 3414 5875 3414 5876 2376 5876 3415 5876 2376 5877 2375 5877 3415 5877 3415 5878 2375 5878 3416 5878 2375 5879 2374 5879 3416 5879 3416 5880 2374 5880 3413 5880 3413 5881 3417 5881 3416 5881 3417 5882 3418 5882 3416 5882 3416 5883 3418 5883 3415 5883 3418 5884 3419 5884 3415 5884 3415 5885 3419 5885 3414 5885 3419 5886 3420 5886 3414 5886 3414 5887 3420 5887 2378 5887 2382 5888 2381 5888 3421 5888 2381 5889 2380 5889 3421 5889 3421 5890 2380 5890 3422 5890 2380 5891 2379 5891 3422 5891 3422 5892 2379 5892 3423 5892 2379 5893 2378 5893 3423 5893 3423 5894 2378 5894 3420 5894 3420 5895 3424 5895 3423 5895 3424 5896 3425 5896 3423 5896 3423 5897 3425 5897 3422 5897 3425 5898 3426 5898 3422 5898 3422 5899 3426 5899 3421 5899 3426 5900 3427 5900 3421 5900 3421 5901 3427 5901 2382 5901 2386 5902 2385 5902 3428 5902 2385 5903 2384 5903 3428 5903 3428 5904 2384 5904 3429 5904 2384 5905 2383 5905 3429 5905 3429 5906 2383 5906 3430 5906 2383 5907 2382 5907 3430 5907 3430 5908 2382 5908 3427 5908 3427 5909 3431 5909 3430 5909 3431 5910 3432 5910 3430 5910 3430 5911 3432 5911 3429 5911 3432 5912 3433 5912 3429 5912 3429 5913 3433 5913 3428 5913 3433 5914 3434 5914 3428 5914 3428 5915 3434 5915 2386 5915 2390 5916 2389 5916 3435 5916 2389 5917 2388 5917 3435 5917 3435 5918 2388 5918 3436 5918 2388 5919 2387 5919 3436 5919 3436 5920 2387 5920 3437 5920 2387 5921 2386 5921 3437 5921 3437 5922 2386 5922 3434 5922 3434 5923 3438 5923 3437 5923 3438 5924 3439 5924 3437 5924 3437 5925 3439 5925 3436 5925 3439 5926 3440 5926 3436 5926 3436 5927 3440 5927 3435 5927 3440 5928 3441 5928 3435 5928 3435 5929 3441 5929 2390 5929 2394 5930 2393 5930 3442 5930 2393 5931 2392 5931 3442 5931 3442 5932 2392 5932 3443 5932 2392 5933 2391 5933 3443 5933 3443 5934 2391 5934 3444 5934 2391 5935 2390 5935 3444 5935 3444 5936 2390 5936 3441 5936 3441 5937 3445 5937 3444 5937 3445 5938 3446 5938 3444 5938 3444 5939 3446 5939 3443 5939 3446 5940 3447 5940 3443 5940 3443 5941 3447 5941 3442 5941 3447 5942 3448 5942 3442 5942 3442 5943 3448 5943 2394 5943 2398 5944 2397 5944 3449 5944 2397 5945 2396 5945 3449 5945 3449 5946 2396 5946 3450 5946 2396 5947 2395 5947 3450 5947 3450 5948 2395 5948 3451 5948 2395 5949 2394 5949 3451 5949 3451 5950 2394 5950 3448 5950 3448 5951 3452 5951 3451 5951 3452 5952 3453 5952 3451 5952 3451 5953 3453 5953 3450 5953 3453 5954 3454 5954 3450 5954 3450 5955 3454 5955 3449 5955 3454 5956 3455 5956 3449 5956 3449 5957 3455 5957 2398 5957 2402 5958 2401 5958 3456 5958 2401 5959 2400 5959 3456 5959 3456 5960 2400 5960 3457 5960 2400 5961 2399 5961 3457 5961 3457 5962 2399 5962 3458 5962 2399 5963 2398 5963 3458 5963 3458 5964 2398 5964 3455 5964 3455 5965 3459 5965 3458 5965 3459 5966 3460 5966 3458 5966 3458 5967 3460 5967 3457 5967 3460 5968 3461 5968 3457 5968 3457 5969 3461 5969 3456 5969 3461 5970 3462 5970 3456 5970 3456 5971 3462 5971 2402 5971 2406 5972 2405 5972 3463 5972 2405 5973 2404 5973 3463 5973 3463 5974 2404 5974 3464 5974 2404 5975 2403 5975 3464 5975 3464 5976 2403 5976 3465 5976 2403 5977 2402 5977 3465 5977 3465 5978 2402 5978 3462 5978 3462 5979 3466 5979 3465 5979 3466 5980 3467 5980 3465 5980 3465 5981 3467 5981 3464 5981 3467 5982 3468 5982 3464 5982 3464 5983 3468 5983 3463 5983 3468 5984 3469 5984 3463 5984 3463 5985 3469 5985 2406 5985 2410 5986 2409 5986 3470 5986 2409 5987 2408 5987 3470 5987 3470 5988 2408 5988 3471 5988 2408 5989 2407 5989 3471 5989 3471 5990 2407 5990 3472 5990 2407 5991 2406 5991 3472 5991 3472 5992 2406 5992 3469 5992 3469 5993 3473 5993 3472 5993 3473 5994 3474 5994 3472 5994 3472 5995 3474 5995 3471 5995 3474 5996 3475 5996 3471 5996 3471 5997 3475 5997 3470 5997 3475 5998 3476 5998 3470 5998 3470 5999 3476 5999 2410 5999 2414 6000 2413 6000 3477 6000 2413 6001 2412 6001 3477 6001 3477 6002 2412 6002 3478 6002 2412 6003 2411 6003 3478 6003 3478 6004 2411 6004 3479 6004 2411 6005 2410 6005 3479 6005 3479 6006 2410 6006 3476 6006 3476 6007 3480 6007 3479 6007 3480 6008 3481 6008 3479 6008 3479 6009 3481 6009 3478 6009 3481 6010 3482 6010 3478 6010 3478 6011 3482 6011 3477 6011 3482 6012 3483 6012 3477 6012 3477 6013 3483 6013 2414 6013 2418 6014 2417 6014 3484 6014 2417 6015 2416 6015 3484 6015 3484 6016 2416 6016 3485 6016 2416 6017 2415 6017 3485 6017 3485 6018 2415 6018 3486 6018 2415 6019 2414 6019 3486 6019 3486 6020 2414 6020 3483 6020 3483 6021 3487 6021 3486 6021 3487 6022 3488 6022 3486 6022 3486 6023 3488 6023 3485 6023 3488 6024 3489 6024 3485 6024 3485 6025 3489 6025 3484 6025 3489 6026 3490 6026 3484 6026 3484 6027 3490 6027 2418 6027 2422 6028 2421 6028 3491 6028 2421 6029 2420 6029 3491 6029 3491 6030 2420 6030 3492 6030 2420 6031 2419 6031 3492 6031 3492 6032 2419 6032 3493 6032 2419 6033 2418 6033 3493 6033 3493 6034 2418 6034 3490 6034 3490 6035 3494 6035 3493 6035 3494 6036 3495 6036 3493 6036 3493 6037 3495 6037 3492 6037 3495 6038 3496 6038 3492 6038 3492 6039 3496 6039 3491 6039 3496 6040 3497 6040 3491 6040 3491 6041 3497 6041 2422 6041 2427 6042 2426 6042 3498 6042 2426 6043 2425 6043 3498 6043 3498 6044 2425 6044 3499 6044 2425 6045 2424 6045 3499 6045 3499 6046 2424 6046 3500 6046 2424 6047 2422 6047 3500 6047 3500 6048 2422 6048 3497 6048 3497 6049 3501 6049 3500 6049 3501 6050 3502 6050 3500 6050 3500 6051 3502 6051 3499 6051 3502 6052 3503 6052 3499 6052 3499 6053 3503 6053 3498 6053 3503 6054 3504 6054 3498 6054 3498 6055 3504 6055 2427 6055 2435 6056 2434 6056 3505 6056 2434 6057 2433 6057 3505 6057 3505 6058 2433 6058 3506 6058 2433 6059 2432 6059 3506 6059 3506 6060 2432 6060 3507 6060 2432 6061 2427 6061 3507 6061 3507 6062 2427 6062 3504 6062 3504 6063 3508 6063 3507 6063 3508 6064 3509 6064 3507 6064 3507 6065 3509 6065 3506 6065 3509 6066 3510 6066 3506 6066 3506 6067 3510 6067 3505 6067 3510 6068 3511 6068 3505 6068 3505 6069 3511 6069 2435 6069 2439 6070 2438 6070 3512 6070 2438 6071 2437 6071 3512 6071 3512 6072 2437 6072 3513 6072 2437 6073 2436 6073 3513 6073 3513 6074 2436 6074 3514 6074 2436 6075 2435 6075 3514 6075 3514 6076 2435 6076 3511 6076 3511 6077 3515 6077 3514 6077 3515 6078 3516 6078 3514 6078 3514 6079 3516 6079 3513 6079 3516 6080 3517 6080 3513 6080 3513 6081 3517 6081 3512 6081 3517 6082 3518 6082 3512 6082 3512 6083 3518 6083 2439 6083 2447 6084 2446 6084 3519 6084 2446 6085 2445 6085 3519 6085 3519 6086 2445 6086 3520 6086 2445 6087 2444 6087 3520 6087 3520 6088 2444 6088 3521 6088 2444 6089 2439 6089 3521 6089 3521 6090 2439 6090 3518 6090 3518 6091 3522 6091 3521 6091 3522 6092 3523 6092 3521 6092 3521 6093 3523 6093 3520 6093 3523 6094 3524 6094 3520 6094 3520 6095 3524 6095 3519 6095 3524 6096 3525 6096 3519 6096 3519 6097 3525 6097 2447 6097 2455 6098 2454 6098 3526 6098 2454 6099 2453 6099 3526 6099 3526 6100 2453 6100 3527 6100 2453 6101 2452 6101 3527 6101 3527 6102 2452 6102 3528 6102 2452 6103 2447 6103 3528 6103 3528 6104 2447 6104 3525 6104 3525 6105 3529 6105 3528 6105 3529 6106 3530 6106 3528 6106 3528 6107 3530 6107 3527 6107 3530 6108 3531 6108 3527 6108 3527 6109 3531 6109 3526 6109 3531 6110 3532 6110 3526 6110 3526 6111 3532 6111 2455 6111 2459 6112 2458 6112 3533 6112 2458 6113 2457 6113 3533 6113 3533 6114 2457 6114 3534 6114 2457 6115 2456 6115 3534 6115 3534 6116 2456 6116 3535 6116 2456 6117 2455 6117 3535 6117 3535 6118 2455 6118 3532 6118 3532 6119 3536 6119 3535 6119 3536 6120 3537 6120 3535 6120 3535 6121 3537 6121 3534 6121 3537 6122 3538 6122 3534 6122 3534 6123 3538 6123 3533 6123 3538 6124 3539 6124 3533 6124 3533 6125 3539 6125 2459 6125 2467 6126 2466 6126 3540 6126 2466 6127 2465 6127 3540 6127 3540 6128 2465 6128 3541 6128 2465 6129 2464 6129 3541 6129 3541 6130 2464 6130 3542 6130 2464 6131 2459 6131 3542 6131 3542 6132 2459 6132 3539 6132 3539 6133 3543 6133 3542 6133 3543 6134 3544 6134 3542 6134 3542 6135 3544 6135 3541 6135 3544 6136 3545 6136 3541 6136 3541 6137 3545 6137 3540 6137 3545 6138 3546 6138 3540 6138 3540 6139 3546 6139 2467 6139 2475 6140 2474 6140 3547 6140 2474 6141 2473 6141 3547 6141 3547 6142 2473 6142 3548 6142 2473 6143 2472 6143 3548 6143 3548 6144 2472 6144 3549 6144 2472 6145 2467 6145 3549 6145 3549 6146 2467 6146 3546 6146 3546 6147 3550 6147 3549 6147 3550 6148 3551 6148 3549 6148 3549 6149 3551 6149 3548 6149 3551 6150 3552 6150 3548 6150 3548 6151 3552 6151 3547 6151 3552 6152 3553 6152 3547 6152 3547 6153 3553 6153 2475 6153 2479 6154 2478 6154 3554 6154 2478 6155 2477 6155 3554 6155 3554 6156 2477 6156 3555 6156 2477 6157 2476 6157 3555 6157 3555 6158 2476 6158 3556 6158 2476 6159 2475 6159 3556 6159 3556 6160 2475 6160 3553 6160 3553 6161 3557 6161 3556 6161 3557 6162 3558 6162 3556 6162 3556 6163 3558 6163 3555 6163 3558 6164 3559 6164 3555 6164 3555 6165 3559 6165 3554 6165 3559 6166 3560 6166 3554 6166 3554 6167 3560 6167 2479 6167 2487 6168 2486 6168 3561 6168 2486 6169 2485 6169 3561 6169 3561 6170 2485 6170 3562 6170 2485 6171 2484 6171 3562 6171 3562 6172 2484 6172 3563 6172 2484 6173 2479 6173 3563 6173 3563 6174 2479 6174 3560 6174 3560 6175 3564 6175 3563 6175 3564 6176 3565 6176 3563 6176 3563 6177 3565 6177 3562 6177 3565 6178 3566 6178 3562 6178 3562 6179 3566 6179 3561 6179 3566 6180 3567 6180 3561 6180 3561 6181 3567 6181 2487 6181 2491 6182 2490 6182 3568 6182 2490 6183 2489 6183 3568 6183 3568 6184 2489 6184 3569 6184 2489 6185 2488 6185 3569 6185 3569 6186 2488 6186 3570 6186 2488 6187 2487 6187 3570 6187 3570 6188 2487 6188 3567 6188 3567 6189 3571 6189 3570 6189 3571 6190 3572 6190 3570 6190 3570 6191 3572 6191 3569 6191 3572 6192 3573 6192 3569 6192 3569 6193 3573 6193 3568 6193 3573 6194 3574 6194 3568 6194 3568 6195 3574 6195 2491 6195 2499 6196 2498 6196 3575 6196 2498 6197 2497 6197 3575 6197 3575 6198 2497 6198 3576 6198 2497 6199 2496 6199 3576 6199 3576 6200 2496 6200 3577 6200 2496 6201 2491 6201 3577 6201 3577 6202 2491 6202 3574 6202 3574 6203 3578 6203 3577 6203 3578 6204 3579 6204 3577 6204 3577 6205 3579 6205 3576 6205 3579 6206 3580 6206 3576 6206 3576 6207 3580 6207 3575 6207 3580 6208 3581 6208 3575 6208 3575 6209 3581 6209 2499 6209 2507 6210 2506 6210 3582 6210 2506 6211 2505 6211 3582 6211 3582 6212 2505 6212 3583 6212 2505 6213 2504 6213 3583 6213 3583 6214 2504 6214 3584 6214 2504 6215 2499 6215 3584 6215 3584 6216 2499 6216 3581 6216 3581 6217 3585 6217 3584 6217 3585 6218 3586 6218 3584 6218 3584 6219 3586 6219 3583 6219 3586 6220 3587 6220 3583 6220 3583 6221 3587 6221 3582 6221 3587 6222 3588 6222 3582 6222 3582 6223 3588 6223 2507 6223 2511 6224 2510 6224 3589 6224 2510 6225 2509 6225 3589 6225 3589 6226 2509 6226 3590 6226 2509 6227 2508 6227 3590 6227 3590 6228 2508 6228 3591 6228 2508 6229 2507 6229 3591 6229 3591 6230 2507 6230 3588 6230 3588 6231 3592 6231 3591 6231 3592 6232 3593 6232 3591 6232 3591 6233 3593 6233 3590 6233 3593 6234 3594 6234 3590 6234 3590 6235 3594 6235 3589 6235 3594 6236 3595 6236 3589 6236 3589 6237 3595 6237 2511 6237 2519 6238 2518 6238 3596 6238 2518 6239 2517 6239 3596 6239 3596 6240 2517 6240 3597 6240 2517 6241 2516 6241 3597 6241 3597 6242 2516 6242 3598 6242 2516 6243 2511 6243 3598 6243 3598 6244 2511 6244 3595 6244 3595 6245 3599 6245 3598 6245 3599 6246 3600 6246 3598 6246 3598 6247 3600 6247 3597 6247 3600 6248 3601 6248 3597 6248 3597 6249 3601 6249 3596 6249 3601 6250 3602 6250 3596 6250 3596 6251 3602 6251 2519 6251 2523 6252 2522 6252 3603 6252 2522 6253 2521 6253 3603 6253 3603 6254 2521 6254 3604 6254 2521 6255 2520 6255 3604 6255 3604 6256 2520 6256 3605 6256 2520 6257 2519 6257 3605 6257 3605 6258 2519 6258 3602 6258 3602 6259 3606 6259 3605 6259 3606 6260 3607 6260 3605 6260 3605 6261 3607 6261 3604 6261 3607 6262 3608 6262 3604 6262 3604 6263 3608 6263 3603 6263 3608 6264 3609 6264 3603 6264 3603 6265 3609 6265 2523 6265 2531 6266 2530 6266 3610 6266 2530 6267 2529 6267 3610 6267 3610 6268 2529 6268 3611 6268 2529 6269 2528 6269 3611 6269 3611 6270 2528 6270 3612 6270 2528 6271 2523 6271 3612 6271 3612 6272 2523 6272 3609 6272 3609 6273 3613 6273 3612 6273 3613 6274 3614 6274 3612 6274 3612 6275 3614 6275 3611 6275 3614 6276 3615 6276 3611 6276 3611 6277 3615 6277 3610 6277 3615 6278 3616 6278 3610 6278 3610 6279 3616 6279 2531 6279 2535 6280 2534 6280 3617 6280 2534 6281 2533 6281 3617 6281 3617 6282 2533 6282 3618 6282 2533 6283 2532 6283 3618 6283 3618 6284 2532 6284 3619 6284 2532 6285 2531 6285 3619 6285 3619 6286 2531 6286 3616 6286 3616 6287 3620 6287 3619 6287 3620 6288 3621 6288 3619 6288 3619 6289 3621 6289 3618 6289 3621 6290 3622 6290 3618 6290 3618 6291 3622 6291 3617 6291 3622 6292 3623 6292 3617 6292 3617 6293 3623 6293 2535 6293 2539 6294 2538 6294 3624 6294 2538 6295 2537 6295 3624 6295 3624 6296 2537 6296 3625 6296 2537 6297 2536 6297 3625 6297 3625 6298 2536 6298 3626 6298 2536 6299 2535 6299 3626 6299 3626 6300 2535 6300 3623 6300 3623 6301 3627 6301 3626 6301 3627 6302 3628 6302 3626 6302 3626 6303 3628 6303 3625 6303 3628 6304 3629 6304 3625 6304 3625 6305 3629 6305 3624 6305 3629 6306 3630 6306 3624 6306 3624 6307 3630 6307 2539 6307 2543 6308 2542 6308 3631 6308 2542 6309 2541 6309 3631 6309 3631 6310 2541 6310 3632 6310 2541 6311 2540 6311 3632 6311 3632 6312 2540 6312 3633 6312 2540 6313 2539 6313 3633 6313 3633 6314 2539 6314 3630 6314 3630 6315 3634 6315 3633 6315 3634 6316 3635 6316 3633 6316 3633 6317 3635 6317 3632 6317 3635 6318 3636 6318 3632 6318 3632 6319 3636 6319 3631 6319 3636 6320 3637 6320 3631 6320 3631 6321 3637 6321 2543 6321 2547 6322 2546 6322 3638 6322 2546 6323 2545 6323 3638 6323 3638 6324 2545 6324 3639 6324 2545 6325 2544 6325 3639 6325 3639 6326 2544 6326 3640 6326 2544 6327 2543 6327 3640 6327 3640 6328 2543 6328 3637 6328 3637 6329 3641 6329 3640 6329 3641 6330 3642 6330 3640 6330 3640 6331 3642 6331 3639 6331 3642 6332 3643 6332 3639 6332 3639 6333 3643 6333 3638 6333 3643 6334 3644 6334 3638 6334 3638 6335 3644 6335 2547 6335 2551 6336 2550 6336 3645 6336 2550 6337 2549 6337 3645 6337 3645 6338 2549 6338 3646 6338 2549 6339 2548 6339 3646 6339 3646 6340 2548 6340 3647 6340 2548 6341 2547 6341 3647 6341 3647 6342 2547 6342 3644 6342 3644 6343 3648 6343 3647 6343 3648 6344 3649 6344 3647 6344 3647 6345 3649 6345 3646 6345 3649 6346 3650 6346 3646 6346 3646 6347 3650 6347 3645 6347 3650 6348 3241 6348 3645 6348 3645 6349 3241 6349 2551 6349 2128 6350 2628 6350 3651 6350 2128 6351 3651 6351 3652 6351 2128 6352 3652 6352 3653 6352 2128 6353 3653 6353 3654 6353 2628 6354 2128 6354 2127 6354 2628 6355 2127 6355 2126 6355 2628 6356 2126 6356 2125 6356 2628 6357 2125 6357 2117 6357 2117 6358 3655 6358 3656 6358 2117 6359 3656 6359 3657 6359 2117 6360 3657 6360 3658 6360 2117 6361 3658 6361 2628 6361 3655 6362 2117 6362 2116 6362 3655 6363 2116 6363 2115 6363 3655 6364 2115 6364 2114 6364 3655 6365 2114 6365 2106 6365 2106 6366 3659 6366 3660 6366 2106 6367 3660 6367 3661 6367 2106 6368 3661 6368 3662 6368 2106 6369 3662 6369 3655 6369 3659 6370 2106 6370 2105 6370 3659 6371 2105 6371 2104 6371 3659 6372 2104 6372 2103 6372 3659 6373 2103 6373 2095 6373 2095 6374 3663 6374 3664 6374 2095 6375 3664 6375 3665 6375 2095 6376 3665 6376 3666 6376 2095 6377 3666 6377 3659 6377 3663 6378 2095 6378 3602 6378 3663 6379 3602 6379 3601 6379 3663 6380 3601 6380 3600 6380 3663 6381 3600 6381 3599 6381 3663 6382 3599 6382 3595 6382 3654 6383 2139 6383 2138 6383 3654 6384 2138 6384 2137 6384 3654 6385 2137 6385 2136 6385 3654 6386 2136 6386 2128 6386 2139 6387 3654 6387 3667 6387 2139 6388 3667 6388 3668 6388 2139 6389 3668 6389 3669 6389 2139 6390 3669 6390 3670 6390 3670 6391 2150 6391 2149 6391 3670 6392 2149 6392 2148 6392 3670 6393 2148 6393 2147 6393 3670 6394 2147 6394 2139 6394 2150 6395 3670 6395 3671 6395 2150 6396 3671 6396 3672 6396 2150 6397 3672 6397 3673 6397 2150 6398 3673 6398 3674 6398 3674 6399 2161 6399 2160 6399 3674 6400 2160 6400 2159 6400 3674 6401 2159 6401 2158 6401 3674 6402 2158 6402 2150 6402 2161 6403 3674 6403 3301 6403 2161 6404 3301 6404 3300 6404 2161 6405 3300 6405 3299 6405 2161 6406 3299 6406 3298 6406 2161 6407 3298 6407 3294 6407 3674 6408 3308 6408 3307 6408 3674 6409 3307 6409 3306 6409 3674 6410 3306 6410 3305 6410 3674 6411 3305 6411 3301 6411 3308 6412 3674 6412 3675 6412 3308 6413 3675 6413 3676 6413 3308 6414 3676 6414 3677 6414 3308 6415 3677 6415 3678 6415 3678 6416 3315 6416 3314 6416 3678 6417 3314 6417 3313 6417 3678 6418 3313 6418 3312 6418 3678 6419 3312 6419 3308 6419 3678 6420 3322 6420 3321 6420 3678 6421 3321 6421 3320 6421 3678 6422 3320 6422 3319 6422 3678 6423 3319 6423 3315 6423 3678 6424 3329 6424 3328 6424 3678 6425 3328 6425 3327 6425 3678 6426 3327 6426 3326 6426 3678 6427 3326 6427 3322 6427 3329 6428 3678 6428 3679 6428 3329 6429 3679 6429 3680 6429 3329 6430 3680 6430 3681 6430 3329 6431 3681 6431 3682 6431 3682 6432 3336 6432 3335 6432 3682 6433 3335 6433 3334 6433 3682 6434 3334 6434 3333 6434 3682 6435 3333 6435 3329 6435 3682 6436 3343 6436 3342 6436 3682 6437 3342 6437 3341 6437 3682 6438 3341 6438 3340 6438 3682 6439 3340 6439 3336 6439 3682 6440 3350 6440 3349 6440 3682 6441 3349 6441 3348 6441 3682 6442 3348 6442 3347 6442 3682 6443 3347 6443 3343 6443 3350 6444 3682 6444 3683 6444 3350 6445 3683 6445 2700 6445 3350 6446 2700 6446 3684 6446 3350 6447 3684 6447 3685 6447 3685 6448 3357 6448 3356 6448 3685 6449 3356 6449 3355 6449 3685 6450 3355 6450 3354 6450 3685 6451 3354 6451 3350 6451 3685 6452 3364 6452 3363 6452 3685 6453 3363 6453 3362 6453 3685 6454 3362 6454 3361 6454 3685 6455 3361 6455 3357 6455 3364 6456 3685 6456 3686 6456 3364 6457 3686 6457 3687 6457 3364 6458 3687 6458 3688 6458 3364 6459 3688 6459 3689 6459 3689 6460 3371 6460 3370 6460 3689 6461 3370 6461 3369 6461 3689 6462 3369 6462 3368 6462 3689 6463 3368 6463 3364 6463 3689 6464 3378 6464 3377 6464 3689 6465 3377 6465 3376 6465 3689 6466 3376 6466 3375 6466 3689 6467 3375 6467 3371 6467 3689 6468 3385 6468 3384 6468 3689 6469 3384 6469 3383 6469 3689 6470 3383 6470 3382 6470 3689 6471 3382 6471 3378 6471 3385 6472 3689 6472 3690 6472 3385 6473 3690 6473 3691 6473 3385 6474 3691 6474 3692 6474 3385 6475 3692 6475 3693 6475 3693 6476 3392 6476 3391 6476 3693 6477 3391 6477 3390 6477 3693 6478 3390 6478 3389 6478 3693 6479 3389 6479 3385 6479 3392 6480 3693 6480 1974 6480 1974 6481 3399 6481 3398 6481 1974 6482 3398 6482 3397 6482 1974 6483 3397 6483 3396 6483 1974 6484 3396 6484 3392 6484 3399 6485 1974 6485 1973 6485 3399 6486 1973 6486 1972 6486 3399 6487 1972 6487 1971 6487 3399 6488 1971 6488 1963 6488 1963 6489 3406 6489 3405 6489 1963 6490 3405 6490 3404 6490 1963 6491 3404 6491 3403 6491 1963 6492 3403 6492 3399 6492 1963 6493 3413 6493 3412 6493 1963 6494 3412 6494 3411 6494 1963 6495 3411 6495 3410 6495 1963 6496 3410 6496 3406 6496 3413 6497 1963 6497 1962 6497 3413 6498 1962 6498 1961 6498 3413 6499 1961 6499 1960 6499 3413 6500 1960 6500 1952 6500 1952 6501 3420 6501 3419 6501 1952 6502 3419 6502 3418 6502 1952 6503 3418 6503 3417 6503 1952 6504 3417 6504 3413 6504 3420 6505 1952 6505 1951 6505 3420 6506 1951 6506 1950 6506 3420 6507 1950 6507 1949 6507 3420 6508 1949 6508 1941 6508 1941 6509 3427 6509 3426 6509 1941 6510 3426 6510 3425 6510 1941 6511 3425 6511 3424 6511 1941 6512 3424 6512 3420 6512 3427 6513 1941 6513 1940 6513 3427 6514 1940 6514 1939 6514 3427 6515 1939 6515 1938 6515 3427 6516 1938 6516 1930 6516 1930 6517 3434 6517 3433 6517 1930 6518 3433 6518 3432 6518 1930 6519 3432 6519 3431 6519 1930 6520 3431 6520 3427 6520 3434 6521 1930 6521 1929 6521 3434 6522 1929 6522 1928 6522 3434 6523 1928 6523 1927 6523 3434 6524 1927 6524 1919 6524 1919 6525 3441 6525 3440 6525 1919 6526 3440 6526 3439 6526 1919 6527 3439 6527 3438 6527 1919 6528 3438 6528 3434 6528 3441 6529 1919 6529 1918 6529 3441 6530 1918 6530 1917 6530 3441 6531 1917 6531 1916 6531 3441 6532 1916 6532 1908 6532 1908 6533 3448 6533 3447 6533 1908 6534 3447 6534 3446 6534 1908 6535 3446 6535 3445 6535 1908 6536 3445 6536 3441 6536 3448 6537 1908 6537 1907 6537 3448 6538 1907 6538 1906 6538 3448 6539 1906 6539 1905 6539 3448 6540 1905 6540 1897 6540 3448 6541 1897 6541 1896 6541 3448 6542 1896 6542 1895 6542 3448 6543 1895 6543 1894 6543 3448 6544 1894 6544 1886 6544 1974 6545 3693 6545 3694 6545 1974 6546 3694 6546 3695 6546 1974 6547 3695 6547 3696 6547 1974 6548 3696 6548 3697 6548 3697 6549 1985 6549 1984 6549 3697 6550 1984 6550 1983 6550 3697 6551 1983 6551 1982 6551 3697 6552 1982 6552 1974 6552 1985 6553 3697 6553 3698 6553 1985 6554 3698 6554 3699 6554 1985 6555 3699 6555 3700 6555 1985 6556 3700 6556 3701 6556 3701 6557 1761 6557 1994 6557 3701 6558 1994 6558 1993 6558 3701 6559 1993 6559 1992 6559 3701 6560 1992 6560 1985 6560 1761 6561 3701 6561 3702 6561 1761 6562 3702 6562 3703 6562 1761 6563 3703 6563 3704 6563 1761 6564 3704 6564 2756 6564 2756 6565 1765 6565 1764 6565 2756 6566 1764 6566 1763 6566 2756 6567 1763 6567 1762 6567 2756 6568 1762 6568 1761 6568 1765 6569 2756 6569 3705 6569 1765 6570 3705 6570 3706 6570 1765 6571 3706 6571 3707 6571 1765 6572 3707 6572 3708 6572 3708 6573 1776 6573 1775 6573 3708 6574 1775 6574 1774 6574 3708 6575 1774 6575 1773 6575 3708 6576 1773 6576 1765 6576 1776 6577 3708 6577 3709 6577 1776 6578 3709 6578 3710 6578 1776 6579 3710 6579 3711 6579 1776 6580 3711 6580 3712 6580 3712 6581 1787 6581 1786 6581 3712 6582 1786 6582 1785 6582 3712 6583 1785 6583 1784 6583 3712 6584 1784 6584 1776 6584 1787 6585 3712 6585 3713 6585 1787 6586 3713 6586 3714 6586 1787 6587 3714 6587 3715 6587 1787 6588 3715 6588 3716 6588 3716 6589 1798 6589 1797 6589 3716 6590 1797 6590 1796 6590 3716 6591 1796 6591 1795 6591 3716 6592 1795 6592 1787 6592 1798 6593 3716 6593 3511 6593 1798 6594 3511 6594 3510 6594 1798 6595 3510 6595 3509 6595 1798 6596 3509 6596 3508 6596 1798 6597 3508 6597 3504 6597 3716 6598 3518 6598 3517 6598 3716 6599 3517 6599 3516 6599 3716 6600 3516 6600 3515 6600 3716 6601 3515 6601 3511 6601 3518 6602 3716 6602 3717 6602 3518 6603 3717 6603 3718 6603 3518 6604 3718 6604 3719 6604 3518 6605 3719 6605 3720 6605 3720 6606 3525 6606 3524 6606 3720 6607 3524 6607 3523 6607 3720 6608 3523 6608 3522 6608 3720 6609 3522 6609 3518 6609 3720 6610 3532 6610 3531 6610 3720 6611 3531 6611 3530 6611 3720 6612 3530 6612 3529 6612 3720 6613 3529 6613 3525 6613 3720 6614 3539 6614 3538 6614 3720 6615 3538 6615 3537 6615 3720 6616 3537 6616 3536 6616 3720 6617 3536 6617 3532 6617 3539 6618 3720 6618 3721 6618 3539 6619 3721 6619 3722 6619 3539 6620 3722 6620 3723 6620 3539 6621 3723 6621 3724 6621 3724 6622 3546 6622 3545 6622 3724 6623 3545 6623 3544 6623 3724 6624 3544 6624 3543 6624 3724 6625 3543 6625 3539 6625 3724 6626 3553 6626 3552 6626 3724 6627 3552 6627 3551 6627 3724 6628 3551 6628 3550 6628 3724 6629 3550 6629 3546 6629 3553 6630 3724 6630 3725 6630 3553 6631 3725 6631 2830 6631 3553 6632 2830 6632 3726 6632 3553 6633 3726 6633 3727 6633 3727 6634 3560 6634 3559 6634 3727 6635 3559 6635 3558 6635 3727 6636 3558 6636 3557 6636 3727 6637 3557 6637 3553 6637 3727 6638 3567 6638 3566 6638 3727 6639 3566 6639 3565 6639 3727 6640 3565 6640 3564 6640 3727 6641 3564 6641 3560 6641 3727 6642 3574 6642 3573 6642 3727 6643 3573 6643 3572 6643 3727 6644 3572 6644 3571 6644 3727 6645 3571 6645 3567 6645 3574 6646 3727 6646 3728 6646 3574 6647 3728 6647 3729 6647 3574 6648 3729 6648 3730 6648 3574 6649 3730 6649 3731 6649 3731 6650 3581 6650 3580 6650 3731 6651 3580 6651 3579 6651 3731 6652 3579 6652 3578 6652 3731 6653 3578 6653 3574 6653 3731 6654 3588 6654 3587 6654 3731 6655 3587 6655 3586 6655 3731 6656 3586 6656 3585 6656 3731 6657 3585 6657 3581 6657 3731 6658 3595 6658 3594 6658 3731 6659 3594 6659 3593 6659 3731 6660 3593 6660 3592 6660 3731 6661 3592 6661 3588 6661 3595 6662 3731 6662 3732 6662 3595 6663 3732 6663 3733 6663 3595 6664 3733 6664 3734 6664 3595 6665 3734 6665 3663 6665 1886 6666 3455 6666 3454 6666 1886 6667 3454 6667 3453 6667 1886 6668 3453 6668 3452 6668 1886 6669 3452 6669 3448 6669 3455 6670 1886 6670 1885 6670 3455 6671 1885 6671 1884 6671 3455 6672 1884 6672 1883 6672 3455 6673 1883 6673 1875 6673 3455 6674 1875 6674 1874 6674 3455 6675 1874 6675 1873 6675 3455 6676 1873 6676 1872 6676 3455 6677 1872 6677 1864 6677 1864 6678 3462 6678 3461 6678 1864 6679 3461 6679 3460 6679 1864 6680 3460 6680 3459 6680 1864 6681 3459 6681 3455 6681 3462 6682 1864 6682 1863 6682 3462 6683 1863 6683 1862 6683 3462 6684 1862 6684 1861 6684 3462 6685 1861 6685 1853 6685 1853 6686 3469 6686 3468 6686 1853 6687 3468 6687 3467 6687 1853 6688 3467 6688 3466 6688 1853 6689 3466 6689 3462 6689 3469 6690 1853 6690 1852 6690 3469 6691 1852 6691 1851 6691 3469 6692 1851 6692 1850 6692 3469 6693 1850 6693 1842 6693 1842 6694 3476 6694 3475 6694 1842 6695 3475 6695 3474 6695 1842 6696 3474 6696 3473 6696 1842 6697 3473 6697 3469 6697 3476 6698 1842 6698 1841 6698 3476 6699 1841 6699 1840 6699 3476 6700 1840 6700 1839 6700 3476 6701 1839 6701 1831 6701 1831 6702 3483 6702 3482 6702 1831 6703 3482 6703 3481 6703 1831 6704 3481 6704 3480 6704 1831 6705 3480 6705 3476 6705 3483 6706 1831 6706 1830 6706 3483 6707 1830 6707 1829 6707 3483 6708 1829 6708 1828 6708 3483 6709 1828 6709 1820 6709 1820 6710 3490 6710 3489 6710 1820 6711 3489 6711 3488 6711 1820 6712 3488 6712 3487 6712 1820 6713 3487 6713 3483 6713 3490 6714 1820 6714 1819 6714 3490 6715 1819 6715 1818 6715 3490 6716 1818 6716 1817 6716 3490 6717 1817 6717 1809 6717 1809 6718 3497 6718 3496 6718 1809 6719 3496 6719 3495 6719 1809 6720 3495 6720 3494 6720 1809 6721 3494 6721 3490 6721 1809 6722 3504 6722 3503 6722 1809 6723 3503 6723 3502 6723 1809 6724 3502 6724 3501 6724 1809 6725 3501 6725 3497 6725 3504 6726 1809 6726 1808 6726 3504 6727 1808 6727 1807 6727 3504 6728 1807 6728 1806 6728 3504 6729 1806 6729 1798 6729 3245 6730 2018 6730 2017 6730 3245 6731 2017 6731 2016 6731 3245 6732 2016 6732 2015 6732 3245 6733 2015 6733 2007 6733 3245 6734 2007 6734 2006 6734 3245 6735 2006 6735 2005 6735 3245 6736 2005 6736 2004 6736 3245 6737 2004 6737 2003 6737 2003 6738 3252 6738 3251 6738 2003 6739 3251 6739 3250 6739 2003 6740 3250 6740 3249 6740 2003 6741 3249 6741 3245 6741 3252 6742 2003 6742 2236 6742 3252 6743 2236 6743 2235 6743 3252 6744 2235 6744 2234 6744 3252 6745 2234 6745 2227 6745 2227 6746 3259 6746 3258 6746 2227 6747 3258 6747 3257 6747 2227 6748 3257 6748 3256 6748 2227 6749 3256 6749 3252 6749 3259 6750 2227 6750 2226 6750 3259 6751 2226 6751 2225 6751 3259 6752 2225 6752 2224 6752 3259 6753 2224 6753 2216 6753 3259 6754 2216 6754 2215 6754 3259 6755 2215 6755 2214 6755 3259 6756 2214 6756 2213 6756 3259 6757 2213 6757 2205 6757 2205 6758 3266 6758 3265 6758 2205 6759 3265 6759 3264 6759 2205 6760 3264 6760 3263 6760 2205 6761 3263 6761 3259 6761 3266 6762 2205 6762 2204 6762 3266 6763 2204 6763 2203 6763 3266 6764 2203 6764 2202 6764 3266 6765 2202 6765 2194 6765 2194 6766 3273 6766 3272 6766 2194 6767 3272 6767 3271 6767 2194 6768 3271 6768 3270 6768 2194 6769 3270 6769 3266 6769 3273 6770 2194 6770 2193 6770 3273 6771 2193 6771 2192 6771 3273 6772 2192 6772 2191 6772 3273 6773 2191 6773 2183 6773 2183 6774 3280 6774 3279 6774 2183 6775 3279 6775 3278 6775 2183 6776 3278 6776 3277 6776 2183 6777 3277 6777 3273 6777 3280 6778 2183 6778 2182 6778 3280 6779 2182 6779 2181 6779 3280 6780 2181 6780 2180 6780 3280 6781 2180 6781 2172 6781 2172 6782 3287 6782 3286 6782 2172 6783 3286 6783 3285 6783 2172 6784 3285 6784 3284 6784 2172 6785 3284 6785 3280 6785 2172 6786 3294 6786 3293 6786 2172 6787 3293 6787 3292 6787 2172 6788 3292 6788 3291 6788 2172 6789 3291 6789 3287 6789 3294 6790 2172 6790 2171 6790 3294 6791 2171 6791 2170 6791 3294 6792 2170 6792 2169 6792 3294 6793 2169 6793 2161 6793 2095 6794 3609 6794 3608 6794 2095 6795 3608 6795 3607 6795 2095 6796 3607 6796 3606 6796 2095 6797 3606 6797 3602 6797 3609 6798 2095 6798 2094 6798 3609 6799 2094 6799 2093 6799 3609 6800 2093 6800 2092 6800 3609 6801 2092 6801 2084 6801 2084 6802 3616 6802 3615 6802 2084 6803 3615 6803 3614 6803 2084 6804 3614 6804 3613 6804 2084 6805 3613 6805 3609 6805 2084 6806 3623 6806 3622 6806 2084 6807 3622 6807 3621 6807 2084 6808 3621 6808 3620 6808 2084 6809 3620 6809 3616 6809 3623 6810 2084 6810 2083 6810 3623 6811 2083 6811 2082 6811 3623 6812 2082 6812 2081 6812 3623 6813 2081 6813 2073 6813 2073 6814 3630 6814 3629 6814 2073 6815 3629 6815 3628 6815 2073 6816 3628 6816 3627 6816 2073 6817 3627 6817 3623 6817 3630 6818 2073 6818 2072 6818 3630 6819 2072 6819 2071 6819 3630 6820 2071 6820 2070 6820 3630 6821 2070 6821 2062 6821 2062 6822 3637 6822 3636 6822 2062 6823 3636 6823 3635 6823 2062 6824 3635 6824 3634 6824 2062 6825 3634 6825 3630 6825 3637 6826 2062 6826 2061 6826 3637 6827 2061 6827 2060 6827 3637 6828 2060 6828 2059 6828 3637 6829 2059 6829 2051 6829 2051 6830 3644 6830 3643 6830 2051 6831 3643 6831 3642 6831 2051 6832 3642 6832 3641 6832 2051 6833 3641 6833 3637 6833 3644 6834 2051 6834 2050 6834 3644 6835 2050 6835 2049 6835 3644 6836 2049 6836 2048 6836 3644 6837 2048 6837 2040 6837 3644 6838 2040 6838 2039 6838 3644 6839 2039 6839 2038 6839 3644 6840 2038 6840 2037 6840 3644 6841 2037 6841 2029 6841 2029 6842 3241 6842 3650 6842 2029 6843 3650 6843 3649 6843 2029 6844 3649 6844 3648 6844 2029 6845 3648 6845 3644 6845 3241 6846 2029 6846 2028 6846 3241 6847 2028 6847 2027 6847 3241 6848 2027 6848 2026 6848 3241 6849 2026 6849 2018 6849 2018 6850 3245 6850 3244 6850 2018 6851 3244 6851 3243 6851 2018 6852 3243 6852 3242 6852 2018 6853 3242 6853 3241 6853 2886 6854 2885 6854 3735 6854 2885 6855 2884 6855 3735 6855 3735 6856 2884 6856 3736 6856 2884 6857 2883 6857 3736 6857 3736 6858 2883 6858 3737 6858 2883 6859 2877 6859 3737 6859 3737 6860 2877 6860 2460 6860 2460 6861 2471 6861 3737 6861 2471 6862 2470 6862 3737 6862 3737 6863 2470 6863 3736 6863 2470 6864 2469 6864 3736 6864 3736 6865 2469 6865 3735 6865 2469 6866 2468 6866 3735 6866 3735 6867 2468 6867 2886 6867 2890 6868 2889 6868 3738 6868 2889 6869 2888 6869 3738 6869 3738 6870 2888 6870 3739 6870 2888 6871 2887 6871 3739 6871 3739 6872 2887 6872 3740 6872 2887 6873 2886 6873 3740 6873 3740 6874 2886 6874 2468 6874 2468 6875 2483 6875 3740 6875 2483 6876 2482 6876 3740 6876 3740 6877 2482 6877 3739 6877 2482 6878 2481 6878 3739 6878 3739 6879 2481 6879 3738 6879 2481 6880 2480 6880 3738 6880 3738 6881 2480 6881 2890 6881 3131 6882 3141 6882 3741 6882 3141 6883 3140 6883 3741 6883 3741 6884 3140 6884 3742 6884 3140 6885 3139 6885 3742 6885 3742 6886 3139 6886 3743 6886 3139 6887 2890 6887 3743 6887 3743 6888 2890 6888 2480 6888 2480 6889 2495 6889 3743 6889 2495 6890 2494 6890 3743 6890 3743 6891 2494 6891 3742 6891 2494 6892 2493 6892 3742 6892 3742 6893 2493 6893 3741 6893 2493 6894 2492 6894 3741 6894 3741 6895 2492 6895 3131 6895 3123 6896 3134 6896 3744 6896 3134 6897 3133 6897 3744 6897 3744 6898 3133 6898 3745 6898 3133 6899 3132 6899 3745 6899 3745 6900 3132 6900 3746 6900 3132 6901 3131 6901 3746 6901 3746 6902 3131 6902 2492 6902 2492 6903 2503 6903 3746 6903 2503 6904 2502 6904 3746 6904 3746 6905 2502 6905 3745 6905 2502 6906 2501 6906 3745 6906 3745 6907 2501 6907 3744 6907 2501 6908 2500 6908 3744 6908 3744 6909 2500 6909 3123 6909 3115 6910 3126 6910 3747 6910 3126 6911 3125 6911 3747 6911 3747 6912 3125 6912 3748 6912 3125 6913 3124 6913 3748 6913 3748 6914 3124 6914 3749 6914 3124 6915 3123 6915 3749 6915 3749 6916 3123 6916 2500 6916 2500 6917 2515 6917 3749 6917 2515 6918 2514 6918 3749 6918 3749 6919 2514 6919 3748 6919 2514 6920 2513 6920 3748 6920 3748 6921 2513 6921 3747 6921 2513 6922 2512 6922 3747 6922 3747 6923 2512 6923 3115 6923 3107 6924 3118 6924 3750 6924 3118 6925 3117 6925 3750 6925 3750 6926 3117 6926 3751 6926 3117 6927 3116 6927 3751 6927 3751 6928 3116 6928 3752 6928 3116 6929 3115 6929 3752 6929 3752 6930 3115 6930 2512 6930 2512 6931 2527 6931 3752 6931 2527 6932 2526 6932 3752 6932 3752 6933 2526 6933 3751 6933 2526 6934 2525 6934 3751 6934 3751 6935 2525 6935 3750 6935 2525 6936 2524 6936 3750 6936 3750 6937 2524 6937 3107 6937 3099 6938 3110 6938 3753 6938 3110 6939 3109 6939 3753 6939 3753 6940 3109 6940 3754 6940 3109 6941 3108 6941 3754 6941 3754 6942 3108 6942 3755 6942 3108 6943 3107 6943 3755 6943 3755 6944 3107 6944 2524 6944 2524 6945 2558 6945 3755 6945 2558 6946 2557 6946 3755 6946 3755 6947 2557 6947 3754 6947 2557 6948 2556 6948 3754 6948 3754 6949 2556 6949 3753 6949 2556 6950 2555 6950 3753 6950 3753 6951 2555 6951 3099 6951 3095 6952 3102 6952 3756 6952 3102 6953 3101 6953 3756 6953 3756 6954 3101 6954 3757 6954 3101 6955 3100 6955 3757 6955 3757 6956 3100 6956 3758 6956 3100 6957 3099 6957 3758 6957 3758 6958 3099 6958 2555 6958 2555 6959 2562 6959 3758 6959 2562 6960 2561 6960 3758 6960 3758 6961 2561 6961 3757 6961 2561 6962 2560 6962 3757 6962 3757 6963 2560 6963 3756 6963 2560 6964 2559 6964 3756 6964 3756 6965 2559 6965 3095 6965 3087 6966 3098 6966 3759 6966 3098 6967 3097 6967 3759 6967 3759 6968 3097 6968 3760 6968 3097 6969 3096 6969 3760 6969 3760 6970 3096 6970 3761 6970 3096 6971 3095 6971 3761 6971 3761 6972 3095 6972 2559 6972 2559 6973 2566 6973 3761 6973 2566 6974 2565 6974 3761 6974 3761 6975 2565 6975 3760 6975 2565 6976 2564 6976 3760 6976 3760 6977 2564 6977 3759 6977 2564 6978 2563 6978 3759 6978 3759 6979 2563 6979 3087 6979 3079 6980 3090 6980 3762 6980 3090 6981 3089 6981 3762 6981 3762 6982 3089 6982 3763 6982 3089 6983 3088 6983 3763 6983 3763 6984 3088 6984 3764 6984 3088 6985 3087 6985 3764 6985 3764 6986 3087 6986 2563 6986 2563 6987 2570 6987 3764 6987 2570 6988 2569 6988 3764 6988 3764 6989 2569 6989 3763 6989 2569 6990 2568 6990 3763 6990 3763 6991 2568 6991 3762 6991 2568 6992 2567 6992 3762 6992 3762 6993 2567 6993 3079 6993 3071 6994 3082 6994 3765 6994 3082 6995 3081 6995 3765 6995 3765 6996 3081 6996 3766 6996 3081 6997 3080 6997 3766 6997 3766 6998 3080 6998 3767 6998 3080 6999 3079 6999 3767 6999 3767 7000 3079 7000 2567 7000 2567 7001 2574 7001 3767 7001 2574 7002 2573 7002 3767 7002 3767 7003 2573 7003 3766 7003 2573 7004 2572 7004 3766 7004 3766 7005 2572 7005 3765 7005 2572 7006 2571 7006 3765 7006 3765 7007 2571 7007 3071 7007 3063 7008 3074 7008 3768 7008 3074 7009 3073 7009 3768 7009 3768 7010 3073 7010 3769 7010 3073 7011 3072 7011 3769 7011 3769 7012 3072 7012 3770 7012 3072 7013 3071 7013 3770 7013 3770 7014 3071 7014 2571 7014 2571 7015 2578 7015 3770 7015 2578 7016 2577 7016 3770 7016 3770 7017 2577 7017 3769 7017 2577 7018 2576 7018 3769 7018 3769 7019 2576 7019 3768 7019 2576 7020 2575 7020 3768 7020 3768 7021 2575 7021 3063 7021 3055 7022 3066 7022 3771 7022 3066 7023 3065 7023 3771 7023 3771 7024 3065 7024 3772 7024 3065 7025 3064 7025 3772 7025 3772 7026 3064 7026 3773 7026 3064 7027 3063 7027 3773 7027 3773 7028 3063 7028 2575 7028 2575 7029 2582 7029 3773 7029 2582 7030 2581 7030 3773 7030 3773 7031 2581 7031 3772 7031 2581 7032 2580 7032 3772 7032 3772 7033 2580 7033 3771 7033 2580 7034 2579 7034 3771 7034 3771 7035 2579 7035 3055 7035 3047 7036 3058 7036 3774 7036 3058 7037 3057 7037 3774 7037 3774 7038 3057 7038 3775 7038 3057 7039 3056 7039 3775 7039 3775 7040 3056 7040 3776 7040 3056 7041 3055 7041 3776 7041 3776 7042 3055 7042 2579 7042 2579 7043 2585 7043 3776 7043 2585 7044 2584 7044 3776 7044 3776 7045 2584 7045 3775 7045 2584 7046 2583 7046 3775 7046 3775 7047 2583 7047 3774 7047 2583 7048 2262 7048 3774 7048 3774 7049 2262 7049 3047 7049 3043 7050 3050 7050 3777 7050 3050 7051 3049 7051 3777 7051 3777 7052 3049 7052 3778 7052 3049 7053 3048 7053 3778 7053 3778 7054 3048 7054 3779 7054 3048 7055 3047 7055 3779 7055 3779 7056 3047 7056 2262 7056 2262 7057 2270 7057 3779 7057 2270 7058 2269 7058 3779 7058 3779 7059 2269 7059 3778 7059 2269 7060 2268 7060 3778 7060 3778 7061 2268 7061 3777 7061 2268 7062 2267 7062 3777 7062 3777 7063 2267 7063 3043 7063 3035 7064 3046 7064 3780 7064 3046 7065 3045 7065 3780 7065 3780 7066 3045 7066 3781 7066 3045 7067 3044 7067 3781 7067 3781 7068 3044 7068 3782 7068 3044 7069 3043 7069 3782 7069 3782 7070 3043 7070 2267 7070 2267 7071 2282 7071 3782 7071 2282 7072 2281 7072 3782 7072 3782 7073 2281 7073 3781 7073 2281 7074 2280 7074 3781 7074 3781 7075 2280 7075 3780 7075 2280 7076 2279 7076 3780 7076 3780 7077 2279 7077 3035 7077 3027 7078 3038 7078 3783 7078 3038 7079 3037 7079 3783 7079 3783 7080 3037 7080 3784 7080 3037 7081 3036 7081 3784 7081 3784 7082 3036 7082 3785 7082 3036 7083 3035 7083 3785 7083 3785 7084 3035 7084 2279 7084 2279 7085 2294 7085 3785 7085 2294 7086 2293 7086 3785 7086 3785 7087 2293 7087 3784 7087 2293 7088 2292 7088 3784 7088 3784 7089 2292 7089 3783 7089 2292 7090 2291 7090 3783 7090 3783 7091 2291 7091 3027 7091 3019 7092 3030 7092 3786 7092 3030 7093 3029 7093 3786 7093 3786 7094 3029 7094 3787 7094 3029 7095 3028 7095 3787 7095 3787 7096 3028 7096 3788 7096 3028 7097 3027 7097 3788 7097 3788 7098 3027 7098 2291 7098 2291 7099 2302 7099 3788 7099 2302 7100 2301 7100 3788 7100 3788 7101 2301 7101 3787 7101 2301 7102 2300 7102 3787 7102 3787 7103 2300 7103 3786 7103 2300 7104 2299 7104 3786 7104 3786 7105 2299 7105 3019 7105 3011 7106 3022 7106 3789 7106 3022 7107 3021 7107 3789 7107 3789 7108 3021 7108 3790 7108 3021 7109 3020 7109 3790 7109 3790 7110 3020 7110 3791 7110 3020 7111 3019 7111 3791 7111 3791 7112 3019 7112 2299 7112 2299 7113 2314 7113 3791 7113 2314 7114 2313 7114 3791 7114 3791 7115 2313 7115 3790 7115 2313 7116 2312 7116 3790 7116 3790 7117 2312 7117 3789 7117 2312 7118 2311 7118 3789 7118 3789 7119 2311 7119 3011 7119 3003 7120 3014 7120 3792 7120 3014 7121 3013 7121 3792 7121 3792 7122 3013 7122 3793 7122 3013 7123 3012 7123 3793 7123 3793 7124 3012 7124 3794 7124 3012 7125 3011 7125 3794 7125 3794 7126 3011 7126 2311 7126 2311 7127 2326 7127 3794 7127 2326 7128 2325 7128 3794 7128 3794 7129 2325 7129 3793 7129 2325 7130 2324 7130 3793 7130 3793 7131 2324 7131 3792 7131 2324 7132 2323 7132 3792 7132 3792 7133 2323 7133 3003 7133 2995 7134 3006 7134 3795 7134 3006 7135 3005 7135 3795 7135 3795 7136 3005 7136 3796 7136 3005 7137 3004 7137 3796 7137 3796 7138 3004 7138 3797 7138 3004 7139 3003 7139 3797 7139 3797 7140 3003 7140 2323 7140 2323 7141 2334 7141 3797 7141 2334 7142 2333 7142 3797 7142 3797 7143 2333 7143 3796 7143 2333 7144 2332 7144 3796 7144 3796 7145 2332 7145 3795 7145 2332 7146 2331 7146 3795 7146 3795 7147 2331 7147 2995 7147 2987 7148 2998 7148 3798 7148 2998 7149 2997 7149 3798 7149 3798 7150 2997 7150 3799 7150 2997 7151 2996 7151 3799 7151 3799 7152 2996 7152 3800 7152 2996 7153 2995 7153 3800 7153 3800 7154 2995 7154 2331 7154 2331 7155 2346 7155 3800 7155 2346 7156 2345 7156 3800 7156 3800 7157 2345 7157 3799 7157 2345 7158 2344 7158 3799 7158 3799 7159 2344 7159 3798 7159 2344 7160 2343 7160 3798 7160 3798 7161 2343 7161 2987 7161 2983 7162 2990 7162 3801 7162 2990 7163 2989 7163 3801 7163 3801 7164 2989 7164 3802 7164 2989 7165 2988 7165 3802 7165 3802 7166 2988 7166 3803 7166 2988 7167 2987 7167 3803 7167 3803 7168 2987 7168 2343 7168 2343 7169 2354 7169 3803 7169 2354 7170 2353 7170 3803 7170 3803 7171 2353 7171 3802 7171 2353 7172 2352 7172 3802 7172 3802 7173 2352 7173 3801 7173 2352 7174 2351 7174 3801 7174 3801 7175 2351 7175 2983 7175 2975 7176 2986 7176 3804 7176 2986 7177 2985 7177 3804 7177 3804 7178 2985 7178 3805 7178 2985 7179 2984 7179 3805 7179 3805 7180 2984 7180 3806 7180 2984 7181 2983 7181 3806 7181 3806 7182 2983 7182 2351 7182 2351 7183 2366 7183 3806 7183 2366 7184 2365 7184 3806 7184 3806 7185 2365 7185 3805 7185 2365 7186 2364 7186 3805 7186 3805 7187 2364 7187 3804 7187 2364 7188 2363 7188 3804 7188 3804 7189 2363 7189 2975 7189 2967 7190 2978 7190 3807 7190 2978 7191 2977 7191 3807 7191 3807 7192 2977 7192 3808 7192 2977 7193 2976 7193 3808 7193 3808 7194 2976 7194 3809 7194 2976 7195 2975 7195 3809 7195 3809 7196 2975 7196 2363 7196 2363 7197 2605 7197 3809 7197 2605 7198 2604 7198 3809 7198 3809 7199 2604 7199 3808 7199 2604 7200 2603 7200 3808 7200 3808 7201 2603 7201 3807 7201 2603 7202 2602 7202 3807 7202 3807 7203 2602 7203 2967 7203 2959 7204 2970 7204 3810 7204 2970 7205 2969 7205 3810 7205 3810 7206 2969 7206 3811 7206 2969 7207 2968 7207 3811 7207 3811 7208 2968 7208 3812 7208 2968 7209 2967 7209 3812 7209 3812 7210 2967 7210 2602 7210 2602 7211 2609 7211 3812 7211 2609 7212 2608 7212 3812 7212 3812 7213 2608 7213 3811 7213 2608 7214 2607 7214 3811 7214 3811 7215 2607 7215 3810 7215 2607 7216 2606 7216 3810 7216 3810 7217 2606 7217 2959 7217 2951 7218 2962 7218 3813 7218 2962 7219 2961 7219 3813 7219 3813 7220 2961 7220 3814 7220 2961 7221 2960 7221 3814 7221 3814 7222 2960 7222 3815 7222 2960 7223 2959 7223 3815 7223 3815 7224 2959 7224 2606 7224 2606 7225 2613 7225 3815 7225 2613 7226 2612 7226 3815 7226 3815 7227 2612 7227 3814 7227 2612 7228 2611 7228 3814 7228 3814 7229 2611 7229 3813 7229 2611 7230 2610 7230 3813 7230 3813 7231 2610 7231 2951 7231 2943 7232 2954 7232 3816 7232 2954 7233 2953 7233 3816 7233 3816 7234 2953 7234 3817 7234 2953 7235 2952 7235 3817 7235 3817 7236 2952 7236 3818 7236 2952 7237 2951 7237 3818 7237 3818 7238 2951 7238 2610 7238 2610 7239 2616 7239 3818 7239 2616 7240 2615 7240 3818 7240 3818 7241 2615 7241 3817 7241 2615 7242 2614 7242 3817 7242 3817 7243 2614 7243 3816 7243 2614 7244 2586 7244 3816 7244 3816 7245 2586 7245 2943 7245 2935 7246 2946 7246 3819 7246 2946 7247 2945 7247 3819 7247 3819 7248 2945 7248 3820 7248 2945 7249 2944 7249 3820 7249 3820 7250 2944 7250 3821 7250 2944 7251 2943 7251 3821 7251 3821 7252 2943 7252 2586 7252 2586 7253 2590 7253 3821 7253 2590 7254 2589 7254 3821 7254 3821 7255 2589 7255 3820 7255 2589 7256 2588 7256 3820 7256 3820 7257 2588 7257 3819 7257 2588 7258 2587 7258 3819 7258 3819 7259 2587 7259 2935 7259 2931 7260 2938 7260 3822 7260 2938 7261 2937 7261 3822 7261 3822 7262 2937 7262 3823 7262 2937 7263 2936 7263 3823 7263 3823 7264 2936 7264 3824 7264 2936 7265 2935 7265 3824 7265 3824 7266 2935 7266 2587 7266 2587 7267 2594 7267 3824 7267 2594 7268 2593 7268 3824 7268 3824 7269 2593 7269 3823 7269 2593 7270 2592 7270 3823 7270 3823 7271 2592 7271 3822 7271 2592 7272 2591 7272 3822 7272 3822 7273 2591 7273 2931 7273 2923 7274 2934 7274 3825 7274 2934 7275 2933 7275 3825 7275 3825 7276 2933 7276 3826 7276 2933 7277 2932 7277 3826 7277 3826 7278 2932 7278 3827 7278 2932 7279 2931 7279 3827 7279 3827 7280 2931 7280 2591 7280 2591 7281 2598 7281 3827 7281 2598 7282 2597 7282 3827 7282 3827 7283 2597 7283 3826 7283 2597 7284 2596 7284 3826 7284 3826 7285 2596 7285 3825 7285 2596 7286 2595 7286 3825 7286 3825 7287 2595 7287 2923 7287 2915 7288 2926 7288 3828 7288 2926 7289 2925 7289 3828 7289 3828 7290 2925 7290 3829 7290 2925 7291 2924 7291 3829 7291 3829 7292 2924 7292 3830 7292 2924 7293 2923 7293 3830 7293 3830 7294 2923 7294 2595 7294 2595 7295 2601 7295 3830 7295 2601 7296 2600 7296 3830 7296 3830 7297 2600 7297 3829 7297 2600 7298 2599 7298 3829 7298 3829 7299 2599 7299 3828 7299 2599 7300 2423 7300 3828 7300 3828 7301 2423 7301 2915 7301 2907 7302 2918 7302 3831 7302 2918 7303 2917 7303 3831 7303 3831 7304 2917 7304 3832 7304 2917 7305 2916 7305 3832 7305 3832 7306 2916 7306 3833 7306 2916 7307 2915 7307 3833 7307 3833 7308 2915 7308 2423 7308 2423 7309 2431 7309 3833 7309 2431 7310 2430 7310 3833 7310 3833 7311 2430 7311 3832 7311 2430 7312 2429 7312 3832 7312 3832 7313 2429 7313 3831 7313 2429 7314 2428 7314 3831 7314 3831 7315 2428 7315 2907 7315 2899 7316 2910 7316 3834 7316 2910 7317 2909 7317 3834 7317 3834 7318 2909 7318 3835 7318 2909 7319 2908 7319 3835 7319 3835 7320 2908 7320 3836 7320 2908 7321 2907 7321 3836 7321 3836 7322 2907 7322 2428 7322 2428 7323 2443 7323 3836 7323 2443 7324 2442 7324 3836 7324 3836 7325 2442 7325 3835 7325 2442 7326 2441 7326 3835 7326 3835 7327 2441 7327 3834 7327 2441 7328 2440 7328 3834 7328 3834 7329 2440 7329 2899 7329 2891 7330 2902 7330 3837 7330 2902 7331 2901 7331 3837 7331 3837 7332 2901 7332 3838 7332 2901 7333 2900 7333 3838 7333 3838 7334 2900 7334 3839 7334 2900 7335 2899 7335 3839 7335 3839 7336 2899 7336 2440 7336 2440 7337 2451 7337 3839 7337 2451 7338 2450 7338 3839 7338 3839 7339 2450 7339 3838 7339 2450 7340 2449 7340 3838 7340 3838 7341 2449 7341 3837 7341 2449 7342 2448 7342 3837 7342 3837 7343 2448 7343 2891 7343 2877 7344 2894 7344 3840 7344 2894 7345 2893 7345 3840 7345 3840 7346 2893 7346 3841 7346 2893 7347 2892 7347 3841 7347 3841 7348 2892 7348 3842 7348 2892 7349 2891 7349 3842 7349 3842 7350 2891 7350 2448 7350 2448 7351 2463 7351 3842 7351 2463 7352 2462 7352 3842 7352 3842 7353 2462 7353 3841 7353 2462 7354 2461 7354 3841 7354 3841 7355 2461 7355 3840 7355 2461 7356 2460 7356 3840 7356 3840 7357 2460 7357 2877 7357 3843 7358 3844 7358 3845 7358 3845 7359 3844 7359 3846 7359 3845 7360 3846 7360 3847 7360 3845 7361 3847 7361 3848 7361 3848 7362 3847 7362 3849 7362 3848 7363 3849 7363 3850 7363 3850 7364 3849 7364 3851 7364 3850 7365 3851 7365 3852 7365 3852 7366 3851 7366 3853 7366 3852 7367 3853 7367 3854 7367 3854 7368 3853 7368 3855 7368 3854 7369 3855 7369 3856 7369 3856 7370 3855 7370 3857 7370 3856 7371 3857 7371 3858 7371 3859 7372 3844 7372 3860 7372 3860 7373 3844 7373 3843 7373 3861 7374 3862 7374 3863 7374 3863 7375 3862 7375 3864 7375 3863 7376 3864 7376 3865 7376 3865 7377 3864 7377 3866 7377 3865 7378 3866 7378 3860 7378 3860 7379 3866 7379 3859 7379 3867 7380 3862 7380 3868 7380 3868 7381 3862 7381 3861 7381 3869 7382 3870 7382 3871 7382 3871 7383 3870 7383 3872 7383 3871 7384 3872 7384 3873 7384 3871 7385 3873 7385 3874 7385 3874 7386 3873 7386 3875 7386 3874 7387 3875 7387 3876 7387 3876 7388 3875 7388 3877 7388 3876 7389 3877 7389 3878 7389 3878 7390 3877 7390 3879 7390 3878 7391 3879 7391 3880 7391 3880 7392 3879 7392 3881 7392 3880 7393 3881 7393 3882 7393 3882 7394 3881 7394 3867 7394 3882 7395 3867 7395 3868 7395 3883 7396 3870 7396 3884 7396 3884 7397 3870 7397 3869 7397 3885 7398 3886 7398 3887 7398 3887 7399 3886 7399 3888 7399 3887 7400 3888 7400 3889 7400 3889 7401 3888 7401 3890 7401 3889 7402 3890 7402 3884 7402 3884 7403 3890 7403 3883 7403 3857 7404 3886 7404 3858 7404 3858 7405 3886 7405 3885 7405 3891 7406 3844 7406 3892 7406 3892 7407 3844 7407 3867 7407 3892 7408 3867 7408 3893 7408 3893 7409 3867 7409 3881 7409 3893 7410 3881 7410 3894 7410 3894 7411 3881 7411 3879 7411 3894 7412 3879 7412 3895 7412 3895 7413 3879 7413 3896 7413 3896 7414 3879 7414 3877 7414 3896 7415 3877 7415 3897 7415 3897 7416 3877 7416 3875 7416 3897 7417 3875 7417 3898 7417 3898 7418 3875 7418 3899 7418 3899 7419 3875 7419 3873 7419 3899 7420 3873 7420 3900 7420 3900 7421 3873 7421 3872 7421 3900 7422 3872 7422 3901 7422 3901 7423 3872 7423 3902 7423 3901 7424 3902 7424 3903 7424 3903 7425 3902 7425 3904 7425 3903 7426 3904 7426 3894 7426 3894 7427 3904 7427 3893 7427 3905 7428 3906 7428 3891 7428 3891 7429 3906 7429 3846 7429 3891 7430 3846 7430 3844 7430 3906 7431 3905 7431 3907 7431 3907 7432 3905 7432 3908 7432 3907 7433 3908 7433 3909 7433 3909 7434 3908 7434 3855 7434 3909 7435 3855 7435 3910 7435 3910 7436 3855 7436 3853 7436 3910 7437 3853 7437 3911 7437 3911 7438 3853 7438 3851 7438 3911 7439 3851 7439 3912 7439 3912 7440 3851 7440 3913 7440 3913 7441 3851 7441 3849 7441 3913 7442 3849 7442 3914 7442 3914 7443 3849 7443 3847 7443 3914 7444 3847 7444 3915 7444 3915 7445 3847 7445 3906 7445 3906 7446 3847 7446 3846 7446 3908 7447 3916 7447 3855 7447 3855 7448 3916 7448 3857 7448 3857 7449 3916 7449 3917 7449 3857 7450 3917 7450 3870 7450 3870 7451 3917 7451 3872 7451 3872 7452 3917 7452 3902 7452 3886 7453 3857 7453 3888 7453 3888 7454 3857 7454 3890 7454 3890 7455 3857 7455 3870 7455 3890 7456 3870 7456 3883 7456 3859 7457 3866 7457 3844 7457 3844 7458 3866 7458 3867 7458 3866 7459 3864 7459 3867 7459 3867 7460 3864 7460 3862 7460 3918 7461 3868 7461 3919 7461 3919 7462 3868 7462 3843 7462 3919 7463 3843 7463 3920 7463 3920 7464 3843 7464 3845 7464 3920 7465 3845 7465 3921 7465 3921 7466 3845 7466 3848 7466 3921 7467 3848 7467 3922 7467 3922 7468 3848 7468 3923 7468 3923 7469 3848 7469 3850 7469 3923 7470 3850 7470 3924 7470 3924 7471 3850 7471 3852 7471 3924 7472 3852 7472 3925 7472 3925 7473 3852 7473 3926 7473 3926 7474 3852 7474 3854 7474 3926 7475 3854 7475 3927 7475 3927 7476 3854 7476 3856 7476 3927 7477 3856 7477 3928 7477 3928 7478 3856 7478 2787 7478 3928 7479 2787 7479 3929 7479 3930 7480 3931 7480 3918 7480 3918 7481 3931 7481 3932 7481 3918 7482 3932 7482 3882 7482 3882 7483 3932 7483 3880 7483 3880 7484 3932 7484 3933 7484 3880 7485 3933 7485 3934 7485 3931 7486 3930 7486 3935 7486 3935 7487 3930 7487 2640 7487 3935 7488 2640 7488 3871 7488 3871 7489 2640 7489 3936 7489 3871 7490 3936 7490 3869 7490 3869 7491 3936 7491 3858 7491 3869 7492 3858 7492 3889 7492 3889 7493 3858 7493 3887 7493 3887 7494 3858 7494 3885 7494 3936 7495 3937 7495 3858 7495 3858 7496 3937 7496 3856 7496 3856 7497 3937 7497 2787 7497 3928 7498 3929 7498 3938 7498 3938 7499 3929 7499 3920 7499 3938 7500 3920 7500 3921 7500 3880 7501 3934 7501 3878 7501 3878 7502 3934 7502 3939 7502 3878 7503 3939 7503 3876 7503 3876 7504 3939 7504 3940 7504 3876 7505 3940 7505 3941 7505 3876 7506 3941 7506 3874 7506 3874 7507 3941 7507 3942 7507 3874 7508 3942 7508 3871 7508 3871 7509 3942 7509 3935 7509 3889 7510 3884 7510 3869 7510 3882 7511 3868 7511 3918 7511 3861 7512 3863 7512 3868 7512 3868 7513 3863 7513 3865 7513 3868 7514 3865 7514 3843 7514 3843 7515 3865 7515 3860 7515 3906 7516 3921 7516 3915 7516 3915 7517 3921 7517 3922 7517 3915 7518 3922 7518 3914 7518 3914 7519 3922 7519 3923 7519 3914 7520 3923 7520 3913 7520 3913 7521 3923 7521 3924 7521 3913 7522 3924 7522 3912 7522 3912 7523 3924 7523 3925 7523 3912 7524 3925 7524 3911 7524 3911 7525 3925 7525 3926 7525 3911 7526 3926 7526 3910 7526 3910 7527 3926 7527 3927 7527 3910 7528 3927 7528 3909 7528 3909 7529 3927 7529 3928 7529 3909 7530 3928 7530 3907 7530 3907 7531 3928 7531 3938 7531 3907 7532 3938 7532 3906 7532 3906 7533 3938 7533 3921 7533 3896 7534 3934 7534 3895 7534 3895 7535 3934 7535 3933 7535 3895 7536 3933 7536 3894 7536 3894 7537 3933 7537 3932 7537 3894 7538 3932 7538 3903 7538 3903 7539 3932 7539 3931 7539 3903 7540 3931 7540 3901 7540 3901 7541 3931 7541 3935 7541 3901 7542 3935 7542 3900 7542 3900 7543 3935 7543 3942 7543 3900 7544 3942 7544 3899 7544 3899 7545 3942 7545 3941 7545 3899 7546 3941 7546 3898 7546 3898 7547 3941 7547 3940 7547 3898 7548 3940 7548 3897 7548 3897 7549 3940 7549 3939 7549 3897 7550 3939 7550 3896 7550 3896 7551 3939 7551 3934 7551 3893 7552 3918 7552 3892 7552 3892 7553 3918 7553 3919 7553 3892 7554 3919 7554 3891 7554 3891 7555 3919 7555 3920 7555 3891 7556 3920 7556 3905 7556 3905 7557 3920 7557 3929 7557 3905 7558 3929 7558 3908 7558 3908 7559 3929 7559 2787 7559 3908 7560 2787 7560 3916 7560 3916 7561 2787 7561 3937 7561 3916 7562 3937 7562 3917 7562 3917 7563 3937 7563 3936 7563 3917 7564 3936 7564 3902 7564 3902 7565 3936 7565 2640 7565 3902 7566 2640 7566 3904 7566 3904 7567 2640 7567 3930 7567 3904 7568 3930 7568 3893 7568 3893 7569 3930 7569 3918 7569</p>
        </triangles>
      </mesh>
    </geometry>
  </library_geometries>
  <library_visual_scenes>
    <visual_scene id="Scene" name="Scene">
      <node id="Part6_Centro" name="Part6 Centro" type="NODE">
        <matrix sid="transform">1 0 0 0 0 1 0 0 0 0 1 0 0 0 0 1</matrix>
        <instance_geometry url="#Part6_Centro_001-mesh" name="Part6 Centro" />
      </node>
    </visual_scene>
  </library_visual_scenes>
  <scene>
    <instance_visual_scene url="#Scene" />
  </scene>
</COLLADA>