<?xml version='1.0' encoding='utf-8'?>
<COLLADA xmlns="http://www.collada.org/2005/11/COLLADASchema" version="1.4.1">
  <asset>
    <contributor>
      <author>Blender User</author>
      <authoring_tool>Blender 2.83.11</authoring_tool>
    </contributor>
    <created>2020-04-24T16:31:48</created>
    <modified>2020-04-24T16:31:48</modified>
    <unit name="meter" meter="1" />
    <up_axis>Z_UP</up_axis>
  </asset>
  <library_cameras>
    <camera id="Camera-camera" name="Camera">
      <optics>
        <technique_common>
          <perspective>
            <xfov sid="xfov">39.59775</xfov>
            <aspect_ratio>1.777778</aspect_ratio>
            <znear sid="znear">0.1</znear>
            <zfar sid="zfar">100</zfar>
          </perspective>
        </technique_common>
      </optics>
      <extra>
        <technique profile="blender">
          <shiftx sid="shiftx" type="float">0</shiftx>
          <shifty sid="shifty" type="float">0</shifty>
          <dof_distance sid="dof_distance" type="float">10</dof_distance>
        </technique>
      </extra>
    </camera>
  </library_cameras>
  <library_lights>
    <light id="Light-light" name="Light">
      <technique_common>
        <point>
          <color sid="color">1000 1000 1000</color>
          <constant_attenuation>1</constant_attenuation>
          <linear_attenuation>0</linear_attenuation>
          <quadratic_attenuation>0.00111109</quadratic_attenuation>
        </point>
      </technique_common>
      <extra>
        <technique profile="blender">
          <type sid="type" type="int">0</type>
          <flag sid="flag" type="int">0</flag>
          <mode sid="mode" type="int">1</mode>
          <gamma sid="blender_gamma" type="float">1</gamma>
          <red sid="red" type="float">1</red>
          <green sid="green" type="float">1</green>
          <blue sid="blue" type="float">1</blue>
          <shadow_r sid="blender_shadow_r" type="float">0</shadow_r>
          <shadow_g sid="blender_shadow_g" type="float">0</shadow_g>
          <shadow_b sid="blender_shadow_b" type="float">0</shadow_b>
          <energy sid="blender_energy" type="float">1000</energy>
          <dist sid="blender_dist" type="float">29.99998</dist>
          <spotsize sid="spotsize" type="float">75</spotsize>
          <spotblend sid="spotblend" type="float">0.15</spotblend>
          <att1 sid="att1" type="float">0</att1>
          <att2 sid="att2" type="float">1</att2>
          <falloff_type sid="falloff_type" type="int">2</falloff_type>
          <clipsta sid="clipsta" type="float">0.04999995</clipsta>
          <clipend sid="clipend" type="float">30.002</clipend>
          <bias sid="bias" type="float">1</bias>
          <soft sid="soft" type="float">3</soft>
          <bufsize sid="bufsize" type="int">2880</bufsize>
          <samp sid="samp" type="int">3</samp>
          <buffers sid="buffers" type="int">1</buffers>
          <area_shape sid="area_shape" type="int">1</area_shape>
          <area_size sid="area_size" type="float">0.1</area_size>
          <area_sizey sid="area_sizey" type="float">0.1</area_sizey>
          <area_sizez sid="area_sizez" type="float">1</area_sizez>
        </technique>
      </extra>
    </light>
  </library_lights>
  <library_images />
  <library_geometries>
    <geometry id="Part2-mesh" name="Part2">
      <mesh>
        <source id="Part2-mesh-positions">
          <float_array id="Part2-mesh-positions-array" count="20322">-1.454064 -3.298931 0.117742 -2.854064 -3.297484 0.117742 -1.454064 -3.298931 0.417742 -2.854064 -3.297484 0.417742 -2.853754 -2.997485 0.117742 -2.853754 -2.997485 0.417742 -1.453755 -2.998931 0.117742 -1.453755 -2.998931 0.417742 1.445934 -3.301926 0.117742 1.446244 -3.001927 0.117742 1.445934 -3.301926 0.417742 1.446244 -3.001927 0.417742 2.846243 -3.003373 0.117742 2.846243 -3.003373 0.417742 2.845933 -3.303373 0.117742 2.845933 -3.303373 0.417742 -0.703755 -2.999706 0.117742 0.696244 -3.001152 0.117742 -0.703755 -2.999706 0.417742 0.696244 -3.001152 0.417742 0.695934 -3.301152 0.117742 0.695934 -3.301152 0.417742 -0.704065 -3.299705 0.117742 -0.704065 -3.299705 0.417742 -1.447556 3.001066 0.117742 -2.847556 3.002512 0.117742 -1.447556 3.001066 0.417742 -2.847556 3.002512 0.417742 -2.847246 3.302512 0.117742 -2.847246 3.302512 0.417742 -1.447246 3.301066 0.117742 -1.447246 3.301066 0.417742 2.852751 3.296624 0.117742 2.852441 2.996624 0.117742 2.852751 3.296624 0.417742 2.852441 2.996624 0.417742 1.452442 2.998070 0.117742 1.452442 2.998070 0.417742 1.452752 3.298070 0.117742 1.452752 3.298070 0.417742 0.702442 2.998845 0.117742 -0.697557 3.000291 0.117742 0.702442 2.998845 0.417742 -0.697557 3.000291 0.417742 -0.697247 3.300291 0.117742 -0.697247 3.300291 0.417742 0.702752 3.298845 0.117742 0.702752 3.298845 0.417742 -0.685650 0.096696 0.417742 -0.685650 0.096696 0.117742 -0.650656 0.000242 0.417742 -0.650656 0.000242 0.117742 -0.685849 -0.096140 0.417742 -0.685849 -0.096140 0.117742 -0.774761 -0.147351 0.417742 -0.774761 -0.147351 0.117742 -0.875790 -0.129430 0.417742 -0.875790 -0.129430 0.117742 -0.941663 -0.050761 0.417742 -0.941663 -0.050761 0.117742 -0.941557 0.051845 0.417742 -0.941557 0.051845 0.117742 -0.875522 0.130378 0.417742 -0.875522 0.130378 0.117742 -0.774456 0.148091 0.417742 -0.774456 0.148091 0.117742 0.914349 0.095043 0.417742 0.914349 0.095043 0.117742 0.949343 -0.001411 0.417742 0.949343 -0.001411 0.117742 0.914150 -0.097793 0.417742 0.914150 -0.097793 0.117742 0.825238 -0.149004 0.417742 0.825238 -0.149004 0.117742 0.724209 -0.131083 0.417742 0.724209 -0.131083 0.117742 0.658336 -0.052414 0.417742 0.658336 -0.052414 0.117742 0.658442 0.050192 0.417742 0.658442 0.050192 0.117742 0.724477 0.128725 0.417742 0.724477 0.128725 0.117742 0.825543 0.146438 0.417742 0.825543 0.146438 0.117742 0.115176 0.895869 0.417742 0.115176 0.895869 0.117742 0.150170 0.799414 0.417742 0.150170 0.799414 0.117742 0.114977 0.703032 0.417742 0.114977 0.703032 0.117742 0.026064 0.651822 0.417742 0.026064 0.651822 0.117742 -0.074964 0.669743 0.417742 -0.074964 0.669743 0.117742 -0.140837 0.748412 0.417742 -0.140837 0.748412 0.117742 -0.140730 0.851018 0.417742 -0.140730 0.851018 0.117742 -0.074695 0.929550 0.417742 -0.074695 0.929550 0.117742 0.026370 0.947263 0.417742 0.026370 0.947263 0.117742 0.113523 -0.704130 0.417742 0.113523 -0.704130 0.117742 0.148517 -0.800584 0.417742 0.148517 -0.800584 0.117742 0.113324 -0.896966 0.417742 0.113324 -0.896966 0.117742 0.024412 -0.948177 0.417742 0.024412 -0.948177 0.117742 -0.076617 -0.930256 0.417742 -0.076617 -0.930256 0.117742 -0.142489 -0.851587 0.417742 -0.142489 -0.851587 0.117742 -0.142383 -0.748981 0.417742 -0.142383 -0.748981 0.117742 -0.076348 -0.670448 0.417742 -0.076348 -0.670448 0.117742 0.024717 -0.652735 0.417742 0.024717 -0.652735 0.117742 -0.345077 0.289181 0.417742 -0.450656 0.000035 0.417742 -0.078340 0.442814 0.417742 0.224746 0.389049 0.417742 1.471840 4.515570 0.417742 -0.492286 4.724059 0.417742 0.422364 0.153042 0.417742 0.422046 -0.154776 0.417742 0.223941 -0.390373 0.417742 -0.079256 -0.443512 0.417742 -0.345675 -0.289328 0.417742 -4.647875 -0.983210 0.417742 -4.645835 0.991949 0.417742 -3.840601 2.795518 0.417742 -2.371405 4.115642 0.417742 -2.379904 -4.111595 0.417742 -0.502046 -4.723894 0.417742 1.462506 -4.519463 0.417742 3.174066 -3.533650 0.417742 4.336687 -1.936911 0.417742 4.749341 -0.005337 0.417742 4.340678 1.927085 0.417742 -3.846369 -2.788439 0.417742 3.181359 3.526222 0.417742 4.336687 -1.936911 0.117742 4.749341 -0.005337 0.117742 4.340678 1.927085 0.117742 3.181359 3.526222 0.117742 1.471840 4.515570 0.117742 -0.492286 4.724059 0.117742 -2.371405 4.115642 0.117742 -3.840601 2.795518 0.117742 -4.645835 0.991949 0.117742 -4.647875 -0.983210 0.117742 -3.846369 -2.788439 0.117742 -2.379904 -4.111595 0.117742 -0.502046 -4.723894 0.117742 1.462506 -4.519463 0.117742 3.174066 -3.533650 0.117742 -0.345675 -0.289328 0.117742 -0.450656 0.000035 0.117742 -0.079256 -0.443512 0.117742 0.223941 -0.390373 0.117742 0.422046 -0.154776 0.117742 0.422364 0.153042 0.117742 0.224746 0.389049 0.117742 -0.078340 0.442814 0.117742 -0.345077 0.289181 0.117742 -0.717883 -3.299691 2.656219 0.660974 -3.301115 1.277361 -0.717573 -2.999691 2.656219 0.661284 -3.001116 1.277361 4.196506 -3.304768 4.812895 4.196816 -3.004768 4.812895 2.817649 -3.303343 6.191753 2.817959 -3.003344 6.191753 -0.497705 -2.999918 2.256080 -0.498015 -3.299918 2.256080 -0.574384 -2.999839 2.274979 -0.574694 -3.299839 2.274979 -0.651063 -2.999760 2.256080 -0.651373 -3.299760 2.256080 -0.710176 -2.999699 2.203710 -0.710486 -3.299699 2.203710 -0.738181 -2.999670 2.129868 -0.738491 -3.299670 2.129868 -0.728662 -2.999680 2.051470 -0.728972 -3.299680 2.051470 -0.683799 -2.999726 1.986475 -0.684109 -3.299726 1.986475 -0.613871 -2.999798 1.949774 -0.614181 -3.299798 1.949774 -0.534897 -2.999880 1.949774 -0.535207 -3.299880 1.949774 -0.464969 -2.999952 1.986475 -0.465279 -3.299952 1.986475 -0.420107 -2.999999 2.051470 -0.420416 -3.299998 2.051470 -0.410587 -3.000008 2.129868 -0.410897 -3.300008 2.129868 -0.438592 -2.999979 2.203710 -0.438902 -3.299979 2.203710 0.191724 -3.000631 1.566651 0.191414 -3.300631 1.566651 0.115044 -3.000551 1.585550 0.114734 -3.300551 1.585550 0.038365 -3.000472 1.566651 0.038055 -3.300472 1.566651 -0.020748 -3.000411 1.514281 -0.021058 -3.300411 1.514281 -0.048753 -3.000382 1.440439 -0.049062 -3.300382 1.440439 -0.039233 -3.000392 1.362040 -0.039543 -3.300392 1.362040 0.005629 -3.000438 1.297046 0.005319 -3.300438 1.297046 0.075557 -3.000511 1.260345 0.075247 -3.300510 1.260345 0.154531 -3.000592 1.260345 0.154222 -3.300592 1.260345 0.224460 -3.000664 1.297046 0.224150 -3.300664 1.297046 0.269322 -3.000711 1.362040 0.269012 -3.300711 1.362040 0.278841 -3.000721 1.440439 0.278531 -3.300720 1.440439 0.250837 -3.000692 1.514281 0.250527 -3.300692 1.514281 4.186875 -3.004758 5.561804 4.186565 -3.304758 5.561804 4.110196 -3.004678 5.580704 4.109886 -3.304678 5.580704 4.033517 -3.004599 5.561804 4.033207 -3.304599 5.561804 3.974404 -3.004538 5.509434 3.974094 -3.304538 5.509434 3.946399 -3.004509 5.435592 3.946089 -3.304509 5.435592 3.955918 -3.004519 5.357194 3.955608 -3.304519 5.357194 4.000781 -3.004565 5.292199 4.000471 -3.304565 5.292199 4.070709 -3.004638 5.255498 4.070399 -3.304638 5.255498 4.149683 -3.004719 5.255498 4.149373 -3.304719 5.255498 4.219611 -3.004791 5.292199 4.219301 -3.304791 5.292199 4.264474 -3.004838 5.357194 4.264164 -3.304838 5.357194 4.273993 -3.004848 5.435592 4.273683 -3.304848 5.435592 4.245988 -3.004819 5.509434 4.245678 -3.304819 5.509434 3.497446 -3.004045 6.251233 3.497136 -3.304045 6.251233 3.420767 -3.003966 6.270133 3.420457 -3.303966 6.270133 3.344088 -3.003887 6.251233 3.343778 -3.303887 6.251233 3.284975 -3.003826 6.198863 3.284665 -3.303826 6.198863 3.256970 -3.003797 6.125021 3.256660 -3.303797 6.125021 3.266490 -3.003807 6.046623 3.266180 -3.303807 6.046623 3.311352 -3.003853 5.981628 3.311042 -3.303853 5.981628 3.381280 -3.003926 5.944927 3.380970 -3.303925 5.944927 3.460254 -3.004007 5.944927 3.459944 -3.304007 5.944927 3.530182 -3.004079 5.981628 3.529873 -3.304079 5.981628 3.575045 -3.004126 6.046623 3.574735 -3.304126 6.046623 3.584564 -3.004136 6.125021 3.584254 -3.304135 6.125021 3.556559 -3.004107 6.198863 3.556249 -3.304106 6.198863 1.519371 -3.002002 6.270133 1.519061 -3.302002 6.270133 1.733766 -3.002224 6.442708 1.733456 -3.302223 6.442708 1.970012 -3.302468 6.583380 1.970322 -3.002468 6.583380 2.224017 -3.302730 6.689346 2.224327 -3.002730 6.689346 2.490411 -3.303005 6.758496 2.490721 -3.003005 6.758496 2.763887 -3.303288 6.789453 2.764197 -3.003288 6.789453 3.038997 -3.303572 6.781599 3.039307 -3.003572 6.781599 3.310262 -3.303852 6.735090 3.310572 -3.003853 6.735090 3.572277 -3.304123 6.650855 3.572587 -3.004123 6.650855 3.819823 -3.304379 6.530570 3.820133 -3.004379 6.530570 4.047968 -3.304615 6.376631 4.048278 -3.004615 6.376631 4.252168 -3.304825 6.192105 4.252478 -3.004826 6.192105 4.428356 -3.305007 5.980669 4.428666 -3.005007 5.980669 4.573021 -3.305157 5.746533 4.573331 -3.005157 5.746533 4.683282 -3.305271 5.494362 4.683591 -3.005271 5.494362 4.756941 -3.305347 5.229180 4.757251 -3.005347 5.229180 4.792533 -3.305384 4.956268 4.792843 -3.005384 4.956268 4.789347 -3.305380 4.681064 4.789657 -3.005380 4.681064 4.747449 -3.305337 4.409049 4.747758 -3.005337 4.409049 4.667670 -3.305255 4.145643 4.667980 -3.005255 4.145643 4.551602 -3.305135 3.896092 4.551912 -3.005135 3.896092 -2.854063 -3.297484 2.938620 -2.853754 -2.997485 2.938620 -2.854063 -3.297484 0.117741 -2.853754 -2.997485 0.117741 -1.454065 -3.298931 0.117741 -1.453755 -2.998931 0.117741 -1.454065 -3.298931 0.517742 -1.453755 -2.998931 0.517742 -0.704065 -3.299705 0.517742 -0.703755 -2.999706 0.517742 -0.704065 -3.299705 0.117741 -0.703755 -2.999706 0.117741 0.695934 -3.301152 0.117741 0.696244 -3.001152 0.117741 0.695934 -3.301152 0.517742 0.696244 -3.001152 0.517742 1.445934 -3.301926 0.517742 1.446244 -3.001927 0.517742 1.445934 -3.301926 0.117741 1.446244 -3.001927 0.117741 2.845933 -3.303373 0.117741 2.846243 -3.003373 0.117741 2.845933 -3.303373 0.817742 2.846243 -3.003373 0.817742 -0.711375 3.000305 2.656219 0.667482 2.998881 1.277361 -0.711065 3.300305 2.656219 0.667792 3.298881 1.277361 4.203014 2.995229 4.812895 4.203324 3.295228 4.812895 2.824157 2.996653 6.191753 2.824467 3.296653 6.191753 -0.491197 3.300078 2.256080 -0.491507 3.000078 2.256080 -0.567876 3.300157 2.274979 -0.568186 3.000158 2.274979 -0.644555 3.300237 2.256080 -0.644865 3.000237 2.256080 -0.703668 3.300298 2.203710 -0.703978 3.000298 2.203710 -0.731673 3.300327 2.129868 -0.731983 3.000327 2.129868 -0.722154 3.300317 2.051470 -0.722463 3.000317 2.051470 -0.677291 3.300270 1.986475 -0.677601 3.000271 1.986475 -0.607363 3.300198 1.949774 -0.607673 3.000198 1.949774 -0.528389 3.300117 1.949774 -0.528699 3.000117 1.949774 -0.458461 3.300044 1.986475 -0.458771 3.000045 1.986475 -0.413598 3.299998 2.051470 -0.413908 2.999998 2.051470 -0.404079 3.299988 2.129868 -0.404389 2.999988 2.129868 -0.432084 3.300017 2.203710 -0.432394 3.000017 2.203710 0.198232 3.299366 1.566651 0.197922 2.999366 1.566651 0.121552 3.299445 1.585550 0.121243 2.999445 1.585550 0.044873 3.299524 1.566651 0.044563 2.999525 1.566651 -0.014240 3.299586 1.514281 -0.014550 2.999586 1.514281 -0.042244 3.299614 1.440439 -0.042554 2.999614 1.440439 -0.032725 3.299605 1.362040 -0.033035 2.999605 1.362040 0.012137 3.299558 1.297046 0.011827 2.999558 1.297046 0.082065 3.299486 1.260345 0.081755 2.999486 1.260345 0.161040 3.299404 1.260345 0.160730 2.999405 1.260345 0.230968 3.299332 1.297046 0.230658 2.999332 1.297046 0.275830 3.299286 1.362040 0.275520 2.999286 1.362040 0.285349 3.299276 1.440439 0.285039 2.999276 1.440439 0.257345 3.299305 1.514281 0.257035 2.999305 1.514281 4.193383 3.295239 5.561804 4.193073 2.995239 5.561804 4.116704 3.295318 5.580704 4.116394 2.995318 5.580704 4.040025 3.295397 5.561804 4.039715 2.995397 5.561804 3.980912 3.295458 5.509434 3.980602 2.995459 5.509434 3.952907 3.295487 5.435592 3.952597 2.995487 5.435592 3.962426 3.295477 5.357194 3.962116 2.995478 5.357194 4.007289 3.295431 5.292199 4.006979 2.995431 5.292199 4.077217 3.295359 5.255498 4.076907 2.995359 5.255498 4.156191 3.295277 5.255498 4.155881 2.995277 5.255498 4.226119 3.295205 5.292199 4.225809 2.995205 5.292199 4.270982 3.295159 5.357194 4.270672 2.995159 5.357194 4.280501 3.295149 5.435592 4.280191 2.995149 5.435592 4.252496 3.295178 5.509434 4.252186 2.995178 5.509434 3.503954 3.295951 6.251233 3.503645 2.995951 6.251233 3.427275 3.296030 6.270133 3.426965 2.996030 6.270133 3.350596 3.296109 6.251233 3.350286 2.996110 6.251233 3.291483 3.296170 6.198863 3.291173 2.996171 6.198863 3.263478 3.296200 6.125021 3.263168 2.996200 6.125021 3.272998 3.296190 6.046623 3.272688 2.996190 6.046623 3.317860 3.296143 5.981628 3.317550 2.996143 5.981628 3.387788 3.296071 5.944927 3.387478 2.996071 5.944927 3.466762 3.295990 5.944927 3.466452 2.995990 5.944927 3.536690 3.295917 5.981628 3.536381 2.995917 5.981628 3.581553 3.295871 6.046623 3.581243 2.995871 6.046623 3.591072 3.295861 6.125021 3.590762 2.995861 6.125021 3.563068 3.295890 6.198863 3.562758 2.995890 6.198863 1.525879 3.297994 6.270133 1.525569 2.997995 6.270133 1.740274 3.297773 6.442708 1.739964 2.997773 6.442708 1.976521 2.997529 6.583380 1.976830 3.297529 6.583380 2.230525 2.997266 6.689346 2.230835 3.297266 6.689346 2.496919 2.996991 6.758496 2.497229 3.296991 6.758496 2.770395 2.996709 6.789453 2.770705 3.296709 6.789453 3.045506 2.996424 6.781599 3.045816 3.296424 6.781599 3.316770 2.996144 6.735090 3.317080 3.296144 6.735090 3.578785 2.995874 6.650855 3.579095 3.295873 6.650855 3.826331 2.995618 6.530570 3.826641 3.295618 6.530570 4.054476 2.995382 6.376631 4.054786 3.295382 6.376631 4.258676 2.995171 6.192105 4.258986 3.295171 6.192105 4.434864 2.994989 5.980669 4.435174 3.294989 5.980669 4.579529 2.994840 5.746533 4.579839 3.294840 5.746533 4.689790 2.994726 5.494362 4.690100 3.294726 5.494362 4.763450 2.994650 5.229180 4.763759 3.294650 5.229180 4.799041 2.994613 4.956268 4.799351 3.294613 4.956268 4.795856 2.994616 4.681064 4.796166 3.294616 4.681064 4.753957 2.994660 4.409049 4.754266 3.294659 4.409049 4.674178 2.994742 4.145643 4.674488 3.294742 4.145643 4.558110 2.994862 3.896092 4.558420 3.294862 3.896092 -2.847555 3.002512 2.938620 -2.847246 3.302512 2.938620 -2.847555 3.002512 0.117741 -2.847246 3.302512 0.117741 -1.447557 3.001066 0.117741 -1.447247 3.301066 0.117741 -1.447557 3.001066 0.517742 -1.447247 3.301066 0.517742 -0.697557 3.000291 0.517742 -0.697247 3.300291 0.517742 -0.697557 3.000291 0.117741 -0.697247 3.300291 0.117741 0.702442 2.998845 0.117741 0.702752 3.298845 0.117741 0.702442 2.998845 0.517742 0.702752 3.298845 0.517742 1.452442 2.998070 0.517742 1.452752 3.298070 0.517742 1.452442 2.998070 0.117741 1.452752 3.298070 0.117741 2.852441 2.996624 0.117741 2.852751 3.296624 0.117741 2.852441 2.996624 0.817742 2.852751 3.296624 0.817742 2.617930 1.996866 4.652797 2.618343 2.396866 4.652797 2.639276 1.996844 4.629047 2.639690 2.396843 4.629047 2.663026 1.996819 4.607701 2.663440 2.396819 4.607701 2.688911 1.996792 4.589000 2.689324 2.396792 4.589000 2.716637 1.996764 4.573156 2.717050 2.396764 4.573156 2.745889 1.996733 4.560349 2.746302 2.396733 4.560349 2.776337 1.996702 4.550724 2.776751 2.396702 4.550724 2.807636 1.996670 4.544390 2.808049 2.396670 4.544390 2.839431 1.996637 4.541419 2.839844 2.396637 4.541419 2.871361 1.996604 4.541844 2.871775 2.396604 4.541844 2.903066 1.996571 4.545660 2.903479 2.396571 4.545660 2.934185 1.996539 4.552825 2.934598 2.396539 4.552825 2.964366 1.996508 4.563258 2.964779 2.396508 4.563258 2.993267 1.996478 4.576838 2.993681 2.396478 4.576838 3.020561 1.996450 4.593415 3.020974 2.396450 4.593415 3.045939 1.996423 4.612799 3.046352 2.396423 4.612799 3.069112 1.996400 4.634769 3.069525 2.396399 4.634769 3.089819 1.996378 4.659080 3.090232 2.396378 4.659080 3.107824 1.996360 4.685452 3.108237 2.396359 4.685452 3.122924 1.996344 4.713590 3.123338 2.396344 4.713590 3.134948 1.996331 4.743173 3.135361 2.396332 4.743173 3.143759 1.996322 4.773867 3.144172 2.396322 4.773867 3.149258 1.996317 4.805323 3.149671 2.396317 4.805323 3.151382 1.996315 4.837186 3.151795 2.396314 4.837186 3.150107 1.996316 4.869094 3.150520 2.396316 4.869094 3.145447 1.996321 4.900685 3.145861 2.396321 4.900685 3.137457 1.996329 4.931603 3.137870 2.396329 4.931603 3.126225 1.996341 4.961495 3.126638 2.396340 4.961495 3.111879 1.996355 4.990025 3.112292 2.396355 4.990025 3.094582 1.996373 5.016868 3.094995 2.396373 5.016868 3.074530 1.996394 5.041721 3.074943 2.396394 5.041721 3.051950 1.996417 5.064301 3.052363 2.396417 5.064301 3.027097 1.996443 5.084353 3.027510 2.396443 5.084353 3.000254 1.996471 5.101650 3.000667 2.396471 5.101650 2.971724 1.996500 5.115996 2.972138 2.396500 5.115996 2.941832 1.996531 5.127228 2.942245 2.396531 5.127228 2.910914 1.996563 5.135219 2.911327 2.396563 5.135219 2.879323 1.996596 5.139878 2.879736 2.396595 5.139878 2.847415 1.996629 5.141153 2.847828 2.396628 5.141153 2.815552 1.996661 5.139029 2.815965 2.396661 5.139029 2.784096 1.996694 5.133530 2.784509 2.396694 5.133530 2.753402 1.996726 5.124719 2.753815 2.396726 5.124719 2.723819 1.996756 5.112696 2.724232 2.396756 5.112696 2.695682 1.996785 5.097595 2.696095 2.396785 5.097595 2.669309 1.996813 5.079590 2.669722 2.396812 5.079590 2.644999 1.996838 5.058883 2.645412 2.396837 5.058883 2.623028 1.996860 5.035710 2.623441 2.396860 5.035710 2.603644 1.996880 5.010333 2.604057 2.396880 5.010333 2.587068 1.996897 4.983038 2.587481 2.396897 4.983038 2.573487 1.996912 4.954137 2.573900 2.396911 4.954137 2.563054 1.996922 4.923956 2.563468 2.396922 4.923956 2.555889 1.996930 4.892837 2.556303 2.396930 4.892837 2.552073 1.996934 4.861133 2.552486 2.396934 4.861133 2.551648 1.996934 4.829202 2.552061 2.396934 4.829202 2.554619 1.996931 4.797407 2.555032 2.396931 4.797407 2.560953 1.996924 4.766108 2.561366 2.396924 4.766108 2.570578 1.996915 4.735660 2.570991 2.396914 4.735660 2.583385 1.996901 4.706408 2.583798 2.396901 4.706408 2.599229 1.996885 4.678682 2.599642 2.396885 4.678682 2.122761 2.397377 4.193803 2.162393 2.397336 4.151750 2.204446 2.397293 4.112119 2.051311 2.397451 4.284575 2.085691 2.397416 4.238130 2.019744 2.397484 4.332976 1.991099 2.397513 4.383161 1.965477 2.397540 4.434955 1.942969 2.397563 4.488176 1.923653 2.397583 4.542637 1.907597 2.397600 4.598147 1.894858 2.397613 4.654510 1.885480 2.397623 4.711529 1.879497 2.397629 4.769004 1.876929 2.397631 4.826732 1.877785 2.397630 4.884510 1.882063 2.397626 4.942137 1.889747 2.397618 4.999409 1.900810 2.397607 5.056125 1.915214 2.397592 5.112086 1.932907 2.397574 5.167095 1.953829 2.397552 5.220960 1.977904 2.397527 5.273490 2.005049 2.397499 5.324502 2.035169 2.397468 5.373817 2.068157 2.397434 5.421261 2.103898 2.397397 5.466667 2.142266 2.397357 5.509876 2.183126 2.397315 5.550736 2.226335 2.397270 5.589104 2.271741 2.397223 5.624844 2.319184 2.397175 5.657832 2.368499 2.397124 5.687952 2.419511 2.397071 5.715097 3.725739 2.395722 4.408868 3.698594 2.395750 4.357856 3.668474 2.395781 4.308542 3.635486 2.395815 4.261098 3.599745 2.395852 4.215692 3.561378 2.395891 4.172483 3.520517 2.395934 4.131623 3.477309 2.395978 4.093255 3.431902 2.396025 4.057515 3.384459 2.396074 4.024527 3.335144 2.396125 3.994407 3.284132 2.396178 3.967262 3.231602 2.396232 3.943186 3.177737 2.396288 3.922265 3.122727 2.396344 3.904571 3.066767 2.396402 3.890168 3.010051 2.396461 3.879104 2.952779 2.396520 3.871420 2.895152 2.396579 3.867143 2.837374 2.396639 3.866286 2.779646 2.396699 3.868854 2.722172 2.396758 3.874838 2.665153 2.396817 3.884216 2.608789 2.396875 3.896955 2.553280 2.396933 3.913011 2.498819 2.396989 3.932326 2.445598 2.397044 3.954834 2.393804 2.397098 3.980456 2.343618 2.397149 4.009101 2.295218 2.397199 4.040669 2.248773 2.397247 4.075048 2.472041 2.397017 5.739172 3.749814 2.395697 4.461399 2.525906 2.396961 5.760094 3.770736 2.395675 4.515264 2.580916 2.396904 5.777788 3.788429 2.395657 4.570273 2.636877 2.396846 5.792191 3.802833 2.395642 4.626234 2.693593 2.396788 5.803255 3.813896 2.395631 4.682950 2.750864 2.396729 5.810938 3.821580 2.395622 4.740222 2.808491 2.396669 5.815216 3.825858 2.395618 4.797849 2.866269 2.396609 5.816072 3.826714 2.395617 4.855627 2.923997 2.396550 5.813504 3.824146 2.395620 4.913355 2.981472 2.396490 5.807521 3.818163 2.395626 4.970829 3.038491 2.396431 5.798143 3.808785 2.395636 5.027848 3.094854 2.396373 5.785404 3.796046 2.395649 5.084212 3.150363 2.396316 5.769349 3.779990 2.395665 5.139721 3.204824 2.396260 5.750032 3.760674 2.395685 5.194182 3.258045 2.396205 5.727524 3.738166 2.395709 5.247404 3.309840 2.396151 5.701902 3.712544 2.395735 5.299198 3.360025 2.396099 5.673257 3.683899 2.395765 5.349383 3.408425 2.396049 5.641690 3.652332 2.395797 5.397783 3.454870 2.396001 5.607310 3.617952 2.395833 5.444229 3.499197 2.395956 5.570240 3.580882 2.395871 5.488555 3.541250 2.395912 5.530609 3.223207 2.546241 3.939618 3.169584 2.546296 3.919361 1.111932 2.548422 1.828342 3.114863 2.546353 3.902289 3.059234 2.546410 3.888463 3.002888 2.546468 3.877929 2.946021 2.546527 3.870726 2.888828 2.546586 3.866876 2.831508 2.546645 3.866394 2.774259 2.546704 3.869282 2.717278 2.546763 3.875529 2.660763 2.546822 3.885113 2.604909 2.546879 3.898003 2.549909 2.546936 3.914152 2.495953 2.546992 3.933505 2.443228 2.547046 3.955996 2.391915 2.547099 3.981547 2.342193 2.547151 4.010068 2.294233 2.547200 4.041463 2.248200 2.547248 4.075622 2.204254 2.547293 4.112426 2.162548 2.547336 4.151750 2.123224 2.547377 4.193457 2.086419 2.547415 4.237402 2.052260 2.547450 4.283435 2.020866 2.547483 4.331396 1.992344 2.547512 4.381118 1.966794 2.547539 4.432431 1.944303 2.547562 4.485156 1.924949 2.547582 4.539112 1.908800 2.547598 4.594112 1.895911 2.547612 4.649966 1.886326 2.547622 4.706481 1.880079 2.547628 4.763462 1.877192 2.547631 4.820711 1.877673 2.547631 4.878031 1.881523 2.547627 4.935224 1.888727 2.547619 4.992091 1.899260 2.547608 5.048437 0.829090 2.548714 2.111185 1.913086 2.547594 5.104066 1.930158 2.547576 5.158787 0.121983 2.549444 2.818292 1.950416 2.547555 5.212410 -0.160859 2.549736 3.101135 0.798686 2.548745 2.083196 0.093995 2.549473 2.787888 0.152387 2.549413 2.083196 0.121983 2.549444 2.111185 0.093995 2.549473 2.141589 0.068612 2.549500 2.174200 0.046010 2.549523 2.208796 0.026341 2.549543 2.245140 0.009741 2.549560 2.282984 -0.003677 2.549574 2.322070 -0.013822 2.549585 2.362131 -0.020624 2.549592 2.402892 -0.024036 2.549595 2.444076 -0.024036 2.549595 2.485401 -0.020624 2.549592 2.526585 -0.013822 2.549585 2.567346 -0.003677 2.549574 2.607407 0.009741 2.549560 2.646492 0.026341 2.549543 2.684337 0.046010 2.549523 2.720681 0.068612 2.549500 2.755277 0.184998 2.549379 2.057814 0.219594 2.549343 2.035211 0.255938 2.549306 2.015543 0.293783 2.549267 1.998943 0.332869 2.549227 1.985525 0.372929 2.549185 1.975380 0.413690 2.549143 1.968578 0.454874 2.549100 1.965165 0.496199 2.549058 1.965165 0.537383 2.549015 1.968578 0.578144 2.548973 1.975380 0.618205 2.548932 1.985525 0.657290 2.548891 1.998943 0.695135 2.548852 2.015543 0.731479 2.548815 2.035211 0.766075 2.548779 2.057814 0.122138 2.699444 2.818292 0.094150 2.699473 2.787888 0.068767 2.699499 2.755277 0.046164 2.699523 2.720681 0.026496 2.699543 2.684337 0.009896 2.699560 2.646492 -0.003522 2.699574 2.607407 -0.013667 2.699584 2.567346 -0.020469 2.699592 2.526585 -0.023881 2.699595 2.485401 -0.023881 2.699595 2.444076 -0.020469 2.699592 2.402892 -0.013667 2.699584 2.362131 -0.003522 2.699574 2.322070 0.009896 2.699560 2.282984 0.026496 2.699543 2.245140 0.046165 2.699523 2.208796 0.068767 2.699499 2.174200 0.094150 2.699473 2.141589 0.122138 2.699444 2.111185 0.152542 2.699413 2.083196 0.185153 2.699379 2.057814 0.219749 2.699343 2.035211 0.256093 2.699306 2.015543 0.293938 2.699267 1.998943 0.333023 2.699226 1.985525 0.373084 2.699185 1.975380 0.413845 2.699143 1.968578 0.455029 2.699100 1.965165 0.496354 2.699058 1.965165 0.537538 2.699015 1.968578 0.578299 2.698973 1.975380 0.618360 2.698932 1.985525 0.657445 2.698891 1.998943 0.695290 2.698852 2.015543 0.731634 2.698815 2.035211 0.766230 2.698779 2.057814 0.798841 2.698745 2.083196 0.829245 2.698714 2.111185 -0.160704 2.699737 3.101135 1.950571 2.697556 5.212410 1.972930 2.697532 5.262640 1.998085 2.697506 5.311530 2.025956 2.697478 5.358923 2.056455 2.697446 5.404671 2.089483 2.697412 5.448626 2.124937 2.697375 5.490650 2.162703 2.697336 5.530609 2.203956 2.697294 5.569529 2.247402 2.697249 5.605985 2.292895 2.697202 5.639853 2.340280 2.697153 5.671018 2.389396 2.697102 5.699376 2.440079 2.697050 5.724830 2.492156 2.696996 5.747293 2.545450 2.696941 5.766691 2.599783 2.696885 5.782957 2.654969 2.696828 5.796037 2.710823 2.696770 5.805885 2.767155 2.696712 5.812469 2.823774 2.696653 5.815767 2.880489 2.696595 5.815767 2.937108 2.696536 5.812469 2.993440 2.696478 5.805885 3.049293 2.696420 5.796037 3.104480 2.696363 5.782957 3.158812 2.696307 5.766691 3.212107 2.696252 5.747293 3.264184 2.696198 5.724830 3.314867 2.696146 5.699376 3.363983 2.696095 5.671018 3.411368 2.696046 5.639853 3.456861 2.695999 5.605985 3.500307 2.695955 5.569529 3.541560 2.695912 5.530609 3.580480 2.695872 5.489356 3.616936 2.695834 5.445909 3.650804 2.695799 5.400416 3.681970 2.695767 5.353032 3.710327 2.695738 5.303915 3.735781 2.695711 5.253232 3.758245 2.695688 5.201155 3.777643 2.695668 5.147861 3.793909 2.695651 5.093528 3.806988 2.695638 5.038341 3.816836 2.695627 4.982488 3.823421 2.695621 4.926156 3.826718 2.695617 4.869537 3.826718 2.695617 4.812822 3.823421 2.695621 4.756203 3.816836 2.695627 4.699871 3.806988 2.695638 4.644017 3.793909 2.695651 4.588831 3.777643 2.695668 4.534498 3.758245 2.695688 4.481204 3.735781 2.695711 4.429127 3.710327 2.695738 4.378444 3.681970 2.695767 4.329327 3.650804 2.695799 4.281942 3.616936 2.695834 4.236450 3.580480 2.695872 4.193004 3.541560 2.695912 4.151750 3.501602 2.695953 4.113984 3.459578 2.695997 4.078530 3.415623 2.696042 4.045502 3.369875 2.696089 4.015004 3.322481 2.696138 3.987133 3.273592 2.696189 3.961977 3.223362 2.696241 3.939618 1.112087 2.698422 1.828342 -0.683400 2.700276 2.684504 0.695457 2.698852 1.305645 2.852131 2.696624 6.220037 4.230989 2.695200 4.841179 4.231609 3.295199 4.841179 2.852751 3.296624 6.220037 -0.682781 3.300276 2.684504 0.696076 3.298852 1.305645 3.305523 3.296156 5.946462 3.285854 3.296176 5.963711 3.268605 3.296194 5.983380 4.691228 3.294724 5.300799 4.258125 3.295172 5.274282 4.238456 3.295192 5.257033 4.216704 3.295215 5.242498 3.312370 3.296149 6.679657 4.238456 3.295192 5.574374 4.258125 3.295172 5.557125 4.275374 3.295154 5.537456 3.285854 3.296176 6.246554 3.305523 3.296156 6.263803 3.327275 3.296134 6.278338 3.994952 3.295444 5.257033 3.975283 3.295464 5.274282 3.958033 3.295482 5.293951 3.327275 3.296134 5.931928 3.943499 3.295497 5.315704 3.350739 3.296109 5.920357 3.931928 3.295509 5.339167 3.375511 3.296084 5.911948 3.923519 3.295518 5.363940 3.401170 3.296057 5.906844 3.918415 3.295523 5.389598 3.427275 3.296030 5.905133 3.916704 3.295525 5.415704 3.453380 3.296003 5.906844 3.918415 3.295523 5.441809 3.479039 3.295977 5.911948 3.923519 3.295518 5.467467 3.503812 3.295951 5.920357 3.931928 3.295509 5.492240 3.527275 3.295927 5.931928 3.943499 3.295497 5.515704 3.549028 3.295904 5.946462 3.958033 3.295482 5.537456 3.568697 3.295884 5.963711 3.975283 3.295464 5.557125 3.585946 3.295866 5.983380 3.994952 3.295444 5.574374 3.600480 3.295851 6.005133 4.016704 3.295421 5.588909 3.612051 3.295839 6.028596 4.040167 3.295397 5.600480 3.620460 3.295831 6.053369 4.064940 3.295372 5.608889 3.625564 3.295825 6.079028 4.090599 3.295345 5.613993 3.627275 3.295824 6.105133 4.116704 3.295318 5.615704 3.625564 3.295825 6.131238 4.142809 3.295291 5.613993 3.620460 3.295831 6.156897 4.168468 3.295264 5.608889 3.612051 3.295839 6.181669 4.193240 3.295239 5.600480 3.600480 3.295851 6.205133 4.216704 3.295215 5.588909 3.585946 3.295866 6.226885 4.289909 3.295139 5.515704 4.301480 3.295127 5.492240 4.309889 3.295118 5.467467 4.314993 3.295113 5.441809 4.316704 3.295111 5.415704 4.314993 3.295113 5.389598 4.309889 3.295118 5.363940 4.301480 3.295127 5.339167 4.289909 3.295139 5.315704 4.275374 3.295154 5.293951 4.193241 3.295239 5.230928 4.168468 3.295264 5.222518 4.142809 3.295291 5.217415 4.116704 3.295318 5.215703 4.090599 3.295345 5.217415 4.064940 3.295372 5.222518 4.040167 3.295397 5.230928 4.016704 3.295421 5.242498 3.254070 3.296209 6.005133 3.242499 3.296221 6.028596 3.234090 3.296230 6.053369 3.228986 3.296235 6.079028 3.227275 3.296237 6.105133 3.228986 3.296235 6.131238 3.234090 3.296230 6.156897 3.242499 3.296221 6.181669 3.254070 3.296209 6.205133 3.268605 3.296194 6.226885 3.350739 3.296109 6.289909 3.375511 3.296084 6.298318 3.401170 3.296057 6.303421 3.427275 3.296030 6.305133 3.453380 3.296003 6.303421 3.479039 3.295977 6.298318 3.503812 3.295951 6.289908 3.527275 3.295927 6.278338 3.549028 3.295904 6.263803 3.568697 3.295884 6.246554 0.243305 3.299319 1.579221 0.262974 3.299299 1.561972 0.280223 3.299281 1.542303 -1.142400 3.300751 2.224884 -0.709297 3.300303 2.251401 -0.689628 3.300283 2.268650 -0.667876 3.300261 2.283185 0.236457 3.299326 0.846026 -0.689628 3.300283 1.951309 -0.709297 3.300303 1.968558 -0.726547 3.300321 1.988227 0.262974 3.299299 1.279129 0.243305 3.299319 1.261880 0.221552 3.299342 1.247345 -0.741081 3.300336 2.009979 -0.752652 3.300348 2.033442 -0.761061 3.300357 2.058216 -0.766165 3.300362 2.083874 -0.767876 3.300364 2.109980 -0.766165 3.300362 2.136085 -0.761061 3.300357 2.161743 -0.752652 3.300348 2.186516 -0.741081 3.300336 2.209980 -0.726547 3.300321 2.231732 -0.644412 3.300236 2.294755 -0.619640 3.300211 2.303165 -0.593981 3.300184 2.308269 -0.567876 3.300157 2.309979 -0.541771 3.300130 2.308268 -0.516112 3.300104 2.303165 -0.491339 3.300078 2.294755 -0.467876 3.300054 2.283185 -0.446124 3.300032 2.268650 -0.426455 3.300011 2.251401 -0.409205 3.299994 2.231732 0.221552 3.299342 1.593755 -0.394671 3.299978 2.209979 0.198089 3.299366 1.605326 -0.383100 3.299967 2.186516 0.173316 3.299392 1.613735 -0.374691 3.299958 2.161743 0.147658 3.299418 1.618839 -0.369587 3.299953 2.136085 0.121553 3.299445 1.620550 -0.367876 3.299951 2.109980 0.095447 3.299472 1.618839 -0.369587 3.299953 2.083874 0.069789 3.299499 1.613735 -0.374691 3.299958 2.058216 0.045016 3.299524 1.605326 -0.383100 3.299967 2.033443 0.021552 3.299548 1.593755 -0.394671 3.299978 2.009979 -0.000200 3.299571 1.579221 -0.409205 3.299994 1.988227 -0.019869 3.299591 1.561972 -0.426455 3.300011 1.968558 -0.037118 3.299609 1.542303 -0.446124 3.300032 1.951309 -0.051653 3.299624 1.520550 -0.467876 3.300054 1.936774 -0.063223 3.299636 1.497087 -0.491339 3.300078 1.925204 -0.071632 3.299645 1.472314 -0.516112 3.300104 1.916794 -0.076736 3.299650 1.446656 -0.541771 3.300130 1.911691 -0.078447 3.299652 1.420550 -0.567876 3.300157 1.909980 -0.076736 3.299650 1.394445 -0.593981 3.300184 1.911690 -0.071632 3.299645 1.368786 -0.619640 3.300211 1.916794 -0.063223 3.299636 1.344013 -0.644413 3.300236 1.925203 -0.051653 3.299624 1.320550 -0.667876 3.300261 1.936774 -0.037118 3.299609 1.298798 -0.000200 3.299571 1.261879 -0.019869 3.299591 1.279129 0.294757 3.299266 1.520550 0.306328 3.299254 1.497087 0.314738 3.299246 1.472314 0.319841 3.299240 1.446655 0.321553 3.299238 1.420550 0.319841 3.299240 1.394445 0.314738 3.299246 1.368787 0.306328 3.299254 1.344014 0.294757 3.299266 1.320550 0.280223 3.299281 1.298798 0.198089 3.299366 1.235774 0.173316 3.299392 1.227365 0.147658 3.299418 1.222262 0.121553 3.299445 1.220550 0.095447 3.299472 1.222261 0.069789 3.299499 1.227365 0.045016 3.299524 1.235774 0.021553 3.299548 1.247345 0.696335 3.548851 1.305645 -0.408947 3.549993 2.231732 -0.682522 3.550276 2.684504 -0.426196 3.550011 2.251401 -0.445865 3.550031 2.268650 0.236715 3.549326 0.846026 0.263232 3.549299 1.279129 0.280481 3.549281 1.298798 0.295016 3.549266 1.320550 -1.142142 3.550751 2.224884 -0.036860 3.549609 1.298798 -0.019611 3.549591 1.279129 0.000058 3.549571 1.261879 -0.709039 3.550303 2.251401 -0.726288 3.550321 2.231732 -0.740823 3.550336 2.209980 0.021811 3.549548 1.247345 0.045274 3.549524 1.235774 0.070047 3.549499 1.227365 0.095705 3.549472 1.222261 0.121811 3.549445 1.220550 0.147916 3.549418 1.222262 0.173574 3.549392 1.227365 0.198347 3.549366 1.235774 0.221811 3.549342 1.247345 0.243563 3.549319 1.261880 0.306587 3.549254 1.344014 0.314996 3.549245 1.368787 0.320100 3.549240 1.394445 0.321811 3.549238 1.420550 0.320100 3.549240 1.446655 0.314996 3.549245 1.472314 0.306587 3.549254 1.497087 0.295016 3.549266 1.520550 0.280481 3.549281 1.542303 0.263232 3.549299 1.561972 0.243563 3.549319 1.579221 -0.394413 3.549978 2.209979 0.221811 3.549342 1.593755 -0.382842 3.549966 2.186516 0.198347 3.549366 1.605326 -0.374433 3.549958 2.161743 0.173574 3.549392 1.613735 -0.369329 3.549952 2.136085 0.147916 3.549418 1.618839 -0.367618 3.549951 2.109980 0.121811 3.549445 1.620550 -0.369329 3.549952 2.083874 0.095706 3.549472 1.618839 -0.374433 3.549958 2.058216 0.070047 3.549499 1.613735 -0.382842 3.549966 2.033443 0.045274 3.549524 1.605326 -0.394413 3.549978 2.009979 0.021811 3.549548 1.593755 -0.408947 3.549993 1.988227 0.000058 3.549571 1.579221 -0.426196 3.550011 1.968558 -0.019610 3.549591 1.561972 -0.445865 3.550031 1.951309 -0.036860 3.549609 1.542303 -0.467618 3.550054 1.936774 -0.051394 3.549624 1.520550 -0.491081 3.550078 1.925204 -0.062965 3.549636 1.497087 -0.515854 3.550104 1.916794 -0.071374 3.549644 1.472314 -0.541512 3.550130 1.911691 -0.076478 3.549650 1.446656 -0.567618 3.550157 1.909980 -0.078189 3.549652 1.420550 -0.593723 3.550184 1.911690 -0.076478 3.549650 1.394445 -0.619382 3.550211 1.916794 -0.071374 3.549644 1.368786 -0.644154 3.550236 1.925203 -0.062965 3.549636 1.344013 -0.667618 3.550261 1.936774 -0.051394 3.549624 1.320550 -0.689370 3.550283 1.951309 -0.726288 3.550321 1.988227 -0.709039 3.550303 1.968558 -0.467618 3.550054 2.283185 -0.491081 3.550078 2.294755 -0.515854 3.550104 2.303165 -0.541512 3.550130 2.308268 -0.567618 3.550157 2.309979 -0.593723 3.550184 2.308269 -0.619381 3.550211 2.303165 -0.644154 3.550236 2.294755 -0.667618 3.550261 2.283185 -0.689370 3.550283 2.268650 -0.752393 3.550348 2.186516 -0.760803 3.550357 2.161743 -0.765906 3.550362 2.136085 -0.767617 3.550364 2.109980 -0.765907 3.550362 2.083874 -0.760803 3.550357 2.058216 -0.752394 3.550348 2.033442 -0.740823 3.550336 2.009979 2.853010 3.546623 6.220037 3.958292 3.545482 5.293951 4.231867 3.545199 4.841179 3.975541 3.545464 5.274282 3.995210 3.545444 5.257033 3.312629 3.546149 6.679657 3.286112 3.546176 6.246554 3.268863 3.546194 6.226885 3.254329 3.546209 6.205133 4.691486 3.544724 5.300799 3.586204 3.545866 6.226885 3.568955 3.545884 6.246554 3.549286 3.545904 6.263803 4.258384 3.545172 5.274282 4.275633 3.545154 5.293951 4.290167 3.545139 5.315704 3.268863 3.546194 5.983380 3.286112 3.546176 5.963711 3.305781 3.546156 5.946462 3.943757 3.545497 5.315704 3.327534 3.546133 5.931928 3.932186 3.545509 5.339167 3.350997 3.546109 5.920357 3.923777 3.545517 5.363940 3.375770 3.546083 5.911948 3.918673 3.545523 5.389598 3.401428 3.546057 5.906844 3.916962 3.545525 5.415704 3.427533 3.546030 5.905133 3.918673 3.545523 5.441809 3.453639 3.546003 5.906844 3.923777 3.545517 5.467467 3.479297 3.545977 5.911948 3.932186 3.545509 5.492240 3.504070 3.545951 5.920357 3.943757 3.545497 5.515704 3.527533 3.545927 5.931928 3.958292 3.545482 5.537456 3.549286 3.545904 5.946462 3.975541 3.545464 5.557125 3.568955 3.545884 5.963711 3.995210 3.545444 5.574374 3.586204 3.545866 5.983380 4.016962 3.545421 5.588909 3.600738 3.545851 6.005133 4.040426 3.545397 5.600480 3.612309 3.545839 6.028596 4.065199 3.545371 5.608889 3.620719 3.545830 6.053369 4.090857 3.545345 5.613993 3.625822 3.545825 6.079028 4.116962 3.545318 5.615704 3.627533 3.545824 6.105133 4.143067 3.545291 5.613993 3.625822 3.545825 6.131238 4.168726 3.545264 5.608889 3.620719 3.545830 6.156897 4.193499 3.545239 5.600480 3.612309 3.545839 6.181669 4.216962 3.545215 5.588909 3.600738 3.545851 6.205133 4.238715 3.545192 5.574374 3.527533 3.545927 6.278338 3.504070 3.545951 6.289908 3.479297 3.545977 6.298318 3.453639 3.546003 6.303421 3.427533 3.546030 6.305133 3.401428 3.546057 6.303421 3.375770 3.546083 6.298318 3.350997 3.546109 6.289909 3.327534 3.546133 6.278338 3.305781 3.546156 6.263803 3.242758 3.546221 6.181669 3.234348 3.546230 6.156897 3.229245 3.546235 6.131238 3.227534 3.546237 6.105133 3.229245 3.546235 6.079028 3.234348 3.546230 6.053369 3.242758 3.546221 6.028596 3.254329 3.546209 6.005133 4.016962 3.545421 5.242498 4.040426 3.545397 5.230928 4.065199 3.545371 5.222518 4.090857 3.545345 5.217415 4.116962 3.545318 5.215703 4.143067 3.545291 5.217415 4.168726 3.545264 5.222518 4.193499 3.545239 5.230928 4.216962 3.545215 5.242498 4.238715 3.545192 5.257033 4.301738 3.545127 5.339167 4.310147 3.545118 5.363940 4.315251 3.545113 5.389598 4.316962 3.545111 5.415704 4.315251 3.545113 5.441809 4.310147 3.545118 5.467467 4.301738 3.545127 5.492240 4.290167 3.545139 5.515704 4.275633 3.545154 5.537456 4.258383 3.545172 5.557125 4.234656 6.245198 4.841179 2.855799 6.246622 6.220037 0.699124 6.248850 1.305645 -0.679733 6.250275 2.684504 2.630610 -2.003150 4.579417 2.630197 -2.403149 4.579417 2.606860 -2.003125 4.600763 2.606447 -2.403125 4.600763 2.585514 -2.003103 4.624513 2.585100 -2.403103 4.624513 2.566812 -2.003084 4.650398 2.566399 -2.403084 4.650398 2.550969 -2.003067 4.678123 2.550555 -2.403067 4.678123 2.538162 -2.003054 4.707376 2.537749 -2.403054 4.707376 2.528537 -2.003044 4.737824 2.528123 -2.403044 4.737824 2.522203 -2.003038 4.769123 2.521789 -2.403038 4.769123 2.519231 -2.003034 4.800918 2.518818 -2.403034 4.800918 2.519656 -2.003035 4.832848 2.519243 -2.403035 4.832848 2.523473 -2.003039 4.864552 2.523060 -2.403039 4.864552 2.530638 -2.003046 4.895672 2.530225 -2.403046 4.895672 2.541070 -2.003057 4.925853 2.540657 -2.403057 4.925853 2.554651 -2.003071 4.954754 2.554238 -2.403071 4.954754 2.571228 -2.003088 4.982048 2.570814 -2.403088 4.982048 2.590611 -2.003108 5.007426 2.590198 -2.403108 5.007426 2.612582 -2.003131 5.030599 2.612169 -2.403131 5.030599 2.636892 -2.003156 5.051306 2.636479 -2.403156 5.051306 2.663265 -2.003183 5.069311 2.662852 -2.403183 5.069311 2.691403 -2.003212 5.084411 2.690990 -2.403212 5.084411 2.720986 -2.003243 5.096435 2.720573 -2.403243 5.096435 2.751680 -2.003275 5.105246 2.751266 -2.403274 5.105246 2.783136 -2.003307 5.110744 2.782723 -2.403307 5.110744 2.814999 -2.003340 5.112868 2.814585 -2.403340 5.112868 2.846906 -2.003373 5.111594 2.846493 -2.403373 5.111594 2.878498 -2.003406 5.106935 2.878085 -2.403405 5.106935 2.909415 -2.003438 5.098943 2.909002 -2.403437 5.098943 2.939308 -2.003468 5.087711 2.938895 -2.403468 5.087711 2.967838 -2.003498 5.073366 2.967424 -2.403498 5.073366 2.994681 -2.003526 5.056069 2.994268 -2.403526 5.056069 3.019533 -2.003551 5.036016 3.019120 -2.403551 5.036016 3.042113 -2.003575 5.013436 3.041700 -2.403574 5.013436 3.062166 -2.003595 4.988584 3.061752 -2.403595 4.988584 3.079462 -2.003613 4.961741 3.079049 -2.403613 4.961741 3.093808 -2.003628 4.933211 3.093395 -2.403628 4.933211 3.105040 -2.003640 4.903318 3.104627 -2.403640 4.903318 3.113031 -2.003648 4.872401 3.112618 -2.403648 4.872401 3.117690 -2.003653 4.840809 3.117277 -2.403653 4.840809 3.118965 -2.003654 4.808902 3.118552 -2.403654 4.808902 3.116841 -2.003652 4.777039 3.116428 -2.403652 4.777039 3.111343 -2.003646 4.745583 3.110929 -2.403646 4.745583 3.102532 -2.003637 4.714889 3.102118 -2.403637 4.714889 3.090508 -2.003625 4.685306 3.090095 -2.403624 4.685306 3.075408 -2.003609 4.657168 3.074995 -2.403609 4.657168 3.057402 -2.003590 4.630795 3.056989 -2.403590 4.630795 3.036696 -2.003569 4.606485 3.036283 -2.403569 4.606485 3.013522 -2.003545 4.584514 3.013109 -2.403545 4.584514 2.988145 -2.003519 4.565131 2.987732 -2.403519 4.565131 2.960851 -2.003491 4.548554 2.960438 -2.403491 4.548554 2.931949 -2.003461 4.534973 2.931536 -2.403461 4.534973 2.901768 -2.003430 4.524541 2.901355 -2.403429 4.524541 2.870649 -2.003398 4.517376 2.870236 -2.403397 4.517376 2.838945 -2.003365 4.513559 2.838532 -2.403365 4.513559 2.807015 -2.003332 4.513134 2.806601 -2.403332 4.513134 2.775220 -2.003299 4.516106 2.774806 -2.403299 4.516106 2.743921 -2.003267 4.522439 2.743508 -2.403266 4.522439 2.713473 -2.003235 4.532065 2.713060 -2.403235 4.532065 2.684220 -2.003205 4.544872 2.683807 -2.403205 4.544872 2.656494 -2.003176 4.560716 2.656081 -2.403176 4.560716 2.171203 -2.402675 4.083835 2.129150 -2.402632 4.123466 2.089519 -2.402591 4.165519 2.261975 -2.402769 4.012384 2.215530 -2.402721 4.046764 2.310375 -2.402819 3.980817 2.360561 -2.402871 3.952172 2.412355 -2.402924 3.926550 2.465576 -2.402979 3.904042 2.520037 -2.403036 3.884726 2.575546 -2.403093 3.868670 2.631910 -2.403151 3.855931 2.688929 -2.403210 3.846554 2.746403 -2.403269 3.840570 2.804131 -2.403329 3.838002 2.861910 -2.403389 3.838859 2.919536 -2.403448 3.843136 2.976808 -2.403507 3.850820 3.033524 -2.403566 3.861883 3.089485 -2.403624 3.876287 3.144494 -2.403681 3.893980 3.198359 -2.403736 3.914902 3.250889 -2.403791 3.938977 3.301902 -2.403843 3.966123 3.351216 -2.403894 3.996242 3.398660 -2.403943 4.029230 3.444066 -2.403990 4.064971 3.487274 -2.404035 4.103339 3.528135 -2.404077 4.144199 3.566503 -2.404117 4.187408 3.602243 -2.404154 4.232814 3.635231 -2.404188 4.280257 3.665351 -2.404219 4.329572 3.692496 -2.404247 4.380584 2.386268 -2.402898 5.686813 2.335256 -2.402845 5.659667 2.285941 -2.402794 5.629548 2.238498 -2.402745 5.596560 2.193092 -2.402698 5.560820 2.149883 -2.402653 5.522451 2.109023 -2.402611 5.481591 2.070655 -2.402571 5.438383 2.034914 -2.402534 5.392976 2.001926 -2.402500 5.345533 1.971807 -2.402469 5.296218 1.944661 -2.402441 5.245206 1.920586 -2.402416 5.192676 1.899664 -2.402395 5.138811 1.881971 -2.402376 5.083801 1.867567 -2.402362 5.027840 1.856504 -2.402350 4.971124 1.848820 -2.402342 4.913852 1.844542 -2.402338 4.856226 1.843686 -2.402337 4.798447 1.846254 -2.402340 4.740719 1.852237 -2.402346 4.683245 1.861615 -2.402355 4.626226 1.874354 -2.402369 4.569863 1.890410 -2.402385 4.514353 1.909726 -2.402405 4.459892 1.932234 -2.402428 4.406671 1.957856 -2.402455 4.354877 1.986501 -2.402484 4.304691 2.018069 -2.402517 4.256291 2.052448 -2.402553 4.209846 3.716571 -2.404272 4.433115 2.438799 -2.402952 5.710888 3.737493 -2.404293 4.486979 2.492663 -2.403007 5.731810 3.755186 -2.404312 4.541989 2.547673 -2.403064 5.749503 3.769590 -2.404326 4.597950 2.603634 -2.403122 5.763907 3.780653 -2.404338 4.654666 2.660350 -2.403181 5.774970 3.788337 -2.404346 4.711938 2.717622 -2.403240 5.782654 3.792615 -2.404350 4.769564 2.775248 -2.403299 5.786932 3.793471 -2.404351 4.827343 2.833027 -2.403359 5.787788 3.790903 -2.404349 4.885071 2.890754 -2.403418 5.785220 3.784920 -2.404342 4.942545 2.948229 -2.403478 5.779237 3.775542 -2.404333 4.999564 3.005248 -2.403537 5.769859 3.762803 -2.404319 5.055927 3.061611 -2.403595 5.757120 3.746747 -2.404303 5.111437 3.117121 -2.403652 5.741064 3.727431 -2.404283 5.165898 3.171582 -2.403709 5.721748 3.704923 -2.404260 5.219119 3.224803 -2.403764 5.699240 3.679301 -2.404233 5.270914 3.276597 -2.403817 5.673618 3.650657 -2.404204 5.321099 3.326782 -2.403869 5.644973 3.619089 -2.404171 5.369499 3.375182 -2.403919 5.613406 3.584709 -2.404135 5.415944 3.421628 -2.403967 5.579026 3.547639 -2.404097 5.460271 3.465954 -2.404013 5.541955 3.508007 -2.404056 5.502324 1.916863 -2.552412 5.184126 1.896605 -2.552391 5.130503 -0.194412 -2.550231 3.072850 1.879533 -2.552374 5.075782 1.865707 -2.552360 5.020153 1.855174 -2.552349 4.963807 1.847970 -2.552341 4.906939 1.844121 -2.552337 4.849747 1.843639 -2.552337 4.792427 1.846526 -2.552340 4.735177 1.852773 -2.552346 4.678197 1.862358 -2.552356 4.621682 1.875247 -2.552370 4.565828 1.891396 -2.552386 4.510828 1.910750 -2.552406 4.456871 1.933241 -2.552429 4.404146 1.958791 -2.552456 4.352834 1.987313 -2.552485 4.303111 2.018708 -2.552518 4.255151 2.052867 -2.552553 4.209118 2.089671 -2.552591 4.165173 2.128995 -2.552632 4.123466 2.170702 -2.552675 4.084142 2.214647 -2.552720 4.047338 2.260680 -2.552768 4.013179 2.308640 -2.552817 3.981784 2.358363 -2.552869 3.953262 2.409675 -2.552921 3.927712 2.462401 -2.552976 3.905221 2.516357 -2.553032 3.885868 2.571357 -2.553089 3.869718 2.627211 -2.553146 3.856829 2.683726 -2.553205 3.847244 2.740706 -2.553264 3.840998 2.797955 -2.553323 3.838110 2.855275 -2.553382 3.838592 2.912468 -2.553441 3.842441 2.969335 -2.553500 3.849645 3.025681 -2.553558 3.860178 0.088431 -2.550524 2.790008 3.081311 -2.553615 3.874005 3.136031 -2.553672 3.891076 0.795537 -2.551254 2.082901 3.189655 -2.553727 3.911334 1.078380 -2.551546 1.800058 0.060442 -2.550495 2.759604 0.765133 -2.551223 2.054912 0.060442 -2.550495 2.113305 0.088431 -2.550524 2.082901 0.118834 -2.550555 2.054912 0.151445 -2.550589 2.029530 0.186041 -2.550625 2.006927 0.222385 -2.550662 1.987258 0.260230 -2.550701 1.970659 0.299316 -2.550741 1.957241 0.339376 -2.550783 1.947096 0.380137 -2.550825 1.940294 0.421321 -2.550868 1.936881 0.462646 -2.550910 1.936881 0.503830 -2.550953 1.940294 0.544591 -2.550995 1.947096 0.584652 -2.551036 1.957241 0.623737 -2.551077 1.970658 0.661582 -2.551116 1.987259 0.697926 -2.551153 2.006927 0.732522 -2.551189 2.029530 0.035060 -2.550468 2.145916 0.012457 -2.550445 2.180512 -0.007212 -2.550425 2.216856 -0.023812 -2.550408 2.254700 -0.037230 -2.550394 2.293786 -0.047375 -2.550383 2.333847 -0.054176 -2.550376 2.374608 -0.057589 -2.550373 2.415791 -0.057589 -2.550373 2.457117 -0.054176 -2.550376 2.498301 -0.047375 -2.550383 2.539062 -0.037230 -2.550394 2.579122 -0.023812 -2.550408 2.618208 -0.007211 -2.550425 2.656053 0.012457 -2.550445 2.692396 0.035060 -2.550468 2.726993 0.795382 -2.701254 2.082901 0.764978 -2.701223 2.054912 0.732367 -2.701189 2.029530 0.697771 -2.701153 2.006927 0.661427 -2.701116 1.987259 0.623582 -2.701077 1.970658 0.584497 -2.701036 1.957241 0.544436 -2.700995 1.947096 0.503675 -2.700953 1.940294 0.462491 -2.700910 1.936881 0.421166 -2.700868 1.936881 0.379983 -2.700825 1.940294 0.339221 -2.700783 1.947096 0.299161 -2.700741 1.957241 0.260075 -2.700701 1.970659 0.222230 -2.700662 1.987258 0.185886 -2.700624 2.006927 0.151291 -2.700589 2.029530 0.118679 -2.700555 2.054912 0.088276 -2.700524 2.082901 0.060287 -2.700495 2.113305 0.034905 -2.700468 2.145916 0.012302 -2.700445 2.180512 -0.007367 -2.700425 2.216856 -0.023967 -2.700408 2.254700 -0.037385 -2.700394 2.293786 -0.047529 -2.700383 2.333847 -0.054331 -2.700376 2.374608 -0.057744 -2.700373 2.415791 -0.057744 -2.700373 2.457117 -0.054331 -2.700376 2.498301 -0.047529 -2.700383 2.539062 -0.037385 -2.700394 2.579122 -0.023967 -2.700408 2.618208 -0.007366 -2.700425 2.656053 0.012302 -2.700445 2.692396 0.034905 -2.700468 2.726993 0.060287 -2.700495 2.759604 0.088276 -2.700524 2.790008 1.078225 -2.701546 1.800058 3.189500 -2.703727 3.911334 3.239729 -2.703779 3.933693 3.288619 -2.703830 3.958848 3.336012 -2.703879 3.986720 3.381760 -2.703926 4.017218 3.425715 -2.703971 4.050246 3.467739 -2.704015 4.085700 3.507697 -2.704056 4.123466 3.546618 -2.704096 4.164719 3.583074 -2.704134 4.208166 3.616942 -2.704169 4.253658 3.648107 -2.704201 4.301043 3.676465 -2.704230 4.350160 3.701918 -2.704257 4.400842 3.724382 -2.704280 4.452919 3.743780 -2.704300 4.506214 3.760046 -2.704317 4.560546 3.773125 -2.704330 4.615733 3.782974 -2.704340 4.671586 3.789558 -2.704347 4.727918 3.792856 -2.704351 4.784537 3.792856 -2.704351 4.841253 3.789558 -2.704347 4.897872 3.782974 -2.704340 4.954204 3.773125 -2.704330 5.010057 3.760046 -2.704317 5.065244 3.743780 -2.704300 5.119576 3.724382 -2.704280 5.172871 3.701918 -2.704257 5.224948 3.676465 -2.704230 5.275630 3.648107 -2.704201 5.324747 3.616942 -2.704169 5.372132 3.583074 -2.704134 5.417625 3.546618 -2.704096 5.461071 3.507697 -2.704056 5.502324 3.466444 -2.704013 5.541244 3.422998 -2.703968 5.577700 3.377506 -2.703922 5.611568 3.330121 -2.703873 5.642734 3.281004 -2.703822 5.671092 3.230321 -2.703769 5.696545 3.178245 -2.703716 5.719009 3.124950 -2.703661 5.738407 3.070617 -2.703604 5.754673 3.015431 -2.703547 5.767752 2.959577 -2.703490 5.777601 2.903246 -2.703432 5.784185 2.846626 -2.703373 5.787483 2.789911 -2.703315 5.787483 2.733292 -2.703256 5.784185 2.676960 -2.703198 5.777601 2.621107 -2.703140 5.767752 2.565920 -2.703083 5.754673 2.511588 -2.703027 5.738407 2.458293 -2.702972 5.719009 2.406216 -2.702918 5.696545 2.355534 -2.702866 5.671092 2.306417 -2.702815 5.642734 2.259032 -2.702766 5.611568 2.213539 -2.702719 5.577701 2.170093 -2.702674 5.541244 2.128840 -2.702632 5.502324 2.091074 -2.702593 5.462366 2.055620 -2.702556 5.420342 2.022592 -2.702522 5.376387 1.992094 -2.702490 5.330639 1.964223 -2.702462 5.283246 1.939067 -2.702436 5.234356 1.916708 -2.702413 5.184126 -0.194566 -2.700232 3.072850 0.661594 -2.701116 1.277361 -0.717263 -2.699691 2.656219 4.197126 -2.704768 4.812895 2.818269 -2.703344 6.191753 4.196507 -3.304768 4.812895 0.660974 -3.301115 1.277361 3.922931 -3.304485 5.265667 3.940180 -3.304503 5.245998 3.959849 -3.304523 5.228749 3.277268 -3.303818 6.651373 3.250752 -3.303791 6.218270 3.233502 -3.303773 6.198601 3.218968 -3.303758 6.176848 4.656126 -3.305242 5.272514 3.550844 -3.304101 6.198601 3.533594 -3.304083 6.218270 3.513925 -3.304063 6.235519 4.223023 -3.304795 5.245998 4.240272 -3.304813 5.265667 4.254807 -3.304828 5.287419 3.233502 -3.303773 5.955096 3.250752 -3.303791 5.935427 3.270421 -3.303811 5.918178 3.908397 -3.304470 5.287419 3.292173 -3.303834 5.903644 3.896826 -3.304458 5.310883 3.315636 -3.303858 5.892073 3.888417 -3.304450 5.335656 3.340409 -3.303884 5.883663 3.883313 -3.304444 5.361314 3.366068 -3.303910 5.878560 3.881602 -3.304443 5.387419 3.392173 -3.303937 5.876849 3.883313 -3.304444 5.413525 3.418278 -3.303964 5.878560 3.888417 -3.304450 5.439183 3.443937 -3.303990 5.883663 3.896826 -3.304458 5.463956 3.468710 -3.304016 5.892073 3.908397 -3.304470 5.487420 3.492173 -3.304040 5.903644 3.922931 -3.304485 5.509171 3.513925 -3.304063 5.918178 3.940180 -3.304503 5.528841 3.533594 -3.304083 5.935427 3.959849 -3.304523 5.546090 3.550844 -3.304101 5.955096 3.981602 -3.304546 5.560625 3.565378 -3.304116 5.976849 4.005065 -3.304570 5.572195 3.576949 -3.304128 6.000312 4.029838 -3.304596 5.580605 3.585358 -3.304136 6.025084 4.055497 -3.304622 5.585708 3.590462 -3.304142 6.050743 4.081602 -3.304649 5.587419 3.592173 -3.304144 6.076848 4.107707 -3.304676 5.585708 3.590462 -3.304142 6.102954 4.133365 -3.304702 5.580605 3.585358 -3.304136 6.128612 4.158138 -3.304728 5.572195 3.576949 -3.304128 6.153385 4.181602 -3.304752 5.560625 3.565378 -3.304116 6.176848 4.203354 -3.304775 5.546090 3.492173 -3.304040 6.250053 3.468710 -3.304016 6.261624 3.443937 -3.303990 6.270034 3.418278 -3.303964 6.275137 3.392173 -3.303937 6.276848 3.366068 -3.303910 6.275137 3.340409 -3.303884 6.270034 3.315636 -3.303858 6.261624 3.292173 -3.303834 6.250053 3.270421 -3.303811 6.235519 3.207397 -3.303746 6.153385 3.198988 -3.303737 6.128612 3.193884 -3.303732 6.102954 3.192173 -3.303730 6.076848 3.193884 -3.303732 6.050743 3.198988 -3.303737 6.025084 3.207397 -3.303746 6.000312 3.218968 -3.303758 5.976849 3.981602 -3.304546 5.214214 4.005065 -3.304570 5.202643 4.029838 -3.304596 5.194234 4.055497 -3.304622 5.189130 4.081602 -3.304649 5.187419 4.107707 -3.304676 5.189130 4.133365 -3.304702 5.194234 4.158138 -3.304728 5.202643 4.181602 -3.304752 5.214214 4.203354 -3.304775 5.228749 4.266378 -3.304840 5.310883 4.274787 -3.304849 5.335656 4.279891 -3.304854 5.361314 4.281602 -3.304856 5.387419 4.279891 -3.304854 5.413525 4.274787 -3.304849 5.439183 4.266378 -3.304840 5.463956 4.254807 -3.304828 5.487419 4.240272 -3.304813 5.509171 4.223023 -3.304795 5.528841 -0.444308 -3.299974 2.203448 -0.461557 -3.299956 2.223116 -0.481226 -3.299936 2.240366 0.201355 -3.300641 0.817742 0.227872 -3.300668 1.250845 0.245121 -3.300686 1.270514 0.259655 -3.300701 1.292266 -1.177502 -3.299216 2.196600 -0.072220 -3.300358 1.270514 -0.054971 -3.300376 1.250845 -0.035302 -3.300396 1.233595 -0.744399 -3.299664 2.223117 -0.761649 -3.299646 2.203448 -0.776183 -3.299631 2.181695 -0.013550 -3.300419 1.219061 0.009913 -3.300443 1.207490 0.034686 -3.300468 1.199081 0.060345 -3.300495 1.193977 0.086450 -3.300522 1.192266 0.112556 -3.300549 1.193977 0.138214 -3.300575 1.199081 0.162987 -3.300601 1.207490 0.186450 -3.300625 1.219061 0.208202 -3.300648 1.233595 0.271226 -3.300713 1.315729 0.279635 -3.300722 1.340502 0.284739 -3.300727 1.366161 0.286450 -3.300729 1.392266 0.284739 -3.300727 1.418371 0.279635 -3.300722 1.444030 0.271226 -3.300713 1.468803 0.259655 -3.300701 1.492266 0.245121 -3.300686 1.514019 0.227871 -3.300668 1.533687 0.208202 -3.300648 1.550937 -0.429773 -3.299989 2.181695 0.186450 -3.300625 1.565471 -0.418202 -3.300001 2.158232 0.162987 -3.300601 1.577042 -0.409793 -3.300009 2.133459 0.138214 -3.300575 1.585451 -0.404689 -3.300015 2.107800 0.112555 -3.300549 1.590555 -0.402978 -3.300016 2.081695 0.086450 -3.300522 1.592266 -0.404689 -3.300015 2.055590 0.060345 -3.300495 1.590555 -0.409793 -3.300009 2.029932 0.034686 -3.300468 1.585451 -0.418202 -3.300001 2.005159 0.009914 -3.300443 1.577042 -0.429773 -3.299989 1.981695 -0.013550 -3.300419 1.565471 -0.444308 -3.299974 1.959943 -0.035302 -3.300396 1.550937 -0.461557 -3.299956 1.940274 -0.054971 -3.300376 1.533688 -0.481226 -3.299936 1.923025 -0.072220 -3.300358 1.514018 -0.502978 -3.299913 1.908490 -0.086754 -3.300343 1.492266 -0.526441 -3.299889 1.896919 -0.098325 -3.300331 1.468803 -0.551215 -3.299863 1.888510 -0.106735 -3.300322 1.444030 -0.576873 -3.299837 1.883406 -0.111838 -3.300317 1.418371 -0.602978 -3.299810 1.881695 -0.113549 -3.300315 1.392266 -0.629083 -3.299783 1.883406 -0.111838 -3.300317 1.366161 -0.654742 -3.299756 1.888510 -0.106735 -3.300322 1.340502 -0.679515 -3.299731 1.896919 -0.098325 -3.300331 1.315729 -0.702978 -3.299706 1.908490 -0.086754 -3.300343 1.292266 -0.724731 -3.299684 1.923024 -0.761649 -3.299646 1.959943 -0.744400 -3.299664 1.940274 -0.502978 -3.299913 2.254900 -0.526441 -3.299889 2.266471 -0.551214 -3.299863 2.274880 -0.576873 -3.299837 2.279984 -0.602978 -3.299810 2.281695 -0.629083 -3.299783 2.279984 -0.654742 -3.299756 2.274880 -0.679515 -3.299731 2.266471 -0.702978 -3.299706 2.254900 -0.724730 -3.299684 2.240366 -0.787754 -3.299619 2.158232 -0.796163 -3.299610 2.133459 -0.801267 -3.299605 2.107800 -0.802978 -3.299603 2.081695 -0.801267 -3.299605 2.055590 -0.796163 -3.299610 2.029931 -0.787754 -3.299619 2.005158 -0.776183 -3.299631 1.981695 -0.718141 -3.549691 2.656219 0.207944 -3.550648 1.550937 0.660716 -3.551115 1.277361 0.227613 -3.550668 1.533687 0.244863 -3.550686 1.514019 -1.177760 -3.549216 2.196600 -0.744658 -3.549664 2.223117 -0.724989 -3.549684 2.240366 -0.703236 -3.549706 2.254900 0.201097 -3.550641 0.817742 -0.724989 -3.549684 1.923024 -0.744658 -3.549664 1.940274 -0.761907 -3.549646 1.959943 0.227613 -3.550668 1.250845 0.207944 -3.550648 1.233595 0.186192 -3.550625 1.219061 -0.776441 -3.549631 1.981695 -0.788012 -3.549619 2.005158 -0.796422 -3.549610 2.029931 -0.801525 -3.549605 2.055590 -0.803236 -3.549603 2.081695 -0.801525 -3.549605 2.107800 -0.796422 -3.549610 2.133459 -0.788012 -3.549619 2.158232 -0.776441 -3.549631 2.181695 -0.761907 -3.549646 2.203448 -0.679773 -3.549730 2.266471 -0.655000 -3.549756 2.274880 -0.629342 -3.549783 2.279984 -0.603236 -3.549810 2.281695 -0.577131 -3.549837 2.279984 -0.551473 -3.549863 2.274880 -0.526700 -3.549889 2.266471 -0.503237 -3.549913 2.254900 -0.481484 -3.549936 2.240366 -0.461815 -3.549956 2.223116 -0.444566 -3.549973 2.203448 0.186192 -3.550625 1.565471 -0.430032 -3.549988 2.181695 0.162729 -3.550601 1.577042 -0.418461 -3.550001 2.158232 0.137956 -3.550575 1.585451 -0.410051 -3.550009 2.133459 0.112297 -3.550549 1.590555 -0.404948 -3.550014 2.107800 0.086192 -3.550522 1.592266 -0.403236 -3.550016 2.081695 0.060087 -3.550495 1.590555 -0.404947 -3.550014 2.055590 0.034428 -3.550468 1.585451 -0.410051 -3.550009 2.029932 0.009655 -3.550443 1.577042 -0.418461 -3.550001 2.005159 -0.013808 -3.550419 1.565471 -0.430032 -3.549988 1.981695 -0.035560 -3.550396 1.550937 -0.444566 -3.549973 1.959943 -0.055229 -3.550376 1.533688 -0.461815 -3.549956 1.940274 -0.072478 -3.550358 1.514018 -0.481484 -3.549936 1.923025 -0.087013 -3.550343 1.492266 -0.503237 -3.549913 1.908490 -0.098583 -3.550331 1.468803 -0.526700 -3.549889 1.896919 -0.106993 -3.550322 1.444030 -0.551473 -3.549863 1.888510 -0.112096 -3.550317 1.418371 -0.577131 -3.549837 1.883406 -0.113807 -3.550315 1.392266 -0.603236 -3.549810 1.881695 -0.112097 -3.550317 1.366161 -0.629342 -3.549783 1.883406 -0.106993 -3.550322 1.340502 -0.655000 -3.549756 1.888510 -0.098584 -3.550331 1.315729 -0.679773 -3.549730 1.896919 -0.087013 -3.550343 1.292266 -0.703236 -3.549706 1.908490 -0.072478 -3.550358 1.270514 -0.035560 -3.550396 1.233595 -0.055229 -3.550376 1.250845 0.259397 -3.550701 1.492266 0.270968 -3.550713 1.468803 0.279377 -3.550721 1.444030 0.284481 -3.550727 1.418371 0.286192 -3.550729 1.392266 0.284481 -3.550727 1.366161 0.279377 -3.550721 1.340502 0.270968 -3.550713 1.315729 0.259397 -3.550701 1.292266 0.244862 -3.550686 1.270514 0.162729 -3.550601 1.207490 0.137956 -3.550575 1.199081 0.112297 -3.550549 1.193977 0.086192 -3.550522 1.192266 0.060087 -3.550495 1.193977 0.034428 -3.550468 1.199081 0.009655 -3.550443 1.207490 -0.013808 -3.550419 1.219061 4.196248 -3.554768 4.812895 3.270162 -3.553811 5.918178 2.817391 -3.553343 6.191753 3.250493 -3.553791 5.935427 3.233244 -3.553773 5.955096 4.655867 -3.555242 5.272514 4.222765 -3.554795 5.245998 4.203096 -3.554775 5.228749 4.181343 -3.554752 5.214214 3.277010 -3.553818 6.651373 4.203096 -3.554775 5.546090 4.222765 -3.554795 5.528841 4.240014 -3.554813 5.509171 3.250493 -3.553791 6.218270 3.270162 -3.553811 6.235519 3.291915 -3.553833 6.250053 3.959591 -3.554523 5.228749 3.939922 -3.554503 5.245998 3.922673 -3.554485 5.265667 3.291915 -3.553833 5.903644 3.908138 -3.554470 5.287419 3.315378 -3.553858 5.892073 3.896568 -3.554458 5.310883 3.340151 -3.553883 5.883663 3.888158 -3.554450 5.335656 3.365810 -3.553910 5.878560 3.883055 -3.554444 5.361314 3.391915 -3.553937 5.876849 3.881343 -3.554442 5.387419 3.418020 -3.553964 5.878560 3.883055 -3.554444 5.413525 3.443678 -3.553990 5.883663 3.888158 -3.554450 5.439183 3.468451 -3.554016 5.892073 3.896568 -3.554458 5.463956 3.491915 -3.554040 5.903644 3.908138 -3.554470 5.487420 3.513667 -3.554063 5.918178 3.922673 -3.554485 5.509171 3.533336 -3.554083 5.935427 3.939922 -3.554503 5.528841 3.550585 -3.554101 5.955096 3.959591 -3.554523 5.546090 3.565120 -3.554116 5.976849 3.981344 -3.554546 5.560625 3.576691 -3.554128 6.000312 4.004807 -3.554570 5.572195 3.585100 -3.554136 6.025084 4.029580 -3.554595 5.580605 3.590204 -3.554142 6.050743 4.055238 -3.554622 5.585708 3.591915 -3.554143 6.076848 4.081343 -3.554649 5.587419 3.590204 -3.554142 6.102954 4.107449 -3.554676 5.585708 3.585100 -3.554136 6.128612 4.133107 -3.554702 5.580605 3.576691 -3.554128 6.153385 4.157880 -3.554728 5.572195 3.565120 -3.554116 6.176848 4.181343 -3.554752 5.560625 3.550585 -3.554101 6.198601 4.254548 -3.554828 5.487419 4.266119 -3.554840 5.463956 4.274529 -3.554849 5.439183 4.279632 -3.554854 5.413525 4.281343 -3.554856 5.387419 4.279632 -3.554854 5.361314 4.274529 -3.554849 5.335656 4.266119 -3.554840 5.310883 4.254548 -3.554828 5.287419 4.240014 -3.554813 5.265667 4.157880 -3.554728 5.202643 4.133107 -3.554702 5.194234 4.107449 -3.554676 5.189130 4.081343 -3.554649 5.187419 4.055238 -3.554622 5.189130 4.029580 -3.554595 5.194234 4.004807 -3.554570 5.202643 3.981344 -3.554546 5.214214 3.218710 -3.553758 5.976849 3.207139 -3.553746 6.000312 3.198730 -3.553737 6.025084 3.193626 -3.553732 6.050743 3.191915 -3.553730 6.076848 3.193626 -3.553732 6.102954 3.198730 -3.553737 6.128612 3.207139 -3.553746 6.153385 3.218710 -3.553758 6.176848 3.233244 -3.553773 6.198601 3.315378 -3.553858 6.261624 3.340151 -3.553883 6.270034 3.365810 -3.553910 6.275137 3.391915 -3.553937 6.276848 3.418020 -3.553964 6.275137 3.443678 -3.553990 6.270034 3.468451 -3.554016 6.261624 3.491915 -3.554040 6.250053 3.513667 -3.554063 6.235519 3.533336 -3.554083 6.218270 2.814602 -6.253342 6.191753 4.193459 -6.254766 4.812895 -0.720930 -6.249690 2.656219 0.657927 -6.251114 1.277361 2.976035 -2.003506 4.918129 3.124074 -2.003659 4.956863 3.117870 -2.003653 4.970695 3.110939 -2.003646 4.984267 3.103337 -2.003638 4.997474 3.095121 -2.003629 5.010214 2.981159 -2.003512 4.908790 2.985675 -2.003516 4.899021 2.989453 -2.003520 4.888944 2.992498 -2.003523 4.878736 3.141695 -2.003678 4.898776 3.138402 -2.003674 4.913574 3.134345 -2.003670 4.928263 3.129558 -2.003665 4.942730 2.994785 -2.003526 4.868333 2.996342 -2.003527 4.857685 2.997151 -2.003528 4.846953 2.997197 -2.003528 4.836301 3.147262 -2.003683 4.838331 3.147017 -2.003683 4.853489 3.146000 -2.003682 4.868694 3.144223 -2.003680 4.883829 3.140548 -2.003676 4.778003 3.143359 -2.003679 4.792900 3.145423 -2.003681 4.807998 3.146729 -2.003683 4.823181 2.996460 -2.003527 4.825675 2.994953 -2.003526 4.815020 2.992707 -2.003524 4.804495 2.989750 -2.003521 4.794261 3.121828 -2.003657 4.720261 3.127580 -2.003663 4.734287 3.132641 -2.003668 4.748661 3.136976 -2.003673 4.763269 2.986049 -2.003517 4.784273 2.981602 -2.003512 4.774473 2.976482 -2.003507 4.765007 2.970760 -2.003501 4.756022 3.091867 -2.003626 4.667469 3.100324 -2.003635 4.680050 3.108175 -2.003643 4.693111 3.115362 -2.003650 4.706548 3.051892 -2.003585 4.621789 3.062710 -2.003596 4.632410 3.073029 -2.003607 4.643623 3.082774 -2.003617 4.655339 2.964395 -2.003494 4.747481 2.957367 -2.003487 4.739331 2.949787 -2.003479 4.731692 2.941767 -2.003471 4.724682 3.003541 -2.003535 4.585091 3.016275 -2.003548 4.593317 3.028640 -2.003561 4.602223 3.040544 -2.003573 4.611738 2.933253 -2.003462 4.718281 2.924213 -2.003453 4.712441 2.914789 -2.003443 4.707246 2.905118 -2.003433 4.702780 2.948792 -2.003478 4.558877 2.962921 -2.003493 4.564373 2.976826 -2.003507 4.570607 2.990401 -2.003521 4.577530 2.895146 -2.003423 4.699037 2.884827 -2.003412 4.695980 2.874321 -2.003401 4.693651 2.863784 -2.003390 4.692090 2.889887 -2.003417 4.544221 2.904833 -2.003433 4.546760 2.919708 -2.003448 4.550067 2.934399 -2.003463 4.554115 2.829237 -2.003355 4.541722 2.844388 -2.003370 4.541201 2.859625 -2.003386 4.541446 2.874831 -2.003402 4.542454 2.853160 -2.003379 4.691308 2.842399 -2.003368 4.691282 2.831662 -2.003357 4.692008 2.821112 -2.003346 4.693479 2.769327 -2.003293 4.551483 2.784062 -2.003308 4.547922 2.799036 -2.003324 4.545095 2.814134 -2.003339 4.543022 2.810698 -2.003336 4.695721 2.800365 -2.003325 4.698727 2.790267 -2.003314 4.702448 2.780560 -2.003304 4.706833 2.712607 -2.003234 4.573104 2.726323 -2.003248 4.566649 2.740422 -2.003263 4.560866 2.754793 -2.003278 4.555797 2.661400 -2.003181 4.605701 2.673537 -2.003194 4.596617 2.686184 -2.003207 4.588115 2.699240 -2.003220 4.580256 2.771200 -2.003295 4.711919 2.762132 -2.003285 4.717715 2.753492 -2.003277 4.724130 2.745412 -2.003268 4.731071 2.617804 -2.003136 4.647938 2.627864 -2.003147 4.636597 2.638539 -2.003158 4.625722 2.649747 -2.003169 4.615396 2.737864 -2.003260 4.738588 2.730797 -2.003253 4.746704 2.724314 -2.003246 4.755293 2.718518 -2.003240 4.764230 2.583602 -2.003101 4.698086 2.591172 -2.003109 4.684952 2.599441 -2.003117 4.672151 2.608340 -2.003127 4.659780 2.713393 -2.003235 4.773569 2.708900 -2.003230 4.783347 2.705099 -2.003226 4.793415 2.702054 -2.003223 4.803622 2.560195 -2.003077 4.754092 2.564968 -2.003082 4.739703 2.570490 -2.003087 4.725501 2.576717 -2.003094 4.711592 2.548541 -2.003065 4.813664 2.550319 -2.003067 4.798609 2.552869 -2.003069 4.783585 2.556168 -2.003073 4.768707 2.699767 -2.003221 4.814026 2.698211 -2.003219 4.824674 2.697401 -2.003219 4.835405 2.697356 -2.003218 4.846057 2.549117 -2.003065 4.874362 2.547828 -2.003064 4.859257 2.547302 -2.003064 4.844027 2.547539 -2.003064 4.828791 2.698093 -2.003219 4.856684 2.699599 -2.003221 4.867339 2.701846 -2.003223 4.877864 2.704803 -2.003226 4.888097 2.561900 -2.003079 4.933702 2.557597 -2.003074 4.919166 2.554016 -2.003070 4.904354 2.551181 -2.003067 4.889381 2.586366 -2.003104 4.989254 2.579225 -2.003096 4.975882 2.572735 -2.003090 4.962094 2.566944 -2.003084 4.947998 2.708503 -2.003230 4.898086 2.712950 -2.003235 4.907886 2.718071 -2.003240 4.917351 2.723792 -2.003246 4.926336 2.621514 -2.003140 5.038743 2.611827 -2.003130 5.027082 2.602695 -2.003121 5.014883 2.594186 -2.003112 5.002242 2.730158 -2.003252 4.934877 2.737185 -2.003260 4.943027 2.744765 -2.003267 4.950667 2.752786 -2.003276 4.957676 2.665905 -2.003186 5.080145 2.654069 -2.003174 5.070672 2.642668 -2.003162 5.060561 2.631788 -2.003151 5.049891 2.717721 -2.003240 5.111763 2.704221 -2.003226 5.104867 2.691018 -2.003212 5.097258 2.678212 -2.003199 5.088996 2.761300 -2.003285 4.964078 2.770339 -2.003294 4.969918 2.779764 -2.003304 4.975112 2.789434 -2.003314 4.979578 2.774841 -2.003299 5.132303 2.760229 -2.003283 5.128265 2.745765 -2.003269 5.123470 2.731559 -2.003254 5.117956 2.799407 -2.003324 4.983322 2.809725 -2.003335 4.986379 2.820232 -2.003345 4.988708 2.830769 -2.003356 4.990268 2.834927 -2.003361 5.140925 2.819801 -2.003345 5.139912 2.804667 -2.003329 5.138126 2.789642 -2.003314 5.135584 2.841392 -2.003367 4.991051 2.852154 -2.003378 4.991077 2.862891 -2.003390 4.990351 2.873441 -2.003400 4.988880 2.895518 -2.003423 5.137275 2.880498 -2.003408 5.139328 2.865314 -2.003392 5.140625 2.850085 -2.003376 5.141160 2.954134 -2.003484 5.121503 2.939834 -2.003469 5.126537 2.925223 -2.003454 5.130864 2.910413 -2.003439 5.134453 2.883854 -2.003411 4.986638 2.894187 -2.003422 4.983632 2.904285 -2.003432 4.979910 2.913993 -2.003442 4.975525 3.008375 -2.003540 5.094254 2.995382 -2.003526 5.102064 2.981941 -2.003512 5.109244 2.968156 -2.003498 5.115741 2.923352 -2.003452 4.970440 2.932420 -2.003461 4.964643 2.941061 -2.003470 4.958229 2.949140 -2.003479 4.951287 3.056021 -2.003589 5.056645 3.044866 -2.003578 5.066910 3.033145 -2.003565 5.076648 3.020950 -2.003553 5.085787 3.086261 -2.003620 5.022515 3.076740 -2.003610 5.034414 3.066635 -2.003600 5.045820 2.956688 -2.003486 4.943771 2.963755 -2.003494 4.935655 2.970239 -2.003500 4.927065 3.097925 -2.003632 4.241450 3.088254 -2.003622 4.236984 3.088332 -1.928625 4.236984 3.078829 -2.003613 4.231789 3.078984 -1.853613 4.231790 3.069790 -2.003603 4.225949 3.070022 -1.778601 4.225949 3.061276 -2.003594 4.219548 3.061586 -1.703595 4.219548 3.070100 -1.703603 4.225949 3.079139 -1.703613 4.231789 3.088564 -1.703622 4.236984 3.098234 -1.703632 4.241450 3.139259 -2.003675 4.252140 3.128722 -2.003664 4.250579 3.128800 -1.928667 4.250579 3.118215 -2.003653 4.248250 3.118370 -1.853653 4.248250 3.107897 -2.003643 4.245193 3.108130 -1.778640 4.245194 3.108207 -1.703643 4.245193 3.118525 -1.703653 4.248250 3.129032 -1.703664 4.250579 3.139569 -1.703675 4.252140 3.181931 -2.003719 4.250751 3.171381 -2.003708 4.252223 3.171459 -1.928711 4.252223 3.160644 -2.003697 4.252948 3.160799 -1.853697 4.252948 3.149882 -2.003686 4.252923 3.150115 -1.778683 4.252923 3.150192 -1.703686 4.252923 3.160954 -1.703697 4.252948 3.171691 -1.703708 4.252223 3.182241 -1.703719 4.250751 3.222483 -2.003761 4.237397 3.212776 -2.003751 4.241782 3.212853 -1.928754 4.241781 3.202678 -2.003741 4.245503 3.202832 -1.853741 4.245502 3.192345 -2.003730 4.248510 3.192577 -1.778727 4.248509 3.192654 -1.703730 4.248510 3.202988 -1.703741 4.245503 3.213085 -1.703751 4.241782 3.222793 -1.703761 4.237397 3.257630 -2.003797 4.213159 3.249551 -2.003789 4.220100 3.249628 -1.928792 4.220100 3.240910 -2.003780 4.226515 3.241065 -1.853780 4.226516 3.231843 -2.003771 4.232311 3.232076 -1.778768 4.232312 3.232153 -1.703771 4.232311 3.241220 -1.703780 4.226515 3.249861 -1.703789 4.220100 3.257940 -1.703797 4.213159 3.284525 -2.003825 4.180000 3.278729 -2.003819 4.188937 3.278806 -1.928822 4.188937 3.272245 -2.003812 4.197526 3.272400 -1.853812 4.197527 3.265178 -2.003805 4.205643 3.265411 -1.778802 4.205643 3.265488 -1.703805 4.205643 3.272555 -1.703813 4.197526 3.279039 -1.703819 4.188937 3.284835 -1.703825 4.180000 3.300989 -2.003842 4.140608 3.297944 -2.003839 4.150815 3.298022 -1.928842 4.150815 3.294143 -2.003835 4.160883 3.294299 -1.853835 4.160884 3.289649 -2.003830 4.170662 3.289882 -1.778828 4.170662 3.289959 -1.703831 4.170662 3.294453 -1.703835 4.160883 3.298254 -1.703839 4.150815 3.301298 -1.703842 4.140608 3.305687 -2.003847 4.098173 3.305642 -2.003847 4.108825 3.305720 -1.928850 4.108825 3.304832 -2.003846 4.119556 3.304987 -1.853846 4.119556 3.303275 -2.003844 4.130204 3.303507 -1.778842 4.130204 3.303585 -1.703845 4.130204 3.305142 -1.703846 4.119556 3.305952 -1.703847 4.108825 3.305997 -1.703847 4.098173 3.298240 -2.003839 4.056133 3.301197 -2.003842 4.066366 3.301275 -1.928845 4.066366 3.303444 -2.003845 4.076891 3.303599 -1.853845 4.076890 3.304950 -2.003846 4.087546 3.305182 -1.778843 4.087546 3.305260 -1.703846 4.087546 3.303753 -1.703845 4.076891 3.301507 -1.703842 4.066366 3.298550 -1.703839 4.056133 3.279250 -2.003820 4.017894 3.284972 -2.003826 4.026879 3.285049 -1.928828 4.026879 3.290093 -2.003831 4.036345 3.290247 -1.853831 4.036345 3.294540 -2.003835 4.046144 3.294771 -1.778833 4.046144 3.294849 -1.703836 4.046144 3.290402 -1.703831 4.036345 3.285282 -1.703826 4.026879 3.279560 -1.703820 4.017894 3.250257 -2.003790 3.986554 3.258278 -2.003798 3.993563 3.258355 -1.928801 3.993564 3.265857 -2.003806 4.001203 3.266012 -1.853806 4.001203 3.272885 -2.003813 4.009353 3.273118 -1.778810 4.009353 3.273195 -1.703813 4.009353 3.266167 -1.703806 4.001203 3.258588 -1.703798 3.993563 3.250567 -1.703790 3.986554 3.213609 -2.003752 3.964652 3.223279 -2.003762 3.969118 3.223357 -1.928765 3.969118 3.232704 -2.003772 3.974313 3.232859 -1.853772 3.974312 3.241743 -2.003781 3.980153 3.241976 -1.778778 3.980152 3.242053 -1.703781 3.980153 3.233014 -1.703772 3.974313 3.223589 -1.703762 3.969118 3.213918 -1.703752 3.964652 3.172274 -2.003709 3.953962 3.182811 -2.003720 3.955523 3.182889 -1.928723 3.955523 3.193318 -2.003731 3.957852 3.193473 -1.853731 3.957851 3.203636 -2.003741 3.960908 3.203868 -1.778739 3.960908 3.203946 -1.703742 3.960908 3.193627 -1.703731 3.957852 3.183121 -1.703720 3.955523 3.172584 -1.703709 3.953962 3.129602 -2.003665 3.955350 3.140152 -2.003676 3.953879 3.140230 -1.928679 3.953879 3.150889 -2.003687 3.953154 3.151044 -1.853687 3.953154 3.161651 -2.003698 3.953179 3.161883 -1.778695 3.953179 3.161961 -1.703698 3.953179 3.151199 -1.703687 3.953154 3.140462 -1.703676 3.953879 3.129912 -1.703665 3.955350 3.089050 -2.003623 3.968705 3.098757 -2.003633 3.964320 3.098836 -1.928636 3.964321 3.108855 -2.003644 3.960599 3.109011 -1.853644 3.960599 3.119189 -2.003654 3.957592 3.119421 -1.778652 3.957592 3.119499 -1.703654 3.957592 3.109165 -1.703644 3.960599 3.099067 -1.703633 3.964320 3.089360 -1.703623 3.968705 3.053903 -2.003587 3.992943 3.061982 -2.003595 3.986001 3.062060 -1.928598 3.986001 3.070623 -2.003604 3.979587 3.070778 -1.853604 3.979586 3.079690 -2.003613 3.973791 3.079923 -1.778611 3.973790 3.080000 -1.703614 3.973791 3.070933 -1.703604 3.979587 3.062292 -1.703595 3.986001 3.054213 -1.703587 3.992943 3.027008 -2.003559 4.026102 3.032804 -2.003565 4.017165 3.032882 -1.928568 4.017165 3.039288 -2.003572 4.008575 3.039443 -1.853572 4.008575 3.046355 -2.003579 4.000460 3.046587 -1.778576 4.000459 3.046665 -1.703579 4.000460 3.039598 -1.703572 4.008575 3.033114 -1.703565 4.017165 3.027318 -1.703559 4.026102 3.010544 -2.003542 4.065494 3.013589 -2.003545 4.055286 3.013666 -1.928548 4.055286 3.017390 -2.003549 4.045218 3.017544 -1.853549 4.045218 3.021884 -2.003554 4.035440 3.022116 -1.778551 4.035439 3.022194 -1.703554 4.035440 3.017700 -1.703549 4.045218 3.013899 -1.703545 4.055286 3.010854 -1.703542 4.065494 3.005846 -2.003537 4.107929 3.005891 -2.003537 4.097277 3.005968 -1.928540 4.097277 3.006701 -2.003538 4.086546 3.006856 -1.853538 4.086546 3.008258 -2.003540 4.075897 3.008491 -1.778537 4.075898 3.008568 -1.703540 4.075897 3.007011 -1.703538 4.086546 3.006201 -1.703537 4.097277 3.006156 -1.703537 4.107929 3.013293 -2.003545 4.149969 3.010336 -2.003542 4.139735 3.010413 -1.928545 4.139736 3.008089 -2.003540 4.129211 3.008244 -1.853540 4.129211 3.006583 -2.003538 4.118556 3.006816 -1.778535 4.118556 3.006893 -1.703538 4.118556 3.008399 -1.703540 4.129211 3.010646 -1.703542 4.139735 3.013603 -1.703545 4.149969 3.032283 -2.003564 4.188208 3.026561 -2.003559 4.179223 3.026639 -1.928561 4.179223 3.021441 -2.003553 4.169757 3.021596 -1.853553 4.169757 3.016993 -2.003549 4.159957 3.017227 -1.778546 4.159957 3.017303 -1.703549 4.159957 3.021750 -1.703553 4.169757 3.026871 -1.703559 4.179223 3.032593 -1.703565 4.188208 3.053255 -2.003586 4.212539 3.053333 -1.928589 4.212538 3.045676 -2.003578 4.204899 3.045831 -1.853578 4.204899 3.038648 -2.003571 4.196749 3.038880 -1.778568 4.196749 3.038958 -1.703571 4.196749 3.045986 -1.703578 4.204899 3.053565 -1.703586 4.212539 2.480944 -2.002995 5.717707 2.471273 -2.002985 5.713241 2.471351 -1.927988 5.713241 2.461849 -2.002975 5.708046 2.462003 -1.852975 5.708046 2.452809 -2.002966 5.702206 2.453042 -1.777963 5.702207 2.444295 -2.002957 5.695805 2.444605 -1.702957 5.695805 2.453119 -1.702966 5.702206 2.462159 -1.702975 5.708046 2.471583 -1.702985 5.713241 2.481254 -1.702995 5.717707 2.522278 -2.003038 5.728397 2.511741 -2.003027 5.726836 2.511819 -1.928030 5.726836 2.501235 -2.003016 5.724507 2.501390 -1.853016 5.724507 2.490916 -2.003005 5.721450 2.491149 -1.778003 5.721451 2.491226 -1.703005 5.721450 2.501545 -1.703016 5.724507 2.512051 -1.703027 5.726836 2.522588 -1.703038 5.728397 2.564950 -2.003082 5.727008 2.554400 -2.003071 5.728480 2.554478 -1.928074 5.728480 2.543663 -2.003060 5.729205 2.543818 -1.853060 5.729205 2.532902 -2.003049 5.729179 2.533134 -1.778046 5.729179 2.533211 -1.703049 5.729179 2.543973 -1.703060 5.729205 2.554710 -1.703071 5.728480 2.565260 -1.703082 5.727008 2.605502 -2.003124 5.713654 2.595795 -2.003114 5.718039 2.595872 -1.928116 5.718038 2.585697 -2.003103 5.721760 2.585852 -1.853103 5.721759 2.575364 -2.003092 5.724767 2.575596 -1.778090 5.724766 2.575674 -1.703093 5.724767 2.586007 -1.703103 5.721760 2.596105 -1.703114 5.718039 2.605812 -1.703124 5.713654 2.640650 -2.003160 5.689416 2.632570 -2.003152 5.696357 2.632647 -1.928154 5.696357 2.623930 -2.003143 5.702772 2.624084 -1.853143 5.702773 2.614862 -2.003133 5.708568 2.615095 -1.778131 5.708569 2.615172 -1.703133 5.708568 2.624240 -1.703143 5.702772 2.632880 -1.703152 5.696357 2.640959 -1.703160 5.689416 2.667544 -2.003188 5.656257 2.661748 -2.003182 5.665194 2.661825 -1.928185 5.665194 2.655265 -2.003175 5.673783 2.655420 -1.853175 5.673784 2.648197 -2.003168 5.681900 2.648430 -1.778165 5.681900 2.648507 -1.703168 5.681900 2.655575 -1.703175 5.673783 2.662058 -1.703182 5.665194 2.667854 -1.703188 5.656257 2.684008 -2.003205 5.616865 2.680963 -2.003202 5.627072 2.681041 -1.928204 5.627073 2.677162 -2.003198 5.637140 2.677318 -1.853198 5.637141 2.672669 -2.003193 5.646919 2.672902 -1.778190 5.646919 2.672978 -1.703193 5.646919 2.677472 -1.703198 5.637140 2.681273 -1.703202 5.627072 2.684318 -1.703205 5.616865 2.688706 -2.003210 5.574429 2.688661 -2.003210 5.585082 2.688739 -1.928212 5.585082 2.687851 -2.003209 5.595813 2.688006 -1.853209 5.595813 2.686295 -2.003207 5.606462 2.686527 -1.778204 5.606461 2.686604 -1.703207 5.606462 2.688161 -1.703209 5.595813 2.688971 -1.703210 5.585082 2.689016 -1.703210 5.574429 2.681259 -2.003202 5.532390 2.684216 -2.003205 5.542623 2.684295 -1.928208 5.542623 2.686463 -2.003207 5.553148 2.686618 -1.853207 5.553147 2.687969 -2.003209 5.563803 2.688202 -1.778206 5.563803 2.688279 -1.703209 5.563803 2.686773 -1.703207 5.553148 2.684526 -1.703205 5.542623 2.681569 -1.703202 5.532390 2.662270 -2.003182 5.494151 2.667991 -2.003188 5.503136 2.668068 -1.928191 5.503136 2.673112 -2.003193 5.512601 2.673266 -1.853193 5.512601 2.677559 -2.003198 5.522401 2.677790 -1.778195 5.522401 2.677869 -1.703198 5.522401 2.673422 -1.703194 5.512601 2.668301 -1.703188 5.503136 2.662580 -1.703182 5.494151 2.633276 -2.003152 5.462811 2.641297 -2.003161 5.469820 2.641374 -1.928163 5.469820 2.648877 -2.003168 5.477460 2.649031 -1.853168 5.477460 2.655904 -2.003176 5.485610 2.656137 -1.778173 5.485610 2.656214 -1.703176 5.485610 2.649186 -1.703169 5.477460 2.641607 -1.703161 5.469820 2.633586 -1.703152 5.462811 2.596628 -2.003114 5.440909 2.606298 -2.003124 5.445374 2.606376 -1.928127 5.445374 2.615723 -2.003134 5.450570 2.615878 -1.853134 5.450569 2.624762 -2.003144 5.456409 2.624995 -1.778141 5.456409 2.625072 -1.703144 5.456409 2.616033 -1.703134 5.450570 2.606608 -1.703125 5.445374 2.596938 -1.703115 5.440909 2.555293 -2.003072 5.430219 2.565830 -2.003083 5.431779 2.565908 -1.928086 5.431779 2.576337 -2.003093 5.434109 2.576492 -1.853094 5.434108 2.586655 -2.003104 5.437165 2.586888 -1.778101 5.437165 2.586965 -1.703104 5.437165 2.576647 -1.703094 5.434109 2.566140 -1.703083 5.431779 2.555603 -1.703072 5.430219 2.512621 -2.003028 5.431607 2.523171 -2.003039 5.430136 2.523249 -1.928041 5.430136 2.533909 -2.003050 5.429410 2.534063 -1.853050 5.429410 2.544670 -2.003061 5.429436 2.544903 -1.778058 5.429436 2.544980 -1.703061 5.429436 2.534219 -1.703050 5.429410 2.523481 -1.703039 5.430136 2.512931 -1.703028 5.431607 2.472069 -2.002986 5.444962 2.481777 -2.002996 5.440577 2.481855 -1.927999 5.440577 2.491875 -2.003006 5.436856 2.492030 -1.853006 5.436857 2.502208 -2.003017 5.433849 2.502441 -1.778014 5.433849 2.502518 -1.703017 5.433849 2.492184 -1.703006 5.436856 2.482087 -1.702996 5.440577 2.472379 -1.702986 5.444962 2.436922 -2.002949 5.469200 2.445001 -2.002958 5.462258 2.445079 -1.927961 5.462258 2.453642 -2.002967 5.455843 2.453797 -1.852967 5.455843 2.462710 -2.002976 5.450047 2.462942 -1.777973 5.450047 2.463019 -1.702976 5.450047 2.453952 -1.702967 5.455843 2.445311 -1.702958 5.462258 2.437232 -1.702950 5.469200 2.410027 -2.002922 5.502358 2.415824 -2.002928 5.493422 2.415902 -1.927931 5.493422 2.422307 -2.002934 5.484832 2.422462 -1.852934 5.484832 2.429374 -2.002942 5.476716 2.429606 -1.777939 5.476716 2.429684 -1.702942 5.476716 2.422617 -1.702934 5.484832 2.416133 -1.702928 5.493422 2.410337 -1.702922 5.502358 2.393564 -2.002905 5.541751 2.396609 -2.002908 5.531543 2.396685 -1.927911 5.531543 2.400409 -2.002912 5.521475 2.400563 -1.852912 5.521475 2.404903 -2.002916 5.511697 2.405135 -1.777914 5.511697 2.405213 -1.702917 5.511697 2.400719 -1.702912 5.521475 2.396919 -1.702908 5.531543 2.393874 -1.702905 5.541751 2.388865 -2.002900 5.584186 2.388911 -2.002900 5.573534 2.388988 -1.927903 5.573534 2.389720 -2.002901 5.562803 2.389875 -1.852901 5.562803 2.391277 -2.002902 5.552155 2.391510 -1.777900 5.552155 2.391587 -1.702903 5.552155 2.390030 -1.702901 5.562803 2.389221 -1.702900 5.573534 2.389175 -1.702900 5.584186 2.396312 -2.002907 5.626226 2.393355 -2.002904 5.615993 2.393432 -1.927907 5.615993 2.391109 -2.002902 5.605468 2.391263 -1.852902 5.605468 2.389602 -2.002901 5.594812 2.389835 -1.777898 5.594812 2.389912 -1.702901 5.594812 2.391419 -1.702902 5.605468 2.393665 -1.702905 5.615993 2.396622 -1.702908 5.626226 2.415302 -2.002927 5.664465 2.409581 -2.002921 5.655480 2.409658 -1.927924 5.655479 2.404460 -2.002916 5.646014 2.404616 -1.852916 5.646014 2.400013 -2.002911 5.636214 2.400246 -1.777909 5.636214 2.400323 -1.702911 5.636214 2.404770 -1.702916 5.646014 2.409890 -1.702921 5.655480 2.415612 -1.702927 5.664465 2.436275 -2.002949 5.688796 2.436352 -1.927952 5.688796 2.428695 -2.002941 5.681156 2.428850 -1.852941 5.681156 2.421667 -2.002934 5.673006 2.421900 -1.777931 5.673006 2.421977 -1.702934 5.673006 2.429005 -1.702941 5.681156 2.436585 -1.702949 5.688796 2.423102 -2.002935 5.856106 2.396255 -2.002907 5.844461 2.369688 -2.002880 5.832088 2.343459 -2.002853 5.819015 2.317625 -2.002826 5.805269 2.292168 -2.002800 5.790838 2.267066 -2.002774 5.775711 2.242375 -2.002748 5.759923 2.218149 -2.002723 5.743509 2.194370 -2.002699 5.726453 2.171019 -2.002675 5.708744 2.148146 -2.002651 5.690421 2.125802 -2.002628 5.671525 2.103970 -2.002606 5.652039 2.082634 -2.002583 5.631947 2.061838 -2.002562 5.611297 2.041629 -2.002541 5.590133 2.021992 -2.002521 5.568436 2.002912 -2.002501 5.546191 1.984429 -2.002482 5.523447 1.966584 -2.002464 5.500255 1.949365 -2.002446 5.476593 1.932758 -2.002429 5.452446 1.916797 -2.002412 5.427867 1.901518 -2.002396 5.402909 2.491888 -2.003006 5.024752 1.886912 -2.002381 5.377552 1.872965 -2.002367 5.351776 1.859707 -2.002353 5.325639 1.847167 -2.002340 5.299199 2.465410 -2.002979 4.960250 2.470960 -2.002985 4.976760 2.477248 -2.002991 4.993076 2.484237 -2.002998 5.009105 1.835338 -2.002328 5.272433 1.824208 -2.002317 5.245321 1.813804 -2.002306 5.217923 1.804149 -2.002296 5.190299 1.795235 -2.002287 5.162426 1.787051 -2.002278 5.134285 1.779616 -2.002270 5.105937 1.772949 -2.002264 5.077443 2.450535 -2.002964 4.892131 2.453133 -2.002966 4.909354 2.456493 -2.002970 4.926514 2.460593 -2.002974 4.943512 1.767046 -2.002257 5.048781 1.761899 -2.002252 5.019930 1.757520 -2.002248 4.990952 1.753922 -2.002244 4.961911 1.751101 -2.002241 4.932784 1.749050 -2.002239 4.903548 1.747775 -2.002238 4.874269 1.747283 -2.002237 4.845010 2.447715 -2.002961 4.822463 2.447283 -2.002960 4.839876 2.447613 -2.002961 4.857358 2.448698 -2.002962 4.874810 1.747574 -2.002237 4.815748 1.748642 -2.002238 4.786461 1.750487 -2.002240 4.757212 1.753108 -2.002243 4.728066 2.457035 -2.002970 4.753365 2.453586 -2.002967 4.770438 2.450875 -2.002964 4.787712 2.448914 -2.002962 4.805087 1.756507 -2.002247 4.699001 1.760682 -2.002251 4.669993 1.765626 -2.002256 4.641106 1.771329 -2.002262 4.612404 1.777799 -2.002269 4.583865 1.785034 -2.002276 4.555465 1.793020 -2.002284 4.527267 1.801742 -2.002293 4.499334 2.478212 -2.002992 4.686934 2.471852 -2.002986 4.703149 2.466182 -2.002980 4.719690 2.461233 -2.002975 4.736460 1.811208 -2.002303 4.471644 1.821422 -2.002314 4.444175 1.832360 -2.002325 4.416985 1.844001 -2.002337 4.390137 1.856356 -2.002350 4.363610 1.869432 -2.002363 4.337382 1.883199 -2.002377 4.311510 1.897628 -2.002392 4.286051 2.510604 -2.003026 4.625190 2.501524 -2.003016 4.640055 2.493068 -2.003007 4.655359 2.485282 -2.002999 4.671015 1.912732 -2.002408 4.260987 1.928523 -2.002424 4.236298 1.944963 -2.002441 4.212036 1.962015 -2.002459 4.188254 2.553224 -2.003070 4.570009 2.541702 -2.003058 4.583071 2.530716 -2.003046 4.596675 2.520329 -2.003036 4.610741 1.979696 -2.002477 4.164937 1.998021 -2.002496 4.142066 2.016947 -2.002516 4.119690 2.036431 -2.002536 4.097856 2.056492 -2.002557 4.076551 2.077144 -2.002578 4.055757 2.098342 -2.002600 4.035519 2.120035 -2.002622 4.015879 2.604780 -2.003123 4.523067 2.591164 -2.003109 4.533930 2.577983 -2.003095 4.545419 2.565312 -2.003082 4.557468 2.142246 -2.002645 3.996827 2.164992 -2.002669 3.978346 2.188220 -2.002693 3.960476 2.211879 -2.002717 3.943254 2.663704 -2.003184 4.485791 2.648408 -2.003168 4.494124 2.633432 -2.003152 4.503149 2.618861 -2.003137 4.512815 2.235990 -2.002742 3.926670 2.260570 -2.002767 3.910711 2.285567 -2.002793 3.895411 2.310923 -2.002819 3.880802 2.336660 -2.002846 3.866876 2.362798 -2.002873 3.853621 2.389278 -2.002900 3.841063 2.416043 -2.002928 3.829232 2.728205 -2.003250 4.459313 2.711695 -2.003233 4.464863 2.695379 -2.003216 4.471151 2.679351 -2.003200 4.478140 2.443114 -2.002956 3.818120 2.470513 -2.002984 3.807717 2.498178 -2.003013 3.798046 2.526049 -2.003042 3.789127 2.554149 -2.003071 3.780957 2.582498 -2.003100 3.773525 2.611034 -2.003129 3.766849 2.639695 -2.003159 3.760943 2.668504 -2.003189 3.755806 2.697483 -2.003219 3.751430 2.726567 -2.003249 3.747825 2.755693 -2.003279 3.744998 2.784885 -2.003309 3.742952 2.814164 -2.003339 3.741682 2.843467 -2.003369 3.741188 2.872729 -2.003400 3.741474 2.901973 -2.003430 3.742542 2.931221 -2.003460 3.744390 2.960411 -2.003490 3.747014 2.989476 -2.003520 3.750410 3.018441 -2.003550 3.754580 3.047327 -2.003580 3.759527 3.076072 -2.003610 3.765238 3.104612 -2.003639 3.771704 3.132969 -2.003669 3.778930 3.161167 -2.003698 3.786919 3.189142 -2.003727 3.795653 3.216833 -2.003755 3.805116 3.244261 -2.003783 3.815316 3.271448 -2.003812 3.826258 3.298337 -2.003839 3.837916 3.324866 -2.003867 3.850266 3.351055 -2.003894 3.863323 3.376926 -2.003921 3.877092 3.402422 -2.003947 3.891544 3.427488 -2.003973 3.906645 3.452141 -2.003998 3.922410 3.476401 -2.004023 3.938852 3.500217 -2.004048 3.955932 3.523536 -2.004072 3.973612 3.546373 -2.004096 3.991909 3.568749 -2.004119 4.010836 3.590614 -2.004141 4.030350 3.611921 -2.004163 4.050409 3.632684 -2.004185 4.071030 3.652921 -2.004206 4.092228 3.672589 -2.004226 4.113956 3.691643 -2.004246 4.136166 3.710096 -2.004265 4.158877 3.727965 -2.004283 4.182106 3.745212 -2.004301 4.205801 3.761798 -2.004318 4.229910 3.777733 -2.004335 4.254455 3.793032 -2.004350 4.279451 3.807662 -2.004366 4.304846 3.821591 -2.004380 4.330581 3.202665 -2.003741 4.657607 3.834827 -2.004394 4.356680 3.847383 -2.004407 4.383161 3.859231 -2.004419 4.409966 3.870344 -2.004430 4.437037 3.229143 -2.003768 4.722108 3.223592 -2.003762 4.705598 3.217304 -2.003756 4.689282 3.210316 -2.003748 4.673254 3.880730 -2.004441 4.464395 3.890400 -2.004451 4.492061 3.899332 -2.004460 4.519974 3.907506 -2.004469 4.548072 3.914926 -2.004476 4.576379 3.921601 -2.004483 4.604916 3.927515 -2.004489 4.633620 3.932655 -2.004495 4.662428 3.244018 -2.003783 4.790227 3.241419 -2.003781 4.773005 3.238059 -2.003777 4.755845 3.233960 -2.003773 4.738847 3.937023 -2.004499 4.691364 3.940627 -2.004503 4.720448 3.943458 -2.004506 4.749619 3.945506 -2.004508 4.778810 3.246838 -2.003786 4.859895 3.247269 -2.003787 4.842483 3.246940 -2.003786 4.825000 3.245854 -2.003785 4.807548 3.946773 -2.004509 4.808046 3.947265 -2.004510 4.837349 3.946979 -2.004509 4.866654 3.945914 -2.004508 4.895898 3.944067 -2.004506 4.925103 3.941441 -2.004504 4.954292 3.938042 -2.004500 4.983401 3.933873 -2.004496 5.012366 3.237518 -2.003777 4.928994 3.240966 -2.003780 4.911921 3.243677 -2.003783 4.894647 3.245639 -2.003785 4.877272 3.928932 -2.004491 5.041209 3.923218 -2.004485 5.069953 3.916744 -2.004478 5.098536 3.909522 -2.004471 5.126894 3.216340 -2.003755 4.995425 3.222700 -2.003761 4.979209 3.228371 -2.003767 4.962669 3.233320 -2.003772 4.945899 3.901544 -2.004462 5.155049 3.892807 -2.004453 5.183023 3.883330 -2.004444 5.210756 3.873134 -2.004433 5.238186 3.862208 -2.004422 5.265333 3.850547 -2.004410 5.292220 3.838176 -2.004397 5.318788 3.825123 -2.004384 5.344979 3.183949 -2.003721 5.057168 3.193028 -2.003730 5.042304 3.201484 -2.003739 5.026999 3.209271 -2.003747 5.011343 3.811375 -2.004369 5.370811 3.796921 -2.004354 5.396306 3.781796 -2.004339 5.421408 3.766033 -2.004322 5.446063 3.749617 -2.004306 5.470288 3.732535 -2.004288 5.494102 3.714827 -2.004270 5.517455 3.696533 -2.004251 5.540295 3.141328 -2.003677 5.112350 3.152850 -2.003689 5.099288 3.163836 -2.003700 5.085684 3.174223 -2.003711 5.071618 3.677635 -2.004231 5.562637 3.658118 -2.004211 5.584500 3.638029 -2.004190 5.605838 3.617411 -2.004169 5.626605 3.089772 -2.003624 5.159292 3.103388 -2.003638 5.148429 3.116569 -2.003652 5.136940 3.129241 -2.003665 5.124891 3.596245 -2.004147 5.646812 3.574515 -2.004125 5.666476 3.552270 -2.004102 5.685558 3.529562 -2.004078 5.704015 3.506369 -2.004054 5.721859 3.482672 -2.004030 5.739103 3.458526 -2.004005 5.755712 3.433983 -2.003980 5.771649 3.030849 -2.003563 5.196568 3.046144 -2.003579 5.188235 3.061120 -2.003594 5.179209 3.075691 -2.003609 5.169544 3.409023 -2.003954 5.786925 3.383627 -2.003927 5.801552 3.357853 -2.003901 5.815501 3.331756 -2.003874 5.828742 3.305316 -2.003847 5.841280 3.278509 -2.003819 5.853127 3.251398 -2.003791 5.864256 3.224040 -2.003763 5.874644 2.966347 -2.003496 5.223046 2.982857 -2.003513 5.217496 2.999173 -2.003530 5.211207 3.015201 -2.003547 5.204219 3.196415 -2.003734 5.884297 3.168502 -2.003705 5.893228 3.140361 -2.003676 5.901413 3.112055 -2.003647 5.908836 3.083561 -2.003617 5.915500 3.054856 -2.003588 5.921412 3.026005 -2.003558 5.926560 2.997070 -2.003528 5.930932 2.968029 -2.003498 5.934530 2.938859 -2.003468 5.937357 2.909624 -2.003438 5.939410 2.880388 -2.003408 5.940681 2.851129 -2.003377 5.941170 2.821823 -2.003347 5.940881 2.792536 -2.003317 5.939815 2.763331 -2.003287 5.937972 2.734185 -2.003257 5.935348 2.705077 -2.003226 5.931945 2.676068 -2.003197 5.927772 2.647225 -2.003167 5.922835 2.618523 -2.003137 5.917129 2.589941 -2.003108 5.910652 2.561541 -2.003078 5.903419 2.533385 -2.003049 5.895443 2.505453 -2.003020 5.886718 2.477721 -2.002992 5.877239 2.450250 -2.002963 5.867028 2.898228 -2.003426 5.237921 2.915451 -2.003444 5.235322 2.932610 -2.003462 5.231962 2.949609 -2.003479 5.227862 2.828560 -2.003354 5.240741 2.845973 -2.003372 5.241172 2.863455 -2.003390 5.240843 2.880907 -2.003408 5.239758 2.759462 -2.003283 5.231421 2.776535 -2.003300 5.234869 2.793809 -2.003318 5.237581 2.811184 -2.003336 5.239543 2.693031 -2.003214 5.210244 2.709246 -2.003231 5.216604 2.725787 -2.003248 5.222274 2.742557 -2.003265 5.227223 2.631287 -2.003150 5.177852 2.646152 -2.003166 5.186931 2.661456 -2.003181 5.195388 2.677112 -2.003198 5.203174 2.576106 -2.003093 5.135231 2.589168 -2.003107 5.146754 2.602771 -2.003121 5.157740 2.616838 -2.003135 5.168127 2.529164 -2.003045 5.083676 2.540027 -2.003056 5.097291 2.551516 -2.003068 5.110472 2.563565 -2.003080 5.123144 2.500221 -2.003015 5.040047 2.509247 -2.003024 5.055023 2.518913 -2.003034 5.069594 3.001521 -2.003533 4.472115 3.063265 -2.003597 4.504507 3.048401 -2.003581 4.495428 3.033096 -2.003565 4.486971 3.017440 -2.003549 4.479185 3.118447 -2.003653 4.547127 3.105385 -2.003640 4.535604 3.091781 -2.003626 4.524619 3.077715 -2.003611 4.514232 3.165388 -2.003702 4.598683 3.154526 -2.003691 4.585067 3.143036 -2.003679 4.571887 3.130987 -2.003666 4.559215 3.194331 -2.003732 4.642312 3.185305 -2.003723 4.627336 3.175640 -2.003713 4.612764 2.796324 -2.003321 4.444438 2.779102 -2.003303 4.447037 2.761942 -2.003285 4.450397 2.744944 -2.003268 4.454496 2.865992 -2.003393 4.441617 2.848579 -2.003375 4.441186 2.831097 -2.003357 4.441516 2.813645 -2.003339 4.442601 2.935091 -2.003464 4.450938 2.918018 -2.003446 4.447489 2.900744 -2.003429 4.444777 2.883369 -2.003411 4.442816 2.985306 -2.003516 4.465755 2.968766 -2.003499 4.460085 2.951995 -2.003482 4.455136 2.780549 -2.003304 4.975510 2.780626 -1.928307 4.975510 2.771873 -2.003295 4.970830 2.772028 -1.853296 4.970830 2.763515 -2.003287 4.965603 2.763748 -1.778284 4.965603 2.755585 -2.003279 4.959892 2.755895 -1.703279 4.959892 2.763825 -1.703287 4.965603 2.772183 -1.703296 4.970830 2.780859 -1.703305 4.975510 2.789744 -1.703314 4.979578 2.827225 -2.003353 4.989833 2.817590 -2.003343 4.988203 2.817667 -1.928346 4.988203 2.807998 -2.003333 4.985929 2.808153 -1.853333 4.985929 2.798573 -2.003323 4.983043 2.798805 -1.778320 4.983043 2.798882 -1.703323 4.983043 2.808308 -1.703333 4.985929 2.817899 -1.703343 4.988203 2.827535 -1.703353 4.989833 2.866693 -1.703393 4.989957 2.856886 -1.778380 4.990877 2.856963 -1.703383 4.990877 2.846955 -1.853373 4.991162 2.847110 -1.703373 4.991162 2.837026 -1.928366 4.990814 2.837259 -1.703363 4.990814 2.727984 -2.003250 4.932116 2.734243 -1.928259 4.939685 2.734166 -2.003257 4.939684 2.741041 -1.853264 4.946897 2.740886 -2.003263 4.946897 2.748288 -1.778268 4.953662 2.748055 -2.003271 4.953662 2.748365 -1.703271 4.953662 2.741196 -1.703264 4.946897 2.734476 -1.703257 4.939684 2.728294 -1.703250 4.932116 2.708513 -2.003230 4.898142 2.712603 -1.928237 4.907053 2.712524 -2.003234 4.907053 2.717304 -1.853239 4.915759 2.717149 -2.003239 4.915759 2.722556 -1.778242 4.924149 2.722323 -2.003244 4.924149 2.722633 -1.703244 4.924149 2.717459 -1.703239 4.915759 2.712834 -1.703234 4.907053 2.708823 -1.703230 4.898142 2.698498 -2.003220 4.860286 2.700145 -1.928224 4.869932 2.700067 -2.003221 4.869932 2.702436 -1.853224 4.879538 2.702281 -2.003224 4.879538 2.705339 -1.778224 4.888982 2.705107 -2.003226 4.888981 2.705417 -1.703227 4.888981 2.702591 -1.703224 4.879538 2.700377 -1.703221 4.869932 2.698808 -1.703220 4.860286 2.698622 -2.003220 4.821129 2.697719 -1.928222 4.830852 2.697641 -2.003219 4.830852 2.697449 -1.853219 4.840703 2.697293 -2.003218 4.840703 2.697811 -1.778216 4.850557 2.697579 -2.003219 4.850557 2.697889 -1.703219 4.850557 2.697603 -1.703219 4.840703 2.697951 -1.703219 4.830852 2.698932 -1.703220 4.821129 2.705491 -1.928230 4.792476 2.705413 -2.003227 4.792476 2.702682 -1.853224 4.801901 2.702528 -2.003224 4.801901 2.700485 -1.778219 4.811493 2.700253 -2.003221 4.811493 2.700563 -1.703222 4.811493 2.702838 -1.703224 4.801901 2.705723 -1.703227 4.792476 2.709210 -1.703231 4.783347 2.728564 -2.003251 4.749488 2.722930 -1.928248 4.757418 2.722853 -2.003245 4.757419 2.717780 -1.853239 4.765776 2.717626 -2.003239 4.765776 2.713178 -1.778232 4.774452 2.712946 -2.003235 4.774452 2.713256 -1.703235 4.774452 2.717936 -1.703240 4.765776 2.723163 -1.703245 4.757419 2.728874 -1.703251 4.749488 2.756340 -2.003279 4.721887 2.748848 -1.928274 4.728069 2.748771 -2.003272 4.728069 2.741714 -1.853264 4.734789 2.741559 -2.003264 4.734789 2.735026 -1.778254 4.741958 2.734793 -2.003257 4.741958 2.735103 -1.703257 4.741958 2.741869 -1.703264 4.734789 2.749081 -1.703272 4.728069 2.756650 -1.703280 4.721887 2.790314 -2.003315 4.702416 2.781480 -1.928308 4.706428 2.781403 -2.003305 4.706429 2.772852 -1.853296 4.711052 2.772697 -2.003296 4.711053 2.764539 -1.778285 4.716227 2.764306 -2.003288 4.716227 2.764616 -1.703288 4.716227 2.773007 -1.703297 4.711053 2.781712 -1.703305 4.706429 2.790624 -1.703315 4.702416 2.828169 -2.003354 4.692401 2.818601 -1.928346 4.693970 2.818523 -2.003344 4.693970 2.809072 -1.853334 4.696184 2.808917 -2.003334 4.696183 2.799706 -1.778321 4.699010 2.799473 -2.003324 4.699009 2.799783 -1.703324 4.699009 2.809227 -1.703334 4.696183 2.818833 -1.703344 4.693970 2.828479 -1.703354 4.692401 2.867327 -2.003394 4.692525 2.857681 -1.928387 4.691545 2.857604 -2.003384 4.691545 2.847907 -1.853374 4.691197 2.847752 -2.003374 4.691197 2.838131 -1.778361 4.691482 2.837899 -2.003364 4.691482 2.838209 -1.703364 4.691482 2.848062 -1.703374 4.691197 2.857913 -1.703384 4.691545 2.867637 -1.703394 4.692525 2.905428 -1.703433 4.702780 2.896290 -1.703424 4.699316 2.896212 -1.778421 4.699316 2.886864 -1.703414 4.696431 2.886709 -1.853414 4.696430 2.877273 -1.703404 4.694156 2.877040 -1.928407 4.694156 2.876963 -2.003404 4.694156 2.886554 -2.003414 4.696431 2.895980 -2.003424 4.699316 2.939277 -1.703468 4.722467 2.931347 -1.703460 4.716755 2.931270 -1.778457 4.716755 2.922990 -1.703451 4.711529 2.922835 -1.853451 4.711528 2.914314 -1.703442 4.706849 2.914081 -1.928445 4.706849 2.914004 -2.003442 4.706849 2.922680 -2.003451 4.711529 2.931037 -2.003460 4.716755 2.938968 -2.003468 4.722467 2.966568 -2.003497 4.750243 2.960464 -1.928493 4.742674 2.960386 -2.003490 4.742674 2.953822 -1.853483 4.735462 2.953666 -2.003483 4.735462 2.946730 -1.778473 4.728697 2.946497 -2.003476 4.728696 2.946807 -1.703476 4.728696 2.953976 -1.703483 4.735462 2.960696 -1.703490 4.742674 2.966878 -1.703497 4.750243 2.986039 -2.003517 4.784217 2.982105 -1.928515 4.775306 2.982028 -2.003513 4.775305 2.977558 -1.853508 4.766600 2.977404 -2.003508 4.766600 2.972462 -1.778500 4.758210 2.972230 -2.003502 4.758210 2.972540 -1.703503 4.758210 2.977714 -1.703508 4.766600 2.982338 -1.703513 4.775305 2.986349 -1.703517 4.784217 2.996054 -2.003527 4.822072 2.994562 -1.928528 4.812427 2.994485 -2.003525 4.812427 2.992426 -1.853523 4.802821 2.992271 -2.003523 4.802821 2.989678 -1.778518 4.793377 2.989445 -2.003520 4.793377 2.989755 -1.703520 4.793377 2.992581 -1.703523 4.802821 2.994795 -1.703526 4.812427 2.996364 -1.703527 4.822072 2.995930 -2.003527 4.861230 2.996988 -1.928531 4.851507 2.996911 -2.003528 4.851507 2.997414 -1.853528 4.841655 2.997259 -2.003528 4.841656 2.997206 -1.778525 4.831802 2.996973 -2.003528 4.831802 2.997283 -1.703528 4.831802 2.997569 -1.703528 4.841656 2.997221 -1.703528 4.851507 2.996240 -1.703527 4.861230 2.989217 -1.928523 4.889883 2.989139 -2.003520 4.889883 2.992180 -1.853523 4.880457 2.992025 -2.003523 4.880457 2.994532 -1.778523 4.870866 2.994299 -2.003525 4.870866 2.994609 -1.703525 4.870866 2.992334 -1.703523 4.880457 2.989449 -1.703520 4.889883 2.985985 -1.703516 4.899021 2.965989 -2.003496 4.932871 2.971778 -1.928505 4.924941 2.971700 -2.003502 4.924940 2.977082 -1.853507 4.916583 2.976927 -2.003507 4.916583 2.981839 -1.778509 4.907907 2.981606 -2.003512 4.907907 2.981916 -1.703512 4.907907 2.977236 -1.703508 4.916583 2.972010 -1.703502 4.924940 2.966299 -1.703496 4.932871 2.938212 -2.003467 4.960472 2.945859 -1.928478 4.954289 2.945782 -2.003475 4.954289 2.953148 -1.853483 4.947570 2.952994 -2.003483 4.947570 2.959991 -1.778487 4.940401 2.959760 -2.003490 4.940401 2.960069 -1.703490 4.940401 2.953304 -1.703483 4.947570 2.946091 -1.703475 4.954289 2.938522 -1.703467 4.960472 2.904239 -2.003432 4.979943 2.913227 -1.928444 4.975931 2.913150 -2.003441 4.975930 2.922010 -1.853450 4.971306 2.921855 -2.003450 4.971306 2.930478 -1.778456 4.966132 2.930246 -2.003459 4.966132 2.930556 -1.703459 4.966132 2.922165 -1.703451 4.971306 2.913460 -1.703442 4.975930 2.904549 -1.703432 4.979943 2.866383 -2.003393 4.989957 2.876107 -1.928406 4.988389 2.876029 -2.003403 4.988389 2.885790 -1.853413 4.986175 2.885635 -2.003413 4.986176 2.895311 -1.778420 4.983349 2.895079 -2.003423 4.983350 2.895389 -1.703423 4.983350 2.885945 -1.703413 4.986176 2.876339 -1.703403 4.988389 2.836949 -2.003363 4.990814 2.846800 -2.003373 4.991162 2.856654 -2.003383 4.990877 3.237166 -2.343776 4.928994 3.123723 -2.343659 4.956863 3.129207 -2.343665 4.942730 3.133994 -2.343670 4.928263 3.138051 -2.343674 4.913574 3.141344 -2.343677 4.898776 3.232968 -2.343772 4.945899 3.228019 -2.343767 4.962669 3.222349 -2.343761 4.979209 3.215989 -2.343754 4.995425 3.208920 -2.343747 5.011343 3.201133 -2.343739 5.026999 3.192677 -2.343730 5.042304 3.183598 -2.343721 5.057168 3.246487 -2.343786 4.859895 3.245288 -2.343785 4.877272 3.243326 -2.343783 4.894647 3.240615 -2.343780 4.911921 3.143872 -2.343680 4.883829 3.145649 -2.343682 4.868694 3.146665 -2.343683 4.853489 3.146911 -2.343683 4.838331 3.243666 -2.343783 4.790227 3.245503 -2.343785 4.807548 3.246589 -2.343786 4.825000 3.246918 -2.343786 4.842483 3.146378 -2.343682 4.823181 3.145072 -2.343681 4.807998 3.143007 -2.343679 4.792900 3.140197 -2.343676 4.778003 3.228791 -2.343768 4.722108 3.233608 -2.343773 4.738847 3.237708 -2.343777 4.755845 3.241068 -2.343780 4.773005 3.136625 -2.343672 4.763269 3.132290 -2.343668 4.748661 3.127228 -2.343663 4.734287 3.121476 -2.343657 4.720261 3.202314 -2.343740 4.657607 3.209964 -2.343748 4.673254 3.216953 -2.343755 4.689282 3.223241 -2.343762 4.705598 3.115011 -2.343650 4.706548 3.107824 -2.343643 4.693111 3.099973 -2.343635 4.680050 3.091516 -2.343626 4.667469 3.165037 -2.343702 4.598683 3.175289 -2.343712 4.612764 3.184954 -2.343722 4.627336 3.193980 -2.343732 4.642312 3.082423 -2.343616 4.655339 3.072678 -2.343606 4.643623 3.062358 -2.343596 4.632410 3.051541 -2.343584 4.621789 3.118095 -2.343653 4.547127 3.130636 -2.343666 4.559215 3.142685 -2.343679 4.571887 3.154175 -2.343691 4.585067 3.062914 -2.343596 4.504507 3.077364 -2.343611 4.514232 3.091430 -2.343626 4.524619 3.105033 -2.343640 4.535604 3.040192 -2.343573 4.611738 3.028289 -2.343561 4.602223 3.015923 -2.343548 4.593317 3.003190 -2.343535 4.585091 3.001170 -2.343533 4.472115 3.017089 -2.343549 4.479185 3.032745 -2.343565 4.486971 3.048050 -2.343581 4.495428 2.990050 -2.343521 4.577530 2.976474 -2.343507 4.570607 2.962569 -2.343493 4.564373 2.948441 -2.343478 4.558877 2.934739 -2.343464 4.450938 2.951644 -2.343481 4.455136 2.968414 -2.343499 4.460085 2.984955 -2.343516 4.465755 2.934048 -2.343463 4.554115 2.919357 -2.343448 4.550067 2.904481 -2.343433 4.546760 2.889536 -2.343417 4.544221 2.865641 -2.343392 4.441617 2.883017 -2.343410 4.442816 2.900392 -2.343428 4.444777 2.917667 -2.343446 4.447489 2.874479 -2.343402 4.542454 2.859274 -2.343386 4.541446 2.844037 -2.343370 4.541201 2.828886 -2.343355 4.541722 2.795973 -2.343321 4.444438 2.813294 -2.343338 4.442601 2.830746 -2.343356 4.441516 2.848228 -2.343375 4.441186 2.813782 -2.343339 4.543022 2.798685 -2.343323 4.545095 2.783711 -2.343308 4.547922 2.768975 -2.343293 4.551483 2.727854 -2.343250 4.459313 2.744593 -2.343267 4.454496 2.761591 -2.343285 4.450397 2.778750 -2.343303 4.447037 2.754442 -2.343278 4.555797 2.740071 -2.343263 4.560866 2.725972 -2.343248 4.566649 2.712256 -2.343234 4.573104 2.663352 -2.343183 4.485791 2.679000 -2.343200 4.478140 2.695028 -2.343216 4.471151 2.711344 -2.343233 4.464863 2.604429 -2.343123 4.523067 2.618510 -2.343137 4.512815 2.633081 -2.343152 4.503149 2.648057 -2.343168 4.494124 2.698889 -2.343220 4.580256 2.685832 -2.343207 4.588115 2.673186 -2.343194 4.596617 2.661049 -2.343181 4.605701 2.552873 -2.343069 4.570009 2.564960 -2.343082 4.557468 2.577632 -2.343095 4.545419 2.590813 -2.343109 4.533930 2.649395 -2.343169 4.615396 2.638188 -2.343157 4.625722 2.627512 -2.343147 4.636597 2.617453 -2.343136 4.647938 2.510252 -2.343025 4.625190 2.519978 -2.343035 4.610741 2.530365 -2.343046 4.596675 2.541351 -2.343057 4.583071 2.607989 -2.343126 4.659780 2.599089 -2.343117 4.672151 2.590821 -2.343109 4.684952 2.583251 -2.343101 4.698086 2.477861 -2.342992 4.686934 2.484930 -2.342999 4.671015 2.492717 -2.343007 4.655359 2.501173 -2.343016 4.640055 2.576366 -2.343094 4.711592 2.570139 -2.343087 4.725501 2.564617 -2.343082 4.739703 2.559844 -2.343077 4.754092 2.456683 -2.342970 4.753365 2.460882 -2.342974 4.736460 2.465831 -2.342980 4.719690 2.471501 -2.342985 4.703149 2.555817 -2.343072 4.768707 2.552517 -2.343069 4.783585 2.549968 -2.343066 4.798609 2.548190 -2.343065 4.813664 2.447363 -2.342960 4.822463 2.448562 -2.342962 4.805087 2.450524 -2.342964 4.787712 2.453235 -2.342967 4.770438 2.547188 -2.343064 4.828791 2.546951 -2.343063 4.844027 2.547477 -2.343064 4.859257 2.548766 -2.343065 4.874362 2.450184 -2.342963 4.892131 2.448347 -2.342961 4.874810 2.447261 -2.342960 4.857358 2.446932 -2.342960 4.839876 2.550830 -2.343067 4.889381 2.553665 -2.343070 4.904354 2.557246 -2.343074 4.919166 2.561549 -2.343078 4.933702 2.465059 -2.342979 4.960250 2.460242 -2.342974 4.943512 2.456142 -2.342969 4.926514 2.452782 -2.342966 4.909354 2.491537 -2.343006 5.024752 2.483886 -2.342998 5.009105 2.476897 -2.342991 4.993076 2.470609 -2.342984 4.976760 2.566593 -2.343084 4.947998 2.572384 -2.343090 4.962094 2.578874 -2.343096 4.975882 2.586015 -2.343104 4.989254 2.528813 -2.343045 5.083676 2.518561 -2.343034 5.069594 2.508896 -2.343024 5.055023 2.499870 -2.343015 5.040047 2.593834 -2.343112 5.002242 2.602344 -2.343121 5.014883 2.611476 -2.343130 5.027082 2.621163 -2.343140 5.038743 2.575755 -2.343093 5.135231 2.563214 -2.343080 5.123144 2.551165 -2.343068 5.110472 2.539675 -2.343056 5.097291 2.631437 -2.343151 5.049891 2.642317 -2.343162 5.060561 2.653718 -2.343174 5.070672 2.665554 -2.343186 5.080145 2.630936 -2.343150 5.177852 2.616486 -2.343135 5.168127 2.602420 -2.343121 5.157740 2.588816 -2.343107 5.146754 2.677861 -2.343198 5.088996 2.690667 -2.343212 5.097258 2.703869 -2.343225 5.104867 2.717370 -2.343239 5.111763 2.692680 -2.343214 5.210244 2.676761 -2.343197 5.203174 2.661105 -2.343181 5.195388 2.645800 -2.343165 5.186931 2.731207 -2.343254 5.117956 2.745414 -2.343268 5.123470 2.759878 -2.343283 5.128265 2.774490 -2.343298 5.132303 2.759110 -2.343282 5.231421 2.742206 -2.343265 5.227223 2.725436 -2.343248 5.222274 2.708895 -2.343231 5.216604 2.789290 -2.343314 5.135584 2.804316 -2.343329 5.138126 2.819450 -2.343345 5.139912 2.834576 -2.343360 5.140925 2.828209 -2.343354 5.240741 2.810833 -2.343336 5.239543 2.793457 -2.343318 5.237581 2.776183 -2.343300 5.234869 2.897877 -2.343426 5.237921 2.880556 -2.343408 5.239758 2.863104 -2.343390 5.240843 2.845622 -2.343372 5.241172 2.849733 -2.343376 5.141160 2.864963 -2.343392 5.140625 2.880146 -2.343407 5.139328 2.895167 -2.343423 5.137275 2.965996 -2.343496 5.223046 2.949257 -2.343479 5.227862 2.932259 -2.343461 5.231962 2.915099 -2.343444 5.235322 2.910061 -2.343438 5.134453 2.924871 -2.343454 5.130864 2.939483 -2.343469 5.126537 2.953783 -2.343484 5.121503 3.030497 -2.343563 5.196568 3.014850 -2.343547 5.204219 2.998822 -2.343530 5.211207 2.982506 -2.343513 5.217496 2.967805 -2.343498 5.115741 2.981589 -2.343512 5.109244 2.995031 -2.343526 5.102064 3.008024 -2.343540 5.094254 3.089421 -2.343624 5.159292 3.075340 -2.343609 5.169544 3.060769 -2.343594 5.179209 3.045793 -2.343579 5.188235 3.020599 -2.343553 5.085787 3.032793 -2.343565 5.076648 3.044515 -2.343577 5.066910 3.055670 -2.343589 5.056645 3.140977 -2.343677 5.112350 3.128890 -2.343664 5.124891 3.116218 -2.343651 5.136940 3.103037 -2.343638 5.148429 3.066283 -2.343600 5.045820 3.076389 -2.343610 5.034414 3.085910 -2.343620 5.022515 3.094770 -2.343629 5.010214 3.173872 -2.343711 5.071618 3.163485 -2.343700 5.085684 3.152499 -2.343689 5.099288 3.102986 -2.343638 4.997474 3.110588 -2.343646 4.984267 3.117519 -2.343653 4.970695 3.117607 -2.258656 4.970696 3.110764 -2.173646 4.984267 3.103250 -2.088635 4.997475 3.138140 -2.258677 4.913574 3.134171 -2.173670 4.928263 3.129471 -2.088662 4.942730 3.146753 -2.258686 4.853489 3.145824 -2.173682 4.868694 3.144134 -2.088677 4.883829 3.143095 -2.258682 4.792900 3.145248 -2.173681 4.807998 3.146641 -2.088680 4.823181 3.127316 -2.258666 4.734287 3.132465 -2.173668 4.748661 3.136888 -2.088669 4.763270 3.100061 -2.258638 4.680050 3.108000 -2.173643 4.693111 3.115275 -2.088647 4.706548 3.062446 -2.258599 4.632411 3.072853 -2.173606 4.643623 3.082686 -2.088613 4.655339 3.016011 -2.258551 4.593317 3.028464 -2.173561 4.602223 3.040456 -2.088570 4.611738 2.962658 -2.258496 4.564372 2.976650 -2.173507 4.570607 2.990314 -2.088518 4.577530 2.904569 -2.258436 4.546759 2.919533 -2.173448 4.550067 2.934311 -2.088460 4.554116 2.844125 -2.258373 4.541200 2.859449 -2.173386 4.541446 2.874743 -2.088399 4.542454 2.783799 -2.258311 4.547922 2.798861 -2.173323 4.545095 2.814046 -2.088336 4.543023 2.726060 -2.258252 4.566650 2.740247 -2.173263 4.560867 2.754706 -2.088275 4.555798 2.673274 -2.258197 4.596617 2.686008 -2.173207 4.588114 2.699152 -2.088217 4.580256 2.627600 -2.258150 4.636597 2.638364 -2.173158 4.625722 2.649659 -2.088166 4.615396 2.590909 -2.258112 4.684952 2.599266 -2.173117 4.672151 2.608252 -2.088123 4.659780 2.564704 -2.258085 4.739703 2.570314 -2.173087 4.725500 2.576628 -2.088091 4.711591 2.550055 -2.258070 4.798609 2.552693 -2.173069 4.783585 2.556081 -2.088069 4.768707 2.547565 -2.258067 4.859257 2.547126 -2.173063 4.844027 2.547451 -2.088060 4.828791 2.557334 -2.258077 4.919166 2.553840 -2.173070 4.904354 2.551093 -2.088064 4.889381 2.578962 -2.258100 4.975882 2.572560 -2.173090 4.962093 2.566857 -2.088081 4.947998 2.611564 -2.258133 5.027082 2.602520 -2.173121 5.014883 2.594098 -2.088109 5.002242 2.653806 -2.258177 5.070672 2.642492 -2.173162 5.060561 2.631700 -2.088148 5.049891 2.703957 -2.258229 5.104867 2.690842 -2.173212 5.097258 2.678125 -2.088196 5.088996 2.759966 -2.258286 5.128266 2.745589 -2.173268 5.123470 2.731470 -2.088251 5.117956 2.819537 -2.258348 5.139912 2.804491 -2.173329 5.138126 2.789554 -2.088311 5.135584 2.880234 -2.258411 5.139328 2.865139 -2.173392 5.140625 2.849997 -2.088373 5.141160 2.939571 -2.258472 5.126537 2.925047 -2.173454 5.130864 2.910325 -2.088435 5.134454 2.995118 -2.258529 5.102064 2.981765 -2.173512 5.109243 2.968068 -2.088495 5.115741 3.044602 -2.258581 5.066910 3.032969 -2.173565 5.076649 3.020863 -2.088550 5.085788 3.085997 -2.258623 5.022515 3.076564 -2.173610 5.034413 3.066547 -2.088597 5.045820 2.450328 -1.927966 5.867028 2.477876 -1.852992 5.877240 2.505685 -1.778018 5.886718 2.533695 -1.703049 5.895443 2.505763 -1.703020 5.886718 2.478031 -1.702992 5.877239 2.450560 -1.702963 5.867028 2.423412 -1.702935 5.856106 2.343536 -1.927856 5.819015 2.369843 -1.852880 5.832089 2.396488 -1.777905 5.844462 2.396565 -1.702908 5.844461 2.369998 -1.702880 5.832088 2.343769 -1.702853 5.819015 2.317935 -1.702826 5.805269 2.242453 -1.927751 5.759923 2.267222 -1.852774 5.775711 2.292400 -1.777797 5.790837 2.292478 -1.702800 5.790838 2.267376 -1.702774 5.775711 2.242685 -1.702749 5.759923 2.218459 -1.702724 5.743509 2.148223 -1.927654 5.690421 2.171174 -1.852675 5.708744 2.194603 -1.777696 5.726453 2.194680 -1.702699 5.726453 2.171329 -1.702675 5.708744 2.148456 -1.702651 5.690421 2.126111 -1.702628 5.671525 2.061915 -1.927565 5.611297 2.082789 -1.852584 5.631947 2.104203 -1.777603 5.652038 2.104280 -1.702606 5.652039 2.082944 -1.702584 5.631947 2.062148 -1.702562 5.611297 2.041939 -1.702541 5.590133 1.984506 -1.927485 5.523447 2.003067 -1.852501 5.546191 2.022225 -1.777518 5.568436 2.022302 -1.702521 5.568436 2.003222 -1.702501 5.546191 1.984739 -1.702482 5.523447 1.966894 -1.702464 5.500255 1.916874 -1.927415 5.427867 1.932913 -1.852429 5.452446 1.949598 -1.777443 5.476593 1.949675 -1.702446 5.476593 1.933068 -1.702429 5.452446 1.917106 -1.702412 5.427867 1.901827 -1.702396 5.402909 1.859784 -1.927356 5.325639 1.873119 -1.852367 5.351776 1.887144 -1.777379 5.377552 1.887222 -1.702381 5.377552 1.873275 -1.702367 5.351776 1.860017 -1.702353 5.325639 1.847477 -1.702340 5.299199 1.813884 -1.927309 5.217923 1.824366 -1.852317 5.245320 1.835572 -1.777325 5.272432 1.835648 -1.702328 5.272433 1.824518 -1.702317 5.245321 1.814114 -1.702306 5.217923 1.804459 -1.702296 5.190299 1.779693 -1.927273 5.105937 1.787204 -1.852278 5.134285 1.795465 -1.777284 5.162427 1.795545 -1.702287 5.162426 1.787361 -1.702278 5.134285 1.779926 -1.702271 5.105937 1.773259 -1.702264 5.077443 1.757600 -1.927250 4.990952 1.762056 -1.852252 5.019930 1.767279 -1.777255 5.048781 1.767356 -1.702258 5.048781 1.762209 -1.702252 5.019930 1.757830 -1.702248 4.990952 1.754232 -1.702244 4.961911 1.747854 -1.927240 4.874269 1.749205 -1.852239 4.903549 1.751332 -1.777238 4.932784 1.751411 -1.702241 4.932784 1.749360 -1.702239 4.903548 1.748085 -1.702238 4.874269 1.747593 -1.702237 4.845010 1.750565 -1.927243 4.757212 1.748797 -1.852238 4.786461 1.747805 -1.777235 4.815749 1.747884 -1.702237 4.815748 1.748952 -1.702239 4.786461 1.750797 -1.702241 4.757212 1.753417 -1.702243 4.728066 1.765704 -1.927259 4.641107 1.760837 -1.852251 4.669993 1.756738 -1.777244 4.699001 1.756816 -1.702247 4.699001 1.760992 -1.702251 4.669993 1.765936 -1.702256 4.641106 1.771639 -1.702262 4.612404 1.793098 -1.927287 4.527267 1.785189 -1.852276 4.555465 1.778030 -1.777266 4.583865 1.778109 -1.702269 4.583865 1.785344 -1.702276 4.555465 1.793330 -1.702284 4.527267 1.802052 -1.702293 4.499334 1.832438 -1.927328 4.416985 1.821576 -1.852314 4.444174 1.811440 -1.777300 4.471644 1.811518 -1.702303 4.471644 1.821732 -1.702314 4.444175 1.832670 -1.702325 4.416985 1.844311 -1.702337 4.390137 1.883276 -1.927380 4.311510 1.869587 -1.852363 4.337382 1.856588 -1.777347 4.363610 1.856666 -1.702350 4.363610 1.869742 -1.702363 4.337382 1.883509 -1.702378 4.311510 1.897938 -1.702393 4.286051 1.945039 -1.927444 4.212035 1.928677 -1.852424 4.236297 1.912965 -1.777405 4.260987 1.913042 -1.702408 4.260987 1.928833 -1.702424 4.236298 1.945273 -1.702441 4.212036 1.962324 -1.702459 4.188254 2.017024 -1.927518 4.119689 1.998177 -1.852496 4.142066 1.979930 -1.777474 4.164938 1.980006 -1.702477 4.164937 1.998331 -1.702496 4.142066 2.017257 -1.702516 4.119690 2.036741 -1.702536 4.097856 2.098418 -1.927603 4.035518 2.077299 -1.852578 4.055757 2.056725 -1.777554 4.076551 2.056802 -1.702557 4.076551 2.077454 -1.702578 4.055757 2.098651 -1.702600 4.035519 2.120345 -1.702622 4.015879 2.188297 -1.927695 3.960475 2.165147 -1.852669 3.978346 2.142480 -1.777642 3.996828 2.142556 -1.702645 3.996827 2.165302 -1.702669 3.978346 2.188530 -1.702693 3.960476 2.212189 -1.702717 3.943254 2.285644 -1.927796 3.895411 2.260726 -1.852767 3.910712 2.236223 -1.777739 3.926671 2.236300 -1.702742 3.926670 2.260880 -1.702767 3.910711 2.285876 -1.702793 3.895411 2.311232 -1.702819 3.880802 2.389355 -1.927903 3.841063 2.362953 -1.852873 3.853621 2.336892 -1.777843 3.866876 2.336970 -1.702846 3.866876 2.363108 -1.702873 3.853621 2.389588 -1.702900 3.841063 2.416353 -1.702928 3.829232 2.498256 -1.928016 3.798047 2.470668 -1.852984 3.807718 2.443347 -1.777953 3.818121 2.443424 -1.702956 3.818120 2.470823 -1.702984 3.807717 2.498488 -1.703013 3.798046 2.526359 -1.703042 3.789127 2.611112 -1.928132 3.766849 2.582653 -1.853100 3.773526 2.554381 -1.778068 3.780957 2.554459 -1.703071 3.780957 2.582808 -1.703100 3.773525 2.611344 -1.703129 3.766849 2.640005 -1.703159 3.760943 2.726644 -1.928252 3.747825 2.697637 -1.853219 3.751430 2.668737 -1.778186 3.755805 2.668814 -1.703189 3.755806 2.697792 -1.703219 3.751430 2.726877 -1.703249 3.747825 2.756003 -1.703279 3.744998 2.843545 -1.928372 3.741188 2.814319 -1.853339 3.741682 2.785117 -1.778306 3.742952 2.785195 -1.703309 3.742952 2.814474 -1.703339 3.741682 2.843777 -1.703370 3.741188 2.873039 -1.703400 3.741474 2.960488 -1.928493 3.747014 2.931376 -1.853460 3.744390 2.902205 -1.778427 3.742542 2.902283 -1.703430 3.742542 2.931531 -1.703460 3.744390 2.960720 -1.703490 3.747014 2.989786 -1.703520 3.750410 3.076150 -1.928613 3.765239 3.047482 -1.853580 3.759527 3.018673 -1.778547 3.754580 3.018751 -1.703550 3.754580 3.047637 -1.703580 3.759527 3.076382 -1.703610 3.765238 3.104922 -1.703639 3.771704 3.189219 -1.928729 3.795654 3.161321 -1.853698 3.786919 3.133202 -1.778666 3.778929 3.133279 -1.703669 3.778930 3.161476 -1.703698 3.786919 3.189452 -1.703727 3.795653 3.217143 -1.703755 3.805116 3.298415 -1.928842 3.837915 3.271604 -1.853812 3.826256 3.244494 -1.778781 3.815315 3.244571 -1.703784 3.815316 3.271758 -1.703812 3.826258 3.298647 -1.703839 3.837916 3.325176 -1.703867 3.850266 3.402500 -1.928950 3.891543 3.377081 -1.853921 3.877092 3.351287 -1.778891 3.863323 3.351365 -1.703894 3.863323 3.377235 -1.703921 3.877092 3.402732 -1.703947 3.891544 3.427798 -1.703973 3.906645 3.500295 -1.929051 3.955932 3.476556 -1.854023 3.938853 3.452373 -1.778995 3.922411 3.452451 -1.703998 3.922410 3.476711 -1.704023 3.938852 3.500527 -1.704048 3.955932 3.523846 -1.704072 3.973612 3.590692 -1.929144 4.030350 3.568904 -1.854119 4.010836 3.546605 -1.779093 3.991909 3.546683 -1.704096 3.991909 3.569059 -1.704119 4.010836 3.590924 -1.704141 4.030350 3.612231 -1.704163 4.050409 3.672666 -1.929229 4.113956 3.653076 -1.854206 4.092228 3.632917 -1.779182 4.071030 3.632994 -1.704185 4.071030 3.653231 -1.704206 4.092228 3.672899 -1.704226 4.113956 3.691953 -1.704246 4.136166 3.745290 -1.929304 4.205801 3.728121 -1.854283 4.182106 3.710329 -1.779262 4.158877 3.710406 -1.704265 4.158877 3.728275 -1.704283 4.182106 3.745522 -1.704301 4.205801 3.762108 -1.704318 4.229910 3.807739 -1.929368 4.304845 3.793187 -1.854350 4.279451 3.777965 -1.779332 4.254455 3.778043 -1.704335 4.254455 3.793341 -1.704351 4.279451 3.807972 -1.704366 4.304846 3.821900 -1.704380 4.330581 3.859307 -1.929422 4.409967 3.847537 -1.854407 4.383162 3.835059 -1.779391 4.356680 3.835137 -1.704394 4.356680 3.847693 -1.704407 4.383161 3.859541 -1.704419 4.409966 3.870654 -1.704430 4.437037 3.899409 -1.929463 4.519974 3.890555 -1.854451 4.492061 3.880963 -1.779438 4.464395 3.881040 -1.704441 4.464395 3.890710 -1.704451 4.492061 3.899642 -1.704460 4.519974 3.907816 -1.704469 4.548072 3.927591 -1.929492 4.633620 3.921755 -1.854483 4.604916 3.915158 -1.779474 4.576379 3.915236 -1.704476 4.576379 3.921911 -1.704483 4.604916 3.927825 -1.704489 4.633620 3.932965 -1.704495 4.662428 3.943534 -1.929509 4.749619 3.940781 -1.854503 4.720448 3.937256 -1.779496 4.691364 3.937333 -1.704499 4.691364 3.940937 -1.704503 4.720448 3.943768 -1.704506 4.749619 3.945816 -1.704508 4.778810 3.947056 -1.929512 4.866654 3.947420 -1.854510 4.837348 3.947007 -1.779507 4.808045 3.947083 -1.704509 4.808046 3.947575 -1.704510 4.837349 3.947289 -1.704510 4.866654 3.946224 -1.704509 4.895898 3.938118 -1.929503 4.983401 3.941596 -1.854504 4.954292 3.944300 -1.779504 4.925103 3.944377 -1.704507 4.925103 3.941751 -1.704504 4.954292 3.938352 -1.704500 4.983401 3.934183 -1.704496 5.012366 3.916822 -1.929481 5.098536 3.923374 -1.854485 5.069954 3.929166 -1.779488 5.041209 3.929242 -1.704491 5.041209 3.923528 -1.704485 5.069953 3.917054 -1.704478 5.098536 3.909832 -1.704471 5.126894 3.883408 -1.929447 5.210756 3.892962 -1.854454 5.183023 3.901776 -1.779460 5.155049 3.901854 -1.704463 5.155049 3.893116 -1.704454 5.183023 3.883640 -1.704444 5.210756 3.873444 -1.704433 5.238186 3.838255 -1.929400 5.318788 3.850703 -1.854410 5.292220 3.862441 -1.779419 5.265333 3.862518 -1.704422 5.265333 3.850857 -1.704410 5.292220 3.838486 -1.704397 5.318788 3.825433 -1.704384 5.344979 3.781874 -1.929342 5.421409 3.797076 -1.854354 5.396306 3.811607 -1.779367 5.370811 3.811685 -1.704370 5.370811 3.797231 -1.704354 5.396306 3.782106 -1.704339 5.421408 3.766343 -1.704323 5.446063 3.714906 -1.929272 5.517455 3.732690 -1.854288 5.494102 3.749849 -1.779303 5.470288 3.749927 -1.704306 5.470288 3.732845 -1.704288 5.494102 3.715137 -1.704270 5.517455 3.696843 -1.704251 5.540295 3.638107 -1.929193 5.605839 3.658274 -1.854211 5.584501 3.677867 -1.779228 5.562637 3.677945 -1.704231 5.562637 3.658428 -1.704211 5.584500 3.638339 -1.704190 5.605838 3.617720 -1.704169 5.626605 3.552349 -1.929105 5.685559 3.574670 -1.854125 5.666477 3.596476 -1.779144 5.646811 3.596555 -1.704147 5.646812 3.574825 -1.704125 5.666476 3.552580 -1.704102 5.685558 3.529872 -1.704078 5.704015 3.458603 -1.929008 5.755712 3.482826 -1.854030 5.739102 3.506600 -1.779052 5.721858 3.506679 -1.704054 5.721859 3.482982 -1.704030 5.739103 3.458836 -1.704005 5.755712 3.434293 -1.703980 5.771649 3.357931 -1.928904 5.815503 3.383783 -1.853928 5.801554 3.409256 -1.778951 5.786925 3.409333 -1.703954 5.786925 3.383937 -1.703928 5.801552 3.358163 -1.703901 5.815501 3.332066 -1.703874 5.828742 3.251474 -1.928794 5.864254 3.278663 -1.853819 5.853124 3.305547 -1.778844 5.841278 3.305626 -1.703847 5.841280 3.278819 -1.703819 5.853127 3.251708 -1.703791 5.864256 3.224350 -1.703763 5.874644 3.140439 -1.928679 5.901413 3.168657 -1.853705 5.893228 3.196648 -1.778731 5.884298 3.196725 -1.703734 5.884297 3.168812 -1.703705 5.893228 3.140671 -1.703676 5.901413 3.112365 -1.703647 5.908836 3.026083 -1.928561 5.926560 3.055011 -1.853588 5.921412 3.083793 -1.778615 5.915500 3.083871 -1.703618 5.915500 3.055166 -1.703588 5.921412 3.026315 -1.703558 5.926560 2.997380 -1.703528 5.930932 2.909701 -1.928441 5.939409 2.939014 -1.853468 5.937357 2.968262 -1.778495 5.934529 2.968339 -1.703498 5.934530 2.939169 -1.703468 5.937357 2.909934 -1.703438 5.939410 2.880698 -1.703408 5.940681 2.792613 -1.928320 5.939815 2.821978 -1.853347 5.940881 2.851361 -1.778375 5.941171 2.851439 -1.703378 5.941170 2.822133 -1.703347 5.940881 2.792846 -1.703317 5.939815 2.763641 -1.703287 5.937972 2.676146 -1.928199 5.927772 2.705232 -1.853227 5.931946 2.734418 -1.778254 5.935348 2.734495 -1.703257 5.935348 2.705386 -1.703227 5.931945 2.676378 -1.703197 5.927772 2.647535 -1.703167 5.922835 2.561618 -1.928081 5.903418 2.590096 -1.853108 5.910652 2.618756 -1.778134 5.917129 2.618833 -1.703137 5.917129 2.590251 -1.703108 5.910652 2.561851 -1.703078 5.903419 2.780074 -1.703304 4.975112 2.770649 -1.703294 4.969918 2.761610 -1.703285 4.964078 2.753096 -1.703276 4.957676 2.831079 -1.703356 4.990268 2.820542 -1.703346 4.988708 2.810035 -1.703335 4.986379 2.799717 -1.703324 4.983322 2.873751 -1.703401 4.988880 2.863201 -1.703390 4.990351 2.852463 -1.703379 4.991077 2.841702 -1.703367 4.991051 2.914303 -1.703442 4.975525 2.904595 -1.703432 4.979910 2.894497 -1.703422 4.983632 2.884164 -1.703411 4.986638 2.745075 -1.703268 4.950667 2.737495 -1.703260 4.943027 2.730468 -1.703253 4.934877 2.724102 -1.703246 4.926336 2.718381 -1.703240 4.917351 2.713260 -1.703235 4.907886 2.708813 -1.703230 4.898086 2.705113 -1.703226 4.888097 2.702156 -1.703223 4.877864 2.699909 -1.703221 4.867339 2.698403 -1.703219 4.856684 2.697666 -1.703219 4.846057 2.697711 -1.703219 4.835405 2.698521 -1.703219 4.824674 2.700077 -1.703221 4.814026 2.702364 -1.703224 4.803622 2.705409 -1.703227 4.793415 2.713703 -1.703235 4.773569 2.718828 -1.703240 4.764230 2.724624 -1.703247 4.755293 2.731107 -1.703253 4.746704 2.738174 -1.703260 4.738588 2.745722 -1.703268 4.731071 2.753802 -1.703277 4.724130 2.762442 -1.703286 4.717715 2.771510 -1.703295 4.711919 2.780870 -1.703305 4.706833 2.790577 -1.703315 4.702448 2.800675 -1.703325 4.698727 2.811008 -1.703336 4.695721 2.821422 -1.703346 4.693479 2.831972 -1.703357 4.692008 2.842709 -1.703369 4.691282 2.853470 -1.703380 4.691308 2.864094 -1.703391 4.692090 2.874631 -1.703401 4.693651 2.885137 -1.703412 4.695980 2.895456 -1.703423 4.699037 2.915099 -1.703443 4.707246 2.924523 -1.703453 4.712441 2.933563 -1.703462 4.718281 2.942077 -1.703471 4.724682 2.950097 -1.703479 4.731692 2.957677 -1.703487 4.739331 2.964705 -1.703495 4.747481 2.971070 -1.703501 4.756022 2.976791 -1.703507 4.765007 2.981912 -1.703512 4.774473 2.986359 -1.703517 4.784273 2.990059 -1.703521 4.794261 2.993017 -1.703524 4.804495 2.995263 -1.703526 4.815020 2.996770 -1.703528 4.825675 2.997507 -1.703528 4.836301 2.997461 -1.703528 4.846953 2.996652 -1.703528 4.857685 2.995095 -1.703526 4.868333 2.992808 -1.703524 4.878736 2.989763 -1.703520 4.888944 2.981469 -1.703512 4.908790 2.976345 -1.703507 4.918129 2.970548 -1.703501 4.927065 2.964065 -1.703494 4.935655 2.956998 -1.703487 4.943771 2.949450 -1.703479 4.951287 2.941371 -1.703470 4.958229 2.932730 -1.703461 4.964643 2.923662 -1.703452 4.970440 3.222437 -2.258764 4.979209 3.228195 -2.173767 4.962669 3.233232 -2.088769 4.945899 3.192765 -2.258734 5.042304 3.201309 -2.173739 5.026999 3.209183 -2.088744 5.011343 3.152587 -2.258692 5.099288 3.163660 -2.173700 5.085684 3.174135 -2.088708 5.071618 3.103125 -2.258641 5.148429 3.116393 -2.173651 5.136940 3.129153 -2.088661 5.124891 3.045880 -2.258582 5.188235 3.060944 -2.173594 5.179209 3.075603 -2.088606 5.169543 2.982594 -2.258517 5.217495 2.998997 -2.173530 5.211207 3.015113 -2.088544 5.204218 2.915187 -2.258447 5.235321 2.932435 -2.173461 5.231962 2.949521 -2.088476 5.227863 2.845710 -2.258375 5.241172 2.863280 -2.173390 5.240843 2.880819 -2.088405 5.239758 2.776271 -2.258303 5.234869 2.793633 -2.173318 5.237581 2.811096 -2.088333 5.239543 2.708983 -2.258234 5.216604 2.725611 -2.173248 5.222274 2.742469 -2.088262 5.227223 2.645888 -2.258169 5.186932 2.661280 -2.173181 5.195388 2.677024 -2.088194 5.203174 2.588904 -2.258110 5.146754 2.602596 -2.173121 5.157740 2.616750 -2.088132 5.168126 2.539763 -2.258059 5.097291 2.551340 -2.173068 5.110472 2.563477 -2.088077 5.123144 2.499957 -2.258018 5.040047 2.509071 -2.173024 5.055023 2.518825 -2.088031 5.069594 2.470697 -2.257988 4.976760 2.477073 -2.172991 4.993076 2.484150 -2.087995 5.009104 2.452871 -2.257969 4.909354 2.456318 -2.172970 4.926514 2.460505 -2.087971 4.943512 2.447020 -2.257963 4.839876 2.447437 -2.172960 4.857358 2.448610 -2.087958 4.874810 2.453323 -2.257970 4.770438 2.450699 -2.172964 4.787712 2.448825 -2.087959 4.805087 2.471588 -2.257989 4.703149 2.466006 -2.172980 4.719690 2.461145 -2.087971 4.736460 2.501260 -2.258019 4.640054 2.492892 -2.173007 4.655359 2.485194 -2.087996 4.671015 2.541438 -2.258061 4.583071 2.530541 -2.173046 4.596674 2.520242 -2.088032 4.610741 2.590901 -2.258112 4.533929 2.577808 -2.173095 4.545419 2.565224 -2.088079 4.557468 2.648145 -2.258171 4.494124 2.633257 -2.173152 4.503150 2.618774 -2.088134 4.512815 2.711432 -2.258236 4.464863 2.695204 -2.173216 4.471152 2.679264 -2.088197 4.478140 2.778838 -2.258306 4.447037 2.761766 -2.173285 4.450397 2.744856 -2.088264 4.454496 2.848316 -2.258378 4.441186 2.830921 -2.173357 4.441515 2.813557 -2.088335 4.442601 2.917754 -2.258450 4.447490 2.900568 -2.173428 4.444778 2.883281 -2.088407 4.442816 2.985043 -2.258519 4.465754 2.968590 -2.173499 4.460084 2.951907 -2.088478 4.455135 3.048138 -2.258584 4.495427 3.032921 -2.173565 4.486971 3.017352 -2.088546 4.479185 3.105121 -2.258643 4.535604 3.091605 -2.173626 4.524619 3.077627 -2.088608 4.514233 3.154263 -2.258694 4.585067 3.142861 -2.173679 4.571887 3.130900 -2.088663 4.559215 3.194068 -2.258735 4.642312 3.185130 -2.173722 4.627336 3.175552 -2.088709 4.612765 3.223329 -2.258765 4.705598 3.217128 -2.173755 4.689283 3.210227 -2.088745 4.673254 3.241155 -2.258784 4.773005 3.237883 -2.173777 4.755845 3.233872 -2.088770 4.738847 3.247006 -2.258790 4.842483 3.246764 -2.173786 4.825000 3.245767 -2.088782 4.807548 3.240702 -2.258783 4.911921 3.243502 -2.173783 4.894647 3.245552 -2.088782 4.877272 2.997827 1.996473 4.873759 3.131993 1.996335 4.947350 3.136991 1.996330 4.933038 3.141282 1.996325 4.918416 3.144835 1.996321 4.903597 3.147621 1.996319 4.888696 2.995133 1.996476 4.884064 2.991700 1.996480 4.894265 2.987520 1.996484 4.904182 2.982718 1.996489 4.913690 3.104877 1.996363 5.001658 3.112654 1.996355 4.988645 3.119801 1.996347 4.975186 3.126265 1.996341 4.961386 2.977230 1.996495 4.922820 2.971043 1.996501 4.931625 2.964257 1.996508 4.939978 2.956970 1.996516 4.947747 3.067385 1.996401 5.049396 3.077622 1.996391 5.038215 3.087333 1.996381 5.026471 3.096442 1.996371 5.014254 3.021050 1.996449 5.088610 3.033328 1.996437 5.079718 3.045204 1.996424 5.070168 3.056586 1.996413 5.060036 2.949133 1.996524 4.954960 2.940716 1.996532 4.961666 2.931851 1.996541 4.967768 2.922671 1.996551 4.973171 2.967770 1.996504 5.117693 2.981587 1.996490 5.111456 2.995142 1.996476 5.104493 3.008330 1.996462 5.096858 2.913118 1.996561 4.977884 2.903153 1.996571 4.981948 2.892929 1.996582 4.985305 2.882598 1.996592 4.987901 2.909726 1.996564 5.135457 2.924516 1.996549 5.132128 2.939195 1.996534 5.128035 2.953650 1.996519 5.123212 2.849295 1.996627 5.141172 2.864452 1.996611 5.140890 2.879654 1.996595 5.139835 2.894785 1.996580 5.138020 2.872104 1.996603 4.989731 2.861398 1.996614 4.990823 2.850642 1.996625 4.991165 2.839998 1.996636 4.990745 2.788950 1.996689 5.134605 2.803854 1.996674 5.137380 2.818957 1.996658 5.139407 2.834143 1.996642 5.140675 2.829414 1.996647 4.989544 2.818834 1.996658 4.987576 2.808417 1.996669 4.984873 2.798323 1.996679 4.981472 2.731162 1.996749 5.116026 2.745203 1.996734 5.121743 2.759589 1.996719 5.126769 2.774209 1.996704 5.131069 2.788506 1.996690 4.977338 2.778909 1.996699 4.972468 2.769676 1.996709 4.966940 2.760948 1.996718 4.960833 2.678298 1.996803 5.086195 2.690900 1.996790 5.094621 2.703979 1.996777 5.102441 2.717434 1.996763 5.109595 2.632520 1.996850 5.046332 2.643168 1.996840 5.057123 2.654406 1.996828 5.067415 2.666145 1.996816 5.077132 2.752693 1.996727 4.954102 2.744857 1.996735 4.946725 2.737555 1.996742 4.938819 2.730902 1.996749 4.930500 2.595704 1.996889 4.998071 2.603961 1.996880 5.010785 2.612897 1.996871 5.023128 2.622440 1.996861 5.035009 2.724878 1.996755 4.921716 2.719437 1.996761 4.912431 2.714658 1.996766 4.902788 2.710619 1.996770 4.892932 2.569356 1.996916 4.943387 2.574885 1.996910 4.957502 2.581153 1.996904 4.971392 2.588110 1.996897 4.984950 2.554555 1.996931 4.884518 2.557130 1.996928 4.899457 2.560475 1.996925 4.914324 2.564560 1.996921 4.929005 2.707314 1.996773 4.882805 2.704710 1.996776 4.872364 2.702841 1.996778 4.861765 2.701742 1.996779 4.851171 2.551908 1.996934 4.823874 2.551423 1.996934 4.839026 2.551706 1.996934 4.854262 2.552752 1.996933 4.869465 2.701423 1.996779 4.840523 2.701866 1.996779 4.829771 2.703059 1.996778 4.819076 2.704989 1.996776 4.808600 2.561522 1.996924 4.763939 2.557996 1.996927 4.778684 2.555207 1.996930 4.793665 2.553171 1.996933 4.808767 2.707684 1.996773 4.798295 2.711139 1.996769 4.788103 2.715296 1.996765 4.778176 2.720099 1.996760 4.768669 2.583005 1.996902 4.707167 2.576584 1.996908 4.720900 2.570836 1.996914 4.735013 2.565802 1.996919 4.749396 2.615475 1.996868 4.655881 2.606421 1.996878 4.668040 2.597949 1.996886 4.680707 2.590122 1.996894 4.693782 2.725587 1.996754 4.759539 2.731773 1.996748 4.750734 2.738559 1.996741 4.742381 2.745846 1.996733 4.734611 2.657605 1.996825 4.612181 2.646289 1.996836 4.622269 2.635441 1.996848 4.632971 2.625142 1.996858 4.644203 2.753684 1.996725 4.727398 2.762101 1.996717 4.720693 2.770965 1.996708 4.714591 2.780146 1.996698 4.709188 2.707669 1.996773 4.577856 2.694554 1.996787 4.585460 2.681774 1.996800 4.593760 2.669425 1.996813 4.602688 2.763618 1.996715 4.554312 2.749241 1.996730 4.559119 2.735051 1.996745 4.564676 2.721158 1.996759 4.570937 2.789698 1.996688 4.704474 2.799663 1.996678 4.700411 2.809888 1.996667 4.697053 2.820219 1.996657 4.694458 2.823161 1.996654 4.542512 2.808110 1.996669 4.544327 2.793093 1.996685 4.546914 2.778224 1.996700 4.550250 2.830713 1.996646 4.692627 2.841419 1.996635 4.691536 2.852175 1.996624 4.691194 2.862819 1.996613 4.691614 2.883861 1.996591 4.542940 2.868753 1.996607 4.541688 2.853522 1.996622 4.541199 2.838285 1.996638 4.541474 2.943231 1.996530 4.555577 2.928685 1.996545 4.551310 2.913864 1.996560 4.547765 2.898884 1.996575 4.544967 2.873403 1.996602 4.692814 2.883983 1.996591 4.694783 2.894399 1.996580 4.697486 2.904494 1.996570 4.700887 2.998843 1.996472 4.579907 2.985453 1.996486 4.572800 2.971649 1.996500 4.566344 2.957539 1.996515 4.560587 2.914311 1.996559 4.705020 2.923908 1.996550 4.709890 2.933141 1.996540 4.715419 2.941868 1.996531 4.721526 3.048419 1.996421 4.614934 3.036733 1.996433 4.605276 3.024512 1.996446 4.596174 3.011850 1.996459 4.587695 2.950124 1.996522 4.728257 2.957959 1.996514 4.735634 2.965261 1.996507 4.743539 2.971914 1.996500 4.751858 3.089929 1.996378 4.659224 3.080427 1.996388 4.647410 3.070288 1.996398 4.636034 3.059592 1.996409 4.625180 3.121674 1.996345 4.710962 3.114744 1.996352 4.697478 3.107103 1.996360 4.684294 3.098810 1.996369 4.671509 2.977939 1.996494 4.760643 2.983380 1.996488 4.769928 2.988159 1.996483 4.779571 2.992198 1.996479 4.789427 3.142354 1.996324 4.768032 3.138281 1.996328 4.753429 3.133450 1.996333 4.738976 3.127901 1.996339 4.724783 2.995502 1.996476 4.799553 2.998107 1.996473 4.809995 2.999976 1.996471 4.820593 3.001075 1.996470 4.831188 3.151123 1.996315 4.828096 3.150072 1.996316 4.812973 3.148249 1.996318 4.797843 3.145671 1.996320 4.782824 3.149638 1.996316 4.873671 3.150897 1.996315 4.858484 3.151394 1.996315 4.843253 3.001393 1.996469 4.841835 3.000950 1.996470 4.852588 2.999758 1.996471 4.863283 2.621372 1.996862 5.449113 2.611277 1.996872 5.445712 2.611200 1.921875 5.445712 2.600860 1.996883 5.443009 2.600705 1.846883 5.443009 2.590280 1.996894 5.441040 2.590048 1.771892 5.441040 2.579696 1.996905 5.439840 2.579386 1.696905 5.439840 2.589971 1.696894 5.441040 2.600551 1.696883 5.443009 2.610967 1.696873 5.445712 2.621062 1.696862 5.449113 2.658746 1.996824 5.469751 2.650019 1.996833 5.463644 2.649941 1.921835 5.463644 2.640785 1.996842 5.458116 2.640631 1.846842 5.458116 2.631189 1.996852 5.453246 2.630956 1.771849 5.453246 2.630879 1.696852 5.453246 2.640475 1.696842 5.458116 2.649709 1.696833 5.463644 2.658436 1.696824 5.469751 2.688792 1.996793 5.500084 2.682139 1.996799 5.491765 2.682062 1.921802 5.491765 2.674837 1.996807 5.483860 2.674682 1.846807 5.483860 2.667001 1.996815 5.476483 2.666769 1.771812 5.476483 2.666692 1.696815 5.476483 2.674527 1.696807 5.483860 2.681829 1.696800 5.491765 2.688482 1.696793 5.500084 2.709076 1.996772 5.537652 2.705036 1.996776 5.527796 2.704958 1.921778 5.527796 2.700258 1.996781 5.518154 2.700102 1.846781 5.518154 2.694817 1.996786 5.508868 2.694584 1.771784 5.508869 2.694507 1.696786 5.508868 2.699948 1.696781 5.518154 2.704727 1.696776 5.527796 2.708766 1.696772 5.537652 2.717953 1.996762 5.579414 2.716854 1.996763 5.568819 2.716776 1.921766 5.568819 2.714985 1.996765 5.558221 2.714830 1.846766 5.558220 2.712380 1.996768 5.547779 2.712148 1.771765 5.547779 2.712070 1.696768 5.547779 2.714675 1.696766 5.558221 2.716544 1.696764 5.568819 2.717643 1.696763 5.579414 2.714705 1.996766 5.621984 2.716636 1.996764 5.611509 2.716558 1.921767 5.611509 2.717828 1.996763 5.600814 2.717673 1.846763 5.600813 2.718271 1.996762 5.590061 2.718039 1.771759 5.590061 2.717961 1.696762 5.590061 2.717518 1.696763 5.600814 2.716326 1.696764 5.611509 2.714395 1.696766 5.621984 2.699596 1.996781 5.661916 2.704398 1.996776 5.652408 2.704321 1.921779 5.652408 2.708556 1.996772 5.642482 2.708402 1.846772 5.642482 2.712011 1.996768 5.632290 2.711779 1.771766 5.632290 2.711701 1.696769 5.632290 2.708246 1.696772 5.642482 2.704088 1.696776 5.652408 2.699286 1.696781 5.661916 2.673848 1.996808 5.695973 2.681135 1.996800 5.688203 2.681058 1.921803 5.688203 2.687921 1.996793 5.679851 2.687766 1.846793 5.679851 2.694108 1.996787 5.671045 2.693875 1.771784 5.671045 2.693798 1.696787 5.671045 2.687611 1.696794 5.679851 2.680825 1.696800 5.688203 2.673538 1.696808 5.695973 2.639548 1.996843 5.721396 2.648729 1.996834 5.715994 2.648652 1.921837 5.715995 2.657593 1.996825 5.709892 2.657438 1.846825 5.709892 2.666010 1.996816 5.703186 2.665778 1.771813 5.703186 2.665700 1.696816 5.703186 2.657284 1.696825 5.709892 2.648419 1.696834 5.715994 2.639238 1.696843 5.721396 2.599476 1.996885 5.736127 2.609807 1.996874 5.733531 2.609729 1.921877 5.733530 2.620031 1.996864 5.730174 2.619876 1.846864 5.730173 2.629996 1.996853 5.726110 2.629763 1.771851 5.726109 2.629686 1.696853 5.726110 2.619721 1.696864 5.730174 2.609497 1.696874 5.733531 2.599166 1.696885 5.736127 2.556876 1.996929 5.738970 2.567520 1.996918 5.739390 2.567442 1.921921 5.739390 2.578276 1.996907 5.739049 2.578121 1.846907 5.739048 2.588982 1.996896 5.737957 2.588750 1.771893 5.737957 2.588672 1.696896 5.737957 2.577966 1.696907 5.739049 2.567210 1.696918 5.739390 2.556566 1.696929 5.738970 2.515201 1.996972 5.729697 2.525295 1.996961 5.733098 2.525218 1.921964 5.733098 2.535712 1.996951 5.735801 2.535557 1.846951 5.735802 2.546292 1.996940 5.737771 2.546059 1.771937 5.737771 2.545982 1.696940 5.737771 2.535402 1.696951 5.735801 2.524985 1.696961 5.733098 2.514891 1.696972 5.729697 2.477826 1.997010 5.709059 2.486554 1.997001 5.715166 2.486476 1.922004 5.715166 2.495787 1.996992 5.720694 2.495632 1.846992 5.720694 2.505383 1.996982 5.725564 2.505151 1.771979 5.725564 2.505074 1.696982 5.725564 2.495477 1.696992 5.720694 2.486244 1.697001 5.715166 2.477516 1.697011 5.709059 2.447780 1.997041 5.678726 2.454433 1.997035 5.687045 2.454356 1.922037 5.687045 2.461735 1.997027 5.694951 2.461580 1.847027 5.694951 2.469571 1.997019 5.702327 2.469339 1.772016 5.702327 2.469261 1.697019 5.702327 2.461425 1.697027 5.694951 2.454123 1.697035 5.687045 2.447470 1.697042 5.678726 2.427497 1.997062 5.641158 2.431536 1.997058 5.651014 2.431459 1.922061 5.651014 2.436315 1.997053 5.660656 2.436161 1.847053 5.660656 2.441755 1.997048 5.669942 2.441523 1.772045 5.669941 2.441445 1.697048 5.669942 2.436005 1.697053 5.660656 2.431226 1.697058 5.651014 2.427187 1.697062 5.641158 2.418619 1.997071 5.599396 2.419719 1.997070 5.609992 2.419641 1.922073 5.609992 2.421588 1.997068 5.620589 2.421433 1.847069 5.620590 2.424192 1.997066 5.631031 2.423959 1.772063 5.631031 2.423882 1.697066 5.631031 2.421278 1.697069 5.620589 2.419409 1.697071 5.609992 2.418309 1.697072 5.599396 2.421867 1.997068 5.556826 2.419937 1.997070 5.567301 2.419859 1.922073 5.567301 2.418744 1.997071 5.577996 2.418589 1.847071 5.577997 2.418301 1.997072 5.588749 2.418068 1.772069 5.588749 2.417991 1.697072 5.588749 2.418434 1.697072 5.577996 2.419627 1.697070 5.567301 2.421557 1.697068 5.556826 2.436977 1.997053 5.516894 2.432174 1.997057 5.526402 2.432096 1.922060 5.526402 2.428017 1.997062 5.536328 2.427861 1.847062 5.536328 2.424562 1.997065 5.546520 2.424329 1.772063 5.546520 2.424252 1.697066 5.546520 2.427707 1.697062 5.536328 2.431864 1.697058 5.526402 2.436667 1.697053 5.516894 2.462724 1.997026 5.482837 2.455437 1.997034 5.490607 2.455360 1.922036 5.490607 2.448651 1.997041 5.498960 2.448496 1.847041 5.498959 2.442465 1.997047 5.507765 2.442233 1.772044 5.507765 2.442155 1.697047 5.507765 2.448341 1.697041 5.498960 2.455127 1.697034 5.490607 2.462414 1.697026 5.482837 2.497024 1.996991 5.457414 2.487843 1.997000 5.462816 2.487766 1.922003 5.462815 2.478979 1.997009 5.468918 2.478824 1.847009 5.468918 2.470562 1.997018 5.475624 2.470330 1.772015 5.475624 2.470252 1.697018 5.475624 2.478669 1.697009 5.468918 2.487533 1.697000 5.462816 2.496714 1.696991 5.457414 2.537097 1.996949 5.442684 2.526766 1.996960 5.445279 2.526688 1.921963 5.445280 2.516541 1.996970 5.448637 2.516387 1.846971 5.448637 2.506576 1.996981 5.452700 2.506344 1.771978 5.452701 2.506266 1.696981 5.452700 2.516231 1.696970 5.448637 2.526456 1.696960 5.445279 2.536787 1.696949 5.442684 2.569053 1.996916 5.439420 2.568975 1.921919 5.439420 2.558296 1.996927 5.439762 2.558141 1.846927 5.439762 2.547590 1.996938 5.440853 2.547358 1.771936 5.440853 2.547280 1.696939 5.440853 2.557987 1.696927 5.439762 2.568743 1.696916 5.439420 3.187616 1.996277 3.952661 3.177522 1.996288 3.949260 3.177444 1.921290 3.949260 3.167105 1.996298 3.946557 3.166950 1.846298 3.946557 3.156525 1.996309 3.944588 3.156293 1.771307 3.944588 3.145941 1.996320 3.943388 3.145631 1.696320 3.943388 3.156215 1.696309 3.944588 3.166795 1.696299 3.946557 3.177212 1.696288 3.949260 3.187306 1.696277 3.952661 3.224990 1.996238 3.973300 3.216263 1.996248 3.967193 3.216186 1.921250 3.967193 3.207030 1.996257 3.961665 3.206875 1.846257 3.961665 3.197433 1.996267 3.956795 3.197201 1.771264 3.956795 3.197123 1.696267 3.956795 3.206720 1.696257 3.961665 3.215953 1.696248 3.967193 3.224681 1.696239 3.973300 3.255036 1.996207 4.003633 3.248383 1.996214 3.995314 3.248306 1.921217 3.995314 3.241082 1.996222 3.987408 3.240927 1.846222 3.987408 3.233246 1.996230 3.980031 3.233013 1.771227 3.980032 3.232936 1.696230 3.980031 3.240772 1.696222 3.987408 3.248073 1.696214 3.995314 3.254727 1.696208 4.003633 3.275320 1.996186 4.041201 3.271281 1.996191 4.031344 3.271202 1.921194 4.031345 3.266502 1.996196 4.021702 3.266346 1.846196 4.021702 3.261061 1.996201 4.012417 3.260828 1.771199 4.012417 3.260751 1.696201 4.012417 3.266192 1.696196 4.021702 3.270971 1.696191 4.031344 3.275010 1.696187 4.041201 3.284197 1.996177 4.082962 3.283098 1.996179 4.072368 3.283020 1.921181 4.072367 3.281229 1.996181 4.061769 3.281074 1.846180 4.061769 3.278625 1.996183 4.051328 3.278393 1.771180 4.051327 3.278315 1.696183 4.051328 3.280919 1.696181 4.061769 3.282788 1.696179 4.072368 3.283887 1.696177 4.082962 3.280950 1.996181 4.125533 3.282880 1.996179 4.115057 3.282802 1.921182 4.115057 3.284072 1.996177 4.104362 3.283918 1.846178 4.104362 3.284515 1.996177 4.093610 3.284283 1.771174 4.093610 3.284206 1.696177 4.093610 3.283763 1.696178 4.104362 3.282570 1.696179 4.115057 3.280640 1.696181 4.125533 3.265840 1.996196 4.165464 3.270643 1.996191 4.155956 3.270566 1.921194 4.155957 3.274800 1.996187 4.146030 3.274646 1.846187 4.146031 3.278255 1.996184 4.135838 3.278023 1.771181 4.135839 3.277945 1.696184 4.135838 3.274490 1.696187 4.146030 3.270333 1.696192 4.155956 3.265530 1.696197 4.165464 3.240092 1.996223 4.199522 3.247379 1.996215 4.191752 3.247302 1.921218 4.191752 3.254165 1.996208 4.183399 3.254011 1.846209 4.183400 3.260352 1.996202 4.174594 3.260119 1.771199 4.174593 3.260042 1.696202 4.174594 3.253856 1.696208 4.183399 3.247069 1.696216 4.191752 3.239782 1.696223 4.199522 3.205793 1.996258 4.224945 3.214974 1.996249 4.219542 3.214896 1.921252 4.219543 3.223838 1.996240 4.213440 3.223683 1.846240 4.213441 3.232255 1.996231 4.206735 3.232022 1.771228 4.206735 3.231945 1.696231 4.206735 3.223528 1.696240 4.213440 3.214664 1.696249 4.219542 3.205483 1.696259 4.224945 3.165720 1.996300 4.239675 3.176051 1.996289 4.237080 3.175973 1.921292 4.237079 3.186276 1.996279 4.233722 3.186120 1.846279 4.233721 3.196241 1.996268 4.229659 3.196008 1.771266 4.229658 3.195931 1.696268 4.229659 3.185966 1.696279 4.233722 3.175741 1.696289 4.237080 3.165410 1.696300 4.239675 3.123120 1.996344 4.242519 3.133764 1.996333 4.242938 3.133687 1.921336 4.242938 3.144520 1.996322 4.242597 3.144365 1.846322 4.242597 3.155226 1.996311 4.241506 3.154994 1.771308 4.241506 3.154916 1.696311 4.241506 3.144210 1.696322 4.242597 3.133454 1.696333 4.242938 3.122810 1.696344 4.242519 3.081445 1.996387 4.233246 3.091539 1.996377 4.236647 3.091462 1.921379 4.236647 3.101956 1.996366 4.239350 3.101801 1.846366 4.239350 3.112536 1.996355 4.241319 3.112304 1.771352 4.241319 3.112226 1.696355 4.241319 3.101646 1.696366 4.239350 3.091230 1.696377 4.236647 3.081135 1.696387 4.233246 3.044071 1.996425 4.212607 3.052798 1.996416 4.218714 3.052720 1.921419 4.218715 3.062031 1.996407 4.224243 3.061876 1.846407 4.224243 3.071628 1.996397 4.229113 3.071395 1.771394 4.229113 3.071318 1.696397 4.229113 3.061721 1.696407 4.224243 3.052488 1.696417 4.218714 3.043761 1.696426 4.212607 3.014025 1.996456 4.182275 3.020678 1.996450 4.190594 3.020600 1.921453 4.190594 3.027979 1.996442 4.198499 3.027824 1.846442 4.198499 3.035815 1.996434 4.205876 3.035583 1.771431 4.205875 3.035505 1.696434 4.205876 3.027670 1.696442 4.198499 3.020368 1.696450 4.190594 3.013715 1.696457 4.182275 2.993741 1.996477 4.144706 2.997780 1.996473 4.154562 2.997704 1.921476 4.154562 3.002559 1.996468 4.164205 3.002405 1.846468 4.164205 3.008000 1.996463 4.173491 3.007768 1.771460 4.173490 3.007690 1.696463 4.173491 3.002249 1.696469 4.164205 2.997470 1.696473 4.154562 2.993431 1.696478 4.144706 2.984864 1.996487 4.102945 2.985963 1.996485 4.113540 2.985886 1.921488 4.113540 2.987832 1.996484 4.124138 2.987677 1.846484 4.124138 2.990436 1.996481 4.134580 2.990203 1.771478 4.134580 2.990127 1.696481 4.134580 2.987522 1.696484 4.124138 2.985653 1.696486 4.113540 2.984554 1.696487 4.102945 2.988111 1.996483 4.060374 2.986181 1.996485 4.070850 2.986104 1.921488 4.070850 2.984989 1.996486 4.081545 2.984834 1.846487 4.081545 2.984546 1.996487 4.092298 2.984313 1.771484 4.092298 2.984236 1.696487 4.092298 2.984679 1.696487 4.081545 2.985871 1.696485 4.070850 2.987801 1.696483 4.060374 3.003221 1.996468 4.020443 2.998418 1.996473 4.029951 2.998340 1.921475 4.029951 2.994261 1.996477 4.039877 2.994105 1.846477 4.039876 2.990806 1.996480 4.050069 2.990573 1.771478 4.050068 2.990496 1.696481 4.050069 2.993951 1.696477 4.039877 2.998109 1.696473 4.029951 3.002911 1.696468 4.020443 3.028969 1.996441 3.986386 3.021682 1.996449 3.994155 3.021604 1.921451 3.994155 3.014896 1.996456 4.002508 3.014741 1.846456 4.002508 3.008709 1.996462 4.011313 3.008477 1.771459 4.011313 3.008399 1.696462 4.011313 3.014586 1.696456 4.002508 3.021372 1.696449 3.994155 3.028659 1.696441 3.986386 3.063268 1.996406 3.960962 3.054087 1.996415 3.966365 3.054010 1.921418 3.966364 3.045223 1.996424 3.972467 3.045068 1.846424 3.972466 3.036806 1.996433 3.979173 3.036574 1.771430 3.979173 3.036496 1.696433 3.979173 3.044913 1.696424 3.972467 3.053778 1.696415 3.966365 3.062958 1.696406 3.960962 3.103341 1.996364 3.946232 3.093010 1.996375 3.948828 3.092933 1.921378 3.948828 3.082785 1.996385 3.952185 3.082631 1.846385 3.952186 3.072821 1.996396 3.956249 3.072589 1.771393 3.956250 3.072511 1.696396 3.956249 3.082476 1.696386 3.952185 3.092700 1.696375 3.948828 3.103031 1.696364 3.946232 3.135297 1.996331 3.942969 3.135219 1.921334 3.942969 3.124541 1.996342 3.943310 3.124386 1.846342 3.943310 3.113835 1.996353 3.944402 3.113602 1.771351 3.944401 3.113525 1.696353 3.944402 3.124231 1.696342 3.943310 3.134987 1.696331 3.942969 3.240701 1.996222 3.812369 3.213196 1.996251 3.802380 3.185393 1.996279 3.793112 3.157354 1.996308 3.784585 3.129140 1.996338 3.776818 3.100729 1.996367 3.769808 3.072098 1.996397 3.763548 3.043312 1.996426 3.758050 3.014432 1.996456 3.753327 2.985437 1.996486 3.749377 2.956303 1.996516 3.746196 2.927095 1.996546 3.743789 2.897877 1.996577 3.742161 2.868626 1.996607 3.741316 2.839319 1.996637 3.741250 2.810021 1.996667 3.741961 2.780795 1.996697 3.743448 2.751620 1.996727 3.745716 2.722472 1.996758 3.748765 2.693415 1.996788 3.752586 2.664514 1.996818 3.757173 2.635745 1.996847 3.762530 2.607086 1.996877 3.768660 2.578600 1.996906 3.775547 2.550350 1.996935 3.783180 2.719375 1.996761 4.463599 2.522313 1.996964 3.791564 2.494469 1.996993 3.800706 2.466877 1.997022 3.810583 2.439597 1.997050 3.821174 2.655815 1.996826 4.492262 2.671193 1.996811 4.484082 2.686973 1.996794 4.476550 2.703064 1.996778 4.469708 2.412610 1.997078 3.832489 2.385894 1.997105 3.844538 2.359508 1.997133 3.857292 2.333510 1.997159 3.870725 2.307880 1.997186 3.884849 2.282597 1.997212 3.899669 2.257715 1.997238 3.915154 2.233291 1.997263 3.931272 2.598198 1.996886 4.531527 2.611921 1.996872 4.520801 2.626154 1.996857 4.510644 2.640813 1.996842 4.501112 2.209307 1.997288 3.948038 2.185741 1.997312 3.965461 2.162646 1.997336 3.983504 2.140076 1.997359 4.002129 2.118010 1.997382 4.021351 2.096430 1.997404 4.041180 2.075384 1.997426 4.061574 2.054920 1.997447 4.082492 2.548274 1.996938 4.580201 2.559926 1.996926 4.567255 2.572180 1.996913 4.554781 2.584961 1.996900 4.542849 2.035023 1.997468 4.103950 2.015673 1.997488 4.125961 1.996914 1.997507 4.148478 1.978789 1.997526 4.171452 2.507561 1.996980 4.636805 2.516788 1.996970 4.622032 2.526689 1.996960 4.607620 2.537204 1.996949 4.593649 1.961285 1.997544 4.194903 1.944384 1.997561 4.218846 1.928124 1.997578 4.243229 1.912545 1.997594 4.268000 1.897632 1.997610 4.293179 1.883372 1.997624 4.318783 1.869797 1.997638 4.344756 1.856938 1.997652 4.371042 2.477296 1.997011 4.699618 2.483818 1.997004 4.683467 2.491065 1.996997 4.667555 2.498994 1.996989 4.651970 1.844787 1.997664 4.397664 1.833330 1.997676 4.424638 1.822593 1.997687 4.451908 1.812600 1.997698 4.479412 1.803346 1.997707 4.507173 1.794821 1.997716 4.535213 1.787044 1.997724 4.563469 1.780031 1.997731 4.591880 2.458397 1.997030 4.766733 2.462016 1.997027 4.749695 2.466390 1.997022 4.732765 2.471492 1.997017 4.716041 1.773781 1.997738 4.620468 1.768286 1.997743 4.649255 1.763557 1.997748 4.678177 1.759602 1.997752 4.707172 2.451441 1.997038 4.836110 2.452046 1.997037 4.818702 2.453413 1.997035 4.801270 2.455534 1.997033 4.783914 1.756424 1.997756 4.736262 1.754020 1.997758 4.765470 1.752392 1.997760 4.794733 1.751543 1.997761 4.823984 1.751476 1.997761 4.853247 1.752191 1.997760 4.882544 1.753682 1.997758 4.911814 1.755946 1.997756 4.940989 2.456637 1.997032 4.905640 2.454210 1.997035 4.888392 2.452530 1.997036 4.870987 2.451604 1.997037 4.853527 1.758989 1.997753 4.970094 1.762814 1.997749 4.999150 1.767408 1.997744 5.028095 1.772761 1.997739 5.056865 2.473828 1.997015 4.973212 2.468442 1.997020 4.956648 2.463765 1.997025 4.939799 2.459821 1.997029 4.922764 1.778881 1.997732 5.085481 1.785772 1.997725 5.113966 1.793417 1.997717 5.142259 1.801798 1.997709 5.170296 1.810926 1.997699 5.198099 1.820806 1.997689 5.225690 1.831414 1.997678 5.253010 1.842727 1.997666 5.279998 2.502491 1.996985 5.036773 2.494311 1.996993 5.021395 2.486779 1.997001 5.005615 2.479938 1.997008 4.989523 1.854758 1.997654 5.306674 1.867514 1.997641 5.333059 1.880966 1.997627 5.359097 1.895085 1.997612 5.384728 1.909884 1.997597 5.409974 1.925372 1.997581 5.434854 1.941515 1.997564 5.459314 1.958279 1.997547 5.483300 1.975678 1.997529 5.506829 1.993723 1.997510 5.529922 2.012374 1.997491 5.552528 2.031592 1.997471 5.574596 2.051393 1.997451 5.596143 2.071790 1.997430 5.617187 2.092739 1.997408 5.637682 2.114194 1.997386 5.657582 2.136173 1.997363 5.676903 2.158691 1.997340 5.695659 2.181700 1.997316 5.713811 2.205148 1.997292 5.731318 2.229057 1.997267 5.748193 2.253441 1.997242 5.764450 2.278249 1.997216 5.780054 2.303426 1.997190 5.794969 2.328992 1.997164 5.809206 2.354967 1.997137 5.822779 2.381292 1.997110 5.835658 2.407912 1.997083 5.847813 2.434847 1.997055 5.859251 2.462117 1.997027 5.869985 2.489662 1.996998 5.879992 2.517423 1.996969 5.889251 2.545420 1.996941 5.897763 2.573677 1.996911 5.905537 2.602130 1.996882 5.912559 2.630718 1.996852 5.918814 2.659462 1.996823 5.924302 2.688385 1.996793 5.929029 2.717423 1.996763 5.932987 2.746513 1.996733 5.936167 2.775678 1.996703 5.938568 2.804940 1.996672 5.940194 2.834234 1.996642 5.941043 2.863498 1.996612 5.941113 2.892752 1.996582 5.940400 2.922021 1.996552 5.938907 2.951240 1.996521 5.936638 2.980345 1.996491 5.933597 3.009358 1.996461 5.929778 3.038302 1.996431 5.925182 3.067114 1.996402 5.919820 3.095731 1.996372 5.913702 3.124174 1.996343 5.906823 3.152466 1.996314 5.899176 3.180545 1.996284 5.890781 3.208349 1.996256 5.881657 2.983441 1.996488 5.218760 3.235900 1.996227 5.871792 3.263219 1.996199 5.861183 3.290247 1.996171 5.849851 3.316923 1.996144 5.837821 3.047001 1.996423 5.190097 3.031624 1.996438 5.198277 3.015844 1.996455 5.205809 2.999752 1.996471 5.212650 3.343268 1.996116 5.825084 3.369305 1.996089 5.811630 3.394975 1.996063 5.797491 3.420222 1.996037 5.782694 3.445065 1.996011 5.767229 3.469524 1.995986 5.751084 3.493546 1.995961 5.734296 3.517077 1.995937 5.716899 3.104619 1.996363 5.150831 3.090896 1.996377 5.161558 3.076663 1.996392 5.171715 3.062003 1.996407 5.181247 3.540134 1.995913 5.698880 3.562739 1.995890 5.680227 3.584841 1.995867 5.660981 3.606389 1.995845 5.641182 3.154543 1.996311 5.102158 3.142890 1.996323 5.115104 3.130637 1.996336 5.127578 3.117856 1.996349 5.139510 3.627400 1.995823 5.620813 3.647894 1.995802 5.599863 3.667825 1.995781 5.578377 3.687147 1.995761 5.556400 3.705874 1.995742 5.533914 3.724026 1.995723 5.510904 3.741560 1.995705 5.487421 3.758435 1.995687 5.463515 3.195256 1.996269 5.045554 3.186028 1.996279 5.060327 3.176128 1.996289 5.074739 3.165613 1.996300 5.088710 3.774666 1.995671 5.439165 3.790268 1.995655 5.414356 3.805206 1.995639 5.389142 3.819447 1.995625 5.363578 3.225521 1.996238 4.982740 3.218999 1.996245 4.998891 3.211751 1.996252 5.014804 3.203822 1.996260 5.030388 3.832999 1.995610 5.337642 3.845875 1.995597 5.311315 3.858048 1.995584 5.284656 3.869490 1.995573 5.257722 3.880208 1.995562 5.230492 3.890213 1.995551 5.202946 3.899483 1.995542 5.175144 3.907998 1.995533 5.147147 3.244419 1.996218 4.915626 3.240800 1.996222 4.932664 3.236426 1.996227 4.949594 3.231324 1.996232 4.966318 3.915762 1.995525 5.118932 3.922782 1.995518 5.090478 3.929043 1.995511 5.061848 3.934535 1.995506 5.033105 3.939256 1.995501 5.004225 3.943211 1.995497 4.975186 3.946394 1.995493 4.946053 3.948799 1.995491 4.916888 3.251376 1.996211 4.846249 3.250771 1.996212 4.863656 3.249403 1.996213 4.881089 3.247283 1.996216 4.898445 3.950424 1.995489 4.887670 3.951269 1.995488 4.858376 3.951338 1.995488 4.829069 3.950630 1.995489 4.799814 3.246180 1.996217 4.776719 3.248607 1.996214 4.793967 3.250287 1.996212 4.811371 3.251213 1.996212 4.828832 3.949140 1.995491 4.770588 3.946867 1.995493 4.741370 3.943819 1.995496 4.712222 3.940005 1.995500 4.683208 3.935418 1.995505 4.654306 3.930053 1.995510 4.625494 3.923925 1.995517 4.596836 3.917047 1.995524 4.568392 3.228989 1.996234 4.709146 3.234374 1.996229 4.725711 3.239052 1.996224 4.742559 3.242995 1.996220 4.759594 3.909411 1.995532 4.540143 3.901013 1.995540 4.512065 3.891874 1.995550 4.484219 3.882014 1.995560 4.456667 3.871422 1.995571 4.429388 3.860089 1.995583 4.402361 3.848041 1.995595 4.375645 3.835305 1.995608 4.349298 3.200325 1.996264 4.645586 3.208506 1.996256 4.660964 3.216037 1.996248 4.676744 3.222879 1.996241 4.692835 3.821869 1.995622 4.323301 3.807727 1.995636 4.297632 3.792910 1.995652 4.272347 3.777447 1.995668 4.247503 3.761325 1.995684 4.223081 3.744535 1.995702 4.199061 3.727113 1.995720 4.175495 3.709097 1.995739 4.152434 3.690471 1.995758 4.129864 3.671223 1.995778 4.107764 3.651394 1.995798 4.086184 3.631029 1.995819 4.065170 3.610109 1.995841 4.044707 3.588621 1.995863 4.024779 3.566611 1.995886 4.005427 3.544127 1.995909 3.986697 3.521151 1.995933 3.968575 3.497666 1.995957 3.951043 3.473724 1.995982 3.934141 3.449377 1.996007 3.917906 3.424605 1.996032 3.902328 3.399390 1.996058 3.887392 3.373787 1.996085 3.873131 3.347852 1.996112 3.859577 3.321564 1.996139 3.846721 3.294904 1.996166 3.834550 3.267930 1.996194 3.823091 3.161060 1.996305 4.587969 3.171786 1.996294 4.601692 3.181943 1.996283 4.615925 3.191475 1.996273 4.630584 3.112386 1.996355 4.538045 3.125332 1.996341 4.549697 3.137807 1.996329 4.561951 3.149739 1.996316 4.574732 3.055783 1.996413 4.497332 3.070556 1.996398 4.506559 3.084968 1.996383 4.516459 3.098939 1.996369 4.526975 2.992969 1.996478 4.467066 3.009120 1.996462 4.473589 3.025033 1.996445 4.480836 3.040617 1.996429 4.488765 2.925855 1.996547 4.448168 2.942893 1.996530 4.451787 2.959822 1.996512 4.456161 2.976547 1.996495 4.461263 2.856478 1.996619 4.441212 2.873886 1.996601 4.441816 2.891318 1.996583 4.443184 2.908674 1.996565 4.445304 2.786947 1.996691 4.446408 2.804195 1.996673 4.443981 2.821600 1.996655 4.442301 2.839061 1.996637 4.441375 2.735940 1.996744 4.458214 2.752789 1.996726 4.453536 2.769824 1.996709 4.449593 2.709847 1.996771 5.215292 2.776962 1.996701 5.234190 2.759924 1.996719 5.230571 2.742994 1.996737 5.226198 2.726270 1.996754 5.221096 2.846338 1.996630 5.241147 2.828931 1.996648 5.240542 2.811499 1.996666 5.239175 2.794143 1.996684 5.237054 2.915869 1.996558 5.235951 2.898621 1.996576 5.238378 2.881216 1.996594 5.240058 2.863756 1.996612 5.240984 2.966877 1.996505 5.224145 2.950028 1.996523 5.228822 2.932993 1.996540 5.232766 2.541756 1.996944 5.094390 2.531031 1.996955 5.080667 2.520874 1.996966 5.066433 2.511342 1.996976 5.051774 2.590430 1.996894 5.144314 2.577484 1.996907 5.132661 2.565010 1.996920 5.120408 2.553077 1.996933 5.107627 2.647034 1.996836 5.185027 2.632261 1.996851 5.175800 2.617848 1.996866 5.165899 2.603878 1.996880 5.155384 2.693697 1.996787 5.208770 2.677784 1.996804 5.201522 2.662200 1.996820 5.193593 2.895243 1.996579 4.697737 2.895165 1.921582 4.697737 2.885724 1.996589 4.695174 2.885569 1.846589 4.695174 2.876061 1.996599 4.693229 2.875828 1.771596 4.693228 2.866375 1.996609 4.691928 2.866065 1.696609 4.691928 2.875751 1.696599 4.693229 2.885414 1.696589 4.695174 2.894933 1.696579 4.697737 2.904184 1.696570 4.700887 2.938995 1.996534 4.719407 2.930874 1.996542 4.713970 2.930797 1.921545 4.713970 2.922344 1.996551 4.709031 2.922189 1.846551 4.709031 2.913513 1.996560 4.704650 2.913281 1.771558 4.704650 2.913203 1.696560 4.704650 2.922034 1.696551 4.709031 2.930565 1.696542 4.713970 2.938685 1.696534 4.719407 2.967218 1.696505 4.746225 2.960859 1.771508 4.738872 2.960781 1.696511 4.738872 2.953974 1.846519 4.731893 2.953819 1.696518 4.731893 2.946656 1.921529 4.725376 2.946423 1.696526 4.725376 2.827236 1.996649 4.693140 2.836850 1.921642 4.691889 2.836928 1.996639 4.691889 2.846611 1.846629 4.691268 2.846766 1.996629 4.691268 2.856391 1.771616 4.691279 2.856623 1.996619 4.691279 2.856313 1.696619 4.691279 2.846456 1.696630 4.691268 2.836618 1.696640 4.691889 2.826926 1.696650 4.693140 2.789744 1.996688 4.704441 2.798705 1.921682 4.700724 2.798782 1.996679 4.700723 2.807969 1.846669 4.697577 2.808124 1.996669 4.697576 2.817416 1.771657 4.695037 2.817648 1.996659 4.695037 2.817339 1.696660 4.695037 2.807814 1.696669 4.697576 2.798472 1.696679 4.700723 2.789434 1.696688 4.704441 2.756454 1.996722 4.725060 2.764145 1.921717 4.719130 2.764223 1.996715 4.719130 2.772277 1.846706 4.713674 2.772432 1.996706 4.713674 2.780742 1.771694 4.708755 2.780975 1.996697 4.708755 2.780665 1.696697 4.708755 2.772122 1.696706 4.713674 2.763913 1.696715 4.719130 2.756144 1.696723 4.725060 2.729636 1.996750 4.753592 2.735528 1.921747 4.745854 2.735605 1.996744 4.745854 2.741967 1.846737 4.738459 2.742122 1.996737 4.738459 2.748868 1.771728 4.731496 2.749101 1.996730 4.731497 2.748791 1.696730 4.731497 2.741812 1.696738 4.738459 2.735295 1.696744 4.745854 2.729326 1.696750 4.753592 2.714802 1.921768 4.779075 2.714879 1.996766 4.779075 2.719105 1.846761 4.770244 2.719260 1.996761 4.770245 2.723966 1.771753 4.761713 2.724199 1.996756 4.761713 2.723889 1.696756 4.761713 2.718950 1.696761 4.770245 2.714569 1.696766 4.779075 2.710829 1.696769 4.788103 2.702157 1.996779 4.826213 2.703380 1.921780 4.816527 2.703458 1.996777 4.816527 2.705248 1.846775 4.806864 2.705404 1.996775 4.806864 2.707733 1.771770 4.797345 2.707966 1.996773 4.797345 2.707656 1.696773 4.797345 2.705094 1.696775 4.806864 2.703148 1.696777 4.816527 2.701847 1.696779 4.826213 2.703369 1.996777 4.865352 2.702041 1.921782 4.855659 2.702118 1.996779 4.855659 2.701342 1.846779 4.845822 2.701497 1.996779 4.845822 2.701276 1.771777 4.835964 2.701508 1.996779 4.835964 2.701198 1.696779 4.835964 2.701187 1.696779 4.845822 2.701809 1.696779 4.855659 2.703059 1.696778 4.865352 2.714670 1.996766 4.902844 2.710876 1.921772 4.893805 2.710954 1.996770 4.893805 2.707652 1.846773 4.884464 2.707807 1.996773 4.884463 2.705034 1.771773 4.874939 2.705266 1.996775 4.874939 2.704956 1.696776 4.874939 2.707497 1.696773 4.884463 2.710644 1.696770 4.893805 2.714360 1.696766 4.902844 2.735289 1.996744 4.936133 2.729282 1.921753 4.928365 2.729359 1.996751 4.928365 2.723747 1.846756 4.920156 2.723901 1.996756 4.920156 2.718751 1.771759 4.911613 2.718983 1.996761 4.911613 2.718673 1.696761 4.911613 2.723592 1.696756 4.920156 2.729049 1.696751 4.928365 2.734979 1.696745 4.936133 2.763821 1.996715 4.962952 2.756006 1.921726 4.956983 2.756083 1.996723 4.956983 2.748533 1.846731 4.950466 2.748688 1.996731 4.950466 2.741493 1.771735 4.943487 2.741726 1.996738 4.943487 2.741416 1.696738 4.943487 2.748378 1.696731 4.950466 2.755774 1.696723 4.956983 2.763512 1.696715 4.962952 2.798013 1.696679 4.981472 2.788994 1.696689 4.977708 2.789071 1.771686 4.977708 2.780163 1.696698 4.973328 2.780318 1.846698 4.973328 2.771632 1.696707 4.968389 2.771865 1.921709 4.968389 2.771942 1.996706 4.968389 2.780473 1.996698 4.973328 2.789304 1.996689 4.977708 2.836132 1.696640 4.990431 2.826446 1.696650 4.989130 2.826524 1.771647 4.989130 2.816783 1.696660 4.987185 2.816938 1.846660 4.987185 2.807264 1.696670 4.984622 2.807497 1.921673 4.984622 2.807574 1.996670 4.984622 2.817093 1.996660 4.987185 2.826756 1.996650 4.989130 2.836442 1.996640 4.990431 2.875581 1.996599 4.989219 2.865811 1.921612 4.990469 2.865889 1.996609 4.990469 2.855896 1.846620 4.991091 2.856051 1.996620 4.991091 2.845961 1.771627 4.991079 2.846193 1.996630 4.991079 2.845883 1.696630 4.991079 2.855741 1.696620 4.991091 2.865579 1.696610 4.990469 2.875271 1.696600 4.989219 2.913073 1.996561 4.977918 2.903957 1.921573 4.981635 2.904035 1.996570 4.981636 2.894538 1.846580 4.984781 2.894693 1.996580 4.984782 2.884936 1.771587 4.987321 2.885168 1.996590 4.987322 2.884858 1.696590 4.987322 2.894383 1.696580 4.984782 2.903725 1.696570 4.981636 2.912763 1.696561 4.977918 2.946362 1.996526 4.957299 2.938516 1.921537 4.963228 2.938594 1.996534 4.963228 2.930230 1.846543 4.968685 2.930385 1.996543 4.968685 2.921610 1.771549 4.973604 2.921842 1.996552 4.973603 2.921532 1.696552 4.973603 2.930075 1.696543 4.968685 2.938284 1.696535 4.963228 2.946052 1.696527 4.957299 2.973181 1.996499 4.928766 2.967134 1.921508 4.936504 2.967212 1.996505 4.936504 2.960539 1.846512 4.943900 2.960695 1.996511 4.943900 2.953484 1.771516 4.950862 2.953716 1.996519 4.950862 2.953406 1.696519 4.950862 2.960385 1.696512 4.943900 2.966902 1.696505 4.936504 2.972871 1.696499 4.928766 2.987860 1.921486 4.903284 2.987937 1.996483 4.903284 2.983402 1.846488 4.912115 2.983556 1.996488 4.912114 2.978386 1.771490 4.920646 2.978618 1.996493 4.920645 2.978308 1.696493 4.920645 2.983246 1.696488 4.912114 2.987627 1.696484 4.903284 2.991391 1.696480 4.894265 3.000660 1.996470 4.856146 2.999282 1.921474 4.865831 2.999359 1.996472 4.865831 2.997258 1.846474 4.875495 2.997413 1.996474 4.875495 2.994619 1.771474 4.885014 2.994851 1.996476 4.885014 2.994541 1.696476 4.885014 2.997103 1.696474 4.875495 2.999049 1.696472 4.865831 3.000350 1.696470 4.856146 2.999448 1.996472 4.817007 3.000621 1.921473 4.826699 3.000698 1.996470 4.826699 3.001165 1.846470 4.836537 3.001320 1.996469 4.836537 3.001076 1.771467 4.846395 3.001309 1.996470 4.846395 3.000999 1.696470 4.846395 3.001010 1.696470 4.836537 3.000388 1.696470 4.826699 2.999138 1.696472 4.817007 2.988147 1.996483 4.779515 2.991786 1.921482 4.788553 2.991863 1.996479 4.788554 2.994855 1.846476 4.797895 2.995010 1.996476 4.797895 2.997318 1.771471 4.807420 2.997550 1.996474 4.807420 2.997241 1.696474 4.807420 2.994700 1.696476 4.797895 2.991553 1.696480 4.788554 2.987837 1.696483 4.779515 2.967528 1.996505 4.746225 2.973380 1.921501 4.753994 2.973457 1.996498 4.753994 2.978759 1.846493 4.762203 2.978915 1.996493 4.762203 2.983600 1.771485 4.770746 2.983834 1.996488 4.770745 2.983524 1.696488 4.770745 2.978605 1.696493 4.762203 2.973148 1.696499 4.753994 2.946733 1.996526 4.725376 2.954129 1.996518 4.731893 2.961091 1.996511 4.738872 3.195607 2.336269 5.045554 3.132344 2.336334 4.947350 3.126616 2.336340 4.961386 3.120152 2.336347 4.975186 3.113005 2.336354 4.988645 3.105229 2.336362 5.001658 3.204173 2.336260 5.030388 3.212102 2.336252 5.014804 3.219350 2.336245 4.998891 3.225872 2.336238 4.982740 3.231675 2.336232 4.966318 3.236778 2.336226 4.949594 3.241152 2.336222 4.932664 3.244770 2.336218 4.915626 3.154894 2.336311 5.102158 3.165964 2.336300 5.088710 3.176479 2.336289 5.074739 3.186380 2.336279 5.060327 3.096793 2.336371 5.014254 3.087684 2.336380 5.026471 3.077974 2.336390 5.038215 3.067736 2.336401 5.049396 3.104970 2.336363 5.150831 3.118207 2.336349 5.139510 3.130988 2.336336 5.127578 3.143241 2.336323 5.115104 3.056937 2.336412 5.060036 3.045555 2.336424 5.070168 3.033680 2.336436 5.079718 3.021401 2.336449 5.088610 3.047353 2.336422 5.190097 3.062355 2.336407 5.181247 3.077014 2.336392 5.171715 3.091247 2.336377 5.161558 3.008682 2.336462 5.096858 2.995493 2.336476 5.104493 2.981938 2.336490 5.111456 2.968121 2.336504 5.117693 2.983792 2.336488 5.218760 3.000103 2.336471 5.212650 3.016195 2.336454 5.205809 3.031975 2.336438 5.198277 2.954002 2.336519 5.123212 2.939546 2.336534 5.128035 2.924867 2.336549 5.132128 2.910077 2.336564 5.135457 2.916220 2.336558 5.235951 2.933344 2.336540 5.232766 2.950379 2.336522 5.228822 2.967228 2.336505 5.224145 2.895136 2.336580 5.138020 2.880005 2.336595 5.139835 2.864803 2.336611 5.140890 2.849646 2.336627 5.141172 2.846690 2.336629 5.241147 2.864107 2.336612 5.240984 2.881568 2.336593 5.240058 2.898972 2.336576 5.238378 2.777313 2.336701 5.234190 2.794494 2.336684 5.237054 2.811850 2.336665 5.239175 2.829282 2.336648 5.240542 2.834494 2.336642 5.140675 2.819308 2.336658 5.139407 2.804205 2.336673 5.137380 2.789301 2.336689 5.134605 2.710198 2.336771 5.215292 2.726621 2.336754 5.221096 2.743346 2.336736 5.226198 2.760275 2.336719 5.230571 2.774560 2.336704 5.131069 2.759940 2.336719 5.126769 2.745554 2.336734 5.121743 2.731514 2.336749 5.116026 2.647385 2.336835 5.185027 2.662551 2.336820 5.193593 2.678135 2.336804 5.201522 2.694048 2.336787 5.208770 2.717786 2.336763 5.109595 2.704331 2.336776 5.102441 2.691251 2.336790 5.094621 2.678649 2.336803 5.086195 2.590782 2.336894 5.144314 2.604229 2.336880 5.155384 2.618200 2.336865 5.165899 2.632612 2.336851 5.175800 2.666497 2.336816 5.077132 2.654757 2.336828 5.067415 2.643519 2.336839 5.057123 2.632871 2.336850 5.046332 2.542108 2.336944 5.094390 2.553429 2.336932 5.107627 2.565361 2.336920 5.120408 2.577836 2.336907 5.132661 2.622792 2.336861 5.035009 2.613248 2.336871 5.023128 2.604313 2.336880 5.010785 2.596055 2.336888 4.998071 2.502843 2.336985 5.036773 2.511693 2.336976 5.051774 2.521225 2.336966 5.066433 2.531382 2.336955 5.080667 2.588461 2.336896 4.984950 2.581505 2.336903 4.971392 2.575236 2.336910 4.957502 2.569707 2.336916 4.943387 2.474179 2.337014 4.973212 2.480289 2.337008 4.989523 2.487131 2.337001 5.005615 2.494662 2.336993 5.021395 2.456988 2.337032 4.905640 2.460173 2.337029 4.922764 2.464116 2.337025 4.939799 2.468794 2.337020 4.956648 2.564911 2.336920 4.929005 2.560826 2.336925 4.914324 2.557481 2.336928 4.899457 2.554907 2.336931 4.884518 2.451792 2.337037 4.836110 2.451955 2.337037 4.853527 2.452881 2.337036 4.870987 2.454561 2.337034 4.888392 2.553103 2.336933 4.869465 2.552057 2.336934 4.854262 2.551774 2.336934 4.839026 2.552259 2.336934 4.823874 2.458749 2.337030 4.766733 2.455885 2.337033 4.783914 2.453765 2.337035 4.801270 2.452397 2.337037 4.818702 2.553522 2.336932 4.808767 2.555558 2.336930 4.793665 2.558348 2.336927 4.778684 2.561874 2.336924 4.763939 2.477647 2.337011 4.699618 2.471844 2.337017 4.716041 2.466742 2.337022 4.732765 2.462368 2.337027 4.749695 2.566153 2.336919 4.749396 2.571187 2.336914 4.735013 2.576935 2.336908 4.720900 2.583356 2.336901 4.707167 2.507912 2.336979 4.636805 2.499346 2.336988 4.651970 2.491417 2.336997 4.667555 2.484169 2.337004 4.683467 2.590474 2.336894 4.693782 2.598300 2.336886 4.680707 2.606772 2.336877 4.668040 2.615826 2.336868 4.655881 2.548625 2.336937 4.580201 2.537555 2.336949 4.593649 2.527040 2.336960 4.607620 2.517140 2.336970 4.622032 2.625493 2.336858 4.644203 2.635792 2.336847 4.632971 2.646640 2.336836 4.622269 2.657956 2.336824 4.612181 2.598549 2.336886 4.531527 2.585312 2.336900 4.542849 2.572531 2.336913 4.554781 2.560278 2.336925 4.567255 2.669776 2.336812 4.602688 2.682125 2.336799 4.593760 2.694905 2.336786 4.585460 2.708021 2.336773 4.577856 2.656166 2.336826 4.492262 2.641164 2.336842 4.501112 2.626505 2.336857 4.510644 2.612272 2.336872 4.520801 2.719727 2.336761 4.463599 2.703416 2.336777 4.469708 2.687324 2.336794 4.476550 2.671544 2.336810 4.484082 2.721509 2.336759 4.570937 2.735402 2.336745 4.564676 2.749592 2.336730 4.559119 2.763969 2.336715 4.554312 2.787299 2.336691 4.446408 2.770175 2.336709 4.449593 2.753140 2.336726 4.453536 2.736291 2.336744 4.458214 2.778575 2.336700 4.550250 2.793444 2.336684 4.546914 2.808462 2.336669 4.544327 2.823512 2.336653 4.542512 2.856829 2.336619 4.441212 2.839412 2.336637 4.441375 2.821951 2.336655 4.442301 2.804547 2.336673 4.443981 2.838637 2.336638 4.541474 2.853873 2.336622 4.541199 2.869104 2.336606 4.541688 2.884212 2.336591 4.542940 2.926206 2.336547 4.448168 2.909025 2.336565 4.445304 2.891669 2.336583 4.443184 2.874237 2.336601 4.441816 2.899236 2.336575 4.544967 2.914215 2.336560 4.547765 2.929036 2.336545 4.551310 2.943583 2.336529 4.555577 2.993321 2.336478 4.467066 2.976898 2.336495 4.461263 2.960173 2.336512 4.456161 2.943244 2.336530 4.451787 2.957891 2.336515 4.560587 2.972000 2.336500 4.566344 2.985804 2.336486 4.572800 2.999194 2.336472 4.579907 3.056134 2.336413 4.497332 3.040968 2.336429 4.488765 3.025384 2.336445 4.480836 3.009471 2.336461 4.473589 3.012201 2.336458 4.587695 3.024863 2.336445 4.596174 3.037085 2.336433 4.605276 3.048770 2.336421 4.614934 3.112738 2.336355 4.538045 3.099290 2.336369 4.526975 3.085320 2.336383 4.516459 3.070907 2.336398 4.506559 3.161411 2.336304 4.587969 3.150091 2.336316 4.574732 3.138158 2.336329 4.561951 3.125684 2.336341 4.549697 3.059943 2.336409 4.625180 3.070639 2.336398 4.636034 3.080778 2.336388 4.647410 3.090280 2.336378 4.659224 3.200677 2.336264 4.645586 3.191826 2.336273 4.630584 3.182294 2.336283 4.615925 3.172137 2.336293 4.601692 3.099162 2.336369 4.671509 3.107454 2.336360 4.684294 3.115095 2.336352 4.697478 3.122025 2.336345 4.710962 3.229340 2.336234 4.709146 3.223230 2.336241 4.692835 3.216389 2.336248 4.676744 3.208857 2.336255 4.660964 3.128252 2.336339 4.724783 3.133801 2.336333 4.738976 3.138632 2.336328 4.753429 3.142705 2.336324 4.768032 3.246531 2.336216 4.776719 3.243347 2.336220 4.759594 3.239403 2.336224 4.742559 3.234726 2.336229 4.725711 3.146022 2.336320 4.782824 3.148601 2.336318 4.797843 3.150424 2.336316 4.812973 3.151474 2.336315 4.828096 3.251727 2.336211 4.846249 3.251564 2.336211 4.828832 3.250638 2.336212 4.811371 3.248958 2.336214 4.793967 3.151746 2.336314 4.843253 3.151249 2.336315 4.858484 3.149989 2.336316 4.873671 3.147972 2.336318 4.888696 3.247634 2.336215 4.898445 3.249754 2.336213 4.881089 3.251122 2.336212 4.863656 3.145187 2.336321 4.903597 3.141633 2.336325 4.918416 3.137343 2.336329 4.933038 3.137255 2.251333 4.933038 3.141458 2.166325 4.918416 3.144924 2.081318 4.903597 3.112918 2.251358 4.988646 3.119977 2.166347 4.975186 3.126353 2.081337 4.961386 3.077886 2.251394 5.038216 3.087508 2.166381 5.026471 3.096529 2.081368 5.014254 3.033592 2.251440 5.079719 3.045379 2.166424 5.070168 3.056674 2.081409 5.060036 2.981850 2.251493 5.111456 2.995317 2.166476 5.104492 3.008418 2.081459 5.096858 2.924779 2.251552 5.132128 2.939370 2.166534 5.128035 2.953738 2.081516 5.123212 2.864715 2.251614 5.140889 2.879830 2.166595 5.139835 2.894873 2.081576 5.138020 2.804117 2.251677 5.137380 2.819133 2.166658 5.139407 2.834231 2.081639 5.140676 2.745466 2.251737 5.121744 2.759764 2.166719 5.126770 2.774296 2.081701 5.131069 2.691163 2.251793 5.094622 2.704155 2.166777 5.102441 2.717522 2.081760 5.109595 2.643431 2.251842 5.057123 2.654581 2.166828 5.067416 2.666233 2.081813 5.077132 2.604225 2.251883 5.010785 2.613073 2.166871 5.023128 2.622529 2.081858 5.035008 2.575149 2.251913 4.957502 2.581329 2.166903 4.971392 2.588198 2.081893 4.984950 2.557394 2.251931 4.899457 2.560650 2.166925 4.914324 2.564647 2.081918 4.929006 2.551686 2.251937 4.839026 2.551882 2.166934 4.854262 2.552839 2.081930 4.869465 2.558261 2.251930 4.778684 2.555383 2.166930 4.793665 2.553259 2.081929 4.808767 2.576847 2.251911 4.720900 2.571011 2.166914 4.735013 2.565888 2.081916 4.749396 2.606685 2.251881 4.668040 2.598125 2.166886 4.680707 2.590211 2.081891 4.693782 2.646552 2.251839 4.622269 2.635616 2.166847 4.632971 2.625230 2.081855 4.644203 2.694818 2.251790 4.585459 2.681949 2.166800 4.593759 2.669513 2.081809 4.602688 2.749504 2.251733 4.559120 2.735227 2.166744 4.564676 2.721246 2.081756 4.570937 2.808374 2.251672 4.544327 2.793268 2.166685 4.546914 2.778311 2.081697 4.550250 2.869016 2.251610 4.541688 2.853697 2.166622 4.541199 2.838373 2.081635 4.541473 2.928948 2.251548 4.551310 2.914040 2.166560 4.547765 2.898972 2.081572 4.544967 2.985717 2.251489 4.572799 2.971825 2.166500 4.566343 2.957627 2.081511 4.560587 3.036997 2.251436 4.605276 3.024688 2.166445 4.596174 3.011938 2.081455 4.587695 3.080690 2.251391 4.647411 3.070464 2.166398 4.636034 3.059680 2.081406 4.625180 3.115008 2.251355 4.697478 3.107278 2.166360 4.684294 3.098898 2.081366 4.671509 3.138544 2.251331 4.753429 3.133625 2.166333 4.738976 3.127988 2.081336 4.724784 3.150336 2.251319 4.812973 3.148425 2.166318 4.797843 3.145759 2.081317 4.782824 3.149900 2.251319 4.873671 3.151072 2.166315 4.858484 3.151482 2.081311 4.843253 3.267852 1.921197 3.823090 3.294749 1.846166 3.834549 3.321332 1.771136 3.846720 3.347542 1.696112 3.859577 3.321254 1.696139 3.846721 3.294594 1.696167 3.834550 3.267620 1.696194 3.823091 3.240391 1.696223 3.812369 3.157276 1.921311 3.784584 3.185238 1.846280 3.793111 3.212964 1.771248 3.802380 3.212886 1.696251 3.802380 3.185083 1.696280 3.793112 3.157044 1.696309 3.784585 3.128830 1.696338 3.776818 3.043234 1.921429 3.758050 3.071943 1.846397 3.763548 3.100496 1.771364 3.769809 3.100419 1.696367 3.769808 3.071788 1.696397 3.763548 3.043002 1.696426 3.758050 3.014122 1.696456 3.753327 2.927018 1.921549 3.743788 2.956148 1.846516 3.746195 2.985204 1.771483 3.749377 2.985127 1.696486 3.749377 2.955993 1.696516 3.746196 2.926785 1.696546 3.743789 2.897567 1.696577 3.742161 2.809943 1.921670 3.741960 2.839164 1.846637 3.741249 2.868394 1.771604 3.741316 2.868316 1.696607 3.741316 2.839009 1.696637 3.741250 2.809711 1.696667 3.741961 2.780485 1.696697 3.743448 2.693338 1.921791 3.752587 2.722317 1.846758 3.748765 2.751388 1.771725 3.745717 2.751310 1.696728 3.745716 2.722162 1.696758 3.748765 2.693106 1.696788 3.752586 2.664204 1.696818 3.757173 2.578523 1.921909 3.775547 2.606931 1.846877 3.768660 2.635513 1.771845 3.762530 2.635435 1.696847 3.762530 2.606776 1.696877 3.768660 2.578291 1.696906 3.775547 2.550040 1.696936 3.783180 2.466799 1.922024 3.810582 2.494314 1.846993 3.800705 2.522081 1.771962 3.791564 2.522004 1.696964 3.791564 2.494159 1.696993 3.800706 2.466567 1.697022 3.810583 2.439287 1.697050 3.821174 2.359431 1.922136 3.857294 2.385740 1.847105 3.844540 2.412378 1.772075 3.832491 2.412300 1.697078 3.832489 2.385584 1.697105 3.844538 2.359198 1.697133 3.857292 2.333200 1.697160 3.870725 2.257637 1.922241 3.915153 2.282441 1.847212 3.899667 2.307647 1.772183 3.884847 2.307571 1.697186 3.884849 2.282287 1.697212 3.899669 2.257405 1.697238 3.915154 2.232981 1.697263 3.931272 2.162570 1.922339 3.983506 2.185587 1.847312 3.965462 2.209074 1.772285 3.948038 2.208997 1.697288 3.948038 2.185431 1.697312 3.965461 2.162337 1.697336 3.983504 2.139766 1.697360 4.002129 2.075307 1.922429 4.061575 2.096275 1.847404 4.041180 2.117777 1.772379 4.021349 2.117700 1.697382 4.021351 2.096120 1.697405 4.041180 2.075074 1.697426 4.061574 2.054610 1.697447 4.082492 1.996837 1.922510 4.148478 2.015518 1.847488 4.125961 2.034789 1.772465 4.103950 2.034713 1.697468 4.103950 2.015363 1.697488 4.125961 1.996604 1.697507 4.148478 1.978479 1.697526 4.171452 1.928048 1.922581 4.243230 1.944229 1.847562 4.218846 1.961052 1.772541 4.194902 1.960975 1.697544 4.194903 1.944074 1.697561 4.218846 1.927815 1.697578 4.243229 1.912235 1.697594 4.268000 1.869720 1.922641 4.344756 1.883217 1.847625 4.318782 1.897399 1.772607 4.293179 1.897322 1.697610 4.293179 1.883063 1.697625 4.318783 1.869487 1.697639 4.344756 1.856628 1.697652 4.371042 1.822515 1.922690 4.451907 1.833174 1.847676 4.424638 1.844553 1.772662 4.397663 1.844477 1.697664 4.397664 1.833020 1.697676 4.424638 1.822283 1.697687 4.451908 1.812290 1.697698 4.479412 1.786966 1.922727 4.563469 1.794666 1.847716 4.535213 1.803113 1.772704 4.507173 1.803036 1.697707 4.507173 1.794511 1.697716 4.535213 1.786734 1.697724 4.563469 1.779721 1.697731 4.591880 1.763477 1.922751 4.678177 1.768130 1.847744 4.649255 1.773548 1.772735 4.620468 1.773471 1.697738 4.620468 1.767976 1.697743 4.649255 1.763247 1.697748 4.678177 1.759292 1.697752 4.707172 1.752314 1.922763 4.794733 1.753866 1.847758 4.765471 1.756193 1.772753 4.736263 1.756114 1.697756 4.736262 1.753710 1.697758 4.765470 1.752083 1.697760 4.794733 1.751233 1.697761 4.823984 1.753603 1.922761 4.911814 1.752035 1.847760 4.882545 1.751244 1.772758 4.853247 1.751166 1.697761 4.853247 1.751881 1.697760 4.882544 1.753372 1.697759 4.911814 1.755636 1.697756 4.940989 1.767330 1.922747 5.028095 1.762659 1.847749 4.999150 1.758758 1.772750 4.970094 1.758679 1.697753 4.970094 1.762504 1.697749 4.999150 1.767099 1.697744 5.028095 1.772451 1.697739 5.056865 1.793339 1.922720 5.142259 1.785618 1.847725 5.113966 1.778650 1.772730 5.085481 1.778571 1.697733 5.085481 1.785462 1.697726 5.113966 1.793107 1.697718 5.142259 1.801488 1.697709 5.170296 1.831336 1.922681 5.253011 1.820650 1.847689 5.225691 1.810694 1.772697 5.198099 1.810616 1.697700 5.198099 1.820496 1.697689 5.225690 1.831104 1.697678 5.253010 1.842417 1.697667 5.279998 1.880889 1.922630 5.359097 1.867360 1.847641 5.333059 1.854526 1.772651 5.306674 1.854448 1.697654 5.306674 1.867204 1.697641 5.333059 1.880656 1.697627 5.359097 1.894775 1.697613 5.384728 1.941438 1.922567 5.459314 1.925217 1.847581 5.434854 1.909651 1.772594 5.409974 1.909574 1.697597 5.409974 1.925062 1.697581 5.434854 1.941205 1.697565 5.459314 1.957969 1.697547 5.483300 2.012297 1.922494 5.552528 1.993567 1.847511 5.529922 1.975445 1.772526 5.506830 1.975368 1.697529 5.506829 1.993413 1.697511 5.529922 2.012064 1.697491 5.552528 2.031282 1.697472 5.574596 2.092662 1.922411 5.637682 2.071635 1.847430 5.617187 2.051160 1.772448 5.596143 2.051083 1.697451 5.596143 2.071480 1.697430 5.617187 2.092429 1.697408 5.637682 2.113884 1.697386 5.657582 2.181623 1.922319 5.713811 2.158536 1.847340 5.695659 2.135940 1.772361 5.676903 2.135863 1.697363 5.676903 2.158381 1.697340 5.695659 2.181390 1.697316 5.713811 2.204838 1.697292 5.731318 2.278172 1.922220 5.780053 2.253286 1.847242 5.764449 2.228824 1.772265 5.748193 2.228747 1.697268 5.748193 2.253131 1.697242 5.764450 2.277939 1.697217 5.780054 2.303116 1.697191 5.794969 2.381215 1.922113 5.835657 2.354812 1.847137 5.822779 2.328759 1.772161 5.809206 2.328682 1.697164 5.809206 2.354657 1.697137 5.822779 2.380982 1.697110 5.835658 2.407602 1.697083 5.847813 2.489585 1.922001 5.879993 2.461962 1.847027 5.869987 2.434614 1.772052 5.859252 2.434537 1.697055 5.859251 2.461807 1.697027 5.869985 2.489352 1.696998 5.879992 2.517113 1.696970 5.889251 2.602053 1.921885 5.912560 2.573522 1.846911 5.905538 2.545188 1.771938 5.897762 2.545110 1.696941 5.897763 2.573367 1.696912 5.905537 2.601821 1.696882 5.912559 2.630408 1.696853 5.918814 2.717346 1.921766 5.932987 2.688230 1.846793 5.929028 2.659229 1.771820 5.924301 2.659152 1.696823 5.924302 2.688075 1.696793 5.929029 2.717113 1.696763 5.932987 2.746204 1.696733 5.936167 2.834157 1.921645 5.941043 2.804785 1.846673 5.940194 2.775446 1.771700 5.938568 2.775368 1.696703 5.938568 2.804630 1.696673 5.940194 2.833924 1.696642 5.941043 2.863188 1.696612 5.941113 2.951163 1.921524 5.936638 2.921866 1.846552 5.938907 2.892520 1.771579 5.940400 2.892442 1.696582 5.940400 2.921711 1.696552 5.938907 2.950930 1.696522 5.936638 2.980035 1.696491 5.933597 3.067037 1.921405 5.919820 3.038147 1.846431 5.925183 3.009126 1.771459 5.929778 3.009048 1.696461 5.929778 3.037992 1.696432 5.925182 3.066804 1.696402 5.919820 3.095421 1.696372 5.913702 3.180467 1.921287 5.890781 3.152311 1.846313 5.899176 3.123942 1.771340 5.906822 3.123864 1.696343 5.906823 3.152156 1.696314 5.899176 3.180235 1.696285 5.890781 3.208039 1.696256 5.881657 3.290169 1.921174 5.849850 3.263064 1.846199 5.861182 3.235667 1.771224 5.871792 3.235590 1.696227 5.871792 3.262909 1.696199 5.861183 3.289937 1.696171 5.849851 3.316613 1.696144 5.837821 3.394898 1.921066 5.797490 3.369150 1.846090 5.811630 3.343036 1.771114 5.825084 3.342959 1.696116 5.825084 3.368995 1.696090 5.811630 3.394665 1.696063 5.797491 3.419912 1.696037 5.782694 3.493468 1.920964 5.734295 3.469369 1.845986 5.751083 3.444832 1.771008 5.767229 3.444755 1.696011 5.767229 3.469215 1.695986 5.751084 3.493236 1.695961 5.734296 3.516767 1.695937 5.716899 3.584762 1.920870 5.660980 3.562584 1.845890 5.680227 3.539902 1.770910 5.698881 3.539824 1.695913 5.698880 3.562429 1.695890 5.680227 3.584531 1.695867 5.660981 3.606079 1.695845 5.641182 3.667747 1.920784 5.578377 3.647739 1.845802 5.599864 3.627168 1.770820 5.620814 3.627090 1.695823 5.620813 3.647584 1.695802 5.599863 3.667515 1.695781 5.578377 3.686837 1.695761 5.556400 3.741481 1.920708 5.487421 3.723870 1.845723 5.510904 3.705642 1.770739 5.533915 3.705564 1.695742 5.533914 3.723716 1.695723 5.510904 3.741250 1.695705 5.487421 3.758125 1.695688 5.463515 3.805129 1.920642 5.389142 3.790114 1.845655 5.414357 3.774435 1.770668 5.439166 3.774356 1.695671 5.439165 3.789958 1.695655 5.414356 3.804896 1.695639 5.389142 3.819137 1.695625 5.363578 3.857971 1.920588 5.284656 3.845720 1.845597 5.311315 3.832766 1.770608 5.337642 3.832689 1.695611 5.337642 3.845565 1.695597 5.311315 3.857738 1.695585 5.284656 3.869181 1.695573 5.257722 3.899407 1.920545 5.175144 3.890059 1.845551 5.202946 3.879976 1.770559 5.230493 3.879898 1.695562 5.230492 3.889903 1.695551 5.202946 3.899173 1.695542 5.175144 3.907689 1.695533 5.147147 3.928967 1.920514 5.061848 3.922627 1.845518 5.090478 3.915529 1.770522 5.118932 3.915452 1.695525 5.118932 3.922472 1.695518 5.090478 3.928733 1.695511 5.061848 3.934225 1.695506 5.033105 3.946318 1.920496 4.946053 3.943056 1.845497 4.975186 3.939023 1.770498 5.004225 3.938946 1.695501 5.004225 3.942901 1.695497 4.975186 3.946084 1.695493 4.946053 3.948489 1.695491 4.916888 3.951262 1.920491 4.829068 3.951115 1.845488 4.858375 3.950190 1.770486 4.887670 3.950114 1.695489 4.887670 3.950960 1.695488 4.858376 3.951028 1.695488 4.829069 3.950320 1.695489 4.799814 3.943743 1.920499 4.712221 3.946712 1.845493 4.741370 3.948906 1.770488 4.770588 3.948830 1.695491 4.770588 3.946557 1.695493 4.741370 3.943509 1.695496 4.712222 3.939695 1.695500 4.683208 3.923847 1.920519 4.596836 3.929897 1.845510 4.625495 3.935184 1.770502 4.654306 3.935108 1.695505 4.654306 3.929743 1.695510 4.625494 3.923615 1.695517 4.596836 3.916737 1.695524 4.568392 3.891799 1.920552 4.484218 3.900860 1.845540 4.512064 3.909179 1.770529 4.540142 3.909101 1.695532 4.540143 3.900703 1.695540 4.512065 3.891564 1.695550 4.484219 3.881704 1.695560 4.456667 3.847962 1.920598 4.375646 3.859931 1.845582 4.402362 3.871187 1.770568 4.429388 3.871112 1.695571 4.429388 3.859779 1.695583 4.402361 3.847731 1.695595 4.375645 3.834995 1.695608 4.349298 3.792832 1.920655 4.272347 3.807573 1.845637 4.297632 3.821638 1.770619 4.323301 3.821560 1.695622 4.323301 3.807418 1.695637 4.297632 3.792600 1.695652 4.272347 3.777137 1.695668 4.247503 3.727035 1.920723 4.175495 3.744380 1.845702 4.199061 3.761093 1.770682 4.223081 3.761015 1.695685 4.223081 3.744225 1.695702 4.199061 3.726803 1.695720 4.175495 3.708787 1.695739 4.152434 3.651316 1.920801 4.086184 3.671067 1.845778 4.107765 3.690239 1.770755 4.129864 3.690161 1.695758 4.129864 3.670913 1.695778 4.107764 3.651085 1.695798 4.086184 3.630719 1.695819 4.065170 3.566533 1.920888 4.005428 3.588466 1.845863 4.024779 3.609877 1.770838 4.044707 3.609799 1.695841 4.044707 3.588311 1.695863 4.024779 3.566301 1.695886 4.005427 3.543818 1.695909 3.986697 3.473646 1.920985 3.934141 3.497511 1.845957 3.951043 3.520919 1.770930 3.968575 3.520841 1.695933 3.968575 3.497356 1.695957 3.951043 3.473414 1.695982 3.934141 3.449067 1.696007 3.917906 3.373709 1.921088 3.873132 3.399234 1.846058 3.887393 3.424373 1.771030 3.902328 3.424295 1.696033 3.902328 3.399080 1.696059 3.887392 3.373477 1.696085 3.873131 2.894089 1.696580 4.697486 2.883673 1.696591 4.694783 2.873093 1.696602 4.692814 2.862509 1.696613 4.691614 2.941558 1.696531 4.721526 2.932831 1.696540 4.715419 2.923598 1.696550 4.709890 2.914001 1.696560 4.705020 2.971604 1.696500 4.751858 2.964951 1.696507 4.743539 2.957650 1.696515 4.735634 2.949814 1.696523 4.728257 2.991888 1.696479 4.789427 2.987849 1.696483 4.779571 2.983070 1.696488 4.769928 2.977629 1.696494 4.760643 2.851865 1.696624 4.691194 2.841109 1.696635 4.691536 2.830403 1.696646 4.692627 2.819909 1.696657 4.694458 2.809578 1.696667 4.697053 2.799353 1.696678 4.700411 2.789388 1.696688 4.704474 2.779836 1.696698 4.709188 2.770655 1.696708 4.714591 2.761791 1.696717 4.720693 2.753374 1.696726 4.727398 2.745537 1.696734 4.734611 2.738250 1.696741 4.742381 2.731463 1.696748 4.750734 2.725277 1.696755 4.759539 2.719789 1.696760 4.768669 2.714986 1.696765 4.778176 2.707374 1.696773 4.798295 2.704679 1.696776 4.808600 2.702749 1.696778 4.819076 2.701556 1.696779 4.829771 2.701113 1.696779 4.840523 2.701432 1.696779 4.851171 2.702531 1.696778 4.861765 2.704400 1.696776 4.872364 2.707004 1.696774 4.882805 2.710309 1.696770 4.892932 2.714348 1.696766 4.902788 2.719127 1.696761 4.912431 2.724568 1.696755 4.921716 2.730592 1.696749 4.930500 2.737246 1.696742 4.938819 2.744547 1.696735 4.946725 2.752383 1.696727 4.954102 2.760638 1.696718 4.960833 2.769366 1.696709 4.966940 2.778599 1.696700 4.972468 2.788196 1.696690 4.977338 2.808107 1.696669 4.984873 2.818524 1.696658 4.987576 2.829104 1.696647 4.989544 2.839688 1.696636 4.990745 2.850332 1.696625 4.991165 2.861088 1.696614 4.990823 2.871794 1.696603 4.989731 2.882288 1.696592 4.987901 2.892619 1.696582 4.985305 2.902843 1.696571 4.981948 2.912809 1.696561 4.977884 2.922361 1.696551 4.973171 2.931541 1.696542 4.967768 2.940406 1.696532 4.961666 2.948823 1.696524 4.954960 2.956660 1.696516 4.947747 2.963947 1.696508 4.939978 2.970733 1.696501 4.931625 2.976920 1.696495 4.922820 2.982408 1.696489 4.913690 2.987210 1.696484 4.904182 2.994823 1.696476 4.884064 2.997517 1.696473 4.873759 2.999448 1.696471 4.863283 3.000640 1.696470 4.852588 3.001083 1.696470 4.841835 3.000765 1.696470 4.831188 2.999666 1.696471 4.820593 2.997797 1.696473 4.809995 2.995192 1.696476 4.799553 3.219262 2.251248 4.998891 3.211927 2.166252 5.014804 3.203910 2.081257 5.030388 3.241064 2.251225 4.932664 3.236602 2.166227 4.949594 3.231412 2.081229 4.966318 3.251035 2.251215 4.863656 3.249579 2.166213 4.881089 3.247371 2.081212 4.898445 3.248870 2.251217 4.793966 3.250463 2.166212 4.811371 3.251300 2.081208 4.828832 3.234638 2.251232 4.725711 3.239227 2.166224 4.742559 3.243082 2.081217 4.759594 3.208769 2.251259 4.660964 3.216212 2.166248 4.676744 3.222966 2.081238 4.692836 3.172049 2.251297 4.601692 3.182119 2.166283 4.615925 3.191563 2.081270 4.630584 3.125596 2.251344 4.549698 3.137982 2.166328 4.561951 3.149827 2.081313 4.574731 3.070819 2.251401 4.506559 3.085144 2.166383 4.516460 3.099027 2.081366 4.526975 3.009384 2.251465 4.473588 3.025209 2.166445 4.480836 3.040705 2.081426 4.488765 2.943156 2.251533 4.451786 2.959998 2.166512 4.456161 2.976635 2.081492 4.461263 2.874149 2.251604 4.441816 2.891493 2.166583 4.443184 2.908762 2.081562 4.445305 2.804459 2.251676 4.443981 2.821776 2.166655 4.442300 2.839149 2.081634 4.441375 2.736203 2.251747 4.458213 2.752964 2.166726 4.453536 2.769911 2.081706 4.449593 2.671456 2.251814 4.484082 2.687149 2.166794 4.476551 2.703152 2.081774 4.469709 2.612185 2.251875 4.520802 2.626330 2.166857 4.510644 2.640901 2.081839 4.501112 2.560190 2.251929 4.567255 2.572355 2.166913 4.554781 2.585048 2.081897 4.542848 2.517052 2.251973 4.622032 2.526865 2.166960 4.607619 2.537292 2.081946 4.593648 2.484081 2.252007 4.683467 2.491241 2.166997 4.667555 2.499082 2.081985 4.651970 2.462279 2.252030 4.749695 2.466566 2.167022 4.732765 2.471580 2.082014 4.716041 2.452309 2.252040 4.818702 2.453589 2.167036 4.801270 2.455622 2.082030 4.783914 2.454473 2.252038 4.888392 2.452705 2.167037 4.870987 2.451692 2.082034 4.853527 2.468706 2.252023 4.956648 2.463941 2.167025 4.939799 2.459910 2.082026 4.922764 2.494575 2.251996 5.021395 2.486955 2.167001 5.005615 2.480026 2.082005 4.989523 2.531294 2.251958 5.080667 2.521049 2.166966 5.066433 2.511429 2.081973 5.051774 2.577748 2.251910 5.132661 2.565186 2.166920 5.120408 2.553165 2.081929 5.107627 2.632524 2.251854 5.175799 2.618024 2.166866 5.165899 2.603965 2.081877 5.155384 2.693960 2.251791 5.208770 2.677959 2.166804 5.201523 2.662287 2.081817 5.193594 2.760187 2.251722 5.230572 2.743170 2.166736 5.226198 2.726358 2.081751 5.221096 2.829195 2.251651 5.240542 2.811675 2.166666 5.239175 2.794231 2.081680 5.237054 2.898885 2.251579 5.238379 2.881392 2.166594 5.240058 2.863843 2.081609 5.240984 2.967140 2.251508 5.224145 2.950204 2.166522 5.228822 2.933081 2.081537 5.232766 3.031887 2.251441 5.198276 3.016019 2.166455 5.205808 2.999840 2.081468 5.212650 3.091159 2.251380 5.161557 3.076838 2.166392 5.171714 3.062091 2.081404 5.181247 3.143153 2.251326 5.115104 3.130813 2.166336 5.127578 3.117944 2.081346 5.139511 3.186292 2.251282 5.060327 3.176303 2.166289 5.074739 3.165701 2.081297 5.088710</float_array>
          <technique_common>
            <accessor source="#Part2-mesh-positions-array" count="6774" stride="3">
              <param name="X" type="float" />
              <param name="Y" type="float" />
              <param name="Z" type="float" />
            </accessor>
          </technique_common>
        </source>
        <source id="Part2-mesh-normals">
          <float_array id="Part2-mesh-normals-array" count="38091">0.001033 1.000000 0.000000 0.001033 1.000000 0.000000 1.000000 -0.001033 0.000000 1.000000 -0.001033 0.000000 -0.001033 -1.000000 0.000000 -0.001033 -1.000000 0.000000 -1.000000 0.001033 0.000000 -1.000000 0.001033 0.000000 1.000000 -0.001033 0.000000 1.000000 -0.001033 0.000000 -1.000000 0.001033 0.000000 -1.000000 0.001033 0.000000 1.000000 -0.001033 0.000000 0.001033 1.000000 0.000000 -0.001033 -1.000000 0.000000 0.001033 1.000000 0.000000 -0.001033 -1.000000 0.000000 1.000000 -0.001033 0.000000 -0.001033 -1.000000 0.000000 -1.000000 0.001033 0.000000 -1.000000 0.001033 0.000000 -0.940045 -0.341050 0.000000 -0.940045 -0.341050 0.000000 -0.939339 0.342991 0.000000 -0.939339 0.342991 0.000000 -0.499105 0.866542 0.000000 -0.499105 0.866542 0.000000 0.174666 0.984628 0.000000 0.174666 0.984628 0.000000 0.766707 0.641997 0.000000 0.766708 0.641996 0.000000 1.000000 -0.001034 0.000000 0.765380 -0.643579 0.000000 0.765380 -0.643579 0.000000 0.172631 -0.984987 0.000000 0.172630 -0.984987 0.000000 -0.500894 -0.865509 0.000000 -0.940046 -0.341049 0.000000 -0.940045 -0.341049 0.000000 -0.939339 0.342990 0.000000 -0.939339 0.342990 0.000000 -0.499105 0.866541 0.000000 -0.499106 0.866541 0.000000 0.174665 0.984628 0.000000 0.766707 0.641997 0.000000 0.766708 0.641996 0.000000 1.000000 -0.001033 0.000000 1.000000 -0.001033 0.000000 0.765380 -0.643579 0.000000 0.765380 -0.643579 0.000000 0.172630 -0.984987 0.000000 0.172630 -0.984987 0.000000 -0.500894 -0.865509 0.000000 -0.500895 -0.865508 0.000000 -0.940045 -0.341049 0.000000 -0.940046 -0.341048 0.000000 -0.939339 0.342990 0.000000 -0.939339 0.342990 0.000000 -0.499105 0.866541 0.000000 -0.499104 0.866542 0.000000 0.174666 0.984628 0.000000 0.174668 0.984627 0.000000 0.766707 0.641997 0.000000 0.766707 0.641997 0.000000 1.000000 -0.001034 0.000000 0.765380 -0.643579 0.000000 0.765381 -0.643578 0.000000 0.172632 -0.984986 0.000000 0.172632 -0.984986 0.000000 -0.500895 -0.865508 0.000000 -0.940046 -0.341049 0.000000 -0.940045 -0.341049 0.000000 -0.939339 0.342990 0.000000 -0.939339 0.342991 0.000000 -0.499105 0.866542 0.000000 0.174666 0.984628 0.000000 0.766708 0.641996 0.000000 0.765379 -0.643579 0.000000 0.765379 -0.643579 0.000000 0.172631 -0.984987 0.000000 0.172632 -0.984986 0.000000 -0.500894 -0.865509 0.000000 0.000000 0.000000 1.000000 0.000000 -0.000001 1.000000 0.000000 0.000000 1.000000 0.000000 0.000000 1.000000 0.000000 -0.000000 1.000000 0.000000 -0.000001 1.000000 0.000000 0.000000 1.000000 0.000000 -0.000001 1.000000 0.000000 0.000003 1.000000 0.000000 0.000000 1.000000 0.000000 0.000000 1.000000 0.000000 0.000001 1.000000 0.000000 -0.000001 1.000000 0.000000 0.000000 1.000000 0.000000 0.000000 1.000000 0.000000 0.000003 1.000000 0.000000 -0.000000 1.000000 0.000000 -0.000000 1.000000 0.000000 -0.000001 1.000000 0.000000 0.000000 1.000000 0.000000 -0.000002 1.000000 0.000000 0.000000 1.000000 0.000000 0.000000 1.000000 0.000000 0.000000 1.000000 0.000000 0.000000 1.000000 0.000000 0.000000 1.000000 0.000000 0.000000 1.000000 0.000000 -0.000001 1.000000 0.000000 0.000000 1.000000 0.000000 0.000000 1.000000 0.000000 0.000000 1.000000 0.000000 0.000000 1.000000 0.000000 0.000000 1.000000 0.000000 0.000000 1.000000 0.000000 0.000000 1.000000 0.000000 0.000000 1.000000 0.000000 -0.000000 1.000000 0.000000 0.000000 1.000000 0.000000 0.000000 1.000000 0.000000 0.000000 1.000000 0.000000 0.000000 1.000000 0.000000 -0.000001 1.000000 0.000000 0.000001 1.000000 0.000000 0.000000 1.000000 0.000000 0.000000 1.000000 0.000000 0.000000 1.000000 0.000000 0.000000 1.000000 0.000000 0.000000 1.000000 0.000000 -0.000000 1.000000 0.000000 0.000000 1.000000 0.000000 0.000000 1.000000 0.000000 -0.000000 1.000000 0.000000 0.000001 1.000000 0.977932 -0.208922 0.000000 0.978362 0.206901 0.000000 0.978362 0.206901 0.000000 0.809624 0.586949 0.000000 0.500894 0.865508 0.000000 0.500895 0.865508 0.000000 0.105555 0.994413 0.000000 0.105556 0.994413 0.000000 -0.308034 0.951375 0.000000 -0.308034 0.951375 0.000000 -0.668362 0.743836 0.000000 -0.668363 0.743836 0.000000 -0.913125 0.407680 0.000000 -0.913125 0.407680 0.000000 -1.000000 0.001033 0.000000 -1.000000 0.001033 0.000000 -0.913965 -0.405793 0.000000 -0.913965 -0.405793 0.000000 -0.669898 -0.742453 0.000000 -0.669898 -0.742453 0.000000 -0.309999 -0.950737 0.000000 0.103501 -0.994629 0.000000 0.103501 -0.994629 0.000000 0.499105 -0.866541 0.000000 0.499105 -0.866541 0.000000 0.808409 -0.588621 0.000000 0.808410 -0.588621 0.000000 0.000000 0.000000 -1.000000 0.000000 0.000001 -1.000000 0.000000 -0.000001 -1.000000 0.000000 0.000000 -1.000000 0.000000 0.000000 -1.000000 0.000000 0.000000 -1.000000 0.000000 0.000000 -1.000000 0.000000 -0.000000 -1.000000 0.000000 0.000000 -1.000000 0.000000 0.000000 -1.000000 0.000000 -0.000002 -1.000000 0.000000 0.000001 -1.000000 0.000000 -0.000000 -1.000000 0.000000 0.000001 -1.000000 0.000000 -0.000000 -1.000000 0.000000 0.000001 -1.000000 0.000000 0.000000 -1.000000 0.000000 -0.000000 -1.000000 0.000000 0.000000 -1.000000 0.000000 -0.000000 -1.000000 0.000000 0.000000 -1.000000 0.000000 0.000000 -1.000000 0.000000 0.000000 -1.000000 0.000000 0.000000 -1.000000 0.000000 0.000000 -1.000000 0.000000 0.000000 -1.000000 0.000000 0.000000 -1.000000 0.000000 0.000000 -1.000000 0.000000 0.000001 -1.000000 0.000000 0.000000 -1.000000 0.000000 -0.000000 -1.000000 0.000000 0.000000 -1.000000 0.000000 0.000000 -1.000000 0.000000 0.000000 -1.000000 0.000000 -0.000000 -1.000000 0.000000 0.000000 -1.000000 0.000000 0.000000 -1.000000 0.000000 0.000001 -1.000000 0.000000 0.000000 -1.000000 0.000000 0.000000 -1.000000 0.000000 -0.000000 -1.000000 0.000000 0.000000 -1.000000 0.000000 0.000000 -1.000000 0.000000 0.000000 -1.000000 0.000000 0.000000 -1.000000 0.000000 -0.000000 -1.000000 0.000000 0.000000 -1.000000 0.000000 -0.000001 -1.000000 0.000000 0.000000 -1.000000 0.000000 0.000000 -1.000000 0.000000 0.000000 -1.000000 0.000000 0.000000 -1.000000 0.000000 0.000000 -1.000000 0.000000 0.000000 -1.000000 0.000000 0.000000 -1.000000 0.000000 0.000000 -1.000000 0.000000 -0.000000 -1.000000 0.000000 -0.000001 -1.000000 0.000000 -0.000001 -1.000000 0.940045 0.341049 0.000000 0.940046 0.341049 0.000000 0.939339 -0.342990 0.000000 0.939339 -0.342990 0.000000 0.499105 -0.866541 0.000000 0.499105 -0.866541 0.000000 -0.174665 -0.984628 0.000000 -0.766708 -0.641996 0.000000 -0.766708 -0.641996 0.000000 -1.000000 0.001033 0.000000 -1.000000 0.001033 0.000000 -0.765380 0.643579 0.000000 -0.765380 0.643578 0.000000 -0.172631 0.984987 0.000000 -0.172631 0.984987 0.000000 0.500894 0.865509 0.000000 0.500895 0.865508 0.000000 0.707106 -0.000730 0.707107 0.707107 -0.000731 0.707106 -0.707107 0.000730 0.707106 -0.707106 0.000731 0.707107 -0.707106 0.000730 -0.707107 -0.707106 0.000730 -0.707107 0.707107 -0.000727 -0.707106 0.707106 -0.000733 -0.707107 -0.239316 0.000248 -0.970942 -0.239314 0.000248 -0.970942 0.239314 -0.000247 -0.970942 0.239315 -0.000249 -0.970942 0.663123 -0.000684 -0.748510 0.663126 -0.000684 -0.748508 0.935016 -0.000966 -0.354605 0.935016 -0.000965 -0.354604 0.992709 -0.001025 0.120531 0.992709 -0.001025 0.120533 0.822983 -0.000850 0.568066 0.822981 -0.000850 0.568068 0.464722 -0.000479 0.885457 0.464726 -0.000481 0.885455 -0.464725 0.000481 0.885455 -0.464724 0.000479 0.885456 -0.822984 0.000850 0.568064 -0.822983 0.000850 0.568065 -0.992708 0.001026 0.120536 -0.992708 0.001025 0.120537 -0.935016 0.000965 -0.354605 -0.935015 0.000966 -0.354606 -0.663124 0.000686 -0.748510 -0.663121 0.000684 -0.748512 -0.239314 0.000248 -0.970942 -0.239315 0.000248 -0.970942 0.239315 -0.000248 -0.970942 0.239315 -0.000247 -0.970942 0.663123 -0.000685 -0.748510 0.663122 -0.000686 -0.748511 0.935016 -0.000966 -0.354605 0.935016 -0.000966 -0.354605 0.992708 -0.001025 0.120539 0.992708 -0.001026 0.120537 0.822986 -0.000850 0.568061 0.822985 -0.000850 0.568063 0.464722 -0.000480 0.885457 0.464720 -0.000481 0.885458 -0.464722 0.000480 0.885457 -0.464721 0.000481 0.885457 -0.822984 0.000850 0.568065 -0.822983 0.000850 0.568066 -0.992709 0.001025 0.120534 -0.992709 0.001026 0.120534 -0.935016 0.000966 -0.354603 -0.935016 0.000966 -0.354604 -0.663123 0.000685 -0.748510 -0.663122 0.000685 -0.748511 -0.239317 0.000247 -0.970942 -0.239318 0.000247 -0.970941 0.239318 -0.000249 -0.970941 0.239318 -0.000247 -0.970941 0.663122 -0.000687 -0.748511 0.663122 -0.000684 -0.748511 0.935015 -0.000966 -0.354606 0.992708 -0.001025 0.120536 0.992709 -0.001025 0.120535 0.822985 -0.000850 0.568063 0.822982 -0.000850 0.568067 0.464722 -0.000481 0.885457 0.464717 -0.000481 0.885459 0.000000 0.000003 1.000000 0.000000 -0.000003 1.000000 -0.464718 0.000481 0.885458 -0.464718 0.000481 0.885459 -0.822985 0.000850 0.568062 -0.822985 0.000850 0.568062 -0.992707 0.001025 0.120547 -0.992709 0.001025 0.120532 -0.935016 0.000966 -0.354605 -0.935016 0.000966 -0.354605 -0.663122 0.000684 -0.748511 -0.663122 0.000687 -0.748511 -0.239318 0.000247 -0.970941 -0.239318 0.000252 -0.970941 0.239317 -0.000252 -0.970941 0.239318 -0.000247 -0.970941 0.663122 -0.000684 -0.748511 0.663121 -0.000687 -0.748512 0.935015 -0.000966 -0.354606 0.935016 -0.000966 -0.354605 0.992708 -0.001026 0.120537 0.992708 -0.001025 0.120539 0.822988 -0.000850 0.568059 0.464721 -0.000481 0.885457 0.464724 -0.000481 0.885455 -0.464724 0.000481 0.885456 -0.822985 0.000850 0.568063 -0.822987 0.000850 0.568059 -0.992708 0.001025 0.120542 -0.992708 0.001026 0.120539 -0.935015 0.000966 -0.354606 -0.935016 0.000966 -0.354605 -0.663122 0.000687 -0.748511 -0.663123 0.000684 -0.748510 -0.627038 0.000647 0.778988 -0.627038 0.000650 0.778989 -0.511120 0.000526 0.859510 -0.511120 0.000530 0.859510 -0.385020 0.000396 0.922908 -0.385021 0.000399 0.922908 -0.251251 0.000260 0.967922 -0.251251 0.000260 0.967922 -0.112477 0.000116 0.993654 -0.112477 0.000117 0.993654 0.028537 -0.000029 0.999593 0.028537 -0.000028 0.999593 0.168984 -0.000173 0.985619 0.168984 -0.000175 0.985619 0.306064 -0.000318 0.952011 0.306064 -0.000314 0.952011 0.437046 -0.000453 0.899439 0.437047 -0.000449 0.899439 0.559326 -0.000575 0.828948 0.559323 -0.000580 0.828950 0.670459 -0.000693 0.741946 0.670459 -0.000692 0.741946 0.768238 -0.000791 0.640164 0.768238 -0.000795 0.640164 0.850713 -0.000878 0.525629 0.850713 -0.000879 0.525629 0.916243 -0.000946 0.400623 0.916242 -0.000946 0.400624 0.963519 -0.000995 0.267639 0.963520 -0.000994 0.267636 0.991603 -0.001024 0.129317 0.991602 -0.001025 0.129320 0.999933 -0.001033 -0.011573 0.999933 -0.001033 -0.011576 0.988344 -0.001021 -0.152235 0.988344 -0.001020 -0.152236 0.957065 -0.000988 -0.289871 0.957067 -0.000989 -0.289865 0.906725 -0.000937 -0.421722 0.906723 -0.000936 -0.421725 -0.605998 0.000624 0.795466 -0.605997 0.000627 0.795466 -1.000000 0.001032 0.000000 -1.000000 0.001032 0.000000 0.000000 0.000000 -1.000000 1.000000 -0.001033 0.000000 1.000000 -0.001033 0.000000 0.000000 0.000000 -1.000000 -1.000000 0.001033 0.000000 -1.000000 0.001033 0.000000 0.000000 0.000000 -1.000000 0.000000 0.000000 -1.000000 1.000000 -0.001033 0.000000 1.000000 -0.001033 0.000000 0.000000 0.000000 -1.000000 -1.000000 0.001033 0.000000 -1.000000 0.001033 0.000000 0.000000 0.000000 -1.000000 1.000000 -0.001033 0.000000 1.000000 -0.001033 0.000000 0.874702 -0.000903 -0.484661 0.874702 -0.000903 -0.484660 -0.001030 -1.000000 0.000000 -0.001037 -1.000000 0.000001 -0.001042 -1.000000 -0.000001 -0.001033 -1.000000 0.000000 -0.001033 -1.000000 0.000000 -0.001033 -1.000000 0.000000 -0.001034 -1.000000 -0.000001 -0.001033 -1.000000 0.000000 -0.001028 -1.000000 -0.000001 -0.001041 -1.000000 0.000000 -0.001033 -1.000000 0.000000 -0.001033 -1.000000 0.000000 -0.001029 -1.000000 -0.000001 -0.001036 -1.000000 0.000000 -0.001033 -1.000000 0.000000 -0.001033 -1.000000 -0.000002 -0.001033 -1.000000 0.000000 -0.001033 -1.000000 -0.000001 -0.001034 -1.000000 0.000001 -0.001034 -1.000000 0.000001 -0.001032 -1.000000 -0.000001 -0.001033 -1.000000 -0.000000 -0.001028 -1.000000 0.000003 -0.001036 -1.000000 -0.000001 -0.001033 -1.000000 0.000000 -0.001034 -1.000000 0.000000 -0.001032 -1.000000 0.000000 -0.001030 -1.000000 0.000000 -0.001038 -1.000000 -0.000001 -0.001024 -1.000000 0.000001 -0.001030 -1.000000 -0.000002 -0.001042 -1.000000 -0.000003 -0.001028 -1.000000 0.000001 -0.001035 -1.000000 0.000000 -0.001035 -1.000000 -0.000001 -0.001030 -1.000000 0.000000 -0.001032 -1.000000 0.000000 -0.001036 -1.000000 0.000001 -0.001025 -1.000000 0.000001 -0.001033 -1.000000 -0.000001 -0.001028 -1.000000 0.000000 -0.001032 -1.000000 0.000000 -0.001033 -1.000000 -0.000001 -0.001034 -1.000000 0.000000 -0.001033 -1.000000 0.000000 -0.001032 -1.000000 0.000001 -0.001033 -1.000000 -0.000001 -0.001034 -1.000000 -0.000001 -0.001033 -1.000000 0.000000 -0.001035 -1.000000 -0.000000 -0.001033 -1.000000 -0.000000 -0.001026 -1.000000 -0.000000 -0.001035 -1.000000 0.000000 -0.001030 -1.000000 -0.000000 -0.001033 -1.000000 0.000000 -0.001038 -1.000000 0.000000 -0.001033 -1.000000 0.000000 -0.001033 -1.000000 0.000001 -0.001034 -1.000000 0.000000 -0.001035 -1.000000 -0.000001 -0.001032 -1.000000 -0.000001 -0.001032 -1.000000 0.000002 -0.001033 -1.000000 -0.000002 -0.001033 -1.000000 0.000001 -0.001032 -1.000000 0.000001 -0.001034 -1.000000 -0.000000 -0.001033 -1.000000 0.000000 -0.001033 -1.000000 -0.000000 -0.001035 -1.000000 -0.000000 -0.001029 -1.000000 0.000000 -0.001030 -1.000000 0.000000 -0.001035 -1.000000 -0.000000 -0.001034 -1.000000 -0.000004 -0.001034 -1.000000 0.000000 -0.001025 -1.000000 -0.000001 -0.001036 -1.000000 -0.000001 -0.001037 -1.000000 0.000000 -0.001035 -1.000000 -0.000002 -0.001034 -1.000000 0.000000 -0.001032 -1.000000 0.000000 -0.001027 -1.000000 0.000001 -0.001035 -1.000000 0.000001 -0.001033 -1.000000 0.000000 -0.001033 -1.000000 0.000000 -0.001033 -1.000000 0.000000 -0.001033 -1.000000 0.000000 -0.001034 -1.000000 0.000000 -0.001032 -1.000000 0.000000 -0.001033 -1.000000 0.000000 -0.001033 -1.000000 -0.000000 -0.001033 -1.000000 0.000000 -0.001033 -1.000000 0.000000 -0.001033 -1.000000 0.000000 -0.001033 -1.000000 0.000000 -0.001033 -1.000000 0.000000 -0.001033 -1.000000 0.000000 0.001032 1.000000 -0.000000 0.001031 1.000000 -0.000001 0.001034 1.000000 -0.000001 0.001033 1.000000 0.000000 0.001033 1.000000 0.000000 0.001033 1.000000 0.000000 0.001033 1.000000 0.000000 0.001033 1.000000 0.000000 0.001032 1.000000 0.000000 0.001034 1.000000 0.000000 0.001010 1.000000 -0.000003 0.001033 1.000000 0.000000 0.001033 1.000000 0.000000 0.001033 1.000000 0.000000 0.001038 1.000000 0.000000 0.001029 1.000000 0.000000 0.001037 1.000000 0.000000 0.001033 1.000000 -0.000000 0.001031 1.000000 0.000001 0.001033 1.000000 0.000000 0.001036 1.000000 -0.000001 0.001035 1.000000 0.000000 0.001031 1.000000 -0.000000 0.001028 1.000000 0.000001 0.001033 1.000000 0.000000 0.001040 1.000000 -0.000001 0.001035 1.000000 0.000000 0.001036 1.000000 0.000002 0.001030 1.000000 0.000000 0.001034 1.000000 -0.000000 0.001038 1.000000 -0.000001 0.001030 1.000000 -0.000001 0.001029 1.000000 -0.000001 0.001027 1.000000 -0.000001 0.001045 1.000000 0.000002 0.001033 1.000000 0.000001 0.001033 1.000000 0.000000 0.001037 1.000000 -0.000000 0.001034 1.000000 0.000000 0.001033 1.000000 -0.000000 0.001032 1.000000 -0.000001 0.001034 1.000000 0.000002 0.001030 1.000000 -0.000003 0.001023 1.000000 0.000003 0.001030 1.000000 -0.000000 0.001033 1.000000 0.000000 0.001033 1.000000 0.000000 0.001041 1.000000 0.000001 0.001030 1.000000 -0.000000 0.001030 1.000000 0.000000 0.001037 1.000000 -0.000001 0.001025 1.000000 -0.000001 0.001033 1.000000 0.000001 0.001049 1.000000 0.000000 0.001042 1.000000 -0.000000 0.001023 1.000000 -0.000000 0.001041 1.000000 -0.000000 0.001036 1.000000 0.000002 0.001034 1.000000 0.000000 0.001032 1.000000 -0.000000 0.001033 1.000000 0.000000 0.001033 1.000000 -0.000000 0.001033 1.000000 0.000000 0.001034 1.000000 -0.000001 0.001034 1.000000 0.000001 0.001033 1.000000 -0.000000 0.001033 1.000000 0.000000 0.001033 1.000000 -0.000000 0.001036 1.000000 -0.000002 0.001030 1.000000 0.000000 0.001033 1.000000 0.000000 0.001026 1.000000 0.000000 0.001033 1.000000 0.000000 0.001035 1.000000 -0.000002 0.001033 1.000000 0.000000 0.001031 1.000000 0.000001 0.001034 1.000000 -0.000000 0.001032 1.000000 -0.000001 0.001035 1.000000 0.000000 0.001029 1.000000 -0.000000 0.001034 1.000000 -0.000000 0.001033 1.000000 0.000002 0.001032 1.000000 -0.000002 0.001037 1.000000 0.000002 0.001032 1.000000 0.000000 0.001033 1.000000 0.000000 0.001033 1.000000 0.000000 0.001033 1.000000 0.000000 0.001033 1.000000 0.000000 0.001033 1.000000 0.000000 0.001032 1.000000 -0.000000 0.001032 1.000000 -0.000000 0.001034 1.000000 0.000000 0.001034 1.000000 0.000000 0.001032 1.000000 0.000000 0.001034 1.000000 0.000000 0.707107 -0.000730 0.707106 0.707106 -0.000731 0.707108 -0.707106 0.000730 0.707107 -0.707107 0.000731 0.707106 -0.707107 0.000730 -0.707107 -0.707107 0.000730 -0.707106 0.707106 -0.000727 -0.707107 -0.239316 0.000248 -0.970942 -0.239315 0.000248 -0.970942 0.239315 -0.000247 -0.970942 0.239314 -0.000249 -0.970942 0.663125 -0.000684 -0.748508 0.663125 -0.000684 -0.748508 0.935015 -0.000966 -0.354606 0.935016 -0.000965 -0.354605 0.992708 -0.001025 0.120536 0.992709 -0.001025 0.120533 0.822983 -0.000850 0.568066 0.822982 -0.000850 0.568066 0.464725 -0.000481 0.885455 0.464722 -0.000481 0.885456 -0.464724 0.000481 0.885456 -0.464725 0.000479 0.885455 -0.822984 0.000850 0.568064 -0.992708 0.001026 0.120539 -0.992708 0.001025 0.120537 -0.935016 0.000965 -0.354605 -0.935016 0.000966 -0.354605 -0.663123 0.000686 -0.748510 -0.663122 0.000684 -0.748511 -0.239314 0.000248 -0.970942 -0.239314 0.000248 -0.970942 0.239315 -0.000248 -0.970942 0.239315 -0.000247 -0.970942 0.663121 -0.000685 -0.748512 0.663123 -0.000685 -0.748510 0.935016 -0.000966 -0.354605 0.935016 -0.000966 -0.354604 0.992708 -0.001025 0.120536 0.992708 -0.001026 0.120537 0.822986 -0.000850 0.568062 0.464719 -0.000480 0.885458 0.464722 -0.000481 0.885457 -0.464723 0.000481 0.885456 -0.464720 0.000480 0.885458 -0.822983 0.000850 0.568065 -0.822983 0.000850 0.568065 -0.992709 0.001025 0.120535 -0.992709 0.001026 0.120534 -0.935017 0.000966 -0.354602 -0.663123 0.000685 -0.748510 -0.663122 0.000685 -0.748511 -0.239318 0.000247 -0.970941 -0.239317 0.000247 -0.970941 0.239319 -0.000249 -0.970941 0.239317 -0.000247 -0.970942 0.663122 -0.000687 -0.748511 0.663120 -0.000684 -0.748513 0.935015 -0.000966 -0.354606 0.992708 -0.001025 0.120542 0.992709 -0.001025 0.120534 0.822983 -0.000850 0.568066 0.822987 -0.000850 0.568060 0.464718 -0.000481 0.885458 0.464719 -0.000481 0.885458 0.000000 0.000003 1.000000 0.000000 -0.000003 1.000000 -0.464717 0.000481 0.885459 -0.464720 0.000481 0.885457 -0.822982 0.000850 0.568067 -0.822983 0.000850 0.568065 -0.992710 0.001025 0.120527 -0.992708 0.001025 0.120536 -0.935019 0.000966 -0.354597 -0.935016 0.000966 -0.354605 -0.663122 0.000684 -0.748511 -0.663122 0.000687 -0.748511 -0.239317 0.000247 -0.970942 -0.239318 0.000252 -0.970941 0.239318 -0.000252 -0.970941 0.239317 -0.000247 -0.970941 0.663123 -0.000687 -0.748510 0.935014 -0.000966 -0.354609 0.992708 -0.001026 0.120541 0.992709 -0.001025 0.120535 0.822985 -0.000850 0.568063 0.464724 -0.000481 0.885455 0.464723 -0.000481 0.885456 -0.464725 0.000481 0.885455 -0.464724 0.000481 0.885456 -0.822985 0.000850 0.568062 -0.992708 0.001025 0.120536 -0.992708 0.001026 0.120539 -0.935016 0.000966 -0.354605 -0.935016 0.000966 -0.354605 -0.663122 0.000684 -0.748511 -0.627038 0.000647 0.778989 -0.627038 0.000650 0.778988 -0.511119 0.000526 0.859510 -0.511120 0.000530 0.859509 -0.385021 0.000396 0.922908 -0.385022 0.000399 0.922907 -0.251251 0.000260 0.967922 -0.251251 0.000260 0.967922 -0.112477 0.000116 0.993654 -0.112477 0.000117 0.993654 0.028537 -0.000029 0.999593 0.028537 -0.000028 0.999593 0.168984 -0.000173 0.985619 0.168985 -0.000175 0.985619 0.306065 -0.000318 0.952011 0.306063 -0.000314 0.952011 0.437047 -0.000453 0.899439 0.437046 -0.000449 0.899439 0.559323 -0.000575 0.828950 0.559325 -0.000580 0.828949 0.670459 -0.000693 0.741946 0.670459 -0.000692 0.741946 0.768238 -0.000791 0.640163 0.768239 -0.000795 0.640163 0.850712 -0.000878 0.525632 0.850713 -0.000879 0.525630 0.916242 -0.000947 0.400625 0.916243 -0.000946 0.400622 0.963519 -0.000995 0.267638 0.963519 -0.000994 0.267638 0.991602 -0.001024 0.129320 0.991603 -0.001025 0.129318 0.999933 -0.001033 -0.011575 0.999933 -0.001033 -0.011571 0.988344 -0.001021 -0.152237 0.988343 -0.001020 -0.152240 0.957066 -0.000988 -0.289868 0.957066 -0.000989 -0.289867 0.906724 -0.000937 -0.421724 0.906723 -0.000936 -0.421726 -0.605997 0.000624 0.795467 -0.605998 0.000627 0.795466 -1.000000 0.001032 0.000000 -1.000000 0.001032 0.000000 0.000000 0.000000 -1.000000 1.000000 -0.001033 0.000000 0.000000 0.000000 -1.000000 -1.000000 0.001033 0.000000 -1.000000 0.001033 0.000000 1.000000 -0.001033 0.000000 1.000000 -0.001033 0.000000 0.000000 0.000000 -1.000000 0.874702 -0.000903 -0.484660 -0.001036 -1.000000 0.000000 -0.001029 -1.000000 0.000001 -0.001038 -1.000000 -0.000001 -0.001033 -1.000000 0.000000 -0.001033 -1.000000 0.000000 -0.001033 -1.000000 -0.000000 -0.001034 -1.000000 0.000002 -0.001033 -1.000000 0.000000 -0.001028 -1.000000 -0.000001 -0.001027 -1.000000 0.000000 -0.001034 -1.000000 0.000000 -0.001032 -1.000000 0.000000 -0.001041 -1.000000 -0.000001 -0.001030 -1.000000 0.000000 -0.001033 -1.000000 0.000000 -0.001033 -1.000000 0.000001 -0.001034 -1.000000 0.000000 -0.001033 -1.000000 0.000000 -0.001034 -1.000000 -0.000002 -0.001032 -1.000000 0.000001 -0.001032 -1.000000 -0.000001 -0.001032 -1.000000 -0.000000 -0.001032 -1.000000 0.000003 -0.001032 -1.000000 -0.000001 -0.001033 -1.000000 0.000000 -0.001033 -1.000000 0.000000 -0.001032 -1.000000 0.000000 -0.001038 -1.000000 0.000000 -0.001030 -1.000000 0.000000 -0.001061 -1.000000 -0.000005 -0.001038 -1.000000 -0.000002 -0.001034 -1.000000 -0.000003 -0.001033 -1.000000 0.000001 -0.001035 -1.000000 0.000000 -0.001030 -1.000000 -0.000001 -0.001034 -1.000000 0.000000 -0.001034 -1.000000 0.000000 -0.001031 -1.000000 0.000001 -0.001037 -1.000000 0.000001 -0.001027 -1.000000 -0.000001 -0.001046 -1.000000 0.000000 -0.001032 -1.000000 0.000000 -0.001033 -1.000000 0.000000 -0.001034 -1.000000 0.000001 -0.001032 -1.000000 -0.000001 -0.001033 -1.000000 0.000000 -0.001036 -1.000000 0.000000 -0.001026 -1.000000 0.000000 -0.001034 -1.000000 0.000000 -0.001030 -1.000000 -0.000000 -0.001033 -1.000000 0.000000 -0.001033 -1.000000 0.000000 -0.001032 -1.000000 0.000000 -0.001032 -1.000000 0.000001 -0.001033 -1.000000 0.000000 -0.001030 -1.000000 -0.000001 -0.001034 -1.000000 -0.000001 -0.001033 -1.000000 0.000002 -0.001033 -1.000000 -0.000002 -0.001033 -1.000000 -0.000000 -0.001031 -1.000000 0.000001 -0.001033 -1.000000 0.000001 -0.001032 -1.000000 0.000000 -0.001033 -1.000000 -0.000000 -0.001033 -1.000000 -0.000000 -0.001036 -1.000000 0.000000 -0.001037 -1.000000 0.000000 -0.001022 -1.000000 -0.000000 -0.001061 -1.000000 -0.000004 -0.001035 -1.000000 0.000000 -0.001037 -1.000000 -0.000001 -0.001029 -1.000000 -0.000001 -0.001037 -1.000000 0.000000 -0.001028 -1.000000 0.000001 -0.001034 -1.000000 -0.000000 -0.001031 -1.000000 -0.000002 -0.001036 -1.000000 0.000001 -0.001032 -1.000000 0.000001 -0.001033 -1.000000 0.000000 -0.001033 -1.000000 0.000000 -0.001033 -1.000000 0.000000 -0.001034 -1.000000 0.000000 -0.001034 -1.000000 0.000000 -0.001033 -1.000000 0.000000 -0.001033 -1.000000 -0.000000 -0.001034 -1.000000 0.000000 -0.001033 -1.000000 0.000000 -0.001033 -1.000000 0.000000 0.001035 1.000000 -0.000000 0.001029 1.000000 -0.000001 0.001035 1.000000 -0.000001 0.001033 1.000000 0.000000 0.001033 1.000000 0.000000 0.001033 1.000000 0.000000 0.001035 1.000000 0.000000 0.001033 1.000000 0.000000 0.001010 1.000000 -0.000003 0.001033 1.000000 0.000000 0.001033 1.000000 -0.000001 0.001033 1.000000 0.000000 0.001030 1.000000 0.000000 0.001038 1.000000 0.000000 0.001015 1.000000 0.000000 0.001033 1.000000 -0.000000 0.001037 1.000000 0.000001 0.001033 1.000000 0.000000 0.001033 1.000000 -0.000001 0.001034 1.000000 0.000000 0.001031 1.000000 -0.000000 0.001039 1.000000 0.000001 0.001033 1.000000 -0.000001 0.001032 1.000000 0.000000 0.001031 1.000000 -0.000001 0.001032 1.000000 0.000000 0.001034 1.000000 0.000002 0.001033 1.000000 -0.000001 0.001033 1.000000 -0.000001 0.001034 1.000000 -0.000001 0.001032 1.000000 0.000002 0.001033 1.000000 0.000001 0.001033 1.000000 0.000000 0.001024 1.000000 -0.000000 0.001033 1.000000 0.000000 0.001034 1.000000 -0.000000 0.001033 1.000000 -0.000001 0.001036 1.000000 0.000002 0.001032 1.000000 -0.000003 0.001050 1.000000 0.000003 0.001035 1.000000 -0.000001 0.001034 1.000000 0.000000 0.001032 1.000000 0.000000 0.001027 1.000000 -0.000001 0.001035 1.000000 -0.000000 0.001034 1.000000 0.000000 0.001030 1.000000 -0.000001 0.001037 1.000000 -0.000001 0.001032 1.000000 0.000001 0.001025 1.000000 0.000000 0.001033 1.000000 -0.000000 0.001044 1.000000 -0.000000 0.001030 1.000000 -0.000000 0.001032 1.000000 0.000002 0.001033 1.000000 0.000000 0.001033 1.000000 -0.000000 0.001033 1.000000 0.000000 0.001033 1.000000 -0.000000 0.001033 1.000000 0.000000 0.001033 1.000000 -0.000001 0.001034 1.000000 0.000001 0.001033 1.000000 -0.000000 0.001037 1.000000 -0.000002 0.001033 1.000000 0.000000 0.001034 1.000000 0.000001 0.001034 1.000000 0.000000 0.001034 1.000000 0.000000 0.001033 1.000000 0.000000 0.001028 1.000000 0.000000 0.001034 1.000000 -0.000000 0.001036 1.000000 -0.000002 0.001032 1.000000 -0.000000 0.001032 1.000000 0.000002 0.001033 1.000000 0.000000 0.001029 1.000000 -0.000000 0.001034 1.000000 -0.000000 0.001033 1.000000 0.000002 0.001032 1.000000 -0.000002 0.001034 1.000000 0.000000 0.001033 1.000000 0.000000 0.001033 1.000000 0.000000 0.001034 1.000000 0.000000 0.001033 1.000000 -0.000000 0.001031 1.000000 0.000000 0.001035 1.000000 0.000000 0.001032 1.000000 0.000000 0.001034 1.000000 0.000000 -0.743735 0.000769 -0.668474 -0.743734 0.000769 -0.668475 -0.668476 0.000691 -0.743734 -0.668469 0.000689 -0.743739 -0.585628 0.000604 -0.810580 -0.585627 0.000604 -0.810581 -0.496153 0.000511 -0.868235 -0.496157 0.000516 -0.868233 -0.401051 0.000413 -0.916056 -0.401052 0.000415 -0.916055 -0.301409 0.000310 -0.953495 -0.301406 0.000313 -0.953496 -0.198362 0.000203 -0.980129 -0.198359 0.000205 -0.980129 -0.093043 0.000096 -0.995662 -0.093043 0.000098 -0.995662 0.013320 -0.000014 -0.999911 0.013319 -0.000014 -0.999911 0.119520 -0.000124 -0.992832 0.119518 -0.000124 -0.992832 0.224369 -0.000233 -0.974504 0.224371 -0.000231 -0.974504 0.326692 -0.000338 -0.945131 0.326688 -0.000336 -0.945132 0.425287 -0.000439 -0.905058 0.425285 -0.000441 -0.905060 0.519092 -0.000537 -0.854718 0.519099 -0.000534 -0.854714 0.607001 -0.000628 -0.794701 0.607003 -0.000628 -0.794700 0.688030 -0.000710 -0.725682 0.688023 -0.000712 -0.725688 0.761282 -0.000786 -0.648420 0.761264 -0.000786 -0.648442 0.825879 -0.000853 -0.563847 0.825880 -0.000853 -0.563845 0.881138 -0.000910 -0.472858 0.881137 -0.000911 -0.472861 0.926401 -0.000957 -0.376537 0.926406 -0.000958 -0.376525 0.961178 -0.000993 -0.275926 0.961181 -0.000993 -0.275916 0.985063 -0.001018 -0.172190 0.985065 -0.001018 -0.172181 0.997785 -0.001031 -0.066514 0.997786 -0.001031 -0.066503 0.999203 -0.001032 0.039916 0.999202 -0.001032 0.039919 0.989296 -0.001022 0.145917 0.989296 -0.001022 0.145921 0.968187 -0.001000 0.250226 0.968185 -0.001000 0.250232 0.936103 -0.000967 0.351726 0.936097 -0.000967 0.351741 0.893412 -0.000923 0.449238 0.893412 -0.000924 0.449237 0.840598 -0.000869 0.541659 0.840601 -0.000867 0.541654 0.778261 -0.000805 0.627941 0.778260 -0.000804 0.627942 0.707104 -0.000730 0.707109 0.707111 -0.000730 0.707102 0.627936 -0.000649 0.778265 0.627937 -0.000649 0.778264 0.541663 -0.000560 0.840596 0.541667 -0.000560 0.840593 0.449232 -0.000464 0.893415 0.449243 -0.000462 0.893410 0.351729 -0.000364 0.936102 0.351728 -0.000364 0.936102 0.250236 -0.000259 0.968185 0.250235 -0.000257 0.968185 0.145903 -0.000152 0.989299 0.145904 -0.000152 0.989299 0.039928 -0.000040 0.999203 0.039929 -0.000042 0.999203 -0.066508 0.000068 0.997786 -0.066508 0.000070 0.997786 -0.172199 0.000177 0.985062 -0.172199 0.000177 0.985062 -0.275919 0.000287 0.961181 -0.275917 0.000285 0.961182 -0.376518 0.000390 0.926409 -0.376520 0.000387 0.926409 -0.472873 0.000488 0.881131 -0.472878 0.000490 0.881128 -0.563841 0.000581 0.825883 -0.563839 0.000583 0.825885 -0.648436 0.000670 0.761269 -0.648437 0.000670 0.761268 -0.725684 0.000749 0.688028 -0.725676 0.000750 0.688036 -0.794701 0.000820 0.607001 -0.794697 0.000821 0.607006 -0.854723 0.000883 0.519083 -0.854723 0.000883 0.519084 -0.905054 0.000934 0.425296 -0.905055 0.000934 0.425293 -0.945130 0.000976 0.326693 -0.945133 0.000977 0.326684 -0.974505 0.001007 0.224365 -0.974501 0.001007 0.224380 -0.992830 0.001026 0.119534 -0.992832 0.001026 0.119516 -0.999911 0.001033 0.013308 -0.999911 0.001033 0.013308 -0.995661 0.001028 -0.093046 -0.995661 0.001029 -0.093050 -0.980129 0.001013 -0.198358 -0.980131 0.001012 -0.198347 -0.953493 0.000985 -0.301415 -0.953493 0.000985 -0.301414 -0.916057 0.000946 -0.401047 -0.916050 0.000947 -0.401063 -0.868240 0.000897 -0.496144 -0.868235 0.000897 -0.496153 -0.810582 0.000838 -0.585624 -0.810577 0.000838 -0.585631 -0.001100 -0.999999 0.000022 -0.001104 -1.000000 -0.000009 -0.001041 -1.000000 0.000009 -0.001063 -1.000000 -0.000015 -0.001049 -1.000000 0.000001 -0.001034 -1.000000 0.000008 -0.001022 -1.000000 -0.000003 -0.001029 -1.000000 -0.000008 -0.001037 -1.000000 -0.000001 -0.001042 -1.000000 0.000005 -0.001031 -1.000000 0.000006 -0.001046 -1.000000 0.000001 -0.001018 -1.000000 -0.000002 -0.001050 -1.000000 -0.000001 -0.001013 -1.000000 0.000002 -0.001041 -1.000000 -0.000003 -0.001038 -1.000000 -0.000004 -0.001040 -1.000000 0.000000 -0.001026 -1.000000 -0.000001 -0.001044 -1.000000 0.000001 -0.001018 -1.000000 0.000004 -0.001034 -1.000000 -0.000001 -0.001038 -1.000000 -0.000004 -0.001044 -1.000000 -0.000001 -0.001025 -1.000000 0.000001 -0.001035 -1.000000 -0.000000 -0.001035 -1.000000 -0.000000 -0.001036 -1.000000 0.000001 -0.001027 -1.000000 0.000002 -0.001036 -1.000000 0.000002 -0.001033 -1.000000 -0.000001 -0.001035 -1.000000 0.000001 -0.001025 -1.000000 0.000000 -0.001044 -1.000000 -0.000000 -0.001036 -1.000000 0.000002 -0.001027 -1.000000 0.000001 -0.001035 -1.000000 -0.000005 -0.001020 -1.000000 0.000000 -0.001051 -1.000000 0.000001 -0.001031 -1.000000 -0.000004 -0.001034 -1.000000 -0.000001 -0.001030 -1.000000 0.000000 -0.001043 -1.000000 0.000001 -0.001024 -1.000000 0.000002 -0.001042 -1.000000 0.000004 -0.001013 -1.000000 -0.000001 -0.001043 -1.000000 -0.000002 -0.001020 -1.000000 -0.000001 -0.001050 -1.000000 0.000004 -0.001029 -1.000000 0.000005 -0.001023 -1.000000 -0.000009 -0.001061 -1.000000 -0.000005 -0.001045 -1.000000 -0.000003 -0.001007 -1.000000 0.000010 -0.001064 -1.000000 -0.000002 -0.001058 -1.000000 -0.000005 -0.000894 -1.000000 -0.000001 -0.001028 -1.000000 0.000003 -0.001038 -1.000000 0.000001 -0.001028 -1.000000 -0.000001 -0.001028 -1.000000 -0.000000 -0.001038 -1.000000 0.000000 -0.001035 -1.000000 0.000001 -0.001031 -1.000000 -0.000003 -0.001029 -1.000000 -0.000004 -0.001036 -1.000000 -0.000000 -0.001037 -1.000000 0.000000 -0.001030 -1.000000 0.000003 -0.001033 -1.000000 0.000002 -0.001034 -1.000000 0.000001 -0.001038 -1.000000 0.000002 -0.001030 -1.000000 -0.000002 -0.001033 -1.000000 -0.000001 -0.001032 -1.000000 -0.000003 -0.001034 -1.000000 0.000002 -0.001032 -1.000000 0.000000 -0.001033 -1.000000 0.000001 -0.001033 -1.000000 -0.000001 -0.001033 -1.000000 -0.000001 -0.001033 -1.000000 -0.000001 -0.001034 -1.000000 0.000002 -0.001032 -1.000000 0.000004 -0.001032 -1.000000 0.000001 -0.001034 -1.000000 -0.000000 -0.001036 -1.000000 -0.000007 -0.001037 -1.000000 -0.000002 -0.001030 -1.000000 0.000003 -0.001031 -1.000000 0.000001 -0.001034 -1.000000 -0.000001 -0.001033 -1.000000 0.000001 -0.001031 -1.000000 -0.000001 -0.001034 -1.000000 0.000002 -0.001035 -1.000000 0.000000 -0.001028 -1.000000 -0.000000 -0.001041 -1.000000 -0.000001 -0.001038 -1.000000 0.000005 -0.001030 -1.000000 -0.000002 -0.001035 -1.000000 -0.000000 -0.001032 -1.000000 0.000000 -0.001036 -1.000000 -0.000004 -0.001026 -1.000000 0.000002 -0.001038 -1.000000 0.000001 -0.001025 -1.000000 0.000001 -0.001044 -1.000000 -0.000001 -0.001028 -1.000000 -0.000001 -0.001034 -1.000000 0.000001 -0.001029 -1.000000 -0.000000 -0.001031 -1.000000 0.000002 -0.001050 -1.000000 -0.000004 -0.001013 -1.000000 0.000001 -0.001037 -1.000000 -0.000001 -0.001019 -1.000000 0.000002 -0.001044 -1.000000 -0.000001 -0.001028 -1.000000 -0.000000 -0.001031 -1.000000 0.000000 -0.001051 -1.000000 0.000006 -0.001023 -1.000000 -0.000006 -0.001041 -1.000000 0.000007 -0.001063 -1.000000 -0.000014 -0.000901 -1.000000 -0.000062 -0.001037 -1.000000 0.000006 -0.001065 -1.000000 0.000006 -0.001043 -1.000000 0.000002 -0.001015 -1.000000 -0.000002 -0.001039 -1.000000 -0.000008 -0.001048 -1.000000 0.000004 -0.001026 -1.000000 -0.000002 -0.001031 -1.000000 0.000004 -0.001036 -1.000000 -0.000006 -0.001033 -1.000000 0.000006 -0.001034 -1.000000 -0.000006 -0.001033 -1.000000 0.000001 -0.001030 -1.000000 0.000002 -0.001039 -1.000000 0.000003 -0.001034 -1.000000 -0.000002 -0.001041 -1.000000 0.000000 -0.001033 -1.000000 -0.000000 -0.001034 -1.000000 0.000003 -0.001030 -1.000000 -0.000001 -0.001033 -1.000000 -0.000002 -0.001040 -1.000000 0.000000 -0.001029 -1.000000 0.000002 -0.001027 -1.000000 0.000000 -0.001033 -1.000000 -0.000001 -0.001033 -1.000000 -0.000000 -0.001028 -1.000000 0.000001 -0.001039 -1.000000 -0.000001 -0.001024 -1.000000 0.000001 -0.001040 -1.000000 0.000000 -0.001039 -1.000000 -0.000003 -0.001023 -1.000000 0.000003 -0.001024 -1.000000 -0.000001 -0.001056 -1.000000 -0.000003 -0.001008 -1.000000 0.000002 -0.001042 -1.000000 -0.000001 -0.001019 -1.000000 0.000005 -0.001037 -1.000000 -0.000001 -0.001026 -1.000000 -0.000003 -0.001040 -1.000000 0.000002 -0.000997 -1.000000 0.000004 -0.001095 -0.999999 -0.000008 -0.001034 -1.000000 -0.000001 -0.001029 -1.000000 0.000001 -0.001039 -1.000000 0.000001 -0.001034 -1.000000 -0.000001 -0.001033 -1.000000 0.000001 -0.001031 -1.000000 -0.000002 -0.001028 -1.000000 0.000001 -0.001035 -1.000000 -0.000001 -0.001041 -1.000000 0.000000 -0.001035 -1.000000 0.000000 -0.001027 -1.000000 0.000000 -0.001030 -1.000000 0.000000 -0.001037 -1.000000 0.000000 -0.001038 -1.000000 -0.000000 -0.001019 -1.000000 -0.000001 -0.001040 -1.000000 0.000001 -0.001036 -1.000000 -0.000001 -0.001030 -1.000000 0.000000 -0.001035 -1.000000 -0.000001 -0.001032 -1.000000 -0.000000 -0.001024 -1.000000 0.000002 -0.001040 -1.000000 -0.000002 -0.001028 -1.000000 -0.000002 -0.001037 -1.000000 0.000002 -0.001022 -1.000000 0.000001 -0.001038 -1.000000 -0.000001 -0.001033 -1.000000 -0.000002 -0.001040 -1.000000 -0.000002 -0.001032 -1.000000 0.000003 -0.001035 -1.000000 0.000003 -0.001029 -1.000000 -0.000003 -0.001042 -1.000000 -0.000003 -0.001029 -1.000000 0.000003 -0.001027 -1.000000 0.000002 -0.001031 -1.000000 -0.000003 -0.001038 -1.000000 -0.000001 -0.001035 -1.000000 0.000000 -0.001036 -1.000000 -0.000001 -0.001018 -1.000000 0.000000 -0.001049 -1.000000 0.000000 -0.001017 -1.000000 0.000000 -0.001033 -1.000000 0.000002 -0.001022 -1.000000 0.000001 -0.001047 -1.000000 -0.000001 -0.001025 -1.000000 0.000003 -0.001035 -1.000000 -0.000004 -0.001034 -1.000000 0.000000 -0.001036 -1.000000 0.000002 -0.001047 -1.000000 -0.000003 -0.001035 -1.000000 0.000004 -0.001024 -1.000000 0.000004 -0.001041 -1.000000 -0.000000 -0.000989 -1.000000 -0.000006 -0.001047 -1.000000 -0.000001 -0.001050 -1.000000 -0.000005 -0.001024 -1.000000 0.000005 -0.001053 -1.000000 0.000002 -0.000985 -1.000000 0.000003 -0.001007 -1.000000 -0.000003 -0.001056 -1.000000 -0.000022 -0.000979 -1.000000 0.000024 -0.001042 -1.000000 0.000005 -0.001026 -1.000000 -0.000001 -0.001034 -1.000000 -0.000000 -0.001028 -1.000000 -0.000001 -0.001041 -1.000000 -0.000002 -0.001038 -1.000000 0.000001 -0.001028 -1.000000 -0.000001 -0.001035 -1.000000 -0.000000 -0.001031 -1.000000 0.000000 -0.001033 -1.000000 0.000000 -0.001032 -1.000000 0.000000 -0.001035 -1.000000 0.000002 -0.001026 -1.000000 -0.000002 -0.001038 -1.000000 0.000001 -0.001032 -1.000000 -0.000001 -0.001036 -1.000000 0.000001 -0.001031 -1.000000 -0.000002 -0.001035 -1.000000 0.000001 -0.001031 -1.000000 -0.000001 -0.001033 -1.000000 0.000001 -0.001035 -1.000000 -0.000001 -0.001037 -1.000000 0.000001 -0.001031 -1.000000 0.000000 -0.001030 -1.000000 0.000000 -0.001039 -1.000000 -0.000001 -0.001029 -1.000000 0.000001 -0.001033 -1.000000 0.000001 -0.001040 -1.000000 -0.000002 -0.001008 -1.000000 0.000000 -0.001037 -1.000000 0.000000 -0.001069 -1.000000 0.000001 -0.001008 -1.000000 -0.000000 -0.001016 -1.000000 -0.000002 -0.001034 -1.000000 0.000000 -0.001017 -1.000000 0.000004 -0.001040 -1.000000 -0.000007 -0.001096 -0.999999 0.000011 -0.001032 -1.000000 0.000000 -0.001043 -1.000000 -0.000001 -0.001156 -0.999999 -0.000001 -0.001033 -1.000000 0.000000 -0.001034 -1.000000 -0.000002 -0.001033 -1.000000 0.000000 -0.001039 -1.000000 0.000003 -0.001036 -1.000000 -0.000003 -0.001033 -1.000000 0.000000 -0.001012 -1.000000 0.000001 -0.001041 -1.000000 0.000000 -0.001032 -1.000000 0.000000 -0.001035 -1.000000 0.000000 -0.001017 -1.000000 -0.000000 -0.001051 -1.000000 0.000000 -0.001042 -1.000000 -0.000000 -0.001021 -1.000000 0.000000 -0.001014 -1.000000 -0.000002 -0.001067 -1.000000 0.000001 -0.001026 -1.000000 0.000000 -0.001027 -1.000000 -0.000002 -0.001030 -1.000000 0.000004 -0.001031 -1.000000 -0.000001 -0.000982 -1.000000 0.000002 -0.000992 -1.000000 -0.000002 -0.001130 -0.999999 0.000007 -0.001057 -1.000000 -0.000002 -0.001034 -1.000000 0.000006 -0.001033 -1.000000 0.000001 -0.001031 -1.000000 -0.000005 -0.001033 -1.000000 0.000000 -0.001030 -1.000000 -0.000005 -0.001041 -1.000000 0.000005 -0.001030 -1.000000 0.000005 -0.001032 -1.000000 -0.000007 -0.001026 -1.000000 -0.000002 -0.001043 -1.000000 -0.000009 -0.001026 -1.000000 0.000006 -0.001045 -1.000000 0.000009 -0.001025 -1.000000 -0.000011 -0.001036 -1.000000 -0.000003 -0.000988 -1.000000 -0.000034 -0.001056 -1.000000 -0.000035 -0.735723 0.000757 0.677282 -0.735725 0.000762 0.677281 -0.789140 0.000815 0.614213 -0.789140 0.000815 0.614213 -0.837166 0.000865 0.546949 -0.837164 0.000865 0.546951 -0.879477 0.000909 0.475940 -0.879473 0.000906 0.475948 -0.915772 0.000946 0.401697 -0.915770 0.000945 0.401701 -0.945817 0.000977 0.324698 -0.945819 0.000977 0.324692 -0.969399 0.001001 0.245490 -0.969400 0.001001 0.245484 -0.986361 0.001019 0.164595 -0.986361 0.001019 0.164592 -0.996584 0.001030 0.082579 -0.996583 0.001029 0.082585 -1.000000 0.001033 0.000000 -1.000000 0.001033 0.000000 -0.996584 0.001029 -0.082584 -0.996584 0.001029 -0.082581 -0.986361 0.001019 -0.164595 -0.986361 0.001019 -0.164592 -0.969399 0.001001 -0.245486 -0.969399 0.001002 -0.245489 -0.945816 0.000976 -0.324703 -0.945818 0.000977 -0.324697 -0.915777 0.000946 -0.401686 -0.915774 0.000946 -0.401692 -0.879472 0.000909 -0.475950 -0.879469 0.000907 -0.475956 -0.837169 0.000865 -0.546944 -0.837167 0.000864 -0.546947 -0.789143 0.000815 -0.614209 -0.789140 0.000815 -0.614213 -0.735723 0.000760 -0.677282 -0.735719 0.000760 -0.677287 -0.677282 0.000700 -0.735723 -0.677283 0.000700 -0.735722 -0.614211 0.000635 -0.789142 -0.614212 0.000632 -0.789141 -0.546950 0.000565 -0.837165 -0.546952 0.000567 -0.837163 -0.475951 0.000493 -0.879472 -0.475950 0.000490 -0.879472 -0.401690 0.000413 -0.915776 -0.401688 0.000416 -0.915777 -0.324698 0.000337 -0.945818 -0.324700 0.000334 -0.945817 -0.245486 0.000252 -0.969400 -0.245487 0.000255 -0.969400 -0.164594 0.000171 -0.986361 -0.164594 0.000171 -0.986362 -0.082583 0.000084 -0.996584 -0.082583 0.000087 -0.996584 0.000000 -0.000002 -1.000000 0.082582 -0.000084 -0.996584 0.082582 -0.000087 -0.996584 0.164594 -0.000171 -0.986362 0.164594 -0.000168 -0.986362 0.245487 -0.000252 -0.969400 0.245485 -0.000255 -0.969400 0.324695 -0.000334 -0.945819 0.324697 -0.000337 -0.945818 0.401699 -0.000416 -0.915772 0.401700 -0.000413 -0.915771 0.475948 -0.000493 -0.879474 0.475947 -0.000490 -0.879474 0.546950 -0.000565 -0.837165 0.546946 -0.000565 -0.837168 0.614213 -0.000635 -0.789141 0.614212 -0.000635 -0.789141 0.677281 -0.000702 -0.735724 0.677280 -0.000697 -0.735725 -0.707107 0.000731 -0.707107 -0.707107 0.000730 -0.707106 -0.707106 0.000732 0.707107 -0.707106 0.000727 0.707107 -0.727752 0.000660 -0.685840 -0.727587 0.000752 -0.686015 -0.686015 0.000707 -0.727587 -0.766641 0.000884 -0.642075 -0.767100 0.000612 -0.641527 -0.803054 0.001009 -0.595905 -0.803759 0.000567 -0.594955 -0.836683 0.001133 -0.547687 -0.837593 0.000509 -0.546294 -0.867422 0.001244 -0.497572 -0.868482 0.000461 -0.495721 -0.895165 0.001364 -0.445733 -0.896324 0.000406 -0.443399 -0.919812 0.001473 -0.392357 -0.921018 0.000347 -0.389519 -0.941278 0.001572 -0.337630 -0.942477 0.000291 -0.334270 -0.959492 0.001671 -0.281730 -0.960623 0.000229 -0.277855 -0.974391 0.001762 -0.224854 -0.975397 0.000168 -0.220456 -0.985920 0.001853 -0.167208 -0.986744 0.000101 -0.162285 -0.994043 0.001935 -0.108976 -0.994625 0.000034 -0.103546 -0.998728 0.002015 -0.050376 -0.999012 -0.000034 -0.044440 -0.999963 0.002089 0.008402 -0.999890 -0.000105 0.014820 -0.997740 0.002157 0.067155 -0.997256 -0.000178 0.074027 -0.992070 0.002221 0.125669 -0.991119 -0.000253 0.132977 -0.982970 0.002279 0.183753 -0.981502 -0.000329 0.191453 -0.970471 0.002333 0.241205 -0.968436 -0.000407 0.249263 -0.954619 0.002383 0.297819 -0.951969 -0.000490 0.306194 -0.935467 0.002424 0.353407 -0.932157 -0.000572 0.362055 -0.922856 0.000952 0.385144 -0.913572 0.001669 0.406673 -0.909072 -0.000005 0.416640 -0.889198 0.001805 0.457519 -0.882792 -0.000179 0.469764 -0.861996 0.001911 0.506912 -0.853411 -0.000330 0.521238 -0.832047 0.001989 0.554702 -0.821039 -0.000457 0.570871 -0.799454 0.002034 0.600724 -0.785777 -0.000559 0.618510 -0.764325 0.002052 0.644828 -0.747755 -0.000643 0.663974 -0.726763 0.002039 0.686886 -0.707107 -0.000696 0.707106 -0.686240 0.002084 0.727372 -0.663975 -0.000739 0.747754 -0.642781 0.002032 0.766047 -0.618511 -0.000784 0.785775 -0.597154 0.001979 0.802124 -0.570878 -0.000818 0.821035 -0.549509 0.001916 0.835485 -0.521239 -0.000860 0.853410 -0.499996 0.001853 0.866026 -0.469759 -0.000891 0.882795 -0.448801 0.001778 0.893630 -0.416641 -0.000928 0.909071 -0.396072 0.001702 0.918218 -0.362062 -0.000956 0.932154 -0.342019 0.001621 0.939692 -0.306198 -0.000987 0.951967 -0.286804 0.001529 0.957988 -0.249266 -0.001011 0.968435 -0.230619 0.001438 0.973043 -0.191453 -0.001035 0.981501 -0.173642 0.001339 0.984808 -0.132972 -0.001052 0.991119 -0.116090 0.001237 0.993238 -0.074029 -0.001069 0.997256 -0.058146 0.001129 0.998308 -0.014822 -0.001083 0.999890 0.000001 0.001022 1.000000 0.044443 -0.001090 0.999011 0.058148 0.000904 0.998308 0.103543 -0.001090 0.994624 0.116093 0.000782 0.993238 0.162282 -0.001090 0.986744 0.173643 0.000663 0.984809 0.220458 -0.001086 0.975396 0.230621 0.000537 0.973044 0.277849 -0.001076 0.960624 0.286806 0.000405 0.957989 0.334275 -0.001069 0.942475 0.342022 0.000281 0.939692 0.389515 -0.001045 0.921020 0.396073 0.000143 0.918219 0.443401 -0.001025 0.896323 0.448797 0.000006 0.893634 0.495719 -0.000990 0.868483 0.500001 -0.000135 0.866025 0.546294 -0.000956 0.837593 0.549509 -0.000275 0.835488 0.594954 -0.000911 0.803759 0.597163 -0.000420 0.802120 0.641518 -0.000866 0.767107 0.642786 -0.000566 0.766046 0.685841 -0.000811 0.727751 0.686242 -0.000708 0.727373 0.727374 -0.000751 0.686241 0.727755 -0.000856 0.685837 0.766043 -0.000688 0.642789 0.767102 -0.000997 0.641524 0.802122 -0.000629 0.597160 0.803759 -0.001128 0.594954 0.835489 -0.000571 0.549507 0.837593 -0.001257 0.546293 0.866024 -0.000511 0.500002 0.868481 -0.001377 0.495721 0.893634 -0.000452 0.448797 0.896325 -0.001489 0.443395 0.918216 -0.000396 0.396081 0.921016 -0.001595 0.389522 0.939692 -0.000340 0.342021 0.942476 -0.001694 0.334269 0.957990 -0.000284 0.286803 0.960621 -0.001785 0.277857 0.973046 -0.000231 0.230614 0.975394 -0.001869 0.220462 0.984810 -0.000176 0.173638 0.986740 -0.001945 0.162295 0.993238 -0.000121 0.116101 0.994623 -0.002015 0.103543 0.998309 -0.000068 0.058138 0.999010 -0.002076 0.044433 1.000000 -0.000015 0.000000 0.999888 -0.002129 -0.014810 0.998309 0.000038 -0.058138 0.997253 -0.002176 -0.074037 0.993239 0.000089 -0.116088 0.991117 -0.002213 -0.132975 0.984807 0.000142 -0.173651 0.981500 -0.002246 -0.191449 0.973044 0.000193 -0.230620 0.968430 -0.002270 -0.249276 0.957992 0.000243 -0.286796 0.951966 -0.002286 -0.306197 0.939690 0.000293 -0.342027 0.932155 -0.002295 -0.362052 0.918218 0.000343 -0.396074 0.909067 -0.002295 -0.416643 0.893631 0.000393 -0.448802 0.882793 -0.002288 -0.469756 0.866027 0.000442 -0.499996 0.853412 -0.002278 -0.521233 0.835486 0.000486 -0.549512 0.821031 -0.002257 -0.570880 0.802126 0.000534 -0.597155 0.785775 -0.002231 -0.618508 0.766036 0.000579 -0.642797 0.747758 -0.002197 -0.663968 0.727378 0.000622 -0.686237 0.707103 -0.002158 -0.707107 0.686886 0.000578 -0.726765 0.663974 -0.002099 -0.747753 0.644829 0.000595 -0.764327 0.618508 -0.002015 -0.785776 0.600714 0.000588 -0.799464 0.570874 -0.001894 -0.821035 0.554701 0.000555 -0.832050 0.521235 -0.001750 -0.853412 0.506919 0.000495 -0.861994 0.469757 -0.001573 -0.882795 0.457525 0.000410 -0.889197 0.416640 -0.001375 -0.909071 0.406669 0.000306 -0.913575 0.385196 -0.000402 -0.922835 0.362047 -0.001915 -0.932158 0.353402 0.001091 -0.935471 0.306202 -0.001788 -0.951965 0.297822 0.001089 -0.954621 0.249256 -0.001668 -0.968436 0.241208 0.001081 -0.970473 0.191460 -0.001544 -0.981499 0.183757 0.001074 -0.982971 0.132969 -0.001417 -0.991119 0.125670 0.001071 -0.992071 0.074027 -0.001293 -0.997255 0.067157 0.001062 -0.997742 0.014819 -0.001155 -0.999890 0.008411 0.001053 -0.999964 -0.044446 -0.001025 -0.999011 -0.050376 0.001034 -0.998730 -0.103546 -0.000887 -0.994624 -0.108981 0.001019 -0.994043 -0.162291 -0.000753 -0.986743 -0.167203 0.001006 -0.985922 -0.220451 -0.000609 -0.975398 -0.224859 0.000985 -0.974391 -0.277860 -0.000474 -0.960622 -0.281724 0.000970 -0.959495 -0.334271 -0.000344 -0.942477 -0.337627 0.000946 -0.941280 -0.389514 -0.000206 -0.921021 -0.392361 0.000925 -0.919811 -0.443401 -0.000065 -0.896323 -0.445738 0.000896 -0.895163 -0.495719 0.000079 -0.868483 -0.497568 0.000864 -0.867424 -0.546295 0.000210 -0.837593 -0.547685 0.000830 -0.836684 -0.594952 0.000351 -0.803761 -0.595909 0.000793 -0.803052 -0.641524 0.000481 -0.767103 -0.642070 0.000751 -0.766645 -0.685843 0.000619 -0.727750 0.707106 -0.000728 -0.707107 0.707106 -0.000732 -0.707107 -0.707106 0.000731 -0.707107 -0.707107 0.000729 -0.707106 -0.001053 -1.000000 -0.000001 -0.001006 -1.000000 0.000000 -0.001036 -1.000000 -0.000003 -0.001010 -1.000000 0.000003 -0.001064 -1.000000 0.000003 -0.001028 -1.000000 -0.000002 -0.001070 -1.000000 -0.000014 -0.000831 -1.000000 0.000068 -0.001033 -1.000000 0.000000 -0.001027 -1.000000 -0.000006 -0.001044 -1.000000 0.000000 -0.000917 -1.000000 -0.000015 -0.001104 -0.999999 -0.000003 -0.001034 -1.000000 0.000001 -0.001009 -1.000000 0.000014 -0.001060 -1.000000 -0.000004 -0.001007 -1.000000 -0.000005 -0.001036 -1.000000 0.000002 -0.001041 -1.000000 0.000003 -0.001039 -1.000000 -0.000001 -0.001028 -1.000000 0.000001 -0.001029 -1.000000 -0.000001 -0.001032 -1.000000 0.000000 -0.001033 -1.000000 0.000000 -0.001028 -1.000000 0.000000 -0.001036 -1.000000 0.000000 -0.001037 -1.000000 -0.000000 -0.001033 -1.000000 0.000001 -0.001028 -1.000000 -0.000001 -0.001032 -1.000000 0.000000 -0.001024 -1.000000 0.000001 -0.001026 -1.000000 -0.000001 -0.001038 -1.000000 0.000002 -0.001051 -1.000000 -0.000003 -0.001023 -1.000000 0.000000 -0.001016 -1.000000 0.000003 -0.001044 -1.000000 -0.000001 -0.001030 -1.000000 0.000003 -0.001071 -1.000000 -0.000004 -0.001020 -1.000000 0.000001 -0.001043 -1.000000 -0.000002 -0.001023 -1.000000 0.000001 -0.001032 -1.000000 0.000007 -0.001035 -1.000000 -0.000006 -0.001036 -1.000000 0.000003 -0.001027 -1.000000 0.000001 -0.001034 -1.000000 0.000000 -0.001035 -1.000000 -0.000001 -0.001033 -1.000000 -0.000003 -0.001032 -1.000000 0.000005 -0.001034 -1.000000 -0.000005 -0.001033 -1.000000 -0.000000 -0.001033 -1.000000 0.000001 -0.001034 -1.000000 0.000000 -0.001030 -1.000000 0.000000 -0.001030 -1.000000 0.000000 -0.001039 -1.000000 0.000001 -0.000889 -1.000000 0.000021 -0.001055 -1.000000 -0.000010 -0.001068 -1.000000 0.000016 -0.001019 -1.000000 -0.000004 -0.001042 -1.000000 0.000002 -0.001033 -1.000000 -0.000005 -0.001024 -1.000000 0.000002 -0.001035 -1.000000 0.000000 -0.001032 -1.000000 -0.000002 -0.001031 -1.000000 -0.000001 -0.001032 -1.000000 -0.000000 -0.001023 -1.000000 -0.000001 -0.001056 -1.000000 0.000000 -0.001019 -1.000000 -0.000000 -0.001036 -1.000000 -0.000001 -0.001032 -1.000000 0.000000 -0.001031 -1.000000 -0.000000 -0.001040 -1.000000 0.000000 -0.001032 -1.000000 0.000001 -0.001019 -1.000000 -0.000001 -0.001057 -1.000000 -0.000002 -0.001028 -1.000000 -0.000003 -0.001036 -1.000000 0.000007 -0.001017 -1.000000 -0.000009 -0.001055 -1.000000 0.000002 -0.001010 -1.000000 0.000007 -0.000936 -1.000000 -0.000027 -0.001038 -1.000000 -0.000064 -0.001094 -0.999999 0.000001 -0.001024 -1.000000 0.000005 -0.001019 -1.000000 -0.000001 -0.001039 -1.000000 0.000001 -0.001046 -1.000000 -0.000002 -0.001024 -1.000000 0.000005 -0.001037 -1.000000 -0.000000 -0.001035 -1.000000 -0.000003 -0.001031 -1.000000 0.000002 -0.001032 -1.000000 0.000002 -0.001032 -1.000000 -0.000002 -0.001032 -1.000000 -0.000001 -0.001033 -1.000000 0.000000 -0.001033 -1.000000 0.000001 -0.001032 -1.000000 0.000002 -0.001031 -1.000000 -0.000002 -0.001033 -1.000000 -0.000002 -0.001038 -1.000000 0.000003 -0.001037 -1.000000 0.000000 -0.001020 -1.000000 -0.000005 -0.001044 -1.000000 0.000002 -0.001039 -1.000000 -0.000001 -0.001010 -1.000000 0.000001 -0.001024 -1.000000 -0.000005 -0.001087 -1.000000 -0.000001 -0.001093 -1.000000 0.000064 0.707106 -0.000730 0.707107 0.707106 -0.000730 0.707107 0.707106 -0.000731 0.707107 -0.707106 0.000731 -0.707107 -0.707106 0.000730 -0.707107 -0.001032 -1.000000 -0.000000 -0.000988 -1.000000 -0.000010 -0.001069 -1.000000 0.000006 -0.001033 -1.000000 0.000000 -0.001041 -1.000000 -0.000000 -0.001021 -1.000000 -0.000000 -0.001032 -1.000000 0.000000 -0.001043 -1.000000 -0.000010 -0.001018 -1.000000 0.000006 -0.001031 -1.000000 0.000001 -0.001020 -1.000000 0.000000 -0.001063 -1.000000 0.000000 -0.001106 -1.000000 0.000003 -0.000963 -1.000000 -0.000008 -0.001040 -1.000000 -0.000000 -0.000911 -1.000000 0.000008 -0.001055 -1.000000 0.000001 -0.001041 -1.000000 -0.000007 -0.001031 -1.000000 -0.000003 -0.001003 -1.000000 0.000005 -0.001062 -1.000000 0.000008 -0.001037 -1.000000 0.000002 -0.001005 -1.000000 -0.000001 -0.001039 -1.000000 0.000001 -0.001043 -1.000000 -0.000004 -0.001033 -1.000000 0.000001 -0.001047 -1.000000 0.000004 -0.001033 -1.000000 -0.000006 -0.001008 -1.000000 0.000001 -0.001035 -1.000000 0.000002 -0.001030 -1.000000 -0.000004 -0.001049 -1.000000 -0.000002 -0.001028 -1.000000 0.000001 -0.001042 -1.000000 0.000001 -0.001023 -1.000000 -0.000000 -0.001042 -1.000000 0.000001 -0.001029 -1.000000 -0.000002 -0.001032 -1.000000 -0.000002 -0.001043 -1.000000 0.000001 -0.001028 -1.000000 -0.000000 -0.001038 -1.000000 0.000002 -0.001014 -1.000000 0.000001 -0.001045 -1.000000 -0.000002 -0.001041 -1.000000 0.000003 -0.001026 -1.000000 0.000002 -0.001029 -1.000000 0.000001 -0.001030 -1.000000 0.000001 -0.001051 -1.000000 -0.000005 -0.001018 -1.000000 0.000001 -0.001038 -1.000000 0.000006 -0.001030 -1.000000 -0.000008 -0.001032 -1.000000 -0.000001 -0.001053 -1.000000 0.000002 -0.001010 -1.000000 -0.000006 -0.001007 -1.000000 0.000005 -0.001035 -1.000000 -0.000003 -0.001058 -1.000000 -0.000007 -0.001072 -1.000000 0.000001 -0.000978 -1.000000 0.000008 -0.001036 -1.000000 0.000001 -0.001063 -1.000000 0.000000 -0.001028 -1.000000 -0.000002 -0.001021 -1.000000 0.000006 -0.001041 -1.000000 -0.000001 -0.001034 -1.000000 -0.000004 -0.001025 -1.000000 0.000004 -0.001035 -1.000000 0.000001 -0.001035 -1.000000 -0.000005 -0.001033 -1.000000 0.000001 -0.001032 -1.000000 -0.000000 -0.001033 -1.000000 -0.000003 -0.001044 -1.000000 -0.000000 -0.001021 -1.000000 0.000000 -0.001043 -1.000000 0.000000 -0.001028 -1.000000 -0.000002 -0.001059 -1.000000 0.000000 -0.001023 -1.000000 0.000001 -0.001008 -1.000000 0.000002 -0.001077 -1.000000 -0.000003 -0.000968 -1.000000 0.000002 -0.001021 -1.000000 0.000000 -0.001021 -1.000000 -0.000002 -0.001032 -1.000000 0.000006 -0.001041 -1.000000 -0.000001 -0.001028 -1.000000 -0.000004 -0.001028 -1.000000 0.000004 -0.001035 -1.000000 0.000001 -0.001030 -1.000000 -0.000005 -0.001035 -1.000000 0.000001 -0.001031 -1.000000 -0.000000 -0.001035 -1.000000 -0.000003 -0.001019 -1.000000 0.000000 -0.001058 -1.000000 0.000001 -0.001034 -1.000000 0.000001 -0.001004 -1.000000 0.000000 -0.001027 -1.000000 0.000000 -0.001033 -1.000000 -0.000003 -0.001067 -1.000000 0.000002 -0.001035 -1.000000 -0.000002 -0.001027 -1.000000 0.000003 -0.000989 -1.000000 0.000004 -0.001031 -1.000000 -0.000006 -0.001031 -1.000000 0.000001 -0.001037 -1.000000 -0.000008 -0.001047 -1.000000 0.000007 -0.001032 -1.000000 0.000000 -0.001000 -1.000000 -0.000000 -0.001058 -1.000000 0.000000 -0.001033 -1.000000 0.000001 -0.001031 -1.000000 -0.000008 -0.001026 -1.000000 0.000007 -0.001032 -1.000000 0.000000 -0.001055 -1.000000 -0.000000 -0.001027 -1.000000 0.000000 -0.001042 -1.000000 0.000001 -0.001036 -1.000000 -0.000002 -0.001028 -1.000000 -0.000005 -0.001027 -1.000000 -0.000001 -0.001039 -1.000000 0.000006 -0.001035 -1.000000 -0.000005 -0.001029 -1.000000 0.000001 -0.001032 -1.000000 0.000004 -0.001033 -1.000000 0.000001 -0.001034 -1.000000 -0.000001 -0.001031 -1.000000 -0.000004 -0.001019 -1.000000 0.000000 -0.001048 -1.000000 -0.000001 -0.001035 -1.000000 0.000001 -0.001028 -1.000000 0.000000 -0.001026 -1.000000 0.000000 -0.001024 -1.000000 0.000001 -0.001067 -1.000000 0.000002 -0.001007 -1.000000 -0.000003 -0.001067 -1.000000 0.000002 -0.000989 -1.000000 -0.000011 -0.001000 -1.000000 0.000019 -0.001040 -1.000000 -0.000001 -0.001114 -0.999999 -0.000024 -0.000972 -1.000000 0.000001 -0.000976 -1.000000 0.000013 -0.001123 -1.000000 -0.000003 -0.001053 -1.000000 -0.000009 -0.000989 -1.000000 0.000008 -0.001016 -1.000000 0.000002 -0.001071 -1.000000 -0.000001 -0.001020 -1.000000 0.000001 -0.001015 -1.000000 -0.000004 -0.001051 -1.000000 0.000001 -0.001021 -1.000000 0.000004 -0.001033 -1.000000 0.000001 -0.001042 -1.000000 0.000001 -0.001018 -1.000000 -0.000005 -0.001050 -1.000000 -0.000004 -0.001017 -1.000000 0.000005 -0.001032 -1.000000 0.000001 -0.001042 -1.000000 0.000002 -0.001041 -1.000000 0.000000 -0.001026 -1.000000 -0.000005 -0.001035 -1.000000 0.000005 -0.001032 -1.000000 0.000005 -0.001048 -1.000000 -0.000005 -0.001028 -1.000000 0.000000 -0.001032 -1.000000 0.000002 -0.001046 -1.000000 -0.000006 -0.001012 -1.000000 -0.000002 -0.001041 -1.000000 0.000003 -0.001041 -1.000000 0.000002 -0.001029 -1.000000 0.000001 -0.001018 -1.000000 0.000001 -0.001032 -1.000000 -0.000005 -0.001037 -1.000000 0.000001 -0.001018 -1.000000 0.000006 -0.001052 -1.000000 0.000001 -0.001009 -1.000000 -0.000001 -0.001056 -1.000000 0.000002 -0.001010 -1.000000 -0.000006 -0.001031 -1.000000 -0.000010 -0.001035 -1.000000 0.000017 -0.001064 -1.000000 0.000013 -0.000965 -1.000000 0.000001 -0.001012 -1.000000 -0.000024 -0.001036 -1.000000 -0.000001 -0.001106 -1.000000 -0.000011 -0.000939 -1.000000 0.000019 -0.001021 -1.000000 0.000001 -0.001032 -1.000000 -0.000002 -0.001037 -1.000000 -0.000005 -0.001027 -1.000000 -0.000001 -0.001036 -1.000000 0.000005 -0.001031 -1.000000 -0.000005 -0.001035 -1.000000 0.000001 -0.001033 -1.000000 0.000004 -0.001032 -1.000000 0.000001 -0.001031 -1.000000 -0.000001 -0.001033 -1.000000 -0.000004 -0.001044 -1.000000 0.000000 -0.001048 -1.000000 -0.000001 -0.001021 -1.000000 0.000001 -0.001028 -1.000000 0.000000 -0.001043 -1.000000 0.000000 -0.001024 -1.000000 0.000001 -0.001067 -1.000000 -0.000003 -0.001038 -1.000000 0.000005 -0.000971 -1.000000 0.000002 0.001033 1.000000 0.000000 0.001043 1.000000 0.000008 0.001011 1.000000 -0.000003 0.001033 1.000000 0.000000 0.001033 1.000000 0.000003 0.001031 1.000000 0.000000 0.001033 1.000000 0.000000 0.000963 1.000000 0.000008 0.001058 1.000000 -0.000003 0.001032 1.000000 0.000000 0.001033 1.000000 0.000003 0.001033 1.000000 0.000000 0.000978 1.000000 -0.000002 0.001072 1.000000 0.000003 0.001021 1.000000 -0.000002 0.001041 1.000000 0.000004 0.001043 1.000000 0.000000 0.001016 1.000000 0.000000 0.001038 1.000000 0.000000 0.001024 1.000000 -0.000000 0.001028 1.000000 0.000000 0.001013 1.000000 0.000000 0.001048 1.000000 0.000000 0.001035 1.000000 -0.000001 0.001032 1.000000 0.000005 0.001029 1.000000 -0.000001 0.001028 1.000000 -0.000004 0.001034 1.000000 0.000004 0.001037 1.000000 0.000001 0.001037 1.000000 -0.000006 0.001024 1.000000 0.000002 0.001034 1.000000 -0.000000 0.001047 1.000000 -0.000006 0.000988 1.000000 0.000010 0.001040 1.000000 0.000000 0.001012 1.000000 -0.000001 0.000950 1.000000 -0.000008 0.001041 1.000000 0.000003 0.001066 1.000000 0.000007 0.001003 1.000000 0.000006 0.001018 1.000000 -0.000005 0.001016 1.000000 -0.000010 0.001024 1.000000 -0.000002 0.001058 1.000000 0.000004 0.001048 1.000000 -0.000001 0.001016 1.000000 -0.000004 0.001030 1.000000 -0.000001 0.001050 1.000000 0.000007 0.001030 1.000000 0.000006 0.001035 1.000000 -0.000003 0.001030 1.000000 -0.000002 0.001049 1.000000 -0.000001 0.001020 1.000000 0.000002 0.001042 1.000000 0.000000 0.001034 1.000000 -0.000002 0.001026 1.000000 0.000002 0.001046 1.000000 -0.000002 0.001032 1.000000 -0.000002 0.001028 1.000000 0.000002 0.001028 1.000000 -0.000002 0.001036 1.000000 0.000000 0.001030 1.000000 0.000002 0.001040 1.000000 -0.000001 0.001024 1.000000 -0.000002 0.001031 1.000000 -0.000003 0.001029 1.000000 -0.000001 0.001053 1.000000 0.000007 0.001051 1.000000 0.000008 0.001022 1.000000 -0.000004 0.001038 1.000000 -0.000001 0.001049 1.000000 0.000004 0.001032 1.000000 -0.000002 0.001005 1.000000 -0.000010 0.001010 1.000000 -0.000005 0.001069 1.000000 0.000006 0.001035 1.000000 0.000007 0.001023 1.000000 0.000003 0.001072 1.000000 -0.000008 0.000949 1.000000 -0.000001 0.001040 1.000000 0.000000 0.001047 1.000000 -0.000006 0.001043 1.000000 0.000010 0.001021 1.000000 -0.000002 0.001075 1.000000 0.000003 0.001016 1.000000 -0.000002 0.001014 1.000000 -0.000001 0.001063 1.000000 0.000003 0.001020 1.000000 0.000000 0.001014 1.000000 0.000000 0.001036 1.000000 -0.000000 0.001020 1.000000 0.000000 0.001039 1.000000 0.000000 0.001061 1.000000 0.000000 0.001035 1.000000 -0.000001 0.001032 1.000000 0.000005 0.001029 1.000000 -0.000001 0.001028 1.000000 -0.000004 0.001045 1.000000 0.000004 0.001034 1.000000 0.000001 0.001022 1.000000 -0.000006 0.001021 1.000000 0.000002 0.001034 1.000000 -0.000000 0.001034 1.000000 0.000000 0.001067 1.000000 -0.000019 0.001022 1.000000 0.000011 0.001032 1.000000 0.000000 0.001035 1.000000 0.000004 0.001031 1.000000 0.000001 0.001034 1.000000 0.000000 0.000932 1.000000 -0.000019 0.001058 1.000000 0.000011 0.001033 1.000000 0.000000 0.001031 1.000000 0.000004 0.001033 1.000000 0.000001 0.001047 1.000000 -0.000007 0.000988 1.000000 0.000008 0.001028 1.000000 -0.000002 0.001012 1.000000 -0.000000 0.001122 0.999999 0.000025 0.000976 1.000000 -0.000017 0.001058 1.000000 -0.000013 0.001003 1.000000 0.000006 0.001043 1.000000 0.000010 0.001058 1.000000 0.000001 0.001016 1.000000 -0.000002 0.001039 1.000000 -0.000006 0.001017 1.000000 -0.000001 0.001051 1.000000 0.000005 0.001027 1.000000 -0.000001 0.001050 1.000000 -0.000001 0.001016 1.000000 -0.000001 0.001018 1.000000 -0.000003 0.001030 1.000000 -0.000002 0.001049 1.000000 0.000006 0.001024 1.000000 0.000002 0.001042 1.000000 0.000000 0.001047 1.000000 -0.000002 0.001010 1.000000 -0.000005 0.001058 1.000000 0.000005 0.001016 1.000000 0.000005 0.001050 1.000000 -0.000005 0.001012 1.000000 -0.000002 0.001038 1.000000 0.000000 0.001030 1.000000 -0.000005 0.001041 1.000000 -0.000001 0.001041 1.000000 0.000005 0.001026 1.000000 0.000004 0.001046 1.000000 -0.000001 0.001006 1.000000 -0.000001 0.001051 1.000000 -0.000001 0.001017 1.000000 -0.000004 0.001038 1.000000 -0.000001 0.001032 1.000000 0.000004 0.001032 1.000000 -0.000002 0.001024 1.000000 0.000001 0.001063 1.000000 0.000010 0.001026 1.000000 -0.000008 0.000966 1.000000 -0.000014 0.001076 1.000000 0.000003 0.000965 1.000000 0.000025 0.001123 0.999999 -0.000000 0.001032 1.000000 -0.000002 0.001021 1.000000 -0.000002 0.001035 1.000000 0.000003 0.001035 1.000000 -0.000002 0.001014 1.000000 -0.000001 0.001052 1.000000 -0.000000 0.001036 1.000000 -0.000000 0.001038 1.000000 -0.000001 0.001033 1.000000 0.000001 0.001036 1.000000 -0.000000 0.001039 1.000000 0.000000 0.001050 1.000000 0.000000 0.001032 1.000000 -0.000001 0.001032 1.000000 -0.000004 0.001033 1.000000 -0.000001 0.001034 1.000000 0.000005 0.001030 1.000000 -0.000005 0.001029 1.000000 0.000001 0.001037 1.000000 0.000005 0.001039 1.000000 0.000002 0.001029 1.000000 -0.000001 0.001063 1.000000 -0.000002 0.001008 1.000000 -0.000005 0.001035 1.000000 0.000003 0.001041 1.000000 -0.000001 0.001009 1.000000 -0.000000 0.001029 1.000000 -0.000000 0.001038 1.000000 -0.000001 0.001045 1.000000 0.000001 0.001019 1.000000 -0.000000 0.001039 1.000000 0.000000 0.001009 1.000000 0.000000 0.001032 1.000000 -0.000001 0.001035 1.000000 -0.000004 0.001035 1.000000 -0.000001 0.001034 1.000000 0.000005 0.001028 1.000000 -0.000005 0.001044 1.000000 0.000001 0.001022 1.000000 0.000005 0.001043 1.000000 0.000002 0.001031 1.000000 -0.000001 0.001018 1.000000 -0.000007 0.001086 0.999999 0.000008 0.659342 -0.000679 0.751843 0.659360 -0.000684 0.751827 0.751834 -0.000775 0.659352 0.751833 -0.000777 0.659353 0.831477 -0.000859 0.555558 0.831458 -0.000859 0.555588 0.896877 -0.000925 0.442279 0.896880 -0.000927 0.442273 0.946926 -0.000979 0.321450 0.946927 -0.000977 0.321446 0.980787 -0.001013 0.195082 0.980786 -0.001013 0.195087 0.997858 -0.001031 0.065416 0.997858 -0.001031 0.065409 0.997857 -0.001031 -0.065417 0.997858 -0.001031 -0.065410 0.980787 -0.001013 -0.195082 0.980786 -0.001013 -0.195087 0.946928 -0.000979 -0.321445 0.946929 -0.000977 -0.321441 0.896878 -0.000927 -0.442278 0.896872 -0.000927 -0.442289 0.831469 -0.000859 -0.555570 0.831475 -0.000859 -0.555562 0.751833 -0.000777 -0.659353 0.751834 -0.000777 -0.659352 0.659351 -0.000681 -0.751835 0.659330 -0.000681 -0.751853 0.555579 -0.000574 -0.831464 0.555564 -0.000574 -0.831474 0.442293 -0.000456 -0.896871 0.442293 -0.000456 -0.896871 0.321435 -0.000333 -0.946932 0.321438 -0.000333 -0.946931 0.195100 -0.000200 -0.980784 0.195100 -0.000200 -0.980783 0.065399 -0.000068 -0.997859 0.065397 -0.000068 -0.997859 -0.065399 0.000068 -0.997859 -0.065398 0.000068 -0.997859 -0.195100 0.000200 -0.980784 -0.195098 0.000200 -0.980784 -0.321428 0.000333 -0.946934 -0.321431 0.000333 -0.946933 -0.442286 0.000460 -0.896874 -0.442291 0.000456 -0.896872 -0.555570 0.000574 -0.831469 -0.555568 0.000574 -0.831471 -0.659349 0.000681 -0.751837 -0.659347 0.000681 -0.751838 -0.751834 0.000777 -0.659352 -0.751831 0.000777 -0.659355 -0.831477 0.000857 -0.555558 -0.831461 0.000861 -0.555583 -0.896878 0.000925 -0.442278 -0.896875 0.000927 -0.442283 -0.946933 0.000977 -0.321428 -0.946927 0.000979 -0.321448 -0.980783 0.001014 -0.195099 -0.980791 0.001013 -0.195059 -0.997857 0.001031 -0.065417 -0.997858 0.001031 -0.065405 -0.997859 0.001031 0.065397 -0.997857 0.001031 0.065422 -0.980790 0.001013 0.195064 -0.980784 0.001013 0.195094 -0.946926 0.000979 0.321450 -0.946936 0.000979 0.321420 -0.896870 0.000927 0.442293 -0.896875 0.000927 0.442283 -0.831461 0.000859 0.555583 -0.831477 0.000859 0.555558 -0.751843 0.000779 0.659342 -0.751831 0.000777 0.659355 -0.659342 0.000681 0.751843 -0.659366 0.000679 0.751822 -0.555570 0.000579 0.831469 -0.555568 0.000570 0.831471 -0.442278 0.000456 0.896878 -0.442276 0.000456 0.896879 -0.321439 0.000337 0.946930 -0.321447 0.000328 0.946928 -0.195082 0.000200 0.980787 -0.195080 0.000205 0.980787 -0.065417 0.000068 0.997858 -0.065416 0.000064 0.997858 0.065416 -0.000068 0.997858 0.065416 -0.000064 0.997858 0.195085 -0.000200 0.980786 0.195079 -0.000205 0.980788 0.321456 -0.000333 0.946925 0.321444 -0.000333 0.946929 0.442285 -0.000460 0.896874 0.442278 -0.000456 0.896878 0.555571 -0.000570 0.831469 0.555572 -0.000579 0.831468 0.659332 -0.000684 0.751851 0.659346 -0.000679 0.751839 0.751834 -0.000777 0.659352 0.751831 -0.000777 0.659355 0.831472 -0.000859 0.555566 0.896878 -0.000927 0.442278 0.896872 -0.000927 0.442289 0.946928 -0.000979 0.321445 0.946931 -0.000977 0.321437 0.980786 -0.001013 0.195082 0.980788 -0.001014 0.195075 0.997856 -0.001031 0.065435 0.997859 -0.001032 0.065391 0.997858 -0.001032 -0.065416 0.997858 -0.001031 -0.065408 0.980790 -0.001013 -0.195065 0.980784 -0.001014 -0.195092 0.946931 -0.000979 -0.321435 0.946923 -0.000977 -0.321458 0.896881 -0.000927 -0.442271 0.896876 -0.000927 -0.442282 0.831464 -0.000859 -0.555579 0.831475 -0.000859 -0.555562 0.751834 -0.000777 -0.659352 0.751831 -0.000777 -0.659355 0.659361 -0.000679 -0.751826 0.659338 -0.000683 -0.751846 0.555570 -0.000574 -0.831469 0.555569 -0.000574 -0.831470 0.442292 -0.000456 -0.896871 0.442290 -0.000460 -0.896872 0.321429 -0.000328 -0.946934 0.321438 -0.000333 -0.946931 0.195081 -0.000205 -0.980787 0.195082 -0.000200 -0.980787 0.065416 -0.000068 -0.997858 0.065415 -0.000064 -0.997858 -0.065417 0.000064 -0.997858 -0.065417 0.000068 -0.997858 -0.195082 0.000200 -0.980787 -0.195081 0.000205 -0.980787 -0.321444 0.000333 -0.946928 -0.321442 0.000328 -0.946929 -0.442278 0.000460 -0.896878 -0.442277 0.000456 -0.896878 -0.555572 0.000574 -0.831469 -0.659361 0.000684 -0.751826 -0.659347 0.000679 -0.751838 -0.751845 0.000779 -0.659339 -0.831464 0.000859 -0.555579 -0.831461 0.000859 -0.555582 -0.896874 0.000925 -0.442285 -0.896871 0.000927 -0.442291 -0.946932 0.000977 -0.321434 -0.946933 0.000979 -0.321428 -0.980783 0.001014 -0.195100 -0.980783 0.001013 -0.195100 -0.997858 0.001030 -0.065416 -0.997859 0.001031 -0.065389 -0.997859 0.001031 0.065399 -0.997858 0.001031 0.065408 -0.980783 0.001014 0.195100 -0.980783 0.001013 0.195100 -0.946933 0.000977 0.321428 -0.946935 0.000979 0.321423 -0.896868 0.000925 0.442298 -0.831469 0.000859 0.555570 -0.831467 0.000859 0.555574 -0.751843 0.000777 0.659342 -0.751836 0.000777 0.659349 -0.659342 0.000679 0.751843 -0.659346 0.000684 0.751839 -0.555570 0.000574 0.831469 -0.555572 0.000574 0.831469 -0.442293 0.000456 0.896871 -0.442292 0.000456 0.896871 -0.321428 0.000333 0.946934 -0.321426 0.000333 0.946935 -0.195100 0.000200 0.980784 -0.195098 0.000200 0.980784 -0.065399 0.000068 0.997859 -0.065399 0.000068 0.997859 0.065397 -0.000068 0.997859 0.065397 -0.000068 0.997859 0.195099 -0.000200 0.980784 0.195100 -0.000200 0.980783 0.321435 -0.000333 0.946932 0.321432 -0.000333 0.946933 0.442293 -0.000456 0.896871 0.442289 -0.000456 0.896873 0.555570 -0.000574 0.831470 0.555570 -0.000574 0.831469 0.659351 -0.000681 0.751834 0.659351 -0.000680 0.751835 0.751837 -0.000777 0.659349 0.751836 -0.000776 0.659350 0.831475 -0.000859 0.555562 0.831474 -0.000859 0.555563 0.896866 -0.000927 0.442302 0.896868 -0.000927 0.442296 0.946930 -0.000978 0.321439 0.946931 -0.000978 0.321437 0.980787 -0.001013 0.195082 0.980786 -0.001014 0.195085 0.997859 -0.001031 0.065397 0.997859 -0.001031 0.065394 0.997859 -0.001031 -0.065398 0.997858 -0.001031 -0.065403 0.980788 -0.001013 -0.195076 0.980785 -0.001014 -0.195087 0.946925 -0.000979 -0.321454 0.946928 -0.000978 -0.321444 0.896873 -0.000927 -0.442287 0.896872 -0.000926 -0.442289 0.831471 -0.000860 -0.555567 0.831471 -0.000859 -0.555568 0.751838 -0.000776 -0.659347 0.751842 -0.000777 -0.659343 0.659346 -0.000681 -0.751839 0.659346 -0.000681 -0.751840 0.555564 -0.000573 -0.831473 0.555564 -0.000574 -0.831474 0.442295 -0.000457 -0.896870 0.442299 -0.000456 -0.896868 0.321432 -0.000332 -0.946933 0.321431 -0.000333 -0.946933 0.195100 -0.000202 -0.980784 0.195100 -0.000202 -0.980783 0.065398 -0.000067 -0.997859 0.065398 -0.000068 -0.997859 -0.065407 0.000068 -0.997859 -0.065407 0.000067 -0.997859 -0.195091 0.000202 -0.980785 -0.195090 0.000202 -0.980785 -0.321431 0.000332 -0.946933 -0.321428 0.000331 -0.946934 -0.442304 0.000457 -0.896865 -0.442300 0.000457 -0.896867 -0.555563 0.000574 -0.831474 -0.555559 0.000574 -0.831477 -0.659351 0.000680 -0.751835 -0.659346 0.000682 -0.751839 -0.751839 0.000777 -0.659347 -0.751838 0.000776 -0.659348 -0.831471 0.000859 -0.555567 -0.831472 0.000860 -0.555567 -0.896871 0.000926 -0.442291 -0.896872 0.000927 -0.442290 -0.946930 0.000979 -0.321438 -0.946929 0.000978 -0.321440 -0.980786 0.001013 -0.195086 -0.980785 0.001013 -0.195089 -0.997858 0.001031 -0.065416 -0.997858 0.001031 -0.065406 -0.997858 0.001031 0.065403 -0.997858 0.001031 0.065402 -0.980784 0.001013 0.195095 -0.980785 0.001013 0.195089 -0.946928 0.000978 0.321444 -0.946930 0.000978 0.321438 -0.896872 0.000927 0.442289 -0.896872 0.000927 0.442289 -0.831468 0.000859 0.555573 -0.831468 0.000858 0.555572 -0.751839 0.000776 0.659346 -0.751838 0.000777 0.659347 -0.659349 0.000681 0.751837 -0.659344 0.000680 0.751841 -0.555573 0.000574 0.831468 -0.555570 0.000574 0.831469 -0.442286 0.000457 0.896874 -0.442286 0.000457 0.896874 -0.321443 0.000331 0.946929 -0.321445 0.000333 0.946928 -0.195080 0.000203 0.980788 -0.195081 0.000200 0.980787 -0.065407 0.000067 0.997859 -0.065407 0.000068 0.997859 0.065397 -0.000067 0.997859 0.065397 -0.000068 0.997859 0.195093 -0.000202 0.980785 0.195090 -0.000202 0.980785 0.321434 -0.000331 0.946932 0.321435 -0.000333 0.946932 0.442295 -0.000456 0.896870 0.442294 -0.000458 0.896870 0.555564 -0.000574 0.831473 0.555560 -0.000574 0.831476 0.659350 -0.000681 0.751836 0.659349 -0.000681 0.751837 0.751829 -0.000777 0.659357 0.751832 -0.000777 0.659354 0.831480 -0.000858 0.555554 0.831473 -0.000860 0.555564 0.896864 -0.000927 0.442305 0.896867 -0.000927 0.442300 0.946933 -0.000979 0.321428 0.946931 -0.000978 0.321435 0.980785 -0.001013 0.195091 0.980787 -0.001013 0.195082 0.997859 -0.001031 0.065397 0.997859 -0.001031 0.065397 0.997859 -0.001031 -0.065398 0.997858 -0.001031 -0.065416 0.980788 -0.001013 -0.195075 0.980788 -0.001014 -0.195075 0.946925 -0.000979 -0.321453 0.946928 -0.000978 -0.321443 0.896870 -0.000926 -0.442293 0.896876 -0.000926 -0.442281 0.831471 -0.000859 -0.555568 0.831468 -0.000859 -0.555573 0.751833 -0.000777 -0.659354 0.751845 -0.000776 -0.659340 0.659345 -0.000681 -0.751841 0.659340 -0.000681 -0.751845 0.555570 -0.000574 -0.831470 0.555576 -0.000574 -0.831465 0.442289 -0.000458 -0.896872 0.442289 -0.000456 -0.896873 0.321442 -0.000333 -0.946929 0.321441 -0.000330 -0.946929 0.195091 -0.000203 -0.980785 0.195091 -0.000200 -0.980785 0.065398 -0.000068 -0.997859 0.065398 -0.000068 -0.997859 -0.065407 0.000068 -0.997859 -0.065408 0.000068 -0.997859 -0.195084 0.000200 -0.980787 -0.195080 0.000203 -0.980787 -0.321439 0.000330 -0.946930 -0.321441 0.000333 -0.946930 -0.442292 0.000458 -0.896871 -0.442296 0.000456 -0.896869 -0.555559 0.000574 -0.831477 -0.555563 0.000573 -0.831475 -0.659352 0.000681 -0.751834 -0.659351 0.000681 -0.751835 -0.751835 0.000777 -0.659351 -0.751831 0.000777 -0.659355 -0.831480 0.000859 -0.555554 -0.831472 0.000859 -0.555566 -0.896872 0.000927 -0.442289 -0.896866 0.000926 -0.442302 -0.946936 0.000979 -0.321420 -0.946927 0.000978 -0.321446 -0.980787 0.001013 -0.195082 -0.980786 0.001013 -0.195087 -0.997857 0.001031 -0.065417 -0.997858 0.001031 -0.065401 -0.997858 0.001031 0.065407 -0.997859 0.001031 0.065400 -0.980788 0.001014 0.195074 -0.980782 0.001013 0.195104 -0.946929 0.000978 0.321442 -0.946931 0.000979 0.321435 -0.896873 0.000927 0.442287 -0.831469 0.000858 0.555570 -0.751834 0.000777 0.659352 -0.751841 0.000777 0.659344 -0.659352 0.000682 0.751834 -0.659351 0.000680 0.751835 -0.555570 0.000574 0.831470 -0.555569 0.000574 0.831470 -0.442278 0.000458 0.896878 -0.442281 0.000456 0.896876 -0.321449 0.000331 0.946927 -0.321455 0.000333 0.946925 -0.195077 0.000200 0.980788 -0.195077 0.000203 0.980788 -0.065407 0.000068 0.997859 -0.065407 0.000068 0.997859 0.065397 -0.000068 0.997859 0.065397 -0.000068 0.997859 0.195091 -0.000200 0.980785 0.195091 -0.000202 0.980785 0.321431 -0.000332 0.946933 0.321429 -0.000332 0.946933 0.442303 -0.000458 0.896866 0.442303 -0.000457 0.896865 0.555560 -0.000574 0.831476 0.555562 -0.000574 0.831475 -0.707107 0.000731 -0.707106 -0.707106 0.000731 -0.707107 0.707106 -0.000728 0.707107 0.707106 -0.000731 0.707107 0.707106 -0.000731 0.707107 0.707106 -0.000731 0.707107 0.707106 -0.000730 -0.707107 0.707106 -0.000730 -0.707107 0.707106 -0.000730 -0.707107 0.707106 -0.000731 -0.707108 0.707106 -0.000730 -0.707107 0.707107 -0.000731 -0.707106 0.707106 -0.000729 -0.707107 0.707106 -0.000730 -0.707107 0.707107 -0.000730 -0.707106 0.707107 -0.000730 -0.707106 0.707106 -0.000730 -0.707107 -0.707106 0.000730 -0.707107 -0.707106 0.000730 -0.707107 -0.707106 0.000730 0.707107 -0.707106 0.000731 0.707107 -0.707106 0.000731 0.707107 -0.707106 0.000729 0.707107 -0.707107 0.000731 0.707107 -0.707107 0.000731 0.707106 -0.707106 0.000731 0.707107 -0.707106 0.000729 0.707107 -0.707106 0.000734 0.707107 -0.707107 0.000731 0.707106 -0.707107 0.000732 0.707106 0.001033 1.000000 0.000000 0.001033 1.000000 0.000000 -0.668466 0.000691 -0.743742 -0.668471 0.000691 -0.743738 -0.743735 0.000768 -0.668474 -0.743734 0.000769 -0.668476 -0.810582 0.000836 -0.585624 -0.810584 0.000838 -0.585622 -0.868228 0.000897 -0.496165 -0.868229 0.000897 -0.496162 -0.916060 0.000946 -0.401041 -0.916057 0.000947 -0.401048 -0.953494 0.000985 -0.301411 -0.953492 0.000985 -0.301416 -0.980129 0.001012 -0.198357 -0.980132 0.001013 -0.198346 -0.995660 0.001029 -0.093055 -0.995661 0.001029 -0.093049 -0.999911 0.001033 0.013318 -0.999911 0.001033 0.013311 -0.992832 0.001025 0.119514 -0.992832 0.001025 0.119516 -0.974503 0.001007 0.224375 -0.974503 0.001007 0.224375 -0.945130 0.000976 0.326693 -0.945133 0.000976 0.326684 -0.905054 0.000934 0.425297 -0.905053 0.000936 0.425298 -0.854719 0.000883 0.519090 -0.854716 0.000882 0.519095 -0.794702 0.000821 0.607000 -0.794705 0.000821 0.606996 -0.725684 0.000750 0.688028 -0.725675 0.000749 0.688037 -0.648436 0.000672 0.761269 -0.648439 0.000670 0.761267 -0.563841 0.000581 0.825883 -0.563842 0.000583 0.825882 -0.472861 0.000488 0.881137 -0.472864 0.000490 0.881135 -0.376531 0.000387 0.926404 -0.376532 0.000390 0.926404 -0.275918 0.000285 0.961181 -0.275918 0.000285 0.961181 -0.172184 0.000177 0.985065 -0.172185 0.000180 0.985065 -0.066508 0.000070 0.997786 -0.066508 0.000070 0.997786 0.039914 -0.000042 0.999203 0.039914 -0.000042 0.999203 0.145904 -0.000149 0.989299 0.145903 -0.000152 0.989299 0.250248 -0.000259 0.968182 0.250249 -0.000261 0.968182 0.351729 -0.000364 0.936102 0.351735 -0.000364 0.936100 0.449228 -0.000464 0.893417 0.449246 -0.000464 0.893408 0.541653 -0.000558 0.840602 0.541656 -0.000560 0.840600 0.627940 -0.000649 0.778262 0.627955 -0.000649 0.778250 0.707099 -0.000730 0.707114 0.707095 -0.000731 0.707119 0.778268 -0.000804 0.627932 0.778262 -0.000804 0.627940 0.840602 -0.000869 0.541653 0.840599 -0.000868 0.541658 0.893409 -0.000922 0.449244 0.893404 -0.000924 0.449254 0.936107 -0.000967 0.351713 0.936096 -0.000967 0.351744 0.968184 -0.001000 0.250238 0.968184 -0.001000 0.250238 0.989299 -0.001022 0.145896 0.989298 -0.001022 0.145907 0.999202 -0.001033 0.039926 0.999202 -0.001032 0.039928 0.997786 -0.001031 -0.066504 0.997785 -0.001031 -0.066507 0.985062 -0.001018 -0.172196 0.985062 -0.001018 -0.172199 0.961180 -0.000994 -0.275922 0.961182 -0.000993 -0.275914 0.926403 -0.000958 -0.376532 0.881142 -0.000910 -0.472851 0.881133 -0.000910 -0.472867 0.825880 -0.000854 -0.563846 0.825886 -0.000853 -0.563836 0.761271 -0.000786 -0.648433 0.761258 -0.000786 -0.648449 0.688038 -0.000710 -0.725675 0.688033 -0.000710 -0.725679 0.607001 -0.000625 -0.794701 0.607001 -0.000628 -0.794701 0.519089 -0.000537 -0.854720 0.519089 -0.000537 -0.854720 0.425300 -0.000439 -0.905052 0.425297 -0.000439 -0.905054 0.326692 -0.000338 -0.945131 0.326690 -0.000338 -0.945132 0.224371 -0.000231 -0.974504 0.224372 -0.000231 -0.974504 0.119518 -0.000124 -0.992832 0.119518 -0.000124 -0.992832 0.013305 -0.000014 -0.999911 0.013305 -0.000014 -0.999911 -0.093043 0.000098 -0.995662 -0.093042 0.000096 -0.995662 -0.198347 0.000203 -0.980132 -0.198345 0.000205 -0.980132 -0.301423 0.000313 -0.953491 -0.301421 0.000310 -0.953491 -0.401047 0.000415 -0.916057 -0.401055 0.000413 -0.916054 -0.496149 0.000513 -0.868237 -0.496159 0.000513 -0.868232 -0.585628 0.000602 -0.810580 -0.585631 0.000607 -0.810578 0.000962 1.000000 0.000004 0.001058 1.000000 -0.000007 0.001029 1.000000 0.000000 0.001007 1.000000 -0.000002 0.001054 1.000000 -0.000007 0.001020 1.000000 0.000003 0.001034 1.000000 0.000000 0.001045 1.000000 0.000000 0.001038 1.000000 0.000002 0.001020 1.000000 -0.000001 0.001040 1.000000 -0.000000 0.001030 1.000000 -0.000002 0.001033 1.000000 -0.000001 0.001031 1.000000 0.000001 0.001037 1.000000 0.000001 0.001030 1.000000 0.000001 0.001032 1.000000 -0.000000 0.001040 1.000000 -0.000002 0.001032 1.000000 -0.000000 0.001028 1.000000 0.000001 0.001033 1.000000 0.000002 0.001034 1.000000 -0.000001 0.001027 1.000000 -0.000002 0.001037 1.000000 0.000001 0.001036 1.000000 0.000001 0.001035 1.000000 0.000000 0.001029 1.000000 0.000000 0.001043 1.000000 0.000000 0.001031 1.000000 -0.000001 0.001036 1.000000 -0.000001 0.001030 1.000000 0.000001 0.001035 1.000000 0.000000 0.001032 1.000000 0.000001 0.001030 1.000000 0.000000 0.001032 1.000000 -0.000002 0.001027 1.000000 -0.000001 0.001039 1.000000 0.000002 0.001036 1.000000 0.000002 0.001030 1.000000 0.000000 0.001040 1.000000 -0.000002 0.001024 1.000000 -0.000002 0.001051 1.000000 0.000002 0.001025 1.000000 -0.000001 0.001037 1.000000 0.000000 0.001027 1.000000 0.000002 0.001038 1.000000 -0.000003 0.001028 1.000000 0.000001 0.001031 1.000000 0.000001 0.001032 1.000000 0.000001 0.001061 1.000000 0.000002 0.001030 1.000000 -0.000000 0.001020 1.000000 -0.000006 0.001023 1.000000 -0.000001 0.001035 1.000000 -0.000002 0.001053 1.000000 0.000009 0.001104 1.000000 0.000013 0.000963 1.000000 -0.000018 0.001028 1.000000 0.000004 0.001037 1.000000 -0.000002 0.001028 1.000000 0.000002 0.001028 1.000000 -0.000004 0.001037 1.000000 0.000000 0.001035 1.000000 0.000000 0.001040 1.000000 -0.000001 0.001032 1.000000 0.000001 0.001033 1.000000 0.000001 0.001034 1.000000 -0.000001 0.001020 1.000000 0.000002 0.001033 1.000000 0.000001 0.001034 1.000000 -0.000000 0.001036 1.000000 -0.000000 0.001027 1.000000 -0.000001 0.001033 1.000000 0.000000 0.001041 1.000000 -0.000001 0.001034 1.000000 0.000000 0.001033 1.000000 0.000000 0.001049 1.000000 0.000000 0.001021 1.000000 0.000000 0.001043 1.000000 0.000000 0.001027 1.000000 0.000000 0.001040 1.000000 0.000000 0.001027 1.000000 -0.000000 0.001033 1.000000 -0.000000 0.001040 1.000000 0.000000 0.001018 1.000000 0.000000 0.001040 1.000000 -0.000000 0.001027 1.000000 0.000001 0.001035 1.000000 0.000000 0.001034 1.000000 -0.000001 0.001033 1.000000 0.000001 0.001037 1.000000 -0.000000 0.001028 1.000000 -0.000002 0.001035 1.000000 0.000001 0.001037 1.000000 0.000001 0.001028 1.000000 -0.000001 0.001038 1.000000 0.000004 0.001033 1.000000 -0.000001 0.001031 1.000000 0.000000 0.001029 1.000000 0.000000 0.001030 1.000000 -0.000002 0.001051 1.000000 0.000002 0.001026 1.000000 -0.000001 0.001043 1.000000 0.000000 0.001020 1.000000 -0.000002 0.001037 1.000000 0.000000 0.001029 1.000000 -0.000001 0.001019 1.000000 -0.000001 0.001037 1.000000 0.000000 0.001036 1.000000 0.000001 0.001026 1.000000 -0.000001 0.001037 1.000000 0.000001 0.001045 1.000000 0.000004 0.001034 1.000000 0.000002 0.001010 1.000000 -0.000004 0.001031 1.000000 -0.000002 0.001037 1.000000 -0.000004 0.001048 1.000000 0.000003 0.001041 1.000000 -0.000001 0.000986 1.000000 -0.000005 0.001598 0.999999 0.000323 0.001007 1.000000 -0.000004 0.001108 0.999999 0.000014 0.000995 1.000000 -0.000007 0.001041 1.000000 0.000006 0.001051 1.000000 0.000006 0.001026 1.000000 0.000001 0.001026 1.000000 -0.000006 0.001043 1.000000 0.000005 0.001018 1.000000 0.000000 0.001033 1.000000 -0.000001 0.001040 1.000000 0.000000 0.001036 1.000000 -0.000001 0.001033 1.000000 0.000002 0.001028 1.000000 0.000000 0.001034 1.000000 -0.000002 0.001021 1.000000 -0.000001 0.001039 1.000000 0.000001 0.001034 1.000000 0.000000 0.001041 1.000000 0.000003 0.001027 1.000000 -0.000001 0.001037 1.000000 0.000000 0.001028 1.000000 -0.000001 0.001037 1.000000 -0.000001 0.001027 1.000000 0.000000 0.001032 1.000000 0.000000 0.001034 1.000000 0.000000 0.001033 1.000000 -0.000002 0.001033 1.000000 0.000001 0.001031 1.000000 0.000001 0.001036 1.000000 0.000001 0.001029 1.000000 -0.000001 0.001035 1.000000 -0.000000 0.001029 1.000000 -0.000004 0.001035 1.000000 0.000001 0.001035 1.000000 -0.000001 0.001034 1.000000 0.000004 0.001038 1.000000 -0.000003 0.001025 1.000000 0.000007 0.001036 1.000000 -0.000007 0.001079 1.000000 0.000001 0.000851 1.000000 -0.000039 0.001034 1.000000 -0.000001 0.001034 1.000000 0.000001 0.001034 1.000000 0.000001 0.001031 1.000000 -0.000002 0.001035 1.000000 0.000000 0.001031 1.000000 -0.000001 0.001036 1.000000 0.000002 0.001033 1.000000 -0.000003 0.001031 1.000000 0.000001 0.001033 1.000000 -0.000000 0.001033 1.000000 0.000003 0.001034 1.000000 0.000001 0.001034 1.000000 -0.000002 0.001033 1.000000 -0.000001 0.001034 1.000000 0.000002 0.001034 1.000000 0.000000 0.001036 1.000000 0.000001 0.001030 1.000000 -0.000001 0.001029 1.000000 0.000000 0.001038 1.000000 -0.000001 0.001039 1.000000 0.000002 0.001030 1.000000 -0.000002 0.001038 1.000000 -0.000002 0.001027 1.000000 -0.000001 0.001033 1.000000 0.000001 0.001038 1.000000 0.000002 0.001027 1.000000 -0.000001 0.001036 1.000000 -0.000002 0.001032 1.000000 0.000000 0.001033 1.000000 0.000001 0.001042 1.000000 -0.000001 0.001027 1.000000 -0.000001 0.001029 1.000000 0.000002 0.001042 1.000000 0.000001 0.001031 1.000000 0.000001 0.001031 1.000000 -0.000002 0.001035 1.000000 0.000001 0.001025 1.000000 -0.000001 0.001039 1.000000 -0.000000 0.001033 1.000000 -0.000000 0.001029 1.000000 -0.000002 0.001032 1.000000 -0.000000 0.001036 1.000000 0.000001 0.001036 1.000000 0.000004 0.001034 1.000000 -0.000003 0.001026 1.000000 -0.000003 0.001045 1.000000 0.000005 0.001037 1.000000 -0.000000 0.001006 1.000000 -0.000004 0.001043 1.000000 0.000003 0.001025 1.000000 0.000000 0.001028 1.000000 -0.000004 0.001031 1.000000 0.000001 0.001074 1.000000 0.000007 0.001006 1.000000 -0.000004 0.001060 1.000000 -0.000011 0.000992 1.000000 -0.000000 0.001075 1.000000 0.000018 0.001033 1.000000 0.000016 0.001031 1.000000 -0.000003 0.001055 1.000000 -0.000024 0.001042 1.000000 0.000002 0.001035 1.000000 0.000000 0.001027 1.000000 0.000001 0.001028 1.000000 -0.000003 0.001031 1.000000 0.000004 0.001039 1.000000 -0.000003 0.001040 1.000000 -0.000000 0.001030 1.000000 0.000002 0.001031 1.000000 0.000000 0.001033 1.000000 -0.000002 0.001034 1.000000 -0.000001 0.001033 1.000000 0.000000 0.001029 1.000000 0.000003 0.001037 1.000000 -0.000002 0.001033 1.000000 -0.000001 0.001026 1.000000 0.000002 0.001033 1.000000 0.000000 0.001036 1.000000 0.000000 0.001031 1.000000 -0.000002 0.001038 1.000000 0.000002 0.001033 1.000000 -0.000001 0.001030 1.000000 0.000002 0.001033 1.000000 -0.000002 0.001032 1.000000 0.000004 0.001035 1.000000 -0.000003 0.001036 1.000000 0.000002 0.001032 1.000000 -0.000003 0.001030 1.000000 0.000005 0.001037 1.000000 -0.000005 0.001034 1.000000 0.000000 0.001032 1.000000 -0.000001 0.001031 1.000000 -0.000001 0.001031 1.000000 0.000001 0.001034 1.000000 0.000006 0.001033 1.000000 -0.000004 0.001032 1.000000 0.000014 0.001027 1.000000 0.000010 0.001033 1.000000 -0.000000 0.001051 1.000000 0.000001 0.000984 1.000000 0.000007 0.001033 1.000000 0.000000 0.001028 1.000000 -0.000007 0.001033 1.000000 -0.000000 0.001045 1.000000 0.000003 0.001026 1.000000 -0.000003 0.001033 1.000000 0.000000 0.001033 1.000000 -0.000006 0.001033 1.000000 0.000007 0.001033 1.000000 -0.000006 0.001034 1.000000 -0.000001 0.001032 1.000000 0.000005 0.001033 1.000000 0.000000 0.001030 1.000000 0.000005 0.001042 1.000000 -0.000005 0.001030 1.000000 -0.000005 0.001037 1.000000 0.000007 0.001026 1.000000 0.000002 0.001043 1.000000 -0.000010 0.001019 1.000000 0.000013 0.001045 1.000000 -0.000009 0.001025 1.000000 0.000011 0.001027 1.000000 0.000003 0.001024 1.000000 0.000034 0.000951 1.000000 0.000035 0.001046 1.000000 0.000000 0.001021 1.000000 0.000000 0.001028 1.000000 0.000000 0.001030 1.000000 -0.000000 0.001076 1.000000 0.000000 0.001023 1.000000 -0.000000 0.001014 1.000000 0.000002 0.001049 1.000000 -0.000001 0.001026 1.000000 0.000000 0.000996 1.000000 0.000002 0.001081 1.000000 -0.000004 0.001009 1.000000 0.000001 0.000982 1.000000 -0.000002 0.001045 1.000000 0.000002 0.001094 1.000000 -0.000007 0.000951 1.000000 0.000002 0.677280 -0.000700 -0.735725 0.677281 -0.000700 -0.735725 0.614213 -0.000635 -0.789140 0.614212 -0.000635 -0.789141 0.546948 -0.000563 -0.837166 0.546949 -0.000567 -0.837166 0.475946 -0.000493 -0.879475 0.475948 -0.000490 -0.879473 0.401698 -0.000416 -0.915772 0.401700 -0.000413 -0.915771 0.324692 -0.000334 -0.945820 0.324691 -0.000337 -0.945820 0.245491 -0.000255 -0.969399 0.245490 -0.000252 -0.969399 0.164594 -0.000171 -0.986361 0.164594 -0.000171 -0.986361 0.082582 -0.000084 -0.996584 0.082582 -0.000087 -0.996584 0.000000 0.000002 -1.000000 0.000000 -0.000002 -1.000000 -0.082583 0.000087 -0.996584 -0.164594 0.000171 -0.986362 -0.164593 0.000171 -0.986362 -0.245493 0.000252 -0.969399 -0.245493 0.000255 -0.969398 -0.324694 0.000334 -0.945819 -0.324693 0.000337 -0.945819 -0.401689 0.000416 -0.915776 -0.475953 0.000490 -0.879470 -0.475956 0.000493 -0.879469 -0.546946 0.000565 -0.837167 -0.546946 0.000565 -0.837167 -0.614211 0.000635 -0.789142 -0.614213 0.000635 -0.789140 -0.677282 0.000700 -0.735723 -0.677284 0.000700 -0.735721 -0.735723 0.000760 -0.677282 -0.735723 0.000762 -0.677283 -0.789139 0.000815 -0.614214 -0.789139 0.000815 -0.614214 -0.837169 0.000864 -0.546944 -0.837166 0.000865 -0.546948 -0.879470 0.000910 -0.475954 -0.879472 0.000909 -0.475949 -0.915775 0.000945 -0.401691 -0.915775 0.000947 -0.401692 -0.945817 0.000976 -0.324699 -0.945818 0.000977 -0.324696 -0.969399 0.001001 -0.245490 -0.969398 0.001001 -0.245492 -0.986362 0.001019 -0.164590 -0.986361 0.001019 -0.164594 -0.996584 0.001030 -0.082579 -0.996584 0.001029 -0.082583 -1.000000 0.001033 -0.000005 -1.000000 0.001033 0.000000 -0.996584 0.001029 0.082578 -0.996583 0.001029 0.082587 -0.986362 0.001019 0.164591 -0.986361 0.001019 0.164594 -0.969398 0.001001 0.245495 -0.969399 0.001001 0.245487 -0.945818 0.000977 0.324697 -0.945819 0.000977 0.324694 -0.915772 0.000947 0.401697 -0.915770 0.000946 0.401701 -0.879475 0.000911 0.475945 -0.879474 0.000907 0.475947 -0.837168 0.000863 0.546945 -0.837166 0.000865 0.546948 -0.789139 0.000817 0.614214 -0.789141 0.000815 0.614211 -0.735723 0.000760 0.677282 -0.735723 0.000760 0.677283 -0.707106 0.000729 -0.707107 -0.707107 0.000731 -0.707106 0.707106 -0.000730 -0.707107 0.707106 -0.000732 -0.707107 -0.685840 0.000801 -0.727753 -0.686018 0.000707 -0.727584 -0.727584 0.000752 -0.686018 -0.642068 0.000575 -0.766648 -0.641528 0.000836 -0.767099 -0.595908 0.000433 -0.803053 -0.594957 0.000887 -0.803757 -0.547685 0.000302 -0.836684 -0.546295 0.000918 -0.837593 -0.497575 0.000159 -0.867421 -0.495719 0.000952 -0.868483 -0.445735 0.000028 -0.895165 -0.443390 0.000980 -0.896328 -0.392362 -0.000111 -0.919811 -0.389516 0.001007 -0.921019 -0.337626 -0.000253 -0.941281 -0.334276 0.001035 -0.942475 -0.281731 -0.000388 -0.959493 -0.277851 0.001056 -0.960624 -0.224853 -0.000523 -0.974393 -0.220458 0.001062 -0.975396 -0.167211 -0.000659 -0.985921 -0.162281 0.001086 -0.986744 -0.108974 -0.000797 -0.994044 -0.103544 0.001100 -0.994624 -0.050379 -0.000929 -0.998730 -0.044444 0.001114 -0.999011 0.008401 -0.001064 -0.999964 0.014822 0.001128 -0.999890 0.067155 -0.001192 -0.997742 0.074021 0.001135 -0.997256 0.125675 -0.001324 -0.992071 0.132981 0.001141 -0.991118 0.183754 -0.001456 -0.982971 0.191454 0.001148 -0.981501 0.241205 -0.001584 -0.970473 0.249267 0.001155 -0.968434 0.297811 -0.001709 -0.954623 0.306200 0.001159 -0.951966 0.353403 -0.001820 -0.935469 0.362052 0.001155 -0.932157 0.385135 -0.000402 -0.922860 0.406671 -0.001147 -0.913574 0.416637 0.000512 -0.909073 0.457522 -0.001359 -0.889197 0.469762 0.000607 -0.882793 0.506920 -0.001543 -0.861992 0.521237 0.000670 -0.853412 0.554692 -0.001698 -0.832054 0.570876 0.000717 -0.821036 0.600717 -0.001828 -0.799460 0.618519 0.000736 -0.785770 0.644822 -0.001927 -0.764330 0.663978 0.000729 -0.747751 0.686884 -0.001997 -0.726765 0.707106 0.000698 -0.707107 0.727372 -0.002126 -0.686241 0.747754 0.000653 -0.663975 0.766040 -0.002163 -0.642789 0.785773 0.000607 -0.618514 0.802123 -0.002194 -0.597155 0.821039 0.000560 -0.570871 0.835480 -0.002214 -0.549516 0.853419 0.000514 -0.521226 0.866020 -0.002231 -0.500005 0.882792 0.000466 -0.469763 0.893632 -0.002238 -0.448796 0.909071 0.000419 -0.416641 0.918213 -0.002240 -0.396080 0.932155 0.000369 -0.362061 0.939691 -0.002235 -0.342018 0.951968 0.000319 -0.306198 0.957987 -0.002224 -0.286805 0.968434 0.000268 -0.249272 0.973043 -0.002203 -0.230612 0.981502 0.000217 -0.191454 0.984805 -0.002176 -0.173652 0.991120 0.000167 -0.132971 0.993237 -0.002142 -0.116088 0.997256 0.000116 -0.074030 0.998306 -0.002100 -0.058138 0.999890 0.000064 -0.014818 0.999998 -0.002051 0.000000 0.999012 0.000011 0.044436 0.998307 -0.001995 0.058138 0.994624 -0.000040 0.103549 0.993236 -0.001930 0.116102 0.986744 -0.000093 0.162285 0.984807 -0.001859 0.173644 0.975397 -0.000145 0.220455 0.973044 -0.001780 0.230614 0.960623 -0.000198 0.277854 0.957988 -0.001695 0.286802 0.942477 -0.000254 0.334272 0.939691 -0.001601 0.342021 0.921015 -0.000308 0.389528 0.918215 -0.001501 0.396080 0.896328 -0.000361 0.443391 0.893630 -0.001393 0.448802 0.868483 -0.000419 0.495719 0.866021 -0.001277 0.500005 0.837594 -0.000474 0.546293 0.835491 -0.001158 0.549503 0.803757 -0.000531 0.594957 0.802122 -0.001030 0.597159 0.767106 -0.000586 0.641520 0.766038 -0.000892 0.642795 0.727748 -0.000648 0.685845 0.727374 -0.000750 0.686241 0.686242 -0.000708 0.727373 0.685842 -0.000602 0.727750 0.642782 -0.000767 0.766049 0.641530 -0.000461 0.767098 0.597164 -0.000820 0.802119 0.594953 -0.000313 0.803760 0.549512 -0.000862 0.835485 0.546289 -0.000172 0.837597 0.500000 -0.000900 0.866025 0.495715 -0.000034 0.868485 0.448801 -0.000935 0.893631 0.443393 0.000107 0.896328 0.396078 -0.000963 0.918216 0.389524 0.000241 0.921016 0.342019 -0.000984 0.939693 0.334270 0.000378 0.942477 0.286807 -0.001002 0.957988 0.277851 0.000505 0.960624 0.230609 -0.001016 0.973046 0.220461 0.000636 0.975396 0.173648 -0.001016 0.984807 0.162292 0.000760 0.986743 0.116091 -0.001023 0.993238 0.103546 0.000877 0.994624 0.058145 -0.001023 0.998308 0.044438 0.000997 0.999012 -0.000001 -0.001016 1.000000 -0.014811 0.001111 0.999890 -0.058148 -0.001012 0.998308 -0.074027 0.001227 0.997256 -0.116093 -0.000995 0.993238 -0.132978 0.001327 0.991118 -0.173651 -0.000977 0.984807 -0.191451 0.001430 0.981501 -0.230612 -0.000962 0.973045 -0.249264 0.001523 0.968434 -0.286808 -0.000935 0.957988 -0.306195 0.001619 0.951967 -0.342022 -0.000913 0.939691 -0.362050 0.001705 0.932157 -0.396082 -0.000885 0.918215 -0.416639 0.001788 0.909070 -0.448797 -0.000853 0.893633 -0.469762 0.001864 0.882791 -0.500007 -0.000818 0.866021 -0.521231 0.001936 0.853414 -0.549506 -0.000783 0.835490 -0.570873 0.001998 0.821036 -0.597157 -0.000744 0.802124 -0.618505 0.002060 0.785779 -0.642794 -0.000706 0.766039 -0.663976 0.002111 0.747751 -0.686242 -0.000664 0.727372 -0.707104 0.002158 0.707106 -0.726764 -0.000538 0.686887 -0.747749 0.002185 0.663978 -0.764326 -0.000473 0.644830 -0.785773 0.002187 0.618511 -0.799458 -0.000382 0.600721 -0.821033 0.002154 0.570877 -0.832052 -0.000269 0.554698 -0.853413 0.002094 0.521232 -0.861994 -0.000131 0.506918 -0.882791 0.002005 0.469761 -0.889198 0.000033 0.457522 -0.909070 0.001882 0.416640 -0.913575 0.000220 0.406671 -0.922855 0.000954 0.385146 -0.932155 0.002503 0.362050 -0.935471 -0.000493 0.353403 -0.951965 0.002457 0.306198 -0.954623 -0.000409 0.297816 -0.968433 0.002412 0.249263 -0.970475 -0.000329 0.241203 -0.981499 0.002358 0.191455 -0.982972 -0.000250 0.183757 -0.991117 0.002300 0.132974 -0.992072 -0.000172 0.125673 -0.997254 0.002238 0.074026 -0.997743 -0.000096 0.067151 -0.999888 0.002170 0.014819 -0.999965 -0.000023 0.008409 -0.999010 0.002097 -0.044444 -0.998730 0.000048 -0.050373 -0.994623 0.002020 -0.103547 -0.994044 0.000118 -0.108980 -0.986742 0.001938 -0.162286 -0.985923 0.000182 -0.167203 -0.975395 0.001850 -0.220456 -0.974391 0.000250 -0.224858 -0.960622 0.001755 -0.277853 -0.959494 0.000313 -0.281728 -0.942475 0.001657 -0.334272 -0.941280 0.000374 -0.337627 -0.921018 0.001558 -0.389518 -0.919812 0.000434 -0.392360 -0.896326 0.001447 -0.443394 -0.895162 0.000491 -0.445742 -0.868486 0.001337 -0.495713 -0.867424 0.000545 -0.497569 -0.837592 0.001221 -0.546295 -0.836682 0.000601 -0.547688 -0.803759 0.001100 -0.594955 -0.803047 0.000646 -0.595915 -0.767100 0.000973 -0.641527 -0.766647 0.000704 -0.642069 -0.727752 0.000842 -0.685840 -0.707106 0.000728 0.707107 -0.707107 0.000731 0.707106 -0.707106 0.000731 -0.707107 -0.707106 0.000730 -0.707107 0.001053 1.000000 -0.000003 0.001037 1.000000 -0.000002 0.001026 1.000000 0.000004 0.001009 1.000000 0.000004 0.001049 1.000000 -0.000015 0.001034 1.000000 0.000002 0.000980 1.000000 0.000003 0.001151 0.999999 0.000015 0.001033 1.000000 0.000000 0.001039 1.000000 0.000004 0.001057 1.000000 -0.000003 0.000917 1.000000 0.000039 0.001029 1.000000 -0.000022 0.001034 1.000000 -0.000000 0.000995 1.000000 0.000022 0.001040 1.000000 -0.000002 0.001031 1.000000 -0.000010 0.001032 1.000000 0.000000 0.001041 1.000000 0.000001 0.001032 1.000000 -0.000001 0.001030 1.000000 0.000000 0.001035 1.000000 0.000000 0.001033 1.000000 0.000000 0.001033 1.000000 -0.000001 0.001033 1.000000 0.000000 0.001033 1.000000 -0.000001 0.001033 1.000000 0.000000 0.001034 1.000000 0.000003 0.001032 1.000000 -0.000004 0.001031 1.000000 0.000000 0.001037 1.000000 0.000005 0.001030 1.000000 -0.000003 0.001035 1.000000 -0.000000 0.001032 1.000000 0.000001 0.001035 1.000000 -0.000001 0.001025 1.000000 0.000002 0.001047 1.000000 -0.000001 0.001009 1.000000 -0.000000 0.001057 1.000000 0.000006 0.001004 1.000000 0.000001 0.001061 1.000000 0.000004 0.001037 1.000000 0.000000 0.001010 1.000000 -0.000001 0.001038 1.000000 0.000002 0.001034 1.000000 -0.000002 0.001023 1.000000 0.000001 0.001041 1.000000 0.000000 0.001029 1.000000 -0.000001 0.001035 1.000000 0.000001 0.001029 1.000000 -0.000000 0.001032 1.000000 0.000000 0.001038 1.000000 0.000000 0.001035 1.000000 0.000000 0.001033 1.000000 0.000000 0.001039 1.000000 0.000000 0.001029 1.000000 -0.000002 0.001032 1.000000 0.000001 0.000890 1.000000 0.000039 0.001055 1.000000 0.000002 0.000996 1.000000 0.000006 0.001042 1.000000 0.000000 0.001040 1.000000 -0.000009 0.001024 1.000000 0.000006 0.001038 1.000000 -0.000002 0.001034 1.000000 -0.000000 0.001024 1.000000 0.000003 0.001036 1.000000 -0.000003 0.001035 1.000000 0.000002 0.001035 1.000000 -0.000002 0.001031 1.000000 0.000003 0.001032 1.000000 0.000000 0.001033 1.000000 -0.000003 0.001032 1.000000 0.000002 0.001036 1.000000 -0.000002 0.001036 1.000000 0.000003 0.001026 1.000000 -0.000003 0.001033 1.000000 0.000000 0.001044 1.000000 0.000002 0.001028 1.000000 -0.000006 0.001040 1.000000 0.000009 0.001044 1.000000 -0.000000 0.000992 1.000000 -0.000006 0.001026 1.000000 -0.000002 0.000861 1.000000 -0.000038 0.001334 0.999999 0.000027 0.001013 1.000000 -0.000007 0.001026 1.000000 -0.000002 0.001042 1.000000 -0.000004 0.001047 1.000000 0.000002 0.001035 1.000000 0.000003 0.001024 1.000000 -0.000004 0.001035 1.000000 0.000000 0.001041 1.000000 0.000002 0.001031 1.000000 0.000000 0.001030 1.000000 0.000000 0.001032 1.000000 0.000000 0.001030 1.000000 -0.000000 0.001045 1.000000 0.000000 0.001024 1.000000 0.000000 0.001032 1.000000 0.000000 0.001033 1.000000 -0.000000 0.001023 1.000000 0.000000 0.001032 1.000000 -0.000002 0.001046 1.000000 -0.000000 0.001013 1.000000 0.000004 0.001044 1.000000 -0.000003 0.001057 1.000000 -0.000002 0.001028 1.000000 0.000004 0.001023 1.000000 0.000002 0.001029 1.000000 0.000007 0.001232 0.999999 -0.000027 0.707106 -0.000732 0.707107 0.707106 -0.000730 0.707107 0.707106 -0.000731 0.707107 -0.707106 0.000730 -0.707107 -0.707106 0.000731 -0.707107 0.001034 1.000000 0.000000 0.001083 0.999999 -0.000019 0.000986 1.000000 0.000011 0.001033 1.000000 0.000000 0.001034 1.000000 0.000004 0.001033 1.000000 0.000001 0.001032 1.000000 0.000000 0.000917 1.000000 -0.000019 0.001093 1.000000 0.000011 0.001032 1.000000 0.000000 0.001031 1.000000 0.000004 0.001033 1.000000 0.000001 0.001047 1.000000 -0.000007 0.000970 1.000000 0.000008 0.001032 1.000000 -0.000002 0.001013 1.000000 -0.000000 0.001089 0.999999 0.000025 0.001041 1.000000 0.000003 0.001064 1.000000 -0.000014 0.001003 1.000000 -0.000008 0.001057 1.000000 0.000010 0.001037 1.000000 0.000001 0.001046 1.000000 -0.000002 0.001020 1.000000 0.000004 0.001011 1.000000 -0.000001 0.001051 1.000000 -0.000004 0.001013 1.000000 -0.000001 0.001067 1.000000 -0.000001 0.001010 1.000000 -0.000001 0.001051 1.000000 0.000004 0.001038 1.000000 0.000005 0.001017 1.000000 -0.000001 0.001038 1.000000 -0.000005 0.001026 1.000000 0.000000 0.001054 1.000000 -0.000002 0.001011 1.000000 -0.000005 0.001048 1.000000 0.000005 0.001032 1.000000 0.000005 0.001047 1.000000 -0.000005 0.001012 1.000000 -0.000002 0.001035 1.000000 0.000000 0.001030 1.000000 0.000002 0.001042 1.000000 0.000006 0.001041 1.000000 -0.000002 0.001017 1.000000 -0.000003 0.001046 1.000000 -0.000001 0.001008 1.000000 -0.000001 0.001051 1.000000 -0.000001 0.001033 1.000000 0.000005 0.001058 1.000000 -0.000001 0.001020 1.000000 -0.000006 0.001009 1.000000 -0.000002 0.001044 1.000000 0.000001 0.001037 1.000000 0.000010 0.001031 1.000000 0.000006 0.001000 1.000000 -0.000013 0.001027 1.000000 -0.000017 0.001072 1.000000 0.000025 0.001041 1.000000 -0.000000 0.001036 1.000000 -0.000002 0.001048 1.000000 -0.000005 0.001033 1.000000 0.000003 0.001014 1.000000 -0.000001 0.001045 1.000000 -0.000000 0.001043 1.000000 -0.000000 0.001038 1.000000 -0.000001 0.001046 1.000000 0.000001 0.001016 1.000000 -0.000000 0.001039 1.000000 0.000000 0.001027 1.000000 0.000000 0.001032 1.000000 -0.000001 0.001033 1.000000 -0.000004 0.001035 1.000000 -0.000001 0.001028 1.000000 0.000005 0.001030 1.000000 -0.000006 0.001034 1.000000 0.000001 0.001037 1.000000 0.000005 0.001019 1.000000 0.000002 0.001037 1.000000 -0.000001 0.001063 1.000000 -0.000002 0.000997 1.000000 0.000003 0.001043 1.000000 -0.000002 0.001041 1.000000 -0.000001 0.001017 1.000000 -0.000000 0.001022 1.000000 -0.000000 0.001061 1.000000 -0.000001 0.001039 1.000000 0.000001 0.001002 1.000000 -0.000000 0.001066 1.000000 0.000000 0.001033 1.000000 -0.000001 0.001032 1.000000 -0.000004 0.001031 1.000000 -0.000001 0.001034 1.000000 0.000005 0.001027 1.000000 -0.000005 0.001032 1.000000 0.000001 0.001037 1.000000 0.000005 0.001028 1.000000 0.000002 0.001045 1.000000 -0.000001 0.001047 1.000000 -0.000007 0.001018 1.000000 0.000008 0.001031 1.000000 0.000000 0.001000 1.000000 0.000008 0.001055 1.000000 -0.000003 0.001034 1.000000 -0.000001 0.001034 1.000000 0.000003 0.001031 1.000000 0.000000 0.001031 1.000000 -0.000001 0.001083 1.000000 0.000006 0.001026 1.000000 -0.000004 0.001033 1.000000 0.000000 0.001035 1.000000 0.000003 0.001033 1.000000 0.000000 0.001021 1.000000 -0.000003 0.001043 1.000000 0.000002 0.001037 1.000000 -0.000002 0.001041 1.000000 0.000003 0.001011 1.000000 -0.000000 0.001029 1.000000 -0.000000 0.001038 1.000000 -0.000001 0.001047 1.000000 -0.000001 0.001016 1.000000 0.000000 0.001039 1.000000 -0.000000 0.001007 1.000000 -0.000000 0.001033 1.000000 -0.000001 0.001032 1.000000 0.000005 0.001035 1.000000 -0.000001 0.001028 1.000000 -0.000004 0.001031 1.000000 0.000004 0.001032 1.000000 0.000001 0.001021 1.000000 0.000002 0.001031 1.000000 -0.000000 0.001047 1.000000 -0.000006 0.000994 1.000000 0.000010 0.001036 1.000000 0.000000 0.001017 1.000000 -0.000008 0.001041 1.000000 0.000003 0.001036 1.000000 0.000007 0.001028 1.000000 -0.000008 0.001053 1.000000 -0.000005 0.001037 1.000000 0.000001 0.001013 1.000000 -0.000002 0.001058 1.000000 0.000004 0.001040 1.000000 -0.000001 0.001016 1.000000 -0.000004 0.001044 1.000000 -0.000001 0.001017 1.000000 -0.000001 0.001052 1.000000 0.000007 0.001051 1.000000 0.000004 0.001023 1.000000 -0.000002 0.001033 1.000000 -0.000001 0.001036 1.000000 0.000002 0.001042 1.000000 0.000000 0.001027 1.000000 -0.000002 0.001026 1.000000 0.000002 0.001044 1.000000 -0.000002 0.001032 1.000000 -0.000002 0.001026 1.000000 0.000002 0.001028 1.000000 -0.000002 0.001039 1.000000 0.000000 0.001030 1.000000 0.000002 0.001041 1.000000 -0.000001 0.001034 1.000000 -0.000003 0.001043 1.000000 -0.000001 0.001014 1.000000 -0.000001 0.001035 1.000000 0.000005 0.001038 1.000000 0.000009 0.001040 1.000000 -0.000006 0.001009 1.000000 -0.000003 0.001068 1.000000 0.000001 0.001010 1.000000 -0.000005 0.001033 1.000000 0.000006 0.001035 1.000000 0.000007 0.001057 1.000000 0.000003 0.000965 1.000000 -0.000008 0.001003 1.000000 -0.000001 0.001036 1.000000 0.000000 0.001047 1.000000 -0.000006 0.000994 1.000000 0.000010 0.001021 1.000000 -0.000002 0.001069 0.999999 0.000003 0.001005 1.000000 -0.000002 0.001041 1.000000 -0.000001 0.001030 1.000000 -0.000000 0.001035 1.000000 0.000002 0.001061 1.000000 0.000000 0.001021 1.000000 -0.000000 0.001026 1.000000 0.000000 0.001039 1.000000 0.000000 0.001027 1.000000 0.000000 0.001033 1.000000 -0.000001 0.001032 1.000000 0.000005 0.001031 1.000000 -0.000001 0.001034 1.000000 -0.000004 0.001034 1.000000 0.000004 0.001031 1.000000 0.000001 0.001037 1.000000 -0.000006 0.001011 1.000000 0.000002 0.001055 1.000000 -0.000000 -0.001031 -1.000000 0.000000 -0.000994 -1.000000 -0.000010 -0.001062 -1.000000 0.000006 -0.001032 -1.000000 0.000000 -0.001025 -1.000000 -0.000000 -0.001041 -1.000000 0.000000 -0.001033 -1.000000 0.000001 -0.001037 -1.000000 -0.000008 -0.001018 -1.000000 0.000007 -0.001032 -1.000000 0.000000 -0.001015 -1.000000 -0.000000 -0.001049 -1.000000 0.000000 -0.001084 -0.999999 -0.000017 -0.001011 -1.000000 0.000012 -0.001037 -1.000000 -0.000005 -0.001027 -1.000000 -0.000001 -0.001028 -1.000000 0.000006 -0.001038 -1.000000 -0.000005 -0.001032 -1.000000 0.000001 -0.001032 -1.000000 0.000004 -0.001033 -1.000000 -0.000009 -0.001033 -1.000000 0.000010 -0.001031 -1.000000 -0.000004 -0.001019 -1.000000 0.000000 -0.001032 -1.000000 -0.000001 -0.001046 -1.000000 0.000001 -0.001030 -1.000000 0.000000 -0.001030 -1.000000 0.000001 -0.001037 -1.000000 -0.000003 -0.001000 -1.000000 0.000005 -0.001079 -0.999999 -0.000007 -0.001055 -1.000000 0.000019 -0.001040 -1.000000 -0.000001 -0.001012 -1.000000 -0.000024 -0.001032 -1.000000 0.000001 -0.001009 -1.000000 0.000013 -0.001048 -1.000000 0.000017 -0.001053 -1.000000 -0.000010 -0.001032 -1.000000 -0.000006 -0.001037 -1.000000 0.000002 -0.001060 -1.000000 -0.000001 -0.001020 -1.000000 0.000001 -0.001022 -1.000000 0.000006 -0.001033 -1.000000 0.000001 -0.001036 -1.000000 -0.000005 -0.001050 -1.000000 0.000001 -0.001025 -1.000000 0.000001 -0.001018 -1.000000 0.000002 -0.001028 -1.000000 0.000003 -0.001049 -1.000000 -0.000002 -0.001023 -1.000000 -0.000006 -0.001042 -1.000000 0.000002 -0.001038 -1.000000 0.000000 -0.001026 -1.000000 -0.000005 -0.001044 -1.000000 0.000005 -0.001001 -1.000000 0.000005 -0.001035 -1.000000 0.000001 -0.001044 -1.000000 -0.000000 -0.001041 -1.000000 -0.000005 -0.001030 -1.000000 0.000001 -0.001041 -1.000000 0.000005 -0.001024 -1.000000 -0.000004 -0.001035 -1.000000 -0.000005 -0.001029 -1.000000 0.000001 -0.001027 -1.000000 0.000001 -0.001051 -1.000000 0.000004 -0.001012 -1.000000 0.000001 -0.001058 -1.000000 -0.000004 -0.001028 -1.000000 0.000001 -0.001009 -1.000000 -0.000001 -0.001045 -1.000000 0.000002 -0.001037 -1.000000 0.000008 -0.001048 -1.000000 -0.000009 -0.000966 -1.000000 -0.000003 -0.001061 -1.000000 0.000013 -0.001096 -0.999999 -0.000024 -0.001032 -1.000000 -0.000001 -0.001106 -0.999999 -0.000011 -0.000890 -1.000000 0.000019 -0.001021 -1.000000 0.000000 -0.001030 -1.000000 -0.000002 -0.001037 -1.000000 -0.000005 -0.001041 -1.000000 -0.000001 -0.001027 -1.000000 0.000005 -0.001035 -1.000000 -0.000005 -0.001029 -1.000000 0.000001 -0.001033 -1.000000 0.000004 -0.001033 -1.000000 0.000001 -0.001031 -1.000000 -0.000000 -0.001035 -1.000000 -0.000003 -0.001019 -1.000000 0.000000 -0.001041 -1.000000 -0.000001 -0.001022 -1.000000 0.000001 -0.001052 -1.000000 0.000000 -0.001036 -1.000000 0.000000 -0.001032 -1.000000 0.000001 -0.001008 -1.000000 0.000002 -0.001051 -1.000000 -0.000003 -0.001001 -1.000000 0.000002 -0.001034 -1.000000 -0.000000 -0.001018 -1.000000 -0.000010 -0.001047 -1.000000 0.000006 -0.001032 -1.000000 0.000000 -0.001058 -1.000000 -0.000000 -0.001038 -1.000000 -0.000000 -0.001034 -1.000000 -0.000000 -0.000976 -1.000000 -0.000010 -0.001069 -1.000000 0.000006 -0.001033 -1.000000 0.000000 -0.001027 -1.000000 -0.000000 -0.001051 -1.000000 -0.000000 -0.001047 -1.000000 0.000003 -0.000981 -1.000000 -0.000008 -0.001040 -1.000000 -0.000000 -0.001013 -1.000000 0.000008 -0.001012 -1.000000 0.000001 -0.001041 -1.000000 -0.000007 -0.001026 -1.000000 -0.000003 -0.001028 -1.000000 0.000005 -0.001055 -1.000000 -0.000006 -0.001037 -1.000000 0.000002 -0.001024 -1.000000 0.000010 -0.001039 -1.000000 0.000001 -0.001038 -1.000000 -0.000004 -0.001033 -1.000000 -0.000007 -0.001030 -1.000000 0.000004 -0.001050 -1.000000 0.000001 -0.001023 -1.000000 -0.000007 -0.001035 -1.000000 0.000002 -0.001022 -1.000000 0.000003 -0.001008 -1.000000 0.000001 -0.001058 -1.000000 0.000001 -0.001028 -1.000000 -0.000000 -0.001042 -1.000000 0.000001 -0.001016 -1.000000 -0.000002 -0.001032 -1.000000 -0.000002 -0.001038 -1.000000 0.000001 -0.001028 -1.000000 -0.000000 -0.001044 -1.000000 0.000001 -0.001030 -1.000000 0.000001 -0.001051 -1.000000 -0.000002 -0.001024 -1.000000 0.000003 -0.001018 -1.000000 0.000002 -0.001029 -1.000000 -0.000007 -0.001036 -1.000000 0.000001 -0.001051 -1.000000 0.000004 -0.001010 -1.000000 -0.000007 -0.001058 -1.000000 -0.000004 -0.001038 -1.000000 0.000001 -0.001009 -1.000000 0.000010 -0.001046 -1.000000 0.000002 -0.001037 -1.000000 -0.000006 -0.000994 -1.000000 0.000005 -0.001069 -1.000000 -0.000003 -0.001015 -1.000000 -0.000007 -0.001072 -1.000000 0.000001 -0.000908 -1.000000 0.000008 -0.001036 -1.000000 -0.000000 -0.001021 -1.000000 0.000000 -0.001030 -1.000000 -0.000002 -0.001035 -1.000000 0.000006 -0.001034 -1.000000 -0.000001 -0.001033 -1.000000 -0.000004 -0.001031 -1.000000 0.000004 -0.001032 -1.000000 0.000001 -0.001032 -1.000000 -0.000005 -0.001035 -1.000000 0.000001 -0.001032 -1.000000 -0.000000 -0.001035 -1.000000 -0.000003 -0.001019 -1.000000 -0.000000 -0.001015 -1.000000 0.000000 -0.001052 -1.000000 0.000000 -0.001028 -1.000000 -0.000000 -0.001041 -1.000000 -0.000003 -0.001040 -1.000000 0.000001 -0.001008 -1.000000 0.000002 -0.001064 -1.000000 -0.000003 -0.000983 -1.000000 0.000002 -0.001063 -1.000000 0.000000 -0.001019 -1.000000 -0.000002 -0.001032 -1.000000 0.000006 -0.001034 -1.000000 -0.000001 -0.001036 -1.000000 -0.000004 -0.001031 -1.000000 0.000004 -0.001032 -1.000000 0.000001 -0.001032 -1.000000 -0.000005 -0.001035 -1.000000 0.000001 -0.001032 -1.000000 -0.000000 -0.001033 -1.000000 -0.000003 -0.001019 -1.000000 -0.000000 -0.001022 -1.000000 0.000000 -0.001053 -1.000000 0.000000 -0.001070 -1.000000 -0.000003 -0.001012 -1.000000 0.000001 -0.001083 -1.000000 -0.000003 -0.001011 -1.000000 0.000002 -0.001047 -1.000000 0.000003 -0.001012 -1.000000 -0.000008 0.751843 -0.000777 0.659342 0.751839 -0.000777 0.659346 0.659354 -0.000679 0.751832 0.555562 -0.000579 0.831475 0.442299 -0.000456 0.896868 0.442290 -0.000456 0.896872 0.321445 -0.000333 0.946928 0.321447 -0.000333 0.946928 0.195081 -0.000200 0.980787 0.195082 -0.000200 0.980787 0.065399 -0.000068 0.997859 0.065399 -0.000068 0.997859 -0.065396 0.000068 0.997859 -0.065398 0.000068 0.997859 -0.195082 0.000200 0.980787 -0.195080 0.000200 0.980787 -0.321450 0.000333 0.946926 -0.321452 0.000333 0.946926 -0.442300 0.000456 0.896867 -0.442290 0.000456 0.896872 -0.555558 0.000579 0.831478 -0.555553 0.000570 0.831481 -0.659343 0.000679 0.751842 -0.659360 0.000684 0.751827 -0.751832 0.000777 0.659355 -0.831477 0.000857 0.555558 -0.831480 0.000861 0.555554 -0.896870 0.000925 0.442293 -0.896872 0.000927 0.442290 -0.946920 0.000977 0.321467 -0.946930 0.000979 0.321438 -0.980787 0.001013 0.195082 -0.980785 0.001013 0.195090 -0.997858 0.001031 0.065416 -0.997859 0.001032 0.065388 -0.997859 0.001032 -0.065398 -0.997858 0.001031 -0.065406 -0.980786 0.001013 -0.195085 -0.980784 0.001013 -0.195094 -0.946928 0.000979 -0.321445 -0.946927 0.000977 -0.321449 -0.896870 0.000925 -0.442294 -0.896872 0.000927 -0.442289 -0.831477 0.000859 -0.555558 -0.831472 0.000859 -0.555567 -0.751850 0.000775 -0.659334 -0.659351 0.000679 -0.751835 -0.659331 0.000683 -0.751852 -0.555566 0.000574 -0.831472 -0.442293 0.000456 -0.896871 -0.442297 0.000456 -0.896869 -0.321450 0.000337 -0.946926 -0.321452 0.000328 -0.946926 -0.195082 0.000205 -0.980787 -0.195080 0.000200 -0.980787 -0.065397 0.000068 -0.997859 -0.065397 0.000064 -0.997859 0.065399 -0.000064 -0.997859 0.065399 -0.000068 -0.997859 0.195082 -0.000200 -0.980787 0.321445 -0.000328 -0.946928 0.321447 -0.000337 -0.946928 0.442296 -0.000456 -0.896869 0.555549 -0.000574 -0.831484 0.555559 -0.000574 -0.831477 0.659361 -0.000684 -0.751826 0.659346 -0.000679 -0.751839 0.751843 -0.000777 -0.659342 0.751839 -0.000775 -0.659346 0.831466 -0.000859 -0.555575 0.896870 -0.000927 -0.442293 0.896868 -0.000925 -0.442298 0.946932 -0.000977 -0.321434 0.946934 -0.000979 -0.321428 0.980783 -0.001013 -0.195099 0.980788 -0.001014 -0.195075 0.997859 -0.001032 -0.065391 0.997859 -0.001032 0.065397 0.997858 -0.001032 0.065409 0.980790 -0.001013 0.195064 0.980781 -0.001013 0.195110 0.946931 -0.000979 0.321435 0.946934 -0.000977 0.321427 0.896870 -0.000927 0.442293 0.896868 -0.000927 0.442298 0.831477 -0.000861 0.555558 0.831458 -0.000857 0.555587 0.751843 -0.000777 0.659342 0.751838 -0.000777 0.659347 0.659332 -0.000679 0.751851 0.659347 -0.000681 0.751838 0.555578 -0.000574 0.831464 0.555565 -0.000574 0.831473 0.442292 -0.000456 0.896871 0.442292 -0.000460 0.896871 0.321428 -0.000328 0.946934 0.321425 -0.000333 0.946935 0.195103 -0.000205 0.980783 0.195103 -0.000200 0.980783 0.065396 -0.000064 0.997859 0.065399 -0.000068 0.997859 -0.065398 0.000064 0.997859 -0.195099 0.000200 0.980784 -0.195098 0.000205 0.980784 -0.321434 0.000333 0.946932 -0.321435 0.000328 0.946932 -0.442292 0.000460 0.896871 -0.442292 0.000456 0.896871 -0.555567 0.000574 0.831472 -0.659332 0.000681 0.751852 -0.659353 0.000679 0.751834 -0.751833 0.000777 0.659353 -0.751838 0.000775 0.659347 -0.831469 0.000861 0.555570 -0.831478 0.000859 0.555558 -0.896870 0.000925 0.442294 -0.896871 0.000927 0.442291 -0.946928 0.000979 0.321445 -0.946930 0.000977 0.321438 -0.980785 0.001013 0.195089 -0.997859 0.001030 0.065399 -0.997858 0.001031 0.065402 -0.997859 0.001031 -0.065397 -0.997859 0.001031 -0.065401 -0.980785 0.001013 -0.195089 -0.946926 0.000977 -0.321450 -0.946928 0.000979 -0.321444 -0.896871 0.000927 -0.442291 -0.831469 0.000859 -0.555570 -0.751824 0.000779 -0.659363 -0.751847 0.000775 -0.659337 -0.659351 0.000681 -0.751835 -0.659354 0.000681 -0.751833 -0.555570 0.000570 -0.831470 -0.555568 0.000579 -0.831471 -0.442278 0.000456 -0.896878 -0.442276 0.000456 -0.896879 -0.321450 0.000333 -0.946927 -0.321452 0.000333 -0.946926 -0.195082 0.000200 -0.980787 -0.195081 0.000200 -0.980787 -0.065414 0.000068 -0.997858 -0.065416 0.000068 -0.997858 0.065417 -0.000068 -0.997858 0.065415 -0.000064 -0.997858 0.195086 -0.000205 -0.980786 0.195085 -0.000200 -0.980786 0.321439 -0.000333 -0.946930 0.321447 -0.000333 -0.946928 0.442278 -0.000456 -0.896878 0.442277 -0.000460 -0.896878 0.555570 -0.000579 -0.831470 0.555573 -0.000570 -0.831468 0.659360 -0.000681 -0.751827 0.659341 -0.000681 -0.751844 0.751838 -0.000777 -0.659347 0.831464 -0.000861 -0.555579 0.831467 -0.000857 -0.555574 0.896874 -0.000927 -0.442285 0.896870 -0.000927 -0.442293 0.946932 -0.000979 -0.321434 0.946929 -0.000977 -0.321440 0.980783 -0.001013 -0.195101 0.997859 -0.001031 -0.065397 0.997858 -0.001032 -0.065404 0.997857 -0.001032 0.065417 0.997860 -0.001030 0.065387 0.980783 -0.001013 0.195100 0.980783 -0.001013 0.195101 0.946928 -0.000977 0.321445 0.946937 -0.000979 0.321418 0.896863 -0.000927 0.442307 0.896874 -0.000927 0.442286 0.831464 -0.000859 0.555578 0.751842 -0.000777 0.659343 0.751835 -0.000777 0.659351 0.659346 -0.000681 0.751839 0.659351 -0.000680 0.751835 0.555559 -0.000574 0.831477 0.555563 -0.000574 0.831474 0.442300 -0.000457 0.896867 0.442303 -0.000457 0.896866 0.321431 -0.000333 0.946933 0.321429 -0.000331 0.946934 0.195091 -0.000203 0.980785 0.195091 -0.000200 0.980785 0.065398 -0.000067 0.997859 -0.065408 0.000068 0.997859 -0.065407 0.000067 0.997859 -0.195084 0.000202 0.980787 -0.195084 0.000200 0.980787 -0.321444 0.000333 0.946928 -0.321445 0.000331 0.946928 -0.442289 0.000457 0.896872 -0.442288 0.000457 0.896873 -0.555566 0.000574 0.831472 -0.555571 0.000573 0.831469 -0.659347 0.000682 0.751839 -0.659347 0.000680 0.751839 -0.751839 0.000777 0.659346 -0.751840 0.000777 0.659346 -0.831469 0.000860 0.555570 -0.831469 0.000858 0.555570 -0.896872 0.000927 0.442290 -0.896871 0.000927 0.442292 -0.946930 0.000979 0.321439 -0.946929 0.000978 0.321440 -0.980783 0.001013 0.195099 -0.980784 0.001013 0.195094 -0.997859 0.001031 0.065398 -0.997859 0.001031 0.065401 -0.997858 0.001031 -0.065416 -0.997859 0.001031 -0.065392 -0.980781 0.001013 -0.195110 -0.980787 0.001013 -0.195078 -0.946928 0.000979 -0.321445 -0.896865 0.000927 -0.442304 -0.896870 0.000926 -0.442293 -0.831476 0.000858 -0.555560 -0.831476 0.000859 -0.555560 -0.751834 0.000777 -0.659352 -0.751836 0.000777 -0.659350 -0.659352 0.000680 -0.751834 -0.659352 0.000681 -0.751834 -0.555564 0.000574 -0.831473 -0.555561 0.000574 -0.831476 -0.442296 0.000456 -0.896869 -0.442295 0.000458 -0.896869 -0.321439 0.000330 -0.946930 -0.321436 0.000333 -0.946931 -0.195080 0.000203 -0.980787 -0.195082 0.000203 -0.980787 -0.065417 0.000066 -0.997858 -0.065416 0.000068 -0.997858 0.065408 -0.000068 -0.997859 0.065406 -0.000066 -0.997859 0.195091 -0.000200 -0.980785 0.321439 -0.000330 -0.946930 0.442288 -0.000456 -0.896873 0.442289 -0.000458 -0.896872 0.555575 -0.000574 -0.831466 0.555568 -0.000574 -0.831471 0.659346 -0.000681 -0.751840 0.659346 -0.000681 -0.751839 0.751838 -0.000777 -0.659348 0.751835 -0.000777 -0.659351 0.831465 -0.000860 -0.555577 0.831475 -0.000858 -0.555562 0.896874 -0.000926 -0.442285 0.896879 -0.000926 -0.442274 0.946928 -0.000977 -0.321444 0.980788 -0.001013 -0.195075 0.980786 -0.001013 -0.195086 0.997858 -0.001031 -0.065415 0.997859 -0.001031 0.065397 0.997859 -0.001031 0.065396 0.980785 -0.001013 0.195091 0.980784 -0.001014 0.195093 0.946928 -0.000979 0.321444 0.896876 -0.000927 0.442282 0.896867 -0.000926 0.442300 0.831473 -0.000858 0.555564 0.831471 -0.000859 0.555568 0.751839 -0.000776 0.659347 0.751838 -0.000777 0.659347 0.659347 -0.000681 0.751839 0.659350 -0.000681 0.751836 0.555562 -0.000574 0.831475 0.555563 -0.000574 0.831474 0.442296 -0.000457 0.896869 0.442299 -0.000457 0.896868 0.321434 -0.000333 0.946932 0.195086 -0.000202 0.980786 0.195086 -0.000202 0.980786 0.065398 -0.000067 0.997859 -0.065402 0.000068 0.997859 -0.065403 0.000067 0.997859 -0.195079 0.000200 0.980788 -0.195079 0.000203 0.980788 -0.321449 0.000331 0.946927 -0.321449 0.000333 0.946927 -0.442284 0.000457 0.896875 -0.555571 0.000574 0.831469 -0.555568 0.000574 0.831471 -0.659345 0.000681 0.751841 -0.659349 0.000681 0.751837 -0.751839 0.000776 0.659346 -0.751838 0.000777 0.659347 -0.831469 0.000860 0.555570 -0.831469 0.000858 0.555570 -0.896870 0.000927 0.442293 -0.896873 0.000927 0.442288 -0.946929 0.000979 0.321441 -0.946929 0.000978 0.321441 -0.980785 0.001014 0.195091 -0.980785 0.001013 0.195091 -0.997858 0.001031 0.065407 -0.997859 0.001031 0.065400 -0.997858 0.001031 -0.065407 -0.997858 0.001031 -0.065409 -0.980784 0.001013 -0.195092 -0.980784 0.001013 -0.195092 -0.946932 0.000979 -0.321434 -0.946932 0.000978 -0.321434 -0.896868 0.000927 -0.442298 -0.896870 0.000927 -0.442293 -0.831476 0.000859 -0.555560 -0.831476 0.000859 -0.555560 -0.751833 0.000777 -0.659354 -0.751832 0.000776 -0.659355 -0.659354 0.000681 -0.751832 -0.659354 0.000682 -0.751833 -0.555558 0.000573 -0.831478 -0.555554 0.000574 -0.831480 -0.442299 0.000457 -0.896868 -0.321431 0.000333 -0.946933 -0.321432 0.000332 -0.946933 -0.195090 0.000202 -0.980785 -0.195091 0.000202 -0.980785 -0.065407 0.000067 -0.997859 -0.065408 0.000068 -0.997859 0.065397 -0.000067 -0.997859 0.065398 -0.000067 -0.997859 0.195091 -0.000202 -0.980785 0.195091 -0.000202 -0.980785 0.321441 -0.000333 -0.946930 0.321441 -0.000333 -0.946930 0.442289 -0.000457 -0.896872 0.442288 -0.000457 -0.896873 0.555570 -0.000574 -0.831470 0.659346 -0.000680 -0.751839 0.659347 -0.000681 -0.751839 0.751841 -0.000777 -0.659345 0.751839 -0.000776 -0.659346 0.831468 -0.000859 -0.555573 0.831473 -0.000858 -0.555565 0.896873 -0.000926 -0.442287 0.946928 -0.000978 -0.321443 0.946924 -0.000978 -0.321457 0.980786 -0.001013 -0.195084 0.980788 -0.001013 -0.195075 0.997859 -0.001031 -0.065389 0.997858 -0.001031 -0.065410 0.997859 -0.001031 0.065397 0.997859 -0.001031 0.065392 0.980785 -0.001013 0.195091 0.980785 -0.001014 0.195090 0.946930 -0.000979 0.321439 0.946933 -0.000979 0.321428 0.896870 -0.000927 0.442293 0.896867 -0.000926 0.442300 0.831473 -0.000859 0.555564 0.831474 -0.000858 0.555563 -0.707106 0.000732 -0.707107 -0.707106 0.000730 -0.707107 0.707107 -0.000732 0.707106 0.707106 -0.000728 0.707107 0.707106 -0.000731 0.707107 0.707106 -0.000730 0.707107 -0.707106 0.000731 0.707107 -0.707106 0.000730 0.707107 -0.707106 0.000733 0.707107 -0.707107 0.000730 0.707106 -0.707106 0.000728 0.707107 -0.707107 0.000730 0.707106 -0.707107 0.000731 0.707107 -0.707106 0.000732 0.707107 -0.707107 0.000731 0.707107 -0.707106 0.000730 -0.707107 -0.707106 0.000731 -0.707107 0.707106 -0.000730 -0.707107 0.707106 -0.000730 -0.707107 0.707106 -0.000731 -0.707107 0.707106 -0.000729 -0.707107 0.707107 -0.000731 -0.707107 0.707106 -0.000731 -0.707107 0.707107 -0.000730 -0.707106 0.707106 -0.000730 -0.707107 0.707106 -0.000730 -0.707107 0.707106 -0.000731 -0.707107 0.707107 -0.000733 -0.707107 -0.001032 -1.000000 0.000000 -0.001033 -1.000000 0.000000 -0.001039 -1.000000 0.000002 -0.001037 -1.000000 -0.000000 -0.001027 -1.000000 0.000001 -0.001031 -1.000000 -0.000001 -0.001027 -1.000000 -0.000005 -0.001037 -1.000000 0.000009 -0.001037 -1.000000 -0.000007 -0.001025 -1.000000 0.000006 -0.001035 -1.000000 0.000004 -0.001031 -1.000000 -0.000001 -0.001041 -1.000000 0.000004 -0.001029 -1.000000 -0.000004 -0.001035 -1.000000 0.000002 -0.001031 -1.000000 -0.000005 -0.001034 -1.000000 -0.000000 -0.001029 -1.000000 -0.000004 -0.001033 -1.000000 -0.000001 -0.001035 -1.000000 0.000001 -0.001037 -1.000000 -0.000003 -0.001029 -1.000000 0.000001 -0.001037 -1.000000 0.000003 -0.001033 -1.000000 -0.000001 -0.001034 -1.000000 0.000002 -0.001034 -1.000000 -0.000003 -0.001023 -1.000000 0.000004 -0.001038 -1.000000 0.000001 -0.001031 -1.000000 0.000005 -0.001035 -1.000000 -0.000004 -0.001035 -1.000000 -0.000001 -0.001035 -1.000000 -0.000001 -0.001032 -1.000000 -0.000003 -0.001031 -1.000000 -0.000000 -0.001024 -1.000000 0.000000 -0.001033 -1.000000 -0.000005 -0.001035 -1.000000 0.000004 -0.001036 -1.000000 -0.000005 -0.001038 -1.000000 0.000002 -0.001030 -1.000000 0.000000 -0.001026 -1.000000 0.000002 -0.001034 -1.000000 0.000000 -0.001027 -1.000000 -0.000001 -0.001043 -1.000000 -0.000003 -0.001028 -1.000000 0.000003 -0.001030 -1.000000 -0.000001 -0.001034 -1.000000 0.000001 -0.001037 -1.000000 -0.000001 -0.001039 -1.000000 0.000005 -0.001037 -1.000000 -0.000004 -0.001036 -1.000000 -0.000002 -0.001049 -1.000000 0.000001 -0.001018 -1.000000 0.000001 -0.001028 -1.000000 0.000002 -0.001023 -1.000000 -0.000001 -0.001040 -1.000000 0.000002 -0.001032 -1.000000 -0.000002 -0.001031 -1.000000 0.000005 -0.001029 -1.000000 0.000001 -0.001033 -1.000000 -0.000002 -0.001051 -1.000000 -0.000002 -0.001016 -1.000000 0.000004 -0.001034 -1.000000 -0.000002 -0.001038 -1.000000 0.000002 -0.001011 -1.000000 0.000000 -0.001047 -1.000000 -0.000004 -0.001029 -1.000000 0.000001 -0.001037 -1.000000 0.000000 -0.001029 -1.000000 0.000001 -0.001041 -1.000000 -0.000001 -0.001020 -1.000000 -0.000000 -0.001042 -1.000000 0.000000 -0.001028 -1.000000 0.000000 -0.001039 -1.000000 0.000000 -0.001038 -1.000000 0.000000 -0.001026 -1.000000 -0.000000 -0.001055 -1.000000 0.000000 -0.001010 -1.000000 0.000000 -0.001016 -1.000000 -0.000002 -0.001037 -1.000000 -0.000000 -0.001044 -1.000000 -0.000000 -0.001026 -1.000000 -0.000000 -0.001058 -1.000000 0.000003 -0.001022 -1.000000 -0.000001 -0.001013 -1.000000 0.000001 -0.001050 -1.000000 0.000000 -0.001026 -1.000000 0.000000 -0.001040 -1.000000 -0.000001 -0.001022 -1.000000 0.000001 -0.001050 -1.000000 0.000000 -0.001027 -1.000000 -0.000001 -0.001026 -1.000000 -0.000003 -0.001044 -1.000000 -0.000001 -0.001028 -1.000000 0.000000 -0.001033 -1.000000 -0.000001 -0.001037 -1.000000 0.000004 -0.001035 -1.000000 -0.000006 -0.001020 -1.000000 0.000000 -0.001024 -1.000000 -0.000001 -0.001025 -1.000000 -0.000003 -0.001060 -1.000000 0.000004 -0.001028 -1.000000 0.000000 -0.001047 -1.000000 0.000006 -0.001010 -1.000000 -0.000002 -0.001043 -1.000000 -0.000001 -0.001037 -1.000000 0.000006 -0.001033 -1.000000 0.000003 -0.001028 -1.000000 0.000003 -0.001035 -1.000000 -0.000000 -0.001041 -1.000000 0.000000 -0.001024 -1.000000 -0.000004 -0.001047 -1.000000 0.000000 -0.001013 -1.000000 0.000001 -0.001047 -1.000000 -0.000004 -0.001029 -1.000000 -0.000003 -0.001040 -1.000000 0.000001 -0.001031 -1.000000 0.000000 -0.001028 -1.000000 -0.000004 -0.001033 -1.000000 -0.000003 -0.001032 -1.000000 -0.000001 -0.001032 -1.000000 0.000003 -0.001033 -1.000000 0.000001 -0.001032 -1.000000 0.000002 -0.001034 -1.000000 -0.000005 -0.001031 -1.000000 -0.000000 -0.001038 -1.000000 0.000007 -0.001035 -1.000000 -0.000007 -0.001034 -1.000000 0.000004 -0.001033 -1.000000 -0.000000 -0.001031 -1.000000 0.000002 -0.001029 -1.000000 -0.000007 -0.001034 -1.000000 0.000001 -0.001032 -1.000000 0.000005 -0.001034 -1.000000 -0.000004 -0.001034 -1.000000 0.000002 -0.001034 -1.000000 0.000000 -0.001035 -1.000000 -0.000003 -0.001032 -1.000000 0.000007 -0.001019 -1.000000 -0.000000 -0.001034 -1.000000 0.000002 -0.001041 -1.000000 0.000001 -0.001029 -1.000000 -0.000002 -0.001043 -1.000000 0.000001 -0.001039 -1.000000 0.000005 -0.001029 -1.000000 -0.000006 -0.001029 -1.000000 0.000006 -0.001035 -1.000000 -0.000000 -0.001019 -1.000000 0.000001 -0.001047 -1.000000 -0.000002 -0.001031 -1.000000 -0.000002 -0.001029 -1.000000 0.000001 -0.001035 -1.000000 -0.000001 -0.001040 -1.000000 -0.000003 -0.001019 -1.000000 0.000005 -0.001034 -1.000000 -0.000003 -0.001043 -1.000000 -0.000001 -0.001021 -1.000000 0.000001 -0.001048 -1.000000 0.000000 -0.001033 -1.000000 -0.000001 -0.001040 -1.000000 -0.000002 -0.001043 -1.000000 -0.000000 -0.001018 -1.000000 0.000002 -0.001018 -1.000000 -0.000001 -0.001045 -1.000000 -0.000003 -0.001021 -1.000000 0.000003 -0.001036 -1.000000 -0.000001 -0.001050 -1.000000 -0.000001 -0.001033 -1.000000 0.000000 -0.001031 -1.000000 0.000000 -0.001033 -1.000000 -0.000001 -0.001003 -1.000000 0.000000 -0.001051 -1.000000 -0.000002 -0.001045 -1.000000 0.000000 -0.001003 -1.000000 0.000001 -0.001036 -1.000000 0.000000 -0.001032 -1.000000 0.000000 -0.001036 -1.000000 0.000000 -0.001034 -1.000000 0.000000 -0.001030 -1.000000 0.000000 -0.001026 -1.000000 -0.000000 -0.001022 -1.000000 0.000001 -0.001038 -1.000000 0.000001 -0.001022 -1.000000 0.000000 -0.001048 -1.000000 0.000000 -0.001015 -1.000000 -0.000000 -0.001052 -1.000000 -0.000001 -0.001031 -1.000000 0.000001 -0.001025 -1.000000 -0.000002 -0.001045 -1.000000 0.000002 -0.001029 -1.000000 0.000000 -0.001043 -1.000000 -0.000001 -0.001025 -1.000000 0.000002 -0.001028 -1.000000 -0.000002 -0.001038 -1.000000 -0.000000 -0.001034 -1.000000 -0.000003 -0.001042 -1.000000 0.000002 -0.001017 -1.000000 -0.000002 -0.001039 -1.000000 0.000001 -0.001046 -1.000000 0.000006 -0.001024 -1.000000 -0.000003 -0.001027 -1.000000 0.000001 -0.001051 -1.000000 0.000000 -0.001038 -1.000000 -0.000004 -0.001033 -1.000000 0.000002 -0.001028 -1.000000 0.000001 -0.001028 -1.000000 0.000000 -0.001040 -1.000000 0.000002 -0.001027 -1.000000 -0.000003 -0.001037 -1.000000 0.000003 -0.001030 -1.000000 0.000000 -0.001028 -1.000000 -0.000005 -0.001032 -1.000000 0.000008 -0.001035 -1.000000 -0.000002 -0.001032 -1.000000 -0.000002 0.419215 -0.000436 -0.907887 0.482760 -0.000499 -0.875752 0.482711 -0.000491 -0.875780 0.542673 -0.000563 -0.839944 0.542691 -0.000559 -0.839932 0.600947 -0.000622 -0.799289 0.600984 -0.000619 -0.799261 0.600953 -0.000622 -0.799284 0.542658 -0.000563 -0.839953 0.542670 -0.000561 -0.839946 0.482728 -0.000508 -0.875770 0.482703 -0.000498 -0.875784 0.419228 -0.000432 -0.907881 0.419228 -0.000433 -0.907881 0.146512 -0.000158 -0.989209 0.216446 -0.000231 -0.976295 0.216424 -0.000216 -0.976299 0.284023 -0.000286 -0.958817 0.284036 -0.000295 -0.958813 0.351444 -0.000357 -0.936209 0.351496 -0.000362 -0.936189 0.351445 -0.000383 -0.936208 0.284013 -0.000305 -0.958820 0.284002 -0.000292 -0.958824 0.216446 -0.000231 -0.976295 0.216398 -0.000222 -0.976305 0.146514 -0.000152 -0.989209 0.146518 -0.000149 -0.989208 -0.138148 0.000142 -0.990412 -0.067394 0.000074 -0.997726 -0.067394 0.000068 -0.997726 0.002393 -0.000005 -0.999997 0.002393 -0.000002 -0.999997 0.073459 -0.000075 -0.997298 0.073460 -0.000077 -0.997298 0.073463 -0.000071 -0.997298 0.002393 0.000000 -0.999997 0.002393 -0.000003 -0.999997 -0.067394 0.000074 -0.997726 -0.067397 0.000069 -0.997726 -0.138141 0.000143 -0.990413 -0.138148 0.000143 -0.990412 -0.411659 0.000407 -0.911338 -0.345748 0.000323 -0.938328 -0.345798 0.000358 -0.938309 -0.279412 0.000286 -0.960171 -0.279456 0.000283 -0.960159 -0.210441 0.000214 -0.977607 -0.210486 0.000218 -0.977597 -0.210436 0.000225 -0.977608 -0.279411 0.000286 -0.960171 -0.279401 0.000303 -0.960175 -0.345759 0.000369 -0.938323 -0.345709 0.000357 -0.938342 -0.411671 0.000432 -0.911332 -0.411542 0.000424 -0.911391 -0.651658 0.000672 -0.758513 -0.596092 0.000619 -0.802916 -0.596122 0.000616 -0.802894 -0.538578 0.000558 -0.842576 -0.538576 0.000560 -0.842577 -0.477453 0.000497 -0.878657 -0.477390 0.000493 -0.878692 -0.477444 0.000483 -0.878662 -0.538563 0.000526 -0.842585 -0.538625 0.000561 -0.842546 -0.596108 0.000614 -0.802904 -0.596117 0.000617 -0.802897 -0.651652 0.000671 -0.758518 -0.651671 0.000674 -0.758501 -0.838992 0.000865 -0.544143 -0.798154 0.000822 -0.602453 -0.798174 0.000826 -0.602427 -0.754185 0.000780 -0.656661 -0.754170 0.000779 -0.656678 -0.705610 0.000727 -0.708600 -0.705624 0.000729 -0.708586 -0.705609 0.000733 -0.708601 -0.754172 0.000775 -0.656676 -0.754157 0.000781 -0.656694 -0.798130 0.000824 -0.602485 -0.798190 0.000827 -0.602405 -0.838993 0.000869 -0.544142 -0.838967 0.000866 -0.544181 -0.958268 0.000996 -0.285869 -0.935574 0.000969 -0.353130 -0.935544 0.000970 -0.353210 -0.908642 0.000946 -0.417574 -0.908618 0.000942 -0.417627 -0.876681 0.000908 -0.481071 -0.876653 0.000906 -0.481123 -0.876672 0.000901 -0.481088 -0.908636 0.000928 -0.417587 -0.908646 0.000930 -0.417566 -0.935553 0.000960 -0.353185 -0.935589 0.000966 -0.353091 -0.958262 0.000988 -0.285889 -0.958312 0.000990 -0.285721 -0.999991 0.001040 -0.004178 -0.997164 0.001036 -0.075254 -0.997164 0.001031 -0.075251 -0.989474 0.001022 -0.144708 -0.989483 0.001021 -0.144645 -0.976686 0.001008 -0.214671 -0.976683 0.001009 -0.214685 -0.976689 0.001014 -0.214658 -0.989479 0.001026 -0.144677 -0.989474 0.001022 -0.144707 -0.997164 0.001030 -0.075251 -0.997159 0.001028 -0.075323 -0.999991 0.001031 -0.004228 -0.999991 0.001033 -0.004215 -0.960689 0.001004 0.277624 -0.977972 0.001018 0.208736 -0.977981 0.001013 0.208690 -0.990153 0.001025 0.139983 -0.990149 0.001022 0.140011 -0.997603 0.001030 0.069187 -0.997602 0.001031 0.069200 -0.997602 0.001033 0.069202 -0.990148 0.001027 0.140024 -0.990164 0.001021 0.139908 -0.977966 0.001010 0.208764 -0.977980 0.001006 0.208694 -0.960686 0.000989 0.277635 -0.960688 0.000993 0.277627 -0.843519 0.000871 0.537099 -0.879549 0.000900 0.475807 -0.879531 0.000903 0.475841 -0.910633 0.000935 0.413216 -0.910602 0.000937 0.413283 -0.937723 0.000965 0.347383 -0.937673 0.000968 0.347519 -0.937717 0.000983 0.347399 -0.910626 0.000955 0.413230 -0.910661 0.000945 0.413154 -0.879541 0.000912 0.475822 -0.879563 0.000912 0.475782 -0.843527 0.000872 0.537087 -0.843525 0.000871 0.537089 -0.658003 0.000682 0.753015 -0.709921 0.000739 0.704281 -0.709874 0.000734 0.704328 -0.757344 0.000782 0.653015 -0.757317 0.000784 0.653047 -0.801789 0.000828 0.597607 -0.801803 0.000828 0.597589 -0.801776 0.000826 0.597625 -0.757332 0.000785 0.653029 -0.757325 0.000780 0.653038 -0.709914 0.000729 0.704288 -0.709916 0.000734 0.704286 -0.657990 0.000678 0.753026 -0.658079 0.000680 0.752949 -0.419243 0.000435 0.907874 -0.482715 0.000498 0.875777 -0.482726 0.000497 0.875772 -0.542672 0.000568 0.839944 -0.542648 0.000565 0.839960 -0.600983 0.000625 0.799261 -0.600977 0.000621 0.799266 -0.600971 0.000602 0.799271 -0.542658 0.000545 0.839953 -0.542656 0.000554 0.839955 -0.482728 0.000498 0.875770 -0.482683 0.000499 0.875795 -0.419247 0.000432 0.907872 -0.419228 0.000433 0.907881 -0.146512 0.000148 0.989209 -0.216446 0.000222 0.976294 -0.216424 0.000224 0.976299 -0.284023 0.000291 0.958818 -0.284071 0.000291 0.958803 -0.351444 0.000361 0.936209 -0.351457 0.000362 0.936204 -0.351459 0.000365 0.936203 -0.284023 0.000295 0.958817 -0.284043 0.000294 0.958812 -0.216453 0.000222 0.976293 -0.216403 0.000223 0.976304 -0.146518 0.000152 0.989208 -0.146512 0.000152 0.989209 0.138148 -0.000143 0.990412 0.067394 -0.000074 0.997726 0.067394 -0.000068 0.997726 -0.002393 0.000005 0.999997 -0.002393 0.000001 0.999997 -0.073463 0.000078 0.997298 -0.073457 0.000076 0.997298 -0.073460 0.000073 0.997298 -0.002393 0.000000 0.999997 -0.002393 0.000004 0.999997 0.067394 -0.000069 0.997726 0.067392 -0.000071 0.997727 0.138148 -0.000143 0.990412 0.138138 -0.000143 0.990413 0.411674 -0.000438 0.911331 0.345737 -0.000360 0.938331 0.345817 -0.000365 0.938302 0.279401 -0.000295 0.960174 0.279428 -0.000290 0.960167 0.210441 -0.000221 0.977607 0.210486 -0.000216 0.977597 0.210436 -0.000214 0.977608 0.279422 -0.000277 0.960168 0.279390 -0.000286 0.960178 0.345747 -0.000355 0.938328 0.345756 -0.000352 0.938325 0.411672 -0.000423 0.911332 0.411555 -0.000425 0.911385 0.651676 -0.000680 0.758497 0.596074 -0.000628 0.802929 0.596140 -0.000615 0.802880 0.538560 -0.000558 0.842587 0.538588 -0.000553 0.842569 0.477463 -0.000488 0.878652 0.477359 -0.000494 0.878709 0.477475 -0.000505 0.878645 0.538582 -0.000554 0.842573 0.538624 -0.000562 0.842546 0.596089 -0.000614 0.802918 0.596117 -0.000613 0.802897 0.651676 -0.000672 0.758497 0.651635 -0.000673 0.758533 0.838992 -0.000871 0.544143 0.798155 -0.000826 0.602452 0.798173 -0.000825 0.602428 0.754166 -0.000782 0.656684 0.754152 -0.000776 0.656700 0.705657 -0.000731 0.708553 0.705624 -0.000730 0.708586 0.705651 -0.000724 0.708559 0.754135 -0.000775 0.656719 0.754176 -0.000781 0.656672 0.798129 -0.000824 0.602486 0.798167 -0.000825 0.602435 0.838982 -0.000866 0.544159 0.838984 -0.000867 0.544155 0.958268 -0.000978 0.285868 0.935573 -0.000955 0.353131 0.935538 -0.000963 0.353224 0.908642 -0.000935 0.417574 0.908618 -0.000935 0.417627 0.876692 -0.000900 0.481052 0.876653 -0.000905 0.481123 0.876687 -0.000923 0.481060 0.908637 -0.000951 0.417586 0.908660 -0.000943 0.417536 0.935553 -0.000972 0.353184 0.935569 -0.000969 0.353144 0.958269 -0.000994 0.285866 0.958306 -0.000990 0.285743 0.999990 -0.001027 0.004290 0.997164 -0.001024 0.075253 0.997164 -0.001029 0.075251 0.989480 -0.001021 0.144665 0.989476 -0.001024 0.144691 0.976684 -0.001011 0.214681 0.976699 -0.001009 0.214614 0.976687 -0.001002 0.214667 0.989479 -0.001015 0.144670 0.989469 -0.001024 0.144743 0.997164 -0.001032 0.075251 0.997164 -0.001031 0.075250 0.999991 -0.001034 0.004253 0.999991 -0.001033 0.004215 0.960702 -0.000980 -0.277579 0.977969 -0.000999 -0.208746 0.977980 -0.001008 -0.208698 0.990148 -0.001022 -0.140019 0.990160 -0.001024 -0.139939 0.997602 -0.001032 -0.069212 0.997602 -0.001031 -0.069200 0.997602 -0.001028 -0.069203 0.990158 -0.001019 -0.139952 0.990159 -0.001024 -0.139944 0.977964 -0.001013 -0.208773 0.977974 -0.001014 -0.208727 0.960703 -0.000997 -0.277577 0.960672 -0.000992 -0.277684 0.843468 -0.000883 -0.537178 0.879565 -0.000919 -0.475778 0.879531 -0.000912 -0.475841 0.910633 -0.000946 -0.413216 0.910602 -0.000944 -0.413284 0.937723 -0.000973 -0.347384 0.937697 -0.000969 -0.347453 0.937729 -0.000958 -0.347365 0.910627 -0.000928 -0.413229 0.910647 -0.000937 -0.413185 0.879541 -0.000902 -0.475822 0.879573 -0.000908 -0.475763 0.843470 -0.000867 -0.537175 0.843542 -0.000872 -0.537062 0.658020 -0.000692 -0.753000 0.709882 -0.000738 -0.704320 0.709893 -0.000735 -0.704309 0.757289 -0.000785 -0.653079 0.757329 -0.000781 -0.653033 0.801824 -0.000828 -0.597560 0.801785 -0.000828 -0.597612 0.801827 -0.000829 -0.597556 0.757312 -0.000785 -0.653053 0.757307 -0.000784 -0.653058 0.709915 -0.000734 -0.704287 0.709879 -0.000730 -0.704323 0.658028 -0.000678 -0.752993 0.658042 -0.000679 -0.752981 0.419243 -0.000433 -0.907874 0.482696 -0.000508 -0.875788 0.482701 -0.000497 -0.875785 0.542686 -0.000558 -0.839935 0.542671 -0.000556 -0.839946 0.600971 -0.000616 -0.799270 0.600995 -0.000620 -0.799253 0.600959 -0.000638 -0.799280 0.542688 -0.000572 -0.839934 0.542655 -0.000563 -0.839955 0.482709 -0.000498 -0.875781 0.482703 -0.000499 -0.875784 0.419228 -0.000435 -0.907881 0.419228 -0.000432 -0.907881 0.146515 -0.000147 -0.989209 0.216404 -0.000222 -0.976304 0.216403 -0.000224 -0.976304 0.284063 -0.000295 -0.958806 0.284037 -0.000294 -0.958813 0.351453 -0.000361 -0.936206 0.351484 -0.000366 -0.936194 0.351451 -0.000356 -0.936206 0.284059 -0.000295 -0.958807 0.284023 -0.000293 -0.958818 0.216407 -0.000222 -0.976303 0.216403 -0.000226 -0.976304 0.146514 -0.000149 -0.989209 0.146521 -0.000155 -0.989208 -0.138145 0.000146 -0.990412 -0.067393 0.000055 -0.997727 -0.067392 0.000075 -0.997727 0.002393 -0.000009 -0.999997 0.002393 0.000002 -0.999997 0.073459 -0.000073 -0.997298 0.073461 -0.000089 -0.997298 0.002393 -0.000007 -0.999997 -0.067393 0.000074 -0.997727 -0.067392 0.000068 -0.997727 -0.138148 0.000143 -0.990412 -0.138146 0.000142 -0.990412 -0.411666 0.000413 -0.911335 -0.345743 0.000351 -0.938329 -0.345811 0.000350 -0.938304 -0.279406 0.000286 -0.960173 -0.279428 0.000290 -0.960167 -0.210441 0.000218 -0.977607 -0.210482 0.000217 -0.977598 -0.210439 0.000221 -0.977607 -0.279401 0.000295 -0.960175 -0.279391 0.000288 -0.960177 -0.345741 0.000360 -0.938330 -0.345755 0.000362 -0.938325 -0.411662 0.000432 -0.911337 -0.411569 0.000424 -0.911378 -0.651675 0.000666 -0.758498 -0.596105 0.000618 -0.802907 -0.538578 0.000554 -0.842576 -0.538598 0.000561 -0.842563 -0.477443 0.000500 -0.878663 -0.477374 0.000492 -0.878700 -0.477447 0.000477 -0.878660 -0.538580 0.000563 -0.842574 -0.538625 0.000550 -0.842546 -0.596089 0.000618 -0.802918 -0.596129 0.000615 -0.802888 -0.651676 0.000675 -0.758497 -0.651635 0.000673 -0.758533 -0.838992 0.000860 -0.544143 -0.798118 0.000822 -0.602500 -0.798173 0.000825 -0.602427 -0.754167 0.000785 -0.656682 -0.754158 0.000779 -0.656693 -0.705622 0.000731 -0.708588 -0.705624 0.000728 -0.708586 -0.705629 0.000729 -0.708581 -0.754174 0.000775 -0.656674 -0.754176 0.000776 -0.656672 -0.798165 0.000822 -0.602438 -0.798155 0.000828 -0.602452 -0.838993 0.000870 -0.544142 -0.838967 0.000866 -0.544181 -0.958289 0.001002 -0.285800 -0.935548 0.000979 -0.353197 -0.935551 0.000971 -0.353191 -0.908642 0.000944 -0.417575 -0.908628 0.000940 -0.417606 -0.876681 0.000908 -0.481071 -0.876653 0.000906 -0.481123 -0.876671 0.000891 -0.481089 -0.908650 0.000932 -0.417558 -0.908646 0.000933 -0.417566 -0.935553 0.000958 -0.353185 -0.935561 0.000965 -0.353166 -0.958283 0.000985 -0.285821 -0.958296 0.000990 -0.285777 -0.999991 0.001038 -0.004253 -0.997164 0.001035 -0.075254 -0.997162 0.001030 -0.075287 -0.989480 0.001022 -0.144665 -0.989476 0.001021 -0.144692 -0.976684 0.001009 -0.214681 -0.976691 0.001008 -0.214650 -0.976679 0.001012 -0.214702 -0.989479 0.001027 -0.144670 -0.989479 0.001022 -0.144671 -0.997164 0.001030 -0.075251 -0.997162 0.001029 -0.075274 -0.999991 0.001031 -0.004253 -0.999991 0.001033 -0.004215 -0.960692 0.001001 0.277613 -0.977970 0.001018 0.208745 -0.977972 0.001013 0.208734 -0.990148 0.001025 0.140019 -0.990163 0.001021 0.139915 -0.997602 0.001029 0.069212 -0.997605 0.001033 0.069166 -0.990153 0.001027 0.139988 -0.990154 0.001021 0.139980 -0.977971 0.001007 0.208738 -0.977974 0.001006 0.208727 -0.960703 0.000989 0.277577 -0.960672 0.000992 0.277684 -0.843503 0.000866 0.537123 -0.879547 0.000904 0.475812 -0.910619 0.000935 0.413246 -0.910630 0.000937 0.413222 -0.937723 0.000964 0.347383 -0.937685 0.000968 0.347485 -0.937717 0.000982 0.347399 -0.910627 0.000951 0.413229 -0.910660 0.000946 0.413155 -0.879556 0.000912 0.475794 -0.879552 0.000911 0.475801 -0.843504 0.000874 0.537122 -0.843525 0.000871 0.537089 -0.658020 0.000674 0.753000 -0.709919 0.000720 0.704283 -0.709874 0.000734 0.704328 -0.757326 0.000780 0.653037 -0.757317 0.000783 0.653047 -0.801800 0.000827 0.597592 -0.801803 0.000829 0.597588 -0.801792 0.000829 0.597603 -0.757331 0.000775 0.653030 -0.757325 0.000783 0.653038 -0.709896 0.000734 0.704306 -0.709904 0.000736 0.704298 -0.658015 0.000684 0.753004 -0.658060 0.000678 0.752965 -0.419216 0.000439 0.907887 -0.482745 0.000498 0.875761 -0.482727 0.000504 0.875771 -0.542638 0.000558 0.839967 -0.542680 0.000562 0.839939 -0.600971 0.000619 0.799271 -0.600966 0.000620 0.799274 -0.600969 0.000624 0.799272 -0.542658 0.000554 0.839953 -0.542687 0.000562 0.839935 -0.482727 0.000494 0.875771 -0.482703 0.000498 0.875784 -0.419218 0.000432 0.907885 -0.419243 0.000432 0.907874 -0.146518 0.000149 0.989208 -0.216445 0.000222 0.976295 -0.216424 0.000226 0.976299 -0.284028 0.000300 0.958816 -0.284064 0.000293 0.958805 -0.351445 0.000364 0.936209 -0.351451 0.000363 0.936206 -0.351450 0.000363 0.936206 -0.284022 0.000295 0.958818 -0.284044 0.000287 0.958811 -0.216445 0.000222 0.976295 -0.216409 0.000225 0.976303 -0.146514 0.000152 0.989209 -0.146515 0.000151 0.989209 0.138099 -0.000121 0.990419 0.067439 -0.000074 0.997723 0.067394 -0.000075 0.997726 -0.002393 0.000000 0.999997 -0.002393 0.000003 0.999997 -0.073459 0.000078 0.997298 -0.073458 0.000075 0.997298 -0.073460 0.000072 0.997298 -0.002393 0.000000 0.999997 -0.002393 0.000004 0.999997 0.067439 -0.000065 0.997723 0.067409 -0.000068 0.997726 0.138097 -0.000149 0.990419 0.138148 -0.000144 0.990412 0.411621 -0.000443 0.911355 0.345779 -0.000378 0.938316 0.345786 -0.000359 0.938313 0.279406 -0.000295 0.960173 0.279475 -0.000292 0.960153 0.210435 -0.000221 0.977608 0.210486 -0.000217 0.977597 0.210440 -0.000208 0.977607 0.279407 -0.000295 0.960173 0.279401 -0.000274 0.960175 0.345786 -0.000351 0.938314 0.345730 -0.000355 0.938334 0.411625 -0.000420 0.911353 0.411576 -0.000424 0.911375 0.651658 -0.000666 0.758513 0.596093 -0.000619 0.802915 0.596113 -0.000611 0.802900 0.538585 -0.000554 0.842571 0.538589 -0.000552 0.842569 0.477442 -0.000491 0.878663 0.477409 -0.000492 0.878681 0.477451 -0.000507 0.878658 0.538578 -0.000572 0.842575 0.538603 -0.000561 0.842560 0.596091 -0.000623 0.802917 0.596117 -0.000617 0.802898 0.651664 -0.000671 0.758508 0.651653 -0.000675 0.758517 0.838991 -0.000874 0.544144 0.798145 -0.000831 0.602465 0.798156 -0.000824 0.602450 0.754148 -0.000785 0.656705 0.754171 -0.000774 0.656678 0.705657 -0.000727 0.708553 0.705605 -0.000729 0.708605 0.705643 -0.000739 0.708567 0.754135 -0.000794 0.656719 0.754185 -0.000780 0.656661 0.798148 -0.000822 0.602461 0.798151 -0.000823 0.602457 0.838993 -0.000867 0.544142 0.838976 -0.000865 0.544168 0.958274 -0.000983 0.285851 0.935561 -0.000955 0.353164 0.935544 -0.000962 0.353210 0.908650 -0.000932 0.417559 0.908613 -0.000935 0.417638 0.876671 -0.000903 0.481090 0.876663 -0.000905 0.481104 0.876679 -0.000911 0.481075 0.908643 -0.000946 0.417573 0.908652 -0.000947 0.417552 0.935547 -0.000974 0.353201 0.935580 -0.000969 0.353112 0.958276 -0.000992 0.285843 0.958292 -0.000990 0.285790 0.999991 -0.001029 0.004253 0.997165 -0.001026 0.075235 0.997161 -0.001030 0.075287 0.989485 -0.001021 0.144635 0.989476 -0.001024 0.144694 0.976691 -0.001010 0.214647 0.976691 -0.001009 0.214650 0.976689 -0.001005 0.214658 0.989481 -0.001018 0.144658 0.989477 -0.001023 0.144689 0.997166 -0.001031 0.075232 0.997164 -0.001031 0.075250 0.999991 -0.001035 0.004253 0.999991 -0.001033 0.004234 0.960690 -0.000978 -0.277623 0.977972 -0.001002 -0.208736 0.977978 -0.001007 -0.208707 0.990153 -0.001020 -0.139983 0.990156 -0.001024 -0.139963 0.997603 -0.001031 -0.069187 0.997602 -0.001030 -0.069200 0.997602 -0.001027 -0.069203 0.990153 -0.001020 -0.139989 0.990159 -0.001026 -0.139943 0.977969 -0.001012 -0.208747 0.977970 -0.001014 -0.208742 0.960686 -0.000996 -0.277635 0.960673 -0.000993 -0.277679 0.843494 -0.000878 -0.537138 0.879549 -0.000923 -0.475808 0.879539 -0.000912 -0.475827 0.910619 -0.000946 -0.413246 0.910621 -0.000944 -0.413242 0.937723 -0.000971 -0.347384 0.937691 -0.000969 -0.347469 0.937723 -0.000960 -0.347382 0.910634 -0.000928 -0.413213 0.910646 -0.000936 -0.413186 0.879549 -0.000905 -0.475808 0.879563 -0.000903 -0.475782 0.843493 -0.000867 -0.537140 0.843542 -0.000872 -0.537062 0.658032 -0.000681 -0.752990 0.709900 -0.000738 -0.704302 0.709905 -0.000733 -0.704297 0.757335 -0.000780 -0.653027 0.757317 -0.000782 -0.653047 0.801812 -0.000827 -0.597576 0.801794 -0.000830 -0.597600 0.801809 -0.000826 -0.597580 0.757330 -0.000775 -0.653031 0.757325 -0.000785 -0.653037 0.709896 -0.000734 -0.704306 0.709906 -0.000732 -0.704296 0.658028 -0.000681 -0.752993 0.658007 -0.000678 -0.753011 -0.001028 -1.000000 -0.000001 -0.001035 -1.000000 0.000000 -0.001035 -1.000000 -0.000002 -0.001033 -1.000000 -0.000000 -0.001085 -0.999999 -0.000001 -0.000989 -1.000000 0.000000 -0.001065 -1.000000 -0.000001 -0.001026 -1.000000 -0.000001 -0.001009 -1.000000 0.000002 -0.001056 -1.000000 -0.000003 -0.001026 -1.000000 0.000000 -0.001011 -1.000000 0.000002 -0.001018 -1.000000 0.000001 -0.001036 -1.000000 -0.000001 -0.001030 -1.000000 -0.000002 -0.001025 -1.000000 0.000004 -0.001032 -1.000000 0.000002 -0.001043 -1.000000 -0.000001 -0.001027 -1.000000 0.000000 -0.001038 -1.000000 0.000000 -0.001033 -1.000000 0.000001 -0.001034 -1.000000 -0.000004 -0.001039 -1.000000 0.000004 -0.001024 -1.000000 -0.000004 -0.001028 -1.000000 0.000004 -0.001041 -1.000000 0.000001 -0.001039 -1.000000 -0.000005 -0.001030 -1.000000 0.000006 -0.001029 -1.000000 0.000000 -0.001032 -1.000000 0.000001 -0.001033 -1.000000 0.000001 -0.001038 -1.000000 -0.000002 -0.001028 -1.000000 0.000002 -0.001047 -1.000000 0.000006 -0.001019 -1.000000 -0.000000 -0.001034 -1.000000 -0.000004 -0.001033 -1.000000 0.000001 -0.001030 -1.000000 -0.000000 -0.001034 -1.000000 0.000001 -0.001035 -1.000000 0.000001 -0.001033 -1.000000 -0.000006 -0.001034 -1.000000 0.000001 -0.001028 -1.000000 0.000001 -0.001033 -1.000000 -0.000005 -0.001034 -1.000000 0.000001 -0.001033 -1.000000 -0.000003 -0.001032 -1.000000 0.000001 -0.001033 -1.000000 -0.000002 -0.001034 -1.000000 -0.000007 -0.001032 -1.000000 -0.000004 -0.001033 -1.000000 0.000011 -0.001033 -1.000000 -0.000003 -0.001033 -1.000000 0.000001 -0.001033 -1.000000 -0.000000 -0.001033 -1.000000 0.000002 -0.001032 -1.000000 0.000002 -0.001033 -1.000000 0.000000 -0.001034 -1.000000 -0.000001 -0.001035 -1.000000 -0.000000 -0.001031 -1.000000 -0.000000 -0.001031 -1.000000 0.000003 -0.001025 -1.000000 0.000001 -0.001041 -1.000000 -0.000003 -0.001031 -1.000000 0.000003 -0.001040 -1.000000 -0.000004 -0.001033 -1.000000 -0.000002 -0.001033 -1.000000 0.000002 -0.001035 -1.000000 0.000001 -0.001032 -1.000000 -0.000001 -0.001030 -1.000000 0.000001 -0.001034 -1.000000 -0.000000 -0.001034 -1.000000 -0.000002 -0.001035 -1.000000 -0.000001 -0.001035 -1.000000 -0.000003 -0.001030 -1.000000 0.000001 -0.001033 -1.000000 0.000004 -0.001032 -1.000000 -0.000002 -0.001035 -1.000000 0.000001 -0.001031 -1.000000 0.000002 -0.001031 -1.000000 -0.000000 -0.001034 -1.000000 0.000001 -0.001033 -1.000000 -0.000002 -0.001033 -1.000000 -0.000001 -0.001033 -1.000000 0.000000 -0.001033 -1.000000 0.000001 -0.001033 -1.000000 0.000002 -0.001033 -1.000000 -0.000001 -0.001033 -1.000000 0.000003 -0.001033 -1.000000 -0.000001 -0.001033 -1.000000 0.000002 -0.001033 -1.000000 -0.000001 -0.001033 -1.000000 0.000000 -0.001033 -1.000000 0.000001 -0.001033 -1.000000 0.000001 -0.001033 -1.000000 0.000003 -0.001033 -1.000000 0.000000 -0.001033 -1.000000 -0.000003 -0.001033 -1.000000 -0.000002 -0.001034 -1.000000 -0.000001 -0.001033 -1.000000 0.000001 -0.001034 -1.000000 -0.000002 -0.001033 -1.000000 -0.000000 -0.001033 -1.000000 0.000001 -0.001032 -1.000000 -0.000001 -0.001033 -1.000000 0.000002 -0.001032 -1.000000 -0.000001 -0.001035 -1.000000 -0.000001 -0.001031 -1.000000 0.000001 -0.001033 -1.000000 -0.000002 -0.001033 -1.000000 0.000000 -0.001030 -1.000000 0.000002 -0.001035 -1.000000 -0.000003 -0.001033 -1.000000 0.000000 -0.001036 -1.000000 -0.000000 -0.001029 -1.000000 0.000002 -0.001036 -1.000000 -0.000001 -0.001028 -1.000000 0.000000 -0.001030 -1.000000 0.000002 -0.001028 -1.000000 -0.000002 -0.001035 -1.000000 0.000003 -0.001041 -1.000000 -0.000001 -0.001036 -1.000000 0.000000 -0.001035 -1.000000 0.000001 -0.001030 -1.000000 -0.000002 -0.001033 -1.000000 0.000001 -0.001033 -1.000000 0.000001 -0.001021 -1.000000 -0.000001 -0.001041 -1.000000 0.000000 -0.001032 -1.000000 -0.000002 -0.001037 -1.000000 -0.000001 -0.001033 -1.000000 0.000001 -0.001031 -1.000000 0.000000 -0.001034 -1.000000 0.000001 -0.001038 -1.000000 0.000001 -0.001032 -1.000000 0.000000 -0.001029 -1.000000 -0.000002 -0.001034 -1.000000 0.000000 -0.001021 -1.000000 0.000000 -0.001041 -1.000000 -0.000001 -0.001019 -1.000000 0.000001 -0.001043 -1.000000 0.000001 -0.001042 -1.000000 0.000001 -0.001034 -1.000000 -0.000000 -0.001030 -1.000000 -0.000001 -0.001025 -1.000000 0.000000 -0.001028 -1.000000 -0.000002 -0.001045 -1.000000 0.000001 -0.001020 -1.000000 -0.000001 -0.001048 -1.000000 -0.000000 -0.001030 -1.000000 0.000000 -0.001029 -1.000000 0.000000 -0.001041 -1.000000 0.000001 -0.001030 -1.000000 -0.000001 -0.001032 -1.000000 0.000000 -0.001032 -1.000000 0.000001 -0.001030 -1.000000 -0.000001 -0.001037 -1.000000 0.000000 -0.001028 -1.000000 -0.000000 -0.001033 -1.000000 -0.000001 -0.001026 -1.000000 0.000000 -0.001041 -1.000000 0.000001 -0.001038 -1.000000 0.000001 -0.001038 -1.000000 -0.000001 -0.001032 -1.000000 0.000000 -0.001028 -1.000000 0.000001 -0.001033 -1.000000 0.000000 -0.001033 -1.000000 -0.000002 -0.001033 -1.000000 0.000001 -0.001029 -1.000000 -0.000001 -0.001033 -1.000000 -0.000001 -0.001026 -1.000000 0.000002 -0.001028 -1.000000 -0.000005 -0.001049 -1.000000 -0.000000 -0.001024 -1.000000 0.000007 -0.001037 -1.000000 0.000001 -0.001032 -1.000000 -0.000000 -0.001026 -1.000000 -0.000000 -0.001045 -1.000000 0.000002 -0.001021 -1.000000 0.000005 -0.001043 -1.000000 0.000001 -0.001020 -1.000000 -0.000008 -0.001033 -1.000000 0.000005 -0.001040 -1.000000 0.000000 -0.001031 -1.000000 -0.000002 -0.001027 -1.000000 0.000000 -0.001041 -1.000000 0.000001 -0.001047 -1.000000 0.000004 -0.001033 -1.000000 -0.000001 -0.001027 -1.000000 -0.000001 -0.001023 -1.000000 -0.000001 -0.001028 -1.000000 -0.000001 -0.001038 -1.000000 0.000001 -0.001035 -1.000000 0.000000 -0.001028 -1.000000 0.000000 -0.001013 -1.000000 -0.000000 -0.001059 -1.000000 -0.000002 -0.001017 -1.000000 0.000001 -0.001039 -1.000000 0.000000 -0.001035 -1.000000 0.000001 -0.001022 -1.000000 0.000000 -0.001037 -1.000000 0.000000 -0.001035 -1.000000 0.000000 -0.001008 -1.000000 -0.000001 -0.001043 -1.000000 0.000000 -0.001023 -1.000000 -0.000000 -0.001045 -1.000000 -0.000001 -0.001048 -1.000000 -0.000000 -0.001036 -1.000000 0.000000 -0.001020 -1.000000 -0.000001 -0.001038 -1.000000 0.000000 -0.001032 -1.000000 0.000000 -0.001045 -1.000000 -0.000003 -0.001037 -1.000000 0.000001 -0.001029 -1.000000 0.000003 -0.001011 -1.000000 0.000000 -0.001043 -1.000000 0.000001 -0.001042 -1.000000 0.000000 -0.001030 -1.000000 0.000001 -0.001035 -1.000000 0.000000 -0.001031 -1.000000 -0.000001 -0.001033 -1.000000 -0.000000 -0.001035 -1.000000 -0.000000 -0.001027 -1.000000 0.000005 -0.001030 -1.000000 -0.000004 -0.001041 -1.000000 0.000005 -0.001027 -1.000000 -0.000002 -0.001024 -1.000000 -0.000003 -0.001028 -1.000000 0.000004 -0.001079 -0.999999 -0.000002 -0.001010 -1.000000 -0.000002 -0.001033 -1.000000 -0.000000 -0.001031 -1.000000 0.000000 -0.001035 -1.000000 -0.000000 -0.001025 -1.000000 0.000000 -0.001038 -1.000000 0.000001 -0.001023 -1.000000 0.000004 -0.001050 -1.000000 -0.000005 -0.001029 -1.000000 0.000005 -0.001031 -1.000000 -0.000001 -0.001032 -1.000000 0.000001 -0.001035 -1.000000 0.000001 -0.001035 -1.000000 -0.000004 -0.001022 -1.000000 -0.000007 -0.001040 -1.000000 0.000001 -0.001026 -1.000000 0.000005 -0.001042 -1.000000 -0.000004 -0.001036 -1.000000 0.000004 -0.001031 -1.000000 -0.000001 -0.001035 -1.000000 -0.000003 -0.001032 -1.000000 0.000003 -0.001033 -1.000000 0.000002 -0.001031 -1.000000 -0.000006 -0.001038 -1.000000 -0.000000 -0.001027 -1.000000 0.000007 -0.001032 -1.000000 -0.000000 -0.001034 -1.000000 -0.000003 -0.001033 -1.000000 0.000002 -0.001032 -1.000000 0.000001 -0.001032 -1.000000 0.000008 -0.001033 -1.000000 0.000001 -0.001032 -1.000000 0.000001 -0.001034 -1.000000 -0.000004 -0.001034 -1.000000 -0.000000 -0.001033 -1.000000 -0.000001 -0.001032 -1.000000 -0.000003 -0.001034 -1.000000 0.000004 -0.001036 -1.000000 0.000009 -0.001032 -1.000000 -0.000003 -0.001034 -1.000000 -0.000002 -0.001031 -1.000000 -0.000003 -0.001031 -1.000000 0.000000 -0.001034 -1.000000 -0.000002 -0.001033 -1.000000 -0.000001 -0.001032 -1.000000 0.000004 -0.001033 -1.000000 0.000000 -0.001031 -1.000000 -0.000001 -0.001034 -1.000000 -0.000001 -0.001033 -1.000000 -0.000001 -0.001033 -1.000000 0.000001 -0.001035 -1.000000 0.000001 -0.001036 -1.000000 0.000003 -0.001033 -1.000000 -0.000003 -0.001031 -1.000000 0.000002 -0.001028 -1.000000 0.000000 -0.001036 -1.000000 -0.000001 -0.001032 -1.000000 0.000002 -0.001032 -1.000000 -0.000001 -0.001033 -1.000000 0.000001 -0.001035 -1.000000 -0.000001 -0.001032 -1.000000 0.000001 -0.001034 -1.000000 -0.000002 -0.001031 -1.000000 0.000003 -0.001034 -1.000000 0.000001 -0.001033 -1.000000 -0.000003 -0.001032 -1.000000 -0.000002 -0.001034 -1.000000 -0.000001 -0.001032 -1.000000 0.000001 -0.001033 -1.000000 0.000002 -0.001033 -1.000000 -0.000001 -0.001033 -1.000000 0.000002 -0.001034 -1.000000 -0.000001 -0.001033 -1.000000 -0.000004 -0.001033 -1.000000 -0.000001 -0.001032 -1.000000 0.000000 -0.001033 -1.000000 0.000001 -0.001033 -1.000000 -0.000002 -0.001033 -1.000000 -0.000001 -0.001033 -1.000000 0.000000 -0.001034 -1.000000 0.000001 -0.001032 -1.000000 -0.000002 -0.001032 -1.000000 0.000004 -0.001034 -1.000000 0.000001 -0.001032 -1.000000 -0.000003 -0.001032 -1.000000 0.000000 -0.001036 -1.000000 0.000004 -0.001032 -1.000000 -0.000003 -0.001033 -1.000000 0.000002 -0.001033 -1.000000 -0.000000 -0.001034 -1.000000 0.000002 -0.001034 -1.000000 0.000006 -0.001032 -1.000000 -0.000001 -0.001035 -1.000000 0.000001 -0.001029 -1.000000 -0.000002 -0.001034 -1.000000 -0.000001 -0.001031 -1.000000 -0.000003 -0.001037 -1.000000 0.000003 -0.001031 -1.000000 -0.000001 -0.001037 -1.000000 0.000001 -0.001029 -1.000000 -0.000000 -0.001038 -1.000000 -0.000001 -0.001028 -1.000000 -0.000000 -0.001034 -1.000000 -0.000004 -0.001031 -1.000000 0.000004 -0.001040 -1.000000 -0.000003 -0.001027 -1.000000 -0.000002 -0.001035 -1.000000 -0.000001 -0.001027 -1.000000 -0.000001 -0.001036 -1.000000 -0.000000 -0.001031 -1.000000 0.000001 -0.001035 -1.000000 -0.000001 -0.001033 -1.000000 0.000000 -0.001030 -1.000000 0.000002 -0.001035 -1.000000 -0.000002 -0.001039 -1.000000 0.000001 -0.001031 -1.000000 -0.000001 -0.001034 -1.000000 0.000005 -0.001028 -1.000000 -0.000001 -0.001035 -1.000000 0.000001 -0.001026 -1.000000 -0.000000 -0.001040 -1.000000 -0.000000 -0.001032 -1.000000 0.000001 -0.001024 -1.000000 0.000000 -0.001039 -1.000000 -0.000001 -0.001036 -1.000000 0.000001 -0.001024 -1.000000 -0.000004 -0.001036 -1.000000 -0.000001 -0.001035 -1.000000 0.000002 -0.001031 -1.000000 -0.000002 -0.001030 -1.000000 0.000001 -0.001034 -1.000000 0.000000 -0.001035 -1.000000 0.000002 -0.001027 -1.000000 -0.000000 -0.001031 -1.000000 -0.000001 -0.001030 -1.000000 0.000002 -0.001036 -1.000000 -0.000003 -0.001025 -1.000000 0.000003 -0.001051 -1.000000 0.000000 -0.001034 -1.000000 0.000002 -0.001037 -1.000000 -0.000000 -0.001026 -1.000000 -0.000001 -0.001040 -1.000000 -0.000000 -0.001029 -1.000000 -0.000000 -0.001042 -1.000000 0.000001 -0.001028 -1.000000 0.000000 -0.001036 -1.000000 0.000000 -0.001045 -1.000000 -0.000000 -0.001039 -1.000000 0.000001 -0.001027 -1.000000 -0.000002 -0.001024 -1.000000 0.000001 -0.001022 -1.000000 -0.000001 -0.001039 -1.000000 0.000000 -0.001037 -1.000000 0.000000 -0.001019 -1.000000 -0.000000 -0.001034 -1.000000 0.000000 -0.001029 -1.000000 0.000000 -0.001038 -1.000000 0.000001 -0.001032 -1.000000 0.000000 -0.001033 -1.000000 0.000001 -0.001058 -1.000000 0.000002 -0.001002 -1.000000 0.000005 -0.001036 -1.000000 -0.000000 -0.001043 -1.000000 -0.000004 -0.001032 -1.000000 -0.000002 -0.001031 -1.000000 0.000000 -0.001037 -1.000000 -0.000001 -0.001036 -1.000000 0.000001 -0.001014 -1.000000 -0.000003 -0.001040 -1.000000 0.000000 -0.001040 -1.000000 0.000000 -0.001009 -1.000000 -0.000003 -0.001035 -1.000000 -0.000001 -0.001025 -1.000000 0.000000 -0.001048 -1.000000 0.000000 -0.001023 -1.000000 0.000000 -0.001022 -1.000000 -0.000002 -0.001007 -1.000000 -0.000001 -0.001059 -1.000000 0.000004 -0.001034 -1.000000 -0.000001 -0.001043 -1.000000 0.000001 -0.001034 -1.000000 -0.000000 -0.001026 -1.000000 -0.000000 -0.001040 -1.000000 0.000000 -0.001023 -1.000000 -0.000000 -0.001043 -1.000000 0.000000 -0.001068 -1.000000 0.000000 -0.001000 -1.000000 0.000000 -0.001040 -1.000000 -0.000001 -0.001006 -1.000000 0.000002 -0.001060 -1.000000 -0.000002 -0.001014 -1.000000 -0.000001 -0.001039 -1.000000 0.000001 -0.001027 -1.000000 0.000001 -0.001031 -1.000000 0.000000 -0.001039 -1.000000 0.000000 -0.001036 -1.000000 0.000000 -0.000999 -1.000000 0.000000 -0.001046 -1.000000 0.000000 -0.001040 -1.000000 -0.000001 -0.001043 -1.000000 0.000000 -0.001025 -1.000000 0.000000 -0.001032 -1.000000 0.000000 -0.001040 -1.000000 0.000000 -0.001026 -1.000000 0.000001 -0.001036 -1.000000 -0.000002 -0.001007 -1.000000 0.000002 -0.001065 -0.999999 0.000000 -0.001036 -1.000000 0.000004 -0.001058 -1.000000 0.000001 -0.001045 -1.000000 -0.000005 -0.001000 -1.000000 0.000005 -0.001041 -1.000000 -0.000001 -0.001017 -1.000000 0.000002 -0.001043 -1.000000 -0.000004 -0.001035 -1.000000 0.000000 -0.001044 -1.000000 0.000000 -0.001048 -1.000000 -0.000003 -0.001011 -1.000000 0.000002 -0.001024 -1.000000 -0.000003 -0.001038 -1.000000 -0.000000 -0.001024 -1.000000 -0.000001 -0.001031 -1.000000 -0.000001 -0.001046 -1.000000 0.000002 -0.001041 -1.000000 0.000001 -0.001017 -1.000000 -0.000001 -0.001040 -1.000000 -0.000002 -0.001039 -1.000000 0.000003 -0.001018 -1.000000 0.000001 -0.001032 -1.000000 0.000001 -0.001043 -1.000000 -0.000002 -0.001025 -1.000000 0.000001 -0.001050 -1.000000 -0.000001 -0.001036 -1.000000 0.000001 -0.001026 -1.000000 -0.000001 -0.001044 -1.000000 -0.000001 -0.001013 -1.000000 0.000002 -0.001055 -1.000000 -0.000003 -0.001041 -1.000000 0.000001 -0.001004 -1.000000 0.000002 -0.001023 -1.000000 0.000002 -0.001034 -1.000000 -0.000001 -0.001027 -1.000000 -0.000001 -0.001043 -1.000000 0.000000 -0.001038 -1.000000 0.000000 -0.001034 -1.000000 0.000001 -0.001039 -1.000000 0.000000 -0.001051 -1.000000 -0.000003 -0.001046 -1.000000 -0.000001 -0.001023 -1.000000 0.000002 -0.001045 -1.000000 -0.000000 -0.001021 -1.000000 -0.000002 -0.001019 -1.000000 0.000001 -0.001063 -1.000000 -0.000002 -0.000980 -1.000000 0.000002 -0.001052 -1.000000 0.000000 -0.001058 -1.000000 0.000000 -0.001012 -1.000000 0.000001 -0.001050 -1.000000 -0.000001 -0.001024 -1.000000 0.000001 -0.000994 -1.000000 0.000000 -0.001082 -1.000000 -0.000001 -0.001015 -1.000000 -0.000000 -0.001000 -1.000000 0.000000 -0.001045 -1.000000 0.000000 -0.001050 -1.000000 0.000000 -0.001031 -1.000000 -0.000000 -0.001031 -1.000000 -0.000000 -0.001041 -1.000000 -0.000001 -0.001030 -1.000000 0.000001 -0.001032 -1.000000 -0.000001 -0.001019 -1.000000 0.000003 -0.001055 -1.000000 -0.000003 -0.001009 -1.000000 0.000002 -0.001040 -1.000000 0.000000 -0.001043 -1.000000 -0.000004 -0.001053 -1.000000 -0.000000 -0.001017 -1.000000 0.000002 -0.001037 -1.000000 -0.000001 -0.001041 -1.000000 0.000000 -0.001031 -1.000000 0.000000 -0.001002 -1.000000 0.000001 -0.001035 -1.000000 0.000000 -0.001041 -1.000000 0.000002 -0.001034 -1.000000 0.000000 -0.001020 -1.000000 -0.000000 -0.001046 -1.000000 -0.000000 -0.001026 -1.000000 0.000001 -0.001029 -1.000000 -0.000002 -0.001038 -1.000000 0.000002 -0.001060 -1.000000 -0.000002 -0.001025 -1.000000 0.000001 -0.001005 -1.000000 0.000000 -0.001041 -1.000000 -0.000001 -0.001027 -1.000000 0.000001 -0.001033 -1.000000 -0.000001 -0.001051 -1.000000 0.000000 -0.001021 -1.000000 0.000002 -0.001060 -1.000000 -0.000001 -0.000987 -1.000000 0.000000 -0.001048 -1.000000 0.000000 -0.001031 -1.000000 0.000000 -0.001014 -1.000000 -0.000001 -0.001063 -1.000000 -0.000000 -0.001025 -1.000000 0.000001 -0.001017 -1.000000 -0.000002 -0.001037 -1.000000 -0.000004 -0.001047 -1.000000 0.000000 -0.001063 -1.000000 -0.000006 -0.001042 -1.000000 0.000000 -0.001027 -1.000000 0.000004 -0.001039 -1.000000 -0.000003 -0.001008 -1.000000 0.000003 -0.001034 -1.000000 -0.000002 -0.001036 -1.000000 0.000001 -0.001033 -1.000000 0.000000 -0.001040 -1.000000 0.000001 -0.001063 -1.000000 -0.000003 -0.001029 -1.000000 0.000003 -0.001008 -1.000000 0.000004 -0.001027 -1.000000 -0.000000 -0.001021 -1.000000 0.000002 -0.001047 -1.000000 -0.000002 -0.001041 -1.000000 -0.000002 -0.001041 -1.000000 -0.000004 -0.001025 -1.000000 -0.000000 -0.001051 -1.000000 0.000004 -0.001028 -1.000000 -0.000003 -0.001028 -1.000000 -0.000001 -0.001034 -1.000000 0.000001 -0.001030 -1.000000 0.000001 -0.001041 -1.000000 -0.000001 0.416347 -0.000431 -0.909206 0.474690 -0.000504 -0.880153 0.474688 -0.000486 -0.880154 0.530271 -0.000549 -0.847828 0.530263 -0.000548 -0.847833 0.584426 -0.000603 -0.811447 0.584407 -0.000604 -0.811461 0.584412 -0.000605 -0.811457 0.530255 -0.000544 -0.847838 0.530272 -0.000547 -0.847827 0.474687 -0.000484 -0.880154 0.474704 -0.000493 -0.880146 0.416334 -0.000430 -0.909211 0.416330 -0.000428 -0.909213 0.166825 -0.000166 -0.985987 0.230739 -0.000242 -0.973016 0.230746 -0.000239 -0.973014 0.292757 -0.000302 -0.956187 0.292753 -0.000303 -0.956188 0.354475 -0.000366 -0.935065 0.354477 -0.000367 -0.935065 0.354464 -0.000369 -0.935069 0.292759 -0.000302 -0.956186 0.292757 -0.000305 -0.956187 0.230747 -0.000237 -0.973014 0.230740 -0.000236 -0.973016 0.166823 -0.000173 -0.985987 0.166817 -0.000173 -0.985988 -0.094068 0.000104 -0.995566 -0.028975 0.000040 -0.999580 -0.028927 0.000028 -0.999582 0.035338 -0.000040 -0.999375 0.035264 -0.000037 -0.999378 0.100364 -0.000102 -0.994951 0.100369 -0.000104 -0.994950 0.774492 -0.000786 -0.632583 0.731601 -0.000756 -0.681733 0.731618 -0.000759 -0.681715 0.686349 -0.000705 -0.727272 0.686366 -0.000711 -0.727256 0.637441 -0.000657 -0.770499 0.637444 -0.000656 -0.770497 0.637429 -0.000659 -0.770509 0.686335 -0.000705 -0.727286 0.686390 -0.000709 -0.727234 0.731595 -0.000756 -0.681739 0.731649 -0.000754 -0.681682 0.774526 -0.000803 -0.632542 0.774483 -0.000800 -0.632594 0.911886 -0.000954 -0.410442 0.883200 -0.000927 -0.468995 0.883129 -0.000921 -0.469129 0.851232 -0.000887 -0.524789 0.851156 -0.000881 -0.524912 0.815155 -0.000844 -0.579242 0.815143 -0.000843 -0.579259 0.815133 -0.000833 -0.579273 0.851168 -0.000867 -0.524893 0.851171 -0.000877 -0.524888 0.883091 -0.000904 -0.469202 0.883132 -0.000907 -0.469124 0.911832 -0.000939 -0.410563 0.911876 -0.000942 -0.410464 0.987023 -0.001021 -0.160574 0.974465 -0.001008 -0.224537 0.974456 -0.001005 -0.224579 0.958010 -0.000988 -0.286733 0.958017 -0.000985 -0.286711 0.937311 -0.000964 -0.348492 0.937327 -0.000969 -0.348450 0.937322 -0.000980 -0.348462 0.958024 -0.001003 -0.286686 0.958023 -0.000992 -0.286690 0.974468 -0.001008 -0.224525 0.974447 -0.001006 -0.224614 0.987031 -0.001019 -0.160526 0.987018 -0.001020 -0.160608 0.994943 -0.001035 0.100437 0.999376 -0.001041 0.035313 0.999377 -0.001034 0.035273 0.999581 -0.001034 -0.028944 0.999579 -0.001032 -0.028995 0.995566 -0.001028 -0.094060 0.995571 -0.001028 -0.094008 0.995571 -0.001030 -0.094011 0.999580 -0.001034 -0.028944 0.999578 -0.001031 -0.029022 0.999376 -0.001030 0.035311 0.999377 -0.001030 0.035286 0.994952 -0.001025 0.100351 0.994943 -0.001028 0.100433 0.934198 -0.000963 0.356753 0.956189 -0.000985 0.292748 0.956192 -0.000984 0.292739 0.973016 -0.001001 0.230738 0.973022 -0.001002 0.230709 0.985988 -0.001016 0.166812 0.985979 -0.001018 0.166867 0.985978 -0.001028 0.166873 0.972995 -0.001015 0.230822 0.973016 -0.001008 0.230738 0.956181 -0.000993 0.292775 0.956201 -0.000989 0.292711 0.934182 -0.000966 0.356797 0.934189 -0.000965 0.356776 0.811486 -0.000835 0.584372 0.847844 -0.000862 0.530245 0.847839 -0.000870 0.530252 0.880152 -0.000907 0.474691 0.880116 -0.000909 0.474758 0.910249 -0.000940 0.414060 0.910242 -0.000940 0.414076 0.910236 -0.000942 0.414089 0.880174 -0.000912 0.474651 0.880102 -0.000911 0.474784 0.847814 -0.000884 0.530293 0.847854 -0.000879 0.530228 0.811452 -0.000840 0.584419 0.811496 -0.000839 0.584357 0.632574 -0.000659 0.774499 0.681665 -0.000705 0.731664 0.681680 -0.000704 0.731650 0.727248 -0.000751 0.686375 0.727279 -0.000752 0.686342 0.770466 -0.000798 0.637480 0.770516 -0.000795 0.637420 0.770484 -0.000793 0.637459 0.727355 -0.000746 0.686261 0.727267 -0.000752 0.686354 0.681700 -0.000705 0.731631 0.681672 -0.000704 0.731658 0.632591 -0.000654 0.774486 0.632567 -0.000653 0.774506 0.410620 -0.000412 0.911807 0.469217 -0.000464 0.883083 0.469085 -0.000483 0.883153 0.524896 -0.000534 0.851166 0.524849 -0.000542 0.851195 0.579227 -0.000600 0.815166 0.579241 -0.000597 0.815156 0.579225 -0.000603 0.815167 0.524899 -0.000544 0.851164 0.524844 -0.000549 0.851198 0.469104 -0.000484 0.883143 0.469078 -0.000491 0.883156 0.410524 -0.000430 0.911850 0.410618 -0.000424 0.911807 0.160527 -0.000161 0.987031 0.224583 -0.000232 0.974455 0.224490 -0.000232 0.974476 0.286616 -0.000302 0.958046 0.286663 -0.000301 0.958032 0.348481 -0.000366 0.937316 0.348622 -0.000361 0.937263 0.348610 -0.000336 0.937268 0.286738 -0.000282 0.958009 0.286660 -0.000290 0.958032 0.224646 -0.000227 0.974441 0.224496 -0.000234 0.974475 0.160531 -0.000166 0.987031 0.160527 -0.000166 0.987031 -0.100370 0.000102 0.994950 -0.035262 0.000040 0.999378 -0.035265 0.000037 0.999378 0.028927 -0.000025 0.999582 0.028927 -0.000032 0.999582 0.094066 -0.000098 0.995566 0.094071 -0.000096 0.995565 0.094072 -0.000103 0.995565 0.028927 -0.000040 0.999582 0.028927 -0.000026 0.999582 -0.035265 0.000035 0.999378 -0.035264 0.000038 0.999378 -0.100364 0.000105 0.994951 -0.100365 0.000105 0.994951 -0.354465 0.000368 0.935069 -0.292715 0.000302 0.956200 -0.292724 0.000305 0.956197 -0.230746 0.000237 0.973014 -0.230725 0.000237 0.973019 -0.166871 0.000166 0.985979 -0.166817 0.000172 0.985988 -0.166865 0.000185 0.985980 -0.230748 0.000232 0.973013 -0.230760 0.000244 0.973011 -0.292714 0.000302 0.956200 -0.292753 0.000300 0.956188 -0.354476 0.000369 0.935065 -0.354476 0.000365 0.935065 -0.584411 0.000603 0.811458 -0.530222 0.000554 0.847859 -0.530236 0.000546 0.847850 -0.474742 0.000489 0.880125 -0.474681 0.000489 0.880158 -0.416335 0.000427 0.909211 -0.416346 0.000430 0.909206 -0.416347 0.000432 0.909206 -0.474728 0.000494 0.880132 -0.474724 0.000497 0.880135 -0.530236 0.000544 0.847850 -0.530252 0.000549 0.847840 -0.584399 0.000606 0.811466 -0.584427 0.000603 0.811446 -0.774490 0.000812 0.632585 -0.731559 0.000756 0.681778 -0.731638 0.000754 0.681693 -0.686323 0.000710 0.727296 -0.686340 0.000710 0.727280 -0.637480 0.000657 0.770467 -0.637444 0.000658 0.770497 -0.637451 0.000670 0.770491 -0.686284 0.000705 0.727333 -0.686349 0.000706 0.727272 -0.731616 0.000756 0.681717 -0.731649 0.000757 0.681682 -0.774526 0.000796 0.632541 -0.774483 0.000800 0.632595 -0.911856 0.000931 0.410509 -0.883199 0.000897 0.468998 -0.883146 0.000905 0.469097 -0.851196 0.000874 0.524847 -0.851131 0.000878 0.524953 -0.815201 0.000839 0.579178 -0.815121 0.000842 0.579291 -0.815129 0.000852 0.579279 -0.851179 0.000882 0.524874 -0.851140 0.000886 0.524938 -0.883158 0.000922 0.469076 -0.883132 0.000917 0.469124 -0.911832 0.000945 0.410564 -0.911861 0.000942 0.410498 -0.987023 0.001017 0.160574 -0.974465 0.001003 0.224538 -0.974447 0.001010 0.224617 -0.958010 0.000995 0.286733 -0.958017 0.000994 0.286711 -0.937276 0.000972 0.348587 -0.937340 0.000969 0.348414 -0.937336 0.000955 0.348425 -0.958047 0.000978 0.286611 -0.958023 0.000984 0.286690 -0.974459 0.001005 0.224563 -0.974447 0.001007 0.224614 -0.987014 0.001021 0.160632 -0.987031 0.001020 0.160529 -0.994943 0.001022 -0.100437 -0.999376 0.001027 -0.035313 -0.999376 0.001031 -0.035314 -0.999581 0.001031 0.028944 -0.999579 0.001033 0.028997 -0.995576 0.001029 0.093954 -0.995564 0.001029 0.094084 -0.995571 0.001024 0.094007 -0.999583 0.001029 0.028862 -0.999578 0.001034 0.029024 -0.999379 0.001034 -0.035231 -0.999376 0.001035 -0.035313 -0.994952 0.001030 -0.100351 -0.994947 0.001028 -0.100393 -0.935059 0.000971 -0.354491 -0.956212 0.000988 -0.292674 -0.956192 0.000992 -0.292739 -0.973025 0.001008 -0.230700 -0.973016 0.001008 -0.230735 -0.985988 0.001021 -0.166812 -0.985972 0.001019 -0.166907 -0.985971 0.001012 -0.166913 -0.973014 0.001000 -0.230745 -0.973016 0.001002 -0.230738 -0.956192 0.000985 -0.292738 -0.956201 0.000987 -0.292710 -0.935074 0.000966 -0.354451 -0.935064 0.000966 -0.354479 -0.811506 0.000847 -0.584344 -0.847880 0.000887 -0.530188 -0.847821 0.000882 -0.530282 -0.880135 0.000912 -0.474722 -0.880116 0.000910 -0.474758 -0.909229 0.000940 -0.416295 -0.909222 0.000939 -0.416310 -0.909217 0.000939 -0.416322 -0.880106 0.000902 -0.474777 -0.880119 0.000907 -0.474752 -0.847832 0.000869 -0.530264 -0.847842 0.000871 -0.530248 -0.811426 0.000837 -0.584455 -0.811516 0.000837 -0.584330 -0.632553 0.000649 -0.774517 -0.681667 0.000695 -0.731662 -0.681659 0.000704 -0.731669 -0.727287 0.000751 -0.686333 -0.727266 0.000748 -0.686356 -0.770467 0.000793 -0.637480 -0.770516 0.000796 -0.637421 -0.770504 0.000800 -0.637434 -0.727315 0.000756 -0.686303 -0.727309 0.000754 -0.686310 -0.681680 0.000705 -0.731650 -0.681658 0.000704 -0.731671 -0.632591 0.000654 -0.774486 -0.632586 0.000654 -0.774490 -0.410620 0.000441 -0.911807 -0.469186 0.000504 -0.883099 -0.469085 0.000488 -0.883153 -0.524879 0.000549 -0.851177 -0.524860 0.000541 -0.851188 -0.579227 0.000596 -0.815167 -0.579222 0.000599 -0.815169 -0.579209 0.000604 -0.815179 -0.524900 0.000544 -0.851164 -0.524844 0.000536 -0.851198 -0.469104 0.000489 -0.883143 -0.469078 0.000476 -0.883157 -0.410504 0.000417 -0.911859 -0.410633 0.000425 -0.911801 -0.160474 0.000160 -0.987040 -0.224554 0.000222 -0.974462 -0.224545 0.000226 -0.974464 -0.286616 0.000287 -0.958046 -0.286656 0.000292 -0.958034 -0.348499 0.000349 -0.937309 -0.348609 0.000360 -0.937268 -0.348611 0.000392 -0.937267 -0.286760 0.000302 -0.958002 -0.286671 0.000305 -0.958029 -0.224646 0.000232 -0.974441 -0.224542 0.000235 -0.974464 -0.160539 0.000166 -0.987030 -0.160480 0.000167 -0.987039 0.100365 -0.000101 -0.994951 0.035311 -0.000040 -0.999376 0.035265 -0.000031 -0.999378 -0.028999 0.000025 -0.999579 -0.028927 0.000031 -0.999582 -0.094071 0.000098 -0.995565 -0.094071 0.000097 -0.995565 -0.001038 -1.000000 -0.000005 -0.001033 -1.000000 0.000004 -0.001033 -1.000000 -0.000001 -0.001033 -1.000000 0.000004 -0.001034 -1.000000 -0.000003 -0.001035 -1.000000 0.000001 -0.001034 -1.000000 -0.000001 -0.001031 -1.000000 0.000006 -0.001035 -1.000000 -0.000001 -0.001030 -1.000000 -0.000003 -0.001039 -1.000000 0.000004 -0.001020 -1.000000 -0.000003 -0.001034 -1.000000 0.000004 -0.001031 -1.000000 0.000000 -0.001030 -1.000000 -0.000003 -0.001032 -1.000000 0.000001 -0.001029 -1.000000 0.000001 -0.001036 -1.000000 -0.000003 -0.001034 -1.000000 0.000001 -0.001031 -1.000000 -0.000001 -0.001030 -1.000000 -0.000001 -0.001036 -1.000000 -0.000004 -0.001032 -1.000000 0.000006 -0.001034 -1.000000 -0.000005 -0.001039 -1.000000 -0.000003 -0.001032 -1.000000 0.000002 -0.001031 -1.000000 -0.000001 -0.001031 -1.000000 0.000003 -0.001037 -1.000000 -0.000002 -0.001031 -1.000000 -0.000003 -0.001027 -1.000000 0.000001 -0.001030 -1.000000 0.000004 -0.001025 -1.000000 -0.000001 -0.001036 -1.000000 -0.000003 -0.001036 -1.000000 -0.000001 -0.001034 -1.000000 -0.000001 -0.001029 -1.000000 0.000002 -0.001036 -1.000000 -0.000003 -0.001033 -1.000000 0.000003 -0.001032 -1.000000 0.000001 -0.001044 -1.000000 0.000000 -0.001019 -1.000000 0.000002 -0.001037 -1.000000 0.000000 -0.001034 -1.000000 0.000002 -0.001023 -1.000000 -0.000001 -0.001035 -1.000000 -0.000001 -0.001036 -1.000000 0.000002 -0.001031 -1.000000 0.000002 -0.001043 -1.000000 -0.000001 -0.001027 -1.000000 0.000003 -0.001036 -1.000000 -0.000005 -0.001034 -1.000000 -0.000002 -0.001038 -1.000000 -0.000001 -0.001035 -1.000000 0.000003 -0.001031 -1.000000 -0.000003 -0.001035 -1.000000 0.000001 -0.001015 -1.000000 0.000001 -0.001035 -1.000000 0.000000 -0.001033 -1.000000 0.000000 -0.001031 -1.000000 0.000001 -0.001054 -1.000000 0.000001 -0.001031 -1.000000 0.000000 -0.001019 -1.000000 0.000000 -0.001038 -1.000000 -0.000003 -0.001043 -1.000000 0.000001 -0.001043 -1.000000 0.000000 -0.001027 -1.000000 0.000002 -0.001030 -1.000000 -0.000000 -0.001031 -1.000000 0.000000 -0.001039 -1.000000 -0.000001 -0.001034 -1.000000 -0.000001 -0.001014 -1.000000 0.000002 -0.001034 -1.000000 0.000000 -0.001040 -1.000000 0.000000 -0.001021 -1.000000 0.000000 -0.001044 -1.000000 -0.000002 -0.001046 -1.000000 0.000000 -0.001022 -1.000000 0.000000 -0.001044 -1.000000 -0.000000 -0.001033 -1.000000 0.000001 -0.001046 -1.000000 -0.000000 -0.001033 -1.000000 -0.000000 -0.001031 -1.000000 0.000000 -0.001022 -1.000000 -0.000001 -0.001020 -1.000000 0.000000 -0.001035 -1.000000 -0.000000 -0.001027 -1.000000 -0.000000 -0.001038 -1.000000 0.000000 -0.001049 -1.000000 0.000000 -0.001023 -1.000000 0.000000 -0.001040 -1.000000 -0.000000 -0.001028 -1.000000 0.000002 -0.001031 -1.000000 0.000001 -0.001021 -1.000000 0.000001 -0.001045 -1.000000 0.000001 -0.001027 -1.000000 0.000002 -0.001019 -1.000000 -0.000001 -0.001039 -1.000000 0.000000 -0.001037 -1.000000 -0.000000 -0.001032 -1.000000 -0.000001 -0.001061 -1.000000 -0.000001 -0.001025 -1.000000 0.000000 -0.001024 -1.000000 -0.000000 -0.001026 -1.000000 -0.000000 -0.001032 -1.000000 0.000001 -0.001044 -1.000000 0.000000 -0.001020 -1.000000 -0.000000 -0.001049 -1.000000 0.000000 -0.001033 -1.000000 0.000000 -0.001031 -1.000000 -0.000001 -0.001036 -1.000000 0.000001 -0.001030 -1.000000 -0.000002 -0.001026 -1.000000 0.000002 -0.001031 -1.000000 -0.000000 -0.001038 -1.000000 -0.000003 -0.001029 -1.000000 -0.000001 -0.001025 -1.000000 0.000001 -0.001047 -1.000000 0.000001 -0.001016 -1.000000 -0.000001 -0.001042 -1.000000 -0.000000 -0.001035 -1.000000 -0.000000 -0.001042 -1.000000 0.000006 -0.001030 -1.000000 -0.000003 -0.001024 -1.000000 -0.000001 -0.001027 -1.000000 -0.000002 -0.001041 -1.000000 -0.000000 -0.001023 -1.000000 -0.000001 -0.001046 -1.000000 0.000000 -0.001031 -1.000000 0.000000 -0.001032 -1.000000 -0.000001 -0.001038 -1.000000 0.000002 -0.001031 -1.000000 0.000003 -0.001031 -1.000000 -0.000002 -0.001030 -1.000000 0.000004 -0.001028 -1.000000 -0.000001 -0.001045 -1.000000 0.000002 -0.001033 -1.000000 -0.000005 -0.001037 -1.000000 0.000000 -0.001034 -1.000000 0.000001 -0.001043 -1.000000 0.000004 -0.001032 -1.000000 -0.000002 -0.001036 -1.000000 0.000001 -0.001022 -1.000000 -0.000001 -0.001031 -1.000000 -0.000000 -0.001031 -1.000000 -0.000007 -0.001031 -1.000000 0.000003 -0.001034 -1.000000 -0.000001 -0.001036 -1.000000 -0.000003 -0.001031 -1.000000 -0.000003 -0.001036 -1.000000 0.000000 -0.001034 -1.000000 0.000003 -0.001027 -1.000000 0.000001 -0.001032 -1.000000 0.000002 -0.001035 -1.000000 -0.000000 -0.001037 -1.000000 0.000004 -0.001025 -1.000000 0.000001 -0.001032 -1.000000 -0.000001 -0.001033 -1.000000 0.000003 -0.001036 -1.000000 -0.000001 -0.001033 -1.000000 0.000002 -0.001034 -1.000000 -0.000001 -0.001035 -1.000000 -0.000003 -0.001033 -1.000000 0.000000 -0.001032 -1.000000 0.000003 -0.001030 -1.000000 -0.000002 -0.001036 -1.000000 0.000004 -0.001035 -1.000000 0.000001 -0.001037 -1.000000 -0.000004 -0.001048 -1.000000 -0.000004 -0.001026 -1.000000 0.000003 -0.001036 -1.000000 -0.000003 -0.001036 -1.000000 0.000001 -0.001033 -1.000000 -0.000002 -0.001031 -1.000000 0.000001 -0.001021 -1.000000 0.000001 -0.001034 -1.000000 -0.000001 -0.001031 -1.000000 -0.000001 -0.001025 -1.000000 -0.000001 -0.001031 -1.000000 0.000001 -0.001036 -1.000000 0.000001 -0.001039 -1.000000 -0.000002 -0.001045 -1.000000 -0.000002 -0.001031 -1.000000 0.000001 -0.001035 -1.000000 -0.000001 -0.001023 -1.000000 0.000003 -0.001032 -1.000000 -0.000002 -0.001043 -1.000000 0.000003 -0.001027 -1.000000 0.000001 -0.001032 -1.000000 0.000001 -0.001037 -1.000000 0.000002 -0.001043 -1.000000 -0.000001 -0.001024 -1.000000 -0.000002 -0.001033 -1.000000 -0.000002 -0.001025 -1.000000 0.000000 -0.001035 -1.000000 0.000005 -0.001036 -1.000000 -0.000004 -0.001037 -1.000000 0.000002 -0.001028 -1.000000 -0.000001 -0.001043 -1.000000 -0.000003 -0.001019 -1.000000 0.000000 -0.001036 -1.000000 0.000000 -0.001030 -1.000000 -0.000001 -0.001044 -1.000000 -0.000001 -0.001035 -1.000000 0.000005 -0.001035 -1.000000 0.000002 -0.001039 -1.000000 -0.000004 -0.001021 -1.000000 0.000001 -0.001036 -1.000000 -0.000002 -0.001040 -1.000000 0.000001 -0.001027 -1.000000 -0.000001 -0.001032 -1.000000 0.000002 -0.001032 -1.000000 0.000003 -0.001019 -1.000000 0.000001 -0.001038 -1.000000 0.000001 -0.001049 -1.000000 0.000001 -0.001008 -1.000000 0.000001 -0.001026 -1.000000 -0.000000 -0.001025 -1.000000 0.000001 -0.001036 -1.000000 -0.000001 -0.001040 -1.000000 -0.000000 -0.001018 -1.000000 -0.000001 -0.001037 -1.000000 0.000002 -0.001040 -1.000000 -0.000001 -0.001043 -1.000000 -0.000000 -0.001047 -1.000000 0.000003 -0.001036 -1.000000 0.000000 -0.001037 -1.000000 -0.000001 -0.001032 -1.000000 -0.000001 -0.001029 -1.000000 -0.000001 -0.001038 -1.000000 -0.000001 -0.001031 -1.000000 0.000000 -0.001028 -1.000000 -0.000001 -0.001022 -1.000000 -0.000001 -0.001047 -1.000000 0.000003 -0.001015 -1.000000 -0.000002 -0.001047 -1.000000 0.000000 -0.001034 -1.000000 0.000002 -0.001047 -1.000000 -0.000004 -0.001018 -1.000000 0.000001 -0.001041 -1.000000 -0.000000 -0.001008 -1.000000 0.000003 -0.001043 -1.000000 -0.000002 -0.001037 -1.000000 0.000002 -0.001017 -1.000000 -0.000001 -0.001030 -1.000000 -0.000001 -0.001034 -1.000000 0.000003 -0.001023 -1.000000 -0.000003 -0.001050 -1.000000 0.000000 -0.001041 -1.000000 -0.000000 -0.001050 -1.000000 0.000001 -0.001012 -1.000000 0.000002 -0.001027 -1.000000 -0.000002 -0.001030 -1.000000 -0.000004 -0.001047 -1.000000 0.000001 -0.001013 -1.000000 -0.000001 -0.001058 -1.000000 -0.000000 -0.001035 -1.000000 0.000000 -0.001034 -1.000000 0.000003 -0.001014 -1.000000 -0.000002 -0.001042 -1.000000 0.000001 -0.001030 -1.000000 0.000004 -0.001041 -1.000000 0.000000 -0.001024 -1.000000 -0.000001 -0.001036 -1.000000 0.000001 -0.001036 -1.000000 -0.000002 -0.001025 -1.000000 0.000001 -0.001033 -1.000000 -0.000001 -0.001058 -1.000000 0.000001 -0.912432 0.000942 -0.409226 -0.890563 0.000926 -0.454860 -0.890576 0.000926 -0.454834 -0.866685 0.000897 -0.498854 -0.866679 0.000899 -0.498866 -0.840400 0.000869 -0.541966 -0.840360 0.000870 -0.542029 -0.840391 0.000862 -0.541980 -0.866687 0.000886 -0.498852 -0.866699 0.000892 -0.498830 -0.890570 0.000915 -0.454846 -0.890596 0.000918 -0.454794 -0.912426 0.000941 -0.409240 -0.912435 0.000943 -0.409220 -0.976122 0.001017 -0.217222 -0.963920 0.001004 -0.266191 -0.963905 0.001001 -0.266246 -0.949372 0.000985 -0.314154 -0.949359 0.000981 -0.314191 -0.932274 0.000964 -0.361751 -0.932268 0.000963 -0.361768 -0.932287 0.000961 -0.361719 -0.949369 0.000981 -0.314163 -0.949378 0.000976 -0.314134 -0.963911 0.000991 -0.266225 -0.963913 0.000992 -0.266214 -0.976124 0.001005 -0.217211 -0.976138 0.001008 -0.217147 -0.999868 0.001032 -0.016213 -0.997774 0.001030 -0.066680 -0.997771 0.001027 -0.066723 -0.993178 0.001022 -0.116605 -0.993174 0.001023 -0.116634 -0.985996 0.001016 -0.166767 -0.986009 0.001018 -0.166687 -0.985997 0.001030 -0.166760 -0.993177 0.001037 -0.116610 -0.993167 0.001030 -0.116696 -0.997772 0.001034 -0.066700 -0.997771 0.001032 -0.066722 -0.999869 0.001034 -0.016189 -0.999868 0.001033 -0.016213 -0.982671 0.001017 0.185357 -0.990777 0.001025 0.135497 -0.990781 0.001025 0.135471 -0.996322 0.001030 0.085684 -0.996322 0.001029 0.085680 -0.999379 0.001033 0.035215 -0.999381 0.001032 0.035154 -0.999380 0.001031 0.035202 -0.996324 0.001028 0.085664 -0.996322 0.001028 0.085682 -0.990778 0.001022 0.135492 -0.990776 0.001023 0.135502 -0.982669 0.001014 0.185363 -0.982668 0.001015 0.185373 -0.925221 0.000954 0.379429 -0.943225 0.000969 0.332154 -0.943222 0.000971 0.332163 -0.958682 0.000988 0.284478 -0.958685 0.000988 0.284469 -0.971838 0.001002 0.235648 -0.971832 0.001004 0.235673 -0.971847 0.001011 0.235609 -0.958685 0.000992 0.284467 -0.958685 0.000995 0.284469 -0.943236 0.000978 0.332122 -0.943221 0.000976 0.332166 -0.925235 0.000957 0.379393 -0.925234 0.000956 0.379397 -0.829926 0.000856 0.557873 -0.857049 0.000886 0.515234 -0.857048 0.000885 0.515235 -0.881797 0.000909 0.471629 -0.881793 0.000911 0.471636 -0.904504 0.000935 0.426465 -0.904493 0.000934 0.426488 -0.904495 0.000933 0.426483 -0.881790 0.000915 0.471642 -0.881797 0.000911 0.471628 -0.857068 0.000886 0.515202 -0.857071 0.000886 0.515197 -0.829909 0.000858 0.557898 -0.829913 0.000858 0.557892 -0.700630 0.000712 0.713525 -0.735802 0.000759 0.677196 -0.735785 0.000760 0.677215 -0.768810 0.000794 0.639477 -0.768807 0.000795 0.639480 -0.800149 0.000825 0.599801 -0.800164 0.000826 0.599781 -0.800131 0.000830 0.599825 -0.768821 0.000794 0.639464 -0.768814 0.000793 0.639473 -0.735793 0.000759 0.677206 -0.735825 0.000761 0.677171 -0.700597 0.000729 0.713557 -0.700648 0.000724 0.713507 -0.542619 0.000554 0.839979 -0.584450 0.000587 0.811429 -0.584422 0.000609 0.811450 -0.624348 0.000644 0.781146 -0.624341 0.000645 0.781152 -0.663022 0.000686 0.748600 -0.663017 0.000684 0.748604 -0.663027 0.000685 0.748595 -0.624344 0.000638 0.781149 -0.624337 0.000647 0.781155 -0.584454 0.000604 0.811427 -0.584434 0.000605 0.811441 -0.542606 0.000567 0.839987 -0.542645 0.000558 0.839962 -0.362509 0.000384 0.931980 -0.409133 0.000426 0.912475 -0.409151 0.000423 0.912467 -0.454310 0.000477 0.890844 -0.454326 0.000475 0.890835 -0.498731 0.000517 0.866757 -0.498773 0.000517 0.866733 -0.498746 0.000503 0.866748 -0.454306 0.000472 0.890846 -0.454289 0.000461 0.890854 -0.409138 0.000426 0.912473 -0.409116 0.000421 0.912482 -0.362507 0.000374 0.931981 -0.362478 0.000372 0.931992 -0.167464 0.000178 0.985878 -0.217030 0.000230 0.976165 -0.217064 0.000225 0.976157 -0.265661 0.000276 0.964067 -0.265682 0.000271 0.964061 -0.314095 0.000320 0.949392 -0.314068 0.000324 0.949401 -0.314099 0.000335 0.949390 -0.265664 0.000288 0.964066 -0.265691 0.000272 0.964058 -0.217034 0.000224 0.976164 -0.217058 0.000225 0.976159 -0.167455 0.000173 0.985880 -0.167431 0.000172 0.985884 0.034410 -0.000017 0.999408 -0.016084 0.000023 0.999871 -0.016115 0.000012 0.999870 -0.066180 0.000069 0.997808 -0.066180 0.000067 0.997808 -0.116536 0.000119 0.993186 -0.116540 0.000123 0.993186 -0.116542 0.000120 0.993186 -0.066181 0.000081 0.997808 -0.066180 0.000066 0.997808 -0.016083 0.000017 0.999871 -0.016104 0.000013 0.999870 0.034411 -0.000039 0.999408 0.034442 -0.000036 0.999407 0.234930 -0.000239 0.972012 0.185489 -0.000196 0.982646 0.185507 -0.000191 0.982643 0.136019 -0.000144 0.990706 0.136031 -0.000140 0.990705 0.085744 -0.000093 0.996317 0.085776 -0.000091 0.996314 0.085743 -0.000073 0.996317 0.136023 -0.000150 0.990706 0.136004 -0.000141 0.990708 0.185492 -0.000184 0.982646 0.185485 -0.000190 0.982647 0.234930 -0.000243 0.972012 0.234903 -0.000241 0.972019 0.425800 -0.000450 0.904817 0.379498 -0.000391 0.925193 0.379516 -0.000400 0.925185 0.332652 -0.000345 0.943049 0.332670 -0.000346 0.943043 0.284560 -0.000297 0.958658 0.284594 -0.000293 0.958648 0.284568 -0.000291 0.958656 0.332649 -0.000334 0.943051 0.332631 -0.000343 0.943057 0.379502 -0.000385 0.925191 0.379484 -0.000389 0.925198 0.425795 -0.000436 0.904820 0.425770 -0.000439 0.904831 0.599198 -0.000621 0.800600 0.557955 -0.000575 0.829871 0.557969 -0.000568 0.829862 0.515679 -0.000535 0.856782 0.515669 -0.000528 0.856788 0.471771 -0.000486 0.881721 0.471739 -0.000489 0.881738 0.471769 -0.000482 0.881722 0.515676 -0.000529 0.856784 0.515701 -0.000536 0.856769 0.557947 -0.000581 0.829876 0.557970 -0.000578 0.829861 0.599205 -0.000617 0.800596 0.599200 -0.000620 0.800599 0.748099 -0.000772 0.663587 0.713584 -0.000742 0.700569 0.713597 -0.000739 0.700556 0.677604 -0.000699 0.735427 0.677608 -0.000700 0.735424 0.639553 -0.000659 0.768747 0.639552 -0.000661 0.768748 0.639560 -0.000662 0.768741 0.677613 -0.000696 0.735418 0.677592 -0.000702 0.735438 0.713585 -0.000736 0.700568 0.713594 -0.000736 0.700560 0.748104 -0.000773 0.663581 0.748100 -0.000772 0.663586 0.866392 -0.000899 0.499364 0.839997 -0.000874 0.542590 0.840017 -0.000871 0.542560 0.811767 -0.000840 0.583981 0.811786 -0.000840 0.583955 0.781198 -0.000808 0.624283 0.781202 -0.000808 0.624278 0.781201 -0.000804 0.624279 0.811768 -0.000840 0.583980 0.811778 -0.000835 0.583966 0.839996 -0.000866 0.542593 0.839995 -0.000867 0.542593 0.866383 -0.000894 0.499380 0.866370 -0.000895 0.499403 0.949149 -0.000972 0.314827 0.932015 -0.000952 0.362418 0.932021 -0.000956 0.362402 0.912724 -0.000935 0.408576 0.912695 -0.000941 0.408640 0.890908 -0.000917 0.454184 0.890880 -0.000920 0.454238 0.890908 -0.000930 0.454183 0.912718 -0.000949 0.408589 0.912726 -0.000949 0.408570 0.932035 -0.000971 0.362367 0.932038 -0.000966 0.362359 0.949139 -0.000984 0.314855 0.949152 -0.000981 0.314817 0.993098 -0.001025 0.117286 0.985902 -0.001020 0.167319 0.985903 -0.001021 0.167315 0.976276 -0.001012 0.216529 0.976283 -0.001010 0.216497 0.964074 -0.000998 0.265632 0.964081 -0.000996 0.265606 0.964079 -0.000990 0.265615 0.976279 -0.001004 0.216514 0.976272 -0.001006 0.216547 0.985903 -0.001017 0.167313 0.985898 -0.001018 0.167346 0.993097 -0.001025 0.117288 0.993095 -0.001026 0.117305 0.996378 -0.001027 -0.085023 0.999403 -0.001030 -0.034536 0.999403 -0.001032 -0.034535 0.999878 -0.001033 0.015577 0.999879 -0.001033 0.015553 0.997813 -0.001031 0.066099 0.997816 -0.001031 0.066053 0.997811 -0.001030 0.066125 0.999879 -0.001032 0.015554 0.999879 -0.001033 0.015554 0.999402 -0.001032 -0.034558 0.999402 -0.001033 -0.034558 0.996380 -0.001030 -0.085003 0.996377 -0.001029 -0.085042 0.958873 -0.000986 -0.283835 0.971992 -0.001001 -0.235012 0.971988 -0.001001 -0.235027 0.982541 -0.001012 -0.186044 0.982544 -0.001015 -0.186027 0.990691 -0.001023 -0.136127 0.990694 -0.001023 -0.136106 0.990693 -0.001024 -0.136111 0.982540 -0.001015 -0.186050 0.982537 -0.001016 -0.186066 0.971988 -0.001005 -0.235027 0.971987 -0.001006 -0.235031 0.958880 -0.000993 -0.283809 0.958869 -0.000990 -0.283847 0.882098 -0.000916 -0.471066 0.904773 -0.000943 -0.425893 0.904782 -0.000937 -0.425874 0.924986 -0.000958 -0.379999 0.924976 -0.000957 -0.380025 0.943022 -0.000977 -0.332730 0.943007 -0.000974 -0.332771 0.943029 -0.000962 -0.332709 0.924982 -0.000949 -0.380011 0.924981 -0.000952 -0.380013 0.904779 -0.000932 -0.425880 0.904793 -0.000933 -0.425851 0.882092 -0.000910 -0.471077 0.882105 -0.000912 -0.471052 0.769206 -0.000796 -0.639000 0.800526 -0.000834 -0.599297 0.800531 -0.000828 -0.599291 0.829573 -0.000863 -0.558397 0.829545 -0.000856 -0.558439 0.856733 -0.000887 -0.515759 0.856720 -0.000885 -0.515781 0.856722 -0.000884 -0.515777 0.829574 -0.000857 -0.558397 0.829558 -0.000853 -0.558420 0.800537 -0.000823 -0.599283 0.800537 -0.000826 -0.599283 0.769214 -0.000792 -0.638991 0.769217 -0.000796 -0.638987 0.624844 -0.000645 -0.780749 0.663536 -0.000679 -0.748144 0.663525 -0.000688 -0.748154 0.700190 -0.000722 -0.713956 0.700173 -0.000721 -0.713973 0.735334 -0.000759 -0.677705 0.735352 -0.000758 -0.677685 0.735325 -0.000766 -0.677714 0.700188 -0.000731 -0.713958 0.700163 -0.000726 -0.713982 0.663514 -0.000690 -0.748164 0.663526 -0.000683 -0.748153 0.624840 -0.000644 -0.780752 0.624836 -0.000648 -0.780756 0.454885 -0.000467 -0.890550 0.499343 -0.000518 -0.866404 0.499347 -0.000520 -0.866402 0.542107 -0.000558 -0.840309 0.542115 -0.000562 -0.840304 0.583886 -0.000601 -0.811836 0.583882 -0.000604 -0.811839 0.583878 -0.000600 -0.811842 0.542125 -0.000552 -0.840298 0.542117 -0.000562 -0.840303 0.499347 -0.000512 -0.866402 0.499332 -0.000515 -0.866411 0.454885 -0.000474 -0.890550 0.454881 -0.000469 -0.890552 0.266353 -0.000285 -0.963875 0.314695 -0.000322 -0.949193 0.314713 -0.000322 -0.949187 0.361848 -0.000368 -0.932237 0.361855 -0.000371 -0.932234 0.408489 -0.000420 -0.912763 0.408534 -0.000422 -0.912743 0.408495 -0.000425 -0.912761 0.361851 -0.000391 -0.932236 0.361825 -0.000373 -0.932246 0.314698 -0.000322 -0.949192 0.314683 -0.000328 -0.949197 0.266350 -0.000274 -0.963876 0.266316 -0.000273 -0.963886 0.066840 -0.000060 -0.997764 0.117182 -0.000127 -0.993111 0.117184 -0.000118 -0.993110 0.166782 -0.000178 -0.985994 0.166781 -0.000171 -0.985994 0.216435 -0.000220 -0.976297 0.216434 -0.000224 -0.976297 0.216436 -0.000225 -0.976297 0.166784 -0.000173 -0.985994 0.166778 -0.000173 -0.985994 0.117186 -0.000121 -0.993110 0.117187 -0.000123 -0.993110 0.066838 -0.000069 -0.997764 0.066840 -0.000071 -0.997764 -0.135378 0.000150 -0.990794 -0.085142 0.000081 -0.996369 -0.085128 0.000083 -0.996370 -0.035109 0.000029 -0.999384 -0.035118 0.000036 -0.999383 0.015507 -0.000019 -0.999880 0.015476 -0.000016 -0.999880 0.015507 -0.000003 -0.999880 -0.035108 0.000046 -0.999384 -0.035092 0.000035 -0.999384 -0.085143 0.000098 -0.996369 -0.085111 0.000087 -0.996371 -0.135379 0.000139 -0.990794 -0.135380 0.000137 -0.990794 -0.332074 0.000349 -0.943253 -0.283925 0.000288 -0.958847 -0.283944 0.000295 -0.958841 -0.235558 0.000253 -0.971860 -0.235551 0.000243 -0.971862 -0.186144 0.000193 -0.982522 -0.186114 0.000193 -0.982528 -0.186147 0.000193 -0.982522 -0.235560 0.000230 -0.971860 -0.235573 0.000240 -0.971857 -0.283942 0.000293 -0.958842 -0.283963 0.000294 -0.958835 -0.332056 0.000339 -0.943260 -0.332055 0.000344 -0.943260 -0.515139 0.000516 -0.857106 -0.471160 0.000483 -0.882047 -0.471167 0.000486 -0.882044 -0.426365 0.000443 -0.904551 -0.426369 0.000437 -0.904549 -0.380073 0.000393 -0.924956 -0.380088 0.000391 -0.924950 -0.380065 0.000397 -0.924960 -0.426371 0.000449 -0.904549 -0.426352 0.000444 -0.904557 -0.471155 0.000489 -0.882050 -0.471138 0.000486 -0.882059 -0.515148 0.000536 -0.857101 -0.515120 0.000533 -0.857118 -0.677122 0.000699 -0.735870 -0.639034 0.000656 -0.769178 -0.639069 0.000660 -0.769149 -0.599705 0.000621 -0.800221 -0.599715 0.000622 -0.800214 -0.558530 0.000578 -0.829484 -0.558497 0.000575 -0.829506 -0.558515 0.000584 -0.829494 -0.599713 0.000610 -0.800215 -0.599738 0.000614 -0.800197 -0.639026 0.000656 -0.769185 -0.639053 0.000664 -0.769162 -0.677153 0.000698 -0.735842 -0.677114 0.000700 -0.735878 -0.811440 0.000827 -0.584435 -0.780777 0.000800 -0.624810 -0.780828 0.000804 -0.624745 -0.748514 0.000765 -0.663118 -0.748528 0.000773 -0.663103 -0.714046 0.000738 -0.700098 -0.714061 0.000737 -0.700084 -0.714037 0.000740 -0.700108 -0.748514 0.000771 -0.663119 -0.748532 0.000781 -0.663099 -0.780777 0.000808 -0.624809 -0.780803 0.000810 -0.624777 -0.811410 0.000844 -0.584476 -0.811396 0.000838 -0.584496 -0.373247 0.000375 0.927732 -0.348414 0.000353 0.937341 -0.348422 0.000354 0.937338 -0.323439 0.000332 0.946249 -0.323425 0.000333 0.946254 -0.298143 0.000308 0.954521 -0.298146 0.000310 0.954520 -0.298145 0.000298 0.954521 -0.323440 0.000339 0.946249 -0.323431 0.000337 0.946252 -0.348417 0.000366 0.937340 -0.348427 0.000359 0.937336 -0.373248 0.000389 0.927732 -0.373249 0.000386 0.927731 -0.469729 0.000472 0.882811 -0.446085 0.000447 0.894991 -0.446081 0.000459 0.894993 -0.422186 0.000434 0.906509 -0.422179 0.000433 0.906513 -0.397919 0.000412 0.917421 -0.397901 0.000411 0.917428 -0.397920 0.000408 0.917420 -0.422185 0.000434 0.906509 -0.422193 0.000440 0.906506 -0.446086 0.000461 0.894990 -0.446095 0.000465 0.894986 -0.469728 0.000489 0.882811 -0.469742 0.000485 0.882804 -0.560929 0.000579 0.827864 -0.538696 0.000542 0.842500 -0.538686 0.000567 0.842507 -0.516148 0.000536 0.856499 -0.516150 0.000540 0.856498 -0.493157 0.000516 0.869941 -0.493180 0.000510 0.869927 -0.493159 0.000493 0.869939 -0.516148 0.000529 0.856499 -0.516137 0.000522 0.856506 -0.538702 0.000556 0.842496 -0.538682 0.000552 0.842509 -0.560926 0.000579 0.827866 -0.560927 0.000581 0.827865 -0.645722 0.000660 0.763572 -0.625196 0.000637 0.780467 -0.625193 0.000637 0.780470 -0.604269 0.000617 0.796780 -0.604253 0.000628 0.796792 -0.582851 0.000602 0.812579 -0.582845 0.000604 0.812583 -0.582854 0.000593 0.812577 -0.604268 0.000610 0.796781 -0.604264 0.000631 0.796784 -0.625187 0.000651 0.780475 -0.625208 0.000648 0.780458 -0.645726 0.000670 0.763569 -0.645732 0.000666 0.763564 -0.723232 0.000743 0.690604 -0.704612 0.000732 0.709592 -0.704605 0.000726 0.709600 -0.685551 0.000712 0.728025 -0.685544 0.000705 0.728031 -0.665898 0.000693 0.746043 -0.665919 0.000688 0.746023 -0.665901 0.000674 0.746040 -0.685553 0.000705 0.728022 -0.685540 0.000709 0.728035 -0.704612 0.000725 0.709593 -0.704611 0.000728 0.709594 -0.723230 0.000749 0.690607 -0.723240 0.000748 0.690596 -0.792555 0.000830 0.609800 -0.776053 0.000814 0.630667 -0.776051 0.000809 0.630670 -0.759035 0.000790 0.651050 -0.759043 0.000787 0.651040 -0.741427 0.000772 0.671033 -0.741442 0.000765 0.671017 -0.741430 0.000758 0.671030 -0.759037 0.000766 0.651047 -0.759024 0.000780 0.651062 -0.776055 0.000797 0.630665 -0.776042 0.000797 0.630681 -0.792550 0.000815 0.609807 -0.792549 0.000819 0.609808 -0.852874 0.000878 0.522116 -0.838685 0.000861 0.544617 -0.838680 0.000862 0.544624 -0.823945 0.000847 0.566669 -0.823933 0.000851 0.566686 -0.808567 0.000835 0.588404 -0.808568 0.000834 0.588402 -0.808566 0.000838 0.588405 -0.823941 0.000854 0.566675 -0.823943 0.000854 0.566673 -0.838681 0.000868 0.544622 -0.838688 0.000869 0.544612 -0.852874 0.000883 0.522117 -0.852879 0.000881 0.522108 -0.903531 0.000923 0.428523 -0.891821 0.000908 0.452387 -0.891818 0.000916 0.452394 -0.879513 0.000905 0.475875 -0.879504 0.000910 0.475890 -0.866530 0.000894 0.499124 -0.866529 0.000896 0.499126 -0.866527 0.000892 0.499129 -0.879517 0.000908 0.475867 -0.879512 0.000912 0.475876 -0.891823 0.000925 0.452383 -0.891826 0.000926 0.452377 -0.903527 0.000937 0.428530 -0.903543 0.000933 0.428497 -0.944002 0.001014 0.329939 -0.934861 0.001003 0.355012 -0.934875 0.000983 0.354977 -0.925085 0.000973 0.379758 -0.925112 0.000965 0.379694 -0.914650 0.000953 0.404247 -0.914674 0.000944 0.404192 -0.914651 0.000922 0.404245 -0.925088 0.000929 0.379752 -0.925083 0.000937 0.379764 -0.934859 0.000946 0.355018 -0.934844 0.000955 0.355057 -0.944002 0.000962 0.329937 -0.943970 0.000975 0.330031 -0.973698 0.000999 0.227841 -0.967285 0.000993 0.253689 -0.967289 0.000988 0.253677 -0.960220 0.000981 0.279243 -0.960218 0.000981 0.279251 -0.952477 0.000972 0.304608 -0.952456 0.000984 0.304675 -0.952477 0.001016 0.304609 -0.960221 0.001020 0.279240 -0.960235 0.001006 0.279193 -0.967283 0.001012 0.253699 -0.967298 0.001001 0.253640 -0.973699 0.001008 0.227836 -0.973703 0.001006 0.227820 -0.992411 0.001054 0.122961 -0.988775 0.001049 0.149406 -0.988782 0.001033 0.149362 -0.984457 0.001030 0.175622 -0.984464 0.001019 0.175584 -0.979441 0.001014 0.201726 -0.979445 0.001012 0.201709 -0.979442 0.001006 0.201723 -0.984457 0.001008 0.175625 -0.984459 0.001006 0.175612 -0.988776 0.001009 0.149404 -0.988774 0.001013 0.149418 -0.992411 0.001016 0.122964 -0.992403 0.001025 0.123029 -0.999858 0.001049 0.016808 -0.999053 0.001048 0.043499 -0.999055 0.001031 0.043456 -0.997548 0.001030 0.069986 -0.997549 0.001024 0.069957 -0.995342 0.001021 0.096404 -0.995336 0.001028 0.096458 -0.995341 0.001049 0.096407 -0.997547 0.001051 0.069989 -0.997551 0.001032 0.069935 -0.999053 0.001034 0.043500 -0.999055 0.001027 0.043464 -0.999858 0.001027 0.016806 -0.999858 0.001033 0.016848 -0.995982 0.001039 -0.089546 -0.998016 0.001041 -0.062956 -0.998014 0.001029 -0.062984 -0.999335 0.001030 -0.036456 -0.999334 0.001027 -0.036472 -0.999950 0.001027 -0.009930 -0.999951 0.001033 -0.009886 -0.999950 0.001050 -0.009930 -0.999335 0.001049 -0.036458 -0.999334 0.001035 -0.036489 -0.998016 0.001033 -0.062957 -0.998014 0.001028 -0.062980 -0.995982 0.001025 -0.089552 -0.995984 0.001029 -0.089523 -0.980820 0.001027 -0.194914 -0.985670 0.001032 -0.168683 -0.985664 0.001018 -0.168720 -0.989798 0.001024 -0.142473 -0.989795 0.001018 -0.142495 -0.993230 0.001021 -0.116157 -0.993235 0.001026 -0.116114 -0.993231 0.001041 -0.116149 -0.989799 0.001037 -0.142468 -0.989793 0.001021 -0.142511 -0.985669 0.001017 -0.168688 -0.985666 0.001014 -0.168704 -0.980819 0.001008 -0.194915 -0.980826 0.001014 -0.194885 -0.954548 0.000995 -0.298057 -0.962155 0.001003 -0.272500 -0.962145 0.000993 -0.272535 -0.969048 0.001000 -0.246869 -0.969042 0.000997 -0.246893 -0.975257 0.001003 -0.221072 -0.975265 0.001008 -0.221037 -0.975258 0.001022 -0.221067 -0.969046 0.001017 -0.246877 -0.969039 0.001002 -0.246905 -0.962153 0.000997 -0.272509 -0.962147 0.000990 -0.272530 -0.954549 0.000983 -0.298051 -0.954555 0.000986 -0.298034 -0.917474 0.000941 -0.397796 -0.927733 0.000956 -0.373244 -0.927731 0.000952 -0.373249 -0.937306 0.000963 -0.348505 -0.937310 0.000962 -0.348494 -0.946234 0.000972 -0.323483 -0.946248 0.000977 -0.323442 -0.946234 0.000996 -0.323483 -0.937306 0.000986 -0.348505 -0.937299 0.000976 -0.348526 -0.927734 0.000963 -0.373241 -0.927724 0.000960 -0.373267 -0.917474 0.000948 -0.397794 -0.917471 0.000948 -0.397801 -0.869986 0.000894 -0.493076 -0.882795 0.000908 -0.469758 -0.882798 0.000912 -0.469752 -0.894950 0.000925 -0.446166 -0.894954 0.000924 -0.446157 -0.906502 0.000937 -0.422200 -0.906502 0.000936 -0.422201 -0.906504 0.000937 -0.422196 -0.894952 0.000929 -0.446162 -0.894952 0.000925 -0.446161 -0.882795 0.000912 -0.469758 -0.882796 0.000912 -0.469755 -0.869989 0.000901 -0.493071 -0.869992 0.000899 -0.493065 -0.812679 0.000818 -0.582712 -0.827858 0.000841 -0.560938 -0.827875 0.000845 -0.560912 -0.842435 0.000858 -0.538797 -0.842458 0.000869 -0.538761 -0.856489 0.000885 -0.516164 -0.856488 0.000885 -0.516166 -0.856489 0.000885 -0.516165 -0.842436 0.000875 -0.538797 -0.842446 0.000885 -0.538780 -0.827858 0.000861 -0.560937 -0.827849 0.000865 -0.560951 -0.812685 0.000846 -0.582703 -0.812646 0.000840 -0.582757 -0.746122 0.000748 -0.665809 -0.763517 0.000773 -0.645787 -0.763550 0.000790 -0.645748 -0.780392 0.000807 -0.625290 -0.780409 0.000814 -0.625269 -0.796801 0.000831 -0.604241 -0.796779 0.000822 -0.604270 -0.796806 0.000806 -0.604235 -0.780398 0.000786 -0.625282 -0.780421 0.000804 -0.625255 -0.763523 0.000786 -0.645781 -0.763543 0.000796 -0.645756 -0.746115 0.000779 -0.665817 -0.746092 0.000769 -0.665842 -0.671141 0.000678 -0.741330 -0.690562 0.000698 -0.723273 -0.690602 0.000708 -0.723235 -0.709499 0.000729 -0.704706 -0.709532 0.000738 -0.704673 -0.728051 0.000756 -0.685522 -0.728030 0.000752 -0.685545 -0.728052 0.000742 -0.685522 -0.709501 0.000725 -0.704704 -0.709528 0.000733 -0.704677 -0.690566 0.000715 -0.723269 -0.690576 0.000721 -0.723260 -0.671140 0.000699 -0.741330 -0.671101 0.000693 -0.741366 -0.588520 0.000583 -0.808482 -0.609759 0.000624 -0.792587 -0.609791 0.000633 -0.792562 -0.630581 0.000654 -0.776124 -0.630595 0.000659 -0.776112 -0.651080 0.000681 -0.759009 -0.651043 0.000673 -0.759041 -0.651084 0.000648 -0.759005 -0.630576 0.000631 -0.776127 -0.630612 0.000650 -0.776098 -0.609770 0.000624 -0.792578 -0.609787 0.000631 -0.792566 -0.588515 0.000616 -0.808486 -0.588486 0.000609 -0.808507 -0.499216 0.000511 -0.866478 -0.522065 0.000542 -0.852905 -0.522088 0.000553 -0.852892 -0.544537 0.000569 -0.838737 -0.544529 0.000569 -0.838742 -0.566714 0.000586 -0.823914 -0.566682 0.000586 -0.823936 -0.566710 0.000579 -0.823917 -0.544541 0.000549 -0.838734 -0.544560 0.000555 -0.838722 -0.522065 0.000525 -0.852905 -0.522100 0.000539 -0.852884 -0.499219 0.000516 -0.866476 -0.499225 0.000516 -0.866472 -0.404322 0.000405 -0.914617 -0.428483 0.000427 -0.903550 -0.428486 0.000436 -0.903548 -0.452289 0.000468 -0.891872 -0.452302 0.000466 -0.891864 -0.475887 0.000493 -0.879506 -0.475884 0.000491 -0.879508 -0.475885 0.000490 -0.879507 -0.452288 0.000468 -0.891872 -0.452299 0.000468 -0.891866 -0.428481 0.000451 -0.903551 -0.428481 0.000446 -0.903551 -0.404320 0.000421 -0.914618 -0.404302 0.000419 -0.914625 -0.304763 0.000321 -0.952428 -0.330013 0.000366 -0.943976 -0.329996 0.000343 -0.943982 -0.354954 0.000373 -0.934884 -0.354945 0.000372 -0.934887 -0.379716 0.000392 -0.925103 -0.379684 0.000392 -0.925116 -0.379716 0.000393 -0.925103 -0.354954 0.000353 -0.934884 -0.354974 0.000360 -0.934876 -0.330011 0.000329 -0.943977 -0.330024 0.000340 -0.943973 -0.304759 0.000312 -0.952429 -0.304792 0.000315 -0.952419 -0.201796 0.000212 -0.979428 -0.227818 0.000251 -0.973704 -0.227810 0.000237 -0.973706 -0.253587 0.000268 -0.967313 -0.253564 0.000256 -0.967319 -0.279196 0.000285 -0.960234 -0.279211 0.000290 -0.960230 -0.279195 0.000296 -0.960234 -0.253587 0.000271 -0.967313 -0.253565 0.000259 -0.967318 -0.227819 0.000230 -0.973704 -0.227824 0.000234 -0.973702 -0.201796 0.000208 -0.979428 -0.201811 0.000208 -0.979425 -0.096578 0.000098 -0.995325 -0.123037 0.000129 -0.992402 -0.123029 0.000121 -0.992403 -0.149313 0.000153 -0.988790 -0.149310 0.000149 -0.988790 -0.175542 0.000172 -0.984472 -0.175574 0.000182 -0.984466 -0.175541 0.000207 -0.984472 -0.149315 0.000149 -0.988790 -0.149289 0.000163 -0.988794 -0.123037 0.000132 -0.992402 -0.123021 0.000129 -0.992404 -0.096578 0.000100 -0.995325 -0.096579 0.000100 -0.995325 0.009760 -0.000011 -0.999952 -0.016840 0.000014 -0.999858 -0.016840 0.000017 -0.999858 -0.043361 0.000044 -0.999059 -0.043361 0.000045 -0.999059 -0.069921 0.000072 -0.997553 -0.069921 0.000073 -0.997553 -0.069921 0.000070 -0.997553 -0.043361 0.000047 -0.999060 -0.043361 0.000044 -0.999059 -0.016840 0.000017 -0.999858 -0.016840 0.000018 -0.999858 0.009760 -0.000009 -0.999952 0.009761 -0.000011 -0.999952 0.116019 -0.000122 -0.993247 0.089537 -0.000095 -0.995984 0.089536 -0.000094 -0.995984 0.063081 -0.000064 -0.998008 0.063081 -0.000065 -0.998008 0.036501 -0.000041 -0.999334 0.036500 -0.000037 -0.999334 0.036500 -0.000037 -0.999334 0.063080 -0.000068 -0.998008 0.063081 -0.000065 -0.998008 0.089536 -0.000092 -0.995984 0.089536 -0.000092 -0.995984 0.116020 -0.000118 -0.993247 0.116015 -0.000121 -0.993247 0.220958 -0.000211 -0.975283 0.194872 -0.000203 -0.980829 0.194899 -0.000194 -0.980823 0.168787 -0.000176 -0.985653 0.168805 -0.000174 -0.985649 0.142512 -0.000147 -0.989793 0.142515 -0.000148 -0.989793 0.142512 -0.000147 -0.989793 0.168790 -0.000169 -0.985652 0.168798 -0.000174 -0.985651 0.194872 -0.000203 -0.980829 0.194875 -0.000205 -0.980828 0.220959 -0.000233 -0.975283 0.220923 -0.000229 -0.975291 0.323351 -0.000330 -0.946279 0.298027 -0.000298 -0.954557 0.298047 -0.000309 -0.954551 0.272592 -0.000281 -0.962130 0.272604 -0.000290 -0.962126 0.246940 -0.000263 -0.969031 0.246915 -0.000255 -0.969037 0.246940 -0.000237 -0.969031 0.272597 -0.000264 -0.962128 0.272615 -0.000278 -0.962123 0.298025 -0.000305 -0.954558 0.298051 -0.000311 -0.954550 0.323353 -0.000335 -0.946278 0.323339 -0.000334 -0.946283 0.422053 -0.000462 -0.906571 0.397798 -0.000414 -0.917473 0.397800 -0.000426 -0.917472 0.373349 -0.000397 -0.927691 0.373318 -0.000386 -0.927703 0.348563 -0.000369 -0.937285 0.348527 -0.000360 -0.937299 0.348559 -0.000333 -0.937287 0.373360 -0.000386 -0.927686 0.373353 -0.000372 -0.927689 0.397804 -0.000397 -0.917470 0.397831 -0.000410 -0.917459 0.422049 -0.000428 -0.906573 0.422088 -0.000436 -0.906555 0.516039 -0.000536 -0.856565 0.493112 -0.000522 -0.869966 0.493096 -0.000510 -0.869975 0.469841 -0.000488 -0.882751 0.469833 -0.000483 -0.882755 0.446166 -0.000455 -0.894950 0.446180 -0.000462 -0.894943 0.446168 -0.000477 -0.894949 0.469850 -0.000488 -0.882746 0.469822 -0.000486 -0.882761 0.493108 -0.000508 -0.869968 0.493100 -0.000506 -0.869973 0.516041 -0.000532 -0.856564 0.516076 -0.000534 -0.856543 0.604184 -0.000630 -0.796845 0.582776 -0.000603 -0.812632 0.582765 -0.000596 -0.812641 0.561016 -0.000576 -0.827805 0.561013 -0.000576 -0.827807 0.538741 -0.000552 -0.842471 0.538776 -0.000556 -0.842449 0.538738 -0.000571 -0.842473 0.561019 -0.000583 -0.827803 0.560993 -0.000587 -0.827820 0.582771 -0.000607 -0.812636 0.582759 -0.000602 -0.812645 0.604183 -0.000625 -0.796845 0.604192 -0.000623 -0.796839 0.685460 -0.000709 -0.728110 0.665846 -0.000692 -0.746089 0.665859 -0.000685 -0.746077 0.645805 -0.000668 -0.763502 0.645803 -0.000665 -0.763504 0.625269 -0.000645 -0.780409 0.625264 -0.000646 -0.780413 0.625264 -0.000649 -0.780413 0.645811 -0.000664 -0.763497 0.645805 -0.000670 -0.763502 0.665860 -0.000688 -0.746077 0.665835 -0.000689 -0.746099 0.685464 -0.000708 -0.728106 0.685454 -0.000708 -0.728116 0.758959 -0.000789 -0.651138 0.741371 -0.000773 -0.671095 0.741378 -0.000765 -0.671088 0.723310 -0.000746 -0.690523 0.723312 -0.000748 -0.690521 0.704684 -0.000726 -0.709521 0.704680 -0.000728 -0.709525 0.704694 -0.000731 -0.709511 0.723317 -0.000746 -0.690516 0.723317 -0.000747 -0.690516 0.741371 -0.000766 -0.671095 0.741376 -0.000766 -0.671090 0.758963 -0.000783 -0.651133 0.758973 -0.000783 -0.651122 0.823861 -0.000868 -0.566791 0.808510 -0.000854 -0.588482 0.808498 -0.000836 -0.588499 0.792615 -0.000824 -0.609723 0.792602 -0.000820 -0.609739 0.776121 -0.000803 -0.630583 0.776102 -0.000802 -0.630607 0.776117 -0.000796 -0.630588 0.792616 -0.000814 -0.609721 0.792613 -0.000814 -0.609725 0.808507 -0.000827 -0.588487 0.808523 -0.000834 -0.588464 0.823859 -0.000846 -0.566794 0.823882 -0.000851 -0.566761 0.879445 -0.000916 -0.476000 0.866497 -0.000895 -0.499182 0.866478 -0.000893 -0.499215 0.852930 -0.000881 -0.522024 0.852923 -0.000880 -0.522036 0.838742 -0.000867 -0.544529 0.838740 -0.000867 -0.544531 0.838731 -0.000866 -0.544545 0.852934 -0.000888 -0.522018 0.852924 -0.000880 -0.522035 0.866488 -0.000891 -0.499198 0.866483 -0.000896 -0.499205 0.879452 -0.000908 -0.475986 0.879455 -0.000908 -0.475981 0.925083 -0.000946 -0.379763 0.914630 -0.000925 -0.404291 0.914648 -0.000937 -0.404251 0.903576 -0.000927 -0.428427 0.903590 -0.000931 -0.428398 0.891857 -0.000917 -0.452317 0.891867 -0.000923 -0.452296 0.891851 -0.000928 -0.452328 0.903580 -0.000942 -0.428419 0.903580 -0.000940 -0.428418 0.914636 -0.000952 -0.404278 0.914622 -0.000951 -0.404309 0.925087 -0.000958 -0.379754 0.925072 -0.000956 -0.379791 0.960199 -0.000991 -0.279316 0.952425 -0.000980 -0.304772 0.952421 -0.000987 -0.304785 0.943997 -0.000980 -0.329952 0.943995 -0.000979 -0.329957 0.934898 -0.000970 -0.354915 0.934887 -0.000966 -0.354944 0.934898 -0.000951 -0.354915 0.943994 -0.000963 -0.329963 0.944007 -0.000972 -0.329923 0.952420 -0.000981 -0.304786 0.952428 -0.000985 -0.304762 0.960201 -0.000992 -0.279307 0.960198 -0.000992 -0.279318 0.984454 -0.001000 -0.175638 0.979423 -0.000993 -0.201814 0.979428 -0.001006 -0.201793 0.973717 -0.001000 -0.227758 0.973724 -0.001004 -0.227730 0.967323 -0.000998 -0.253544 0.967319 -0.000999 -0.253559 0.967317 -0.001000 -0.253569 0.973718 -0.001007 -0.227753 0.973723 -0.001012 -0.227733 0.979422 -0.001018 -0.201819 0.979425 -0.001018 -0.201804 0.984454 -0.001023 -0.175638 0.984444 -0.001016 -0.175698 0.997547 -0.001006 -0.069990 0.995325 -0.001003 -0.096582 0.995328 -0.001024 -0.096552 0.992406 -0.001020 -0.123003 0.992415 -0.001030 -0.122931 0.988795 -0.001026 -0.149276 0.988793 -0.001020 -0.149286 0.988795 -0.001010 -0.149279 0.992410 -0.001014 -0.122968 0.992411 -0.001030 -0.122963 0.995325 -0.001033 -0.096578 0.995325 -0.001037 -0.096573 0.997547 -0.001039 -0.069995 0.997544 -0.001030 -0.070041 0.999336 -0.001020 0.036420 0.999952 -0.001020 0.009736 0.999952 -0.001038 0.009789 0.999859 -0.001038 -0.016785 0.999859 -0.001040 -0.016758 0.999061 -0.001040 -0.043307 0.999060 -0.001032 -0.043344 0.999062 -0.001010 -0.043291 0.999858 -0.001011 -0.016800 0.999860 -0.001028 -0.016731 0.999952 -0.001028 0.009735 0.999952 -0.001037 0.009780 0.999336 -0.001037 0.036427 0.999338 -0.001032 0.036364 0.989800 -0.001001 0.142464 0.993250 -0.001005 0.115986 0.993246 -0.001023 0.116023 0.995980 -0.001026 0.089567 0.995975 -0.001033 0.089631 0.998005 -0.001035 0.063132 0.998008 -0.001030 0.063088 0.998007 -0.001019 0.063104 0.995979 -0.001017 0.089584 0.995977 -0.001032 0.089609 0.993251 -0.001030 0.115982 0.993248 -0.001033 0.116006 0.989801 -0.001030 0.142452 0.989808 -0.001023 0.142403 0.969067 -0.001008 0.246795 0.975300 -0.001014 0.220880 0.975290 -0.001019 0.220925 0.980808 -0.001024 0.194976 0.980812 -0.001020 0.194953 0.985639 -0.001026 0.168863 0.985645 -0.001019 0.168826 0.985637 -0.000993 0.168872 0.980811 -0.000990 0.194957 0.980803 -0.001002 0.195000 0.975294 -0.000997 0.220911 0.975289 -0.001006 0.220933 0.969068 -0.000999 0.246791 0.969057 -0.001001 0.246836 0.937344 -0.000968 0.348405 0.946279 -0.000980 0.323350 0.946279 -0.000977 0.323350 0.954529 -0.000988 0.298118 0.954521 -0.000985 0.298143 0.962125 -0.000995 0.272608 0.962120 -0.000993 0.272624 0.962125 -0.000991 0.272608 0.954522 -0.000986 0.298140 0.954521 -0.000985 0.298142 0.946283 -0.000976 0.323338 0.946280 -0.000977 0.323346 0.937336 -0.000967 0.348425 0.937339 -0.000967 0.348417 0.895012 -0.000941 0.446042 0.906537 -0.000949 0.422125 0.906561 -0.000938 0.422074 0.917420 -0.000952 0.397920 0.917438 -0.000948 0.397878 0.927678 -0.000962 0.373381 0.927692 -0.000957 0.373346 0.927677 -0.000954 0.373382 0.917424 -0.000942 0.397910 0.917427 -0.000946 0.397904 0.906544 -0.000932 0.422111 0.906537 -0.000934 0.422124 0.895009 -0.000921 0.446048 0.894994 -0.000924 0.446077 0.842527 -0.000885 0.538653 0.856536 -0.000908 0.516087 0.856546 -0.000884 0.516070 0.869922 -0.000895 0.493188 0.869933 -0.000898 0.493170 0.882749 -0.000910 0.469843 0.882754 -0.000913 0.469834 0.882757 -0.000917 0.469828 0.869926 -0.000908 0.493182 0.869930 -0.000899 0.493174 0.856526 -0.000881 0.516103 0.856542 -0.000881 0.516077 0.842526 -0.000867 0.538655 0.842514 -0.000869 0.538674 0.780499 -0.000820 0.625156 0.796818 -0.000834 0.604219 0.796842 -0.000822 0.604187 0.812568 -0.000841 0.582865 0.812575 -0.000837 0.582856 0.827833 -0.000853 0.560974 0.827799 -0.000855 0.561024 0.827825 -0.000863 0.560986 0.812570 -0.000847 0.582863 0.812586 -0.000841 0.582841 0.796816 -0.000827 0.604221 0.796833 -0.000819 0.604200 0.780504 -0.000801 0.625151 0.780478 -0.000807 0.625183 0.709644 -0.000741 0.704560 0.728071 -0.000773 0.685501 0.728096 -0.000758 0.685475 0.746012 -0.000776 0.665932 0.746035 -0.000768 0.665907 0.763505 -0.000785 0.645802 0.763485 -0.000789 0.645825 0.763500 -0.000797 0.645807 0.746020 -0.000780 0.665923 0.746029 -0.000766 0.665913 0.728070 -0.000749 0.685502 0.728082 -0.000743 0.685490 0.709641 -0.000729 0.704564 0.709612 -0.000735 0.704592 0.630743 -0.000668 0.775992 0.651078 -0.000705 0.759010 0.651128 -0.000673 0.758968 0.670979 -0.000698 0.741476 0.671010 -0.000688 0.741448 0.690547 -0.000711 0.723287 0.690514 -0.000712 0.723319 0.690551 -0.000731 0.723283 0.670974 -0.000705 0.741481 0.671016 -0.000694 0.741443 0.651092 -0.000671 0.758999 0.651099 -0.000664 0.758993 0.630744 -0.000643 0.775991 0.630681 -0.000654 0.776042 0.544613 -0.000562 0.838687 0.566716 -0.000583 0.823913 0.566735 -0.000573 0.823900 0.588401 -0.000603 0.808569 0.588391 -0.000598 0.808577 0.609773 -0.000620 0.792576 0.609717 -0.000633 0.792619 0.609772 -0.000651 0.792576 0.588406 -0.000637 0.808566 0.588436 -0.000616 0.808544 0.566725 -0.000603 0.823907 0.566749 -0.000584 0.823890 0.544612 -0.000561 0.838688 0.544622 -0.000565 0.838682 0.452467 -0.000505 0.891781 0.475960 -0.000529 0.879467 0.476000 -0.000504 0.879445 0.499099 -0.000529 0.866545 0.499141 -0.000521 0.866521 0.522001 -0.000543 0.852945 0.522018 -0.000539 0.852934 0.521998 -0.000535 0.852947 0.499099 -0.000515 0.866545 0.499112 -0.000499 0.866537 0.475958 -0.000475 0.879468 0.475937 -0.000482 0.879479 0.452471 -0.000453 0.891779 0.452402 -0.000468 0.891814 0.354985 -0.000344 0.934872 0.379746 -0.000366 0.925091 0.379730 -0.000378 0.925097 0.404229 -0.000393 0.914658 0.404180 -0.000404 0.914679 0.428466 -0.000435 0.903558 0.428392 -0.000442 0.903593 0.428468 -0.000475 0.903557 0.404216 -0.000447 0.914664 0.404261 -0.000446 0.914643 0.379750 -0.000414 0.925089 0.379804 -0.000397 0.925067 0.354981 -0.000376 0.934873 0.355048 -0.000365 0.934848 0.253661 -0.000267 0.967293 0.279317 -0.000285 0.960199 0.279307 -0.000291 0.960202 0.304709 -0.000319 0.952446 0.304714 -0.000324 0.952444 0.329883 -0.000344 0.944022 0.329915 -0.000341 0.944010 0.329884 -0.000327 0.944021 0.304713 -0.000298 0.952444 0.304683 -0.000305 0.952454 0.279314 -0.000285 0.960200 0.279298 -0.000289 0.960205 0.253661 -0.000263 0.967293 0.253663 -0.000261 0.967293 0.149405 -0.000161 0.988776 0.175672 -0.000190 0.984449 0.175673 -0.000178 0.984449 0.201737 -0.000210 0.979440 0.201728 -0.000209 0.979442 0.227700 -0.000240 0.973731 0.227718 -0.000235 0.973727 0.227699 -0.000225 0.973731 0.201741 -0.000203 0.979439 0.201721 -0.000208 0.979443 0.175673 -0.000176 0.984449 0.175672 -0.000182 0.984449 0.149407 -0.000154 0.988776 0.149406 -0.000154 0.988776 0.043442 -0.000042 0.999056 0.070029 -0.000054 0.997545 0.070019 -0.000078 0.997546 0.096484 -0.000102 0.995335 0.096477 -0.000096 0.995335 0.122927 -0.000122 0.992416 0.122913 -0.000128 0.992417 0.122927 -0.000143 0.992416 0.096481 -0.000095 0.995335 0.096492 -0.000105 0.995334 0.070027 -0.000081 0.997545 0.070034 -0.000069 0.997545 0.043442 -0.000045 0.999056 0.043458 -0.000045 0.999055 -0.062995 0.000062 0.998014 -0.036381 0.000041 0.999338 -0.036397 0.000042 0.999337 -0.009860 0.000014 0.999951 -0.009871 0.000008 0.999951 0.016718 -0.000018 0.999860 0.016735 -0.000016 0.999860 0.016718 -0.000021 0.999860 -0.009860 0.000027 0.999951 -0.009876 0.000009 0.999951 -0.036380 0.000041 0.999338 -0.036392 0.000034 0.999338 -0.062995 0.000068 0.998014 -0.062979 0.000065 0.998015 -0.168702 0.000169 0.985667 -0.142399 0.000149 0.989810 -0.142408 0.000141 0.989808 -0.116104 0.000115 0.993237 -0.116100 0.000117 0.993238 -0.089654 0.000091 0.995973 -0.089637 0.000094 0.995974 -0.089655 0.000091 0.995973 -0.116104 0.000136 0.993237 -0.116115 0.000120 0.993236 -0.142400 0.000149 0.989809 -0.142416 0.000148 0.989807 -0.168700 0.000172 0.985668 -0.168699 0.000177 0.985668 -0.272546 0.000299 0.962143 -0.246807 0.000244 0.969065 -0.246822 0.000258 0.969061 -0.221019 0.000230 0.975270 -0.221017 0.000227 0.975270 -0.194999 0.000204 0.980804 -0.194998 0.000200 0.980804 -0.195001 0.000203 0.980803 -0.221014 0.000217 0.975271 -0.221017 0.000234 0.975270 -0.246806 0.000251 0.969065 -0.246819 0.000257 0.969062 -0.272547 0.000276 0.962143 -0.272527 0.000281 0.962148 0.001025 1.000000 0.000001 0.001026 1.000000 0.000001 0.001032 1.000000 -0.000001 0.001023 1.000000 0.000001 0.001037 1.000000 0.000001 0.001070 1.000000 0.000001 0.000997 1.000000 -0.000001 0.001056 1.000000 0.000001 0.001017 1.000000 -0.000001 0.001025 1.000000 -0.000000 0.001065 1.000000 0.000002 0.001007 1.000000 -0.000001 0.001036 1.000000 -0.000002 0.001030 1.000000 0.000001 0.001038 1.000000 0.000000 0.001045 1.000000 -0.000001 0.001060 1.000000 0.000003 0.001024 1.000000 0.000000 0.001035 1.000000 -0.000001 0.001021 1.000000 -0.000000 0.001033 1.000000 -0.000003 0.001020 1.000000 0.000003 0.001022 1.000000 -0.000003 0.001051 1.000000 -0.000000 0.001027 1.000000 -0.000001 0.001017 1.000000 -0.000003 0.001050 1.000000 0.000002 0.001010 1.000000 -0.000001 0.001033 1.000000 0.000000 0.001036 1.000000 -0.000002 0.001033 1.000000 0.000001 0.001038 1.000000 0.000000 0.001028 1.000000 0.000001 0.001038 1.000000 -0.000001 0.001043 1.000000 -0.000000 0.001029 1.000000 0.000002 0.001048 1.000000 -0.000001 0.001001 1.000000 -0.000002 0.001053 1.000000 0.000001 0.001038 1.000000 0.000000 0.001005 1.000000 -0.000001 0.001035 1.000000 0.000003 0.001033 1.000000 0.000000 0.001036 1.000000 -0.000001 0.001038 1.000000 -0.000000 0.001051 1.000000 0.000002 0.001024 1.000000 -0.000002 0.001005 1.000000 -0.000003 0.001060 1.000000 0.000005 0.001020 1.000000 -0.000001 0.001052 1.000000 -0.000003 0.000999 1.000000 0.000002 0.001055 1.000000 -0.000001 0.001033 1.000000 0.000000 0.001033 1.000000 -0.000003 0.001034 1.000000 0.000004 0.001031 1.000000 -0.000002 0.001033 1.000000 -0.000003 0.001036 1.000000 0.000001 0.001031 1.000000 0.000002 0.001033 1.000000 -0.000004 0.001034 1.000000 0.000003 0.001028 1.000000 -0.000007 0.001032 1.000000 0.000006 0.001029 1.000000 -0.000001 0.001041 1.000000 -0.000004 0.001033 1.000000 0.000003 0.001033 1.000000 0.000000 0.001032 1.000000 -0.000002 0.001032 1.000000 -0.000001 0.001033 1.000000 -0.000001 0.001033 1.000000 -0.000000 0.001033 1.000000 0.000001 0.001033 1.000000 -0.000002 0.001031 1.000000 0.000003 0.001033 1.000000 0.000000 0.001033 1.000000 -0.000003 0.001033 1.000000 0.000002 0.001032 1.000000 0.000004 0.001033 1.000000 0.000000 0.001036 1.000000 -0.000006 0.001033 1.000000 -0.000002 0.001033 1.000000 0.000002 0.001034 1.000000 -0.000001 0.001033 1.000000 0.000001 0.001033 1.000000 -0.000002 0.001034 1.000000 -0.000002 0.001031 1.000000 0.000001 0.001034 1.000000 -0.000001 0.001034 1.000000 0.000000 0.001036 1.000000 -0.000000 0.001033 1.000000 -0.000001 0.001031 1.000000 0.000002 0.001034 1.000000 0.000000 0.001031 1.000000 0.000004 0.001021 1.000000 -0.000001 0.001041 1.000000 -0.000001 0.001027 1.000000 0.000004 0.001032 1.000000 0.000000 0.001031 1.000000 -0.000003 0.001033 1.000000 0.000001 0.001037 1.000000 0.000000 0.001038 1.000000 -0.000001 0.001034 1.000000 -0.000002 0.001031 1.000000 0.000003 0.001037 1.000000 -0.000000 0.001022 1.000000 -0.000007 0.001038 1.000000 0.000002 0.001032 1.000000 0.000002 0.001033 1.000000 0.000004 0.001034 1.000000 -0.000001 0.001032 1.000000 0.000000 0.001037 1.000000 -0.000001 0.001027 1.000000 0.000001 0.001031 1.000000 0.000000 0.001034 1.000000 -0.000001 0.001034 1.000000 0.000000 0.001030 1.000000 0.000002 0.001028 1.000000 0.000000 0.001027 1.000000 0.000001 0.001038 1.000000 0.000000 0.001040 1.000000 -0.000001 0.001041 1.000000 0.000000 0.001032 1.000000 -0.000001 0.001022 1.000000 -0.000003 0.001053 1.000000 0.000001 0.001032 1.000000 0.000001 0.001032 1.000000 -0.000001 0.001034 1.000000 0.000000 0.001033 1.000000 -0.000000 0.001033 1.000000 0.000000 0.001036 1.000000 -0.000000 0.001029 1.000000 0.000002 0.001036 1.000000 -0.000002 0.001034 1.000000 0.000000 0.001020 1.000000 0.000005 0.001050 1.000000 -0.000006 0.001028 1.000000 -0.000001 0.001034 1.000000 0.000007 0.001031 1.000000 0.000002 0.001032 1.000000 -0.000001 0.001033 1.000000 0.000002 0.001031 1.000000 -0.000002 0.001034 1.000000 0.000001 0.001027 1.000000 0.000001 0.001037 1.000000 -0.000002 0.001033 1.000000 -0.000002 0.001039 1.000000 -0.000007 0.001035 1.000000 0.000000 0.001034 1.000000 0.000005 0.001031 1.000000 -0.000002 0.001030 1.000000 0.000001 0.001035 1.000000 0.000000 0.001036 1.000000 0.000000 0.001034 1.000000 -0.000001 0.001008 1.000000 0.000003 0.001049 1.000000 -0.000000 0.001019 1.000000 -0.000000 0.001048 1.000000 -0.000005 0.001025 1.000000 -0.000001 0.001041 1.000000 0.000000 0.001024 1.000000 -0.000001 0.001039 1.000000 0.000000 0.001051 1.000000 0.000001 0.001040 1.000000 0.000001 0.001015 1.000000 0.000001 0.001044 1.000000 -0.000004 0.001028 1.000000 0.000001 0.001040 1.000000 -0.000000 0.001024 1.000000 -0.000001 0.001036 1.000000 0.000001 0.001050 1.000000 0.000000 0.001008 1.000000 -0.000000 0.001036 1.000000 0.000003 0.001018 1.000000 0.000001 0.001036 1.000000 -0.000000 0.001031 1.000000 -0.000000 0.001041 1.000000 -0.000001 0.001037 1.000000 0.000000 0.001020 1.000000 -0.000000 0.001042 1.000000 0.000000 0.001019 1.000000 0.000000 0.001044 1.000000 -0.000001 0.001036 1.000000 0.000000 0.001037 1.000000 0.000001 0.001035 1.000000 0.000000 0.001025 1.000000 0.000000 0.001038 1.000000 -0.000003 0.001025 1.000000 -0.000001 0.001015 1.000000 -0.000002 0.001024 1.000000 -0.000001 0.001044 1.000000 0.000002 0.001042 1.000000 -0.000000 0.001025 1.000000 -0.000001 0.001059 1.000000 0.000000 0.001029 1.000000 -0.000001 0.001049 1.000000 0.000003 0.001004 1.000000 -0.000003 0.001032 1.000000 -0.000001 0.001027 1.000000 -0.000003 0.001037 1.000000 0.000003 0.001016 1.000000 -0.000003 0.001046 1.000000 -0.000000 0.001052 1.000000 0.000003 0.001030 1.000000 0.000000 0.001014 1.000000 -0.000001 0.001034 1.000000 -0.000000 0.001038 1.000000 0.000002 0.001023 1.000000 0.000001 0.001028 1.000000 0.000000 0.001051 1.000000 -0.000001 0.001053 1.000000 -0.000002 0.001031 1.000000 0.000004 0.001022 1.000000 -0.000002 0.001026 1.000000 -0.000002 0.001047 1.000000 0.000001 0.001040 1.000000 -0.000003 0.001015 1.000000 0.000002 0.001052 1.000000 -0.000003 0.001020 1.000000 0.000001 0.001027 1.000000 0.000001 0.001037 1.000000 -0.000001 0.001027 1.000000 0.000001 0.001025 1.000000 -0.000001 0.001054 1.000000 -0.000000 0.001006 1.000000 -0.000002 0.001051 1.000000 0.000002 0.001028 1.000000 -0.000002 0.001031 1.000000 0.000001 0.001049 1.000000 0.000000 0.001005 1.000000 -0.000001 0.001039 1.000000 -0.000002 0.001024 1.000000 -0.000000 0.001038 1.000000 0.000003 0.001050 1.000000 -0.000000 0.001032 1.000000 0.000002 0.001026 1.000000 -0.000002 0.001039 1.000000 0.000003 0.001012 1.000000 -0.000000 0.001042 1.000000 0.000006 0.001017 1.000000 -0.000003 0.001027 1.000000 0.000002 0.001056 1.000000 -0.000001 0.001033 1.000000 0.000000 0.001035 1.000000 0.000001 0.001034 1.000000 -0.000002 0.001033 1.000000 0.000001 0.001033 1.000000 0.000000 0.001033 1.000000 0.000002 0.001031 1.000000 -0.000001 0.001035 1.000000 0.000001 0.001033 1.000000 -0.000001 0.001032 1.000000 -0.000007 0.001033 1.000000 0.000006 0.001031 1.000000 -0.000001 0.001038 1.000000 -0.000004 0.001033 1.000000 0.000001 0.001032 1.000000 -0.000002 0.001034 1.000000 -0.000001 0.001031 1.000000 0.000001 0.001033 1.000000 0.000001 0.001033 1.000000 0.000002 0.001033 1.000000 -0.000001 0.001033 1.000000 0.000000 0.001033 1.000000 0.000000 0.001034 1.000000 -0.000002 0.001032 1.000000 -0.000001 0.001032 1.000000 0.000000 0.001033 1.000000 0.000004 0.001033 1.000000 0.000000 0.001032 1.000000 -0.000006 0.001033 1.000000 0.000009 0.001033 1.000000 -0.000002 0.001032 1.000000 0.000000 0.001034 1.000000 0.000002 0.001033 1.000000 -0.000001 0.001032 1.000000 0.000001 0.001030 1.000000 0.000000 0.001034 1.000000 -0.000001 0.001033 1.000000 0.000001 0.001041 1.000000 -0.000006 0.001033 1.000000 -0.000003 0.001036 1.000000 0.000001 0.001030 1.000000 0.000004 0.001030 1.000000 0.000000 0.001038 1.000000 0.000001 0.001030 1.000000 0.000000 0.001035 1.000000 -0.000001 0.001033 1.000000 0.000002 0.001035 1.000000 0.000000 0.001030 1.000000 -0.000003 0.001034 1.000000 0.000001 0.001032 1.000000 0.000002 0.001032 1.000000 -0.000002 0.001034 1.000000 0.000000 0.001032 1.000000 0.000001 0.001038 1.000000 0.000002 0.001031 1.000000 -0.000007 0.001038 1.000000 0.000002 0.001030 1.000000 0.000004 0.001029 1.000000 -0.000001 0.001035 1.000000 0.000000 0.001028 1.000000 0.000000 0.001037 1.000000 -0.000001 0.001028 1.000000 0.000002 0.001040 1.000000 -0.000001 0.001032 1.000000 0.000001 0.001035 1.000000 -0.000002 0.001036 1.000000 -0.000001 0.001037 1.000000 0.000001 0.001025 1.000000 -0.000002 0.001039 1.000000 0.000000 0.001008 1.000000 0.000000 0.001048 1.000000 -0.000001 0.001052 1.000000 -0.000003 0.001024 1.000000 0.000001 0.001032 1.000000 0.000000 0.001038 1.000000 0.000000 0.001031 1.000000 0.000001 0.001025 1.000000 0.000000 0.001044 1.000000 -0.000007 0.001023 1.000000 0.000002 0.001034 1.000000 -0.000002 0.001027 1.000000 0.000001 0.001052 1.000000 0.000002 0.001025 1.000000 -0.000003 0.001012 1.000000 0.000000 0.001058 1.000000 -0.000001 0.001031 1.000000 -0.000001 0.001029 1.000000 -0.000000 0.001031 1.000000 -0.000001 0.001037 1.000000 -0.000000 0.001054 1.000000 0.000004 0.001029 1.000000 -0.000003 0.001024 1.000000 0.000004 0.001039 1.000000 -0.000001 0.001031 1.000000 -0.000000 0.001032 1.000000 -0.000001 0.001034 1.000000 -0.000001 0.001031 1.000000 0.000001 0.001041 1.000000 0.000004 0.001028 1.000000 -0.000005 0.001034 1.000000 -0.000001 0.001046 1.000000 0.000007 0.001033 1.000000 -0.000003 0.001030 1.000000 0.000003 0.001037 1.000000 0.000001 0.001026 1.000000 0.000001 0.001034 1.000000 -0.000007 0.001031 1.000000 0.000000 0.001035 1.000000 0.000006 0.001036 1.000000 -0.000002 0.001033 1.000000 -0.000001 0.001034 1.000000 -0.000002 0.001032 1.000000 0.000003 0.001033 1.000000 0.000000 0.001032 1.000000 -0.000007 0.001034 1.000000 0.000011 0.001030 1.000000 -0.000001 0.001035 1.000000 -0.000008 0.001033 1.000000 0.000001 0.001034 1.000000 -0.000002 0.001034 1.000000 0.000001 0.001033 1.000000 0.000000 0.001032 1.000000 0.000003 0.001032 1.000000 0.000002 0.001034 1.000000 0.000003 0.001032 1.000000 -0.000009 0.001033 1.000000 -0.000004 0.001034 1.000000 0.000001 0.001032 1.000000 0.000002 0.001034 1.000000 -0.000000 0.001033 1.000000 0.000004 0.001031 1.000000 -0.000003 0.001033 1.000000 0.000001 0.001033 1.000000 0.000002 0.001038 1.000000 0.000000 0.001027 1.000000 -0.000002 0.001043 1.000000 0.000008 0.001019 1.000000 0.000002 0.001036 1.000000 0.000005 0.001037 1.000000 -0.000000 0.001027 1.000000 -0.000002 0.001036 1.000000 -0.000002 0.001027 1.000000 0.000000 0.001041 1.000000 0.000001 0.001032 1.000000 -0.000001 0.001046 1.000000 0.000000 0.001033 1.000000 0.000000 0.001036 1.000000 -0.000001 0.001032 1.000000 0.000001 0.001027 1.000000 -0.000001 0.001019 1.000000 -0.000004 0.001045 1.000000 0.000002 0.001035 1.000000 0.000001 0.001045 1.000000 -0.000001 0.001028 1.000000 0.000000 0.001039 1.000000 -0.000000 0.001029 1.000000 0.000001 0.001031 1.000000 -0.000002 0.001041 1.000000 0.000004 0.001033 1.000000 -0.000004 0.001031 1.000000 0.000004 0.001032 1.000000 -0.000001 0.001036 1.000000 -0.000006 0.001037 1.000000 0.000005 0.001021 1.000000 -0.000001 0.001030 1.000000 -0.000004 0.001034 1.000000 0.000002 0.001031 1.000000 -0.000001 0.001033 1.000000 -0.000001 0.001035 1.000000 -0.000000 0.001036 1.000000 0.000004 0.001030 1.000000 0.000000 0.001018 1.000000 -0.000006 0.001044 1.000000 0.000010 0.001034 1.000000 -0.000000 0.001032 1.000000 -0.000001 0.001032 1.000000 0.000001 0.001035 1.000000 -0.000001 0.001032 1.000000 -0.000008 0.001034 1.000000 -0.000001 0.001028 1.000000 -0.000001 0.001035 1.000000 0.000006 0.001033 1.000000 0.000002 0.001033 1.000000 -0.000001 0.001033 1.000000 -0.000002 0.001034 1.000000 0.000004 0.001033 1.000000 0.000003 0.001033 1.000000 0.000003 0.001034 1.000000 -0.000011 0.001033 1.000000 0.000007 0.001032 1.000000 0.000003 0.001034 1.000000 -0.000002 0.001033 1.000000 0.000000 0.001033 1.000000 -0.000001 0.001035 1.000000 0.000002 0.001033 1.000000 0.000001 0.001034 1.000000 0.000001 0.001033 1.000000 -0.000003 0.001025 1.000000 0.000000 0.001035 1.000000 -0.000002 0.001037 1.000000 -0.000006 0.001034 1.000000 0.000002 0.001030 1.000000 0.000000 0.001035 1.000000 -0.000000 0.001034 1.000000 0.000001 0.001027 1.000000 0.000001 0.001029 1.000000 0.000005 0.001030 1.000000 0.000007 0.001026 1.000000 -0.000001 0.001057 1.000000 -0.000005 0.001030 1.000000 0.000001 0.001032 1.000000 -0.000001 0.001032 1.000000 -0.000000 0.001029 1.000000 0.000002 0.001032 1.000000 -0.000001 0.001039 1.000000 0.000000 0.001028 1.000000 -0.000001 0.001038 1.000000 -0.000000 0.001027 1.000000 0.000004 0.001018 1.000000 0.000000 0.001057 1.000000 -0.000005 0.001036 1.000000 -0.000002 0.001038 1.000000 0.000001 0.001023 1.000000 -0.000002 0.001037 1.000000 -0.000000 0.001031 1.000000 0.000002 0.001040 1.000000 0.000003 0.001004 1.000000 -0.000000 0.001049 1.000000 -0.000000 0.001034 1.000000 0.000003 0.001037 1.000000 0.000000 0.001024 1.000000 -0.000000 0.001045 1.000000 0.000000 0.001023 1.000000 0.000001 0.001024 1.000000 -0.000004 0.001044 1.000000 0.000001 0.001045 1.000000 0.000001 0.001029 1.000000 0.000002 0.001025 1.000000 0.000000 0.001040 1.000000 -0.000001 0.001032 1.000000 0.000000 0.001031 1.000000 -0.000001 0.001047 1.000000 0.000000 0.001020 1.000000 0.000000 0.001042 1.000000 -0.000000 0.001045 1.000000 0.000000 0.001007 1.000000 0.000001 0.001044 1.000000 -0.000001 0.001054 1.000000 0.000002 0.001007 1.000000 0.000001 0.001036 1.000000 -0.000000 0.001033 1.000000 -0.000000 0.001034 1.000000 -0.000001 0.001034 1.000000 -0.000001 0.001032 1.000000 0.000001 0.001022 1.000000 0.000000 0.001042 1.000000 -0.000000 0.001026 1.000000 -0.000000 0.001036 1.000000 0.000002 0.001034 1.000000 0.000000 0.001027 1.000000 -0.000000 0.001037 1.000000 -0.000000 0.930951 -0.000966 0.365142 0.945964 -0.000978 0.324271 0.945973 -0.000981 0.324243 0.959099 -0.000993 0.283070 0.959105 -0.000992 0.283049 0.970521 -0.001003 0.241016 0.970526 -0.001003 0.240995 0.970519 -0.001000 0.241022 0.959101 -0.000988 0.283062 0.959104 -0.000990 0.283052 0.945967 -0.000976 0.324261 0.945962 -0.000976 0.324275 0.930941 -0.000961 0.365167 0.930949 -0.000961 0.365148 0.853409 -0.000892 0.521241 0.875273 -0.000907 0.483628 0.875287 -0.000907 0.483602 0.895367 -0.000927 0.445329 0.895388 -0.000925 0.445287 0.913923 -0.000944 0.405886 0.913929 -0.000944 0.405873 0.913938 -0.000942 0.405853 0.895376 -0.000922 0.445310 0.895375 -0.000923 0.445313 0.875281 -0.000902 0.483615 0.875282 -0.000903 0.483612 0.853406 -0.000879 0.521246 0.853375 -0.000881 0.521298 0.749922 -0.000779 0.661526 0.777987 -0.000807 0.628279 0.777999 -0.000802 0.628265 0.804443 -0.000830 0.594029 0.804469 -0.000830 0.593994 0.829568 -0.000857 0.558406 0.829577 -0.000856 0.558392 0.829577 -0.000860 0.558392 0.804442 -0.000837 0.594030 0.804453 -0.000831 0.594016 0.777990 -0.000805 0.628276 0.778004 -0.000803 0.628259 0.749917 -0.000775 0.661531 0.749923 -0.000774 0.661524 0.623646 -0.000650 0.781706 0.657072 -0.000682 0.753827 0.657095 -0.000681 0.753807 0.689061 -0.000717 0.724703 0.689086 -0.000711 0.724679 0.720022 -0.000745 0.693951 0.719990 -0.000743 0.693984 0.720018 -0.000742 0.693955 0.689077 -0.000712 0.724688 0.689098 -0.000705 0.724668 0.657057 -0.000677 0.753840 0.657084 -0.000675 0.753818 0.623661 -0.000641 0.781694 0.623644 -0.000645 0.781709 0.478407 -0.000487 0.878138 0.516204 -0.000531 0.856466 0.516181 -0.000526 0.856480 0.552772 -0.000566 0.833333 0.552761 -0.000569 0.833340 0.588595 -0.000604 0.808428 0.588546 -0.000608 0.808464 0.588596 -0.000622 0.808427 0.552775 -0.000572 0.833330 0.552790 -0.000577 0.833320 0.516200 -0.000541 0.856468 0.516208 -0.000535 0.856463 0.478397 -0.000497 0.878144 0.478433 -0.000495 0.878124 0.318633 -0.000309 0.947878 0.359643 -0.000371 0.933090 0.359623 -0.000364 0.933098 0.399686 -0.000411 0.916652 0.399660 -0.000407 0.916663 0.439243 -0.000450 0.898368 0.439229 -0.000454 0.898375 0.439248 -0.000472 0.898366 0.399673 -0.000411 0.916658 0.399690 -0.000422 0.916650 0.359642 -0.000371 0.933090 0.359650 -0.000376 0.933087 0.318632 -0.000332 0.947878 0.318673 -0.000331 0.947865 0.149231 -0.000144 0.988802 0.192173 -0.000211 0.981361 0.192154 -0.000198 0.981365 0.234439 -0.000246 0.972131 0.234427 -0.000246 0.972134 0.276521 -0.000285 0.961008 0.276547 -0.000286 0.961000 0.276533 -0.000285 0.961004 0.234444 -0.000231 0.972130 0.234413 -0.000241 0.972137 0.192176 -0.000201 0.981361 0.192149 -0.000198 0.981366 0.149231 -0.000158 0.988802 0.149254 -0.000155 0.988799 -0.024749 0.000019 0.999694 0.018816 -0.000020 0.999823 0.018817 -0.000020 0.999823 0.062068 -0.000060 0.998072 0.062067 -0.000067 0.998072 0.105454 -0.000111 0.994424 0.105454 -0.000107 0.994424 0.105452 -0.000115 0.994425 0.062067 -0.000070 0.998072 0.062067 -0.000061 0.998072 0.018816 -0.000020 0.999823 0.018816 -0.000020 0.999823 -0.024748 0.000027 0.999694 -0.024748 0.000026 0.999694 -0.197988 0.000225 0.980205 -0.155086 0.000160 0.987901 -0.155098 0.000160 0.987899 -0.112191 0.000120 0.993687 -0.112217 0.000118 0.993684 -0.068796 0.000070 0.997631 -0.068797 0.000072 0.997631 -0.068797 0.000074 0.997631 -0.112191 0.000120 0.993687 -0.112204 0.000108 0.993685 -0.155085 0.000165 0.987901 -0.155078 0.000160 0.987902 -0.197985 0.000201 0.980205 -0.197958 0.000203 0.980211 -0.365145 0.000380 0.930951 -0.324274 0.000321 0.945963 -0.324253 0.000331 0.945970 -0.283043 0.000296 0.959107 -0.283028 0.000291 0.959112 -0.241018 0.000245 0.970521 -0.240997 0.000247 0.970526 -0.241024 0.000268 0.970519 -0.283038 0.000291 0.959109 -0.283055 0.000290 0.959104 -0.324266 0.000336 0.945966 -0.324281 0.000340 0.945961 -0.365147 0.000376 0.930950 -0.365174 0.000376 0.930939 -0.521254 0.000527 0.853401 -0.483629 0.000491 0.875273 -0.483613 0.000499 0.875282 -0.445302 0.000456 0.895380 -0.445288 0.000460 0.895387 -0.405885 0.000419 0.913924 -0.405874 0.000419 0.913929 -0.405883 0.000422 0.913925 -0.445298 0.000461 0.895383 -0.445303 0.000460 0.895380 -0.483635 0.000496 0.875270 -0.483629 0.000505 0.875273 -0.521240 0.000543 0.853410 -0.521278 0.000538 0.853387 -0.661540 0.000686 0.749909 -0.628262 0.000652 0.778002 -0.628244 0.000647 0.778016 -0.594033 0.000612 0.804440 -0.594007 0.000617 0.804459 -0.558377 0.000577 0.829587 -0.558391 0.000577 0.829578 -0.558366 0.000572 0.829595 -0.594028 0.000602 0.804444 -0.594006 0.000616 0.804460 -0.628255 0.000647 0.778007 -0.628259 0.000651 0.778004 -0.661542 0.000681 0.749908 -0.661545 0.000684 0.749905 -0.781707 0.000807 0.623645 -0.753815 0.000782 0.657086 -0.753817 0.000776 0.657084 -0.724684 0.000747 0.689081 -0.724679 0.000750 0.689086 -0.693981 0.000721 0.719993 -0.693983 0.000715 0.719991 -0.693980 0.000713 0.719993 -0.724692 0.000742 0.689073 -0.724675 0.000750 0.689091 -0.753817 0.000777 0.657084 -0.753811 0.000781 0.657091 -0.781710 0.000809 0.623641 -0.781710 0.000807 0.623642 -0.878120 0.000901 0.478439 -0.856468 0.000877 0.516200 -0.856458 0.000883 0.516216 -0.833341 0.000860 0.552758 -0.833324 0.000862 0.552785 -0.808447 0.000837 0.588568 -0.808466 0.000836 0.588543 -0.808455 0.000826 0.588557 -0.833331 0.000857 0.552774 -0.833333 0.000863 0.552770 -0.856468 0.000887 0.516200 -0.856461 0.000887 0.516211 -0.878122 0.000907 0.478436 -0.878128 0.000908 0.478424 -0.947874 0.000981 0.318644 -0.933099 0.000973 0.359618 -0.933095 0.000969 0.359627 -0.916659 0.000952 0.399669 -0.916658 0.000948 0.399672 -0.898362 0.000933 0.439255 -0.898384 0.000928 0.439210 -0.898364 0.000920 0.439251 -0.916661 0.000932 0.399665 -0.916650 0.000946 0.399690 -0.933097 0.000957 0.359623 -0.933084 0.000963 0.359658 -0.947881 0.000978 0.318622 -0.947866 0.000979 0.318669 -0.988808 0.001029 0.149187 -0.981362 0.001023 0.192166 -0.981364 0.001017 0.192158 -0.972134 0.001006 0.234425 -0.972130 0.001005 0.234441 -0.960998 0.000993 0.276553 -0.960995 0.000993 0.276563 -0.960998 0.000989 0.276554 -0.972132 0.001003 0.234433 -0.972125 0.001001 0.234463 -0.981367 0.001010 0.192139 -0.981360 0.001011 0.192175 -0.988807 0.001019 0.149199 -0.988803 0.001021 0.149221 -0.999693 0.001036 -0.024740 -0.999822 0.001036 0.018870 -0.999822 0.001033 0.018829 -0.998071 0.001031 0.062080 -0.998072 0.001029 0.062053 -0.994424 0.001026 0.105449 -0.994423 0.001027 0.105457 -0.994423 0.001032 0.105461 -0.998070 0.001036 0.062083 -0.998073 0.001031 0.062040 -0.999822 0.001033 0.018849 -0.999822 0.001032 0.018849 -0.999693 0.001031 -0.024772 -0.999693 0.001033 -0.024759 -0.980201 0.001015 -0.198001 -0.987907 0.001023 -0.155048 -0.987902 0.001019 -0.155079 -0.993687 0.001026 -0.112187 -0.993687 0.001024 -0.112182 -0.997627 0.001028 -0.068843 -0.997630 0.001031 -0.068804 -0.997628 0.001037 -0.068826 -0.993686 0.001033 -0.112191 -0.993684 0.001027 -0.112209 -0.987904 0.001021 -0.155061 -0.987904 0.001020 -0.155062 -0.980208 0.001011 -0.197966 -0.980211 0.001013 -0.197955 -0.930952 0.000959 -0.365142 -0.945964 0.000978 -0.324271 -0.945961 0.000976 -0.324279 -0.959109 0.000989 -0.283034 -0.959109 0.000990 -0.283036 -0.970520 0.001001 -0.241017 -0.970521 0.001003 -0.241013 -0.970519 0.001007 -0.241021 -0.959101 0.000998 -0.283061 -0.959104 0.000992 -0.283052 -0.945967 0.000979 -0.324261 -0.945958 0.000977 -0.324287 -0.930941 0.000961 -0.365167 -0.930949 0.000963 -0.365148 -0.853399 0.000871 -0.521257 -0.875273 0.000902 -0.483628 -0.875287 0.000903 -0.483602 -0.895375 0.000925 -0.445312 -0.895382 0.000925 -0.445297 -0.913933 0.000944 -0.405864 -0.913929 0.000944 -0.405873 -0.913931 0.000943 -0.405868 -0.895377 0.000927 -0.445308 -0.895366 0.000925 -0.445330 -0.875280 0.000907 -0.483615 -0.875282 0.000905 -0.483612 -0.853406 0.000884 -0.521247 -0.853383 0.000882 -0.521283 -0.749931 0.000773 -0.661516 -0.777998 0.000797 -0.628266 -0.778005 0.000802 -0.628257 -0.804443 0.000827 -0.594029 -0.804450 0.000832 -0.594020 -0.829580 0.000857 -0.558387 -0.829577 0.000857 -0.558392 -0.829568 0.000855 -0.558405 -0.804432 0.000827 -0.594044 -0.804458 0.000835 -0.594009 -0.778010 0.000807 -0.628251 -0.778004 0.000804 -0.628259 -0.749917 0.000777 -0.661531 -0.749903 0.000774 -0.661547 -0.623656 0.000634 -0.781698 -0.657075 0.000672 -0.753825 -0.657084 0.000673 -0.753817 -0.689061 0.000707 -0.724703 -0.689093 0.000715 -0.724672 -0.720009 0.000745 -0.693965 -0.720001 0.000743 -0.693973 -0.719996 0.000741 -0.693978 -0.689077 0.000712 -0.724688 -0.689078 0.000713 -0.724687 -0.657067 0.000682 -0.753832 -0.657077 0.000684 -0.753823 -0.623655 0.000647 -0.781700 -0.623644 0.000643 -0.781709 -0.478426 0.000500 -0.878128 -0.516174 0.000531 -0.856483 -0.516189 0.000538 -0.856475 -0.552762 0.000576 -0.833339 -0.552767 0.000575 -0.833336 -0.588588 0.000614 -0.808433 -0.588556 0.000607 -0.808456 -0.588587 0.000601 -0.808434 -0.552775 0.000561 -0.833330 -0.552791 0.000566 -0.833320 -0.516171 0.000526 -0.856486 -0.516201 0.000534 -0.856467 -0.478423 0.000490 -0.878129 -0.478425 0.000495 -0.878128 -0.318638 0.000333 -0.947877 -0.359636 0.000371 -0.933092 -0.359631 0.000377 -0.933095 -0.399701 0.000421 -0.916645 -0.399668 0.000413 -0.916660 -0.439237 0.000453 -0.898371 -0.439221 0.000454 -0.898379 -0.439225 0.000454 -0.898377 -0.399712 0.000411 -0.916641 -0.399683 0.000406 -0.916654 -0.359649 0.000371 -0.933087 -0.359650 0.000369 -0.933087 -0.318632 0.000329 -0.947878 -0.318661 0.000329 -0.947869 -0.149201 0.000174 -0.988807 -0.192172 0.000201 -0.981361 -0.192150 0.000199 -0.981366 -0.234439 0.000241 -0.972131 -0.234427 0.000239 -0.972134 -0.276528 0.000285 -0.961006 -0.276552 0.000287 -0.960999 -0.276523 0.000285 -0.961007 -0.234445 0.000261 -0.972129 -0.234413 0.000239 -0.972137 -0.192179 0.000196 -0.981360 -0.192157 0.000199 -0.981364 -0.149200 0.000148 -0.988807 -0.149227 0.000153 -0.988803 0.024749 -0.000026 -0.999694 -0.018843 0.000020 -0.999822 -0.018830 0.000023 -0.999823 -0.062041 0.000055 -0.998074 -0.062067 0.000064 -0.998072 -0.105481 0.000111 -0.994421 -0.105481 0.000109 -0.994421 -0.105481 0.000109 -0.994421 -0.062041 0.000060 -0.998074 -0.062054 0.000072 -0.998073 -0.018844 0.000020 -0.999822 -0.018817 0.000019 -0.999823 0.024748 -0.000027 -0.999694 0.024748 -0.000025 -0.999694 0.197988 -0.000186 -0.980204 0.155085 -0.000160 -0.987901 0.155099 -0.000158 -0.987899 0.112164 -0.000110 -0.993690 0.112210 -0.000117 -0.993684 0.068825 -0.000070 -0.997629 0.068797 -0.000073 -0.997631 0.068823 -0.000067 -0.997629 0.112167 -0.000100 -0.993689 0.112204 -0.000124 -0.993685 0.155085 -0.000160 -0.987901 0.155078 -0.000159 -0.987902 0.197987 -0.000208 -0.980205 0.197954 -0.000205 -0.980211 0.365152 -0.000385 -0.930948 0.324268 -0.000341 -0.945965 0.324255 -0.000343 -0.945970 0.283043 -0.000296 -0.959107 0.283032 -0.000290 -0.959110 0.241025 -0.000252 -0.970519 0.240993 -0.000251 -0.970527 0.241019 -0.000238 -0.970520 0.283039 -0.000291 -0.959108 0.283055 -0.000295 -0.959104 0.324267 -0.000331 -0.945966 0.324284 -0.000331 -0.945960 0.365156 -0.000376 -0.930946 0.365174 -0.000376 -0.930939 0.521245 -0.000545 -0.853407 0.483629 -0.000511 -0.875273 0.483606 -0.000500 -0.875286 0.445311 -0.000461 -0.895376 0.445304 -0.000461 -0.895379 0.405881 -0.000419 -0.913926 0.405873 -0.000419 -0.913929 0.405884 -0.000422 -0.913925 0.445288 -0.000461 -0.895387 0.445303 -0.000457 -0.895380 0.483635 -0.000501 -0.875270 0.483617 -0.000497 -0.875280 0.521245 -0.000533 -0.853407 0.521260 -0.000540 -0.853398 0.661540 -0.000690 -0.749909 0.628271 -0.000652 -0.777994 0.628244 -0.000648 -0.778016 0.594024 -0.000617 -0.804447 0.594020 -0.000609 -0.804450 0.558377 -0.000574 -0.829587 0.558410 -0.000578 -0.829565 0.558377 -0.000584 -0.829587 0.594019 -0.000622 -0.804451 0.594016 -0.000615 -0.804453 0.628245 -0.000647 -0.778015 0.628246 -0.000648 -0.778015 0.661556 -0.000684 -0.749896 0.661555 -0.000682 -0.749897 0.781709 -0.000811 -0.623644 0.753804 -0.000777 -0.657099 0.753797 -0.000780 -0.657107 0.724695 -0.000749 -0.689070 0.724699 -0.000747 -0.689065 0.693974 -0.000715 -0.719999 0.693983 -0.000717 -0.719991 0.693979 -0.000717 -0.719995 0.724692 -0.000752 -0.689073 0.724675 -0.000750 -0.689091 0.753807 -0.000780 -0.657096 0.753805 -0.000778 -0.657098 0.781710 -0.000805 -0.623642 0.781710 -0.000808 -0.623642 0.878130 -0.000916 -0.478421 0.856459 -0.000892 -0.516215 0.856459 -0.000887 -0.516215 0.833341 -0.000860 -0.552758 0.833342 -0.000861 -0.552756 0.808453 -0.000832 -0.588560 0.808456 -0.000835 -0.588556 0.808465 -0.000845 -0.588543 0.833342 -0.000857 -0.552757 0.833333 -0.000862 -0.552771 0.856458 -0.000885 -0.516216 0.856473 -0.000882 -0.516191 0.878100 -0.000906 -0.478477 0.878137 -0.000907 -0.478409 0.947868 -0.000976 -0.318662 0.933099 -0.000963 -0.359618 0.933095 -0.000958 -0.359628 0.916659 -0.000940 -0.399668 0.916663 -0.000945 -0.399661 0.898352 -0.000924 -0.439276 0.898376 -0.000927 -0.439227 0.898349 -0.000940 -0.439282 0.916654 -0.000957 -0.399681 0.916650 -0.000951 -0.399690 0.933097 -0.000970 -0.359623 0.933089 -0.000964 -0.359645 0.947877 -0.000980 -0.318635 0.947872 -0.000979 -0.318651 0.988806 -0.001016 -0.149207 0.981366 -0.001008 -0.192146 0.981367 -0.001011 -0.192139 0.972125 -0.001003 -0.234463 0.972136 -0.001003 -0.234416 0.960998 -0.000992 -0.276553 0.960995 -0.000993 -0.276563 0.960998 -0.000994 -0.276554 0.972123 -0.001008 -0.234471 0.972129 -0.001007 -0.234445 0.981360 -0.001016 -0.192178 0.981360 -0.001017 -0.192175 0.988811 -0.001024 -0.149173 0.988800 -0.001022 -0.149240 0.999693 -0.001029 0.024740 0.999823 -0.001030 -0.018809 0.999822 -0.001033 -0.018829 0.998071 -0.001031 -0.062080 0.998072 -0.001033 -0.062053 0.994424 -0.001029 -0.105449 0.994421 -0.001028 -0.105477 0.994425 -0.001020 -0.105441 0.998072 -0.001025 -0.062063 0.998072 -0.001030 -0.062061 0.999822 -0.001032 -0.018849 0.999822 -0.001034 -0.018822 0.999692 -0.001034 0.024799 0.999694 -0.001033 0.024739 0.980209 -0.001014 0.197962 0.987903 -0.001020 0.155068 0.987902 -0.001023 0.155079 0.993687 -0.001028 0.112187 0.993687 -0.001029 0.112183 0.997627 -0.001033 0.068843 0.997631 -0.001031 0.068784 0.997627 -0.001024 0.068846 0.993686 -0.001020 0.112192 0.993682 -0.001025 0.112228 0.987904 -0.001018 0.155062 0.987904 -0.001021 0.155062 0.980203 -0.001012 0.197992 0.980203 -0.001012 0.197994 0.001035 1.000000 0.000010 0.001022 1.000000 -0.000006 0.001034 1.000000 0.000006 0.001032 1.000000 0.000001 0.001025 1.000000 0.000014 0.001041 1.000000 -0.000003 0.001028 1.000000 0.000002 0.001042 1.000000 -0.000004 0.001011 1.000000 -0.000004 0.001040 1.000000 -0.000000 0.001035 1.000000 0.000000 0.001035 1.000000 -0.000003 0.001037 1.000000 -0.000004 0.001059 1.000000 -0.000004 0.001019 1.000000 0.000008 0.001039 1.000000 -0.000010 0.001030 1.000000 0.000005 0.001047 1.000000 0.000001 0.001037 1.000000 -0.000007 0.001030 1.000000 0.000008 0.001004 1.000000 0.000002 0.001056 1.000000 -0.000004 0.001026 1.000000 0.000004 0.001026 1.000000 -0.000002 0.001061 1.000000 0.000000 0.001011 1.000000 0.000006 0.001039 1.000000 0.000005 0.001011 1.000000 -0.000004 0.001018 1.000000 -0.000001 0.001053 1.000000 -0.000002 0.001035 1.000000 0.000001 0.001049 1.000000 0.000001 0.001031 1.000000 -0.000005 0.001039 1.000000 0.000002 0.001018 1.000000 0.000003 0.001017 1.000000 -0.000003 0.001041 1.000000 0.000001 0.001038 1.000000 0.000003 0.001015 1.000000 -0.000002 0.001046 1.000000 0.000002 0.001054 1.000000 0.000002 0.000999 1.000000 -0.000001 0.001079 1.000000 -0.000000 0.001017 1.000000 0.000000 0.001027 1.000000 -0.000002 0.001038 1.000000 0.000002 0.001010 1.000000 -0.000000 0.001023 1.000000 -0.000000 0.001016 1.000000 0.000001 0.001049 1.000000 -0.000002 0.001042 1.000000 -0.000001 0.001033 1.000000 -0.000001 0.001035 1.000000 -0.000000 0.001035 1.000000 0.000000 0.001015 1.000000 -0.000001 0.001034 1.000000 -0.000000 0.001035 1.000000 0.000001 0.001034 1.000000 -0.000002 0.001052 1.000000 -0.000002 0.001031 1.000000 -0.000000 0.001031 1.000000 0.000005 0.001033 1.000000 -0.000004 0.001032 1.000000 -0.000000 0.000994 1.000000 0.000001 0.001024 1.000000 0.000004 0.001002 1.000000 -0.000004 0.001079 0.999999 0.000004 0.001038 1.000000 -0.000001 0.001040 1.000000 -0.000001 0.001025 1.000000 -0.000008 0.001009 1.000000 0.000001 0.001065 1.000000 0.000003 0.001034 1.000000 0.000005 0.001032 1.000000 0.000002 0.001012 1.000000 -0.000010 0.001043 1.000000 0.000003 0.001027 1.000000 0.000003 0.001026 1.000000 0.000004 0.001041 1.000000 -0.000004 0.001037 1.000000 0.000004 0.001028 1.000000 -0.000002 0.001038 1.000000 0.000008 0.001032 1.000000 0.000005 0.001033 1.000000 -0.000009 0.001039 1.000000 0.000001 0.001038 1.000000 -0.000002 0.001007 1.000000 -0.000002 0.001047 1.000000 0.000001 0.001032 1.000000 -0.000002 0.001028 1.000000 -0.000008 0.001040 1.000000 0.000004 0.001029 1.000000 0.000003 0.001034 1.000000 -0.000008 0.001036 1.000000 0.000016 0.001032 1.000000 -0.000002 0.001027 1.000000 -0.000017 0.001034 1.000000 0.000002 0.001036 1.000000 -0.000004 0.001031 1.000000 0.000007 0.001035 1.000000 0.000003 0.001033 1.000000 0.000014 0.001038 1.000000 -0.000002 0.001029 1.000000 0.000004 0.001034 1.000000 -0.000015 0.001026 1.000000 0.000004 0.001037 1.000000 0.000001 0.001037 1.000000 -0.000003 0.001033 1.000000 -0.000008 0.001025 1.000000 0.000015 0.001040 1.000000 -0.000001 0.001031 1.000000 0.000000 0.001034 1.000000 -0.000005 0.001030 1.000000 -0.000003 0.001033 1.000000 -0.000001 0.001032 1.000000 0.000013 0.001031 1.000000 -0.000007 0.001043 1.000000 -0.000009 0.001025 1.000000 0.000009 0.001022 1.000000 -0.000001 0.001042 1.000000 -0.000002 0.001034 1.000000 -0.000004 0.001052 1.000000 -0.000003 0.001010 1.000000 0.000007 0.001026 1.000000 -0.000008 0.001044 1.000000 0.000001 0.001034 1.000000 0.000001 0.001028 1.000000 0.000008 0.001060 1.000000 -0.000001 0.000983 1.000000 0.000000 0.001009 1.000000 0.000008 0.001077 1.000000 0.000007 0.001039 1.000000 -0.000004 0.001024 1.000000 -0.000001 0.001043 1.000000 0.000004 0.001051 1.000000 -0.000005 0.001014 1.000000 0.000003 0.001060 1.000000 -0.000002 0.001017 1.000000 0.000002 0.001025 1.000000 0.000000 0.001051 1.000000 -0.000004 0.000984 1.000000 -0.000002 0.001053 1.000000 0.000001 0.001044 1.000000 0.000001 0.001001 1.000000 -0.000002 0.001070 1.000000 -0.000000 0.001023 1.000000 0.000001 0.001025 1.000000 0.000002 0.001049 1.000000 0.000001 0.000978 1.000000 -0.000001 0.001072 1.000000 -0.000002 0.000984 1.000000 0.000001 0.001079 0.999999 -0.000001 0.001044 1.000000 -0.000000 0.001009 1.000000 -0.000000 0.001036 1.000000 -0.000000 0.001020 1.000000 0.000001 0.001060 1.000000 -0.000001 0.001024 1.000000 -0.000002 0.001005 1.000000 -0.000001 0.001069 1.000000 -0.000002 0.000974 1.000000 0.000001 0.001097 0.999999 0.000001 0.001016 1.000000 -0.000002 0.001018 1.000000 0.000001 0.001031 1.000000 -0.000000 0.001028 1.000000 0.000001 0.001030 1.000000 -0.000001 0.001046 1.000000 -0.000000 0.001046 1.000000 0.000006 0.001005 1.000000 -0.000007 0.001011 1.000000 -0.000001 0.001109 0.999999 0.000001 0.001022 1.000000 0.000004 0.001034 1.000000 0.000001 0.001034 1.000000 0.000001 0.001012 1.000000 -0.000002 0.001031 1.000000 0.000003 0.001039 1.000000 0.000001 0.001048 1.000000 -0.000009 0.001025 1.000000 0.000001 0.001047 1.000000 -0.000002 0.001043 1.000000 0.000001 0.001025 1.000000 -0.000003 0.001010 1.000000 -0.000004 0.001019 1.000000 -0.000000 0.001039 1.000000 -0.000002 0.001040 1.000000 0.000001 0.001016 1.000000 0.000007 0.001052 1.000000 -0.000002 0.001028 1.000000 0.000009 0.001031 1.000000 0.000006 0.001012 1.000000 -0.000010 0.001043 1.000000 0.000005 0.001030 1.000000 0.000001 0.001024 1.000000 -0.000001 0.001050 1.000000 0.000000 0.001025 1.000000 -0.000007 0.001035 1.000000 0.000015 0.001027 1.000000 -0.000002 0.001037 1.000000 -0.000017 0.001033 1.000000 0.000007 0.001032 1.000000 0.000001 0.001028 1.000000 -0.000003 0.001037 1.000000 -0.000006 0.001022 1.000000 -0.000004 0.001039 1.000000 -0.000008 0.001035 1.000000 0.000002 0.001038 1.000000 -0.000003 0.001056 1.000000 0.000014 0.001020 1.000000 -0.000002 0.001031 1.000000 0.000003 0.001040 1.000000 -0.000014 -0.319312 0.000328 0.947650 -0.251138 0.000258 0.967951 -0.251140 0.000262 0.967951 -0.182951 0.000194 0.983122 -0.182979 0.000191 0.983117 -0.112671 0.000112 0.993632 -0.112631 0.000118 0.993637 -0.112673 0.000127 0.993632 -0.182951 0.000194 0.983122 -0.182998 0.000185 0.983113 -0.251140 0.000263 0.967951 -0.251145 0.000257 0.967950 -0.319305 0.000333 0.947652 -0.319312 0.000329 0.947650 -0.573304 0.000588 0.819342 -0.513715 0.000526 0.857961 -0.513664 0.000531 0.857992 -0.452512 0.000466 0.891758 -0.452524 0.000468 0.891752 -0.388032 0.000398 0.921646 -0.388027 0.000403 0.921648 -0.388041 0.000401 0.921642 -0.452512 0.000471 0.891759 -0.452540 0.000467 0.891744 -0.513713 0.000535 0.857962 -0.513697 0.000530 0.857971 -0.573307 0.000594 0.819341 -0.573350 0.000593 0.819311 -0.780969 0.000814 0.624570 -0.734595 0.000757 0.678505 -0.734609 0.000759 0.678490 -0.685442 0.000711 0.728127 -0.685445 0.000708 0.728124 -0.631943 0.000659 0.775015 -0.631983 0.000652 0.774982 -0.631941 0.000640 0.775017 -0.685468 0.000702 0.728103 -0.685418 0.000709 0.728150 -0.734610 0.000757 0.678489 -0.734594 0.000760 0.678507 -0.780961 0.000805 0.624579 -0.780962 0.000807 0.624578 -0.925334 0.000967 0.379153 -0.895982 0.000942 0.444089 -0.896015 0.000931 0.444024 -0.862797 0.000900 0.505549 -0.862815 0.000894 0.505518 -0.824663 0.000858 0.565624 -0.824702 0.000851 0.565567 -0.824680 0.000842 0.565599 -0.862805 0.000877 0.505536 -0.862793 0.000887 0.505556 -0.896005 0.000921 0.444043 -0.895988 0.000921 0.444077 -0.925318 0.000951 0.379190 -0.925286 0.000956 0.379269 -0.994661 0.001030 0.103190 -0.984799 0.001018 0.173695 -0.984806 0.001015 0.173658 -0.970276 0.000999 0.242001 -0.970275 0.001000 0.242002 -0.950659 0.000978 0.310237 -0.950638 0.000982 0.310300 -0.950662 0.000993 0.310228 -0.970274 0.001015 0.242008 -0.970294 0.001003 0.241925 -0.984800 0.001020 0.173689 -0.984809 0.001017 0.173637 -0.994662 0.001027 0.103185 -0.994658 0.001028 0.103219 -0.983439 0.001020 -0.181238 -0.993841 0.001033 -0.110812 -0.993837 0.001027 -0.110847 -0.999152 0.001033 -0.041170 -0.999151 0.001031 -0.041183 -0.999554 0.001031 0.029843 -0.999552 0.001033 0.029918 -0.999554 0.001038 0.029844 -0.999152 0.001037 -0.041171 -0.999152 0.001032 -0.041171 -0.993841 0.001027 -0.110808 -0.993838 0.001025 -0.110842 -0.983445 0.001014 -0.181206 -0.983448 0.001016 -0.181187 -0.892599 0.000917 -0.450851 -0.922355 0.000942 -0.386343 -0.922370 0.000947 -0.386306 -0.947044 0.000974 -0.321102 -0.947087 0.000976 -0.320974 -0.967476 0.000998 -0.252961 -0.967487 0.001000 -0.252918 -0.967476 0.001005 -0.252962 -0.947063 0.000983 -0.321045 -0.947046 0.000984 -0.321095 -0.922374 0.000962 -0.386297 -0.922334 0.000954 -0.386393 -0.892602 0.000925 -0.450844 -0.892575 0.000922 -0.450899 -0.729390 0.000750 -0.684098 -0.776160 0.000803 -0.630536 -0.776123 0.000801 -0.630580 -0.818232 0.000840 -0.574888 -0.818255 0.000847 -0.574855 -0.857074 0.000886 -0.515192 -0.857050 0.000887 -0.515233 -0.857075 0.000880 -0.515191 -0.818239 0.000849 -0.574877 -0.818257 0.000849 -0.574852 -0.776134 0.000803 -0.630568 -0.776143 0.000803 -0.630556 -0.729382 0.000752 -0.684107 -0.729383 0.000755 -0.684105 -0.507171 0.000514 -0.861846 -0.567025 0.000582 -0.823700 -0.567065 0.000579 -0.823673 -0.623119 0.000646 -0.782127 -0.623161 0.000644 -0.782093 -0.677175 0.000703 -0.735821 -0.677166 0.000700 -0.735830 -0.677168 0.000688 -0.735828 -0.623124 0.000637 -0.782123 -0.623148 0.000645 -0.782104 -0.567022 0.000586 -0.823702 -0.567036 0.000590 -0.823693 -0.507174 0.000528 -0.861843 -0.507088 0.000523 -0.861894 -0.243688 0.000253 -0.969854 -0.311990 0.000332 -0.950086 -0.311966 0.000332 -0.950093 -0.377596 0.000397 -0.925970 -0.377565 0.000396 -0.925983 -0.442516 0.000457 -0.896761 -0.442420 0.000457 -0.896808 -0.442523 0.000456 -0.896757 -0.377598 0.000388 -0.925970 -0.377646 0.000380 -0.925950 -0.311977 0.000305 -0.950090 -0.312046 0.000323 -0.950067 -0.243696 0.000255 -0.969852 -0.243746 0.000251 -0.969839 0.039438 -0.000012 -0.999222 -0.031726 0.000037 -0.999497 -0.031704 0.000043 -0.999497 -0.101421 0.000111 -0.994844 -0.101379 0.000102 -0.994848 -0.171854 0.000174 -0.985123 -0.171858 0.000178 -0.985122 -0.171851 0.000178 -0.985123 -0.101421 0.000092 -0.994844 -0.101399 0.000102 -0.994846 -0.031726 0.000028 -0.999497 -0.031740 0.000031 -0.999496 0.039438 -0.000050 -0.999222 0.039394 -0.000041 -0.999224 0.319309 -0.000321 -0.947651 0.251144 -0.000277 -0.967950 0.251163 -0.000267 -0.967945 0.182998 -0.000185 -0.983113 0.182950 -0.000189 -0.983122 0.112630 -0.000112 -0.993637 0.112629 -0.000117 -0.993637 0.112631 -0.000115 -0.993637 0.182991 -0.000203 -0.983115 0.182976 -0.000188 -0.983117 0.251138 -0.000258 -0.967951 0.251181 -0.000254 -0.967940 0.319312 -0.000336 -0.947650 0.319307 -0.000329 -0.947651 0.573352 -0.000591 -0.819309 0.513668 -0.000535 -0.857989 0.513672 -0.000531 -0.857987 0.452539 -0.000471 -0.891744 0.452525 -0.000465 -0.891752 0.388022 -0.000404 -0.921650 0.388027 -0.000401 -0.921648 0.388028 -0.000396 -0.921648 0.452527 -0.000471 -0.891751 0.452533 -0.000467 -0.891748 0.513674 -0.000531 -0.857986 0.513686 -0.000531 -0.857978 0.573349 -0.000594 -0.819311 0.573350 -0.000593 -0.819311 0.780960 -0.000807 -0.624581 0.734595 -0.000757 -0.678505 0.734591 -0.000761 -0.678510 0.685452 -0.000706 -0.728117 0.685459 -0.000707 -0.728111 0.631954 -0.000650 -0.775006 0.631956 -0.000654 -0.775004 0.631941 -0.000654 -0.775016 0.685468 -0.000711 -0.728103 0.685451 -0.000711 -0.728119 0.734599 -0.000757 -0.678501 0.734582 -0.000758 -0.678519 0.780960 -0.000808 -0.624581 0.780963 -0.000807 -0.624577 0.925326 -0.000946 -0.379171 0.895990 -0.000914 -0.444074 0.896012 -0.000920 -0.444030 0.862790 -0.000891 -0.505562 0.862804 -0.000888 -0.505537 0.824686 -0.000849 -0.565590 0.824711 -0.000851 -0.565554 0.824678 -0.000862 -0.565601 0.862797 -0.000905 -0.505550 0.862787 -0.000894 -0.505566 0.895989 -0.000932 -0.444076 0.895984 -0.000929 -0.444085 0.925324 -0.000959 -0.379176 0.925286 -0.000956 -0.379268 0.994664 -0.001024 -0.103167 0.984797 -0.001015 -0.173704 0.984803 -0.001019 -0.173675 0.970276 -0.001006 -0.242001 0.970281 -0.001005 -0.241978 0.950651 -0.000985 -0.310260 0.950639 -0.000982 -0.310299 0.950656 -0.000972 -0.310245 0.970278 -0.000992 -0.241991 0.970290 -0.001001 -0.241943 0.984799 -0.001015 -0.173697 0.984805 -0.001018 -0.173663 0.994665 -0.001029 -0.103155 0.994656 -0.001027 -0.103237 0.983447 -0.001011 0.181194 0.993840 -0.001022 0.110818 0.993839 -0.001026 0.110829 0.999152 -0.001032 0.041170 0.999152 -0.001034 0.041159 0.999554 -0.001034 -0.029843 0.999552 -0.001033 -0.029899 0.999553 -0.001028 -0.029863 0.999152 -0.001028 0.041171 0.999151 -0.001033 0.041189 0.993839 -0.001026 0.110832 0.993840 -0.001028 0.110819 0.983442 -0.001017 0.181221 0.983448 -0.001016 0.181188 0.892591 -0.000932 0.450865 0.922361 -0.000960 0.386328 0.922371 -0.000961 0.386304 0.947065 -0.000985 0.321039 0.947081 -0.000982 0.320992 0.967467 -0.001002 0.252995 0.967492 -0.000999 0.252901 0.967464 -0.000992 0.253005 0.947062 -0.000965 0.321051 0.947052 -0.000971 0.321079 0.922354 -0.000946 0.386345 0.922340 -0.000948 0.386378 0.892611 -0.000919 0.450827 0.892560 -0.000922 0.450928 0.729388 -0.000756 0.684100 0.776120 -0.000803 0.630585 0.776142 -0.000807 0.630558 0.818245 -0.000845 0.574868 0.818270 -0.000846 0.574833 0.857052 -0.000883 0.515229 0.857046 -0.000884 0.515239 0.857055 -0.000893 0.515224 0.818253 -0.000849 0.574858 0.818263 -0.000841 0.574844 0.776133 -0.000803 0.630569 0.776144 -0.000799 0.630555 0.729393 -0.000752 0.684094 0.729384 -0.000753 0.684105 0.507156 -0.000535 0.861854 0.567014 -0.000591 0.823708 0.567067 -0.000591 0.823672 0.623135 -0.000642 0.782114 0.623173 -0.000644 0.782084 0.677176 -0.000699 0.735821 0.677156 -0.000700 0.735839 0.677179 -0.000705 0.735818 0.623137 -0.000646 0.782112 0.623139 -0.000642 0.782111 0.567029 -0.000586 0.823697 0.567036 -0.000582 0.823693 0.507164 -0.000522 0.861850 0.507095 -0.000523 0.861890 0.243653 -0.000238 0.969862 0.312018 -0.000305 0.950076 0.312002 -0.000323 0.950081 0.377564 -0.000383 0.925984 0.377565 -0.000385 0.925983 0.442516 -0.000457 0.896760 0.442420 -0.000457 0.896808 0.442516 -0.000461 0.896761 0.377556 -0.000425 0.925987 0.377628 -0.000389 0.925957 0.312007 -0.000332 0.950080 0.312045 -0.000321 0.950067 0.243653 -0.000258 0.969862 0.243705 -0.000251 0.969850 -0.039394 0.000037 0.999224 0.031724 -0.000037 0.999497 0.031726 -0.000037 0.999497 0.101421 -0.000102 0.994844 0.101423 -0.000103 0.994843 0.171854 -0.000177 0.985122 0.171855 -0.000180 0.985122 0.171852 -0.000171 0.985123 0.101422 -0.000111 0.994844 0.101423 -0.000111 0.994843 0.031726 -0.000028 0.999497 0.031725 -0.000032 0.999497 -0.039394 0.000040 0.999224 -0.039392 0.000041 0.999224 -0.319292 0.000330 0.947657 -0.251149 0.000258 0.967948 -0.251160 0.000255 0.967946 -0.183004 0.000189 0.983112 -0.182954 0.000190 0.983121 -0.112619 0.000115 0.993638 -0.112638 0.000115 0.993636 -0.112628 0.000116 0.993637 -0.182998 0.000194 0.983113 -0.182983 0.000188 0.983116 -0.251140 0.000268 0.967951 -0.251186 0.000258 0.967939 -0.319290 0.000329 0.947657 -0.319323 0.000330 0.947646 -0.573334 0.000601 0.819321 -0.513701 0.000535 0.857969 -0.513680 0.000530 0.857982 -0.452525 0.000466 0.891752 -0.452536 0.000465 0.891746 -0.388004 0.000401 0.921658 -0.388027 0.000400 0.921648 -0.388028 0.000404 0.921648 -0.452541 0.000471 0.891743 -0.452539 0.000472 0.891744 -0.513681 0.000531 0.857981 -0.513685 0.000532 0.857979 -0.573336 0.000591 0.819320 -0.573350 0.000591 0.819311 -0.780952 0.000806 0.624590 -0.734632 0.000766 0.678466 -0.734592 0.000761 0.678509 -0.685461 0.000706 0.728109 -0.685407 0.000709 0.728160 -0.631943 0.000659 0.775015 -0.631982 0.000652 0.774983 -0.631943 0.000643 0.775015 -0.685465 0.000702 0.728105 -0.685438 0.000712 0.728131 -0.734609 0.000757 0.678490 -0.734594 0.000759 0.678507 -0.780948 0.000807 0.624596 -0.780980 0.000807 0.624555 -0.925339 0.000970 0.379139 -0.895975 0.000937 0.444103 -0.896019 0.000931 0.444016 -0.862799 0.000898 0.505547 -0.862814 0.000894 0.505520 -0.824662 0.000856 0.565625 -0.824702 0.000852 0.565566 -0.824677 0.000836 0.565603 -0.862808 0.000882 0.505532 -0.862787 0.000887 0.505566 -0.895996 0.000919 0.444062 -0.895975 0.000923 0.444104 -0.925333 0.000951 0.379154 -0.925286 0.000956 0.379269 -0.994657 0.001029 0.103226 -0.984805 0.001020 0.173660 -0.984800 0.001016 0.173692 -0.970285 0.001000 0.241964 -0.970270 0.000999 0.242025 -0.950681 0.000978 0.310170 -0.950616 0.000982 0.310367 -0.950661 0.000995 0.310230 -0.970274 0.001013 0.242008 -0.970303 0.001004 0.241891 -0.984809 0.001016 0.173637 -0.994659 0.001027 0.103209 -0.994658 0.001027 0.103219 -0.983440 0.001021 -0.181230 -0.993840 0.001030 -0.110817 -0.993841 0.001026 -0.110811 -0.999150 0.001033 -0.041207 -0.999152 0.001030 -0.041159 -0.999553 0.001031 0.029893 -0.999553 0.001033 0.029880 -0.999552 0.001039 0.029919 -0.999148 0.001039 -0.041245 -0.999150 0.001032 -0.041207 -0.993837 0.001027 -0.110850 -0.993840 0.001026 -0.110819 -0.983446 0.001015 -0.181197 -0.983448 0.001016 -0.181188 -0.892592 0.000919 -0.450865 -0.922376 0.000951 -0.386291 -0.922343 0.000945 -0.386370 -0.947071 0.000972 -0.321024 -0.947067 0.000977 -0.321036 -0.967485 0.000998 -0.252926 -0.967478 0.000999 -0.252952 -0.967482 0.001006 -0.252938 -0.947056 0.000988 -0.321067 -0.947080 0.000983 -0.320997 -0.922328 0.000955 -0.386408 -0.922358 0.000957 -0.386335 -0.892591 0.000923 -0.450867 -0.892560 0.000922 -0.450928 -0.729388 0.000744 -0.684100 -0.776122 0.000794 -0.630583 -0.776143 0.000797 -0.630557 -0.818233 0.000842 -0.574887 -0.818254 0.000848 -0.574856 -0.857075 0.000889 -0.515191 -0.857055 0.000886 -0.515225 -0.857074 0.000876 -0.515193 -0.818222 0.000835 -0.574902 -0.818253 0.000849 -0.574857 -0.776134 0.000808 -0.630568 -0.776131 0.000805 -0.630571 -0.729393 0.000755 -0.684094 -0.729402 0.000754 -0.684085 -0.507141 0.000509 -0.861863 -0.567025 0.000572 -0.823700 -0.567084 0.000581 -0.823660 -0.623117 0.000642 -0.782128 -0.623186 0.000645 -0.782073 -0.677164 0.000699 -0.735832 -0.677165 0.000699 -0.735831 -0.677188 0.000698 -0.735810 -0.623121 0.000646 -0.782126 -0.623148 0.000642 -0.782104 -0.567021 0.000586 -0.823703 -0.567035 0.000592 -0.823693 -0.507153 0.000528 -0.861856 -0.507103 0.000523 -0.861885 -0.243653 0.000266 -0.969862 -0.312018 0.000332 -0.950076 -0.311998 0.000324 -0.950083 -0.377571 0.000397 -0.925980 -0.377566 0.000397 -0.925983 -0.442517 0.000460 -0.896760 -0.442420 0.000456 -0.896808 -0.442526 0.000455 -0.896756 -0.377560 0.000360 -0.925985 -0.377628 0.000387 -0.925957 -0.312018 0.000314 -0.950076 -0.312037 0.000322 -0.950070 -0.243647 0.000246 -0.969864 -0.243705 0.000252 -0.969850 0.039394 -0.000038 -0.999224 -0.031725 0.000037 -0.999497 -0.031726 0.000035 -0.999497 -0.101419 0.000111 -0.994844 -0.101420 0.000103 -0.994844 -0.171854 0.000177 -0.985122 -0.171858 0.000177 -0.985122 -0.171846 0.000184 -0.985124 -0.101422 0.000102 -0.994843 -0.101420 0.000104 -0.994844 -0.031728 0.000028 -0.999497 -0.031723 0.000032 -0.999497 0.039394 -0.000040 -0.999224 0.039394 -0.000041 -0.999224 0.319303 -0.000329 -0.947653 0.251148 -0.000258 -0.967949 0.251139 -0.000263 -0.967951 0.182948 -0.000189 -0.983123 0.182983 -0.000187 -0.983116 0.112672 -0.000121 -0.993632 0.112629 -0.000116 -0.993637 0.112674 -0.000099 -0.993632 0.182948 -0.000185 -0.983123 0.182997 -0.000189 -0.983113 0.251140 -0.000258 -0.967951 0.251151 -0.000259 -0.967948 0.319297 -0.000330 -0.947654 0.319301 -0.000331 -0.947653 0.573321 -0.000599 -0.819330 0.513682 -0.000526 -0.857980 0.513682 -0.000535 -0.857981 0.452525 -0.000471 -0.891752 0.452545 -0.000467 -0.891741 0.388013 -0.000401 -0.921654 0.388028 -0.000401 -0.921648 0.388015 -0.000393 -0.921653 0.452540 -0.000471 -0.891744 0.452526 -0.000466 -0.891751 0.513714 -0.000531 -0.857961 0.513695 -0.000530 -0.857972 0.573307 -0.000591 -0.819341 0.573349 -0.000592 -0.819311 0.780952 -0.000810 -0.624590 0.734634 -0.000766 -0.678463 0.734589 -0.000755 -0.678512 0.685443 -0.000706 -0.728126 0.685444 -0.000710 -0.728125 0.631930 -0.000650 -0.775026 0.632000 -0.000653 -0.774968 0.631942 -0.000660 -0.775015 0.685466 -0.000702 -0.728104 0.685438 -0.000708 -0.728131 0.734591 -0.000762 -0.678510 0.734607 -0.000760 -0.678493 0.780949 -0.000808 -0.624595 0.780962 -0.000806 -0.624578 0.925320 -0.000945 -0.379186 0.895998 -0.000914 -0.444057 0.896005 -0.000920 -0.444043 0.862799 -0.000886 -0.505547 0.862836 -0.000888 -0.505483 0.824639 -0.000849 -0.565659 0.824720 -0.000852 -0.565541 0.824642 -0.000864 -0.565654 0.862806 -0.000905 -0.505534 0.862787 -0.000896 -0.505567 0.895990 -0.000932 -0.444073 0.895977 -0.000928 -0.444100 0.925318 -0.000961 -0.379190 0.925286 -0.000956 -0.379269 0.994661 -0.001026 -0.103190 0.984805 -0.001018 -0.173659 0.984806 -0.001019 -0.173657 0.970276 -0.001006 -0.242000 0.970281 -0.001005 -0.241978 0.950650 -0.000982 -0.310265 0.950661 -0.000971 -0.310231 0.970274 -0.000990 -0.242008 0.970277 -0.001001 -0.241995 0.984800 -0.001014 -0.173689 0.984814 -0.001019 -0.173613 0.994662 -0.001028 -0.103185 0.994658 -0.001028 -0.103219 0.983447 -0.001013 0.181194 0.993840 -0.001024 0.110817 0.993837 -0.001027 0.110848 0.999152 -0.001032 0.041170 0.999151 -0.001033 0.041183 0.999554 -0.001034 -0.029843 0.999551 -0.001033 -0.029955 0.999554 -0.001030 -0.029844 0.999152 -0.001029 0.041171 0.999152 -0.001033 0.041171 0.993841 -0.001026 0.110813 0.993840 -0.001028 0.110819 0.983446 -0.001016 0.181197 0.983448 -0.001016 0.181187 0.892568 -0.000931 0.450912 0.922381 -0.000955 0.386280 0.922371 -0.000960 0.386305 0.947048 -0.000984 0.321089 0.947081 -0.000982 0.320992 0.967473 -0.001002 0.252972 0.967478 -0.001000 0.252952 0.967473 -0.000990 0.252972 0.947067 -0.000965 0.321034 0.947058 -0.000972 0.321062 0.922374 -0.000944 0.386297 0.922342 -0.000950 0.386373 0.892602 -0.000919 0.450844 0.892560 -0.000921 0.450928 0.729407 -0.000756 0.684080 0.776124 -0.000803 0.630580 0.776160 -0.000806 0.630536 0.818233 -0.000847 0.574887 0.818244 -0.000845 0.574871 0.857052 -0.000884 0.515229 0.857067 -0.000884 0.515205 0.857040 -0.000893 0.515248 0.818241 -0.000854 0.574875 0.818256 -0.000842 0.574853 0.776134 -0.000798 0.630568 0.776143 -0.000801 0.630556 0.729393 -0.000755 0.684094 0.729365 -0.000752 0.684124 0.507155 -0.000535 0.861855 0.567008 -0.000591 0.823712 0.567065 -0.000588 0.823673 0.623153 -0.000646 0.782100 0.623161 -0.000642 0.782093 0.677176 -0.000696 0.735821 0.677184 -0.000700 0.735814 0.677171 -0.000705 0.735826 0.623121 -0.000637 0.782126 0.623149 -0.000648 0.782103 0.567004 -0.000586 0.823715 0.567036 -0.000584 0.823693 0.507175 -0.000519 0.861843 0.507103 -0.000524 0.861885 0.243695 -0.000248 0.969852 0.311991 -0.000305 0.950085 0.311977 -0.000314 0.950090 0.377596 -0.000383 0.925970 0.377565 -0.000386 0.925983 0.442527 -0.000457 0.896755 0.442405 -0.000457 0.896815 0.442524 -0.000453 0.896757 0.377611 -0.000397 0.925964 0.377634 -0.000398 0.925955 0.311978 -0.000337 0.950089 0.312045 -0.000324 0.950067 0.243696 -0.000255 0.969852 0.243747 -0.000251 0.969839 -0.039394 0.000046 0.999224 0.031680 -0.000037 0.999498 0.031703 -0.000026 0.999497 0.101463 -0.000097 0.994839 0.101399 -0.000110 0.994846 0.171807 -0.000180 0.985131 0.171851 -0.000178 0.985123 0.171803 -0.000163 0.985131 0.101467 -0.000092 0.994839 0.101401 -0.000112 0.994846 0.031681 -0.000042 0.999498 0.031725 -0.000031 0.999497 -0.039391 0.000040 0.999224 -0.039393 0.000041 0.999224 0.001039 1.000000 -0.000001 0.001022 1.000000 0.000001 0.001041 1.000000 -0.000001 0.001024 1.000000 -0.000000 0.001028 1.000000 0.000001 0.001081 1.000000 0.000002 0.001006 1.000000 -0.000002 0.001043 1.000000 0.000002 0.001013 1.000000 -0.000004 0.001023 1.000000 0.000002 0.001054 1.000000 -0.000000 0.001033 1.000000 0.000001 0.001015 1.000000 -0.000001 0.001016 1.000000 -0.000000 0.001026 1.000000 0.000000 0.001075 1.000000 0.000001 0.001037 1.000000 0.000001 0.001033 1.000000 0.000001 0.001025 1.000000 0.000000 0.001041 1.000000 0.000002 0.000995 1.000000 0.000002 0.001049 1.000000 -0.000005 0.001019 1.000000 0.000003 0.001068 1.000000 -0.000001 0.000989 1.000000 0.000000 0.001050 1.000000 -0.000001 0.001030 1.000000 0.000002 0.001060 1.000000 -0.000001 0.001029 1.000000 0.000000 0.001029 1.000000 -0.000002 0.001046 1.000000 0.000002 0.001044 1.000000 -0.000002 0.001004 1.000000 -0.000002 0.000979 1.000000 0.000008 0.001094 0.999999 -0.000006 0.000981 1.000000 0.000006 0.001050 1.000000 0.000003 0.001016 1.000000 -0.000000 0.001038 1.000000 -0.000000 0.001032 1.000000 -0.000002 0.001013 1.000000 -0.000005 0.001014 1.000000 -0.000000 0.001076 1.000000 0.000000 0.001039 1.000000 -0.000003 0.001037 1.000000 0.000002 0.001040 1.000000 -0.000005 0.001027 1.000000 -0.000001 0.001039 1.000000 0.000002 0.001072 1.000000 -0.000009 0.000990 1.000000 -0.000002 0.001033 1.000000 0.000003 0.001024 1.000000 0.000007 0.001033 1.000000 0.000004 0.001030 1.000000 -0.000006 0.001035 1.000000 0.000003 0.001027 1.000000 0.000003 0.001033 1.000000 0.000000 0.001034 1.000000 -0.000001 0.001039 1.000000 -0.000001 0.001023 1.000000 0.000002 0.001037 1.000000 0.000001 0.001051 1.000000 0.000003 0.001025 1.000000 -0.000003 0.001010 1.000000 0.000004 0.001041 1.000000 -0.000002 0.001029 1.000000 -0.000000 0.001033 1.000000 -0.000001 0.001036 1.000000 0.000001 0.001042 1.000000 -0.000001 0.001019 1.000000 0.000000 0.001036 1.000000 -0.000002 0.001043 1.000000 0.000004 0.001021 1.000000 -0.000001 0.001032 1.000000 0.000003 0.001038 1.000000 -0.000003 0.001044 1.000000 -0.000004 0.001032 1.000000 0.000000 0.001039 1.000000 -0.000000 0.001013 1.000000 0.000000 0.001038 1.000000 0.000000 0.001048 1.000000 -0.000001 0.001033 1.000000 -0.000002 0.001018 1.000000 0.000003 0.001044 1.000000 0.000001 0.001026 1.000000 -0.000002 0.001026 1.000000 0.000005 0.001048 1.000000 0.000001 0.001045 1.000000 -0.000006 0.001015 1.000000 0.000004 0.001023 1.000000 0.000001 0.001034 1.000000 -0.000001 0.001047 1.000000 0.000002 0.001026 1.000000 -0.000003 0.001030 1.000000 -0.000000 0.001050 1.000000 -0.000001 0.001028 1.000000 -0.000005 0.001034 1.000000 -0.000000 0.001041 1.000000 -0.000001 0.001025 1.000000 0.000001 0.001030 1.000000 0.000003 0.001036 1.000000 -0.000003 0.001037 1.000000 -0.000003 0.001024 1.000000 0.000006 0.001038 1.000000 -0.000001 0.001035 1.000000 -0.000002 0.001040 1.000000 0.000003 0.001033 1.000000 -0.000007 0.001030 1.000000 0.000004 0.001026 1.000000 0.000001 0.001036 1.000000 -0.000003 0.001028 1.000000 0.000005 0.001034 1.000000 -0.000004 0.001029 1.000000 0.000002 0.001033 1.000000 0.000001 0.001037 1.000000 -0.000001 0.001028 1.000000 -0.000002 0.001037 1.000000 0.000003 0.001031 1.000000 -0.000004 0.001031 1.000000 -0.000001 0.001032 1.000000 0.000001 0.001029 1.000000 0.000002 0.001035 1.000000 0.000001 0.001033 1.000000 -0.000002 0.001034 1.000000 -0.000004 0.001034 1.000000 0.000001 0.001036 1.000000 -0.000005 0.001030 1.000000 -0.000001 0.001035 1.000000 0.000003 0.001033 1.000000 0.000006 0.001030 1.000000 0.000006 0.001035 1.000000 -0.000005 0.001033 1.000000 0.000000 0.001033 1.000000 -0.000003 0.001033 1.000000 0.000002 0.001033 1.000000 -0.000001 0.001034 1.000000 0.000004 0.001031 1.000000 0.000002 0.001034 1.000000 0.000007 0.001032 1.000000 -0.000004 0.001033 1.000000 -0.000000 0.001037 1.000000 0.000004 0.001031 1.000000 -0.000002 0.001033 1.000000 -0.000005 0.001033 1.000000 0.000001 0.001034 1.000000 -0.000002 0.001032 1.000000 -0.000005 0.001035 1.000000 0.000010 0.001036 1.000000 -0.000001 0.001030 1.000000 -0.000011 0.001032 1.000000 0.000004 0.001034 1.000000 0.000001 0.001031 1.000000 -0.000001 0.001032 1.000000 -0.000002 0.001032 1.000000 0.000003 0.001037 1.000000 0.000002 0.001028 1.000000 0.000000 0.001038 1.000000 0.000000 0.001024 1.000000 -0.000006 0.001049 1.000000 0.000005 0.001026 1.000000 0.000005 0.001029 1.000000 -0.000006 0.001029 1.000000 -0.000001 0.001030 1.000000 -0.000002 0.001037 1.000000 -0.000002 0.001029 1.000000 -0.000001 0.001034 1.000000 0.000000 0.001033 1.000000 0.000009 0.001031 1.000000 -0.000001 0.001032 1.000000 0.000001 0.001033 1.000000 -0.000006 0.001034 1.000000 -0.000006 0.001033 1.000000 -0.000005 0.001035 1.000000 0.000011 0.001033 1.000000 -0.000013 0.001033 1.000000 0.000007 0.001033 1.000000 -0.000002 0.001032 1.000000 0.000002 0.001034 1.000000 -0.000002 0.001033 1.000000 -0.000008 0.001039 1.000000 0.000023 0.001028 1.000000 -0.000025 0.001036 1.000000 0.000022 0.001032 1.000000 0.000002 0.001032 1.000000 -0.000004 0.001034 1.000000 0.000002 0.001032 1.000000 0.000000 0.001049 1.000000 0.000014 0.001013 1.000000 -0.000002 0.001040 1.000000 0.000004 0.001036 1.000000 -0.000015 0.001031 1.000000 -0.000002 0.001036 1.000000 0.000004 0.001033 1.000000 -0.000006 0.001030 1.000000 0.000003 0.001049 1.000000 -0.000007 0.001029 1.000000 -0.000006 0.001014 1.000000 -0.000002 0.001049 1.000000 0.000005 0.001024 1.000000 -0.000005 0.001034 1.000000 0.000003 0.001044 1.000000 0.000004 0.001023 1.000000 0.000000 0.001022 1.000000 -0.000002 0.001016 1.000000 0.000007 0.001025 1.000000 -0.000011 0.001079 1.000000 0.000008 0.001042 1.000000 -0.000005 0.001025 1.000000 0.000002 0.001028 1.000000 0.000000 0.001030 1.000000 -0.000001 0.001003 1.000000 -0.000008 0.001046 1.000000 -0.000001 0.001041 1.000000 0.000002 0.001072 1.000000 0.000001 0.001009 1.000000 -0.000009 0.001055 1.000000 0.000005 0.001052 1.000000 -0.000000 0.001006 1.000000 0.000002 0.001038 1.000000 0.000002 0.001039 1.000000 -0.000000 0.001036 1.000000 0.000002 0.001032 1.000000 0.000001 0.000989 1.000000 0.000001 0.001086 0.999999 0.000001 0.000975 1.000000 0.000000 0.001040 1.000000 0.000000 0.001007 1.000000 -0.000005 0.001025 1.000000 -0.000004 0.001018 1.000000 0.000003 0.001080 0.999999 -0.000001 0.001031 1.000000 -0.000001 0.001040 1.000000 0.000002 0.001034 1.000000 0.000001 0.001039 1.000000 0.000001 0.001059 1.000000 0.000000 0.001055 1.000000 -0.000000 0.001013 1.000000 0.000001 0.001018 1.000000 0.000000 0.001025 1.000000 0.000000 0.001040 1.000000 -0.000001 0.001009 1.000000 0.000002 0.001056 1.000000 -0.000000 0.001056 1.000000 -0.000001 0.001050 1.000000 -0.000005 0.000984 1.000000 0.000003 0.001029 1.000000 -0.000003 0.001052 1.000000 -0.000002 0.001020 1.000000 -0.000001 0.001029 1.000000 -0.000000 0.001039 1.000000 0.000004 0.001022 1.000000 -0.000003 0.001027 1.000000 0.000010 0.001035 1.000000 -0.000008 0.001017 1.000000 0.000008 0.001028 1.000000 -0.000001 0.001044 1.000000 -0.000001 0.001040 1.000000 -0.000002 0.001013 1.000000 0.000001 0.001020 1.000000 -0.000006 0.001071 1.000000 -0.000000 0.001025 1.000000 0.000000 0.001057 1.000000 -0.000003 0.001027 1.000000 0.000004 0.001041 1.000000 -0.000004 0.001040 1.000000 -0.000001 0.001027 1.000000 0.000000 0.001021 1.000000 -0.000009 0.001047 1.000000 -0.000002 0.001012 1.000000 0.000003 0.001031 1.000000 0.000007 0.001031 1.000000 0.000002 0.001038 1.000000 0.000005 0.001026 1.000000 -0.000003 0.001037 1.000000 -0.000005 0.001035 1.000000 0.000000 0.001015 1.000000 0.000001 0.001028 1.000000 0.000001 0.001030 1.000000 0.000000 0.001039 1.000000 -0.000002 0.001033 1.000000 0.000003 0.001053 1.000000 -0.000004 0.001006 1.000000 0.000004 0.001040 1.000000 -0.000002 0.001034 1.000000 0.000001 0.001039 1.000000 -0.000001 0.001021 1.000000 0.000001 0.001045 1.000000 -0.000002 0.001031 1.000000 0.000003 0.001019 1.000000 0.000000 0.001035 1.000000 0.000000 0.001048 1.000000 -0.000000 0.001008 1.000000 0.000004 0.001029 1.000000 -0.000003 0.001044 1.000000 -0.000004 0.001019 1.000000 0.000000 0.001038 1.000000 -0.000000 0.001045 1.000000 -0.000000 0.001039 1.000000 -0.000001 0.001021 1.000000 0.000002 0.001020 1.000000 0.000004 0.001044 1.000000 0.000001 0.001054 1.000000 -0.000006 0.001009 1.000000 0.000003 0.001041 1.000000 0.000000 0.001025 1.000000 -0.000001 0.001035 1.000000 0.000002 0.001033 1.000000 -0.000002 0.001034 1.000000 0.000001 0.001030 1.000000 -0.000002 0.001036 1.000000 0.000000 0.001033 1.000000 0.000001 0.001035 1.000000 -0.000000 0.001040 1.000000 -0.000001 0.001022 1.000000 -0.000005 0.001037 1.000000 -0.000000 0.001034 1.000000 0.000002 0.001032 1.000000 -0.000003 0.001040 1.000000 -0.000002 0.001027 1.000000 0.000005 0.001029 1.000000 0.000003 0.001038 1.000000 -0.000007 0.001041 1.000000 0.000004 0.001022 1.000000 0.000001 0.001033 1.000000 -0.000002 0.001032 1.000000 -0.000001 0.001040 1.000000 -0.000002 0.001025 1.000000 0.000004 0.001039 1.000000 -0.000004 0.001027 1.000000 0.000003 0.001035 1.000000 0.000001 0.001034 1.000000 -0.000001 0.001036 1.000000 -0.000004 0.001032 1.000000 -0.000001 0.001030 1.000000 0.000001 0.001030 1.000000 0.000002 0.001036 1.000000 -0.000003 0.001028 1.000000 0.000003 0.001036 1.000000 0.000001 0.001033 1.000000 -0.000002 0.001031 1.000000 0.000004 0.001034 1.000000 -0.000007 0.001033 1.000000 0.000006 0.001033 1.000000 -0.000005 0.001034 1.000000 -0.000005 0.001032 1.000000 -0.000001 0.001033 1.000000 0.000003 0.001033 1.000000 0.000006 0.001033 1.000000 0.000000 0.001033 1.000000 -0.000003 0.001033 1.000000 0.000002 0.001033 1.000000 -0.000001 0.001032 1.000000 0.000007 0.001034 1.000000 -0.000004 0.001033 1.000000 -0.000000 0.001033 1.000000 0.000004 0.001033 1.000000 0.000004 0.001034 1.000000 0.000001 0.001032 1.000000 -0.000002 0.001032 1.000000 -0.000004 0.001034 1.000000 0.000001 0.001034 1.000000 -0.000002 0.001034 1.000000 0.000003 0.001030 1.000000 0.000002 0.001034 1.000000 -0.000004 0.001033 1.000000 0.000010 0.001039 1.000000 -0.000001 0.001032 1.000000 -0.000011 0.001031 1.000000 -0.000001 0.001030 1.000000 -0.000003 0.001033 1.000000 0.000003 0.001041 1.000000 0.000002 0.001023 1.000000 -0.000007 0.001041 1.000000 0.000007 0.001030 1.000000 -0.000001 0.001027 1.000000 -0.000001 0.001023 1.000000 -0.000005 0.001042 1.000000 0.000004 0.001019 1.000000 0.000004 0.001046 1.000000 -0.000006 0.001041 1.000000 -0.000002 0.001028 1.000000 -0.000002 0.001033 1.000000 0.000006 0.001038 1.000000 0.000000 0.001032 1.000000 0.000000 0.001034 1.000000 -0.000009 0.001032 1.000000 0.000002 0.001033 1.000000 0.000005 0.001033 1.000000 -0.000001 0.001033 1.000000 -0.000006 0.001033 1.000000 -0.000006 0.001035 1.000000 0.000012 0.001032 1.000000 -0.000014 0.001033 1.000000 -0.000007 0.001034 1.000000 0.000006 0.001032 1.000000 0.000001 0.001033 1.000000 -0.000002 0.001031 1.000000 -0.000008 0.001027 1.000000 -0.000001 0.001034 1.000000 0.000000 0.001043 1.000000 0.000023 0.001036 1.000000 0.000003 0.001027 1.000000 -0.000001 0.001034 1.000000 -0.000003 0.001033 1.000000 0.000005 0.001034 1.000000 0.000014 0.001036 1.000000 -0.000002 0.001027 1.000000 -0.000020 0.001046 1.000000 0.000009 0.001032 1.000000 -0.000005 0.001030 1.000000 0.000002 0.001031 1.000000 0.000002 0.001037 1.000000 -0.000003 0.001025 1.000000 -0.000006 0.001019 1.000000 -0.000005 0.001032 1.000000 -0.000002 0.001043 1.000000 0.000005 0.001035 1.000000 -0.000002 0.001042 1.000000 0.000008 0.001011 1.000000 -0.000013 0.001059 1.000000 0.000009 0.001037 1.000000 -0.000003 0.001019 1.000000 0.000006 0.001046 1.000000 0.000001 0.001026 1.000000 -0.000001 0.001034 1.000000 -0.000012 0.001058 1.000000 0.000000 0.001025 1.000000 0.000005 0.001033 1.000000 0.000002 0.001031 1.000000 0.000001 0.001030 1.000000 -0.000002 0.001037 1.000000 0.000000 0.001027 1.000000 0.000000 0.001040 1.000000 -0.000001 0.001031 1.000000 0.000000 0.000986 1.000000 -0.000001 0.001094 0.999999 0.000002 0.001037 1.000000 0.000001 0.001013 1.000000 -0.000003 0.001062 1.000000 0.000003 0.001042 1.000000 0.000001 0.001035 1.000000 0.000000 0.001035 1.000000 0.000000 0.001034 1.000000 0.000001 0.001024 1.000000 0.000000 0.001012 1.000000 -0.000003 0.001044 1.000000 -0.000001 0.001018 1.000000 -0.000002 0.001037 1.000000 0.000001 0.001047 1.000000 0.000000 0.001007 1.000000 -0.000002 0.001066 1.000000 0.000002 0.001004 1.000000 -0.000001 0.001041 1.000000 0.000006 0.001044 1.000000 -0.000003 0.001068 1.000000 0.000004 0.000978 1.000000 0.000000 0.001016 1.000000 0.000000 0.001041 1.000000 0.000000 0.001033 1.000000 0.000002 0.001048 1.000000 0.000002 0.001065 1.000000 0.000002 0.000985 1.000000 -0.000009 0.001095 0.999999 0.000008 0.000979 1.000000 -0.000006 0.001036 1.000000 0.000003 0.001023 1.000000 -0.000004 0.001030 1.000000 -0.000001 0.001060 1.000000 0.000000 0.001018 1.000000 -0.000005 0.001031 1.000000 0.000003 0.001006 1.000000 -0.000002 0.001054 1.000000 -0.000001 0.001073 1.000000 0.000003 0.001028 1.000000 0.000001 0.001021 1.000000 0.000004 0.001035 1.000000 -0.000007 0.001016 1.000000 -0.000004 0.001037 1.000000 0.000003 0.001023 1.000000 -0.000002 0.001042 1.000000 0.000002 0.001077 1.000000 0.000011 0.001034 1.000000 -0.000007 0.001001 1.000000 0.000004 0.000989 1.000000 -0.000007 0.001015 1.000000 -0.000008 0.001038 1.000000 0.000005 0.001040 1.000000 -0.000005 0.001059 1.000000 0.000003 0.001035 1.000000 0.000011 0.001021 1.000000 -0.000005 0.001049 1.000000 -0.000002 0.001004 1.000000 0.000005 0.001044 1.000000 0.000003 0.001051 1.000000 0.000000 0.000996 1.000000 -0.000008 0.001066 1.000000 0.000008 0.001009 1.000000 0.000002 0.001035 1.000000 -0.000009 0.001095 0.999999 0.000008 0.000978 1.000000 -0.000006 0.001037 1.000000 0.000003 0.001007 1.000000 -0.000004 0.001036 1.000000 -0.000001 0.001046 1.000000 0.000000 0.001038 1.000000 -0.000005 0.001008 1.000000 0.000003 0.001015 1.000000 -0.000002 0.001055 1.000000 -0.000001 0.001059 1.000000 0.000003 0.001045 1.000000 0.000001 0.001035 1.000000 0.000004 0.001006 1.000000 -0.000007 0.001022 1.000000 -0.000004 0.001023 1.000000 0.000003 0.001029 1.000000 -0.000002 0.001047 1.000000 0.000002 0.001054 1.000000 0.000011 0.001067 1.000000 -0.000007 0.000992 1.000000 0.000004 0.000990 1.000000 -0.000006 0.001028 1.000000 -0.000008 0.001046 1.000000 0.000005 0.001033 1.000000 0.000003 0.001050 1.000000 -0.000003 0.001024 1.000000 0.000011 0.001040 1.000000 -0.000005 0.001035 1.000000 -0.000002 0.001027 1.000000 0.000005 0.001025 1.000000 0.000003 0.001041 1.000000 0.000000 0.001000 1.000000 0.000003 0.001061 1.000000 -0.000001 0.001006 1.000000 -0.000001 0.001030 1.000000 0.000000 0.001034 1.000000 -0.000001 0.001030 1.000000 0.000001 0.001072 1.000000 0.000001 0.001015 1.000000 -0.000003 0.001057 1.000000 0.000003 0.000994 1.000000 -0.000003 0.001027 1.000000 -0.000001 0.001001 1.000000 -0.000000 0.001048 1.000000 0.000001 0.001041 1.000000 -0.000000 0.001133 0.999999 0.000005 0.000970 1.000000 -0.000001 0.001047 1.000000 -0.000002 0.001039 1.000000 0.000001 0.001036 1.000000 0.000000 0.001017 1.000000 -0.000002 0.001066 1.000000 0.000002 0.001001 1.000000 -0.000001 0.001074 1.000000 0.000006 0.001027 1.000000 -0.000003 0.001026 1.000000 0.000004 0.001024 1.000000 0.000000 0.001033 1.000000 0.000000 0.001014 1.000000 0.000000 0.001040 1.000000 0.000002 0.001060 1.000000 0.000002 -0.322360 0.000336 0.946617 -0.259960 0.000272 0.965619 -0.259960 0.000266 0.965619 -0.197364 0.000202 0.980330 -0.197400 0.000203 0.980323 -0.133103 0.000136 0.991102 -0.133053 0.000139 0.991109 -0.133101 0.000134 0.991102 -0.197365 0.000212 0.980330 -0.197410 0.000203 0.980321 -0.259961 0.000267 0.965619 -0.259956 0.000271 0.965620 -0.322362 0.000332 0.946616 -0.322371 0.000332 0.946613 -0.556379 0.000581 0.830929 -0.501009 0.000514 0.865442 -0.501006 0.000521 0.865444 -0.444419 0.000464 0.895819 -0.444412 0.000460 0.895822 -0.385066 0.000396 0.922889 -0.385062 0.000399 0.922890 -0.385063 0.000394 0.922890 -0.444422 0.000454 0.895818 -0.444402 0.000457 0.895827 -0.501005 0.000519 0.865445 -0.501015 0.000516 0.865438 -0.556368 0.000576 0.830936 -0.556377 0.000573 0.830930 -0.752445 0.000777 0.658655 -0.707939 0.000736 0.706273 -0.707973 0.000732 0.706239 -0.661104 0.000685 0.750294 -0.661129 0.000684 0.750273 -0.610765 0.000630 0.791812 -0.610792 0.000631 0.791791 0.127981 -0.000138 0.991777 0.063028 -0.000060 0.998012 0.063032 -0.000066 0.998012 -0.001161 0.000000 0.999999 -0.001161 0.000003 0.999999 -0.066358 0.000068 0.997796 -0.066357 0.000067 0.997796 -0.066357 0.000076 0.997796 -0.001161 0.000000 0.999999 -0.001161 -0.000003 0.999999 0.063030 -0.000066 0.998012 0.063032 -0.000063 0.998012 0.127983 -0.000132 0.991776 0.127981 -0.000130 0.991777 0.380406 -0.000383 0.924820 0.319283 -0.000302 0.947659 0.319218 -0.000328 0.947681 0.257733 -0.000267 0.966216 0.257636 -0.000262 0.966242 0.194157 -0.000197 0.980970 0.194091 -0.000200 0.980984 0.194100 -0.000214 0.980982 0.257644 -0.000262 0.966240 0.257633 -0.000275 0.966243 0.319162 -0.000343 0.947700 0.319209 -0.000329 0.947684 0.380238 -0.000396 0.924889 0.380388 -0.000394 0.924827 0.606756 -0.000621 0.794888 0.553557 -0.000574 0.832811 0.553552 -0.000570 0.832815 0.498976 -0.000514 0.866616 0.498957 -0.000524 0.866626 0.441384 -0.000464 0.897318 0.441521 -0.000455 0.897251 0.441507 -0.000431 0.897258 0.499103 -0.000514 0.866543 0.498957 -0.000508 0.866627 0.553604 -0.000569 0.832780 0.553551 -0.000574 0.832815 0.606723 -0.000627 0.794913 0.606731 -0.000628 0.794907 0.791822 -0.000814 0.610752 0.750354 -0.000766 0.661036 0.750245 -0.000771 0.661160 0.706304 -0.000726 0.707908 0.706237 -0.000731 0.707976 0.658597 -0.000678 0.752495 0.658643 -0.000681 0.752455 0.658632 -0.000682 0.752465 0.706296 -0.000736 0.707916 0.706258 -0.000729 0.707954 0.750243 -0.000776 0.661161 0.750275 -0.000775 0.661125 0.791782 -0.000818 0.610804 0.791811 -0.000818 0.610765 0.923842 -0.000954 0.382773 0.895793 -0.000927 0.444470 0.895806 -0.000929 0.444445 0.865412 -0.000897 0.501060 0.865444 -0.000896 0.501006 0.830920 -0.000862 0.556391 0.830975 -0.000859 0.556309 0.830965 -0.000845 0.556324 0.865492 -0.000887 0.500922 0.865434 -0.000892 0.501022 0.895820 -0.000920 0.444416 0.895803 -0.000925 0.444451 0.923844 -0.000954 0.382768 0.923847 -0.000955 0.382761 0.991093 -0.001034 0.133171 0.980297 -0.001023 0.197526 0.980322 -0.001016 0.197401 0.965608 -0.001003 0.260002 0.965636 -0.000998 0.259897 0.945814 -0.000978 0.324706 0.945817 -0.000978 0.324698 0.945839 -0.000973 0.324636 0.965646 -0.000995 0.259859 0.965628 -0.000994 0.259926 0.980338 -0.001009 0.197323 0.980320 -0.001010 0.197412 0.991110 -0.001021 0.133044 0.991093 -0.001024 0.133166 0.991779 -0.001027 -0.127960 0.998015 -0.001033 -0.062970 0.998005 -0.001029 -0.063128 0.999999 -0.001032 0.001209 0.999999 -0.001031 0.001155 0.997799 -0.001029 0.066302 0.997793 -0.001030 0.066398 0.997790 -0.001037 0.066441 0.999999 -0.001039 0.001209 0.999999 -0.001035 0.001169 0.998008 -0.001032 -0.063088 0.998008 -0.001031 -0.063074 0.991781 -0.001024 -0.127940 0.991774 -0.001025 -0.127995 0.924894 -0.000964 -0.380224 0.947718 -0.000988 -0.319109 0.947667 -0.000979 -0.319259 0.966236 -0.001000 -0.257657 0.966219 -0.000998 -0.257721 0.980974 -0.001012 -0.194138 0.980971 -0.001014 -0.194153 0.980977 -0.001016 -0.194122 0.966232 -0.001003 -0.257671 0.966221 -0.000994 -0.257713 0.947677 -0.000978 -0.319230 0.947668 -0.000977 -0.319256 0.924858 -0.000952 -0.380311 0.924885 -0.000956 -0.380246 0.794882 -0.000812 -0.606764 0.832798 -0.000852 -0.553576 0.832737 -0.000855 -0.553668 0.866574 -0.000887 -0.499048 0.866607 -0.000889 -0.498991 0.897280 -0.000923 -0.441460 0.897329 -0.000927 -0.441362 0.897323 -0.000940 -0.441373 0.866691 -0.000912 -0.498845 0.866599 -0.000905 -0.499005 0.832797 -0.000867 -0.553577 0.832759 -0.000861 -0.553635 0.794930 -0.000823 -0.606701 0.794892 -0.000822 -0.606750 0.610777 -0.000628 -0.791802 0.661109 -0.000685 -0.750290 0.661124 -0.000681 -0.750276 0.707912 -0.000736 -0.706300 0.707956 -0.000730 -0.706256 0.752467 -0.000779 -0.658629 0.752458 -0.000777 -0.658640 0.752447 -0.000774 -0.658652 0.707940 -0.000726 -0.706272 0.707952 -0.000730 -0.706260 0.661103 -0.000680 -0.750295 0.661129 -0.000686 -0.750272 0.610764 -0.000630 -0.791813 0.610812 -0.000632 -0.791776 0.385063 -0.000396 -0.922890 0.444420 -0.000464 -0.895819 0.444402 -0.000457 -0.895827 0.500987 -0.000519 -0.865455 0.501015 -0.000516 -0.865438 0.556380 -0.000573 -0.830928 0.556358 -0.000575 -0.830942 0.556380 -0.000574 -0.830928 0.500993 -0.000524 -0.865451 0.501006 -0.000516 -0.865444 0.444402 -0.000459 -0.895827 0.444413 -0.000460 -0.895822 0.385067 -0.000400 -0.922889 0.385062 -0.000397 -0.922891 0.133102 -0.000143 -0.991102 0.197365 -0.000212 -0.980330 0.197418 -0.000200 -0.980320 0.259950 -0.000267 -0.965622 0.259963 -0.000267 -0.965619 0.322363 -0.000332 -0.946616 0.322372 -0.000333 -0.946613 0.322359 -0.000337 -0.946617 0.259961 -0.000272 -0.965619 0.259961 -0.000271 -0.965619 0.197364 -0.000202 -0.980330 0.197395 -0.000205 -0.980324 0.133103 -0.000139 -0.991102 0.133053 -0.000137 -0.991109 -0.127981 0.000133 -0.991777 -0.063027 0.000071 -0.998012 -0.063032 0.000064 -0.998012 0.001161 -0.000005 -0.999999 0.001161 -0.000001 -0.999999 0.066361 -0.000068 -0.997796 0.066357 -0.000069 -0.997796 0.066358 -0.000076 -0.997796 0.001161 0.000000 -0.999999 0.001161 -0.000002 -0.999999 -0.063027 0.000060 -0.998012 -0.063032 0.000067 -0.998012 -0.127983 0.000132 -0.991776 -0.127981 0.000134 -0.991777 -0.380390 0.000413 -0.924826 -0.319308 0.000353 -0.947651 -0.319217 0.000330 -0.947681 -0.257722 0.000272 -0.966219 -0.257629 0.000270 -0.966244 -0.194169 0.000207 -0.980968 -0.194090 0.000202 -0.980984 -0.194099 0.000186 -0.980982 -0.257644 0.000262 -0.966240 -0.257633 0.000260 -0.966243 -0.319151 0.000317 -0.947704 -0.319217 0.000328 -0.947682 -0.380238 0.000386 -0.924889 -0.380403 0.000392 -0.924821 -0.606756 0.000628 -0.794888 -0.553557 0.000574 -0.832811 -0.553553 0.000576 -0.832814 -0.499011 0.000519 -0.866596 -0.498968 0.000506 -0.866621 -0.441383 0.000447 -0.897319 -0.441506 0.000457 -0.897258 -0.441511 0.000475 -0.897256 -0.499109 0.000524 -0.866539 -0.498974 0.000522 -0.866617 -0.553585 0.000569 -0.832792 -0.553539 0.000568 -0.832823 -0.606723 0.000627 -0.794913 -0.606751 0.000627 -0.794892 -0.791822 0.000824 -0.610752 -0.750314 0.000786 -0.661082 -0.750243 0.000776 -0.661161 -0.706323 0.000731 -0.707889 -0.706251 0.000732 -0.707961 -0.658599 0.000681 -0.752494 -0.658623 0.000679 -0.752473 -0.658629 0.000682 -0.752468 -0.706374 0.000736 -0.707838 -0.706240 0.000723 -0.707972 -0.750245 0.000766 -0.661160 -0.750274 0.000776 -0.661126 -0.791808 0.000817 -0.610770 -0.791791 0.000816 -0.610792 -0.922905 0.000950 -0.385026 -0.895824 0.000922 -0.444408 -0.895790 0.000918 -0.444477 -0.865429 0.000892 -0.501030 -0.865421 0.000893 -0.501045 -0.830947 0.000854 -0.556352 -0.830974 0.000857 -0.556310 -0.831002 0.000871 -0.556268 -0.865456 0.000902 -0.500984 -0.865435 0.000896 -0.501020 -0.895837 0.000932 -0.444382 -0.895803 0.000926 -0.444451 -0.922907 0.000956 -0.385021 -0.922881 0.000953 -0.385083 -0.991093 0.001015 -0.133171 -0.980297 0.001005 -0.197526 -0.980330 0.001009 -0.197362 -0.965628 0.000994 -0.259927 -0.965635 0.000997 -0.259898 -0.946620 0.000978 -0.322352 -0.946619 0.000978 -0.322354 -0.946603 0.000982 -0.322399 -0.965646 0.001003 -0.259859 -0.965638 0.001001 -0.259889 -0.980314 0.001015 -0.197440 -0.980331 0.001017 -0.197359 -0.991110 0.001027 -0.133044 -0.991093 0.001024 -0.133166 -0.991779 0.001022 0.127960 -0.998010 0.001028 0.063050 -0.998005 0.001033 0.063125 -0.999999 0.001035 -0.001250 -0.999999 0.001035 -0.001156 -0.997799 0.001033 -0.066302 -0.997790 0.001031 -0.066438 -0.997793 0.001025 -0.066400 -0.999999 0.001027 -0.001209 -0.999999 0.001031 -0.001169 -0.998007 0.001030 0.063090 -0.998009 0.001032 0.063071 -0.991781 0.001025 0.127940 -0.991774 0.001025 0.127995 -0.924880 0.000945 0.380259 -0.947668 0.000972 0.319257 -0.947679 0.000977 0.319223 -0.966236 0.000994 0.257657 -0.966212 0.000998 0.257747 -0.980974 0.001013 0.194137 -0.980971 0.001014 0.194153 -0.980985 0.001010 0.194082 -0.966253 0.000998 0.257595 -0.966211 0.001001 0.257751 -0.947677 0.000980 0.319229 -0.947685 0.000980 0.319207 -0.924839 0.000959 0.380357 -0.924885 0.000955 0.380246 -0.794901 0.000827 0.606739 -0.832798 0.000862 0.553576 -0.832757 0.000864 0.553638 -0.866575 0.000902 0.499046 -0.866618 0.000901 0.498970 -0.897260 0.000930 0.441503 -0.897361 0.000926 0.441297 -0.897321 0.000918 0.441377 -0.866689 0.000877 0.498848 -0.866598 0.000888 0.499006 -0.832796 0.000859 0.553580 -0.832785 0.000858 0.553596 -0.794903 0.000818 0.606736 -0.794893 0.000821 0.606749 -0.610777 0.000628 0.791802 -0.661069 0.000675 0.750325 -0.661144 0.000685 0.750259 -0.707932 0.000731 0.706280 -0.707943 0.000730 0.706269 -0.752496 0.000776 0.658597 -0.752457 0.000777 0.658641 0.001017 1.000000 -0.000002 0.001031 1.000000 0.000000 0.001045 1.000000 -0.000000 0.001016 1.000000 0.000009 0.001026 1.000000 0.000001 0.001060 1.000000 -0.000006 0.001030 1.000000 0.000005 0.001035 1.000000 0.000003 0.001031 1.000000 -0.000011 0.001034 1.000000 0.000002 0.001039 1.000000 -0.000000 0.001038 1.000000 0.000010 0.001017 1.000000 -0.000001 0.001018 1.000000 0.000004 0.001056 1.000000 -0.000002 0.001028 1.000000 -0.000001 0.001067 1.000000 -0.000004 0.001006 1.000000 0.000005 0.001046 1.000000 0.000000 0.001030 1.000000 -0.000008 0.001018 1.000000 0.000003 0.001045 1.000000 0.000003 0.001028 1.000000 0.000001 0.001047 1.000000 -0.000006 0.001019 1.000000 0.000006 0.001059 1.000000 -0.000005 0.001021 1.000000 0.000005 0.001023 1.000000 0.000002 0.001033 1.000000 -0.000001 0.001021 1.000000 0.000002 0.001036 1.000000 -0.000004 0.001039 1.000000 -0.000006 0.001050 1.000000 -0.000005 0.001065 1.000000 0.000002 0.000994 1.000000 0.000007 0.001027 1.000000 -0.000002 0.001010 1.000000 0.000002 0.001041 1.000000 -0.000002 0.001020 1.000000 0.000002 0.001051 1.000000 -0.000005 0.001050 1.000000 0.000001 0.001032 1.000000 -0.000002 0.001047 1.000000 -0.000002 0.001029 1.000000 0.000002 0.001007 1.000000 0.000001 0.001054 1.000000 -0.000000 0.001027 1.000000 0.000001 0.001038 1.000000 -0.000001 0.001062 1.000000 0.000001 0.001046 1.000000 0.000003 0.000979 1.000000 -0.000001 0.001088 0.999999 -0.000002 0.001058 1.000000 0.000002 0.001040 1.000000 0.000000 0.000997 1.000000 0.000003 0.001021 1.000000 -0.000001 0.001005 1.000000 -0.000003 0.001037 1.000000 0.000006 0.001048 1.000000 -0.000001 0.001025 1.000000 0.000002 0.001056 1.000000 -0.000007 0.001003 1.000000 0.000001 0.001056 1.000000 0.000004 0.001026 1.000000 -0.000001 0.001020 1.000000 -0.000002 0.001056 1.000000 0.000004 0.001009 1.000000 -0.000002 0.001036 1.000000 0.000000 0.001032 1.000000 0.000001 0.001052 1.000000 -0.000004 0.001047 1.000000 0.000004 0.001036 1.000000 0.000001 0.001029 1.000000 0.000004 0.001014 1.000000 -0.000003 0.001049 1.000000 0.000001 0.001018 1.000000 0.000001 0.001051 1.000000 -0.000005 0.000998 1.000000 -0.000003 0.001050 1.000000 0.000002 0.001010 1.000000 0.000003 0.001024 1.000000 -0.000002 0.001020 1.000000 0.000006 0.001055 1.000000 -0.000002 0.001044 1.000000 0.000001 0.001024 1.000000 -0.000008 0.001039 1.000000 0.000002 0.001047 1.000000 0.000003 0.001045 1.000000 -0.000000 0.001046 1.000000 -0.000000 0.001028 1.000000 0.000004 0.001038 1.000000 0.000000 0.001019 1.000000 0.000000 0.001032 1.000000 0.000005 0.001011 1.000000 -0.000004 0.001057 1.000000 0.000004 0.001011 1.000000 -0.000007 0.001027 1.000000 -0.000005 0.001052 1.000000 -0.000004 0.001038 1.000000 -0.000001 0.001025 1.000000 0.000003 0.001017 1.000000 0.000001 0.001048 1.000000 -0.000002 0.001046 1.000000 0.000010 0.001026 1.000000 0.000001 0.001036 1.000000 -0.000005 0.001023 1.000000 0.000005 0.001026 1.000000 -0.000006 0.001043 1.000000 0.000006 0.001025 1.000000 0.000003 0.001031 1.000000 -0.000001 0.001027 1.000000 -0.000003 0.001039 1.000000 0.000009 0.001040 1.000000 -0.000014 0.001031 1.000000 0.000005 0.001038 1.000000 0.000008 0.001026 1.000000 -0.000002 0.001037 1.000000 -0.000010 0.001032 1.000000 -0.000000 0.001033 1.000000 0.000010 0.001032 1.000000 -0.000007 0.001027 1.000000 0.000003 0.001029 1.000000 -0.000008 0.001032 1.000000 -0.000004 0.001037 1.000000 0.000002 0.001044 1.000000 -0.000008 0.001034 1.000000 0.000003 0.001027 1.000000 -0.000001 0.001031 1.000000 0.000009 0.001029 1.000000 0.000007 0.001027 1.000000 -0.000003 0.001035 1.000000 0.000001 0.001036 1.000000 0.000004 0.001031 1.000000 -0.000011 0.001034 1.000000 0.000001 0.001032 1.000000 -0.000001 0.001036 1.000000 0.000009 0.001018 1.000000 -0.000007 0.001056 1.000000 -0.000003 0.001027 1.000000 -0.000002 0.001033 1.000000 -0.000003 0.001036 1.000000 0.000001 0.001036 1.000000 -0.000007 0.001034 1.000000 0.000006 0.001031 1.000000 0.000004 0.000991 1.000000 0.000010 0.001060 1.000000 -0.000002 0.001026 1.000000 -0.000005 0.001039 1.000000 0.000003 0.001040 1.000000 -0.000001 0.001032 1.000000 0.000006 0.001017 1.000000 -0.000002 0.001035 1.000000 -0.000001 0.001012 1.000000 -0.000001 0.001040 1.000000 -0.000005 0.001034 1.000000 0.000001 0.001038 1.000000 0.000001 0.001040 1.000000 0.000004 0.001020 1.000000 0.000004 0.001040 1.000000 0.000001 0.001029 1.000000 -0.000007 0.001012 1.000000 0.000003 0.001062 1.000000 -0.000005 0.001016 1.000000 0.000007 0.001048 1.000000 -0.000002 0.001019 1.000000 0.000001 0.001034 1.000000 0.000005 0.001025 1.000000 -0.000004 0.001043 1.000000 -0.000007 0.000992 1.000000 0.000001 0.001064 1.000000 0.000000 0.001017 1.000000 0.000002 0.001040 1.000000 -0.000002 0.001028 1.000000 0.000001 0.001049 1.000000 0.000001 0.001038 1.000000 -0.000001 0.001038 1.000000 0.000003 0.001037 1.000000 -0.000000 0.001007 1.000000 0.000000 0.001052 1.000000 0.000000 0.001037 1.000000 -0.000001 0.001027 1.000000 -0.000001 0.001063 1.000000 0.000000 0.001007 1.000000 0.000001 0.001018 1.000000 0.000001 0.000987 1.000000 -0.000001 0.001042 1.000000 0.000000 0.001055 1.000000 0.000001 0.001043 1.000000 -0.000001 0.001051 1.000000 0.000003 0.001045 1.000000 0.000002 0.001028 1.000000 0.000002 0.000999 1.000000 0.000003 0.001027 1.000000 -0.000003 0.001028 1.000000 0.000002 0.001056 1.000000 0.000000 0.001040 1.000000 -0.000001 0.001052 1.000000 -0.000001 0.001022 1.000000 0.000000 0.001028 1.000000 -0.000001 0.001066 1.000000 -0.000001 0.001015 1.000000 -0.000002 0.001059 1.000000 0.000001 0.001040 1.000000 -0.000001 0.000997 1.000000 -0.000001 0.001048 1.000000 -0.000001 0.000983 1.000000 -0.000002 0.001052 1.000000 -0.000001 0.001055 1.000000 -0.000001 0.001058 1.000000 0.000002 0.001000 1.000000 -0.000003 0.001076 1.000000 -0.000001 0.001004 1.000000 -0.000001 0.001034 1.000000 0.000005 0.001034 1.000000 0.000002 0.001016 1.000000 -0.000004 0.001033 1.000000 0.000000 0.001043 1.000000 -0.000002 0.001046 1.000000 0.000003 0.001016 1.000000 -0.000001 0.001034 1.000000 -0.000000 0.001037 1.000000 -0.000001 0.001029 1.000000 0.000004 0.001014 1.000000 0.000000 0.001042 1.000000 -0.000001 0.001034 1.000000 0.000011 0.001011 1.000000 -0.000004 0.001049 1.000000 0.000001 0.001041 1.000000 -0.000002 0.001027 1.000000 -0.000005 0.001036 1.000000 -0.000004 0.001043 1.000000 -0.000001 0.001019 1.000000 0.000005 0.001034 1.000000 -0.000008 0.001034 1.000000 0.000001 0.001041 1.000000 0.000013 0.001029 1.000000 0.000001 0.001028 1.000000 0.000008 0.001033 1.000000 0.000005 0.001028 1.000000 -0.000007 0.001038 1.000000 0.000007 0.001032 1.000000 0.000000 0.001038 1.000000 -0.000001 0.001026 1.000000 -0.000014 0.001040 1.000000 0.000004 0.001034 1.000000 0.000003 0.001027 1.000000 -0.000001 0.001027 1.000000 -0.000004 0.001042 1.000000 -0.000004 0.001028 1.000000 0.000010 0.001035 1.000000 -0.000003 0.001034 1.000000 0.000002 0.001029 1.000000 -0.000008 0.001026 1.000000 0.000004 0.001036 1.000000 -0.000000 0.001024 1.000000 -0.000004 0.001047 1.000000 0.000006 0.001038 1.000000 -0.000003 0.001041 1.000000 0.000002 0.001031 1.000000 0.000007 0.001032 1.000000 -0.000004 0.001036 1.000000 -0.000008 0.001034 1.000000 0.000003 0.001035 1.000000 -0.000001 0.001038 1.000000 -0.000005 0.001031 1.000000 0.000001 0.001031 1.000000 -0.000010 0.001036 1.000000 0.000010 0.001022 1.000000 -0.000006 -0.944085 0.000973 -0.329700 -0.959549 0.000987 -0.281541 -0.959539 0.000987 -0.281573 -0.972432 0.000999 -0.233187 -0.972441 0.001001 -0.233149 -0.982971 0.001012 -0.183758 -0.982985 0.001015 -0.183685 -0.982967 0.001025 -0.183781 -0.972430 0.001012 -0.233193 -0.972426 0.001010 -0.233209 -0.959545 0.000997 -0.281552 -0.959536 0.000992 -0.281585 -0.944083 0.000976 -0.329705 -0.944068 0.000975 -0.329750 -0.858407 0.000879 -0.512969 -0.883198 0.000903 -0.468999 -0.883207 0.000908 -0.468983 -0.905585 0.000929 -0.424165 -0.905595 0.000934 -0.424142 -0.925866 0.000956 -0.377851 -0.925875 0.000956 -0.377829 -0.925862 0.000963 -0.377860 -0.905579 0.000938 -0.424177 -0.905578 0.000943 -0.424178 -0.883204 0.000917 -0.468988 -0.883192 0.000916 -0.469012 -0.858407 0.000890 -0.512969 -0.858375 0.000887 -0.513022 -0.737530 0.000760 -0.675314 -0.770693 0.000800 -0.637207 -0.770718 0.000800 -0.637176 -0.801668 0.000831 -0.597769 -0.801654 0.000831 -0.597788 -0.830887 0.000862 -0.556441 -0.830858 0.000858 -0.556484 -0.830862 0.000850 -0.556479 -0.801682 0.000823 -0.597750 -0.801690 0.000824 -0.597740 -0.770681 0.000794 -0.637221 -0.770725 0.000797 -0.637168 -0.737540 0.000763 -0.675303 -0.737506 0.000761 -0.675340 -0.586513 0.000599 -0.809939 -0.626650 0.000644 -0.779300 -0.626697 0.000646 -0.779263 -0.664918 0.000690 -0.746916 -0.664937 0.000687 -0.746899 -0.701838 0.000725 -0.712337 -0.701833 0.000725 -0.712341 -0.701853 0.000728 -0.712322 -0.664925 0.000690 -0.746910 -0.664929 0.000684 -0.746906 -0.626679 0.000644 -0.779277 -0.626677 0.000650 -0.779279 -0.586524 0.000609 -0.809932 -0.586498 0.000606 -0.809950 -0.411414 0.000427 -0.911448 -0.456973 0.000483 -0.889481 -0.456957 0.000470 -0.889489 -0.501000 0.000518 -0.865447 -0.500971 0.000518 -0.865464 -0.544085 0.000563 -0.839030 -0.544087 0.000562 -0.839029 -0.544106 0.000562 -0.839016 -0.501007 0.000518 -0.865443 -0.500977 0.000512 -0.865460 -0.456979 0.000466 -0.889477 -0.456981 0.000474 -0.889476 -0.411418 0.000420 -0.911447 -0.411452 0.000427 -0.911431 -0.219551 0.000220 -0.975601 -0.268599 0.000276 -0.963252 -0.268600 0.000279 -0.963252 -0.316518 0.000328 -0.948586 -0.316478 0.000327 -0.948600 -0.364015 0.000378 -0.931393 -0.364046 0.000377 -0.931381 -0.364025 0.000369 -0.931389 -0.316503 0.000322 -0.948592 -0.316469 0.000331 -0.948603 -0.268605 0.000270 -0.963250 -0.268607 0.000280 -0.963250 -0.219552 0.000224 -0.975601 -0.219548 0.000229 -0.975602 -0.018621 0.000022 -0.999827 -0.069216 0.000081 -0.997602 -0.069184 0.000067 -0.997604 -0.119062 0.000121 -0.992887 -0.119082 0.000125 -0.992884 -0.169131 0.000177 -0.985594 -0.169097 0.000173 -0.985599 -0.169127 0.000166 -0.985594 -0.119060 0.000127 -0.992887 -0.119093 0.000120 -0.992883 -0.069215 0.000075 -0.997602 -0.069194 0.000068 -0.997603 -0.018621 0.000015 -0.999827 -0.018652 0.000021 -0.999826 0.182999 -0.000180 -0.983113 0.133053 -0.000138 -0.991109 0.133045 -0.000134 -0.991110 0.083203 -0.000086 -0.996533 0.083222 -0.000088 -0.996531 0.032775 -0.000035 -0.999463 0.032744 -0.000036 -0.999464 0.032775 -0.000034 -0.999463 0.083202 -0.000092 -0.996533 0.083234 -0.000082 -0.996530 0.133048 -0.000138 -0.991110 0.133050 -0.000138 -0.991109 0.183000 -0.000189 -0.983113 0.183002 -0.000192 -0.983112 0.377104 -0.000400 -0.926171 0.329806 -0.000334 -0.944049 0.329809 -0.000350 -0.944048 0.282150 -0.000305 -0.959370 0.282106 -0.000290 -0.959383 0.233297 -0.000239 -0.972406 0.233263 -0.000239 -0.972414 0.233294 -0.000250 -0.972406 0.282156 -0.000276 -0.959369 0.282151 -0.000284 -0.959370 0.329801 -0.000339 -0.944051 0.329851 -0.000338 -0.944033 0.377102 -0.000389 -0.926172 0.377134 -0.000387 -0.926159 0.555817 -0.000582 -0.831304 0.513143 -0.000541 -0.858303 0.513121 -0.000531 -0.858316 0.469472 -0.000489 -0.882947 0.469477 -0.000484 -0.882945 0.424227 -0.000436 -0.905556 0.424249 -0.000437 -0.905546 0.424229 -0.000447 -0.905555 0.469486 -0.000483 -0.882940 0.469465 -0.000487 -0.882951 0.513134 -0.000529 -0.858308 0.513108 -0.000526 -0.858324 0.555831 -0.000574 -0.831295 0.555851 -0.000573 -0.831282 0.711795 -0.000737 -0.702387 0.675397 -0.000702 -0.737454 0.675386 -0.000699 -0.737464 0.637614 -0.000661 -0.770356 0.637586 -0.000661 -0.770379 0.597849 -0.000617 -0.801609 0.597844 -0.000618 -0.801612 0.597853 -0.000618 -0.801605 0.637613 -0.000667 -0.770356 0.637605 -0.000652 -0.770363 0.675390 -0.000702 -0.737460 0.675404 -0.000695 -0.737448 0.711799 -0.000732 -0.702383 0.711807 -0.000736 -0.702375 0.838625 -0.000867 -0.544709 0.810021 -0.000840 -0.586400 0.810016 -0.000836 -0.586407 0.779616 -0.000800 -0.626258 0.779620 -0.000802 -0.626253 0.746948 -0.000773 -0.664882 0.746968 -0.000772 -0.664859 0.746943 -0.000775 -0.664888 0.779628 -0.000817 -0.626243 0.779610 -0.000809 -0.626265 0.810032 -0.000837 -0.586385 0.810017 -0.000837 -0.586406 0.838621 -0.000867 -0.544715 0.838615 -0.000866 -0.544725 0.931115 -0.000957 -0.364725 0.911475 -0.000938 -0.411353 0.911481 -0.000938 -0.411340 0.889714 -0.000917 -0.456518 0.889734 -0.000918 -0.456478 0.865502 -0.000892 -0.500904 0.865526 -0.000895 -0.500863 0.865518 -0.000893 -0.500876 0.889715 -0.000926 -0.456514 0.889722 -0.000921 -0.456502 0.911473 -0.000943 -0.411360 0.911471 -0.000944 -0.411363 0.931119 -0.000964 -0.364715 0.931104 -0.000962 -0.364752 0.985472 -0.001018 -0.169838 0.975616 -0.001007 -0.219481 0.975618 -0.001009 -0.219474 0.963405 -0.000997 -0.268049 0.963403 -0.000998 -0.268055 0.948641 -0.000983 -0.316352 0.948621 -0.000980 -0.316414 0.948635 -0.000971 -0.316371 0.963402 -0.000987 -0.268059 0.963407 -0.000993 -0.268042 0.975618 -0.001007 -0.219473 0.975623 -0.001008 -0.219449 0.985466 -0.001018 -0.169867 0.985473 -0.001018 -0.169831 0.999487 -0.001032 0.032010 0.999827 -0.001032 -0.018568 0.999827 -0.001033 -0.018591 0.997641 -0.001030 -0.068633 0.997642 -0.001031 -0.068624 0.992898 -0.001026 -0.118967 0.992895 -0.001026 -0.118992 0.992900 -0.001023 -0.118950 0.997641 -0.001029 -0.068635 0.997641 -0.001030 -0.068633 0.999827 -0.001033 -0.018568 0.999827 -0.001033 -0.018560 0.999488 -0.001033 0.031993 0.999487 -0.001033 0.032009 0.972582 -0.000997 0.232558 0.983097 -0.001008 0.183081 0.983094 -0.001013 0.183098 0.991040 -0.001021 0.133561 0.991037 -0.001024 0.133582 0.996522 -0.001029 0.083321 0.996521 -0.001030 0.083329 0.996523 -0.001032 0.083310 0.991036 -0.001024 0.133588 0.991037 -0.001027 0.133583 0.983098 -0.001018 0.183075 0.983103 -0.001018 0.183051 0.972576 -0.001006 0.232584 0.972584 -0.001005 0.232550 0.905895 -0.000949 0.423500 0.926128 -0.000969 0.377209 0.926133 -0.000964 0.377195 0.943858 -0.000981 0.330350 0.943860 -0.000980 0.330343 0.959330 -0.000996 0.282285 0.959353 -0.000991 0.282209 0.959335 -0.000978 0.282269 0.943855 -0.000966 0.330358 0.943835 -0.000967 0.330415 0.926131 -0.000949 0.377200 0.926116 -0.000953 0.377239 0.905893 -0.000931 0.423506 0.905861 -0.000937 0.423573 0.802057 -0.000823 0.597247 0.831226 -0.000857 0.555934 0.831227 -0.000856 0.555933 0.858026 -0.000883 0.513606 0.858018 -0.000884 0.513619 0.882925 -0.000912 0.469513 0.882900 -0.000912 0.469560 0.882921 -0.000914 0.469522 0.858037 -0.000892 0.513587 0.858035 -0.000890 0.513590 0.831227 -0.000863 0.555933 0.831241 -0.000860 0.555911 0.802052 -0.000831 0.597254 0.802060 -0.000829 0.597243 0.665429 -0.000686 0.746461 0.702287 -0.000725 0.711893 0.702303 -0.000727 0.711878 0.737090 -0.000759 0.675795 0.737087 -0.000762 0.675797 0.770314 -0.000798 0.637664 0.770302 -0.000795 0.637678 0.770302 -0.000793 0.637679 0.737078 -0.000759 0.675807 0.737090 -0.000762 0.675794 0.702291 -0.000725 0.711890 0.702299 -0.000725 0.711881 0.665414 -0.000688 0.746474 0.665421 -0.000687 0.746468 0.501571 -0.000533 0.865117 0.544636 -0.000575 0.838672 0.544659 -0.000559 0.838658 0.585923 -0.000604 0.810366 0.585959 -0.000606 0.810341 0.626176 -0.000648 0.779682 0.626178 -0.000647 0.779680 0.626189 -0.000645 0.779671 0.585919 -0.000610 0.810370 0.585943 -0.000603 0.810352 0.544637 -0.000558 0.838672 0.544636 -0.000563 0.838673 0.501568 -0.000513 0.865118 0.501539 -0.000518 0.865135 0.317087 -0.000338 0.948396 0.364635 -0.000368 0.931151 0.364625 -0.000369 0.931154 0.410844 -0.000426 0.911706 0.410840 -0.000422 0.911707 0.456432 -0.000470 0.889758 0.456405 -0.000471 0.889772 0.456444 -0.000477 0.889752 0.410834 -0.000426 0.911710 0.410866 -0.000429 0.911696 0.364630 -0.000380 0.931153 0.364641 -0.000382 0.931148 0.317095 -0.000328 0.948394 0.317119 -0.000327 0.948386 0.119685 -0.000124 0.992812 0.169751 -0.000161 0.985487 0.169739 -0.000169 0.985489 0.218941 -0.000230 0.975738 0.218911 -0.000226 0.975745 0.267956 -0.000274 0.963431 0.267954 -0.000278 0.963432 0.267965 -0.000283 0.963429 0.218938 -0.000230 0.975739 0.218926 -0.000226 0.975742 0.169754 -0.000184 0.985487 0.169764 -0.000179 0.985485 0.119681 -0.000119 0.992812 0.119716 -0.000125 0.992808 -0.082569 0.000086 0.996585 -0.032072 0.000035 0.999486 -0.032089 0.000027 0.999485 0.018024 -0.000029 0.999838 0.018034 -0.000016 0.999837 0.068506 -0.000069 0.997651 0.068538 -0.000072 0.997649 0.068507 -0.000076 0.997651 0.018023 0.000000 0.999838 0.018008 -0.000021 0.999838 -0.032073 0.000040 0.999486 -0.032104 0.000032 0.999484 -0.082567 0.000085 0.996586 -0.082567 0.000087 0.996586 -0.281510 0.000302 0.959558 -0.232620 0.000253 0.972568 -0.232645 0.000239 0.972562 -0.183615 0.000190 0.982998 -0.183612 0.000188 0.982999 -0.133709 0.000139 0.991021 -0.133713 0.000136 0.991020 -0.133711 0.000145 0.991020 -0.183617 0.000184 0.982998 -0.183616 0.000190 0.982998 -0.232621 0.000236 0.972568 -0.232633 0.000240 0.972565 -0.281523 0.000289 0.959555 -0.281485 0.000290 0.959566 -0.468848 0.000475 0.883279 -0.423653 0.000437 0.905825 -0.423627 0.000440 0.905837 -0.377744 0.000385 0.925910 -0.377741 0.000390 0.925911 -0.330483 0.000335 0.943812 -0.330461 0.000343 0.943820 -0.330485 0.000352 0.943811 -0.377746 0.000414 0.925909 -0.377757 0.000389 0.925905 -0.423638 0.000431 0.905831 -0.423655 0.000439 0.905824 -0.468847 0.000486 0.883279 -0.468895 0.000484 0.883254 -0.637084 0.000661 0.770794 -0.597329 0.000616 0.801996 -0.597320 0.000618 0.802003 -0.556423 0.000575 0.830899 -0.556395 0.000576 0.830918 -0.513693 0.000532 0.857974 -0.513679 0.000530 0.857982 -0.513663 0.000528 0.857992 -0.556427 0.000564 0.830896 -0.556411 0.000577 0.830907 -0.597309 0.000618 0.802011 -0.597336 0.000617 0.801991 -0.637076 0.000657 0.770801 -0.637110 0.000658 0.770773 -0.779233 0.000814 0.626734 -0.746557 0.000782 0.665321 -0.746532 0.000769 0.665350 -0.712284 0.000739 0.701891 -0.712270 0.000739 0.701906 -0.675852 0.000700 0.737037 -0.675850 0.000697 0.737039 -0.675829 0.000695 0.737058 -0.712270 0.000725 0.701905 -0.712253 0.000733 0.701923 -0.746536 0.000765 0.665344 -0.746528 0.000772 0.665354 -0.779224 0.000802 0.626745 -0.779207 0.000806 0.626767 -0.889419 0.000919 0.457092 -0.865178 0.000892 0.501464 -0.865180 0.000889 0.501460 -0.838987 0.000866 0.544151 -0.838984 0.000866 0.544155 -0.810381 0.000836 0.585902 -0.810394 0.000837 0.585885 -0.810402 0.000840 0.585874 -0.838977 0.000869 0.544167 -0.838991 0.000868 0.544144 -0.865185 0.000897 0.501452 -0.865203 0.000895 0.501421 -0.889419 0.000917 0.457092 -0.889426 0.000919 0.457078 -0.963234 0.000999 0.268661 -0.948421 0.000984 0.317013 -0.948422 0.000983 0.317009 -0.931333 0.000966 0.364167 -0.931357 0.000963 0.364107 -0.911745 0.000943 0.410755 -0.911740 0.000942 0.410768 -0.911736 0.000935 0.410775 -0.931336 0.000955 0.364159 -0.931331 0.000960 0.364173 -0.948431 0.000976 0.316983 -0.948408 0.000978 0.317051 -0.963230 0.000994 0.268677 -0.963231 0.000995 0.268673 -0.997599 0.001030 0.069248 -0.992819 0.001027 0.119622 -0.992817 0.001024 0.119640 -0.985581 0.001017 0.169203 -0.985579 0.001018 0.169216 -0.975765 0.001007 0.218818 -0.975771 0.001008 0.218792 -0.975769 0.001010 0.218800 -0.985576 0.001020 0.169233 -0.985577 0.001019 0.169225 -0.992825 0.001025 0.119572 -0.992813 0.001026 0.119669 -0.997598 0.001031 0.069260 -0.997598 0.001030 0.069268 -0.991117 0.001031 -0.132992 -0.996574 0.001037 -0.082696 -0.996575 0.001033 -0.082691 -0.999466 0.001036 -0.032647 -0.999467 0.001032 -0.032640 -0.999838 0.001033 0.017947 -0.999839 0.001033 0.017924 -0.999839 0.001032 0.017902 -0.999468 0.001031 -0.032603 -0.999467 0.001029 -0.032625 -0.996576 0.001026 -0.082670 -0.996576 0.001027 -0.082674 -0.991120 0.001021 -0.132969 -0.991114 0.001024 -0.133009 0.366386 -0.000368 -0.930463 0.391010 -0.000407 -0.920386 0.391015 -0.000396 -0.920384 0.415284 -0.000427 -0.909692 0.415292 -0.000424 -0.909688 0.439327 -0.000453 -0.898327 0.439330 -0.000455 -0.898326 0.439322 -0.000455 -0.898330 0.415282 -0.000434 -0.909692 0.415274 -0.000436 -0.909697 0.391014 -0.000403 -0.920385 0.391005 -0.000408 -0.920389 0.366383 -0.000380 -0.930464 0.366371 -0.000379 -0.930469 0.265406 -0.000276 -0.964137 0.290949 -0.000285 -0.956739 0.290954 -0.000303 -0.956737 0.316238 -0.000329 -0.948680 0.316246 -0.000327 -0.948677 0.341361 -0.000353 -0.939932 0.341362 -0.000352 -0.939932 0.341360 -0.000350 -0.939933 0.316231 -0.000325 -0.948682 0.316239 -0.000325 -0.948680 0.290951 -0.000305 -0.956738 0.290942 -0.000300 -0.956741 0.265406 -0.000274 -0.964137 0.265391 -0.000274 -0.964141 0.161412 -0.000168 -0.986887 0.187598 -0.000197 -0.982246 0.187598 -0.000193 -0.982246 0.213599 -0.000220 -0.976922 0.213610 -0.000226 -0.976919 0.239551 -0.000247 -0.970884 0.239531 -0.000247 -0.970889 0.239553 -0.000251 -0.970883 0.213598 -0.000210 -0.976922 0.213614 -0.000218 -0.976918 0.187598 -0.000193 -0.982246 0.187602 -0.000194 -0.982245 0.161411 -0.000165 -0.986887 0.161415 -0.000167 -0.986887 0.055615 -0.000043 -0.998452 0.082149 -0.000081 -0.996620 0.082149 -0.000081 -0.996620 0.108539 -0.000112 -0.994092 0.108571 -0.000112 -0.994089 0.134972 -0.000138 -0.990849 0.134970 -0.000140 -0.990850 0.134972 -0.000139 -0.990849 0.108538 -0.000115 -0.994092 0.108557 -0.000112 -0.994090 0.082150 -0.000088 -0.996620 0.082128 -0.000088 -0.996622 0.055614 -0.000061 -0.998452 0.055597 -0.000058 -0.998453 -0.050839 0.000053 -0.998707 -0.024259 0.000020 -0.999706 -0.024251 0.000028 -0.999706 0.002262 0.000000 -0.999997 0.002278 -0.000002 -0.999997 0.028891 -0.000027 -0.999583 0.028890 -0.000030 -0.999583 0.028891 -0.000035 -0.999583 0.002262 -0.000007 -0.999997 0.002270 -0.000003 -0.999997 -0.024259 0.000027 -0.999706 -0.024265 0.000023 -0.999706 -0.050839 0.000054 -0.998707 -0.050856 0.000052 -0.998706 -0.156725 0.000150 -0.987642 -0.130389 0.000122 -0.991463 -0.130400 0.000135 -0.991462 -0.104034 0.000102 -0.994574 -0.104027 0.000108 -0.994575 -0.077498 0.000075 -0.996992 -0.077530 0.000081 -0.996990 -0.077498 0.000091 -0.996992 -0.104033 0.000122 -0.994574 -0.104011 0.000106 -0.994576 -0.130391 0.000142 -0.991463 -0.130384 0.000135 -0.991464 -0.156724 0.000165 -0.987643 -0.156705 0.000162 -0.987645 -0.260812 0.000268 -0.965390 -0.235026 0.000251 -0.971989 -0.235027 0.000243 -0.971989 -0.209154 0.000214 -0.977883 -0.209157 0.000217 -0.977882 -0.183070 0.000188 -0.983100 -0.183071 0.000189 -0.983100 -0.183071 0.000192 -0.983100 -0.209157 0.000217 -0.977882 -0.209157 0.000216 -0.977882 -0.235026 0.000241 -0.971989 -0.235028 0.000242 -0.971989 -0.260810 0.000272 -0.965390 -0.260813 0.000269 -0.965389 -0.361907 0.000387 -0.932214 -0.337024 0.000359 -0.941496 -0.337002 0.000349 -0.941504 -0.311938 0.000322 -0.950102 -0.311921 0.000324 -0.950108 -0.286511 0.000296 -0.958077 -0.286511 0.000297 -0.958077 -0.286515 0.000296 -0.958076 -0.311935 0.000319 -0.950103 -0.311928 0.000320 -0.950106 -0.337024 0.000346 -0.941496 -0.337021 0.000346 -0.941497 -0.361907 0.000369 -0.932214 -0.361938 0.000375 -0.932202 -0.459053 0.000435 -0.888409 -0.435184 0.000420 -0.900341 -0.435227 0.000435 -0.900321 -0.411102 0.000403 -0.911590 -0.411153 0.000421 -0.911566 -0.386687 0.000396 -0.922211 -0.386737 0.000399 -0.922190 -0.386689 0.000413 -0.922210 -0.411102 0.000454 -0.911589 -0.411092 0.000437 -0.911594 -0.435182 0.000464 -0.900342 -0.435161 0.000460 -0.900353 -0.459056 0.000489 -0.888407 -0.458974 0.000474 -0.888450 -0.550808 0.000571 -0.834632 -0.528374 0.000549 -0.849011 -0.528384 0.000561 -0.849005 -0.505684 0.000536 -0.862718 -0.505676 0.000535 -0.862723 -0.482647 0.000509 -0.875815 -0.482569 0.000499 -0.875858 -0.482645 0.000464 -0.875816 -0.505684 0.000488 -0.862719 -0.505729 0.000508 -0.862692 -0.528373 0.000532 -0.849012 -0.528418 0.000543 -0.848984 -0.550809 0.000570 -0.834631 -0.550825 0.000569 -0.834621 -0.636464 0.000641 -0.771306 -0.615660 0.000603 -0.788012 -0.615690 0.000625 -0.787988 -0.594502 0.000610 -0.804094 -0.594542 0.000612 -0.804064 -0.572917 0.000591 -0.819614 -0.572928 0.000591 -0.819606 -0.572918 0.000598 -0.819612 -0.594503 0.000617 -0.804094 -0.594519 0.000621 -0.804081 -0.615655 0.000651 -0.788016 -0.615653 0.000644 -0.788017 -0.636466 0.000665 -0.771305 -0.636407 0.000656 -0.771354 -0.714821 0.000716 -0.699307 -0.695897 0.000705 -0.718141 -0.695930 0.000722 -0.718109 -0.676602 0.000698 -0.736348 -0.676619 0.000708 -0.736333 -0.656855 0.000686 -0.754017 -0.656804 0.000678 -0.754061 -0.656853 0.000663 -0.754019 -0.676601 0.000678 -0.736349 -0.676639 0.000696 -0.736315 -0.695897 0.000719 -0.718141 -0.695925 0.000723 -0.718114 -0.714820 0.000745 -0.699308 -0.714792 0.000738 -0.699337 -0.785090 0.000802 -0.619381 -0.768305 0.000786 -0.640083 -0.768321 0.000793 -0.640064 -0.751043 0.000773 -0.660253 -0.751054 0.000786 -0.660240 -0.733266 0.000765 -0.679942 -0.733245 0.000758 -0.679964 -0.733271 0.000729 -0.679937 -0.751044 0.000766 -0.660252 -0.751073 0.000769 -0.660219 -0.768297 0.000793 -0.640093 -0.768318 0.000797 -0.640068 -0.785090 0.000812 -0.619381 -0.785086 0.000812 -0.619387 -0.846483 0.000860 -0.532415 -0.831990 0.000847 -0.554791 -0.832005 0.000858 -0.554767 -0.816975 0.000841 -0.576673 -0.816988 0.000850 -0.576654 -0.801380 0.000837 -0.598155 -0.801354 0.000828 -0.598190 -0.801377 0.000802 -0.598159 -0.816975 0.000827 -0.576672 -0.816994 0.000844 -0.576645 -0.831991 0.000861 -0.554788 -0.831995 0.000863 -0.554782 -0.846486 0.000880 -0.532411 -0.846470 0.000874 -0.532435 -0.898277 0.000918 -0.439429 -0.886250 0.000902 -0.463207 -0.886261 0.000920 -0.463186 -0.873639 0.000902 -0.486573 -0.873644 0.000907 -0.486565 -0.860422 0.000894 -0.509582 -0.860403 0.000888 -0.509613 -0.860422 0.000877 -0.509581 -0.873642 0.000895 -0.486569 -0.873652 0.000902 -0.486550 -0.886250 0.000912 -0.463206 -0.886259 0.000919 -0.463188 -0.898275 0.000930 -0.439433 -0.898266 0.000929 -0.439451 -0.939885 0.000978 -0.341489 -0.930466 0.000969 -0.366376 -0.930468 0.000968 -0.366372 -0.920419 0.000956 -0.390932 -0.920419 0.000957 -0.390931 -0.909712 0.000945 -0.415239 -0.909695 0.000940 -0.415275 -0.909713 0.000926 -0.415237 -0.920419 0.000939 -0.390933 -0.920430 0.000942 -0.390905 -0.930467 0.000952 -0.366375 -0.930475 0.000960 -0.366354 -0.939885 0.000967 -0.341490 -0.939891 0.000971 -0.341474 -0.970860 0.001004 -0.239646 -0.964143 0.000997 -0.265383 -0.964144 0.000997 -0.265380 -0.956761 0.000990 -0.290873 -0.956761 0.000988 -0.290874 -0.948684 0.000980 -0.316224 -0.948683 0.000980 -0.316227 -0.948685 0.000978 -0.316221 -0.956762 0.000990 -0.290871 -0.956763 0.000987 -0.290867 -0.964142 0.000995 -0.265385 -0.964144 0.000996 -0.265378 -0.970862 0.001004 -0.239640 -0.970862 0.001002 -0.239639 -0.990825 0.001049 -0.135145 -0.986891 0.001044 -0.161382 -0.986886 0.001029 -0.161416 -0.982265 0.001024 -0.187497 -0.982259 0.001017 -0.187528 -0.976925 0.001010 -0.213582 -0.976921 0.001009 -0.213598 -0.976924 0.001006 -0.213586 -0.982267 0.001010 -0.187485 -0.982264 0.001005 -0.187503 -0.986891 0.001009 -0.161383 -0.986893 0.001011 -0.161371 -0.990825 0.001015 -0.135149 -0.990834 0.001024 -0.135080 -0.999578 0.001044 -0.029026 -0.998456 0.001042 -0.055541 -0.998454 0.001029 -0.055573 -0.996630 0.001027 -0.082023 -0.996628 0.001023 -0.082042 -0.994086 0.001021 -0.108595 -0.994091 0.001027 -0.108543 -0.994085 0.001048 -0.108595 -0.996630 0.001049 -0.082020 -0.996626 0.001031 -0.082065 -0.998456 0.001034 -0.055539 -0.998454 0.001027 -0.055572 -0.999578 0.001029 -0.029022 -0.999579 0.001032 -0.029001 -0.997003 0.001053 0.077354 -0.998703 0.001055 0.050897 -0.998706 0.001035 0.050851 -0.999702 0.001036 0.024386 -0.999703 0.001029 0.024351 -0.999997 0.001029 -0.002290 -0.999997 0.001033 -0.002257 -0.999997 0.001043 -0.002292 -0.999702 0.001043 0.024383 -0.999703 0.001029 0.024348 -0.998703 0.001028 0.050902 -0.998704 0.001024 0.050876 -0.997003 0.001022 0.077362 -0.996999 0.001030 0.077411 -0.983127 0.001028 0.182925 -0.987634 0.001032 0.156777 -0.987639 0.001016 0.156741 -0.991447 0.001021 0.130508 -0.991449 0.001016 0.130488 -0.994579 0.001020 0.103983 -0.994572 0.001027 0.104044 -0.994579 0.001051 0.103983 -0.991447 0.001047 0.130506 -0.991453 0.001029 0.130457 -0.987632 0.001024 0.156786 -0.987641 0.001016 0.156731 -0.983127 0.001010 0.182921 -0.983122 0.001016 0.182948 -0.958103 0.000990 0.286421 -0.965377 0.000993 0.260858 -0.965380 0.000991 0.260846 -0.971965 0.000997 0.235122 -0.971964 0.000998 0.235127 -0.977889 0.001004 0.209124 -0.977879 0.001010 0.209170 -0.977889 0.001033 0.209120 -0.971965 0.001024 0.235124 -0.971971 0.001011 0.235097 -0.965380 0.001003 0.260846 -0.965387 0.000998 0.260820 -0.958105 0.000991 0.286416 -0.958105 0.000989 0.286416 -0.922242 0.000960 0.386612 -0.932192 0.000969 0.361962 -0.932196 0.000969 0.361954 -0.941464 0.000975 0.337113 -0.941471 0.000972 0.337092 -0.950107 0.000981 0.311921 -0.950106 0.000981 0.311926 -0.950108 0.000984 0.311919 -0.941465 0.000973 0.337111 -0.941467 0.000970 0.337104 -0.932195 0.000961 0.361956 -0.932191 0.000959 0.361966 -0.922244 0.000948 0.386607 -0.922235 0.000953 0.386628 -0.875901 0.000896 0.482491 -0.888432 0.000908 0.459008 -0.888433 0.000914 0.459006 -0.900307 0.000919 0.435254 -0.900303 0.000928 0.435262 -0.911578 0.000939 0.411126 -0.911566 0.000941 0.411153 -0.911580 0.000951 0.411121 -0.900309 0.000949 0.435250 -0.900317 0.000935 0.435234 -0.888431 0.000925 0.459010 -0.888443 0.000919 0.458986 -0.875902 0.000905 0.482489 -0.875913 0.000906 0.482469 -0.819665 0.000836 0.572842 -0.834618 0.000847 0.550828 -0.834618 0.000861 0.550829 -0.848950 0.000878 0.528472 -0.848940 0.000878 0.528489 -0.862694 0.000892 0.505725 -0.862700 0.000892 0.505716 -0.862694 0.000885 0.505725 -0.848953 0.000875 0.528468 -0.848940 0.000876 0.528489 -0.834627 0.000868 0.550816 -0.834619 0.000865 0.550827 -0.819662 0.000851 0.572847 -0.819669 0.000846 0.572837 -0.754133 0.000780 0.656721 -0.771350 0.000800 0.636411 -0.771349 0.000799 0.636412 -0.787957 0.000814 0.615730 -0.787956 0.000819 0.615730 -0.804044 0.000833 0.594569 -0.804062 0.000831 0.594545 -0.804038 0.000825 0.594577 -0.787962 0.000800 0.615723 -0.787949 0.000812 0.615740 -0.771351 0.000797 0.636409 -0.771341 0.000795 0.636422 -0.754135 0.000779 0.656719 -0.754136 0.000779 0.656718 -0.680053 0.000693 0.733163 -0.699324 0.000732 0.714805 -0.699334 0.000720 0.714794 -0.718039 0.000739 0.696003 -0.718045 0.000742 0.695996 -0.736300 0.000765 0.676655 -0.736305 0.000760 0.676650 -0.736301 0.000749 0.676654 -0.718046 0.000739 0.695995 -0.718039 0.000744 0.696002 -0.699329 0.000719 0.714800 -0.699329 0.000722 0.714799 -0.680048 0.000706 0.733167 -0.680052 0.000702 0.733163 -0.598265 0.000606 0.801298 -0.619383 0.000624 0.785089 -0.619364 0.000635 0.785104 -0.640003 0.000658 0.768373 -0.640001 0.000661 0.768374 -0.660218 0.000683 0.751074 -0.660223 0.000683 0.751070 -0.660216 0.000678 0.751075 -0.640001 0.000664 0.768374 -0.640003 0.000660 0.768373 -0.619376 0.000644 0.785094 -0.619377 0.000646 0.785093 -0.598266 0.000620 0.801298 -0.598274 0.000619 0.801292 -0.509695 0.000505 0.860355 -0.532420 0.000542 0.846480 -0.532421 0.000549 0.846480 -0.554720 0.000563 0.832037 -0.554695 0.000575 0.832054 -0.576634 0.000597 0.817003 -0.576636 0.000596 0.817001 -0.576635 0.000592 0.817002 -0.554727 0.000569 0.832032 -0.554701 0.000579 0.832049 -0.532424 0.000563 0.846477 -0.532438 0.000548 0.846469 -0.509701 0.000534 0.860352 -0.509715 0.000527 0.860343 -0.415354 0.000411 0.909660 -0.439450 0.000434 0.898267 -0.439419 0.000451 0.898282 -0.463139 0.000475 0.886285 -0.463126 0.000486 0.886292 -0.486507 0.000502 0.873677 -0.486532 0.000505 0.873663 -0.486509 0.000502 0.873676 -0.463136 0.000475 0.886287 -0.463115 0.000473 0.886298 -0.439451 0.000447 0.898267 -0.439433 0.000465 0.898275 -0.415354 0.000435 0.909660 -0.415382 0.000429 0.909647 -0.316378 0.000338 0.948633 -0.341470 0.000380 0.939893 -0.341479 0.000355 0.939890 -0.366280 0.000386 0.930505 -0.366297 0.000390 0.930498 -0.390862 0.000412 0.920449 -0.390908 0.000402 0.920430 -0.390863 0.000388 0.920449 -0.366284 0.000366 0.930503 -0.366258 0.000360 0.930513 -0.341467 0.000339 0.939894 -0.341443 0.000351 0.939902 -0.316376 0.000321 0.948634 -0.316345 0.000327 0.948644 -0.213740 0.000227 0.976891 -0.239599 0.000258 0.970872 -0.239620 0.000250 0.970867 -0.265275 0.000278 0.964173 -0.265298 0.000269 0.964166 -0.290881 0.000299 0.956759 -0.290859 0.000301 0.956766 -0.290878 0.000309 0.956760 -0.265274 0.000285 0.964173 -0.265298 0.000270 0.964167 -0.239599 0.000251 0.970872 -0.239605 0.000238 0.970870 -0.213739 0.000217 0.976891 -0.213706 0.000222 0.976898 -0.108670 0.000108 0.994078 -0.135047 0.000149 0.990839 -0.135068 0.000129 0.990836 -0.161304 0.000169 0.986905 -0.161299 0.000164 0.986906 -0.187537 0.000195 0.982258 -0.187517 0.000196 0.982261 -0.187538 0.000187 0.982257 -0.161305 0.000163 0.986905 -0.161315 0.000168 0.986903 -0.135044 0.000142 0.990840 -0.135072 0.000138 0.990836 -0.108669 0.000109 0.994078 -0.108652 0.000113 0.994080 -0.002379 0.000001 0.999997 -0.028977 0.000041 0.999580 -0.028978 0.000024 0.999580 -0.055499 0.000061 0.998459 -0.055498 0.000056 0.998459 -0.082044 0.000086 0.996629 -0.082044 0.000084 0.996629 -0.082043 0.000089 0.996629 -0.055498 0.000054 0.998459 -0.055498 0.000054 0.998459 -0.028978 0.000027 0.999580 -0.028978 0.000033 0.999580 -0.002379 0.000000 0.999997 -0.002379 0.000004 0.999997 0.103927 -0.000102 0.994585 0.077431 -0.000081 0.996998 0.077430 -0.000075 0.996998 0.050944 -0.000054 0.998702 0.050942 -0.000051 0.998702 0.024360 -0.000023 0.999703 0.024360 -0.000028 0.999703 0.024361 -0.000020 0.999703 0.050942 -0.000068 0.998702 0.050943 -0.000050 0.998702 0.077431 -0.000081 0.996998 0.077431 -0.000083 0.996998 0.103930 -0.000109 0.994585 0.103926 -0.000109 0.994585 0.209047 -0.000218 0.977906 0.182976 -0.000176 0.983117 0.182970 -0.000189 0.983119 0.156812 -0.000156 0.987628 0.156798 -0.000161 0.987631 0.130489 -0.000136 0.991450 0.130488 -0.000135 0.991450 0.130492 -0.000126 0.991449 0.156813 -0.000176 0.987628 0.156806 -0.000163 0.987629 0.182978 -0.000197 0.983117 0.182982 -0.000189 0.983116 0.209047 -0.000213 0.977906 0.209062 -0.000217 0.977903 0.311817 -0.000327 0.950142 0.286443 -0.000298 0.958097 0.286429 -0.000301 0.958101 0.260908 -0.000278 0.965364 0.260921 -0.000273 0.965360 0.235099 -0.000249 0.971971 0.235116 -0.000241 0.971967 0.235099 -0.000238 0.971971 0.260912 -0.000244 0.965362 0.260904 -0.000268 0.965365 0.286441 -0.000292 0.958098 0.286421 -0.000293 0.958104 0.311818 -0.000321 0.950142 0.311815 -0.000321 0.950143 0.411082 -0.000440 0.911598 0.386655 -0.000420 0.922225 0.386662 -0.000406 0.922222 0.362016 -0.000386 0.932172 0.362041 -0.000375 0.932162 0.337093 -0.000349 0.941471 0.337104 -0.000348 0.941467 0.337092 -0.000348 0.941472 0.362014 -0.000366 0.932173 0.362021 -0.000361 0.932170 0.386652 -0.000393 0.922226 0.386645 -0.000396 0.922228 0.411080 -0.000416 0.911599 0.411047 -0.000425 0.911614 0.505623 -0.000526 0.862754 0.482455 -0.000502 0.875920 0.482469 -0.000495 0.875913 0.459068 -0.000468 0.888401 0.459070 -0.000470 0.888400 0.435276 -0.000444 0.900297 0.435266 -0.000450 0.900302 0.435279 -0.000467 0.900296 0.459064 -0.000488 0.888403 0.459079 -0.000482 0.888395 0.482457 -0.000502 0.875920 0.482483 -0.000497 0.875905 0.505622 -0.000521 0.862755 0.505602 -0.000523 0.862767 0.594490 -0.000616 0.804103 0.572846 -0.000624 0.819663 0.572872 -0.000599 0.819645 0.550869 -0.000569 0.834592 0.550907 -0.000568 0.834567 0.528498 -0.000548 0.848935 0.528504 -0.000547 0.848931 0.528498 -0.000535 0.848935 0.550865 -0.000569 0.834594 0.550882 -0.000568 0.834583 0.572855 -0.000583 0.819657 0.572843 -0.000583 0.819665 0.594477 -0.000611 0.804113 0.594462 -0.000614 0.804123 0.676611 -0.000727 0.736340 0.656693 -0.000705 0.754158 0.656751 -0.000679 0.754107 0.636452 -0.000664 0.771316 0.636471 -0.000648 0.771300 0.615764 -0.000634 0.787931 0.615745 -0.000635 0.787945 0.615772 -0.000647 0.787924 0.636450 -0.000678 0.771317 0.636480 -0.000654 0.771293 0.656705 -0.000678 0.754148 0.656721 -0.000670 0.754133 0.676604 -0.000693 0.736347 0.676559 -0.000698 0.736388 0.751018 -0.000785 0.660281 0.733134 -0.000759 0.680083 0.733157 -0.000752 0.680059 0.714853 -0.000736 0.699274 0.714847 -0.000730 0.699281 0.696049 -0.000715 0.717994 0.696013 -0.000717 0.718028 0.696048 -0.000734 0.717995 0.714840 -0.000759 0.699288 0.714870 -0.000742 0.699258 0.733135 -0.000766 0.680083 0.733164 -0.000753 0.680051 0.751018 -0.000774 0.660281 0.750989 -0.000775 0.660315 0.816958 -0.000863 0.576697 0.801278 -0.000841 0.598292 0.801306 -0.000829 0.598254 0.785108 -0.000810 0.619359 0.785149 -0.000809 0.619306 0.768409 -0.000792 0.639958 0.768395 -0.000793 0.639976 0.768409 -0.000802 0.639958 0.785122 -0.000820 0.619341 0.785128 -0.000810 0.619333 0.801282 -0.000827 0.598287 0.801290 -0.000824 0.598275 0.816963 -0.000837 0.576690 0.816926 -0.000845 0.576742 0.873608 -0.000901 0.486630 0.860338 -0.000881 0.509723 0.860336 -0.000879 0.509727 0.846520 -0.000864 0.532357 0.846517 -0.000865 0.532361 0.832100 -0.000849 0.554625 0.832053 -0.000859 0.554696 0.832095 -0.000892 0.554633 0.846524 -0.000902 0.532350 0.846541 -0.000888 0.532323 0.860330 -0.000902 0.509737 0.860356 -0.000889 0.509694 0.873605 -0.000905 0.486634 0.873603 -0.000901 0.486639 0.920384 -0.000947 0.391014 0.909649 -0.000942 0.415376 0.909657 -0.000940 0.415359 0.898309 -0.000929 0.439363 0.898313 -0.000928 0.439354 0.886301 -0.000914 0.463108 0.886307 -0.000915 0.463098 0.886305 -0.000915 0.463102 0.898308 -0.000929 0.439365 0.898313 -0.000928 0.439355 0.909656 -0.000939 0.415361 0.909658 -0.000939 0.415358 0.920389 -0.000951 0.391002 0.920381 -0.000952 0.391021 0.956725 -0.000974 0.290993 0.948651 -0.000966 0.316323 0.948645 -0.000974 0.316341 0.939929 -0.000963 0.341368 0.939922 -0.000967 0.341387 0.930512 -0.000960 0.366260 0.930510 -0.000962 0.366265 0.930517 -0.000965 0.366247 0.939929 -0.000983 0.341369 0.939926 -0.000979 0.341376 0.948654 -0.000986 0.316313 0.948655 -0.000985 0.316312 0.956722 -0.000994 0.291001 0.956733 -0.000988 0.290966 0.982235 -0.001002 0.187654 0.976909 -0.000997 0.213653 0.976902 -0.001009 0.213684 0.970892 -0.001002 0.239515 0.970887 -0.001007 0.239537 0.964162 -0.000999 0.265311 0.964175 -0.000996 0.265265 0.964161 -0.000985 0.265315 0.970896 -0.000993 0.239498 0.970882 -0.001004 0.239557 0.976908 -0.001010 0.213658 0.976907 -0.001013 0.213663 0.982234 -0.001019 0.187659 0.982236 -0.001015 0.187649 0.996617 -0.001014 0.082183 0.994084 -0.001012 0.108609 0.994080 -0.001028 0.108646 0.990850 -0.001025 0.134966 0.990849 -0.001028 0.134969 0.986900 -0.001024 0.161333 0.986907 -0.001020 0.161291 0.986899 -0.001006 0.161337 0.990853 -0.001012 0.134944 0.990846 -0.001022 0.134991 0.994085 -0.001026 0.108605 0.994082 -0.001031 0.108631 0.996617 -0.001034 0.082179 0.996619 -0.001030 0.082153 0.999707 -0.001016 -0.024198 0.999997 -0.001017 0.002346 0.999997 -0.001030 0.002359 0.999583 -0.001030 0.028853 0.999582 -0.001037 0.028906 0.998458 -0.001036 0.055510 0.998459 -0.001031 0.055484 0.998458 -0.001019 0.055499 0.999583 -0.001020 0.028868 0.999582 -0.001036 0.028907 0.999997 -0.001036 0.002319 0.999997 -0.001038 0.002350 0.999707 -0.001038 -0.024188 0.999706 -0.001033 -0.024239 0.991471 -0.001004 -0.130322 0.994577 -0.001003 -0.103999 0.994583 -0.001028 -0.103940 0.996988 -0.001030 -0.077556 0.996989 -0.001035 -0.077537 0.998702 -0.001037 -0.050929 0.998700 -0.001032 -0.050961 0.998703 -0.001016 -0.050909 0.996987 -0.001014 -0.077559 0.996990 -0.001030 -0.077529 0.994580 -0.001028 -0.103968 0.994582 -0.001035 -0.103948 0.991471 -0.001031 -0.130320 0.991464 -0.001024 -0.130373 0.971984 -0.001010 -0.235045 0.977892 -0.001014 -0.209110 0.977890 -0.001022 -0.209115 0.983105 -0.001028 -0.183042 0.983098 -0.001024 -0.183077 0.987635 -0.001029 -0.156771 0.987627 -0.001020 -0.156821 0.987636 -0.000994 -0.156761 0.983106 -0.000990 -0.183036 0.983109 -0.001004 -0.183017 0.977887 -0.000998 -0.209130 0.977900 -0.001009 -0.209072 0.971990 -0.001003 -0.235020 0.971993 -0.001004 -0.235010 0.941528 -0.000950 -0.336934 0.950137 -0.000949 -0.311833 0.950142 -0.000971 -0.311816 0.958064 -0.000973 -0.286553 0.958084 -0.000988 -0.286485 0.965352 -0.000996 -0.260948 0.965357 -0.000997 -0.260931 0.965354 -0.001001 -0.260944 0.958061 -0.001000 -0.286564 0.958067 -0.001003 -0.286541 0.950136 -0.000997 -0.311835 0.950122 -0.000990 -0.311878 0.941533 -0.000980 -0.336919 0.941502 -0.000973 -0.337006 0.900322 -0.000953 -0.435223 0.911585 -0.000963 -0.411112 0.911595 -0.000960 -0.411089 0.922198 -0.000971 -0.386717 0.922187 -0.000964 -0.386744 0.932188 -0.000973 -0.361974 0.932163 -0.000963 -0.362038 0.932188 -0.000932 -0.361972 0.922213 -0.000922 -0.386682 0.922213 -0.000930 -0.386682 0.911587 -0.000922 -0.411107 0.911615 -0.000934 -0.411043 0.900334 -0.000921 -0.435198 0.900350 -0.000930 -0.435165 0.848991 -0.000879 -0.528406 0.862771 -0.000895 -0.505594 0.862756 -0.000885 -0.505619 0.875873 -0.000902 -0.482541 0.875871 -0.000901 -0.482545 0.888375 -0.000912 -0.459119 0.888387 -0.000918 -0.459095 0.888376 -0.000925 -0.459116 0.875881 -0.000922 -0.482526 0.875857 -0.000906 -0.482571 0.862762 -0.000895 -0.505609 0.862754 -0.000892 -0.505622 0.848986 -0.000878 -0.528414 0.848988 -0.000875 -0.528411 0.788030 -0.000816 -0.615636 0.804120 -0.000834 -0.594466 0.804126 -0.000831 -0.594459 0.819609 -0.000844 -0.572923 0.819614 -0.000847 -0.572916 0.834553 -0.000860 -0.550927 0.834571 -0.000863 -0.550900 0.834554 -0.000861 -0.550926 0.819610 -0.000847 -0.572922 0.819602 -0.000848 -0.572933 0.804118 -0.000830 -0.594469 0.804122 -0.000831 -0.594464 0.788026 -0.000812 -0.615641 0.788020 -0.000814 -0.615649 0.718090 -0.000746 -0.695950 0.736371 -0.000773 -0.676578 0.736364 -0.000762 -0.676585 0.754088 -0.000780 -0.656773 0.754070 -0.000779 -0.656793 0.771285 -0.000797 -0.636489 0.771278 -0.000797 -0.636498 0.771285 -0.000797 -0.636490 0.754068 -0.000786 -0.656796 0.754079 -0.000776 -0.656784 0.736369 -0.000756 -0.676580 0.736366 -0.000758 -0.676583 0.718096 -0.000740 -0.695944 0.718107 -0.000742 -0.695932 0.640056 -0.000662 -0.768328 0.660301 -0.000692 -0.751001 0.660293 -0.000680 -0.751008 0.679989 -0.000702 -0.733222 0.679986 -0.000701 -0.733225 0.699253 -0.000722 -0.714874 0.699260 -0.000721 -0.714868 0.699247 -0.000728 -0.714880 0.679987 -0.000705 -0.733224 0.679981 -0.000704 -0.733230 0.660308 -0.000681 -0.750995 0.660288 -0.000682 -0.751012 0.640058 -0.000661 -0.768327 0.640082 -0.000660 -0.768306 0.554782 -0.000578 -0.831995 0.576720 -0.000597 -0.816942 0.576717 -0.000597 -0.816944 0.598217 -0.000617 -0.801334 0.598203 -0.000614 -0.801345 0.619275 -0.000634 -0.785174 0.619302 -0.000640 -0.785153 0.619277 -0.000651 -0.785173 0.598209 -0.000630 -0.801340 0.598200 -0.000620 -0.801347 0.576722 -0.000597 -0.816940 0.576719 -0.000594 -0.816942 0.554775 -0.000573 -0.832000 0.554791 -0.000572 -0.831989 0.463192 -0.000479 -0.886258 0.486620 -0.000508 -0.873614 0.486599 -0.000506 -0.873625 0.509648 -0.000532 -0.860383 0.509619 -0.000528 -0.860400 0.532331 -0.000548 -0.846536 0.532343 -0.000551 -0.846528 0.532328 -0.000549 -0.846538 0.509648 -0.000522 -0.860383 0.509636 -0.000521 -0.860390 0.486611 -0.000495 -0.873618 0.486618 -0.000502 -0.873615 0.463200 -0.000478 -0.886254 0.463212 -0.000479 -0.886247 -0.001029 -1.000000 -0.000002 -0.001005 -1.000000 0.000001 -0.001097 -1.000000 -0.000002 -0.000973 -1.000000 -0.000002 -0.001054 -1.000000 -0.000002 -0.000997 -1.000000 0.000001 -0.001069 -1.000000 -0.000002 -0.001013 -1.000000 -0.000002 -0.001092 -0.999999 -0.000002 -0.001014 -1.000000 0.000000 -0.001014 -1.000000 -0.000004 -0.001051 -1.000000 0.000005 -0.000979 -1.000000 0.000001 -0.001076 -1.000000 -0.000004 -0.001007 -1.000000 0.000004 -0.001058 -1.000000 0.000005 -0.001020 -1.000000 -0.000002 -0.001030 -1.000000 -0.000003 -0.001047 -1.000000 -0.000001 -0.000990 -1.000000 0.000007 -0.001056 -1.000000 -0.000003 -0.001085 -0.999999 -0.000008 -0.000986 -1.000000 0.000002 -0.001081 -0.999999 0.000005 -0.001109 -1.000000 -0.000006 -0.001022 -1.000000 -0.000003 -0.001041 -1.000000 0.000006 -0.000960 -1.000000 0.000001 -0.001033 -1.000000 -0.000000 -0.001035 -1.000000 -0.000002 -0.001033 -1.000000 0.000005 -0.001031 -1.000000 -0.000005 -0.001034 -1.000000 0.000001 -0.001066 -1.000000 -0.000002 -0.001040 -1.000000 0.000000 -0.001006 -1.000000 -0.000004 -0.001066 -0.999999 0.000005 -0.000986 -1.000000 0.000001 -0.001081 -1.000000 -0.000004 -0.001011 -1.000000 0.000004 -0.001055 -1.000000 -0.000006 -0.001048 -1.000000 -0.000002 -0.001067 -1.000000 -0.000003 -0.000976 -1.000000 -0.000000 -0.001031 -1.000000 0.000008 -0.001035 -1.000000 0.000007 -0.001053 -1.000000 -0.000008 -0.001015 -1.000000 0.000002 -0.001041 -1.000000 0.000005 -0.001145 -0.999999 -0.000006 -0.000997 -1.000000 0.000008 -0.001043 -1.000000 -0.000005 -0.000989 -1.000000 0.000001 -0.001032 -1.000000 0.000000 -0.001031 -1.000000 -0.000006 -0.001025 -1.000000 0.000007 -0.001036 -1.000000 -0.000007 -0.001033 -1.000000 0.000001 -0.001031 -1.000000 0.000001 -0.001036 -1.000000 0.000001 -0.001037 -1.000000 0.000002 -0.001025 -1.000000 -0.000000 -0.001054 -1.000000 0.000003 -0.001011 -1.000000 -0.000005 -0.001033 -1.000000 0.000006 -0.001079 -1.000000 0.000000 -0.001048 -1.000000 0.000001 -0.001031 -1.000000 -0.000000 -0.001022 -1.000000 -0.000001 -0.001031 -1.000000 0.000000 -0.001028 -1.000000 -0.000004 -0.001037 -1.000000 -0.000001 -0.001042 -1.000000 0.000003 -0.001017 -1.000000 -0.000003 -0.001025 -1.000000 -0.000003 -0.001035 -1.000000 -0.000002 -0.001036 -1.000000 0.000001 -0.001027 -1.000000 0.000005 -0.001025 -1.000000 -0.000010 -0.001050 -1.000000 0.000011 -0.001025 -1.000000 0.000004 -0.001027 -1.000000 -0.000014 -0.001042 -1.000000 -0.000004 -0.001037 -1.000000 0.000004 -0.001030 -1.000000 -0.000002 -0.001032 -1.000000 0.000001 -0.001033 -1.000000 -0.000005 -0.001031 -1.000000 0.000001 -0.001033 -1.000000 0.000001 -0.001028 -1.000000 0.000003 -0.001035 -1.000000 -0.000002 -0.001026 -1.000000 -0.000004 -0.001040 -1.000000 0.000003 -0.001031 -1.000000 0.000003 -0.001035 -1.000000 0.000004 -0.001044 -1.000000 -0.000000 -0.001023 -1.000000 0.000001 -0.001036 -1.000000 0.000007 -0.001038 -1.000000 0.000005 -0.001028 -1.000000 0.000002 -0.001028 -1.000000 -0.000007 -0.001040 -1.000000 0.000007 -0.001032 -1.000000 -0.000001 -0.001035 -1.000000 0.000004 -0.001029 -1.000000 -0.000006 -0.001035 -1.000000 -0.000001 -0.001031 -1.000000 -0.000008 -0.001031 -1.000000 -0.000004 -0.001036 -1.000000 0.000002 -0.001033 -1.000000 0.000009 -0.001034 -1.000000 0.000003 -0.001033 -1.000000 -0.000000 -0.001033 -1.000000 -0.000003 -0.001033 -1.000000 0.000002 -0.001032 -1.000000 -0.000002 -0.001033 -1.000000 0.000004 -0.001033 -1.000000 0.000001 -0.001033 -1.000000 -0.000002 -0.001035 -1.000000 0.000002 -0.001033 -1.000000 -0.000001 -0.001032 -1.000000 -0.000003 -0.001035 -1.000000 0.000001 -0.001029 -1.000000 -0.000005 -0.001031 -1.000000 0.000002 -0.001034 -1.000000 0.000006 -0.001032 -1.000000 -0.000015 -0.001029 -1.000000 -0.000005 -0.001037 -1.000000 0.000001 -0.001033 -1.000000 -0.000001 -0.001033 -1.000000 0.000004 -0.001033 -1.000000 0.000000 -0.001032 -1.000000 0.000000 -0.001035 -1.000000 -0.000000 -0.001030 -1.000000 -0.000002 -0.001036 -1.000000 0.000005 -0.001033 -1.000000 0.000007 -0.001047 -1.000000 -0.000011 -0.001026 -1.000000 0.000014 -0.001033 -1.000000 0.000001 -0.001033 -1.000000 0.000002 -0.001030 -1.000000 -0.000008 -0.001037 -1.000000 0.000003 -0.001033 -1.000000 0.000001 -0.001033 -1.000000 -0.000004 -0.001032 -1.000000 -0.000001 -0.001033 -1.000000 0.000001 -0.001032 -1.000000 0.000001 -0.001032 -1.000000 -0.000017 -0.001033 -1.000000 0.000017 -0.001033 -1.000000 -0.000021 -0.001034 -1.000000 0.000006 -0.001031 -1.000000 0.000003 -0.001034 -1.000000 -0.000002 -0.001033 -1.000000 0.000002 -0.001033 -1.000000 0.000004 -0.001035 -1.000000 0.000005 -0.001036 -1.000000 -0.000000 -0.001032 -1.000000 0.000001 -0.001033 -1.000000 0.000008 -0.001031 -1.000000 -0.000000 -0.001029 -1.000000 0.000007 -0.001036 -1.000000 -0.000006 -0.001031 -1.000000 -0.000002 -0.001039 -1.000000 -0.000009 -0.001032 -1.000000 -0.000004 -0.001040 -1.000000 0.000002 -0.001032 -1.000000 0.000008 -0.001022 -1.000000 0.000005 -0.001034 -1.000000 -0.000003 -0.001033 -1.000000 0.000005 -0.001033 -1.000000 -0.000008 -0.001060 -1.000000 -0.000005 -0.001025 -1.000000 0.000002 -0.001048 -1.000000 -0.000014 -0.001029 -1.000000 0.000007 -0.001035 -1.000000 0.000001 -0.001019 -1.000000 0.000003 -0.001037 -1.000000 -0.000003 -0.001037 -1.000000 -0.000003 -0.001069 -1.000000 0.000008 -0.001019 -1.000000 -0.000005 -0.001028 -1.000000 -0.000007 -0.001039 -1.000000 0.000002 -0.001041 -1.000000 0.000001 -0.001026 -1.000000 0.000000 -0.001047 -1.000000 -0.000002 -0.001023 -1.000000 -0.000001 -0.001020 -1.000000 -0.000001 -0.001046 -1.000000 0.000005 -0.000969 -1.000000 -0.000001 -0.001060 -1.000000 -0.000002 -0.001058 -1.000000 -0.000002 -0.001030 -1.000000 0.000000 -0.001013 -1.000000 0.000008 -0.001059 -1.000000 -0.000007 -0.001027 -1.000000 0.000006 -0.001064 -1.000000 -0.000003 -0.000959 -1.000000 0.000006 -0.001100 -0.999999 0.000001 -0.001017 -1.000000 -0.000003 -0.001040 -1.000000 0.000003 -0.001017 -1.000000 -0.000010 -0.001008 -1.000000 0.000005 -0.001075 -1.000000 -0.000002 -0.001049 -1.000000 -0.000003 -0.001016 -1.000000 -0.000001 -0.001030 -1.000000 -0.000002 -0.001049 -1.000000 0.000001 -0.001002 -1.000000 0.000006 -0.001075 -1.000000 -0.000006 -0.001004 -1.000000 0.000005 -0.000992 -1.000000 0.000007 -0.001022 -1.000000 0.000000 -0.001096 -0.999999 -0.000004 -0.001016 -1.000000 -0.000004 -0.001045 -1.000000 -0.000002 -0.001055 -1.000000 0.000001 -0.001022 -1.000000 -0.000001 -0.001041 -1.000000 -0.000001 -0.000994 -1.000000 0.000006 -0.001058 -1.000000 0.000001 -0.000986 -1.000000 -0.000002 -0.001085 -0.999999 -0.000002 -0.001001 -1.000000 -0.000002 -0.001017 -1.000000 0.000000 -0.001099 -1.000000 -0.000004 -0.000969 -1.000000 0.000005 -0.001062 -1.000000 0.000001 -0.001029 -1.000000 -0.000004 -0.001016 -1.000000 0.000004 -0.001058 -1.000000 -0.000006 -0.000991 -1.000000 -0.000002 -0.001047 -1.000000 0.000006 -0.001051 -1.000000 -0.000001 -0.001033 -1.000000 -0.000002 -0.001024 -1.000000 0.000007 -0.001037 -1.000000 -0.000008 -0.001050 -1.000000 0.000002 -0.000995 -1.000000 0.000005 -0.001011 -1.000000 -0.000006 -0.001004 -1.000000 0.000008 -0.001030 -1.000000 -0.000005 -0.001076 -1.000000 0.000001 -0.001033 -1.000000 -0.000000 -0.001031 -1.000000 -0.000004 -0.001037 -1.000000 -0.000002 -0.001026 -1.000000 0.000002 -0.001036 -1.000000 -0.000002 -0.001036 -1.000000 0.000000 -0.001026 -1.000000 -0.000001 -0.001037 -1.000000 0.000000 -0.001033 -1.000000 0.000001 -0.001027 -1.000000 0.000003 -0.001043 -1.000000 0.000008 -0.001025 -1.000000 -0.000006 -0.001067 -1.000000 0.000001 -0.001040 -1.000000 0.000004 -0.001034 -1.000000 -0.000004 -0.001021 -1.000000 0.000000 -0.001030 -1.000000 0.000000 -0.001034 -1.000000 0.000002 -0.001026 -1.000000 -0.000002 -0.001039 -1.000000 0.000001 -0.001030 -1.000000 -0.000000 -0.001032 -1.000000 0.000006 -0.001035 -1.000000 0.000000 -0.001036 -1.000000 -0.000004 -0.001030 -1.000000 -0.000001 -0.001028 -1.000000 0.000008 -0.001034 -1.000000 -0.000007 -0.001034 -1.000000 0.000003 -0.001024 -1.000000 0.000004 -0.001025 -1.000000 0.000002 -0.001035 -1.000000 -0.000005 -0.001031 -1.000000 0.000003 -0.001043 -1.000000 -0.000002 -0.001034 -1.000000 0.000003 -0.001033 -1.000000 0.000002 -0.001031 -1.000000 -0.000006 -0.001037 -1.000000 0.000002 -0.001029 -1.000000 -0.000017 -0.001029 -1.000000 -0.000002 -0.001040 -1.000000 0.000003 -0.001042 -1.000000 0.000007 -0.001035 -1.000000 0.000001 -0.001036 -1.000000 -0.000001 -0.001032 -1.000000 0.000005 -0.001026 -1.000000 -0.000003 -0.001034 -1.000000 0.000002 -0.001030 -1.000000 -0.000001 -0.001031 -1.000000 0.000005 -0.001035 -1.000000 -0.000005 -0.001032 -1.000000 -0.000003 -0.001033 -1.000000 0.000002 -0.001034 -1.000000 -0.000001 -0.001032 -1.000000 -0.000004 -0.001033 -1.000000 -0.000008 -0.001035 -1.000000 0.000018 -0.001028 -1.000000 -0.000020 -0.001036 -1.000000 0.000009 -0.001033 -1.000000 0.000001 -0.001033 -1.000000 -0.000002 -0.001033 -1.000000 0.000003 -0.001033 -1.000000 -0.000000 -0.001034 -1.000000 -0.000004 -0.001032 -1.000000 0.000002 -0.001033 -1.000000 -0.000001 -0.001033 -1.000000 0.000004 -0.001027 -1.000000 -0.000002 -0.001036 -1.000000 0.000004 -0.001031 -1.000000 0.000002 -0.001034 -1.000000 -0.000001 -0.001047 -1.000000 -0.000005 -0.001034 -1.000000 0.000002 -0.001023 -1.000000 0.000006 -0.001040 -1.000000 0.000007 -0.001022 -1.000000 0.000001 -0.001029 -1.000000 0.000001 -0.001031 -1.000000 0.000000 -0.001022 -1.000000 -0.000002 -0.001055 -1.000000 0.000001 -0.001061 -1.000000 0.000001 -0.001014 -1.000000 0.000001 -0.001018 -1.000000 0.000005 -0.001073 -1.000000 -0.000005 -0.001025 -1.000000 0.000006 -0.001018 -1.000000 -0.000005 -0.001040 -1.000000 0.000007 -0.001033 -1.000000 0.000001 -0.001013 -1.000000 0.000001 -0.001038 -1.000000 0.000001 -0.001035 -1.000000 -0.000002 -0.001072 -1.000000 0.000001 -0.001018 -1.000000 0.000000 -0.001005 -1.000000 0.000000 -0.001093 -0.999999 0.000000 -0.001023 -1.000000 0.000000 -0.001051 -1.000000 0.000001 -0.001018 -1.000000 0.000000 -0.001034 -1.000000 0.000001 -0.001031 -1.000000 -0.000007 -0.001063 -1.000000 0.000005 -0.001017 -1.000000 -0.000004 -0.000994 -1.000000 0.000000 -0.001033 -1.000000 0.000001 -0.001031 -1.000000 0.000000 -0.001031 -1.000000 0.000001 -0.001044 -1.000000 -0.000001 -0.001032 -1.000000 0.000006 -0.001005 -1.000000 -0.000005 -0.001088 -0.999999 0.000002 -0.001007 -1.000000 0.000003 -0.001029 -1.000000 -0.000000 -0.001021 -1.000000 -0.000004 -0.001036 -1.000000 0.000001 -0.001043 -1.000000 0.000001 -0.001069 -1.000000 0.000003 -0.001001 -1.000000 0.000000 -0.001033 -1.000000 0.000001 -0.001049 -1.000000 -0.000012 -0.001033 -1.000000 0.000000 -0.001044 -1.000000 0.000001 -0.001043 -1.000000 -0.000003 -0.001017 -1.000000 0.000002 -0.001027 -1.000000 0.000013 -0.001011 -1.000000 -0.000003 -0.001075 -1.000000 0.000002 -0.000973 -1.000000 -0.000014 -0.001031 -1.000000 -0.000004 -0.001026 -1.000000 0.000003 -0.001042 -1.000000 0.000003 -0.001033 -1.000000 -0.000002 -0.001033 -1.000000 0.000004 -0.001029 -1.000000 -0.000001 -0.001042 -1.000000 -0.000004 -0.001035 -1.000000 0.000005 -0.001038 -1.000000 0.000018 -0.001045 -1.000000 -0.000022 -0.001018 -1.000000 0.000007 -0.001034 -1.000000 0.000009 -0.001059 -1.000000 -0.000001 -0.001002 -1.000000 0.000000 -0.001010 -1.000000 0.000003 -0.001074 -1.000000 -0.000004 -0.001028 -1.000000 0.000006 -0.001028 -1.000000 -0.000009 -0.001005 -1.000000 0.000010 -0.001036 -1.000000 -0.000003 -0.001042 -1.000000 -0.000001 -0.001023 -1.000000 -0.000001 -0.001032 -1.000000 0.000001 -0.001040 -1.000000 0.000000 -0.001007 -1.000000 -0.000001 -0.001060 -1.000000 -0.000000 -0.001016 -1.000000 0.000000 -0.001063 -1.000000 -0.000002 -0.001028 -1.000000 -0.000000 -0.001024 -1.000000 0.000001 -0.001038 -1.000000 0.000000 -0.001033 -1.000000 0.000000 -0.001045 -1.000000 0.000003 -0.001040 -1.000000 -0.000002 -0.001012 -1.000000 -0.000001 -0.001023 -1.000000 -0.000002 -0.001059 -1.000000 0.000001 -0.001019 -1.000000 0.000002 -0.001002 -1.000000 -0.000001 -0.001100 -0.999999 0.000000 -0.001048 -1.000000 0.000002 -0.001013 -1.000000 -0.000002 -0.001045 -1.000000 -0.000001 -0.001023 -1.000000 0.000000 -0.001026 -1.000000 0.000005 -0.000999 -1.000000 -0.000004 -0.001087 -0.999999 0.000002 -0.001021 -1.000000 0.000002 -0.001046 -1.000000 -0.000003 -0.001033 -1.000000 0.000000 -0.001025 -1.000000 0.000000 -0.001038 -1.000000 0.000001 -0.001024 -1.000000 -0.000012 -0.000963 -1.000000 -0.000000 -0.001072 -1.000000 0.000000 -0.001045 -1.000000 0.000005 -0.001024 -1.000000 -0.000002 -0.001055 -1.000000 0.000001 -0.001009 -1.000000 -0.000002 -0.001044 -1.000000 0.000003 -0.001012 -1.000000 -0.000007 -0.001051 -1.000000 0.000017 -0.001055 -1.000000 0.000002 -0.001020 -1.000000 -0.000014 -0.001033 -1.000000 0.000005 -0.001016 -1.000000 -0.000003 -0.001030 -1.000000 -0.000001 -0.001043 -1.000000 0.000002 -0.001021 -1.000000 -0.000002 -0.001035 -1.000000 0.000004 -0.001045 -1.000000 0.000003 -0.001037 -1.000000 -0.000004 -0.001035 -1.000000 -0.000006 -0.001033 -1.000000 0.000003 -0.001024 -1.000000 0.000008 -0.001065 -1.000000 0.000009 -0.001030 -1.000000 0.000002 -0.001035 -1.000000 0.000002 -0.001036 -1.000000 0.000001 -0.001032 -1.000000 -0.000001 -0.001037 -1.000000 0.000007 -0.001035 -1.000000 -0.000012 -0.001035 -1.000000 0.000015 -0.001030 -1.000000 0.000001 -0.001032 -1.000000 0.000000 -0.001035 -1.000000 0.000002 -0.001031 -1.000000 0.000003 -0.001031 -1.000000 -0.000008 -0.001032 -1.000000 0.000001 -0.001032 -1.000000 0.000005 -0.001032 -1.000000 -0.000003 -0.001033 -1.000000 -0.000002 -0.001038 -1.000000 -0.000019 -0.001029 -1.000000 0.000018 -0.001038 -1.000000 -0.000023 -0.001032 -1.000000 0.000006 -0.001031 -1.000000 0.000003 -0.001030 -1.000000 -0.000001 -0.001034 -1.000000 0.000004 -0.001032 -1.000000 -0.000003 -0.001044 -1.000000 0.000005 -0.001037 -1.000000 -0.000001 -0.001035 -1.000000 0.000001 -0.001033 -1.000000 0.000008 -0.001027 -1.000000 0.000003 -0.001037 -1.000000 -0.000006 -0.001038 -1.000000 0.000001 -0.001031 -1.000000 -0.000003 -0.001042 -1.000000 -0.000009 -0.001035 -1.000000 -0.000004 -0.001017 -1.000000 0.000002 -0.001032 -1.000000 0.000008 -0.001023 -1.000000 -0.000004 -0.001037 -1.000000 -0.000002 -0.001036 -1.000000 0.000006 -0.001035 -1.000000 -0.000004 -0.001036 -1.000000 -0.000005 -0.001037 -1.000000 0.000002 -0.001006 -1.000000 0.000005 -0.001066 -1.000000 -0.000013 -0.001013 -1.000000 0.000009 -0.001057 -1.000000 -0.000006 -0.001004 -1.000000 0.000011 -0.001061 -1.000000 -0.000019 -0.001035 -1.000000 0.000003 -0.001040 -1.000000 0.000000 -0.001024 -1.000000 0.000002 -0.001037 -1.000000 0.000003 -0.001005 -1.000000 0.000011 -0.001052 -1.000000 -0.000005 -0.000992 -1.000000 -0.000000 -0.001046 -1.000000 -0.000003 -0.001027 -1.000000 -0.000000 -0.001030 -1.000000 -0.000000 -0.001044 -1.000000 -0.000002 -0.001041 -1.000000 0.000000 0.927265 -0.000961 0.374405 0.910053 -0.000937 0.414490 0.910046 -0.000936 0.414506 0.891280 -0.000920 0.453453 0.891272 -0.000919 0.453468 0.870683 -0.000899 0.491843 0.870687 -0.000899 0.491838 0.870702 -0.000903 0.491810 0.891265 -0.000927 0.453483 0.891277 -0.000922 0.453458 0.910051 -0.000945 0.414494 0.910060 -0.000942 0.414475 0.927245 -0.000959 0.374453 0.927248 -0.000958 0.374446 0.978187 -0.001009 0.207726 0.968195 -0.000995 0.250194 0.968208 -0.000999 0.250146 0.956481 -0.000986 0.291794 0.956475 -0.000987 0.291814 0.942851 -0.000974 0.333213 0.942865 -0.000973 0.333174 0.942861 -0.000979 0.333185 0.956478 -0.000988 0.291803 0.956481 -0.000991 0.291793 0.968208 -0.001001 0.250146 0.968217 -0.001002 0.250111 0.978174 -0.001012 0.207787 0.978184 -0.001010 0.207738 0.999395 -0.001026 0.034765 0.996935 -0.001024 0.078224 0.996936 -0.001027 0.078221 0.992623 -0.001023 0.121234 0.992615 -0.001026 0.121299 0.986395 -0.001020 0.164390 0.986390 -0.001019 0.164418 0.986396 -0.001018 0.164385 0.992618 -0.001025 0.121277 0.992619 -0.001027 0.121274 0.996936 -0.001032 0.078221 0.996935 -0.001032 0.078226 0.999396 -0.001034 0.034730 0.999397 -0.001032 0.034724 0.990247 -0.001015 -0.139322 0.995368 -0.001021 -0.096131 0.995376 -0.001029 -0.096046 0.998596 -0.001032 -0.052957 0.998598 -0.001033 -0.052936 0.999956 -0.001034 -0.009367 0.999955 -0.001033 -0.009401 0.999956 -0.001029 -0.009361 0.998597 -0.001028 -0.052939 0.998597 -0.001032 -0.052937 0.995372 -0.001029 -0.096089 0.995370 -0.001030 -0.096112 0.990250 -0.001026 -0.139295 0.990241 -0.001023 -0.139359 0.951001 -0.000983 -0.309186 0.963569 -0.000995 -0.267459 0.963561 -0.000999 -0.267487 0.974233 -0.001009 -0.225542 0.974228 -0.001010 -0.225565 0.983139 -0.001018 -0.182856 0.983139 -0.001016 -0.182858 0.983142 -0.001008 -0.182844 0.974236 -0.000998 -0.225530 0.974242 -0.001003 -0.225504 0.963561 -0.000993 -0.267487 0.963569 -0.000995 -0.267460 0.951000 -0.000982 -0.309188 0.951005 -0.000982 -0.309173 0.882849 -0.000919 -0.469657 0.902482 -0.000932 -0.430727 0.902473 -0.000936 -0.430745 0.920274 -0.000952 -0.391274 0.920276 -0.000952 -0.391269 0.936455 -0.000970 -0.350786 0.936435 -0.000967 -0.350840 0.936447 -0.000960 -0.350807 0.920269 -0.000942 -0.391286 0.920271 -0.000950 -0.391280 0.902497 -0.000930 -0.430696 0.902490 -0.000931 -0.430709 0.882838 -0.000911 -0.469676 0.882873 -0.000911 -0.469611 0.787904 -0.000818 -0.615797 0.813999 -0.000837 -0.580866 0.813980 -0.000840 -0.580892 0.838351 -0.000865 -0.545130 0.838348 -0.000866 -0.545135 0.861286 -0.000889 -0.508119 0.861289 -0.000890 -0.508115 0.861270 -0.000893 -0.508146 0.838358 -0.000877 -0.545119 0.838343 -0.000866 -0.545143 0.813991 -0.000842 -0.580877 0.813979 -0.000840 -0.580894 0.787898 -0.000814 -0.615805 0.787904 -0.000813 -0.615797 0.668994 -0.000703 -0.743268 0.700747 -0.000722 -0.713410 0.700748 -0.000722 -0.713409 0.730958 -0.000754 -0.682422 0.730936 -0.000756 -0.682446 0.759979 -0.000785 -0.649948 0.759976 -0.000785 -0.649950 0.759973 -0.000792 -0.649955 0.730954 -0.000762 -0.682427 0.730955 -0.000754 -0.682425 0.700742 -0.000722 -0.713415 0.700736 -0.000726 -0.713420 0.668986 -0.000688 -0.743275 0.669009 -0.000691 -0.743254 0.529755 -0.000558 -0.848150 0.566215 -0.000602 -0.824258 0.566202 -0.000592 -0.824267 0.601372 -0.000622 -0.798969 0.601356 -0.000621 -0.798981 0.635549 -0.000654 -0.772060 0.635584 -0.000657 -0.772032 0.635572 -0.000658 -0.772041 0.601348 -0.000622 -0.798987 0.601343 -0.000621 -0.798991 0.566228 -0.000582 -0.824248 0.566212 -0.000579 -0.824260 0.529740 -0.000547 -0.848160 0.529753 -0.000545 -0.848152 0.374469 -0.000392 -0.927239 0.414486 -0.000421 -0.910056 0.414489 -0.000419 -0.910054 0.453468 -0.000461 -0.891273 0.453450 -0.000469 -0.891282 0.491851 -0.000510 -0.870679 0.491871 -0.000509 -0.870668 0.491826 -0.000503 -0.870694 0.453457 -0.000481 -0.891278 0.453432 -0.000469 -0.891291 0.414486 -0.000436 -0.910056 0.414480 -0.000431 -0.910058 0.374478 -0.000386 -0.927236 0.374458 -0.000386 -0.927244 0.207786 -0.000204 -0.978174 0.250126 -0.000251 -0.968213 0.250165 -0.000258 -0.968203 0.291791 -0.000296 -0.956482 0.291825 -0.000302 -0.956472 0.333171 -0.000346 -0.942866 0.333161 -0.000344 -0.942870 0.333177 -0.000344 -0.942864 0.291792 -0.000311 -0.956482 0.291804 -0.000305 -0.956478 0.250128 -0.000266 -0.968213 0.250130 -0.000257 -0.968212 0.207785 -0.000218 -0.978175 0.207732 -0.000214 -0.978186 0.034713 -0.000039 -0.999397 0.078209 -0.000080 -0.996937 0.078225 -0.000081 -0.996936 0.121271 -0.000130 -0.992619 0.121261 -0.000124 -0.992621 0.164421 -0.000168 -0.986390 0.164395 -0.000171 -0.986395 0.164426 -0.000173 -0.986390 0.121270 -0.000120 -0.992620 0.121287 -0.000126 -0.992618 0.078208 -0.000085 -0.996937 0.078240 -0.000078 -0.996935 0.034713 -0.000037 -0.999397 0.034712 -0.000035 -0.999397 -0.139343 0.000146 -0.990244 -0.096077 0.000100 -0.995374 -0.096088 0.000104 -0.995373 -0.052958 0.000060 -0.998597 -0.052931 0.000053 -0.998598 -0.009363 0.000007 -0.999956 -0.009363 0.000010 -0.999956 -0.009363 0.000016 -0.999956 -0.052960 0.000050 -0.998597 -0.052947 0.000050 -0.998598 -0.096072 0.000095 -0.995375 -0.096100 0.000100 -0.995372 -0.139347 0.000144 -0.990244 -0.139344 0.000143 -0.990244 -0.309157 0.000323 -0.951011 -0.267494 0.000281 -0.963559 -0.267467 0.000278 -0.963567 -0.225548 0.000236 -0.974232 -0.225532 0.000232 -0.974236 -0.182845 0.000188 -0.983142 -0.182878 0.000189 -0.983136 -0.182850 0.000205 -0.983141 -0.225553 0.000231 -0.974231 -0.225523 0.000234 -0.974238 -0.267499 0.000276 -0.963558 -0.267476 0.000273 -0.963565 -0.309162 0.000319 -0.951009 -0.309187 0.000318 -0.951001 -0.469658 0.000478 -0.882848 -0.430733 0.000451 -0.902479 -0.430750 0.000448 -0.902471 -0.391268 0.000406 -0.920277 -0.391283 0.000400 -0.920270 -0.350782 0.000362 -0.936457 -0.350800 0.000362 -0.936450 -0.350775 0.000366 -0.936460 -0.391274 0.000401 -0.920274 -0.391264 0.000414 -0.920279 -0.430731 0.000441 -0.902480 -0.430723 0.000444 -0.902484 -0.469660 0.000486 -0.882847 -0.469629 0.000486 -0.882864 -0.615826 0.000624 -0.787882 -0.580883 0.000582 -0.813987 -0.580907 0.000595 -0.813970 -0.545127 0.000556 -0.838353 -0.545145 0.000560 -0.838341 -0.508089 0.000523 -0.861304 -0.508087 0.000526 -0.861306 -0.508075 0.000525 -0.861313 -0.545134 0.000561 -0.838349 -0.545145 0.000573 -0.838341 -0.580887 0.000607 -0.813984 -0.580880 0.000604 -0.813989 -0.615830 0.000641 -0.787879 -0.615805 0.000636 -0.787898 -0.743264 0.000767 -0.668998 -0.713395 0.000732 -0.700762 -0.713401 0.000738 -0.700756 -0.682413 0.000702 -0.730966 -0.682428 0.000707 -0.730953 -0.649966 0.000674 -0.759963 -0.649945 0.000670 -0.759981 -0.649977 0.000663 -0.759953 -0.682403 0.000702 -0.730976 -0.682437 0.000707 -0.730944 -0.713391 0.000742 -0.700766 -0.713395 0.000736 -0.700762 -0.743281 0.000768 -0.668979 -0.743270 0.000768 -0.668991 -0.848143 0.000874 -0.529767 -0.824248 0.000842 -0.566229 -0.824256 0.000857 -0.566217 -0.798988 0.000827 -0.601347 -0.798988 0.000829 -0.601347 -0.772055 0.000802 -0.635556 -0.772040 0.000797 -0.635574 -0.772067 0.000788 -0.635541 -0.798978 0.000812 -0.601360 -0.799002 0.000821 -0.601329 -0.824260 0.000847 -0.566210 -0.824257 0.000852 -0.566216 -0.848137 0.000877 -0.529777 -0.848133 0.000876 -0.529782 -0.927243 0.000962 -0.374458 -0.910046 0.000942 -0.414507 -0.910051 0.000943 -0.414495 -0.891280 0.000922 -0.453453 -0.891277 0.000922 -0.453458 -0.870689 0.000901 -0.491834 -0.870686 0.000901 -0.491839 -0.870706 0.000893 -0.491803 -0.891273 0.000917 -0.453467 -0.891272 0.000920 -0.453468 -0.910051 0.000940 -0.414494 -0.910061 0.000939 -0.414474 -0.927245 0.000958 -0.374454 -0.927248 0.000957 -0.374446 -0.978179 0.001015 -0.207763 -0.968206 0.001008 -0.250154 -0.968203 0.001001 -0.250165 -0.956487 0.000990 -0.291775 -0.956478 0.000989 -0.291802 -0.942855 0.000975 -0.333201 -0.942865 0.000974 -0.333174 -0.942866 0.000973 -0.333170 -0.956478 0.000985 -0.291803 -0.956481 0.000987 -0.291793 -0.968203 0.000999 -0.250165 -0.968210 0.000999 -0.250137 -0.978179 0.001008 -0.207761 -0.978180 0.001011 -0.207758 -0.999395 0.001039 -0.034765 -0.996937 0.001036 -0.078204 -0.996936 0.001031 -0.078221 -0.992619 0.001026 -0.121274 -0.992619 0.001025 -0.121272 -0.986391 0.001018 -0.164416 -0.986397 0.001019 -0.164379 -0.986389 0.001022 -0.164424 -0.992623 0.001029 -0.121238 -0.992616 0.001025 -0.121293 -0.996937 0.001029 -0.078201 -0.996936 0.001028 -0.078213 -0.999396 0.001031 -0.034743 -0.999397 0.001032 -0.034724 -0.990247 0.001031 0.139321 -0.995370 0.001035 0.096112 -0.995375 0.001028 0.096066 -0.998597 0.001032 0.052937 -0.998598 0.001030 0.052936 -0.999956 0.001031 0.009367 -0.999955 0.001033 0.009380 -0.999955 0.001038 0.009381 -0.998596 0.001036 0.052959 -0.998596 0.001031 0.052957 -0.995370 0.001028 0.096108 -0.995374 0.001026 0.096072 -0.990247 0.001020 0.139321 -0.990241 0.001023 0.139359 -0.951002 0.000982 0.309183 -0.963558 0.000995 0.267496 -0.963566 0.000992 0.267469 -0.974237 0.001004 0.225523 -0.974234 0.001004 0.225540 -0.983142 0.001012 0.182843 -0.983135 0.001016 0.182877 -0.983145 0.001022 0.182826 -0.974232 0.001015 0.225548 -0.974237 0.001009 0.225523 -0.963566 0.000998 0.267469 -0.963565 0.000996 0.267472 -0.951000 0.000983 0.309188 -0.951005 0.000982 0.309174 -0.882857 0.000905 0.469641 -0.902476 0.000927 0.430740 -0.902473 0.000930 0.430746 -0.920281 0.000947 0.391257 -0.920271 0.000949 0.391280 -0.936446 0.000966 0.350809 -0.936441 0.000967 0.350823 -0.936454 0.000973 0.350789 -0.920269 0.000958 0.391286 -0.920279 0.000953 0.391263 -0.902488 0.000935 0.430714 -0.902485 0.000935 0.430720 -0.882844 0.000914 0.469665 -0.882864 0.000913 0.469628 -0.787904 0.000816 0.615797 -0.813989 0.000842 0.580879 -0.813981 0.000843 0.580891 -0.838369 0.000867 0.545102 -0.838348 0.000867 0.545135 -0.861280 0.000891 0.508129 -0.861289 0.000891 0.508115 -0.861282 0.000883 0.508127 -0.838352 0.000867 0.545129 -0.838342 0.000865 0.545144 -0.814000 0.000840 0.580864 -0.813985 0.000841 0.580886 -0.787892 0.000815 0.615813 -0.787904 0.000813 0.615797 -0.669002 0.000692 0.743261 -0.700747 0.000722 0.713410 -0.700751 0.000723 0.713406 -0.730957 0.000757 0.682424 -0.730942 0.000754 0.682439 -0.759965 0.000787 0.649963 -0.759986 0.000785 0.649939 -0.759961 0.000782 0.649969 -0.730954 0.000752 0.682427 -0.730935 0.000756 0.682447 -0.700762 0.000722 0.713395 -0.700752 0.000725 0.713404 -0.668992 0.000691 0.743269 -0.669004 0.000690 0.743258 -0.529745 0.000551 0.848157 -0.566213 0.000571 0.824259 -0.566211 0.000577 0.824260 -0.601352 0.000622 0.798984 -0.601336 0.000624 0.798996 -0.635569 0.000658 0.772044 -0.635574 0.000656 0.772040 -0.635561 0.000652 0.772050 -0.601369 0.000622 0.798971 -0.601352 0.000619 0.798984 -0.566219 0.000592 0.824255 -0.566218 0.000588 0.824256 -0.529735 0.000547 0.848163 -0.529770 0.000547 0.848141 -0.374453 0.000381 0.927246 -0.414507 0.000421 0.910046 -0.414505 0.000436 0.910047 -0.453452 0.000476 0.891281 -0.453461 0.000469 0.891276 -0.491835 0.000510 0.870688 -0.491862 0.000510 0.870673 -0.491836 0.000499 0.870688 -0.453453 0.000451 0.891280 -0.453442 0.000466 0.891286 -0.414493 0.000426 0.910052 -0.414482 0.000426 0.910057 -0.374455 0.000386 0.927245 -0.374458 0.000389 0.927244 -0.207786 0.000222 0.978174 -0.250125 0.000271 0.968214 -0.250165 0.000262 0.968203 -0.291796 0.000306 0.956481 -0.291813 0.000301 0.956475 -0.333172 0.000346 0.942866 -0.333168 0.000344 0.942868 -0.333176 0.000344 0.942865 -0.291793 0.000311 0.956481 -0.291803 0.000296 0.956479 -0.250122 0.000251 0.968214 -0.250134 0.000258 0.968211 -0.207785 0.000211 0.978174 -0.207728 0.000216 0.978187 -0.034713 0.000034 0.999397 -0.078212 0.000090 0.996937 -0.078212 0.000080 0.996937 -0.121268 0.000125 0.992620 -0.121290 0.000125 0.992617 -0.164424 0.000171 0.986390 -0.164395 0.000169 0.986395 -0.164425 0.000172 0.986390 -0.121272 0.000130 0.992619 -0.121298 0.000123 0.992616 -0.078210 0.000075 0.996937 -0.078212 0.000082 0.996937 -0.034713 0.000037 0.999397 -0.034713 0.000035 0.999397 0.139319 -0.000132 0.990248 0.096100 -0.000090 0.995372 0.096074 -0.000100 0.995374 0.052932 -0.000050 0.998598 0.052933 -0.000055 0.998598 0.009363 -0.000010 0.999956 0.009363 -0.000009 0.999956 0.009363 -0.000013 0.999956 0.052931 -0.000060 0.998598 0.052932 -0.000057 0.998598 0.096103 -0.000100 0.995371 0.096082 -0.000103 0.995373 0.139316 -0.000148 0.990248 0.139344 -0.000144 0.990244 0.309164 -0.000316 0.951009 0.267493 -0.000271 0.963560 0.267468 -0.000275 0.963567 0.225553 -0.000231 0.974231 0.225535 -0.000233 0.974235 0.182872 -0.000188 0.983137 0.182904 -0.000188 0.983131 0.182875 -0.000191 0.983136 0.225549 -0.000231 0.974232 0.225530 -0.000236 0.974236 0.267493 -0.000276 0.963560 0.267476 -0.000281 0.963565 0.309158 -0.000319 0.951011 0.309186 -0.000321 0.951001 0.469647 -0.000496 0.882854 0.430726 -0.000441 0.902483 0.430750 -0.000445 0.902471 0.391267 -0.000406 0.920277 0.391279 -0.000405 0.920272 0.350786 -0.000366 0.936456 0.350806 -0.000361 0.936448 0.350779 -0.000361 0.936458 0.391278 -0.000401 0.920273 0.391257 -0.000400 0.920282 0.430746 -0.000441 0.902473 0.430728 -0.000448 0.902482 0.469633 -0.000480 0.882862 0.469633 -0.000487 0.882862 0.615827 -0.000643 0.787882 0.580892 -0.000612 0.813980 0.580906 -0.000603 0.813970 0.545119 -0.000571 0.838358 0.545158 -0.000561 0.838333 0.508092 -0.000523 0.861303 0.508090 -0.000527 0.861304 0.508113 -0.000520 0.861290 0.545123 -0.000561 0.838356 0.545145 -0.000558 0.838341 0.580878 -0.000597 0.813990 0.580868 -0.000597 0.813997 0.615838 -0.000631 0.787873 0.615796 -0.000638 0.787906 0.743266 -0.000763 0.668995 0.713387 -0.000742 0.700770 0.713401 -0.000736 0.700756 0.682423 -0.000702 0.730957 0.682421 -0.000707 0.730959 0.649972 -0.000668 0.759958 0.649945 -0.000671 0.759981 0.649969 -0.000681 0.759961 0.682419 -0.000702 0.730961 0.682427 -0.000703 0.730953 0.713410 -0.000737 0.700746 0.713394 -0.000736 0.700763 0.743267 -0.000768 0.668995 0.743270 -0.000769 0.668991 0.848152 -0.000874 0.529752 0.824241 -0.000852 0.566238 0.824265 -0.000846 0.566204 0.798988 -0.000820 0.601347 0.798982 -0.000824 0.601355 0.772061 -0.000793 0.635548 0.772039 -0.000798 0.635574 0.772049 -0.000805 0.635563 0.798995 -0.000832 0.601337 0.799002 -0.000829 0.601327 0.824232 -0.000855 0.566252 0.824257 -0.000851 0.566216 0.848142 -0.000876 0.529768 0.848125 -0.000876 0.529796</float_array>
          <technique_common>
            <accessor source="#Part2-mesh-normals-array" count="12697" stride="3">
              <param name="X" type="float" />
              <param name="Y" type="float" />
              <param name="Z" type="float" />
            </accessor>
          </technique_common>
        </source>
        <vertices id="Part2-mesh-vertices">
          <input semantic="POSITION" source="#Part2-mesh-positions" />
        </vertices>
        <triangles count="12960">
          <input semantic="VERTEX" source="#Part2-mesh-vertices" offset="0" />
          <input semantic="NORMAL" source="#Part2-mesh-normals" offset="1" />
          <p>0 0 1 0 2 0 2 1 1 1 3 1 1 2 4 2 3 2 3 3 4 3 5 3 4 4 6 4 5 4 5 5 6 5 7 5 6 6 0 6 7 6 7 7 0 7 2 7 8 8 9 8 10 8 10 9 9 9 11 9 9 4 12 4 11 4 11 5 12 5 13 5 12 6 14 6 13 6 13 7 14 7 15 7 14 0 8 0 15 0 15 1 8 1 10 1 16 4 17 4 18 4 18 5 17 5 19 5 17 10 20 10 19 10 19 11 20 11 21 11 20 0 22 0 21 0 21 1 22 1 23 1 22 12 16 12 23 12 23 3 16 3 18 3 24 0 25 0 26 0 26 13 25 13 27 13 25 2 28 2 27 2 27 3 28 3 29 3 28 14 30 14 29 14 29 5 30 5 31 5 30 6 24 6 31 6 31 7 24 7 26 7 32 6 33 6 34 6 34 7 33 7 35 7 33 0 36 0 35 0 35 15 36 15 37 15 36 8 38 8 37 8 37 9 38 9 39 9 38 16 32 16 39 16 39 5 32 5 34 5 40 0 41 0 42 0 42 15 41 15 43 15 41 2 44 2 43 2 43 17 44 17 45 17 44 18 46 18 45 18 45 5 46 5 47 5 46 19 40 19 47 19 47 20 40 20 42 20 48 21 49 21 50 21 50 22 49 22 51 22 50 23 51 23 52 23 52 24 51 24 53 24 52 25 53 25 54 25 54 26 53 26 55 26 54 27 55 27 56 27 56 28 55 28 57 28 56 29 57 29 58 29 58 30 57 30 59 30 58 31 59 31 60 31 60 31 59 31 61 31 60 32 61 32 62 32 62 33 61 33 63 33 62 34 63 34 64 34 64 35 63 35 65 35 64 36 65 36 48 36 48 36 65 36 49 36 66 37 67 37 68 37 68 38 67 38 69 38 68 39 69 39 70 39 70 40 69 40 71 40 70 41 71 41 72 41 72 42 71 42 73 42 72 43 73 43 74 43 74 43 73 43 75 43 74 44 75 44 76 44 76 45 75 45 77 45 76 46 77 46 78 46 78 47 77 47 79 47 78 48 79 48 80 48 80 49 79 49 81 49 80 50 81 50 82 50 82 51 81 51 83 51 82 52 83 52 66 52 66 53 83 53 67 53 84 54 85 54 86 54 86 55 85 55 87 55 86 56 87 56 88 56 88 57 87 57 89 57 88 58 89 58 90 58 90 59 89 59 91 59 90 60 91 60 92 60 92 61 91 61 93 61 92 62 93 62 94 62 94 63 93 63 95 63 94 64 95 64 96 64 96 31 95 31 97 31 96 65 97 65 98 65 98 66 97 66 99 66 98 67 99 67 100 67 100 68 99 68 101 68 100 69 101 69 84 69 84 69 101 69 85 69 102 70 103 70 104 70 104 71 103 71 105 71 104 72 105 72 106 72 106 73 105 73 107 73 106 25 107 25 108 25 108 74 107 74 109 74 108 60 109 60 110 60 110 75 109 75 111 75 110 76 111 76 112 76 112 63 111 63 113 63 112 46 113 46 114 46 114 47 113 47 115 47 114 77 115 77 116 77 116 78 115 78 117 78 116 79 117 79 118 79 118 80 117 80 119 80 118 81 119 81 102 81 102 36 119 36 103 36 120 82 48 82 121 82 121 83 48 83 50 83 121 84 50 84 52 84 122 85 92 85 120 85 120 86 92 86 94 86 120 84 94 84 64 84 64 87 94 87 96 87 64 84 96 84 62 84 62 84 96 84 26 84 62 84 26 84 27 84 92 84 122 84 90 84 90 84 122 84 123 84 90 88 123 88 88 88 88 84 123 84 86 84 86 89 123 89 82 89 86 90 82 90 84 90 84 91 82 91 37 91 84 92 37 92 42 92 42 93 37 93 39 93 42 94 39 94 47 94 47 95 39 95 124 95 47 96 124 96 125 96 82 97 123 97 80 97 80 98 123 98 126 98 80 84 126 84 78 84 78 99 126 99 127 99 78 84 127 84 76 84 76 84 127 84 74 84 74 100 127 100 128 100 74 84 128 84 72 84 72 101 128 101 104 101 72 102 104 102 106 102 129 103 118 103 128 103 128 84 118 84 102 84 128 84 102 84 104 84 118 104 129 104 116 104 116 84 129 84 130 84 116 84 130 84 114 84 114 105 130 105 54 105 114 84 54 84 112 84 112 84 54 84 56 84 112 106 56 106 7 106 7 107 56 107 5 107 5 108 56 108 58 108 5 84 58 84 131 84 131 109 58 109 60 109 131 84 60 84 132 84 132 84 60 84 27 84 132 110 27 110 133 110 133 111 27 111 29 111 133 112 29 112 134 112 134 84 29 84 31 84 134 84 31 84 125 84 125 84 31 84 45 84 125 84 45 84 47 84 54 84 130 84 52 84 52 84 130 84 121 84 3 113 135 113 2 113 2 84 135 84 136 84 2 114 136 114 23 114 23 115 136 115 21 115 21 116 136 116 137 116 21 117 137 117 10 117 10 118 137 118 15 118 15 84 137 84 138 84 15 84 138 84 13 84 13 84 138 84 139 84 13 84 139 84 70 84 70 84 139 84 68 84 68 119 139 119 140 119 68 120 140 120 141 120 135 84 3 84 142 84 142 121 3 121 5 121 142 84 5 84 131 84 2 84 18 84 7 84 7 122 18 122 110 122 7 123 110 123 112 123 10 124 11 124 21 124 21 94 11 94 19 94 19 84 11 84 106 84 19 125 106 125 108 125 13 126 70 126 11 126 11 127 70 127 72 127 11 128 72 128 106 128 110 84 18 84 108 84 108 84 18 84 19 84 23 84 18 84 2 84 31 84 26 84 45 84 45 84 26 84 43 84 43 129 26 129 98 129 43 130 98 130 100 130 35 84 143 84 34 84 34 84 143 84 124 84 34 131 124 131 39 131 37 132 66 132 35 132 35 84 66 84 141 84 35 133 141 133 143 133 84 84 42 84 100 84 100 84 42 84 43 84 60 134 62 134 27 134 64 84 48 84 120 84 82 84 66 84 37 84 66 84 68 84 141 84 96 84 98 84 26 84 139 135 144 135 140 135 140 135 144 135 145 135 140 136 145 136 141 136 141 137 145 137 146 137 141 138 146 138 143 138 143 138 146 138 147 138 143 139 147 139 124 139 124 140 147 140 148 140 124 141 148 141 125 141 125 142 148 142 149 142 125 143 149 143 134 143 134 144 149 144 150 144 134 145 150 145 133 145 133 146 150 146 151 146 133 147 151 147 132 147 132 148 151 148 152 148 132 149 152 149 131 149 131 150 152 150 153 150 131 151 153 151 142 151 142 152 153 152 154 152 142 153 154 153 135 153 135 154 154 154 155 154 135 155 155 155 136 155 136 155 155 155 156 155 136 156 156 156 137 156 137 157 156 157 157 157 137 158 157 158 138 158 138 159 157 159 158 159 138 160 158 160 139 160 139 161 158 161 144 161 159 162 53 162 160 162 160 163 53 163 51 163 160 164 51 164 49 164 161 162 117 162 159 162 159 162 117 162 115 162 159 162 115 162 55 162 55 165 115 165 113 165 55 162 113 162 57 162 57 162 113 162 6 162 57 166 6 166 4 166 117 162 161 162 119 162 119 162 161 162 162 162 119 162 162 162 103 162 103 162 162 162 105 162 105 167 162 167 73 167 105 162 73 162 107 162 107 162 73 162 9 162 107 162 9 162 17 162 17 168 9 168 8 168 17 169 8 169 20 169 20 170 8 170 157 170 20 171 157 171 156 171 73 172 162 172 75 172 75 173 162 173 163 173 75 162 163 162 77 162 77 174 163 174 164 174 77 175 164 175 79 175 79 162 164 162 81 162 81 162 164 162 165 162 81 162 165 162 83 162 83 176 165 176 87 176 83 177 87 177 85 177 166 162 91 162 165 162 165 178 91 178 89 178 165 179 89 179 87 179 91 180 166 180 93 180 93 162 166 162 167 162 93 162 167 162 95 162 95 181 167 181 65 181 95 162 65 162 97 162 97 182 65 182 63 182 97 183 63 183 24 183 24 162 63 162 25 162 25 184 63 184 61 184 25 162 61 162 152 162 152 185 61 185 59 185 152 162 59 162 153 162 153 186 59 186 4 186 153 162 4 162 154 162 154 187 4 187 1 187 154 188 1 188 155 188 155 162 1 162 0 162 155 189 0 189 156 189 156 162 0 162 22 162 156 162 22 162 20 162 65 190 167 190 49 190 49 162 167 162 160 162 0 191 6 191 22 191 22 192 6 192 16 192 16 193 6 193 111 193 16 194 111 194 109 194 8 195 14 195 157 195 157 196 14 196 158 196 158 197 14 197 12 197 158 162 12 162 144 162 144 198 12 198 71 198 144 199 71 199 69 199 12 200 9 200 71 200 71 162 9 162 73 162 107 162 17 162 109 162 109 162 17 162 16 162 30 201 41 201 24 201 24 162 41 162 99 162 24 202 99 202 97 202 28 162 150 162 30 162 30 162 150 162 149 162 30 203 149 203 44 203 44 162 149 162 46 162 46 204 149 204 148 204 46 205 148 205 38 205 38 206 148 206 32 206 32 207 148 207 147 207 32 162 147 162 33 162 33 162 147 162 146 162 33 208 146 208 67 208 67 209 146 209 69 209 69 210 146 210 145 210 69 211 145 211 144 211 150 162 28 162 151 162 151 212 28 212 25 212 151 162 25 162 152 162 38 162 36 162 46 162 46 169 36 169 40 169 40 213 36 213 85 213 40 214 85 214 101 214 33 215 67 215 36 215 36 216 67 216 83 216 36 217 83 217 85 217 99 162 41 162 101 162 101 162 41 162 40 162 44 218 41 218 30 218 59 219 57 219 4 219 55 220 53 220 159 220 113 162 111 162 6 162 130 221 159 221 121 221 121 222 159 222 160 222 121 223 160 223 120 223 120 224 160 224 167 224 120 225 167 225 122 225 122 226 167 226 166 226 122 227 166 227 123 227 123 227 166 227 165 227 123 228 165 228 126 228 126 229 165 229 164 229 126 230 164 230 127 230 127 231 164 231 163 231 127 232 163 232 128 232 128 233 163 233 162 233 128 234 162 234 129 234 129 235 162 235 161 235 129 236 161 236 130 236 130 237 161 237 159 237 168 238 169 238 170 238 170 239 169 239 171 239 169 240 172 240 171 240 171 241 172 241 173 241 172 242 174 242 173 242 173 243 174 243 175 243 174 244 168 244 175 244 175 245 168 245 170 245 176 246 177 246 178 246 178 247 177 247 179 247 178 248 179 248 180 248 180 249 179 249 181 249 180 250 181 250 182 250 182 251 181 251 183 251 182 252 183 252 184 252 184 253 183 253 185 253 184 254 185 254 186 254 186 255 185 255 187 255 186 256 187 256 188 256 188 257 187 257 189 257 188 258 189 258 190 258 190 259 189 259 191 259 190 84 191 84 192 84 192 84 191 84 193 84 192 260 193 260 194 260 194 261 193 261 195 261 194 262 195 262 196 262 196 263 195 263 197 263 196 264 197 264 198 264 198 265 197 265 199 265 198 266 199 266 200 266 200 267 199 267 201 267 200 268 201 268 176 268 176 269 201 269 177 269 202 270 203 270 204 270 204 271 203 271 205 271 204 272 205 272 206 272 206 273 205 273 207 273 206 274 207 274 208 274 208 275 207 275 209 275 208 276 209 276 210 276 210 277 209 277 211 277 210 278 211 278 212 278 212 279 211 279 213 279 212 280 213 280 214 280 214 281 213 281 215 281 214 282 215 282 216 282 216 283 215 283 217 283 216 84 217 84 218 84 218 84 217 84 219 84 218 284 219 284 220 284 220 285 219 285 221 285 220 286 221 286 222 286 222 287 221 287 223 287 222 288 223 288 224 288 224 289 223 289 225 289 224 290 225 290 226 290 226 291 225 291 227 291 226 292 227 292 202 292 202 293 227 293 203 293 228 294 229 294 230 294 230 295 229 295 231 295 230 296 231 296 232 296 232 297 231 297 233 297 232 298 233 298 234 298 234 299 233 299 235 299 234 276 235 276 236 276 236 300 235 300 237 300 236 301 237 301 238 301 238 302 237 302 239 302 238 303 239 303 240 303 240 304 239 304 241 304 240 305 241 305 242 305 242 306 241 306 243 306 242 307 243 307 244 307 244 308 243 308 245 308 244 309 245 309 246 309 246 310 245 310 247 310 246 311 247 311 248 311 248 312 247 312 249 312 248 313 249 313 250 313 250 314 249 314 251 314 250 315 251 315 252 315 252 316 251 316 253 316 252 317 253 317 228 317 228 318 253 318 229 318 254 319 255 319 256 319 256 320 255 320 257 320 256 321 257 321 258 321 258 322 257 322 259 322 258 323 259 323 260 323 260 324 259 324 261 324 260 325 261 325 262 325 262 326 261 326 263 326 262 327 263 327 264 327 264 328 263 328 265 328 264 303 265 303 266 303 266 329 265 329 267 329 266 330 267 330 268 330 268 331 267 331 269 331 268 84 269 84 270 84 270 84 269 84 271 84 270 332 271 332 272 332 272 332 271 332 273 332 272 333 273 333 274 333 274 334 273 334 275 334 274 335 275 335 276 335 276 336 275 336 277 336 276 337 277 337 278 337 278 338 277 338 279 338 278 339 279 339 254 339 254 340 279 340 255 340 280 341 281 341 282 341 282 342 281 342 283 342 282 343 283 343 284 343 282 344 284 344 285 344 285 345 284 345 286 345 285 346 286 346 287 346 287 347 286 347 288 347 287 348 288 348 289 348 289 349 288 349 290 349 289 350 290 350 291 350 291 351 290 351 292 351 291 352 292 352 293 352 293 353 292 353 294 353 293 354 294 354 295 354 295 355 294 355 296 355 295 356 296 356 297 356 297 357 296 357 298 357 297 358 298 358 299 358 299 359 298 359 300 359 299 360 300 360 301 360 301 361 300 361 302 361 301 362 302 362 303 362 303 363 302 363 304 363 303 364 304 364 305 364 305 365 304 365 306 365 305 366 306 366 307 366 307 367 306 367 308 367 307 368 308 368 309 368 309 369 308 369 310 369 309 370 310 370 311 370 311 371 310 371 312 371 311 372 312 372 313 372 313 373 312 373 314 373 313 374 314 374 315 374 315 375 314 375 316 375 315 376 316 376 317 376 317 377 316 377 318 377 317 378 318 378 319 378 319 379 318 379 320 379 319 380 320 380 321 380 322 381 281 381 323 381 323 382 281 382 280 382 324 383 322 383 325 383 325 384 322 384 323 384 326 162 324 162 327 162 327 385 324 385 325 385 328 386 326 386 329 386 329 387 326 387 327 387 330 162 328 162 331 162 331 388 328 388 329 388 332 389 330 389 333 389 333 390 330 390 331 390 334 391 332 391 335 391 335 392 332 392 333 392 336 393 334 393 337 393 337 394 334 394 335 394 338 162 336 162 339 162 339 395 336 395 337 395 340 396 338 396 341 396 341 397 338 397 339 397 342 162 340 162 343 162 343 398 340 398 341 398 344 399 342 399 345 399 345 400 342 400 343 400 320 401 344 401 321 401 321 402 344 402 345 402 168 403 201 403 169 403 169 404 201 404 203 404 169 405 203 405 227 405 174 406 281 406 168 406 168 407 281 407 322 407 168 408 322 408 185 408 185 409 322 409 187 409 187 410 322 410 328 410 187 411 328 411 189 411 189 412 328 412 191 412 191 413 328 413 330 413 191 414 330 414 213 414 213 415 330 415 215 415 215 416 330 416 217 416 217 417 330 417 336 417 217 418 336 418 219 418 219 419 336 419 169 419 219 420 169 420 221 420 221 421 169 421 223 421 223 422 169 422 225 422 225 423 169 423 227 423 172 424 267 424 174 424 174 425 267 425 265 425 174 426 265 426 263 426 169 427 320 427 172 427 172 428 320 428 318 428 172 429 318 429 316 429 181 430 179 430 168 430 168 431 179 431 177 431 168 432 177 432 201 432 201 433 199 433 203 433 203 434 199 434 205 434 205 435 199 435 197 435 205 436 197 436 207 436 207 437 197 437 195 437 207 438 195 438 209 438 209 439 195 439 193 439 209 440 193 440 211 440 211 441 193 441 191 441 211 442 191 442 213 442 185 443 183 443 168 443 168 444 183 444 181 444 229 445 304 445 231 445 231 446 304 446 302 446 231 447 302 447 275 447 275 448 302 448 277 448 277 449 302 449 300 449 277 450 300 450 279 450 279 451 300 451 298 451 279 452 298 452 255 452 255 453 298 453 296 453 255 454 296 454 257 454 257 455 296 455 294 455 257 456 294 456 259 456 259 457 294 457 292 457 259 458 292 458 261 458 261 459 292 459 174 459 261 460 174 460 263 460 304 461 229 461 306 461 306 462 229 462 253 462 306 463 253 463 308 463 308 464 253 464 251 464 308 465 251 465 249 465 308 466 249 466 310 466 310 467 249 467 247 467 310 468 247 468 312 468 312 469 247 469 172 469 312 470 172 470 314 470 314 471 172 471 316 471 247 472 245 472 172 472 172 473 245 473 243 473 172 474 243 474 241 474 241 475 239 475 172 475 172 476 239 476 267 476 267 477 239 477 269 477 269 478 239 478 237 478 269 479 237 479 271 479 271 480 237 480 235 480 271 481 235 481 273 481 273 482 235 482 233 482 273 483 233 483 275 483 275 484 233 484 231 484 320 485 169 485 344 485 344 486 169 486 338 486 344 487 338 487 342 487 342 488 338 488 340 488 292 489 290 489 174 489 174 490 290 490 288 490 174 491 288 491 286 491 286 492 284 492 174 492 174 493 284 493 283 493 174 494 283 494 281 494 322 495 324 495 328 495 328 4 324 4 326 4 332 496 334 496 330 496 330 497 334 497 336 497 336 498 338 498 169 498 171 499 200 499 170 499 170 500 200 500 176 500 170 501 176 501 178 501 173 502 321 502 171 502 171 503 321 503 345 503 171 504 345 504 339 504 339 505 345 505 343 505 339 506 343 506 341 506 175 507 266 507 173 507 173 508 266 508 238 508 173 509 238 509 240 509 170 510 280 510 175 510 175 511 280 511 282 511 175 512 282 512 285 512 178 513 180 513 170 513 170 514 180 514 182 514 170 515 182 515 184 515 170 516 184 516 323 516 323 517 184 517 186 517 323 518 186 518 329 518 329 519 186 519 188 519 329 520 188 520 190 520 192 521 210 521 190 521 190 522 210 522 212 522 190 523 212 523 331 523 331 524 212 524 214 524 331 525 214 525 216 525 210 526 192 526 208 526 208 527 192 527 194 527 208 528 194 528 206 528 206 529 194 529 196 529 206 530 196 530 204 530 204 531 196 531 198 531 204 532 198 532 202 532 202 533 198 533 200 533 202 534 200 534 171 534 331 535 216 535 337 535 337 536 216 536 218 536 337 537 218 537 171 537 171 538 218 538 220 538 171 539 220 539 222 539 222 540 224 540 171 540 171 541 224 541 226 541 171 542 226 542 202 542 232 543 274 543 230 543 230 544 274 544 303 544 230 545 303 545 305 545 274 546 232 546 272 546 272 547 232 547 234 547 272 548 234 548 270 548 270 549 234 549 236 549 270 550 236 550 268 550 268 551 236 551 238 551 268 552 238 552 266 552 240 553 242 553 173 553 173 554 242 554 244 554 173 555 244 555 246 555 248 556 311 556 246 556 246 557 311 557 313 557 246 558 313 558 173 558 173 559 313 559 315 559 173 560 315 560 317 560 311 561 248 561 309 561 309 562 248 562 250 562 309 563 250 563 252 563 309 564 252 564 307 564 307 565 252 565 228 565 307 566 228 566 305 566 305 567 228 567 230 567 258 568 295 568 256 568 256 569 295 569 297 569 256 570 297 570 254 570 254 571 297 571 299 571 254 572 299 572 278 572 278 573 299 573 301 573 278 574 301 574 276 574 276 575 301 575 303 575 276 576 303 576 274 576 295 577 258 577 293 577 293 578 258 578 260 578 293 579 260 579 175 579 175 580 260 580 262 580 175 581 262 581 264 581 264 582 266 582 175 582 339 583 337 583 171 583 335 506 333 506 337 506 337 584 333 584 331 584 331 585 329 585 190 585 327 586 325 586 329 586 329 587 325 587 323 587 323 588 280 588 170 588 285 589 287 589 175 589 175 590 287 590 289 590 175 591 289 591 291 591 291 592 293 592 175 592 317 593 319 593 173 593 173 594 319 594 321 594 346 595 347 595 348 595 348 596 347 596 349 596 347 597 350 597 349 597 349 598 350 598 351 598 350 599 352 599 351 599 351 600 352 600 353 600 352 601 346 601 353 601 353 245 346 245 348 245 354 602 355 602 356 602 356 603 355 603 357 603 356 604 357 604 358 604 358 605 357 605 359 605 358 606 359 606 360 606 360 607 359 607 361 607 360 608 361 608 362 608 362 609 361 609 363 609 362 610 363 610 364 610 364 611 363 611 365 611 364 612 365 612 366 612 366 613 365 613 367 613 366 614 367 614 368 614 368 615 367 615 369 615 368 84 369 84 370 84 370 84 369 84 371 84 370 616 371 616 372 616 372 617 371 617 373 617 372 262 373 262 374 262 374 618 373 618 375 618 374 619 375 619 376 619 376 620 375 620 377 620 376 621 377 621 378 621 378 622 377 622 379 622 378 623 379 623 354 623 354 624 379 624 355 624 380 625 381 625 382 625 382 626 381 626 383 626 382 627 383 627 384 627 384 628 383 628 385 628 384 629 385 629 386 629 386 630 385 630 387 630 386 631 387 631 388 631 388 632 387 632 389 632 388 633 389 633 390 633 390 634 389 634 391 634 390 303 391 303 392 303 392 635 391 635 393 635 392 636 393 636 394 636 394 637 393 637 395 637 394 84 395 84 396 84 396 84 395 84 397 84 396 638 397 638 398 638 398 639 397 639 399 639 398 640 399 640 400 640 400 641 399 641 401 641 400 642 401 642 402 642 402 643 401 643 403 643 402 290 403 290 404 290 404 644 403 644 405 644 404 645 405 645 380 645 380 646 405 646 381 646 406 647 407 647 408 647 408 648 407 648 409 648 408 649 409 649 410 649 410 650 409 650 411 650 410 651 411 651 412 651 412 652 411 652 413 652 412 276 413 276 414 276 414 653 413 653 415 653 414 654 415 654 416 654 416 655 415 655 417 655 416 656 417 656 418 656 418 657 417 657 419 657 418 658 419 658 420 658 420 659 419 659 421 659 420 660 421 660 422 660 422 661 421 661 423 661 422 662 423 662 424 662 424 663 423 663 425 663 424 664 425 664 426 664 426 665 425 665 427 665 426 666 427 666 428 666 428 667 427 667 429 667 428 668 429 668 430 668 430 669 429 669 431 669 430 670 431 670 406 670 406 671 431 671 407 671 432 672 433 672 434 672 434 673 433 673 435 673 434 674 435 674 436 674 436 675 435 675 437 675 436 323 437 323 438 323 438 676 437 676 439 676 438 276 439 276 440 276 440 677 439 677 441 677 440 678 441 678 442 678 442 679 441 679 443 679 442 303 443 303 444 303 444 680 443 680 445 680 444 681 445 681 446 681 446 682 445 682 447 682 446 84 447 84 448 84 448 84 447 84 449 84 448 683 449 683 450 683 450 684 449 684 451 684 450 311 451 311 452 311 452 685 451 685 453 685 452 686 453 686 454 686 454 687 453 687 455 687 454 688 455 688 456 688 456 689 455 689 457 689 456 339 457 339 432 339 432 690 457 690 433 690 458 691 459 691 460 691 460 692 459 692 461 692 460 693 461 693 462 693 460 694 462 694 463 694 463 695 462 695 464 695 463 696 464 696 465 696 465 697 464 697 466 697 465 698 466 698 467 698 467 699 466 699 468 699 467 700 468 700 469 700 469 701 468 701 470 701 469 702 470 702 471 702 471 703 470 703 472 703 471 704 472 704 473 704 473 705 472 705 474 705 473 706 474 706 475 706 475 707 474 707 476 707 475 708 476 708 477 708 477 709 476 709 478 709 477 710 478 710 479 710 479 711 478 711 480 711 479 712 480 712 481 712 481 713 480 713 482 713 481 714 482 714 483 714 483 715 482 715 484 715 483 716 484 716 485 716 485 717 484 717 486 717 485 718 486 718 487 718 487 719 486 719 488 719 487 720 488 720 489 720 489 721 488 721 490 721 489 722 490 722 491 722 491 723 490 723 492 723 491 724 492 724 493 724 493 725 492 725 494 725 493 726 494 726 495 726 495 727 494 727 496 727 495 728 496 728 497 728 497 729 496 729 498 729 497 730 498 730 499 730 500 731 459 731 501 731 501 732 459 732 458 732 502 733 500 733 503 733 503 734 500 734 501 734 504 162 502 162 505 162 505 735 502 735 503 735 506 386 504 386 507 386 507 736 504 736 505 736 508 162 506 162 509 162 509 737 506 737 507 737 510 738 508 738 511 738 511 739 508 739 509 739 512 391 510 391 513 391 513 392 510 392 511 392 514 740 512 740 515 740 515 741 512 741 513 741 516 162 514 162 517 162 517 742 514 742 515 742 518 396 516 396 519 396 519 397 516 397 517 397 520 162 518 162 521 162 521 398 518 398 519 398 522 399 520 399 523 399 523 400 520 400 521 400 498 401 522 401 499 401 499 743 522 743 523 743 346 744 379 744 347 744 347 745 379 745 381 745 347 746 381 746 405 746 352 747 459 747 346 747 346 748 459 748 500 748 346 749 500 749 363 749 363 750 500 750 365 750 365 751 500 751 506 751 365 752 506 752 367 752 367 753 506 753 369 753 369 754 506 754 508 754 369 755 508 755 391 755 391 756 508 756 393 756 393 757 508 757 395 757 395 758 508 758 514 758 395 759 514 759 397 759 397 760 514 760 347 760 397 761 347 761 399 761 399 762 347 762 401 762 401 763 347 763 403 763 403 764 347 764 405 764 350 765 445 765 352 765 352 766 445 766 443 766 352 767 443 767 441 767 347 768 498 768 350 768 350 769 498 769 496 769 350 770 496 770 494 770 359 771 357 771 346 771 346 772 357 772 355 772 346 773 355 773 379 773 379 774 377 774 381 774 381 775 377 775 383 775 383 776 377 776 375 776 383 777 375 777 385 777 385 778 375 778 373 778 385 779 373 779 387 779 387 780 373 780 371 780 387 781 371 781 389 781 389 782 371 782 369 782 389 783 369 783 391 783 363 784 361 784 346 784 346 444 361 444 359 444 407 445 482 445 409 445 409 785 482 785 480 785 409 786 480 786 453 786 453 787 480 787 455 787 455 788 480 788 478 788 455 450 478 450 457 450 457 789 478 789 476 789 457 452 476 452 433 452 433 790 476 790 474 790 433 791 474 791 435 791 435 792 474 792 472 792 435 793 472 793 437 793 437 794 472 794 470 794 437 795 470 795 439 795 439 796 470 796 352 796 439 797 352 797 441 797 482 798 407 798 484 798 484 799 407 799 431 799 484 800 431 800 486 800 486 801 431 801 429 801 486 802 429 802 427 802 486 803 427 803 488 803 488 804 427 804 425 804 488 805 425 805 490 805 490 806 425 806 350 806 490 807 350 807 492 807 492 808 350 808 494 808 425 809 423 809 350 809 350 810 423 810 421 810 350 811 421 811 419 811 419 812 417 812 350 812 350 813 417 813 445 813 445 814 417 814 447 814 447 815 417 815 415 815 447 816 415 816 449 816 449 817 415 817 413 817 449 818 413 818 451 818 451 819 413 819 411 819 451 820 411 820 453 820 453 821 411 821 409 821 498 822 347 822 522 822 522 823 347 823 516 823 522 824 516 824 520 824 520 488 516 488 518 488 470 825 468 825 352 825 352 826 468 826 466 826 352 827 466 827 464 827 464 828 462 828 352 828 352 829 462 829 461 829 352 830 461 830 459 830 500 831 502 831 506 831 506 4 502 4 504 4 510 496 512 496 508 496 508 497 512 497 514 497 514 498 516 498 347 498 349 832 378 832 348 832 348 833 378 833 354 833 348 834 354 834 356 834 351 835 499 835 349 835 349 836 499 836 523 836 349 837 523 837 517 837 517 505 523 505 521 505 517 506 521 506 519 506 353 838 444 838 351 838 351 839 444 839 416 839 351 840 416 840 418 840 348 841 458 841 353 841 353 842 458 842 460 842 353 843 460 843 463 843 356 844 358 844 348 844 348 845 358 845 360 845 348 846 360 846 362 846 348 847 362 847 501 847 501 848 362 848 364 848 501 849 364 849 507 849 507 850 364 850 366 850 507 851 366 851 368 851 370 852 388 852 368 852 368 853 388 853 390 853 368 523 390 523 509 523 509 854 390 854 392 854 509 855 392 855 394 855 388 856 370 856 386 856 386 857 370 857 372 857 386 858 372 858 384 858 384 859 372 859 374 859 384 530 374 530 382 530 382 860 374 860 376 860 382 861 376 861 380 861 380 862 376 862 378 862 380 863 378 863 349 863 509 864 394 864 515 864 515 865 394 865 396 865 515 866 396 866 349 866 349 867 396 867 398 867 349 868 398 868 400 868 400 869 402 869 349 869 349 870 402 870 404 870 349 871 404 871 380 871 410 872 452 872 408 872 408 873 452 873 481 873 408 874 481 874 483 874 452 875 410 875 450 875 450 876 410 876 412 876 450 877 412 877 448 877 448 878 412 878 414 878 448 879 414 879 446 879 446 880 414 880 416 880 446 881 416 881 444 881 418 882 420 882 351 882 351 883 420 883 422 883 351 884 422 884 424 884 426 885 489 885 424 885 424 886 489 886 491 886 424 887 491 887 351 887 351 888 491 888 493 888 351 889 493 889 495 889 489 890 426 890 487 890 487 891 426 891 428 891 487 892 428 892 430 892 487 893 430 893 485 893 485 894 430 894 406 894 485 895 406 895 483 895 483 896 406 896 408 896 436 568 473 568 434 568 434 897 473 897 475 897 434 898 475 898 432 898 432 899 475 899 477 899 432 900 477 900 456 900 456 901 477 901 479 901 456 902 479 902 454 902 454 903 479 903 481 903 454 904 481 904 452 904 473 905 436 905 471 905 471 906 436 906 438 906 471 907 438 907 353 907 353 908 438 908 440 908 353 909 440 909 442 909 442 582 444 582 353 582 517 910 515 910 349 910 513 506 511 506 515 506 515 584 511 584 509 584 509 911 507 911 368 911 505 586 503 586 507 586 507 587 503 587 501 587 501 912 458 912 348 912 463 913 465 913 353 913 353 914 465 914 467 914 353 915 467 915 469 915 469 916 471 916 353 916 495 917 497 917 351 917 351 918 497 918 499 918 524 919 525 919 526 919 526 920 525 920 527 920 526 921 527 921 528 921 528 922 527 922 529 922 528 923 529 923 530 923 530 924 529 924 531 924 530 925 531 925 532 925 532 926 531 926 533 926 532 927 533 927 534 927 534 928 533 928 535 928 534 929 535 929 536 929 536 930 535 930 537 930 536 931 537 931 538 931 538 932 537 932 539 932 538 933 539 933 540 933 540 934 539 934 541 934 540 935 541 935 542 935 542 936 541 936 543 936 542 937 543 937 544 937 544 938 543 938 545 938 544 939 545 939 546 939 546 940 545 940 547 940 546 941 547 941 548 941 548 942 547 942 549 942 548 943 549 943 550 943 550 944 549 944 551 944 550 945 551 945 552 945 552 946 551 946 553 946 552 947 553 947 554 947 554 948 553 948 555 948 554 949 555 949 556 949 556 950 555 950 557 950 556 951 557 951 558 951 558 952 557 952 559 952 558 953 559 953 560 953 560 954 559 954 561 954 560 955 561 955 562 955 562 956 561 956 563 956 562 957 563 957 564 957 564 958 563 958 565 958 564 959 565 959 566 959 566 960 565 960 567 960 566 961 567 961 568 961 568 962 567 962 569 962 568 963 569 963 570 963 570 964 569 964 571 964 570 965 571 965 572 965 572 966 571 966 573 966 572 967 573 967 574 967 574 968 573 968 575 968 574 969 575 969 576 969 576 970 575 970 577 970 576 971 577 971 578 971 578 972 577 972 579 972 578 973 579 973 580 973 580 974 579 974 581 974 580 975 581 975 582 975 582 976 581 976 583 976 582 977 583 977 584 977 584 978 583 978 585 978 584 979 585 979 586 979 586 980 585 980 587 980 586 981 587 981 588 981 588 982 587 982 589 982 588 983 589 983 590 983 590 984 589 984 591 984 590 985 591 985 592 985 592 986 591 986 593 986 592 987 593 987 594 987 594 988 593 988 595 988 594 989 595 989 596 989 596 990 595 990 597 990 596 991 597 991 598 991 598 992 597 992 599 992 598 993 599 993 600 993 600 994 599 994 601 994 600 995 601 995 602 995 602 996 601 996 603 996 602 997 603 997 604 997 604 998 603 998 605 998 604 999 605 999 606 999 606 1000 605 1000 607 1000 606 1001 607 1001 608 1001 608 1002 607 1002 609 1002 608 1003 609 1003 610 1003 610 1004 609 1004 611 1004 610 1005 611 1005 612 1005 612 1006 611 1006 613 1006 612 1007 613 1007 614 1007 614 1008 613 1008 615 1008 614 1009 615 1009 616 1009 616 1010 615 1010 617 1010 616 1011 617 1011 618 1011 618 1012 617 1012 619 1012 618 1013 619 1013 620 1013 620 1014 619 1014 621 1014 620 1015 621 1015 622 1015 622 1016 621 1016 623 1016 622 1017 623 1017 624 1017 624 1018 623 1018 625 1018 624 1019 625 1019 626 1019 626 1020 625 1020 627 1020 626 1021 627 1021 628 1021 628 1022 627 1022 629 1022 628 1023 629 1023 630 1023 630 1024 629 1024 631 1024 630 1025 631 1025 632 1025 632 1026 631 1026 633 1026 632 1027 633 1027 634 1027 634 1028 633 1028 635 1028 634 1029 635 1029 636 1029 636 1030 635 1030 637 1030 636 1031 637 1031 638 1031 638 1032 637 1032 639 1032 638 1033 639 1033 640 1033 640 1034 639 1034 641 1034 640 1035 641 1035 524 1035 524 1036 641 1036 525 1036 526 1037 528 1037 524 1037 524 1038 528 1038 640 1038 640 1039 528 1039 530 1039 640 1040 530 1040 638 1040 638 1041 530 1041 532 1041 638 1042 532 1042 636 1042 636 1043 532 1043 534 1043 636 1044 534 1044 634 1044 634 1045 534 1045 536 1045 634 1046 536 1046 632 1046 632 1047 536 1047 538 1047 632 1048 538 1048 630 1048 630 1049 538 1049 540 1049 630 1050 540 1050 628 1050 628 1051 540 1051 542 1051 628 1052 542 1052 626 1052 626 1053 542 1053 544 1053 626 1054 544 1054 624 1054 624 1055 544 1055 546 1055 624 1056 546 1056 622 1056 622 1057 546 1057 548 1057 622 1058 548 1058 620 1058 620 1059 548 1059 550 1059 620 1060 550 1060 618 1060 618 1061 550 1061 552 1061 618 1062 552 1062 616 1062 616 1063 552 1063 554 1063 616 1064 554 1064 614 1064 614 1065 554 1065 556 1065 614 1066 556 1066 612 1066 612 1067 556 1067 558 1067 612 1068 558 1068 610 1068 610 1069 558 1069 560 1069 610 1070 560 1070 608 1070 608 1071 560 1071 562 1071 608 1072 562 1072 606 1072 606 1073 562 1073 564 1073 606 1074 564 1074 604 1074 604 1075 564 1075 566 1075 604 1076 566 1076 602 1076 602 1077 566 1077 568 1077 602 1078 568 1078 600 1078 600 1079 568 1079 570 1079 600 1080 570 1080 598 1080 598 1081 570 1081 572 1081 598 1082 572 1082 596 1082 596 1083 572 1083 574 1083 596 1084 574 1084 594 1084 594 1085 574 1085 576 1085 594 1086 576 1086 592 1086 592 1087 576 1087 578 1087 592 1088 578 1088 590 1088 590 1089 578 1089 580 1089 590 1090 580 1090 588 1090 588 1091 580 1091 582 1091 588 1092 582 1092 586 1092 586 1093 582 1093 584 1093 525 1094 642 1094 527 1094 527 1095 642 1095 643 1095 527 1096 643 1096 644 1096 641 1097 645 1097 525 1097 525 1098 645 1098 646 1098 525 1099 646 1099 642 1099 645 1100 641 1100 647 1100 647 1101 641 1101 639 1101 647 1102 639 1102 648 1102 648 1103 639 1103 649 1103 649 1104 639 1104 637 1104 649 1105 637 1105 650 1105 650 1106 637 1106 651 1106 651 1107 637 1107 635 1107 651 1108 635 1108 652 1108 652 1109 635 1109 653 1109 653 1110 635 1110 633 1110 653 1111 633 1111 654 1111 654 1112 633 1112 655 1112 655 1113 633 1113 631 1113 655 1114 631 1114 656 1114 656 1115 631 1115 629 1115 656 1116 629 1116 657 1116 657 1117 629 1117 658 1117 658 1118 629 1118 627 1118 658 1119 627 1119 659 1119 659 1120 627 1120 660 1120 660 1121 627 1121 625 1121 660 1122 625 1122 661 1122 661 1123 625 1123 662 1123 662 1124 625 1124 623 1124 662 1125 623 1125 663 1125 663 1126 623 1126 664 1126 664 1127 623 1127 665 1127 665 1128 623 1128 666 1128 666 1129 623 1129 667 1129 667 1130 623 1130 668 1130 668 1131 623 1131 621 1131 668 1132 621 1132 619 1132 668 1133 619 1133 669 1133 669 1134 619 1134 617 1134 669 1135 617 1135 670 1135 670 1136 617 1136 615 1136 670 1137 615 1137 613 1137 670 1138 613 1138 671 1138 671 1139 613 1139 611 1139 671 1140 611 1140 609 1140 671 1141 609 1141 672 1141 672 1142 609 1142 607 1142 672 1143 607 1143 605 1143 672 1144 605 1144 673 1144 673 1145 605 1145 603 1145 673 1146 603 1146 601 1146 673 1147 601 1147 674 1147 674 1148 601 1148 599 1148 674 1149 599 1149 597 1149 597 1150 595 1150 674 1150 674 1151 595 1151 675 1151 675 1152 595 1152 593 1152 675 1153 593 1153 591 1153 591 1154 589 1154 675 1154 675 1155 589 1155 587 1155 675 1156 587 1156 585 1156 675 1157 585 1157 676 1157 676 1158 585 1158 583 1158 676 1159 583 1159 581 1159 581 1160 579 1160 676 1160 676 1161 579 1161 577 1161 676 1162 577 1162 575 1162 575 1163 573 1163 676 1163 676 1164 573 1164 571 1164 676 1165 571 1165 569 1165 569 1166 567 1166 676 1166 676 1167 567 1167 565 1167 676 1168 565 1168 563 1168 676 1169 563 1169 677 1169 677 1170 563 1170 561 1170 677 1171 561 1171 678 1171 678 1172 561 1172 559 1172 678 1173 559 1173 679 1173 679 1174 559 1174 680 1174 680 1175 559 1175 557 1175 680 1176 557 1176 681 1176 681 1177 557 1177 682 1177 682 1178 557 1178 555 1178 682 1179 555 1179 683 1179 683 1180 555 1180 684 1180 684 1181 555 1181 553 1181 684 1182 553 1182 685 1182 685 1183 553 1183 686 1183 686 1184 553 1184 551 1184 686 1185 551 1185 687 1185 687 1186 551 1186 549 1186 687 1187 549 1187 547 1187 547 1188 545 1188 687 1188 687 1189 545 1189 543 1189 687 1190 543 1190 541 1190 541 1191 539 1191 687 1191 687 1192 539 1192 537 1192 687 1193 537 1193 535 1193 535 1194 533 1194 687 1194 687 1195 533 1195 531 1195 687 1196 531 1196 529 1196 529 1197 527 1197 687 1197 687 1198 527 1198 688 1198 688 1199 527 1199 689 1199 689 1200 527 1200 690 1200 690 1201 527 1201 691 1201 691 1202 527 1202 692 1202 692 1203 527 1203 693 1203 693 1204 527 1204 694 1204 694 1205 527 1205 695 1205 695 1206 527 1206 696 1206 696 1207 527 1207 697 1207 697 1208 527 1208 698 1208 698 1209 527 1209 699 1209 699 1210 527 1210 700 1210 700 1211 527 1211 701 1211 701 1212 527 1212 702 1212 702 1213 527 1213 703 1213 703 1214 527 1214 704 1214 704 1215 527 1215 705 1215 705 1216 527 1216 706 1216 706 1217 527 1217 644 1217 675 1218 676 1218 707 1218 707 1219 676 1219 708 1219 707 1220 708 1220 709 1220 709 1221 708 1221 710 1221 709 1222 710 1222 711 1222 711 1223 710 1223 712 1223 711 1224 712 1224 713 1224 713 1225 712 1225 714 1225 713 1226 714 1226 715 1226 715 1227 714 1227 716 1227 715 1228 716 1228 717 1228 717 1229 716 1229 718 1229 717 1230 718 1230 719 1230 719 1231 718 1231 720 1231 719 1232 720 1232 721 1232 721 1233 720 1233 722 1233 721 1234 722 1234 723 1234 723 1235 722 1235 724 1235 723 1236 724 1236 725 1236 725 1237 724 1237 726 1237 725 1238 726 1238 727 1238 727 1239 726 1239 728 1239 727 1240 728 1240 729 1240 729 1241 728 1241 730 1241 729 1242 730 1242 731 1242 731 1243 730 1243 732 1243 731 1244 732 1244 733 1244 733 1245 732 1245 734 1245 733 1246 734 1246 735 1246 735 1247 734 1247 736 1247 735 1248 736 1248 737 1248 737 1249 736 1249 738 1249 737 1250 738 1250 739 1250 739 1251 738 1251 740 1251 739 1252 740 1252 741 1252 741 1253 740 1253 742 1253 741 1254 742 1254 743 1254 743 1255 742 1255 744 1255 743 1256 744 1256 745 1256 745 1257 744 1257 746 1257 745 1258 746 1258 747 1258 748 1259 749 1259 750 1259 750 1260 749 1260 751 1260 750 1261 751 1261 752 1261 752 1262 753 1262 750 1262 750 1263 753 1263 754 1263 750 1264 754 1264 755 1264 755 1265 756 1265 750 1265 750 1266 756 1266 757 1266 750 1267 757 1267 758 1267 758 1268 759 1268 750 1268 750 1269 759 1269 760 1269 750 1270 760 1270 761 1270 761 1271 762 1271 750 1271 750 1272 762 1272 763 1272 750 1273 763 1273 764 1273 764 1274 765 1274 750 1274 750 1275 765 1275 766 1275 750 1276 766 1276 767 1276 767 1277 768 1277 750 1277 750 1278 768 1278 769 1278 750 1279 769 1279 770 1279 770 1280 771 1280 750 1280 750 1281 771 1281 772 1281 750 1282 772 1282 773 1282 773 1283 774 1283 750 1283 750 1284 774 1284 775 1284 750 1285 775 1285 776 1285 776 1286 777 1286 750 1286 750 1287 777 1287 778 1287 750 1288 778 1288 779 1288 779 1289 780 1289 750 1289 750 1290 780 1290 781 1290 750 1291 781 1291 782 1291 782 1292 783 1292 750 1292 750 1293 783 1293 784 1293 750 1294 784 1294 785 1294 785 1295 786 1295 750 1295 750 1296 786 1296 787 1296 787 1297 786 1297 788 1297 787 1298 788 1298 789 1298 787 1299 789 1299 790 1299 790 1300 789 1300 791 1300 790 1301 791 1301 792 1301 787 1302 790 1302 793 1302 793 1303 790 1303 794 1303 793 1304 794 1304 795 1304 795 1305 794 1305 796 1305 796 1306 794 1306 797 1306 797 1307 794 1307 798 1307 798 1308 794 1308 799 1308 799 1309 794 1309 800 1309 800 1310 794 1310 801 1310 801 1311 794 1311 802 1311 802 1312 794 1312 803 1312 803 1313 794 1313 804 1313 804 1314 794 1314 805 1314 805 1315 794 1315 806 1315 806 1316 794 1316 807 1316 807 1317 794 1317 808 1317 808 1318 794 1318 809 1318 809 1319 794 1319 810 1319 810 1320 794 1320 811 1320 811 1321 794 1321 812 1321 812 1322 794 1322 813 1322 795 1323 814 1323 793 1323 793 1324 814 1324 815 1324 793 1325 815 1325 816 1325 816 1326 817 1326 793 1326 793 1327 817 1327 818 1327 793 1328 818 1328 819 1328 819 1329 820 1329 793 1329 793 1330 820 1330 821 1330 793 1331 821 1331 822 1331 822 1332 823 1332 793 1332 793 1333 823 1333 824 1333 793 1334 824 1334 825 1334 825 1335 826 1335 793 1335 793 1336 826 1336 827 1336 793 1337 827 1337 828 1337 828 1338 829 1338 793 1338 790 1339 830 1339 794 1339 794 1340 830 1340 831 1340 794 1341 831 1341 813 1341 813 1342 831 1342 832 1342 813 1343 832 1343 812 1343 812 1344 832 1344 833 1344 812 1345 833 1345 811 1345 811 1346 833 1346 834 1346 811 1347 834 1347 810 1347 810 1348 834 1348 835 1348 810 1349 835 1349 809 1349 809 1350 835 1350 836 1350 809 1351 836 1351 808 1351 808 1352 836 1352 837 1352 808 1353 837 1353 807 1353 807 1354 837 1354 838 1354 807 1355 838 1355 806 1355 806 1356 838 1356 839 1356 806 1357 839 1357 805 1357 805 1358 839 1358 840 1358 805 1359 840 1359 804 1359 804 1360 840 1360 841 1360 804 1361 841 1361 803 1361 803 1362 841 1362 842 1362 803 1363 842 1363 802 1363 802 1364 842 1364 843 1364 802 1365 843 1365 801 1365 801 1366 843 1366 844 1366 801 1367 844 1367 800 1367 800 1368 844 1368 845 1368 800 1369 845 1369 799 1369 799 1370 845 1370 846 1370 799 1371 846 1371 798 1371 798 1372 846 1372 847 1372 798 1373 847 1373 797 1373 797 1374 847 1374 848 1374 797 1375 848 1375 796 1375 796 1376 848 1376 849 1376 796 1377 849 1377 795 1377 795 1378 849 1378 850 1378 795 1379 850 1379 814 1379 814 1380 850 1380 851 1380 814 1381 851 1381 815 1381 815 1382 851 1382 852 1382 815 1383 852 1383 816 1383 816 1384 852 1384 853 1384 816 1385 853 1385 817 1385 817 1386 853 1386 854 1386 817 1387 854 1387 818 1387 818 1388 854 1388 855 1388 818 1389 855 1389 819 1389 819 1390 855 1390 856 1390 819 1391 856 1391 820 1391 820 1392 856 1392 857 1392 820 1393 857 1393 821 1393 821 1394 857 1394 858 1394 821 1395 858 1395 822 1395 822 162 858 162 859 162 822 1396 859 1396 823 1396 823 1397 859 1397 860 1397 823 1398 860 1398 824 1398 824 1399 860 1399 861 1399 824 1400 861 1400 825 1400 825 1401 861 1401 862 1401 825 1402 862 1402 826 1402 826 1403 862 1403 863 1403 826 1404 863 1404 827 1404 827 1405 863 1405 864 1405 827 1406 864 1406 828 1406 828 1407 864 1407 865 1407 828 1408 865 1408 829 1408 829 1409 865 1409 866 1409 829 1410 866 1410 793 1410 793 1411 866 1411 867 1411 793 1412 867 1412 787 1412 787 1413 867 1413 868 1413 869 1414 830 1414 792 1414 792 1415 830 1415 790 1415 870 1416 869 1416 791 1416 791 1417 869 1417 792 1417 642 1418 770 1418 643 1418 643 1419 770 1419 769 1419 643 1420 769 1420 768 1420 770 1421 642 1421 771 1421 771 1422 642 1422 646 1422 771 1423 646 1423 772 1423 772 1424 646 1424 645 1424 772 1425 645 1425 773 1425 773 1426 645 1426 647 1426 773 1427 647 1427 774 1427 774 1428 647 1428 648 1428 774 1429 648 1429 775 1429 775 1430 648 1430 649 1430 775 1431 649 1431 776 1431 776 1432 649 1432 650 1432 776 1433 650 1433 777 1433 777 1434 650 1434 651 1434 777 1435 651 1435 778 1435 778 1436 651 1436 652 1436 778 1437 652 1437 779 1437 779 1438 652 1438 653 1438 779 1439 653 1439 780 1439 780 1440 653 1440 654 1440 780 1441 654 1441 781 1441 781 1442 654 1442 655 1442 781 1443 655 1443 782 1443 782 1444 655 1444 656 1444 782 1445 656 1445 783 1445 783 1446 656 1446 657 1446 783 1447 657 1447 784 1447 784 1448 657 1448 658 1448 784 1449 658 1449 785 1449 785 1450 658 1450 659 1450 785 1451 659 1451 786 1451 786 1452 659 1452 660 1452 786 1453 660 1453 788 1453 788 1454 660 1454 661 1454 788 1455 661 1455 789 1455 789 1456 661 1456 662 1456 789 1457 662 1457 791 1457 791 1458 662 1458 663 1458 791 1459 663 1459 870 1459 870 1460 663 1460 871 1460 871 1461 663 1461 664 1461 871 1462 664 1462 872 1462 872 1463 664 1463 665 1463 872 1464 665 1464 873 1464 873 1465 665 1465 666 1465 873 1466 666 1466 874 1466 874 1467 666 1467 667 1467 874 1468 667 1468 875 1468 875 1469 667 1469 668 1469 875 1470 668 1470 876 1470 876 1471 668 1471 669 1471 876 1472 669 1472 877 1472 877 1473 669 1473 670 1473 877 1474 670 1474 878 1474 878 1475 670 1475 671 1475 878 1476 671 1476 879 1476 879 1477 671 1477 672 1477 879 1478 672 1478 880 1478 880 1479 672 1479 673 1479 880 1480 673 1480 881 1480 881 1481 673 1481 674 1481 881 1482 674 1482 882 1482 882 1483 674 1483 675 1483 882 1484 675 1484 883 1484 883 1485 675 1485 707 1485 883 1486 707 1486 884 1486 884 1487 707 1487 709 1487 884 1488 709 1488 885 1488 885 1489 709 1489 711 1489 885 1490 711 1490 886 1490 886 1491 711 1491 713 1491 886 1492 713 1492 887 1492 887 1493 713 1493 715 1493 887 1494 715 1494 888 1494 888 1495 715 1495 717 1495 888 1496 717 1496 889 1496 889 1497 717 1497 719 1497 889 1498 719 1498 890 1498 890 1499 719 1499 721 1499 890 1500 721 1500 891 1500 891 1501 721 1501 723 1501 891 1502 723 1502 892 1502 892 1503 723 1503 725 1503 892 1504 725 1504 893 1504 893 1505 725 1505 727 1505 893 1506 727 1506 894 1506 894 1507 727 1507 729 1507 894 1508 729 1508 895 1508 895 1509 729 1509 731 1509 895 1510 731 1510 896 1510 896 1511 731 1511 733 1511 896 1512 733 1512 897 1512 897 1513 733 1513 735 1513 897 1514 735 1514 898 1514 898 1515 735 1515 737 1515 898 1516 737 1516 899 1516 899 1517 737 1517 739 1517 899 1518 739 1518 900 1518 900 1519 739 1519 741 1519 900 1520 741 1520 901 1520 901 1521 741 1521 743 1521 901 1522 743 1522 902 1522 902 1523 743 1523 745 1523 902 1524 745 1524 903 1524 903 1525 745 1525 747 1525 903 1526 747 1526 904 1526 904 1527 747 1527 905 1527 905 1528 747 1528 746 1528 905 1529 746 1529 906 1529 906 1530 746 1530 744 1530 906 1531 744 1531 907 1531 907 1532 744 1532 742 1532 907 1533 742 1533 908 1533 908 1534 742 1534 740 1534 908 1535 740 1535 909 1535 909 1536 740 1536 738 1536 909 1537 738 1537 910 1537 910 1538 738 1538 736 1538 910 1539 736 1539 911 1539 911 1540 736 1540 734 1540 911 1541 734 1541 912 1541 912 1542 734 1542 732 1542 912 1543 732 1543 913 1543 913 1544 732 1544 730 1544 913 1545 730 1545 914 1545 914 1546 730 1546 728 1546 914 1547 728 1547 915 1547 915 1548 728 1548 726 1548 915 1549 726 1549 916 1549 916 1550 726 1550 724 1550 916 1551 724 1551 917 1551 917 1552 724 1552 722 1552 917 1553 722 1553 918 1553 918 1554 722 1554 720 1554 918 1555 720 1555 919 1555 919 1556 720 1556 718 1556 919 1557 718 1557 920 1557 920 1558 718 1558 716 1558 920 1559 716 1559 921 1559 921 1560 716 1560 714 1560 921 1561 714 1561 922 1561 922 1562 714 1562 712 1562 922 1563 712 1563 923 1563 923 1564 712 1564 710 1564 923 1565 710 1565 924 1565 924 1566 710 1566 708 1566 924 1567 708 1567 925 1567 925 1568 708 1568 676 1568 925 1569 676 1569 926 1569 926 1570 676 1570 677 1570 926 1571 677 1571 927 1571 927 1572 677 1572 678 1572 927 1573 678 1573 928 1573 928 1574 678 1574 679 1574 928 1575 679 1575 929 1575 929 1576 679 1576 680 1576 929 1577 680 1577 930 1577 930 1578 680 1578 681 1578 930 1579 681 1579 931 1579 931 1580 681 1580 682 1580 931 1581 682 1581 932 1581 932 1582 682 1582 683 1582 932 1583 683 1583 933 1583 933 1584 683 1584 684 1584 933 1585 684 1585 934 1585 934 1586 684 1586 685 1586 934 1587 685 1587 935 1587 935 1588 685 1588 686 1588 935 1589 686 1589 936 1589 936 1590 686 1590 687 1590 936 1591 687 1591 937 1591 937 1592 687 1592 688 1592 937 1593 688 1593 938 1593 938 1594 688 1594 748 1594 748 1595 688 1595 689 1595 748 1596 689 1596 749 1596 749 1597 689 1597 690 1597 749 1598 690 1598 751 1598 751 1599 690 1599 691 1599 751 1600 691 1600 752 1600 752 1601 691 1601 692 1601 752 1602 692 1602 753 1602 753 1603 692 1603 693 1603 753 1604 693 1604 754 1604 754 1605 693 1605 694 1605 754 1606 694 1606 755 1606 755 1607 694 1607 695 1607 755 1608 695 1608 756 1608 756 1609 695 1609 696 1609 756 1610 696 1610 757 1610 757 1611 696 1611 697 1611 757 1612 697 1612 758 1612 758 1613 697 1613 698 1613 758 1614 698 1614 759 1614 759 1615 698 1615 699 1615 759 1616 699 1616 760 1616 760 1617 699 1617 700 1617 760 1618 700 1618 761 1618 761 1619 700 1619 701 1619 761 1620 701 1620 762 1620 762 1621 701 1621 702 1621 762 1622 702 1622 763 1622 763 1623 702 1623 703 1623 763 1624 703 1624 764 1624 764 1625 703 1625 704 1625 764 1626 704 1626 765 1626 765 1627 704 1627 705 1627 765 1628 705 1628 766 1628 766 1629 705 1629 706 1629 766 1630 706 1630 767 1630 767 1631 706 1631 644 1631 767 1632 644 1632 768 1632 768 1633 644 1633 643 1633 939 1634 938 1634 750 1634 750 1635 938 1635 748 1635 868 1636 939 1636 787 1636 787 1637 939 1637 750 1637 870 1638 871 1638 869 1638 869 1639 871 1639 872 1639 869 1640 872 1640 873 1640 873 1641 874 1641 869 1641 869 1642 874 1642 875 1642 869 1643 875 1643 940 1643 940 1644 875 1644 876 1644 940 1645 876 1645 877 1645 941 1646 849 1646 940 1646 940 1647 849 1647 848 1647 940 1648 848 1648 847 1648 931 1649 932 1649 941 1649 941 1650 932 1650 933 1650 941 1651 933 1651 939 1651 939 1652 933 1652 934 1652 939 1653 934 1653 935 1653 935 1654 936 1654 939 1654 939 1655 936 1655 937 1655 939 1656 937 1656 938 1656 868 1657 867 1657 939 1657 939 1658 867 1658 866 1658 939 1659 866 1659 865 1659 939 1660 865 1660 941 1660 941 1661 865 1661 864 1661 941 1662 864 1662 863 1662 863 1663 862 1663 941 1663 941 1664 862 1664 861 1664 941 1665 861 1665 860 1665 860 1666 859 1666 941 1666 941 1667 859 1667 858 1667 941 1668 858 1668 857 1668 857 1669 856 1669 941 1669 941 1670 856 1670 855 1670 941 1671 855 1671 854 1671 854 1672 853 1672 941 1672 941 1673 853 1673 852 1673 941 1674 852 1674 851 1674 851 1675 850 1675 941 1675 941 1676 850 1676 849 1676 847 1677 846 1677 940 1677 940 1678 846 1678 845 1678 940 1679 845 1679 844 1679 844 1680 843 1680 940 1680 940 1681 843 1681 842 1681 940 1682 842 1682 841 1682 841 1683 840 1683 940 1683 940 1684 840 1684 839 1684 940 1685 839 1685 838 1685 838 1686 837 1686 940 1686 940 1687 837 1687 836 1687 940 1688 836 1688 835 1688 835 1689 834 1689 940 1689 940 1690 834 1690 833 1690 940 1691 833 1691 869 1691 869 1692 833 1692 832 1692 869 1693 832 1693 831 1693 831 1694 830 1694 869 1694 877 1695 878 1695 942 1695 942 1696 878 1696 879 1696 942 1697 879 1697 880 1697 880 1698 881 1698 942 1698 942 1699 881 1699 882 1699 942 1700 882 1700 883 1700 883 1701 884 1701 942 1701 942 1702 884 1702 885 1702 942 1703 885 1703 886 1703 886 1704 887 1704 942 1704 942 1705 887 1705 888 1705 942 1706 888 1706 889 1706 889 1707 890 1707 942 1707 942 1708 890 1708 891 1708 942 1709 891 1709 892 1709 892 1710 893 1710 942 1710 942 1711 893 1711 894 1711 942 1712 894 1712 895 1712 895 1713 896 1713 942 1713 942 1714 896 1714 897 1714 942 1715 897 1715 898 1715 898 1716 899 1716 942 1716 942 1717 899 1717 900 1717 942 1718 900 1718 901 1718 901 1719 902 1719 942 1719 942 1720 902 1720 903 1720 942 1721 903 1721 904 1721 904 1722 905 1722 943 1722 943 1723 905 1723 906 1723 943 1724 906 1724 907 1724 907 1725 908 1725 943 1725 943 1726 908 1726 909 1726 943 1727 909 1727 910 1727 910 1728 911 1728 943 1728 943 1729 911 1729 912 1729 943 1730 912 1730 913 1730 913 1731 914 1731 943 1731 943 1732 914 1732 915 1732 943 1733 915 1733 916 1733 916 1734 917 1734 943 1734 943 1735 917 1735 918 1735 943 1736 918 1736 919 1736 919 1737 920 1737 943 1737 943 1738 920 1738 921 1738 943 1739 921 1739 922 1739 922 1740 923 1740 943 1740 943 1741 923 1741 924 1741 943 1742 924 1742 925 1742 925 1743 926 1743 943 1743 943 1744 926 1744 927 1744 943 1745 927 1745 928 1745 928 1746 929 1746 943 1746 943 1747 929 1747 930 1747 943 1748 930 1748 931 1748 943 1749 944 1749 904 1749 904 1750 944 1750 945 1750 904 1751 945 1751 942 1751 946 1752 947 1752 940 1752 940 1753 947 1753 941 1753 944 1754 948 1754 945 1754 945 1755 948 1755 949 1755 945 1756 949 1756 950 1756 951 1757 952 1757 944 1757 944 1758 952 1758 953 1758 944 1759 953 1759 954 1759 955 1760 956 1760 951 1760 951 1761 956 1761 957 1761 951 1762 957 1762 958 1762 945 1763 959 1763 955 1763 955 1764 959 1764 960 1764 955 1765 960 1765 961 1765 962 1766 963 1766 944 1766 944 1767 963 1767 964 1767 944 1768 964 1768 948 1768 948 1769 964 1769 965 1769 965 1770 964 1770 966 1770 965 1771 966 1771 967 1771 967 1772 966 1772 968 1772 967 1773 968 1773 969 1773 969 1774 968 1774 970 1774 969 1775 970 1775 971 1775 971 1776 970 1776 972 1776 971 1777 972 1777 973 1777 973 1778 972 1778 974 1778 973 1779 974 1779 975 1779 975 1780 974 1780 976 1780 975 1781 976 1781 977 1781 977 1782 976 1782 978 1782 977 1783 978 1783 979 1783 979 1784 978 1784 980 1784 979 1785 980 1785 981 1785 981 1786 980 1786 982 1786 981 1787 982 1787 983 1787 983 1788 982 1788 984 1788 983 1789 984 1789 985 1789 985 1790 984 1790 986 1790 985 1791 986 1791 987 1791 987 1792 986 1792 988 1792 987 1793 988 1793 989 1793 989 1794 988 1794 990 1794 989 1795 990 1795 991 1795 991 1796 990 1796 992 1796 991 1797 992 1797 993 1797 993 1798 992 1798 994 1798 993 1799 994 1799 995 1799 995 1800 994 1800 996 1800 995 1801 996 1801 997 1801 997 1802 996 1802 998 1802 997 1803 998 1803 999 1803 999 1804 998 1804 1000 1804 999 1805 1000 1805 1001 1805 1001 1806 1000 1806 1002 1806 1001 1807 1002 1807 1003 1807 1003 1808 1002 1808 1004 1808 1003 1809 1004 1809 1005 1809 1005 1810 1004 1810 1006 1810 1005 1811 1006 1811 1007 1811 1007 1812 1006 1812 956 1812 1007 1813 956 1813 955 1813 958 1814 1008 1814 951 1814 951 1815 1008 1815 1009 1815 951 1816 1009 1816 1010 1816 1010 1817 1011 1817 951 1817 951 1818 1011 1818 1012 1818 951 1819 1012 1819 1013 1819 1013 1820 1014 1820 951 1820 951 1821 1014 1821 1015 1821 951 1822 1015 1822 1016 1822 1016 1823 1017 1823 951 1823 951 1824 1017 1824 952 1824 954 1825 1018 1825 944 1825 944 1826 1018 1826 1019 1826 944 1827 1019 1827 1020 1827 1020 1828 1021 1828 944 1828 944 1829 1021 1829 1022 1829 944 1830 1022 1830 1023 1830 1023 1831 1024 1831 944 1831 944 1832 1024 1832 1025 1832 944 1833 1025 1833 962 1833 950 1834 1026 1834 945 1834 945 1835 1026 1835 1027 1835 945 1836 1027 1836 1028 1836 1028 1837 1029 1837 945 1837 945 1838 1029 1838 1030 1838 945 1839 1030 1839 1031 1839 1031 1840 1032 1840 945 1840 945 1841 1032 1841 1033 1841 945 1842 1033 1842 1034 1842 1034 1843 1035 1843 945 1843 945 1844 1035 1844 959 1844 961 1845 1036 1845 955 1845 955 1846 1036 1846 1037 1846 955 1847 1037 1847 1038 1847 1038 1848 1039 1848 955 1848 955 1849 1039 1849 1040 1849 955 1850 1040 1850 1041 1850 1041 1851 1042 1851 955 1851 955 1852 1042 1852 1043 1852 955 1853 1043 1853 1044 1853 1044 1854 1045 1854 955 1854 955 1855 1045 1855 1007 1855 946 1856 1046 1856 947 1856 947 1857 1046 1857 1047 1857 947 1858 1047 1858 1048 1858 1049 1859 1050 1859 946 1859 946 1860 1050 1860 1051 1860 946 1861 1051 1861 1052 1861 1053 1862 1054 1862 1049 1862 1049 1863 1054 1863 1055 1863 1049 1864 1055 1864 1056 1864 947 1865 1057 1865 1053 1865 1053 1866 1057 1866 1058 1866 1053 1867 1058 1867 1059 1867 1056 1868 1060 1868 1049 1868 1049 1869 1060 1869 1061 1869 1049 1870 1061 1870 1062 1870 1062 1871 1063 1871 1049 1871 1049 1872 1063 1872 1064 1872 1049 1873 1064 1873 1065 1873 1065 1874 1066 1874 1049 1874 1049 1875 1066 1875 1067 1875 1049 1876 1067 1876 1068 1876 1068 1877 1069 1877 1049 1877 1049 1878 1069 1878 1050 1878 1052 1879 1070 1879 946 1879 946 1880 1070 1880 1071 1880 946 1881 1071 1881 1072 1881 1072 1882 1073 1882 946 1882 946 1883 1073 1883 1074 1883 946 1884 1074 1884 1075 1884 1075 1885 1076 1885 946 1885 946 1886 1076 1886 1077 1886 946 1887 1077 1887 1078 1887 1078 1888 1079 1888 946 1888 946 1889 1079 1889 1080 1889 946 1890 1080 1890 1046 1890 1046 1891 1080 1891 1081 1891 1081 1892 1080 1892 1082 1892 1081 1893 1082 1893 1083 1893 1083 1894 1082 1894 1084 1894 1083 1895 1084 1895 1085 1895 1085 1896 1084 1896 1086 1896 1085 1897 1086 1897 1087 1897 1087 1898 1086 1898 1088 1898 1087 1899 1088 1899 1089 1899 1089 1900 1088 1900 1090 1900 1089 1901 1090 1901 1091 1901 1091 1902 1090 1902 1092 1902 1091 1903 1092 1903 1093 1903 1093 1904 1092 1904 1094 1904 1093 1905 1094 1905 1095 1905 1095 1906 1094 1906 1096 1906 1095 1907 1096 1907 1097 1907 1097 1908 1096 1908 1098 1908 1097 1909 1098 1909 1099 1909 1099 1910 1098 1910 1100 1910 1099 1911 1100 1911 1101 1911 1101 1912 1100 1912 1102 1912 1101 1913 1102 1913 1103 1913 1103 1914 1102 1914 1104 1914 1103 1915 1104 1915 1105 1915 1105 1916 1104 1916 1106 1916 1105 1917 1106 1917 1107 1917 1107 1918 1106 1918 1108 1918 1107 1919 1108 1919 1109 1919 1109 1920 1108 1920 1110 1920 1109 1921 1110 1921 1111 1921 1111 1922 1110 1922 1112 1922 1111 1923 1112 1923 1113 1923 1113 1924 1112 1924 1114 1924 1113 1925 1114 1925 1115 1925 1115 1926 1114 1926 1116 1926 1115 1927 1116 1927 1117 1927 1117 1928 1116 1928 1118 1928 1117 1929 1118 1929 1119 1929 1119 1930 1118 1930 1120 1930 1119 1931 1120 1931 1121 1931 1121 1932 1120 1932 1122 1932 1121 1933 1122 1933 1123 1933 1123 1934 1122 1934 1054 1934 1123 1935 1054 1935 1053 1935 1124 1936 1125 1936 1053 1936 1053 1937 1125 1937 1123 1937 1048 1938 1126 1938 947 1938 947 1939 1126 1939 1127 1939 947 1940 1127 1940 1128 1940 1128 1941 1129 1941 947 1941 947 1942 1129 1942 1130 1942 947 1943 1130 1943 1131 1943 1131 1944 1132 1944 947 1944 947 1945 1132 1945 1133 1945 947 1946 1133 1946 1134 1946 1134 1947 1135 1947 947 1947 947 1948 1135 1948 1057 1948 1059 1949 1136 1949 1053 1949 1053 1950 1136 1950 1137 1950 1053 1951 1137 1951 1138 1951 1138 1952 1139 1952 1053 1952 1053 1953 1139 1953 1140 1953 1053 1954 1140 1954 1141 1954 1141 1955 1142 1955 1053 1955 1053 1956 1142 1956 1143 1956 1053 1957 1143 1957 1124 1957 1144 1958 1145 1958 1146 1958 1146 1959 1145 1959 1147 1959 1146 1960 1147 1960 1148 1960 1149 1961 1150 1961 1144 1961 1144 1962 1150 1962 1151 1962 1144 1963 1151 1963 1152 1963 1153 1964 1154 1964 1149 1964 1149 1965 1154 1965 1155 1965 1149 1966 1155 1966 1156 1966 1146 1967 1157 1967 1153 1967 1153 1968 1157 1968 1158 1968 1153 1969 1158 1969 1159 1969 1156 1970 1160 1970 1149 1970 1149 1971 1160 1971 1161 1971 1149 1972 1161 1972 1162 1972 1162 1973 1163 1973 1149 1973 1149 1974 1163 1974 1164 1974 1149 1975 1164 1975 1165 1975 1165 1976 1166 1976 1149 1976 1149 1977 1166 1977 1167 1977 1149 1978 1167 1978 1168 1978 1168 1979 1169 1979 1149 1979 1149 1980 1169 1980 1150 1980 1152 1981 1170 1981 1144 1981 1144 1982 1170 1982 1171 1982 1144 1983 1171 1983 1172 1983 1172 1984 1173 1984 1144 1984 1144 1985 1173 1985 1174 1985 1144 1986 1174 1986 1175 1986 1175 1987 1176 1987 1144 1987 1144 1988 1176 1988 1177 1988 1144 1989 1177 1989 1178 1989 1178 1990 1179 1990 1144 1990 1144 1991 1179 1991 1180 1991 1144 1992 1180 1992 1145 1992 1145 1993 1180 1993 1181 1993 1181 1994 1180 1994 1182 1994 1181 1995 1182 1995 1183 1995 1183 1996 1182 1996 1184 1996 1183 1997 1184 1997 1185 1997 1185 1998 1184 1998 1186 1998 1185 1999 1186 1999 1187 1999 1187 2000 1186 2000 1188 2000 1187 2001 1188 2001 1189 2001 1189 2002 1188 2002 1190 2002 1189 2003 1190 2003 1191 2003 1191 2004 1190 2004 1192 2004 1191 2005 1192 2005 1193 2005 1193 2006 1192 2006 1194 2006 1193 2007 1194 2007 1195 2007 1195 2008 1194 2008 1196 2008 1195 2009 1196 2009 1197 2009 1197 2010 1196 2010 1198 2010 1197 2011 1198 2011 1199 2011 1199 2012 1198 2012 1200 2012 1199 2013 1200 2013 1201 2013 1201 2014 1200 2014 1202 2014 1201 2015 1202 2015 1203 2015 1203 2016 1202 2016 1204 2016 1203 2017 1204 2017 1205 2017 1205 2018 1204 2018 1206 2018 1205 2019 1206 2019 1207 2019 1207 2020 1206 2020 1208 2020 1207 2021 1208 2021 1209 2021 1209 2022 1208 2022 1210 2022 1209 2023 1210 2023 1211 2023 1211 2024 1210 2024 1212 2024 1211 2025 1212 2025 1213 2025 1213 2026 1212 2026 1214 2026 1213 2027 1214 2027 1215 2027 1215 2028 1214 2028 1216 2028 1215 2029 1216 2029 1217 2029 1217 2030 1216 2030 1218 2030 1217 2031 1218 2031 1219 2031 1219 2032 1218 2032 1220 2032 1219 2033 1220 2033 1221 2033 1221 2034 1220 2034 1222 2034 1221 2035 1222 2035 1223 2035 1223 2036 1222 2036 1154 2036 1223 2037 1154 2037 1153 2037 1224 2038 1225 2038 1153 2038 1153 2039 1225 2039 1223 2039 1148 2040 1226 2040 1146 2040 1146 2041 1226 2041 1227 2041 1146 2042 1227 2042 1228 2042 1228 2043 1229 2043 1146 2043 1146 2044 1229 2044 1230 2044 1146 2045 1230 2045 1231 2045 1231 2046 1232 2046 1146 2046 1146 2047 1232 2047 1233 2047 1146 2048 1233 2048 1234 2048 1234 2049 1235 2049 1146 2049 1146 2050 1235 2050 1157 2050 1159 2051 1236 2051 1153 2051 1153 2052 1236 2052 1237 2052 1153 2053 1237 2053 1238 2053 1238 2054 1239 2054 1153 2054 1153 2055 1239 2055 1240 2055 1153 2056 1240 2056 1241 2056 1241 2057 1242 2057 1153 2057 1153 2058 1242 2058 1243 2058 1153 2059 1243 2059 1224 2059 1244 2060 1245 2060 1246 2060 1246 2061 1245 2061 1247 2061 1246 2062 1247 2062 1248 2062 1249 2063 1250 2063 1244 2063 1244 2064 1250 2064 1251 2064 1244 2065 1251 2065 1252 2065 1253 2066 1254 2066 1249 2066 1249 2067 1254 2067 1255 2067 1249 2068 1255 2068 1256 2068 1246 2069 1257 2069 1253 2069 1253 2070 1257 2070 1258 2070 1253 2071 1258 2071 1259 2071 1260 2072 1261 2072 1244 2072 1244 2073 1261 2073 1262 2073 1244 2074 1262 2074 1245 2074 1245 2075 1262 2075 1263 2075 1263 2076 1262 2076 1264 2076 1263 2077 1264 2077 1265 2077 1265 2078 1264 2078 1266 2078 1265 2079 1266 2079 1267 2079 1267 2080 1266 2080 1268 2080 1267 2081 1268 2081 1269 2081 1269 2082 1268 2082 1270 2082 1269 2083 1270 2083 1271 2083 1271 2084 1270 2084 1272 2084 1271 2085 1272 2085 1273 2085 1273 2086 1272 2086 1274 2086 1273 2087 1274 2087 1275 2087 1275 2088 1274 2088 1276 2088 1275 2089 1276 2089 1277 2089 1277 2090 1276 2090 1278 2090 1277 2091 1278 2091 1279 2091 1279 2092 1278 2092 1280 2092 1279 2093 1280 2093 1281 2093 1281 2094 1280 2094 1282 2094 1281 2095 1282 2095 1283 2095 1283 2096 1282 2096 1284 2096 1283 2097 1284 2097 1285 2097 1285 2098 1284 2098 1286 2098 1285 2099 1286 2099 1287 2099 1287 2100 1286 2100 1288 2100 1287 2101 1288 2101 1289 2101 1289 2102 1288 2102 1290 2102 1289 2103 1290 2103 1291 2103 1291 2104 1290 2104 1292 2104 1291 2105 1292 2105 1293 2105 1293 2106 1292 2106 1294 2106 1293 2107 1294 2107 1295 2107 1295 2108 1294 2108 1296 2108 1295 2109 1296 2109 1297 2109 1297 2110 1296 2110 1298 2110 1297 2111 1298 2111 1299 2111 1299 2112 1298 2112 1300 2112 1299 2113 1300 2113 1301 2113 1301 2114 1300 2114 1302 2114 1301 2115 1302 2115 1303 2115 1303 2116 1302 2116 1304 2116 1303 2117 1304 2117 1305 2117 1305 2118 1304 2118 1254 2118 1305 2119 1254 2119 1253 2119 1256 2120 1306 2120 1249 2120 1249 2121 1306 2121 1307 2121 1249 2122 1307 2122 1308 2122 1308 2123 1309 2123 1249 2123 1249 2124 1309 2124 1310 2124 1249 2125 1310 2125 1311 2125 1311 2126 1312 2126 1249 2126 1249 2127 1312 2127 1313 2127 1249 2128 1313 2128 1314 2128 1314 2129 1315 2129 1249 2129 1249 2130 1315 2130 1250 2130 1252 2131 1316 2131 1244 2131 1244 2132 1316 2132 1317 2132 1244 2133 1317 2133 1318 2133 1318 2134 1319 2134 1244 2134 1244 2135 1319 2135 1320 2135 1244 2136 1320 2136 1321 2136 1321 2137 1322 2137 1244 2137 1244 2138 1322 2138 1323 2138 1244 2139 1323 2139 1260 2139 1248 2140 1324 2140 1246 2140 1246 2141 1324 2141 1325 2141 1246 2142 1325 2142 1326 2142 1326 2143 1327 2143 1246 2143 1246 2144 1327 2144 1328 2144 1246 2145 1328 2145 1329 2145 1329 2146 1330 2146 1246 2146 1246 2147 1330 2147 1331 2147 1246 2148 1331 2148 1332 2148 1332 2149 1333 2149 1246 2149 1246 2150 1333 2150 1257 2150 1259 2151 1334 2151 1253 2151 1253 2152 1334 2152 1335 2152 1253 2153 1335 2153 1336 2153 1336 2154 1337 2154 1253 2154 1253 2155 1337 2155 1338 2155 1253 2156 1338 2156 1339 2156 1339 2157 1340 2157 1253 2157 1253 2158 1340 2158 1341 2158 1253 2159 1341 2159 1342 2159 1342 2160 1343 2160 1253 2160 1253 2161 1343 2161 1305 2161 962 2162 1248 2162 963 2162 963 2163 1248 2163 1247 2163 963 2164 1247 2164 964 2164 964 2165 1247 2165 1245 2165 964 2166 1245 2166 966 2166 966 2167 1245 2167 1263 2167 966 2168 1263 2168 968 2168 968 2169 1263 2169 1265 2169 968 2170 1265 2170 970 2170 970 2171 1265 2171 1267 2171 970 2172 1267 2172 972 2172 972 2173 1267 2173 1269 2173 972 2174 1269 2174 974 2174 974 2175 1269 2175 1271 2175 974 2176 1271 2176 976 2176 976 2177 1271 2177 1273 2177 976 2178 1273 2178 978 2178 978 2179 1273 2179 1275 2179 978 2180 1275 2180 980 2180 980 2181 1275 2181 1277 2181 980 2182 1277 2182 982 2182 982 2183 1277 2183 1279 2183 982 2184 1279 2184 984 2184 984 2185 1279 2185 1281 2185 984 2186 1281 2186 986 2186 986 2187 1281 2187 1283 2187 986 2188 1283 2188 988 2188 988 2189 1283 2189 1285 2189 988 2190 1285 2190 990 2190 990 2191 1285 2191 1287 2191 990 2192 1287 2192 992 2192 992 2193 1287 2193 1289 2193 992 2194 1289 2194 994 2194 994 2195 1289 2195 1291 2195 994 2196 1291 2196 996 2196 996 2197 1291 2197 1293 2197 996 2198 1293 2198 998 2198 998 2199 1293 2199 1295 2199 998 2200 1295 2200 1000 2200 1000 2201 1295 2201 1297 2201 1000 2202 1297 2202 1002 2202 1002 2203 1297 2203 1299 2203 1002 2204 1299 2204 1004 2204 1004 2205 1299 2205 1301 2205 1004 2206 1301 2206 1006 2206 1006 2207 1301 2207 1303 2207 1006 2208 1303 2208 956 2208 956 2209 1303 2209 1305 2209 956 2210 1305 2210 957 2210 957 2211 1305 2211 1343 2211 957 2212 1343 2212 958 2212 958 2213 1343 2213 1342 2213 958 2214 1342 2214 1008 2214 1008 2215 1342 2215 1341 2215 1008 2216 1341 2216 1009 2216 1009 2217 1341 2217 1340 2217 1009 2218 1340 2218 1010 2218 1010 2219 1340 2219 1339 2219 1010 2220 1339 2220 1011 2220 1011 2221 1339 2221 1338 2221 1011 2222 1338 2222 1012 2222 1012 2223 1338 2223 1337 2223 1012 2224 1337 2224 1013 2224 1013 2225 1337 2225 1336 2225 1013 2226 1336 2226 1014 2226 1014 2227 1336 2227 1335 2227 1014 2228 1335 2228 1015 2228 1015 2229 1335 2229 1334 2229 1015 2230 1334 2230 1016 2230 1016 2231 1334 2231 1259 2231 1016 2232 1259 2232 1017 2232 1017 2233 1259 2233 1258 2233 1017 2234 1258 2234 952 2234 952 2235 1258 2235 1257 2235 952 2236 1257 2236 953 2236 953 2237 1257 2237 1333 2237 953 2238 1333 2238 954 2238 954 2239 1333 2239 1332 2239 954 2240 1332 2240 1018 2240 1018 2241 1332 2241 1331 2241 1018 2242 1331 2242 1019 2242 1019 2243 1331 2243 1330 2243 1019 2244 1330 2244 1020 2244 1020 2245 1330 2245 1329 2245 1020 2246 1329 2246 1021 2246 1021 2247 1329 2247 1328 2247 1021 2248 1328 2248 1022 2248 1022 2249 1328 2249 1327 2249 1022 2250 1327 2250 1023 2250 1023 2251 1327 2251 1326 2251 1023 2252 1326 2252 1024 2252 1024 2253 1326 2253 1325 2253 1024 2254 1325 2254 1025 2254 1025 2255 1325 2255 1324 2255 1025 2256 1324 2256 962 2256 962 2257 1324 2257 1248 2257 948 2258 1262 2258 949 2258 949 2259 1262 2259 1261 2259 949 2260 1261 2260 950 2260 950 2261 1261 2261 1260 2261 950 2166 1260 2166 1026 2166 1026 2262 1260 2262 1323 2262 1026 2263 1323 2263 1027 2263 1027 2264 1323 2264 1322 2264 1027 2265 1322 2265 1028 2265 1028 2266 1322 2266 1321 2266 1028 2267 1321 2267 1029 2267 1029 2268 1321 2268 1320 2268 1029 2269 1320 2269 1030 2269 1030 2270 1320 2270 1319 2270 1030 2271 1319 2271 1031 2271 1031 2272 1319 2272 1318 2272 1031 2273 1318 2273 1032 2273 1032 2274 1318 2274 1317 2274 1032 2275 1317 2275 1033 2275 1033 2276 1317 2276 1316 2276 1033 2277 1316 2277 1034 2277 1034 2278 1316 2278 1252 2278 1034 2279 1252 2279 1035 2279 1035 2280 1252 2280 1251 2280 1035 2281 1251 2281 959 2281 959 2282 1251 2282 1250 2282 959 2283 1250 2283 960 2283 960 2284 1250 2284 1315 2284 960 2285 1315 2285 961 2285 961 2286 1315 2286 1314 2286 961 2287 1314 2287 1036 2287 1036 2288 1314 2288 1313 2288 1036 2289 1313 2289 1037 2289 1037 2290 1313 2290 1312 2290 1037 2291 1312 2291 1038 2291 1038 2292 1312 2292 1311 2292 1038 2293 1311 2293 1039 2293 1039 2294 1311 2294 1310 2294 1039 2295 1310 2295 1040 2295 1040 2296 1310 2296 1309 2296 1040 2297 1309 2297 1041 2297 1041 2298 1309 2298 1308 2298 1041 2299 1308 2299 1042 2299 1042 2300 1308 2300 1307 2300 1042 2301 1307 2301 1043 2301 1043 2302 1307 2302 1306 2302 1043 2208 1306 2208 1044 2208 1044 2303 1306 2303 1256 2303 1044 2304 1256 2304 1045 2304 1045 2305 1256 2305 1255 2305 1045 2212 1255 2212 1007 2212 1007 2306 1255 2306 1254 2306 1007 2307 1254 2307 1005 2307 1005 2308 1254 2308 1304 2308 1005 2309 1304 2309 1003 2309 1003 2310 1304 2310 1302 2310 1003 2311 1302 2311 1001 2311 1001 2312 1302 2312 1300 2312 1001 2313 1300 2313 999 2313 999 2314 1300 2314 1298 2314 999 2315 1298 2315 997 2315 997 2316 1298 2316 1296 2316 997 2317 1296 2317 995 2317 995 2318 1296 2318 1294 2318 995 2319 1294 2319 993 2319 993 2320 1294 2320 1292 2320 993 2321 1292 2321 991 2321 991 2322 1292 2322 1290 2322 991 2230 1290 2230 989 2230 989 2323 1290 2323 1288 2323 989 2324 1288 2324 987 2324 987 2325 1288 2325 1286 2325 987 2326 1286 2326 985 2326 985 2327 1286 2327 1284 2327 985 2328 1284 2328 983 2328 983 2329 1284 2329 1282 2329 983 2330 1282 2330 981 2330 981 2331 1282 2331 1280 2331 981 2332 1280 2332 979 2332 979 2333 1280 2333 1278 2333 979 2334 1278 2334 977 2334 977 2335 1278 2335 1276 2335 977 2336 1276 2336 975 2336 975 2337 1276 2337 1274 2337 975 2338 1274 2338 973 2338 973 2339 1274 2339 1272 2339 973 2340 1272 2340 971 2340 971 2341 1272 2341 1270 2341 971 2342 1270 2342 969 2342 969 2343 1270 2343 1268 2343 969 2344 1268 2344 967 2344 967 2345 1268 2345 1266 2345 967 2346 1266 2346 965 2346 965 2347 1266 2347 1264 2347 965 2348 1264 2348 948 2348 948 2349 1264 2349 1262 2349 1124 2350 1156 2350 1125 2350 1125 2351 1156 2351 1155 2351 1125 2352 1155 2352 1123 2352 1123 2353 1155 2353 1154 2353 1123 2354 1154 2354 1121 2354 1121 2355 1154 2355 1222 2355 1121 2356 1222 2356 1119 2356 1119 2357 1222 2357 1220 2357 1119 2358 1220 2358 1117 2358 1117 2359 1220 2359 1218 2359 1117 2360 1218 2360 1115 2360 1115 2361 1218 2361 1216 2361 1115 2362 1216 2362 1113 2362 1113 2363 1216 2363 1214 2363 1113 2364 1214 2364 1111 2364 1111 2365 1214 2365 1212 2365 1111 2366 1212 2366 1109 2366 1109 2367 1212 2367 1210 2367 1109 2368 1210 2368 1107 2368 1107 2369 1210 2369 1208 2369 1107 2370 1208 2370 1105 2370 1105 2371 1208 2371 1206 2371 1105 2372 1206 2372 1103 2372 1103 2373 1206 2373 1204 2373 1103 2374 1204 2374 1101 2374 1101 2375 1204 2375 1202 2375 1101 2376 1202 2376 1099 2376 1099 2377 1202 2377 1200 2377 1099 2378 1200 2378 1097 2378 1097 2379 1200 2379 1198 2379 1097 2380 1198 2380 1095 2380 1095 2381 1198 2381 1196 2381 1095 2382 1196 2382 1093 2382 1093 2383 1196 2383 1194 2383 1093 2384 1194 2384 1091 2384 1091 2385 1194 2385 1192 2385 1091 2386 1192 2386 1089 2386 1089 2387 1192 2387 1190 2387 1089 2388 1190 2388 1087 2388 1087 2389 1190 2389 1188 2389 1087 2390 1188 2390 1085 2390 1085 2391 1188 2391 1186 2391 1085 2392 1186 2392 1083 2392 1083 2393 1186 2393 1184 2393 1083 2394 1184 2394 1081 2394 1081 2395 1184 2395 1182 2395 1081 2396 1182 2396 1046 2396 1046 2397 1182 2397 1180 2397 1046 2398 1180 2398 1047 2398 1047 2399 1180 2399 1179 2399 1047 2400 1179 2400 1048 2400 1048 2401 1179 2401 1178 2401 1048 2402 1178 2402 1126 2402 1126 2403 1178 2403 1177 2403 1126 2404 1177 2404 1127 2404 1127 2405 1177 2405 1176 2405 1127 2406 1176 2406 1128 2406 1128 2407 1176 2407 1175 2407 1128 2408 1175 2408 1129 2408 1129 2409 1175 2409 1174 2409 1129 2410 1174 2410 1130 2410 1130 2411 1174 2411 1173 2411 1130 2412 1173 2412 1131 2412 1131 2413 1173 2413 1172 2413 1131 2414 1172 2414 1132 2414 1132 2415 1172 2415 1171 2415 1132 2416 1171 2416 1133 2416 1133 2417 1171 2417 1170 2417 1133 2418 1170 2418 1134 2418 1134 2419 1170 2419 1152 2419 1134 2420 1152 2420 1135 2420 1135 2421 1152 2421 1151 2421 1135 2422 1151 2422 1057 2422 1057 2423 1151 2423 1150 2423 1057 2424 1150 2424 1058 2424 1058 2425 1150 2425 1169 2425 1058 2426 1169 2426 1059 2426 1059 2427 1169 2427 1168 2427 1059 2428 1168 2428 1136 2428 1136 2429 1168 2429 1167 2429 1136 2430 1167 2430 1137 2430 1137 2431 1167 2431 1166 2431 1137 2432 1166 2432 1138 2432 1138 2433 1166 2433 1165 2433 1138 2434 1165 2434 1139 2434 1139 2435 1165 2435 1164 2435 1139 2436 1164 2436 1140 2436 1140 2437 1164 2437 1163 2437 1140 2438 1163 2438 1141 2438 1141 2439 1163 2439 1162 2439 1141 2440 1162 2440 1142 2440 1142 2441 1162 2441 1161 2441 1142 2442 1161 2442 1143 2442 1143 2443 1161 2443 1160 2443 1143 2444 1160 2444 1124 2444 1124 2445 1160 2445 1156 2445 1054 2446 1223 2446 1055 2446 1055 2447 1223 2447 1225 2447 1055 2448 1225 2448 1056 2448 1056 2449 1225 2449 1224 2449 1056 2450 1224 2450 1060 2450 1060 2451 1224 2451 1243 2451 1060 2452 1243 2452 1061 2452 1061 2453 1243 2453 1242 2453 1061 2454 1242 2454 1062 2454 1062 2455 1242 2455 1241 2455 1062 2456 1241 2456 1063 2456 1063 2457 1241 2457 1240 2457 1063 2458 1240 2458 1064 2458 1064 2459 1240 2459 1239 2459 1064 2460 1239 2460 1065 2460 1065 2461 1239 2461 1238 2461 1065 2462 1238 2462 1066 2462 1066 2463 1238 2463 1237 2463 1066 2464 1237 2464 1067 2464 1067 2465 1237 2465 1236 2465 1067 2466 1236 2466 1068 2466 1068 2467 1236 2467 1159 2467 1068 2468 1159 2468 1069 2468 1069 2469 1159 2469 1158 2469 1069 2470 1158 2470 1050 2470 1050 2471 1158 2471 1157 2471 1050 2472 1157 2472 1051 2472 1051 2473 1157 2473 1235 2473 1051 2474 1235 2474 1052 2474 1052 2475 1235 2475 1234 2475 1052 2476 1234 2476 1070 2476 1070 2477 1234 2477 1233 2477 1070 2478 1233 2478 1071 2478 1071 2479 1233 2479 1232 2479 1071 2480 1232 2480 1072 2480 1072 2481 1232 2481 1231 2481 1072 2482 1231 2482 1073 2482 1073 2483 1231 2483 1230 2483 1073 2484 1230 2484 1074 2484 1074 2485 1230 2485 1229 2485 1074 2486 1229 2486 1075 2486 1075 2487 1229 2487 1228 2487 1075 2488 1228 2488 1076 2488 1076 2489 1228 2489 1227 2489 1076 2490 1227 2490 1077 2490 1077 2491 1227 2491 1226 2491 1077 2492 1226 2492 1078 2492 1078 2493 1226 2493 1148 2493 1078 2494 1148 2494 1079 2494 1079 2495 1148 2495 1147 2495 1079 2496 1147 2496 1080 2496 1080 2497 1147 2497 1145 2497 1080 2498 1145 2498 1082 2498 1082 2499 1145 2499 1181 2499 1082 2500 1181 2500 1084 2500 1084 2501 1181 2501 1183 2501 1084 2502 1183 2502 1086 2502 1086 2503 1183 2503 1185 2503 1086 2504 1185 2504 1088 2504 1088 2505 1185 2505 1187 2505 1088 2506 1187 2506 1090 2506 1090 2507 1187 2507 1189 2507 1090 2508 1189 2508 1092 2508 1092 2509 1189 2509 1191 2509 1092 2510 1191 2510 1094 2510 1094 2511 1191 2511 1193 2511 1094 2512 1193 2512 1096 2512 1096 2513 1193 2513 1195 2513 1096 2418 1195 2418 1098 2418 1098 2514 1195 2514 1197 2514 1098 2324 1197 2324 1100 2324 1100 2515 1197 2515 1199 2515 1100 2516 1199 2516 1102 2516 1102 2517 1199 2517 1201 2517 1102 2518 1201 2518 1104 2518 1104 2519 1201 2519 1203 2519 1104 2520 1203 2520 1106 2520 1106 2521 1203 2521 1205 2521 1106 2522 1205 2522 1108 2522 1108 2523 1205 2523 1207 2523 1108 2524 1207 2524 1110 2524 1110 2525 1207 2525 1209 2525 1110 2526 1209 2526 1112 2526 1112 2527 1209 2527 1211 2527 1112 2528 1211 2528 1114 2528 1114 2529 1211 2529 1213 2529 1114 2530 1213 2530 1116 2530 1116 2531 1213 2531 1215 2531 1116 2532 1215 2532 1118 2532 1118 2533 1215 2533 1217 2533 1118 2534 1217 2534 1120 2534 1120 2535 1217 2535 1219 2535 1120 2536 1219 2536 1122 2536 1122 2537 1219 2537 1221 2537 1122 2538 1221 2538 1054 2538 1054 2539 1221 2539 1223 2539 1153 2540 1149 2540 1049 2540 1049 2541 1149 2541 1053 2541 1253 2542 1249 2542 951 2542 951 2543 1249 2543 955 2543 1344 2544 1345 2544 1246 2544 1246 2545 1345 2545 1244 2545 1346 2546 1344 2546 1144 2546 1144 2547 1344 2547 1246 2547 1144 2548 1246 2548 931 2548 931 2549 1246 2549 944 2549 931 2550 944 2550 943 2550 1246 2551 1253 2551 944 2551 944 2552 1253 2552 951 2552 941 2553 947 2553 931 2553 931 2554 947 2554 1144 2554 947 2555 1053 2555 1144 2555 1144 2556 1053 2556 1149 2556 1347 2557 1346 2557 1146 2557 1146 2558 1346 2558 1144 2558 1345 2559 1347 2559 1244 2559 1244 2560 1347 2560 1146 2560 1244 2561 1146 2561 877 2561 877 2562 1146 2562 946 2562 877 2563 946 2563 940 2563 1146 2564 1153 2564 946 2564 946 2565 1153 2565 1049 2565 942 2566 945 2566 877 2566 877 2567 945 2567 1244 2567 945 2568 955 2568 1244 2568 1244 2569 955 2569 1249 2569 1345 2570 1344 2570 1347 2570 1347 2571 1344 2571 1346 2571 1348 2572 1349 2572 1350 2572 1350 2573 1349 2573 1351 2573 1350 2574 1351 2574 1352 2574 1352 2575 1351 2575 1353 2575 1352 2576 1353 2576 1354 2576 1354 2577 1353 2577 1355 2577 1354 2578 1355 2578 1356 2578 1356 2579 1355 2579 1357 2579 1356 2580 1357 2580 1358 2580 1358 2581 1357 2581 1359 2581 1358 2582 1359 2582 1360 2582 1360 2583 1359 2583 1361 2583 1360 2584 1361 2584 1362 2584 1362 2585 1361 2585 1363 2585 1362 2586 1363 2586 1364 2586 1364 2587 1363 2587 1365 2587 1364 2588 1365 2588 1366 2588 1366 2589 1365 2589 1367 2589 1366 2590 1367 2590 1368 2590 1368 2591 1367 2591 1369 2591 1368 2592 1369 2592 1370 2592 1370 2593 1369 2593 1371 2593 1370 2594 1371 2594 1372 2594 1372 2595 1371 2595 1373 2595 1372 2596 1373 2596 1374 2596 1374 2597 1373 2597 1375 2597 1374 2598 1375 2598 1376 2598 1376 2599 1375 2599 1377 2599 1376 2600 1377 2600 1378 2600 1378 2601 1377 2601 1379 2601 1378 2602 1379 2602 1380 2602 1380 2603 1379 2603 1381 2603 1380 2604 1381 2604 1382 2604 1382 2605 1381 2605 1383 2605 1382 2606 1383 2606 1384 2606 1384 2607 1383 2607 1385 2607 1384 2608 1385 2608 1386 2608 1386 2609 1385 2609 1387 2609 1386 2610 1387 2610 1388 2610 1388 2611 1387 2611 1389 2611 1388 2612 1389 2612 1390 2612 1390 2613 1389 2613 1391 2613 1390 2614 1391 2614 1392 2614 1392 2615 1391 2615 1393 2615 1392 2616 1393 2616 1394 2616 1394 2617 1393 2617 1395 2617 1394 2618 1395 2618 1396 2618 1396 2619 1395 2619 1397 2619 1396 2620 1397 2620 1398 2620 1398 2621 1397 2621 1399 2621 1398 2622 1399 2622 1400 2622 1400 2623 1399 2623 1401 2623 1400 2624 1401 2624 1402 2624 1402 2625 1401 2625 1403 2625 1402 2626 1403 2626 1404 2626 1404 2627 1403 2627 1405 2627 1404 2628 1405 2628 1406 2628 1406 2629 1405 2629 1407 2629 1406 2630 1407 2630 1408 2630 1408 2631 1407 2631 1409 2631 1408 2632 1409 2632 1410 2632 1410 2633 1409 2633 1411 2633 1410 2634 1411 2634 1412 2634 1412 2635 1411 2635 1413 2635 1412 2636 1413 2636 1414 2636 1414 2637 1413 2637 1415 2637 1414 2638 1415 2638 1416 2638 1416 2639 1415 2639 1417 2639 1416 2640 1417 2640 1418 2640 1418 2641 1417 2641 1419 2641 1418 2642 1419 2642 1420 2642 1420 2643 1419 2643 1421 2643 1420 2644 1421 2644 1422 2644 1422 2645 1421 2645 1423 2645 1422 2646 1423 2646 1424 2646 1424 2647 1423 2647 1425 2647 1424 2648 1425 2648 1426 2648 1426 2649 1425 2649 1427 2649 1426 2650 1427 2650 1428 2650 1428 2651 1427 2651 1429 2651 1428 2652 1429 2652 1430 2652 1430 2653 1429 2653 1431 2653 1430 957 1431 957 1432 957 1432 2654 1431 2654 1433 2654 1432 2655 1433 2655 1434 2655 1434 2656 1433 2656 1435 2656 1434 2657 1435 2657 1436 2657 1436 2658 1435 2658 1437 2658 1436 2659 1437 2659 1438 2659 1438 2660 1437 2660 1439 2660 1438 2661 1439 2661 1440 2661 1440 2662 1439 2662 1441 2662 1440 2663 1441 2663 1442 2663 1442 2664 1441 2664 1443 2664 1442 2665 1443 2665 1444 2665 1444 2666 1443 2666 1445 2666 1444 2667 1445 2667 1446 2667 1446 2668 1445 2668 1447 2668 1446 2669 1447 2669 1448 2669 1448 2670 1447 2670 1449 2670 1448 2671 1449 2671 1450 2671 1450 2672 1449 2672 1451 2672 1450 2673 1451 2673 1452 2673 1452 2674 1451 2674 1453 2674 1452 2675 1453 2675 1454 2675 1454 2676 1453 2676 1455 2676 1454 2677 1455 2677 1456 2677 1456 2678 1455 2678 1457 2678 1456 2679 1457 2679 1458 2679 1458 2680 1457 2680 1459 2680 1458 2681 1459 2681 1460 2681 1460 2682 1459 2682 1461 2682 1460 2683 1461 2683 1462 2683 1462 2684 1461 2684 1463 2684 1462 2685 1463 2685 1464 2685 1464 2686 1463 2686 1465 2686 1464 2687 1465 2687 1348 2687 1348 2688 1465 2688 1349 2688 1350 2689 1352 2689 1348 2689 1348 2690 1352 2690 1464 2690 1464 2691 1352 2691 1354 2691 1464 2692 1354 2692 1462 2692 1462 2693 1354 2693 1356 2693 1462 2694 1356 2694 1460 2694 1460 2695 1356 2695 1358 2695 1460 2696 1358 2696 1458 2696 1458 2697 1358 2697 1360 2697 1458 2698 1360 2698 1456 2698 1456 2699 1360 2699 1362 2699 1456 2700 1362 2700 1454 2700 1454 2701 1362 2701 1364 2701 1454 2702 1364 2702 1452 2702 1452 2703 1364 2703 1366 2703 1452 2704 1366 2704 1450 2704 1450 2705 1366 2705 1368 2705 1450 2706 1368 2706 1448 2706 1448 2707 1368 2707 1370 2707 1448 2708 1370 2708 1446 2708 1446 2709 1370 2709 1372 2709 1446 2710 1372 2710 1444 2710 1444 2711 1372 2711 1374 2711 1444 2712 1374 2712 1442 2712 1442 2713 1374 2713 1376 2713 1442 2714 1376 2714 1440 2714 1440 2715 1376 2715 1378 2715 1440 2716 1378 2716 1438 2716 1438 2717 1378 2717 1380 2717 1438 2718 1380 2718 1436 2718 1436 2719 1380 2719 1382 2719 1436 2720 1382 2720 1434 2720 1434 2721 1382 2721 1384 2721 1434 2722 1384 2722 1432 2722 1432 2723 1384 2723 1386 2723 1432 2724 1386 2724 1430 2724 1430 2725 1386 2725 1388 2725 1430 2726 1388 2726 1428 2726 1428 2727 1388 2727 1390 2727 1428 2728 1390 2728 1426 2728 1426 2729 1390 2729 1392 2729 1426 2730 1392 2730 1424 2730 1424 2731 1392 2731 1394 2731 1424 2732 1394 2732 1422 2732 1422 2733 1394 2733 1396 2733 1422 2734 1396 2734 1420 2734 1420 2735 1396 2735 1398 2735 1420 2736 1398 2736 1418 2736 1418 2737 1398 2737 1400 2737 1418 2738 1400 2738 1416 2738 1416 2739 1400 2739 1402 2739 1416 2740 1402 2740 1414 2740 1414 2741 1402 2741 1404 2741 1414 2742 1404 2742 1412 2742 1412 2743 1404 2743 1406 2743 1412 2744 1406 2744 1410 2744 1410 2745 1406 2745 1408 2745 1349 2746 1466 2746 1351 2746 1351 2747 1466 2747 1467 2747 1351 2748 1467 2748 1468 2748 1465 2749 1469 2749 1349 2749 1349 2750 1469 2750 1470 2750 1349 2751 1470 2751 1466 2751 1469 2752 1465 2752 1471 2752 1471 2753 1465 2753 1463 2753 1471 2754 1463 2754 1472 2754 1472 2755 1463 2755 1473 2755 1473 2756 1463 2756 1461 2756 1473 2757 1461 2757 1474 2757 1474 2758 1461 2758 1475 2758 1475 2759 1461 2759 1459 2759 1475 2760 1459 2760 1476 2760 1476 2761 1459 2761 1477 2761 1477 2762 1459 2762 1457 2762 1477 2763 1457 2763 1478 2763 1478 2764 1457 2764 1479 2764 1479 2765 1457 2765 1455 2765 1479 2766 1455 2766 1480 2766 1480 2767 1455 2767 1453 2767 1480 2768 1453 2768 1481 2768 1481 2769 1453 2769 1482 2769 1482 2770 1453 2770 1451 2770 1482 2771 1451 2771 1483 2771 1483 2772 1451 2772 1484 2772 1484 2773 1451 2773 1449 2773 1484 2774 1449 2774 1485 2774 1485 2775 1449 2775 1486 2775 1486 2776 1449 2776 1447 2776 1486 2777 1447 2777 1487 2777 1487 2778 1447 2778 1488 2778 1488 2779 1447 2779 1489 2779 1489 2780 1447 2780 1490 2780 1490 2781 1447 2781 1491 2781 1491 2782 1447 2782 1492 2782 1492 2783 1447 2783 1445 2783 1492 2784 1445 2784 1443 2784 1492 2785 1443 2785 1493 2785 1493 2786 1443 2786 1441 2786 1493 2787 1441 2787 1494 2787 1494 2788 1441 2788 1439 2788 1494 2789 1439 2789 1437 2789 1494 2790 1437 2790 1495 2790 1495 2791 1437 2791 1435 2791 1495 2792 1435 2792 1433 2792 1495 2793 1433 2793 1496 2793 1496 2794 1433 2794 1431 2794 1496 2795 1431 2795 1429 2795 1496 2796 1429 2796 1497 2796 1497 2797 1429 2797 1427 2797 1497 2798 1427 2798 1425 2798 1497 2799 1425 2799 1498 2799 1498 2800 1425 2800 1423 2800 1498 2801 1423 2801 1421 2801 1421 2802 1419 2802 1498 2802 1498 2803 1419 2803 1499 2803 1499 2804 1419 2804 1417 2804 1499 2805 1417 2805 1415 2805 1415 2806 1413 2806 1499 2806 1499 2807 1413 2807 1411 2807 1499 2808 1411 2808 1409 2808 1499 2809 1409 2809 1500 2809 1500 2810 1409 2810 1407 2810 1500 2811 1407 2811 1405 2811 1405 2812 1403 2812 1500 2812 1500 2813 1403 2813 1401 2813 1500 2814 1401 2814 1399 2814 1399 2815 1397 2815 1500 2815 1500 2816 1397 2816 1395 2816 1500 2817 1395 2817 1393 2817 1393 2818 1391 2818 1500 2818 1500 2819 1391 2819 1389 2819 1500 2820 1389 2820 1387 2820 1500 2821 1387 2821 1501 2821 1501 2822 1387 2822 1385 2822 1501 2823 1385 2823 1502 2823 1502 2824 1385 2824 1383 2824 1502 2825 1383 2825 1503 2825 1503 2826 1383 2826 1504 2826 1504 2827 1383 2827 1381 2827 1504 2828 1381 2828 1505 2828 1505 2829 1381 2829 1506 2829 1506 2830 1381 2830 1379 2830 1506 2831 1379 2831 1507 2831 1507 2832 1379 2832 1508 2832 1508 2833 1379 2833 1377 2833 1508 2834 1377 2834 1509 2834 1509 2835 1377 2835 1510 2835 1510 2836 1377 2836 1375 2836 1510 2837 1375 2837 1511 2837 1511 2838 1375 2838 1373 2838 1511 2839 1373 2839 1371 2839 1371 2840 1369 2840 1511 2840 1511 2841 1369 2841 1367 2841 1511 2842 1367 2842 1365 2842 1365 2843 1363 2843 1511 2843 1511 2844 1363 2844 1361 2844 1511 2845 1361 2845 1359 2845 1359 2846 1357 2846 1511 2846 1511 2847 1357 2847 1355 2847 1511 2848 1355 2848 1353 2848 1353 2849 1351 2849 1511 2849 1511 2850 1351 2850 1512 2850 1512 2851 1351 2851 1513 2851 1513 2852 1351 2852 1514 2852 1514 2853 1351 2853 1515 2853 1515 2854 1351 2854 1516 2854 1516 2855 1351 2855 1517 2855 1517 2856 1351 2856 1518 2856 1518 2857 1351 2857 1519 2857 1519 2858 1351 2858 1520 2858 1520 2859 1351 2859 1521 2859 1521 2860 1351 2860 1522 2860 1522 2861 1351 2861 1523 2861 1523 2862 1351 2862 1524 2862 1524 2863 1351 2863 1525 2863 1525 2864 1351 2864 1526 2864 1526 2865 1351 2865 1527 2865 1527 2866 1351 2866 1528 2866 1528 2867 1351 2867 1529 2867 1529 2868 1351 2868 1530 2868 1530 2869 1351 2869 1468 2869 1499 2870 1500 2870 1531 2870 1531 2871 1500 2871 1532 2871 1531 2872 1532 2872 1533 2872 1533 2873 1532 2873 1534 2873 1533 2874 1534 2874 1535 2874 1535 2875 1534 2875 1536 2875 1535 2876 1536 2876 1537 2876 1537 2877 1536 2877 1538 2877 1537 2878 1538 2878 1539 2878 1539 2879 1538 2879 1540 2879 1539 2880 1540 2880 1541 2880 1541 2881 1540 2881 1542 2881 1541 2882 1542 2882 1543 2882 1543 2883 1542 2883 1544 2883 1543 2884 1544 2884 1545 2884 1545 2885 1544 2885 1546 2885 1545 2886 1546 2886 1547 2886 1547 2887 1546 2887 1548 2887 1547 2888 1548 2888 1549 2888 1549 2889 1548 2889 1550 2889 1549 2890 1550 2890 1551 2890 1551 2891 1550 2891 1552 2891 1551 2892 1552 2892 1553 2892 1553 2893 1552 2893 1554 2893 1553 2894 1554 2894 1555 2894 1555 2895 1554 2895 1556 2895 1555 2896 1556 2896 1557 2896 1557 2897 1556 2897 1558 2897 1557 2898 1558 2898 1559 2898 1559 2899 1558 2899 1560 2899 1559 2900 1560 2900 1561 2900 1561 2901 1560 2901 1562 2901 1561 2902 1562 2902 1563 2902 1563 2903 1562 2903 1564 2903 1563 2904 1564 2904 1565 2904 1565 2905 1564 2905 1566 2905 1565 2906 1566 2906 1567 2906 1567 2907 1566 2907 1568 2907 1567 2908 1568 2908 1569 2908 1569 2909 1568 2909 1570 2909 1569 2910 1570 2910 1571 2910 1572 2911 1573 2911 1574 2911 1574 2912 1573 2912 1575 2912 1574 2913 1575 2913 1576 2913 1576 2914 1577 2914 1574 2914 1574 2915 1577 2915 1578 2915 1574 2916 1578 2916 1579 2916 1579 2917 1580 2917 1574 2917 1574 2918 1580 2918 1581 2918 1574 2919 1581 2919 1582 2919 1582 2920 1583 2920 1574 2920 1574 2921 1583 2921 1584 2921 1574 2922 1584 2922 1585 2922 1585 2923 1586 2923 1574 2923 1574 2924 1586 2924 1587 2924 1574 2925 1587 2925 1588 2925 1588 2926 1589 2926 1574 2926 1574 2927 1589 2927 1590 2927 1574 2928 1590 2928 1591 2928 1591 2929 1592 2929 1574 2929 1574 2930 1592 2930 1593 2930 1574 2931 1593 2931 1594 2931 1594 2932 1595 2932 1574 2932 1574 2933 1595 2933 1596 2933 1574 2934 1596 2934 1597 2934 1597 2935 1598 2935 1574 2935 1574 2936 1598 2936 1599 2936 1574 2937 1599 2937 1600 2937 1600 2938 1601 2938 1574 2938 1574 2939 1601 2939 1602 2939 1574 2940 1602 2940 1603 2940 1603 2941 1604 2941 1574 2941 1574 2942 1604 2942 1605 2942 1574 2943 1605 2943 1606 2943 1606 2944 1607 2944 1574 2944 1574 2945 1607 2945 1608 2945 1574 2946 1608 2946 1609 2946 1609 2947 1610 2947 1574 2947 1574 2948 1610 2948 1611 2948 1611 2949 1610 2949 1612 2949 1611 2950 1612 2950 1613 2950 1611 2951 1613 2951 1614 2951 1614 2952 1613 2952 1615 2952 1614 2953 1615 2953 1616 2953 1611 2954 1614 2954 1617 2954 1617 2955 1614 2955 1618 2955 1617 2956 1618 2956 1619 2956 1619 2957 1618 2957 1620 2957 1620 2958 1618 2958 1621 2958 1621 2959 1618 2959 1622 2959 1622 2960 1618 2960 1623 2960 1623 2961 1618 2961 1624 2961 1624 2962 1618 2962 1625 2962 1625 2963 1618 2963 1626 2963 1626 2964 1618 2964 1627 2964 1627 2965 1618 2965 1628 2965 1628 2966 1618 2966 1629 2966 1629 2967 1618 2967 1630 2967 1630 2968 1618 2968 1631 2968 1631 2969 1618 2969 1632 2969 1632 2970 1618 2970 1633 2970 1633 2971 1618 2971 1634 2971 1634 2972 1618 2972 1635 2972 1635 2973 1618 2973 1636 2973 1636 2974 1618 2974 1637 2974 1619 2975 1638 2975 1617 2975 1617 2976 1638 2976 1639 2976 1617 2977 1639 2977 1640 2977 1640 2978 1641 2978 1617 2978 1617 2979 1641 2979 1642 2979 1617 2980 1642 2980 1643 2980 1643 2981 1644 2981 1617 2981 1617 2982 1644 2982 1645 2982 1617 2983 1645 2983 1646 2983 1646 2984 1647 2984 1617 2984 1617 2985 1647 2985 1648 2985 1617 2986 1648 2986 1649 2986 1649 2987 1650 2987 1617 2987 1617 2988 1650 2988 1651 2988 1617 2989 1651 2989 1652 2989 1652 2990 1653 2990 1617 2990 1614 2991 1654 2991 1618 2991 1618 2992 1654 2992 1655 2992 1618 2993 1655 2993 1637 2993 1637 2994 1655 2994 1656 2994 1637 2995 1656 2995 1636 2995 1636 2996 1656 2996 1657 2996 1636 2997 1657 2997 1635 2997 1635 2998 1657 2998 1658 2998 1635 2999 1658 2999 1634 2999 1634 3000 1658 3000 1659 3000 1634 3001 1659 3001 1633 3001 1633 3002 1659 3002 1660 3002 1633 3003 1660 3003 1632 3003 1632 3004 1660 3004 1661 3004 1632 3005 1661 3005 1631 3005 1631 3006 1661 3006 1662 3006 1631 3007 1662 3007 1630 3007 1630 3008 1662 3008 1663 3008 1630 3009 1663 3009 1629 3009 1629 3010 1663 3010 1664 3010 1629 1393 1664 1393 1628 1393 1628 3011 1664 3011 1665 3011 1628 3012 1665 3012 1627 3012 1627 3013 1665 3013 1666 3013 1627 3014 1666 3014 1626 3014 1626 3015 1666 3015 1667 3015 1626 3016 1667 3016 1625 3016 1625 3017 1667 3017 1668 3017 1625 1385 1668 1385 1624 1385 1624 3018 1668 3018 1669 3018 1624 3019 1669 3019 1623 3019 1623 3020 1669 3020 1670 3020 1623 3021 1670 3021 1622 3021 1622 3022 1670 3022 1671 3022 1622 3023 1671 3023 1621 3023 1621 3024 1671 3024 1672 3024 1621 3025 1672 3025 1620 3025 1620 3026 1672 3026 1673 3026 1620 3027 1673 3027 1619 3027 1619 3028 1673 3028 1674 3028 1619 3029 1674 3029 1638 3029 1638 3030 1674 3030 1675 3030 1638 3031 1675 3031 1639 3031 1639 3032 1675 3032 1676 3032 1639 3033 1676 3033 1640 3033 1640 3034 1676 3034 1677 3034 1640 3035 1677 3035 1641 3035 1641 3036 1677 3036 1678 3036 1641 3037 1678 3037 1642 3037 1642 3038 1678 3038 1679 3038 1642 3039 1679 3039 1643 3039 1643 3040 1679 3040 1680 3040 1643 3041 1680 3041 1644 3041 1644 3042 1680 3042 1681 3042 1644 3043 1681 3043 1645 3043 1645 3044 1681 3044 1682 3044 1645 3045 1682 3045 1646 3045 1646 3046 1682 3046 1683 3046 1646 3047 1683 3047 1647 3047 1647 3048 1683 3048 1684 3048 1647 3049 1684 3049 1648 3049 1648 3050 1684 3050 1685 3050 1648 3051 1685 3051 1649 3051 1649 3052 1685 3052 1686 3052 1649 3053 1686 3053 1650 3053 1650 3054 1686 3054 1687 3054 1650 3055 1687 3055 1651 3055 1651 3056 1687 3056 1688 3056 1651 3057 1688 3057 1652 3057 1652 3058 1688 3058 1689 3058 1652 3059 1689 3059 1653 3059 1653 3060 1689 3060 1690 3060 1653 3061 1690 3061 1617 3061 1617 3062 1690 3062 1691 3062 1617 3063 1691 3063 1611 3063 1611 3064 1691 3064 1692 3064 1693 3065 1654 3065 1616 3065 1616 3066 1654 3066 1614 3066 1694 3067 1693 3067 1615 3067 1615 3068 1693 3068 1616 3068 1466 3069 1594 3069 1467 3069 1467 3070 1594 3070 1593 3070 1467 3071 1593 3071 1592 3071 1594 3072 1466 3072 1595 3072 1595 3073 1466 3073 1470 3073 1595 3074 1470 3074 1596 3074 1596 3075 1470 3075 1469 3075 1596 3076 1469 3076 1597 3076 1597 3077 1469 3077 1471 3077 1597 3078 1471 3078 1598 3078 1598 3079 1471 3079 1472 3079 1598 3080 1472 3080 1599 3080 1599 3081 1472 3081 1473 3081 1599 3082 1473 3082 1600 3082 1600 3083 1473 3083 1474 3083 1600 3084 1474 3084 1601 3084 1601 3085 1474 3085 1475 3085 1601 3086 1475 3086 1602 3086 1602 3087 1475 3087 1476 3087 1602 3088 1476 3088 1603 3088 1603 3089 1476 3089 1477 3089 1603 3090 1477 3090 1604 3090 1604 3091 1477 3091 1478 3091 1604 3092 1478 3092 1605 3092 1605 3093 1478 3093 1479 3093 1605 3094 1479 3094 1606 3094 1606 3095 1479 3095 1480 3095 1606 3096 1480 3096 1607 3096 1607 3097 1480 3097 1481 3097 1607 3098 1481 3098 1608 3098 1608 3099 1481 3099 1482 3099 1608 3100 1482 3100 1609 3100 1609 3101 1482 3101 1483 3101 1609 3102 1483 3102 1610 3102 1610 3103 1483 3103 1484 3103 1610 3104 1484 3104 1612 3104 1612 3105 1484 3105 1485 3105 1612 3106 1485 3106 1613 3106 1613 3107 1485 3107 1486 3107 1613 3108 1486 3108 1615 3108 1615 3109 1486 3109 1487 3109 1615 3110 1487 3110 1694 3110 1694 3111 1487 3111 1695 3111 1695 3112 1487 3112 1488 3112 1695 3113 1488 3113 1696 3113 1696 3114 1488 3114 1489 3114 1696 3115 1489 3115 1697 3115 1697 3116 1489 3116 1490 3116 1697 3117 1490 3117 1698 3117 1698 3118 1490 3118 1491 3118 1698 3119 1491 3119 1699 3119 1699 3120 1491 3120 1492 3120 1699 3121 1492 3121 1700 3121 1700 3122 1492 3122 1493 3122 1700 3123 1493 3123 1701 3123 1701 3124 1493 3124 1494 3124 1701 3125 1494 3125 1702 3125 1702 3126 1494 3126 1495 3126 1702 3127 1495 3127 1703 3127 1703 3128 1495 3128 1496 3128 1703 3129 1496 3129 1704 3129 1704 3130 1496 3130 1497 3130 1704 3131 1497 3131 1705 3131 1705 3132 1497 3132 1498 3132 1705 3133 1498 3133 1706 3133 1706 3134 1498 3134 1499 3134 1706 3135 1499 3135 1707 3135 1707 3136 1499 3136 1531 3136 1707 3137 1531 3137 1708 3137 1708 3138 1531 3138 1533 3138 1708 3139 1533 3139 1709 3139 1709 3140 1533 3140 1535 3140 1709 3141 1535 3141 1710 3141 1710 3142 1535 3142 1537 3142 1710 3143 1537 3143 1711 3143 1711 3144 1537 3144 1539 3144 1711 3145 1539 3145 1712 3145 1712 3146 1539 3146 1541 3146 1712 3147 1541 3147 1713 3147 1713 3148 1541 3148 1543 3148 1713 3149 1543 3149 1714 3149 1714 3150 1543 3150 1545 3150 1714 3151 1545 3151 1715 3151 1715 3152 1545 3152 1547 3152 1715 3153 1547 3153 1716 3153 1716 3154 1547 3154 1549 3154 1716 3155 1549 3155 1717 3155 1717 3156 1549 3156 1551 3156 1717 3157 1551 3157 1718 3157 1718 3158 1551 3158 1553 3158 1718 3159 1553 3159 1719 3159 1719 3160 1553 3160 1555 3160 1719 3161 1555 3161 1720 3161 1720 3162 1555 3162 1557 3162 1720 3163 1557 3163 1721 3163 1721 3164 1557 3164 1559 3164 1721 3165 1559 3165 1722 3165 1722 3166 1559 3166 1561 3166 1722 3167 1561 3167 1723 3167 1723 3168 1561 3168 1563 3168 1723 3169 1563 3169 1724 3169 1724 3170 1563 3170 1565 3170 1724 3171 1565 3171 1725 3171 1725 3172 1565 3172 1567 3172 1725 3173 1567 3173 1726 3173 1726 3174 1567 3174 1569 3174 1726 3175 1569 3175 1727 3175 1727 3176 1569 3176 1571 3176 1727 3177 1571 3177 1728 3177 1728 3178 1571 3178 1729 3178 1729 3179 1571 3179 1570 3179 1729 3180 1570 3180 1730 3180 1730 3181 1570 3181 1568 3181 1730 3182 1568 3182 1731 3182 1731 3183 1568 3183 1566 3183 1731 3184 1566 3184 1732 3184 1732 3185 1566 3185 1564 3185 1732 3186 1564 3186 1733 3186 1733 3187 1564 3187 1562 3187 1733 3188 1562 3188 1734 3188 1734 3189 1562 3189 1560 3189 1734 3190 1560 3190 1735 3190 1735 3191 1560 3191 1558 3191 1735 3192 1558 3192 1736 3192 1736 3193 1558 3193 1556 3193 1736 3194 1556 3194 1737 3194 1737 3195 1556 3195 1554 3195 1737 3196 1554 3196 1738 3196 1738 3197 1554 3197 1552 3197 1738 3198 1552 3198 1739 3198 1739 3199 1552 3199 1550 3199 1739 3200 1550 3200 1740 3200 1740 3201 1550 3201 1548 3201 1740 3202 1548 3202 1741 3202 1741 3203 1548 3203 1546 3203 1741 3204 1546 3204 1742 3204 1742 3205 1546 3205 1544 3205 1742 3206 1544 3206 1743 3206 1743 3207 1544 3207 1542 3207 1743 3208 1542 3208 1744 3208 1744 3209 1542 3209 1540 3209 1744 3210 1540 3210 1745 3210 1745 3211 1540 3211 1538 3211 1745 3212 1538 3212 1746 3212 1746 3213 1538 3213 1536 3213 1746 3214 1536 3214 1747 3214 1747 3215 1536 3215 1534 3215 1747 3216 1534 3216 1748 3216 1748 3217 1534 3217 1532 3217 1748 3218 1532 3218 1749 3218 1749 3219 1532 3219 1500 3219 1749 3220 1500 3220 1750 3220 1750 3221 1500 3221 1501 3221 1750 3222 1501 3222 1751 3222 1751 3223 1501 3223 1502 3223 1751 3224 1502 3224 1752 3224 1752 3225 1502 3225 1503 3225 1752 3226 1503 3226 1753 3226 1753 3227 1503 3227 1504 3227 1753 3228 1504 3228 1754 3228 1754 3229 1504 3229 1505 3229 1754 3230 1505 3230 1755 3230 1755 3231 1505 3231 1506 3231 1755 3232 1506 3232 1756 3232 1756 3233 1506 3233 1507 3233 1756 3234 1507 3234 1757 3234 1757 3235 1507 3235 1508 3235 1757 3236 1508 3236 1758 3236 1758 3237 1508 3237 1509 3237 1758 3238 1509 3238 1759 3238 1759 3239 1509 3239 1510 3239 1759 3240 1510 3240 1760 3240 1760 3241 1510 3241 1511 3241 1760 3242 1511 3242 1761 3242 1761 3243 1511 3243 1512 3243 1761 3244 1512 3244 1762 3244 1762 3245 1512 3245 1572 3245 1572 3246 1512 3246 1513 3246 1572 3247 1513 3247 1573 3247 1573 3248 1513 3248 1514 3248 1573 3249 1514 3249 1575 3249 1575 3250 1514 3250 1515 3250 1575 3251 1515 3251 1576 3251 1576 3252 1515 3252 1516 3252 1576 3253 1516 3253 1577 3253 1577 3254 1516 3254 1517 3254 1577 3255 1517 3255 1578 3255 1578 3256 1517 3256 1518 3256 1578 3257 1518 3257 1579 3257 1579 3258 1518 3258 1519 3258 1579 3259 1519 3259 1580 3259 1580 3260 1519 3260 1520 3260 1580 3261 1520 3261 1581 3261 1581 3262 1520 3262 1521 3262 1581 3263 1521 3263 1582 3263 1582 3264 1521 3264 1522 3264 1582 3265 1522 3265 1583 3265 1583 3266 1522 3266 1523 3266 1583 3267 1523 3267 1584 3267 1584 3268 1523 3268 1524 3268 1584 3269 1524 3269 1585 3269 1585 3270 1524 3270 1525 3270 1585 3271 1525 3271 1586 3271 1586 3272 1525 3272 1526 3272 1586 3273 1526 3273 1587 3273 1587 3274 1526 3274 1527 3274 1587 3275 1527 3275 1588 3275 1588 3276 1527 3276 1528 3276 1588 3277 1528 3277 1589 3277 1589 3278 1528 3278 1529 3278 1589 3279 1529 3279 1590 3279 1590 3280 1529 3280 1530 3280 1590 3281 1530 3281 1591 3281 1591 3282 1530 3282 1468 3282 1591 3283 1468 3283 1592 3283 1592 3284 1468 3284 1467 3284 1763 3285 1762 3285 1574 3285 1574 3286 1762 3286 1572 3286 1692 3287 1763 3287 1611 3287 1611 3288 1763 3288 1574 3288 1694 3289 1695 3289 1693 3289 1693 3290 1695 3290 1696 3290 1693 3291 1696 3291 1697 3291 1697 3292 1698 3292 1693 3292 1693 3293 1698 3293 1699 3293 1693 3294 1699 3294 1764 3294 1764 3295 1699 3295 1700 3295 1764 3296 1700 3296 1701 3296 1765 3297 1673 3297 1764 3297 1764 3298 1673 3298 1672 3298 1764 3299 1672 3299 1671 3299 1755 3300 1756 3300 1765 3300 1765 3301 1756 3301 1757 3301 1765 3302 1757 3302 1763 3302 1763 3303 1757 3303 1758 3303 1763 3304 1758 3304 1759 3304 1759 3305 1760 3305 1763 3305 1763 3306 1760 3306 1761 3306 1763 3307 1761 3307 1762 3307 1692 3308 1691 3308 1763 3308 1763 3309 1691 3309 1690 3309 1763 3310 1690 3310 1689 3310 1763 3311 1689 3311 1765 3311 1765 3312 1689 3312 1688 3312 1765 3313 1688 3313 1687 3313 1687 3314 1686 3314 1765 3314 1765 3315 1686 3315 1685 3315 1765 3316 1685 3316 1684 3316 1684 3317 1683 3317 1765 3317 1765 3318 1683 3318 1682 3318 1765 3319 1682 3319 1681 3319 1681 3320 1680 3320 1765 3320 1765 3321 1680 3321 1679 3321 1765 3322 1679 3322 1678 3322 1678 3323 1677 3323 1765 3323 1765 3324 1677 3324 1676 3324 1765 3325 1676 3325 1675 3325 1675 3326 1674 3326 1765 3326 1765 3327 1674 3327 1673 3327 1671 3328 1670 3328 1764 3328 1764 3329 1670 3329 1669 3329 1764 3330 1669 3330 1668 3330 1668 3331 1667 3331 1764 3331 1764 3332 1667 3332 1666 3332 1764 3333 1666 3333 1665 3333 1665 3334 1664 3334 1764 3334 1764 3335 1664 3335 1663 3335 1764 3336 1663 3336 1662 3336 1662 3337 1661 3337 1764 3337 1764 3338 1661 3338 1660 3338 1764 3339 1660 3339 1659 3339 1659 3340 1658 3340 1764 3340 1764 3341 1658 3341 1657 3341 1764 3342 1657 3342 1693 3342 1693 3343 1657 3343 1656 3343 1693 3344 1656 3344 1655 3344 1655 3345 1654 3345 1693 3345 1701 3346 1702 3346 1766 3346 1766 3347 1702 3347 1703 3347 1766 3348 1703 3348 1704 3348 1704 3349 1705 3349 1766 3349 1766 3350 1705 3350 1706 3350 1766 3351 1706 3351 1707 3351 1707 3352 1708 3352 1766 3352 1766 3353 1708 3353 1709 3353 1766 3354 1709 3354 1710 3354 1710 3355 1711 3355 1766 3355 1766 3356 1711 3356 1712 3356 1766 3357 1712 3357 1713 3357 1713 3358 1714 3358 1766 3358 1766 3359 1714 3359 1715 3359 1766 3360 1715 3360 1716 3360 1716 3361 1717 3361 1766 3361 1766 3362 1717 3362 1718 3362 1766 3363 1718 3363 1719 3363 1719 3364 1720 3364 1766 3364 1766 3365 1720 3365 1721 3365 1766 3366 1721 3366 1722 3366 1722 3367 1723 3367 1766 3367 1766 3368 1723 3368 1724 3368 1766 3369 1724 3369 1725 3369 1725 3370 1726 3370 1766 3370 1766 3371 1726 3371 1727 3371 1766 3372 1727 3372 1728 3372 1728 3373 1729 3373 1767 3373 1767 3374 1729 3374 1730 3374 1767 3375 1730 3375 1731 3375 1731 3376 1732 3376 1767 3376 1767 3377 1732 3377 1733 3377 1767 3378 1733 3378 1734 3378 1734 3379 1735 3379 1767 3379 1767 3380 1735 3380 1736 3380 1767 3381 1736 3381 1737 3381 1737 3382 1738 3382 1767 3382 1767 3383 1738 3383 1739 3383 1767 3384 1739 3384 1740 3384 1740 3385 1741 3385 1767 3385 1767 3386 1741 3386 1742 3386 1767 3387 1742 3387 1743 3387 1743 3388 1744 3388 1767 3388 1767 3389 1744 3389 1745 3389 1767 3390 1745 3390 1746 3390 1746 3391 1747 3391 1767 3391 1767 3392 1747 3392 1748 3392 1767 3393 1748 3393 1749 3393 1749 3394 1750 3394 1767 3394 1767 3395 1750 3395 1751 3395 1767 3396 1751 3396 1752 3396 1752 3397 1753 3397 1767 3397 1767 3398 1753 3398 1754 3398 1767 3399 1754 3399 1755 3399 1767 3400 174 3400 1728 3400 1728 3401 174 3401 1768 3401 1728 3402 1768 3402 1766 3402 1769 3403 168 3403 1764 3403 1764 3404 168 3404 1765 3404 174 3405 1770 3405 1768 3405 1768 3406 1770 3406 1771 3406 1768 3407 1771 3407 1772 3407 1773 3408 1774 3408 174 3408 174 3409 1774 3409 1775 3409 174 3410 1775 3410 1776 3410 1777 3411 1778 3411 1773 3411 1773 3412 1778 3412 1779 3412 1773 3413 1779 3413 1780 3413 1768 3414 1781 3414 1777 3414 1777 3415 1781 3415 1782 3415 1777 3416 1782 3416 1783 3416 1784 3417 1785 3417 174 3417 174 3418 1785 3418 1786 3418 174 3419 1786 3419 1770 3419 1770 3420 1786 3420 1787 3420 1787 3421 1786 3421 1788 3421 1787 3422 1788 3422 1789 3422 1789 3423 1788 3423 1790 3423 1789 3424 1790 3424 1791 3424 1791 3425 1790 3425 1792 3425 1791 3426 1792 3426 1793 3426 1793 3427 1792 3427 1794 3427 1793 3428 1794 3428 1795 3428 1795 3429 1794 3429 1796 3429 1795 3430 1796 3430 1797 3430 1797 3431 1796 3431 1798 3431 1797 3432 1798 3432 1799 3432 1799 3433 1798 3433 1800 3433 1799 3434 1800 3434 1801 3434 1801 3435 1800 3435 1802 3435 1801 3436 1802 3436 1803 3436 1803 3437 1802 3437 1804 3437 1803 3438 1804 3438 1805 3438 1805 3439 1804 3439 1806 3439 1805 3440 1806 3440 1807 3440 1807 3441 1806 3441 1808 3441 1807 3442 1808 3442 1809 3442 1809 3443 1808 3443 1810 3443 1809 3444 1810 3444 1811 3444 1811 3445 1810 3445 1812 3445 1811 3446 1812 3446 1813 3446 1813 3447 1812 3447 1814 3447 1813 3448 1814 3448 1815 3448 1815 3449 1814 3449 1816 3449 1815 3450 1816 3450 1817 3450 1817 3451 1816 3451 1818 3451 1817 3452 1818 3452 1819 3452 1819 3453 1818 3453 1820 3453 1819 3454 1820 3454 1821 3454 1821 3455 1820 3455 1822 3455 1821 3456 1822 3456 1823 3456 1823 3457 1822 3457 1824 3457 1823 3458 1824 3458 1825 3458 1825 3459 1824 3459 1826 3459 1825 3460 1826 3460 1827 3460 1827 3461 1826 3461 1828 3461 1827 3462 1828 3462 1829 3462 1829 3463 1828 3463 1778 3463 1829 3464 1778 3464 1777 3464 1780 2120 1830 2120 1773 2120 1773 3465 1830 3465 1831 3465 1773 3466 1831 3466 1832 3466 1832 3467 1833 3467 1773 3467 1773 3468 1833 3468 1834 3468 1773 3469 1834 3469 1835 3469 1835 3470 1836 3470 1773 3470 1773 3471 1836 3471 1837 3471 1773 3472 1837 3472 1838 3472 1838 3473 1839 3473 1773 3473 1773 3474 1839 3474 1774 3474 1776 3475 1840 3475 174 3475 174 3476 1840 3476 1841 3476 174 3477 1841 3477 1842 3477 1842 3478 1843 3478 174 3478 174 3479 1843 3479 1844 3479 174 3480 1844 3480 1845 3480 1845 3481 1846 3481 174 3481 174 3482 1846 3482 1847 3482 174 3483 1847 3483 1784 3483 1772 3484 1848 3484 1768 3484 1768 3485 1848 3485 1849 3485 1768 3486 1849 3486 1850 3486 1850 3487 1851 3487 1768 3487 1768 3488 1851 3488 1852 3488 1768 3489 1852 3489 1853 3489 1853 3490 1854 3490 1768 3490 1768 3491 1854 3491 1855 3491 1768 3492 1855 3492 1856 3492 1856 3493 1857 3493 1768 3493 1768 3474 1857 3474 1781 3474 1783 3494 1858 3494 1777 3494 1777 3495 1858 3495 1859 3495 1777 3496 1859 3496 1860 3496 1860 3497 1861 3497 1777 3497 1777 3498 1861 3498 1862 3498 1777 3499 1862 3499 1863 3499 1863 3500 1864 3500 1777 3500 1777 3501 1864 3501 1865 3501 1777 3502 1865 3502 1866 3502 1866 3503 1867 3503 1777 3503 1777 3504 1867 3504 1829 3504 1769 3505 1868 3505 168 3505 168 3506 1868 3506 1869 3506 168 3507 1869 3507 1870 3507 1871 3508 1872 3508 1769 3508 1769 3509 1872 3509 1873 3509 1769 3510 1873 3510 1874 3510 1875 3511 1876 3511 1871 3511 1871 3512 1876 3512 1877 3512 1871 3513 1877 3513 1878 3513 168 3514 1879 3514 1875 3514 1875 3515 1879 3515 1880 3515 1875 3516 1880 3516 1881 3516 1878 3517 1882 3517 1871 3517 1871 3518 1882 3518 1883 3518 1871 3519 1883 3519 1884 3519 1884 3520 1885 3520 1871 3520 1871 3521 1885 3521 1886 3521 1871 3522 1886 3522 1887 3522 1887 3523 1888 3523 1871 3523 1871 3524 1888 3524 1889 3524 1871 3525 1889 3525 1890 3525 1890 3526 1891 3526 1871 3526 1871 3527 1891 3527 1872 3527 1874 3528 1892 3528 1769 3528 1769 3529 1892 3529 1893 3529 1769 3530 1893 3530 1894 3530 1894 3531 1895 3531 1769 3531 1769 3532 1895 3532 1896 3532 1769 3533 1896 3533 1897 3533 1897 1987 1898 1987 1769 1987 1769 3534 1898 3534 1899 3534 1769 3535 1899 3535 1900 3535 1900 3536 1901 3536 1769 3536 1769 3537 1901 3537 1902 3537 1769 3538 1902 3538 1868 3538 1868 1993 1902 1993 1903 1993 1903 3539 1902 3539 1904 3539 1903 3540 1904 3540 1905 3540 1905 3541 1904 3541 1906 3541 1905 3542 1906 3542 1907 3542 1907 3543 1906 3543 1908 3543 1907 3544 1908 3544 1909 3544 1909 3545 1908 3545 1910 3545 1909 3546 1910 3546 1911 3546 1911 3547 1910 3547 1912 3547 1911 3548 1912 3548 1913 3548 1913 3549 1912 3549 1914 3549 1913 3550 1914 3550 1915 3550 1915 3551 1914 3551 1916 3551 1915 3552 1916 3552 1917 3552 1917 3553 1916 3553 1918 3553 1917 3554 1918 3554 1919 3554 1919 3555 1918 3555 1920 3555 1919 3556 1920 3556 1921 3556 1921 3557 1920 3557 1922 3557 1921 3558 1922 3558 1923 3558 1923 3559 1922 3559 1924 3559 1923 3560 1924 3560 1925 3560 1925 3561 1924 3561 1926 3561 1925 3562 1926 3562 1927 3562 1927 3563 1926 3563 1928 3563 1927 3564 1928 3564 1929 3564 1929 3565 1928 3565 1930 3565 1929 2021 1930 2021 1931 2021 1931 3566 1930 3566 1932 3566 1931 2023 1932 2023 1933 2023 1933 3567 1932 3567 1934 3567 1933 3568 1934 3568 1935 3568 1935 3569 1934 3569 1936 3569 1935 3570 1936 3570 1937 3570 1937 3571 1936 3571 1938 3571 1937 3572 1938 3572 1939 3572 1939 3573 1938 3573 1940 3573 1939 3574 1940 3574 1941 3574 1941 3575 1940 3575 1942 3575 1941 3576 1942 3576 1943 3576 1943 3577 1942 3577 1944 3577 1943 3578 1944 3578 1945 3578 1945 3579 1944 3579 1876 3579 1945 3580 1876 3580 1875 3580 1946 3581 1947 3581 1875 3581 1875 3582 1947 3582 1945 3582 1870 3583 1948 3583 168 3583 168 3584 1948 3584 1949 3584 168 3585 1949 3585 1950 3585 1950 3586 1951 3586 168 3586 168 3587 1951 3587 1952 3587 168 3588 1952 3588 1953 3588 1953 3589 1954 3589 168 3589 168 3590 1954 3590 1955 3590 168 3591 1955 3591 1956 3591 1956 3592 1957 3592 168 3592 168 3593 1957 3593 1879 3593 1881 3594 1958 3594 1875 3594 1875 3595 1958 3595 1959 3595 1875 3596 1959 3596 1960 3596 1960 3597 1961 3597 1875 3597 1875 3598 1961 3598 1962 3598 1875 3599 1962 3599 1963 3599 1963 3600 1964 3600 1875 3600 1875 3601 1964 3601 1965 3601 1875 3602 1965 3602 1946 3602 1966 3603 1967 3603 1968 3603 1968 3604 1967 3604 1969 3604 1968 3605 1969 3605 1970 3605 1971 3606 1972 3606 1966 3606 1966 3607 1972 3607 1973 3607 1966 3608 1973 3608 1974 3608 1975 3609 1976 3609 1971 3609 1971 3610 1976 3610 1977 3610 1971 3611 1977 3611 1978 3611 1968 3612 1979 3612 1975 3612 1975 3613 1979 3613 1980 3613 1975 3614 1980 3614 1981 3614 1978 3615 1982 3615 1971 3615 1971 3616 1982 3616 1983 3616 1971 3617 1983 3617 1984 3617 1984 3618 1985 3618 1971 3618 1971 3619 1985 3619 1986 3619 1971 3620 1986 3620 1987 3620 1987 3621 1988 3621 1971 3621 1971 3622 1988 3622 1989 3622 1971 3623 1989 3623 1990 3623 1990 3624 1991 3624 1971 3624 1971 3625 1991 3625 1972 3625 1974 3626 1992 3626 1966 3626 1966 3627 1992 3627 1993 3627 1966 3628 1993 3628 1994 3628 1994 1882 1995 1882 1966 1882 1966 3629 1995 3629 1996 3629 1966 3630 1996 3630 1997 3630 1997 3631 1998 3631 1966 3631 1966 3632 1998 3632 1999 3632 1966 3633 1999 3633 2000 3633 2000 1854 2001 1854 1966 1854 1966 3634 2001 3634 2002 3634 1966 3635 2002 3635 1967 3635 1967 3636 2002 3636 2003 3636 2003 3637 2002 3637 2004 3637 2003 3638 2004 3638 2005 3638 2005 3639 2004 3639 2006 3639 2005 3640 2006 3640 2007 3640 2007 3641 2006 3641 2008 3641 2007 3642 2008 3642 2009 3642 2009 3643 2008 3643 2010 3643 2009 3644 2010 3644 2011 3644 2011 3645 2010 3645 2012 3645 2011 3646 2012 3646 2013 3646 2013 3647 2012 3647 2014 3647 2013 3648 2014 3648 2015 3648 2015 3649 2014 3649 2016 3649 2015 3650 2016 3650 2017 3650 2017 3651 2016 3651 2018 3651 2017 3652 2018 3652 2019 3652 2019 3653 2018 3653 2020 3653 2019 3654 2020 3654 2021 3654 2021 3655 2020 3655 2022 3655 2021 3656 2022 3656 2023 3656 2023 3657 2022 3657 2024 3657 2023 3658 2024 3658 2025 3658 2025 3659 2024 3659 2026 3659 2025 3660 2026 3660 2027 3660 2027 3661 2026 3661 2028 3661 2027 3662 2028 3662 2029 3662 2029 3663 2028 3663 2030 3663 2029 3664 2030 3664 2031 3664 2031 3665 2030 3665 2032 3665 2031 3666 2032 3666 2033 3666 2033 3667 2032 3667 2034 3667 2033 3668 2034 3668 2035 3668 2035 3669 2034 3669 2036 3669 2035 3670 2036 3670 2037 3670 2037 3671 2036 3671 2038 3671 2037 3672 2038 3672 2039 3672 2039 3673 2038 3673 2040 3673 2039 3674 2040 3674 2041 3674 2041 3675 2040 3675 2042 3675 2041 3676 2042 3676 2043 3676 2043 3677 2042 3677 2044 3677 2043 1933 2044 1933 2045 1933 2045 3678 2044 3678 1976 3678 2045 3679 1976 3679 1975 3679 2046 3680 2047 3680 1975 3680 1975 3681 2047 3681 2045 3681 1970 3682 2048 3682 1968 3682 1968 3683 2048 3683 2049 3683 1968 3684 2049 3684 2050 3684 2050 3685 2051 3685 1968 3685 1968 3686 2051 3686 2052 3686 1968 3687 2052 3687 2053 3687 2053 3688 2054 3688 1968 3688 1968 3689 2054 3689 2055 3689 1968 3690 2055 3690 2056 3690 2056 3691 2057 3691 1968 3691 1968 3692 2057 3692 1979 3692 1981 3693 2058 3693 1975 3693 1975 3694 2058 3694 2059 3694 1975 3695 2059 3695 2060 3695 2060 3696 2061 3696 1975 3696 1975 3697 2061 3697 2062 3697 1975 3698 2062 3698 2063 3698 2063 3699 2064 3699 1975 3699 1975 3700 2064 3700 2065 3700 1975 3701 2065 3701 2046 3701 2066 3702 2067 3702 2068 3702 2068 3703 2067 3703 2069 3703 2068 3704 2069 3704 2070 3704 2071 3705 2072 3705 2066 3705 2066 3706 2072 3706 2073 3706 2066 3707 2073 3707 2074 3707 2075 3708 2076 3708 2071 3708 2071 3709 2076 3709 2077 3709 2071 3710 2077 3710 2078 3710 2068 3711 2079 3711 2075 3711 2075 3712 2079 3712 2080 3712 2075 3713 2080 3713 2081 3713 2082 3714 2083 3714 2066 3714 2066 3715 2083 3715 2084 3715 2066 3716 2084 3716 2067 3716 2067 3717 2084 3717 2085 3717 2085 3718 2084 3718 2086 3718 2085 3719 2086 3719 2087 3719 2087 3720 2086 3720 2088 3720 2087 3721 2088 3721 2089 3721 2089 3722 2088 3722 2090 3722 2089 3723 2090 3723 2091 3723 2091 3724 2090 3724 2092 3724 2091 3725 2092 3725 2093 3725 2093 3726 2092 3726 2094 3726 2093 3727 2094 3727 2095 3727 2095 3728 2094 3728 2096 3728 2095 3729 2096 3729 2097 3729 2097 3730 2096 3730 2098 3730 2097 3731 2098 3731 2099 3731 2099 3732 2098 3732 2100 3732 2099 1785 2100 1785 2101 1785 2101 3733 2100 3733 2102 3733 2101 3734 2102 3734 2103 3734 2103 3735 2102 3735 2104 3735 2103 3736 2104 3736 2105 3736 2105 3737 2104 3737 2106 3737 2105 3738 2106 3738 2107 3738 2107 3739 2106 3739 2108 3739 2107 3740 2108 3740 2109 3740 2109 3741 2108 3741 2110 3741 2109 3742 2110 3742 2111 3742 2111 3743 2110 3743 2112 3743 2111 3744 2112 3744 2113 3744 2113 3745 2112 3745 2114 3745 2113 3746 2114 3746 2115 3746 2115 3747 2114 3747 2116 3747 2115 3748 2116 3748 2117 3748 2117 3749 2116 3749 2118 3749 2117 3750 2118 3750 2119 3750 2119 3751 2118 3751 2120 3751 2119 3752 2120 3752 2121 3752 2121 3753 2120 3753 2122 3753 2121 3754 2122 3754 2123 3754 2123 3755 2122 3755 2124 3755 2123 3756 2124 3756 2125 3756 2125 3757 2124 3757 2126 3757 2125 3758 2126 3758 2127 3758 2127 3759 2126 3759 2076 3759 2127 3760 2076 3760 2075 3760 2078 3761 2128 3761 2071 3761 2071 3762 2128 3762 2129 3762 2071 3763 2129 3763 2130 3763 2130 3764 2131 3764 2071 3764 2071 3765 2131 3765 2132 3765 2071 3766 2132 3766 2133 3766 2133 3767 2134 3767 2071 3767 2071 3768 2134 3768 2135 3768 2071 3769 2135 3769 2136 3769 2136 3770 2137 3770 2071 3770 2071 3771 2137 3771 2072 3771 2074 3772 2138 3772 2066 3772 2066 3773 2138 3773 2139 3773 2066 3774 2139 3774 2140 3774 2140 3775 2141 3775 2066 3775 2066 3776 2141 3776 2142 3776 2066 3777 2142 3777 2143 3777 2143 3778 2144 3778 2066 3778 2066 3779 2144 3779 2145 3779 2066 3780 2145 3780 2082 3780 2070 3781 2146 3781 2068 3781 2068 3782 2146 3782 2147 3782 2068 3783 2147 3783 2148 3783 2148 3784 2149 3784 2068 3784 2068 3785 2149 3785 2150 3785 2068 3786 2150 3786 2151 3786 2151 3787 2152 3787 2068 3787 2068 3788 2152 3788 2153 3788 2068 3789 2153 3789 2154 3789 2154 3790 2155 3790 2068 3790 2068 3791 2155 3791 2079 3791 2081 3792 2156 3792 2075 3792 2075 3793 2156 3793 2157 3793 2075 3794 2157 3794 2158 3794 2158 3775 2159 3775 2075 3775 2075 3795 2159 3795 2160 3795 2075 3796 2160 3796 2161 3796 2161 1831 2162 1831 2075 1831 2075 3797 2162 3797 2163 3797 2075 3798 2163 3798 2164 3798 2164 3799 2165 3799 2075 3799 2075 3800 2165 3800 2127 3800 1784 3801 2070 3801 1785 3801 1785 3802 2070 3802 2069 3802 1785 2258 2069 2258 1786 2258 1786 3803 2069 3803 2067 3803 1786 2256 2067 2256 1788 2256 1788 3804 2067 3804 2085 3804 1788 3805 2085 3805 1790 3805 1790 3806 2085 3806 2087 3806 1790 3807 2087 3807 1792 3807 1792 3808 2087 3808 2089 3808 1792 3809 2089 3809 1794 3809 1794 3810 2089 3810 2091 3810 1794 3811 2091 3811 1796 3811 1796 3812 2091 3812 2093 3812 1796 3813 2093 3813 1798 3813 1798 3814 2093 3814 2095 3814 1798 3815 2095 3815 1800 3815 1800 3816 2095 3816 2097 3816 1800 3817 2097 3817 1802 3817 1802 3818 2097 3818 2099 3818 1802 3819 2099 3819 1804 3819 1804 3820 2099 3820 2101 3820 1804 3821 2101 3821 1806 3821 1806 3822 2101 3822 2103 3822 1806 3823 2103 3823 1808 3823 1808 3824 2103 3824 2105 3824 1808 2326 2105 2326 1810 2326 1810 3825 2105 3825 2107 3825 1810 3826 2107 3826 1812 3826 1812 3827 2107 3827 2109 3827 1812 3828 2109 3828 1814 3828 1814 3829 2109 3829 2111 3829 1814 3830 2111 3830 1816 3830 1816 3831 2111 3831 2113 3831 1816 3832 2113 3832 1818 3832 1818 3833 2113 3833 2115 3833 1818 3834 2115 3834 1820 3834 1820 3835 2115 3835 2117 3835 1820 3836 2117 3836 1822 3836 1822 3837 2117 3837 2119 3837 1822 3838 2119 3838 1824 3838 1824 3839 2119 3839 2121 3839 1824 3840 2121 3840 1826 3840 1826 3841 2121 3841 2123 3841 1826 3842 2123 3842 1828 3842 1828 3843 2123 3843 2125 3843 1828 3844 2125 3844 1778 3844 1778 3845 2125 3845 2127 3845 1778 2212 2127 2212 1779 2212 1779 3846 2127 3846 2165 3846 1779 3847 2165 3847 1780 3847 1780 3848 2165 3848 2164 3848 1780 2208 2164 2208 1830 2208 1830 3849 2164 3849 2163 3849 1830 3850 2163 3850 1831 3850 1831 3851 2163 3851 2162 3851 1831 3852 2162 3852 1832 3852 1832 3853 2162 3853 2161 3853 1832 3854 2161 3854 1833 3854 1833 3855 2161 3855 2160 3855 1833 3856 2160 3856 1834 3856 1834 3857 2160 3857 2159 3857 1834 3858 2159 3858 1835 3858 1835 3859 2159 3859 2158 3859 1835 2291 2158 2291 1836 2291 1836 3860 2158 3860 2157 3860 1836 3861 2157 3861 1837 3861 1837 3862 2157 3862 2156 3862 1837 2192 2156 2192 1838 2192 1838 3863 2156 3863 2081 3863 1838 3864 2081 3864 1839 3864 1839 3865 2081 3865 2080 3865 1839 3866 2080 3866 1774 3866 1774 3867 2080 3867 2079 3867 1774 3868 2079 3868 1775 3868 1775 3869 2079 3869 2155 3869 1775 2184 2155 2184 1776 2184 1776 3870 2155 3870 2154 3870 1776 3871 2154 3871 1840 3871 1840 3872 2154 3872 2153 3872 1840 3873 2153 3873 1841 3873 1841 3874 2153 3874 2152 3874 1841 3875 2152 3875 1842 3875 1842 3876 2152 3876 2151 3876 1842 2271 2151 2271 1843 2271 1843 3877 2151 3877 2150 3877 1843 3878 2150 3878 1844 3878 1844 3879 2150 3879 2149 3879 1844 3880 2149 3880 1845 3880 1845 3881 2149 3881 2148 3881 1845 3882 2148 3882 1846 3882 1846 3883 2148 3883 2147 3883 1846 3884 2147 3884 1847 3884 1847 3885 2147 3885 2146 3885 1847 3886 2146 3886 1784 3886 1784 3887 2146 3887 2070 3887 1770 3888 2084 3888 1771 3888 1771 3889 2084 3889 2083 3889 1771 3890 2083 3890 1772 3890 1772 3891 2083 3891 2082 3891 1772 3892 2082 3892 1848 3892 1848 3893 2082 3893 2145 3893 1848 3894 2145 3894 1849 3894 1849 3895 2145 3895 2144 3895 1849 3896 2144 3896 1850 3896 1850 3897 2144 3897 2143 3897 1850 3898 2143 3898 1851 3898 1851 3899 2143 3899 2142 3899 1851 3900 2142 3900 1852 3900 1852 3901 2142 3901 2141 3901 1852 3813 2141 3813 1853 3813 1853 3902 2141 3902 2140 3902 1853 3903 2140 3903 1854 3903 1854 3904 2140 3904 2139 3904 1854 3905 2139 3905 1855 3905 1855 3906 2139 3906 2138 3906 1855 3907 2138 3907 1856 3907 1856 3908 2138 3908 2074 3908 1856 2330 2074 2330 1857 2330 1857 3909 2074 3909 2073 3909 1857 3910 2073 3910 1781 3910 1781 3911 2073 3911 2072 3911 1781 3912 2072 3912 1782 3912 1782 3913 2072 3913 2137 3913 1782 3914 2137 3914 1783 3914 1783 3915 2137 3915 2136 3915 1783 3916 2136 3916 1858 3916 1858 3917 2136 3917 2135 3917 1858 3918 2135 3918 1859 3918 1859 3919 2135 3919 2134 3919 1859 3832 2134 3832 1860 3832 1860 3920 2134 3920 2133 3920 1860 3921 2133 3921 1861 3921 1861 3922 2133 3922 2132 3922 1861 3923 2132 3923 1862 3923 1862 3924 2132 3924 2131 3924 1862 2504 2131 2504 1863 2504 1863 3925 2131 3925 2130 3925 1863 3926 2130 3926 1864 3926 1864 3927 2130 3927 2129 3927 1864 3842 2129 3842 1865 3842 1865 3928 2129 3928 2128 3928 1865 3844 2128 3844 1866 3844 1866 3929 2128 3929 2078 3929 1866 3930 2078 3930 1867 3930 1867 3931 2078 3931 2077 3931 1867 3932 2077 3932 1829 3932 1829 3933 2077 3933 2076 3933 1829 3934 2076 3934 1827 3934 1827 3935 2076 3935 2126 3935 1827 3936 2126 3936 1825 3936 1825 3937 2126 3937 2124 3937 1825 3938 2124 3938 1823 3938 1823 3939 2124 3939 2122 3939 1823 3940 2122 3940 1821 3940 1821 3941 2122 3941 2120 3941 1821 3942 2120 3942 1819 3942 1819 3943 2120 3943 2118 3943 1819 3944 2118 3944 1817 3944 1817 3945 2118 3945 2116 3945 1817 3946 2116 3946 1815 3946 1815 3947 2116 3947 2114 3947 1815 3948 2114 3948 1813 3948 1813 3949 2114 3949 2112 3949 1813 3950 2112 3950 1811 3950 1811 3951 2112 3951 2110 3951 1811 3952 2110 3952 1809 3952 1809 3953 2110 3953 2108 3953 1809 3954 2108 3954 1807 3954 1807 3955 2108 3955 2106 3955 1807 3868 2106 3868 1805 3868 1805 3956 2106 3956 2104 3956 1805 3957 2104 3957 1803 3957 1803 3958 2104 3958 2102 3958 1803 3959 2102 3959 1801 3959 1801 3960 2102 3960 2100 3960 1801 3961 2100 3961 1799 3961 1799 3962 2100 3962 2098 3962 1799 3875 2098 3875 1797 3875 1797 3963 2098 3963 2096 3963 1797 3964 2096 3964 1795 3964 1795 3965 2096 3965 2094 3965 1795 3966 2094 3966 1793 3966 1793 3967 2094 3967 2092 3967 1793 3968 2092 3968 1791 3968 1791 3969 2092 3969 2090 3969 1791 3970 2090 3970 1789 3970 1789 3971 2090 3971 2088 3971 1789 3972 2088 3972 1787 3972 1787 3973 2088 3973 2086 3973 1787 2166 2086 2166 1770 2166 1770 3974 2086 3974 2084 3974 1946 3975 1978 3975 1947 3975 1947 3976 1978 3976 1977 3976 1947 3977 1977 3977 1945 3977 1945 3978 1977 3978 1976 3978 1945 3979 1976 3979 1943 3979 1943 3980 1976 3980 2044 3980 1943 3981 2044 3981 1941 3981 1941 3982 2044 3982 2042 3982 1941 3983 2042 3983 1939 3983 1939 3984 2042 3984 2040 3984 1939 3985 2040 3985 1937 3985 1937 3986 2040 3986 2038 3986 1937 2530 2038 2530 1935 2530 1935 3987 2038 3987 2036 3987 1935 3988 2036 3988 1933 3988 1933 3989 2036 3989 2034 3989 1933 3990 2034 3990 1931 3990 1931 3991 2034 3991 2032 3991 1931 3992 2032 3992 1929 3992 1929 3993 2032 3993 2030 3993 1929 3994 2030 3994 1927 3994 1927 3995 2030 3995 2028 3995 1927 3996 2028 3996 1925 3996 1925 3997 2028 3997 2026 3997 1925 3998 2026 3998 1923 3998 1923 3999 2026 3999 2024 3999 1923 4000 2024 4000 1921 4000 1921 4001 2024 4001 2022 4001 1921 4002 2022 4002 1919 4002 1919 4003 2022 4003 2020 4003 1919 4004 2020 4004 1917 4004 1917 4005 2020 4005 2018 4005 1917 4006 2018 4006 1915 4006 1915 4007 2018 4007 2016 4007 1915 4008 2016 4008 1913 4008 1913 4009 2016 4009 2014 4009 1913 4010 2014 4010 1911 4010 1911 4011 2014 4011 2012 4011 1911 4012 2012 4012 1909 4012 1909 4013 2012 4013 2010 4013 1909 4014 2010 4014 1907 4014 1907 4015 2010 4015 2008 4015 1907 2218 2008 2218 1905 2218 1905 4016 2008 4016 2006 4016 1905 4017 2006 4017 1903 4017 1903 4018 2006 4018 2004 4018 1903 4019 2004 4019 1868 4019 1868 4020 2004 4020 2002 4020 1868 4021 2002 4021 1869 4021 1869 4022 2002 4022 2001 4022 1869 4023 2001 4023 1870 4023 1870 4024 2001 4024 2000 4024 1870 4025 2000 4025 1948 4025 1948 4026 2000 4026 1999 4026 1948 4027 1999 4027 1949 4027 1949 4028 1999 4028 1998 4028 1949 4029 1998 4029 1950 4029 1950 4030 1998 4030 1997 4030 1950 4031 1997 4031 1951 4031 1951 4032 1997 4032 1996 4032 1951 4033 1996 4033 1952 4033 1952 4034 1996 4034 1995 4034 1952 4035 1995 4035 1953 4035 1953 4036 1995 4036 1994 4036 1953 2480 1994 2480 1954 2480 1954 4037 1994 4037 1993 4037 1954 2478 1993 2478 1955 2478 1955 4038 1993 4038 1992 4038 1955 4039 1992 4039 1956 4039 1956 4040 1992 4040 1974 4040 1956 4041 1974 4041 1957 4041 1957 4042 1974 4042 1973 4042 1957 4043 1973 4043 1879 4043 1879 4044 1973 4044 1972 4044 1879 4045 1972 4045 1880 4045 1880 4046 1972 4046 1991 4046 1880 4047 1991 4047 1881 4047 1881 4048 1991 4048 1990 4048 1881 4049 1990 4049 1958 4049 1958 4050 1990 4050 1989 4050 1958 2464 1989 2464 1959 2464 1959 4051 1989 4051 1988 4051 1959 4052 1988 4052 1960 4052 1960 4053 1988 4053 1987 4053 1960 2460 1987 2460 1961 2460 1961 4054 1987 4054 1986 4054 1961 4055 1986 4055 1962 4055 1962 4056 1986 4056 1985 4056 1962 4057 1985 4057 1963 4057 1963 4058 1985 4058 1984 4058 1963 2454 1984 2454 1964 2454 1964 4059 1984 4059 1983 4059 1964 4060 1983 4060 1965 4060 1965 4061 1983 4061 1982 4061 1965 4062 1982 4062 1946 4062 1946 4063 1982 4063 1978 4063 1876 4064 2045 4064 1877 4064 1877 4065 2045 4065 2047 4065 1877 4066 2047 4066 1878 4066 1878 4067 2047 4067 2046 4067 1878 4068 2046 4068 1882 4068 1882 4069 2046 4069 2065 4069 1882 4070 2065 4070 1883 4070 1883 4071 2065 4071 2064 4071 1883 2440 2064 2440 1884 2440 1884 4072 2064 4072 2063 4072 1884 4073 2063 4073 1885 4073 1885 4074 2063 4074 2062 4074 1885 2530 2062 2530 1886 2530 1886 4075 2062 4075 2061 4075 1886 4076 2061 4076 1887 4076 1887 4077 2061 4077 2060 4077 1887 4078 2060 4078 1888 4078 1888 4079 2060 4079 2059 4079 1888 4080 2059 4080 1889 4080 1889 4081 2059 4081 2058 4081 1889 3994 2058 3994 1890 3994 1890 4082 2058 4082 1981 4082 1890 4083 1981 4083 1891 4083 1891 4084 1981 4084 1980 4084 1891 4085 1980 4085 1872 4085 1872 4086 1980 4086 1979 4086 1872 4087 1979 4087 1873 4087 1873 4088 1979 4088 2057 4088 1873 4089 2057 4089 1874 4089 1874 4090 2057 4090 2056 4090 1874 4091 2056 4091 1892 4091 1892 4092 2056 4092 2055 4092 1892 4093 2055 4093 1893 4093 1893 4094 2055 4094 2054 4094 1893 4095 2054 4095 1894 4095 1894 4096 2054 4096 2053 4096 1894 4097 2053 4097 1895 4097 1895 4098 2053 4098 2052 4098 1895 4099 2052 4099 1896 4099 1896 4100 2052 4100 2051 4100 1896 4101 2051 4101 1897 4101 1897 4102 2051 4102 2050 4102 1897 4103 2050 4103 1898 4103 1898 4104 2050 4104 2049 4104 1898 4105 2049 4105 1899 4105 1899 4106 2049 4106 2048 4106 1899 4107 2048 4107 1900 4107 1900 4108 2048 4108 1970 4108 1900 4109 1970 4109 1901 4109 1901 4110 1970 4110 1969 4110 1901 4111 1969 4111 1902 4111 1902 4112 1969 4112 1967 4112 1902 4113 1967 4113 1904 4113 1904 4114 1967 4114 2003 4114 1904 2394 2003 2394 1906 2394 1906 4115 2003 4115 2005 4115 1906 4116 2005 4116 1908 4116 1908 4117 2005 4117 2007 4117 1908 4118 2007 4118 1910 4118 1910 4119 2007 4119 2009 4119 1910 4120 2009 4120 1912 4120 1912 4121 2009 4121 2011 4121 1912 4122 2011 4122 1914 4122 1914 4123 2011 4123 2013 4123 1914 4124 2013 4124 1916 4124 1916 4125 2013 4125 2015 4125 1916 4126 2015 4126 1918 4126 1918 4127 2015 4127 2017 4127 1918 4128 2017 4128 1920 4128 1920 4129 2017 4129 2019 4129 1920 2285 2019 2285 1922 2285 1922 4130 2019 4130 2021 4130 1922 4131 2021 4131 1924 4131 1924 4132 2021 4132 2023 4132 1924 4133 2023 4133 1926 4133 1926 4134 2023 4134 2025 4134 1926 4135 2025 4135 1928 4135 1928 4136 2025 4136 2027 4136 1928 2370 2027 2370 1930 2370 1930 4137 2027 4137 2029 4137 1930 4138 2029 4138 1932 4138 1932 4139 2029 4139 2031 4139 1932 4140 2031 4140 1934 4140 1934 4141 2031 4141 2033 4141 1934 4142 2033 4142 1936 4142 1936 4143 2033 4143 2035 4143 1936 4144 2035 4144 1938 4144 1938 4145 2035 4145 2037 4145 1938 4146 2037 4146 1940 4146 1940 4147 2037 4147 2039 4147 1940 4148 2039 4148 1942 4148 1942 4149 2039 4149 2041 4149 1942 4150 2041 4150 1944 4150 1944 4151 2041 4151 2043 4151 1944 4152 2043 4152 1876 4152 1876 4153 2043 4153 2045 4153 1975 4154 1971 4154 1871 4154 1871 4155 1971 4155 1875 4155 2075 4156 2071 4156 1773 4156 1773 4157 2071 4157 1777 4157 2166 4158 2167 4158 2068 4158 2068 4159 2167 4159 2066 4159 2168 2559 2166 2559 1966 2559 1966 4160 2166 4160 2068 4160 1966 4161 2068 4161 1755 4161 1755 4162 2068 4162 174 4162 1755 4163 174 4163 1767 4163 2068 4164 2075 4164 174 4164 174 4165 2075 4165 1773 4165 1765 4166 168 4166 1755 4166 1755 4167 168 4167 1966 4167 168 2564 1875 2564 1966 2564 1966 4168 1875 4168 1971 4168 2169 4169 2168 4169 1968 4169 1968 4170 2168 4170 1966 4170 2167 4171 2169 4171 2066 4171 2066 4172 2169 4172 1968 4172 2066 4173 1968 4173 1701 4173 1701 4174 1968 4174 1769 4174 1701 4175 1769 4175 1764 4175 1968 4176 1975 4176 1769 4176 1769 4177 1975 4177 1871 4177 1766 4178 1768 4178 1701 4178 1701 4179 1768 4179 2066 4179 1768 4180 1777 4180 2066 4180 2066 4181 1777 4181 2071 4181 2167 4182 2166 4182 2169 4182 2169 4183 2166 4183 2168 4183 2170 4184 2171 4184 2172 4184 2170 4185 2172 4185 2173 4185 2170 4186 2173 4186 2174 4186 2170 4187 2174 4187 2175 4187 2171 4188 2170 4188 2176 4188 2171 4189 2176 4189 2177 4189 2171 4190 2177 4190 2178 4190 2171 4191 2178 4191 2179 4191 2179 4192 2180 4192 2181 4192 2179 4193 2181 4193 2182 4193 2179 4194 2182 4194 2183 4194 2179 4195 2183 4195 2171 4195 2180 4196 2179 4196 2184 4196 2180 4197 2184 4197 2185 4197 2180 4198 2185 4198 2186 4198 2180 4199 2186 4199 2187 4199 2187 4200 2188 4200 2189 4200 2187 4201 2189 4201 2190 4201 2187 4202 2190 4202 2191 4202 2187 4203 2191 4203 2180 4203 2187 4204 2192 4204 2193 4204 2187 4205 2193 4205 2194 4205 2187 4206 2194 4206 2195 4206 2187 4207 2195 4207 2188 4207 2192 4208 2187 4208 2196 4208 2192 4209 2196 4209 2197 4209 2192 4210 2197 4210 2198 4210 2192 4211 2198 4211 2199 4211 2199 4212 2200 4212 2201 4212 2199 4213 2201 4213 2202 4213 2199 4214 2202 4214 2203 4214 2199 4215 2203 4215 2192 4215 2200 4216 2199 4216 2204 4216 2200 4217 2204 4217 2205 4217 2200 4218 2205 4218 2206 4218 2200 4219 2206 4219 2207 4219 2207 4220 2208 4220 2209 4220 2207 4221 2209 4221 2210 4221 2207 4222 2210 4222 2211 4222 2207 4223 2211 4223 2200 4223 2207 4224 2212 4224 2213 4224 2207 4225 2213 4225 2214 4225 2207 4226 2214 4226 2215 4226 2207 4227 2215 4227 2208 4227 2212 4228 2207 4228 2216 4228 2212 4229 2216 4229 2217 4229 2212 4230 2217 4230 2218 4230 2212 4231 2218 4231 2219 4231 2219 4232 2220 4232 2221 4232 2219 4233 2221 4233 2222 4233 2219 4234 2222 4234 2223 4234 2219 4235 2223 4235 2212 4235 2220 4236 2219 4236 2224 4236 2220 4237 2224 4237 2225 4237 2220 4238 2225 4238 2226 4238 2220 4239 2226 4239 2227 4239 2227 4240 2228 4240 2229 4240 2227 4241 2229 4241 2230 4241 2227 4242 2230 4242 2231 4242 2227 4243 2231 4243 2220 4243 2228 4244 2227 4244 2232 4244 2228 4245 2232 4245 2233 4245 2228 4246 2233 4246 2234 4246 2228 4247 2234 4247 2235 4247 2235 4248 2236 4248 2237 4248 2235 4249 2237 4249 2238 4249 2235 4250 2238 4250 2239 4250 2235 4251 2239 4251 2228 4251 2235 4252 2240 4252 2241 4252 2235 4253 2241 4253 2242 4253 2235 4254 2242 4254 2243 4254 2235 4255 2243 4255 2236 4255 2240 4256 2235 4256 2244 4256 2240 4257 2244 4257 2245 4257 2240 4258 2245 4258 2246 4258 2240 4259 2246 4259 2247 4259 2247 4260 2248 4260 2249 4260 2247 4261 2249 4261 2250 4261 2247 4262 2250 4262 2251 4262 2247 4263 2251 4263 2240 4263 2248 4264 2247 4264 2252 4264 2248 4265 2252 4265 2253 4265 2248 4266 2253 4266 2254 4266 2248 4267 2254 4267 2255 4267 2255 4268 2256 4268 2257 4268 2255 4269 2257 4269 2258 4269 2255 4270 2258 4270 2259 4270 2255 4271 2259 4271 2248 4271 2255 4272 2260 4272 2261 4272 2255 4273 2261 4273 2262 4273 2255 4274 2262 4274 2263 4274 2255 4275 2263 4275 2256 4275 2260 4276 2255 4276 2264 4276 2260 4277 2264 4277 2265 4277 2260 4278 2265 4278 2266 4278 2260 4279 2266 4279 2267 4279 2267 4280 2268 4280 2269 4280 2267 4281 2269 4281 2270 4281 2267 4282 2270 4282 2271 4282 2267 4283 2271 4283 2260 4283 2268 4284 2267 4284 2272 4284 2268 4285 2272 4285 2273 4285 2268 4286 2273 4286 2274 4286 2268 4287 2274 4287 2275 4287 2275 4288 2276 4288 2277 4288 2275 4289 2277 4289 2278 4289 2275 4290 2278 4290 2279 4290 2275 4291 2279 4291 2268 4291 2276 4292 2275 4292 2280 4292 2276 4293 2280 4293 2281 4293 2276 4294 2281 4294 2282 4294 2276 4295 2282 4295 2283 4295 2283 4296 2284 4296 2285 4296 2283 4297 2285 4297 2286 4297 2283 4298 2286 4298 2287 4298 2283 4299 2287 4299 2276 4299 2283 4300 2288 4300 2289 4300 2283 4301 2289 4301 2290 4301 2283 4302 2290 4302 2291 4302 2283 4303 2291 4303 2284 4303 2288 4304 2283 4304 2292 4304 2288 4305 2292 4305 2293 4305 2288 4306 2293 4306 2294 4306 2288 4307 2294 4307 2295 4307 2295 4308 2296 4308 2297 4308 2295 4309 2297 4309 2298 4309 2295 4310 2298 4310 2299 4310 2295 4311 2299 4311 2288 4311 2296 4312 2295 4312 2300 4312 2296 4313 2300 4313 2301 4313 2296 4314 2301 4314 2302 4314 2296 4315 2302 4315 2303 4315 2303 4316 2304 4316 2305 4316 2303 4317 2305 4317 2306 4317 2303 4318 2306 4318 2307 4318 2303 4319 2307 4319 2296 4319 2303 4320 2308 4320 2309 4320 2303 4321 2309 4321 2310 4321 2303 4322 2310 4322 2311 4322 2303 4323 2311 4323 2304 4323 2308 4324 2303 4324 2312 4324 2308 4325 2312 4325 2313 4325 2308 4326 2313 4326 2314 4326 2308 4327 2314 4327 2315 4327 2315 4328 2316 4328 2317 4328 2315 4329 2317 4329 2318 4329 2315 4330 2318 4330 2319 4330 2315 4331 2319 4331 2308 4331 2316 4332 2315 4332 2320 4332 2316 4333 2320 4333 2321 4333 2316 4334 2321 4334 2322 4334 2316 4335 2322 4335 2323 4335 2323 4336 2324 4336 2325 4336 2323 4337 2325 4337 2326 4337 2323 4338 2326 4338 2327 4338 2323 4339 2327 4339 2316 4339 2323 4340 2328 4340 2329 4340 2323 4341 2329 4341 2330 4341 2323 4342 2330 4342 2331 4342 2323 4343 2331 4343 2324 4343 2328 4344 2323 4344 2332 4344 2328 4345 2332 4345 2333 4345 2328 4346 2333 4346 2334 4346 2328 4347 2334 4347 2335 4347 2335 4348 2336 4348 2337 4348 2335 4349 2337 4349 2338 4349 2335 4350 2338 4350 2339 4350 2335 4351 2339 4351 2328 4351 2336 4352 2335 4352 2340 4352 2336 4353 2340 4353 2341 4353 2336 4354 2341 4354 2342 4354 2336 4355 2342 4355 2343 4355 2343 4356 2344 4356 2345 4356 2343 4357 2345 4357 2346 4357 2343 4358 2346 4358 2347 4358 2343 4359 2347 4359 2336 4359 2344 4360 2343 4360 2348 4360 2344 4361 2348 4361 2349 4361 2344 4362 2349 4362 2350 4362 2344 4363 2350 4363 2351 4363 2351 4364 2352 4364 2353 4364 2351 4365 2353 4365 2354 4365 2351 4366 2354 4366 2355 4366 2351 4367 2355 4367 2344 4367 2351 4368 2356 4368 2357 4368 2351 4369 2357 4369 2358 4369 2351 4370 2358 4370 2359 4370 2351 4371 2359 4371 2352 4371 2356 4372 2351 4372 2360 4372 2356 4373 2360 4373 2361 4373 2356 4374 2361 4374 2362 4374 2356 4375 2362 4375 2363 4375 2363 4376 2364 4376 2365 4376 2363 4377 2365 4377 2366 4377 2363 4378 2366 4378 2367 4378 2363 4379 2367 4379 2356 4379 2364 4380 2363 4380 2368 4380 2364 4381 2368 4381 2369 4381 2364 4382 2369 4382 2370 4382 2364 4383 2370 4383 2371 4383 2371 4384 2372 4384 2373 4384 2371 4385 2373 4385 2374 4385 2371 4386 2374 4386 2375 4386 2371 4387 2375 4387 2364 4387 2371 4388 2175 4388 2376 4388 2371 4389 2376 4389 2377 4389 2371 4390 2377 4390 2378 4390 2371 4391 2378 4391 2372 4391 2175 4392 2371 4392 2379 4392 2175 4393 2379 4393 2380 4393 2175 4394 2380 4394 2381 4394 2175 4395 2381 4395 2170 4395 2382 4396 2383 4396 2384 4396 2383 4397 2385 4397 2384 4397 2384 4398 2385 4398 2386 4398 2385 4399 2387 4399 2386 4399 2386 4400 2387 4400 2388 4400 2387 4401 2389 4401 2388 4401 2388 4402 2389 4402 2390 4402 2390 4403 2391 4403 2388 4403 2391 4404 2392 4404 2388 4404 2388 4405 2392 4405 2386 4405 2392 4406 2393 4406 2386 4406 2386 4407 2393 4407 2384 4407 2393 4408 2394 4408 2384 4408 2384 4409 2394 4409 2382 4409 2395 4410 2396 4410 2397 4410 2396 4411 2398 4411 2397 4411 2397 4412 2398 4412 2399 4412 2398 4413 2400 4413 2399 4413 2399 4414 2400 4414 2401 4414 2400 4415 2382 4415 2401 4415 2401 4416 2382 4416 2394 4416 2394 4417 2402 4417 2401 4417 2402 4418 2403 4418 2401 4418 2401 4419 2403 4419 2399 4419 2403 4420 2404 4420 2399 4420 2399 4421 2404 4421 2397 4421 2404 4422 2405 4422 2397 4422 2397 4423 2405 4423 2395 4423 2406 4424 2407 4424 2408 4424 2407 4425 2409 4425 2408 4425 2408 4426 2409 4426 2410 4426 2409 4427 2411 4427 2410 4427 2410 4428 2411 4428 2412 4428 2411 4429 2395 4429 2412 4429 2412 4430 2395 4430 2405 4430 2405 4431 2413 4431 2412 4431 2413 4432 2414 4432 2412 4432 2412 4433 2414 4433 2410 4433 2414 4434 2415 4434 2410 4434 2410 4435 2415 4435 2408 4435 2415 4436 2416 4436 2408 4436 2408 4437 2416 4437 2406 4437 2417 4438 2418 4438 2419 4438 2418 4439 2420 4439 2419 4439 2419 4440 2420 4440 2421 4440 2420 4441 2422 4441 2421 4441 2421 4442 2422 4442 2423 4442 2422 4443 2406 4443 2423 4443 2423 4444 2406 4444 2416 4444 2416 4445 2424 4445 2423 4445 2424 4446 2425 4446 2423 4446 2423 4447 2425 4447 2421 4447 2425 4448 2426 4448 2421 4448 2421 4449 2426 4449 2419 4449 2426 4450 2427 4450 2419 4450 2419 4451 2427 4451 2417 4451 2428 4452 2429 4452 2430 4452 2429 4453 2431 4453 2430 4453 2430 4454 2431 4454 2432 4454 2431 4455 2433 4455 2432 4455 2432 4456 2433 4456 2434 4456 2433 4457 2417 4457 2434 4457 2434 4458 2417 4458 2427 4458 2427 4459 2435 4459 2434 4459 2435 4460 2436 4460 2434 4460 2434 4461 2436 4461 2432 4461 2436 4462 2437 4462 2432 4462 2432 4463 2437 4463 2430 4463 2437 4464 2438 4464 2430 4464 2430 4465 2438 4465 2428 4465 2439 4466 2440 4466 2441 4466 2440 4467 2442 4467 2441 4467 2441 4468 2442 4468 2443 4468 2442 4469 2444 4469 2443 4469 2443 4470 2444 4470 2445 4470 2444 4471 2428 4471 2445 4471 2445 4472 2428 4472 2438 4472 2438 4473 2446 4473 2445 4473 2446 4474 2447 4474 2445 4474 2445 4475 2447 4475 2443 4475 2447 4476 2448 4476 2443 4476 2443 4477 2448 4477 2441 4477 2448 4478 2449 4478 2441 4478 2441 4479 2449 4479 2439 4479 2450 4480 2451 4480 2452 4480 2451 4481 2453 4481 2452 4481 2452 4482 2453 4482 2454 4482 2453 4483 2455 4483 2454 4483 2454 4484 2455 4484 2456 4484 2455 4485 2439 4485 2456 4485 2456 4486 2439 4486 2449 4486 2449 4487 2457 4487 2456 4487 2457 4488 2458 4488 2456 4488 2456 4489 2458 4489 2454 4489 2458 4490 2459 4490 2454 4490 2454 4491 2459 4491 2452 4491 2459 4492 2460 4492 2452 4492 2452 4493 2460 4493 2450 4493 2461 4494 2462 4494 2463 4494 2462 4495 2464 4495 2463 4495 2463 4496 2464 4496 2465 4496 2464 4497 2466 4497 2465 4497 2465 4498 2466 4498 2467 4498 2466 4499 2450 4499 2467 4499 2467 4500 2450 4500 2460 4500 2460 4501 2468 4501 2467 4501 2468 4502 2469 4502 2467 4502 2467 4503 2469 4503 2465 4503 2469 4504 2470 4504 2465 4504 2465 4505 2470 4505 2463 4505 2470 4506 2471 4506 2463 4506 2463 4507 2471 4507 2461 4507 2472 4508 2473 4508 2474 4508 2473 4509 2475 4509 2474 4509 2474 4510 2475 4510 2476 4510 2475 4511 2477 4511 2476 4511 2476 4512 2477 4512 2478 4512 2477 4513 2461 4513 2478 4513 2478 4514 2461 4514 2471 4514 2471 4515 2479 4515 2478 4515 2479 4516 2480 4516 2478 4516 2478 4517 2480 4517 2476 4517 2480 4518 2481 4518 2476 4518 2476 4519 2481 4519 2474 4519 2481 4520 2482 4520 2474 4520 2474 4521 2482 4521 2472 4521 2483 4522 2484 4522 2485 4522 2484 4523 2486 4523 2485 4523 2485 4524 2486 4524 2487 4524 2486 4525 2488 4525 2487 4525 2487 4526 2488 4526 2489 4526 2488 4527 2472 4527 2489 4527 2489 4528 2472 4528 2482 4528 2482 4529 2490 4529 2489 4529 2490 4530 2491 4530 2489 4530 2489 4531 2491 4531 2487 4531 2491 4532 2492 4532 2487 4532 2487 4533 2492 4533 2485 4533 2492 4534 2493 4534 2485 4534 2485 4535 2493 4535 2483 4535 2494 4536 2495 4536 2496 4536 2495 4537 2497 4537 2496 4537 2496 4538 2497 4538 2498 4538 2497 4539 2499 4539 2498 4539 2498 4540 2499 4540 2500 4540 2499 4541 2483 4541 2500 4541 2500 4542 2483 4542 2493 4542 2493 4543 2501 4543 2500 4543 2501 4544 2502 4544 2500 4544 2500 4545 2502 4545 2498 4545 2502 4546 2503 4546 2498 4546 2498 4547 2503 4547 2496 4547 2503 4548 2504 4548 2496 4548 2496 4549 2504 4549 2494 4549 2505 4550 2506 4550 2507 4550 2506 4551 2508 4551 2507 4551 2507 4552 2508 4552 2509 4552 2508 4553 2510 4553 2509 4553 2509 4554 2510 4554 2511 4554 2510 4555 2494 4555 2511 4555 2511 4556 2494 4556 2504 4556 2504 4557 2512 4557 2511 4557 2512 4558 2513 4558 2511 4558 2511 4559 2513 4559 2509 4559 2513 4560 2514 4560 2509 4560 2509 4561 2514 4561 2507 4561 2514 4562 2515 4562 2507 4562 2507 4563 2515 4563 2505 4563 2516 4564 2517 4564 2518 4564 2517 4565 2519 4565 2518 4565 2518 4566 2519 4566 2520 4566 2519 4567 2521 4567 2520 4567 2520 4568 2521 4568 2522 4568 2521 4569 2505 4569 2522 4569 2522 4570 2505 4570 2515 4570 2515 4571 2523 4571 2522 4571 2523 4572 2524 4572 2522 4572 2522 4573 2524 4573 2520 4573 2524 4574 2525 4574 2520 4574 2520 4575 2525 4575 2518 4575 2525 4576 2526 4576 2518 4576 2518 4577 2526 4577 2516 4577 2527 4578 2528 4578 2529 4578 2528 4579 2530 4579 2529 4579 2529 4580 2530 4580 2531 4580 2530 4581 2532 4581 2531 4581 2531 4582 2532 4582 2533 4582 2532 4583 2516 4583 2533 4583 2533 4584 2516 4584 2526 4584 2526 4585 2534 4585 2533 4585 2534 4586 2535 4586 2533 4586 2533 4587 2535 4587 2531 4587 2535 4588 2536 4588 2531 4588 2531 4589 2536 4589 2529 4589 2536 4590 2537 4590 2529 4590 2529 4591 2537 4591 2527 4591 2538 4592 2539 4592 2540 4592 2539 4593 2541 4593 2540 4593 2540 4594 2541 4594 2542 4594 2541 4595 2543 4595 2542 4595 2542 4596 2543 4596 2544 4596 2543 4597 2527 4597 2544 4597 2544 4598 2527 4598 2537 4598 2537 4599 2545 4599 2544 4599 2545 4600 2546 4600 2544 4600 2544 4601 2546 4601 2542 4601 2546 4602 2547 4602 2542 4602 2542 4603 2547 4603 2540 4603 2547 4604 2548 4604 2540 4604 2540 4605 2548 4605 2538 4605 2549 4606 2550 4606 2551 4606 2550 4607 2552 4607 2551 4607 2551 4608 2552 4608 2553 4608 2552 4609 2554 4609 2553 4609 2553 4610 2554 4610 2555 4610 2554 4611 2538 4611 2555 4611 2555 4612 2538 4612 2548 4612 2548 4613 2556 4613 2555 4613 2556 4614 2557 4614 2555 4614 2555 4615 2557 4615 2553 4615 2557 4616 2558 4616 2553 4616 2553 4617 2558 4617 2551 4617 2558 4618 2559 4618 2551 4618 2551 4619 2559 4619 2549 4619 2560 4620 2561 4620 2562 4620 2561 4621 2563 4621 2562 4621 2562 4622 2563 4622 2564 4622 2563 4623 2565 4623 2564 4623 2564 4624 2565 4624 2566 4624 2565 4625 2549 4625 2566 4625 2566 4626 2549 4626 2559 4626 2559 4627 2567 4627 2566 4627 2567 4628 2568 4628 2566 4628 2566 4629 2568 4629 2564 4629 2568 4630 2569 4630 2564 4630 2564 4631 2569 4631 2562 4631 2569 4632 2570 4632 2562 4632 2562 4633 2570 4633 2560 4633 2571 4634 2572 4634 2573 4634 2572 4635 2574 4635 2573 4635 2573 4636 2574 4636 2575 4636 2574 4637 2576 4637 2575 4637 2575 4638 2576 4638 2577 4638 2576 4639 2560 4639 2577 4639 2577 4640 2560 4640 2570 4640 2570 4641 2578 4641 2577 4641 2578 4642 2579 4642 2577 4642 2577 4643 2579 4643 2575 4643 2579 4644 2580 4644 2575 4644 2575 4645 2580 4645 2573 4645 2580 4646 2581 4646 2573 4646 2573 4647 2581 4647 2571 4647 2582 4648 2583 4648 2584 4648 2583 4649 2585 4649 2584 4649 2584 4650 2585 4650 2586 4650 2585 4651 2587 4651 2586 4651 2586 4652 2587 4652 2588 4652 2587 4653 2571 4653 2588 4653 2588 4654 2571 4654 2581 4654 2581 4655 2589 4655 2588 4655 2589 4656 2590 4656 2588 4656 2588 4657 2590 4657 2586 4657 2590 4658 2591 4658 2586 4658 2586 4659 2591 4659 2584 4659 2591 4660 2592 4660 2584 4660 2584 4661 2592 4661 2582 4661 2593 4662 2594 4662 2595 4662 2594 4663 2596 4663 2595 4663 2595 4664 2596 4664 2597 4664 2596 4665 2598 4665 2597 4665 2597 4666 2598 4666 2599 4666 2598 4667 2582 4667 2599 4667 2599 4668 2582 4668 2592 4668 2592 4669 2600 4669 2599 4669 2600 4670 2601 4670 2599 4670 2599 4671 2601 4671 2597 4671 2601 4672 2602 4672 2597 4672 2597 4673 2602 4673 2595 4673 2602 4674 2603 4674 2595 4674 2595 4675 2603 4675 2593 4675 2604 4676 2605 4676 2606 4676 2605 4677 2607 4677 2606 4677 2606 4678 2607 4678 2608 4678 2607 4679 2609 4679 2608 4679 2608 4680 2609 4680 2610 4680 2609 4681 2593 4681 2610 4681 2610 4682 2593 4682 2603 4682 2603 4683 2611 4683 2610 4683 2611 4684 2612 4684 2610 4684 2610 4685 2612 4685 2608 4685 2612 4686 2613 4686 2608 4686 2608 4687 2613 4687 2606 4687 2613 4688 2614 4688 2606 4688 2606 4689 2614 4689 2604 4689 2389 4690 2615 4690 2616 4690 2615 4691 2617 4691 2616 4691 2616 4692 2617 4692 2618 4692 2617 4693 2619 4693 2618 4693 2618 4694 2619 4694 2620 4694 2619 4695 2604 4695 2620 4695 2620 4696 2604 4696 2614 4696 2614 4697 2621 4697 2620 4697 2621 4698 2622 4698 2620 4698 2620 4699 2622 4699 2618 4699 2622 4700 2623 4700 2618 4700 2618 4701 2623 4701 2616 4701 2623 4702 2390 4702 2616 4702 2616 4703 2390 4703 2389 4703 2624 4704 2625 4704 2626 4704 2625 4705 2627 4705 2626 4705 2626 4706 2627 4706 2628 4706 2627 4707 2629 4707 2628 4707 2628 4708 2629 4708 2630 4708 2629 4709 2631 4709 2630 4709 2630 4710 2631 4710 2632 4710 2632 4711 2633 4711 2630 4711 2633 4712 2634 4712 2630 4712 2630 4713 2634 4713 2628 4713 2634 4714 2635 4714 2628 4714 2628 4715 2635 4715 2626 4715 2635 4716 2636 4716 2626 4716 2626 4717 2636 4717 2624 4717 2637 4718 2638 4718 2639 4718 2638 4719 2640 4719 2639 4719 2639 4720 2640 4720 2641 4720 2640 4721 2642 4721 2641 4721 2641 4722 2642 4722 2643 4722 2642 4723 2624 4723 2643 4723 2643 4724 2624 4724 2636 4724 2636 4725 2644 4725 2643 4725 2644 4726 2645 4726 2643 4726 2643 4727 2645 4727 2641 4727 2645 4728 2646 4728 2641 4728 2641 4729 2646 4729 2639 4729 2646 4730 2647 4730 2639 4730 2639 4731 2647 4731 2637 4731 2648 4732 2649 4732 2650 4732 2649 4733 2651 4733 2650 4733 2650 4734 2651 4734 2652 4734 2651 4735 2653 4735 2652 4735 2652 4736 2653 4736 2654 4736 2653 4429 2637 4429 2654 4429 2654 4737 2637 4737 2647 4737 2647 4738 2655 4738 2654 4738 2655 4432 2656 4432 2654 4432 2654 4739 2656 4739 2652 4739 2656 4740 2657 4740 2652 4740 2652 4741 2657 4741 2650 4741 2657 4742 2658 4742 2650 4742 2650 4743 2658 4743 2648 4743 2659 4744 2660 4744 2661 4744 2660 4745 2662 4745 2661 4745 2661 4746 2662 4746 2663 4746 2662 4747 2664 4747 2663 4747 2663 4748 2664 4748 2665 4748 2664 4749 2648 4749 2665 4749 2665 4750 2648 4750 2658 4750 2658 4751 2666 4751 2665 4751 2666 4752 2667 4752 2665 4752 2665 4753 2667 4753 2663 4753 2667 4754 2668 4754 2663 4754 2663 4755 2668 4755 2661 4755 2668 4756 2669 4756 2661 4756 2661 4757 2669 4757 2659 4757 2670 4758 2671 4758 2672 4758 2671 4453 2673 4453 2672 4453 2672 4759 2673 4759 2674 4759 2673 4760 2675 4760 2674 4760 2674 4761 2675 4761 2676 4761 2675 4762 2659 4762 2676 4762 2676 4763 2659 4763 2669 4763 2669 4764 2677 4764 2676 4764 2677 4765 2678 4765 2676 4765 2676 4766 2678 4766 2674 4766 2678 4767 2679 4767 2674 4767 2674 4768 2679 4768 2672 4768 2679 4769 2680 4769 2672 4769 2672 4770 2680 4770 2670 4770 2681 4771 2682 4771 2683 4771 2682 4772 2684 4772 2683 4772 2683 4773 2684 4773 2685 4773 2684 4774 2686 4774 2685 4774 2685 4775 2686 4775 2687 4775 2686 4776 2670 4776 2687 4776 2687 4777 2670 4777 2680 4777 2680 4778 2688 4778 2687 4778 2688 4779 2689 4779 2687 4779 2687 4780 2689 4780 2685 4780 2689 4781 2690 4781 2685 4781 2685 4782 2690 4782 2683 4782 2690 4783 2691 4783 2683 4783 2683 4784 2691 4784 2681 4784 2692 4785 2693 4785 2694 4785 2693 4786 2695 4786 2694 4786 2694 4787 2695 4787 2696 4787 2695 4788 2697 4788 2696 4788 2696 4789 2697 4789 2698 4789 2697 4790 2681 4790 2698 4790 2698 4791 2681 4791 2691 4791 2691 4792 2699 4792 2698 4792 2699 4793 2700 4793 2698 4793 2698 4794 2700 4794 2696 4794 2700 4795 2701 4795 2696 4795 2696 4796 2701 4796 2694 4796 2701 4797 2702 4797 2694 4797 2694 4798 2702 4798 2692 4798 2703 4799 2704 4799 2705 4799 2704 4800 2706 4800 2705 4800 2705 4801 2706 4801 2707 4801 2706 4802 2708 4802 2707 4802 2707 4803 2708 4803 2709 4803 2708 4804 2692 4804 2709 4804 2709 4805 2692 4805 2702 4805 2702 4806 2710 4806 2709 4806 2710 4807 2711 4807 2709 4807 2709 4808 2711 4808 2707 4808 2711 4809 2712 4809 2707 4809 2707 4810 2712 4810 2705 4810 2712 4811 2713 4811 2705 4811 2705 4812 2713 4812 2703 4812 2714 4813 2715 4813 2716 4813 2715 4814 2717 4814 2716 4814 2716 4815 2717 4815 2718 4815 2717 4816 2719 4816 2718 4816 2718 4817 2719 4817 2720 4817 2719 4818 2703 4818 2720 4818 2720 4514 2703 4514 2713 4514 2713 4819 2721 4819 2720 4819 2721 4820 2722 4820 2720 4820 2720 4821 2722 4821 2718 4821 2722 4822 2723 4822 2718 4822 2718 4823 2723 4823 2716 4823 2723 4824 2724 4824 2716 4824 2716 4825 2724 4825 2714 4825 2725 4826 2726 4826 2727 4826 2726 4523 2728 4523 2727 4523 2727 4827 2728 4827 2729 4827 2728 4828 2730 4828 2729 4828 2729 4829 2730 4829 2731 4829 2730 4830 2714 4830 2731 4830 2731 4831 2714 4831 2724 4831 2724 4832 2732 4832 2731 4832 2732 4833 2733 4833 2731 4833 2731 4834 2733 4834 2729 4834 2733 4835 2734 4835 2729 4835 2729 4836 2734 4836 2727 4836 2734 4837 2735 4837 2727 4837 2727 4838 2735 4838 2725 4838 2736 4839 2737 4839 2738 4839 2737 4840 2739 4840 2738 4840 2738 4841 2739 4841 2740 4841 2739 4842 2741 4842 2740 4842 2740 4843 2741 4843 2742 4843 2741 4844 2725 4844 2742 4844 2742 4845 2725 4845 2735 4845 2735 4846 2743 4846 2742 4846 2743 4847 2744 4847 2742 4847 2742 4848 2744 4848 2740 4848 2744 4849 2745 4849 2740 4849 2740 4850 2745 4850 2738 4850 2745 4851 2746 4851 2738 4851 2738 4852 2746 4852 2736 4852 2747 4853 2748 4853 2749 4853 2748 4854 2750 4854 2749 4854 2749 4855 2750 4855 2751 4855 2750 4856 2752 4856 2751 4856 2751 4857 2752 4857 2753 4857 2752 4858 2736 4858 2753 4858 2753 4859 2736 4859 2746 4859 2746 4860 2754 4860 2753 4860 2754 4861 2755 4861 2753 4861 2753 4862 2755 4862 2751 4862 2755 4863 2756 4863 2751 4863 2751 4864 2756 4864 2749 4864 2756 4865 2757 4865 2749 4865 2749 4866 2757 4866 2747 4866 2758 4867 2759 4867 2760 4867 2759 4868 2761 4868 2760 4868 2760 4869 2761 4869 2762 4869 2761 4870 2763 4870 2762 4870 2762 4871 2763 4871 2764 4871 2763 4872 2747 4872 2764 4872 2764 4873 2747 4873 2757 4873 2757 4874 2765 4874 2764 4874 2765 4875 2766 4875 2764 4875 2764 4876 2766 4876 2762 4876 2766 4877 2767 4877 2762 4877 2762 4878 2767 4878 2760 4878 2767 4879 2768 4879 2760 4879 2760 4880 2768 4880 2758 4880 2769 4881 2770 4881 2771 4881 2770 4882 2772 4882 2771 4882 2771 4883 2772 4883 2773 4883 2772 4884 2774 4884 2773 4884 2773 4885 2774 4885 2775 4885 2774 4886 2758 4886 2775 4886 2775 4887 2758 4887 2768 4887 2768 4888 2776 4888 2775 4888 2776 4889 2777 4889 2775 4889 2775 4890 2777 4890 2773 4890 2777 4891 2778 4891 2773 4891 2773 4892 2778 4892 2771 4892 2778 4893 2779 4893 2771 4893 2771 4894 2779 4894 2769 4894 2780 4895 2781 4895 2782 4895 2781 4896 2783 4896 2782 4896 2782 4897 2783 4897 2784 4897 2783 4898 2785 4898 2784 4898 2784 4899 2785 4899 2786 4899 2785 4900 2769 4900 2786 4900 2786 4901 2769 4901 2779 4901 2779 4902 2787 4902 2786 4902 2787 4903 2788 4903 2786 4903 2786 4904 2788 4904 2784 4904 2788 4905 2789 4905 2784 4905 2784 4906 2789 4906 2782 4906 2789 4907 2790 4907 2782 4907 2782 4908 2790 4908 2780 4908 2791 4909 2792 4909 2793 4909 2792 4910 2794 4910 2793 4910 2793 4911 2794 4911 2795 4911 2794 4912 2796 4912 2795 4912 2795 4913 2796 4913 2797 4913 2796 4914 2780 4914 2797 4914 2797 4915 2780 4915 2790 4915 2790 4916 2798 4916 2797 4916 2798 4917 2799 4917 2797 4917 2797 4918 2799 4918 2795 4918 2799 4919 2800 4919 2795 4919 2795 4920 2800 4920 2793 4920 2800 4921 2801 4921 2793 4921 2793 4922 2801 4922 2791 4922 2802 4923 2803 4923 2804 4923 2803 4924 2805 4924 2804 4924 2804 4925 2805 4925 2806 4925 2805 4926 2807 4926 2806 4926 2806 4927 2807 4927 2808 4927 2807 4928 2791 4928 2808 4928 2808 4929 2791 4929 2801 4929 2801 4930 2809 4930 2808 4930 2809 4931 2810 4931 2808 4931 2808 4932 2810 4932 2806 4932 2810 4933 2811 4933 2806 4933 2806 4934 2811 4934 2804 4934 2811 4935 2812 4935 2804 4935 2804 4936 2812 4936 2802 4936 2813 4937 2814 4937 2815 4937 2814 4938 2816 4938 2815 4938 2815 4939 2816 4939 2817 4939 2816 4940 2818 4940 2817 4940 2817 4941 2818 4941 2819 4941 2818 4942 2802 4942 2819 4942 2819 4943 2802 4943 2812 4943 2812 4944 2820 4944 2819 4944 2820 4945 2821 4945 2819 4945 2819 4946 2821 4946 2817 4946 2821 4947 2822 4947 2817 4947 2817 4948 2822 4948 2815 4948 2822 4949 2823 4949 2815 4949 2815 4950 2823 4950 2813 4950 2824 4951 2825 4951 2826 4951 2825 4952 2827 4952 2826 4952 2826 4953 2827 4953 2828 4953 2827 4954 2829 4954 2828 4954 2828 4955 2829 4955 2830 4955 2829 4956 2813 4956 2830 4956 2830 4957 2813 4957 2823 4957 2823 4958 2831 4958 2830 4958 2831 4959 2832 4959 2830 4959 2830 4960 2832 4960 2828 4960 2832 4961 2833 4961 2828 4961 2828 4962 2833 4962 2826 4962 2833 4963 2834 4963 2826 4963 2826 4964 2834 4964 2824 4964 2835 4965 2836 4965 2837 4965 2836 4966 2838 4966 2837 4966 2837 4967 2838 4967 2839 4967 2838 4968 2840 4968 2839 4968 2839 4969 2840 4969 2841 4969 2840 4970 2824 4970 2841 4970 2841 4971 2824 4971 2834 4971 2834 4972 2842 4972 2841 4972 2842 4973 2843 4973 2841 4973 2841 4974 2843 4974 2839 4974 2843 4975 2844 4975 2839 4975 2839 4976 2844 4976 2837 4976 2844 4977 2845 4977 2837 4977 2837 4978 2845 4978 2835 4978 2846 4979 2847 4979 2848 4979 2847 4980 2849 4980 2848 4980 2848 4981 2849 4981 2850 4981 2849 4982 2851 4982 2850 4982 2850 4983 2851 4983 2852 4983 2851 4984 2835 4984 2852 4984 2852 4985 2835 4985 2845 4985 2845 4986 2853 4986 2852 4986 2853 4987 2854 4987 2852 4987 2852 4988 2854 4988 2850 4988 2854 4989 2855 4989 2850 4989 2850 4990 2855 4990 2848 4990 2855 4991 2856 4991 2848 4991 2848 4992 2856 4992 2846 4992 2631 4993 2857 4993 2858 4993 2857 4994 2859 4994 2858 4994 2858 4995 2859 4995 2860 4995 2859 4996 2861 4996 2860 4996 2860 4997 2861 4997 2862 4997 2861 4998 2846 4998 2862 4998 2862 4999 2846 4999 2856 4999 2856 5000 2863 5000 2862 5000 2863 5001 2864 5001 2862 5001 2862 5002 2864 5002 2860 5002 2864 5003 2865 5003 2860 5003 2860 5004 2865 5004 2858 5004 2865 5005 2632 5005 2858 5005 2858 5006 2632 5006 2631 5006 2631 5007 2866 5007 2867 5007 2631 5008 2867 5008 2868 5008 2631 5009 2868 5009 2869 5009 2631 5010 2869 5010 2870 5010 2866 5011 2631 5011 2629 5011 2866 5012 2629 5012 2627 5012 2866 5013 2627 5013 2625 5013 2866 5014 2625 5014 2624 5014 2866 5015 2624 5015 2642 5015 2866 5016 2642 5016 2640 5016 2866 5017 2640 5017 2638 5017 2866 5018 2638 5018 2637 5018 2870 5019 2846 5019 2861 5019 2870 5020 2861 5020 2859 5020 2870 5021 2859 5021 2857 5021 2870 5022 2857 5022 2631 5022 2846 5023 2870 5023 2871 5023 2846 5024 2871 5024 2872 5024 2846 5025 2872 5025 2873 5025 2846 5026 2873 5026 2874 5026 2874 5027 2835 5027 2851 5027 2874 5028 2851 5028 2849 5028 2874 5029 2849 5029 2847 5029 2874 5030 2847 5030 2846 5030 2874 5031 2824 5031 2840 5031 2874 5032 2840 5032 2838 5032 2874 5033 2838 5033 2836 5033 2874 5034 2836 5034 2835 5034 2824 5035 2874 5035 2875 5035 2824 5036 2875 5036 2876 5036 2824 5037 2876 5037 2877 5037 2824 5038 2877 5038 2878 5038 2878 5039 2813 5039 2829 5039 2878 5040 2829 5040 2827 5040 2878 5041 2827 5041 2825 5041 2878 5042 2825 5042 2824 5042 2813 5043 2878 5043 2879 5043 2813 5044 2879 5044 2880 5044 2813 5045 2880 5045 2881 5045 2813 5046 2881 5046 2882 5046 2882 5047 2802 5047 2818 5047 2882 5048 2818 5048 2816 5048 2882 5049 2816 5049 2814 5049 2882 5050 2814 5050 2813 5050 2802 5051 2882 5051 2883 5051 2802 5052 2883 5052 2884 5052 2802 5053 2884 5053 2885 5053 2802 5054 2885 5054 2886 5054 2886 5055 2791 5055 2807 5055 2886 5056 2807 5056 2805 5056 2886 5057 2805 5057 2803 5057 2886 5058 2803 5058 2802 5058 2791 5059 2886 5059 2887 5059 2791 5060 2887 5060 2888 5060 2791 5061 2888 5061 2889 5061 2791 5062 2889 5062 2890 5062 2791 5063 2890 5063 2891 5063 2891 5064 2890 5064 2892 5064 2891 5065 2892 5065 2893 5065 2891 5066 2893 5066 2894 5066 2891 5067 2894 5067 2895 5067 2895 5068 2896 5068 2897 5068 2895 5069 2897 5069 2898 5069 2895 5070 2898 5070 2899 5070 2895 5071 2899 5071 2891 5071 2896 5072 2895 5072 2900 5072 2896 5073 2900 5073 2901 5073 2896 5074 2901 5074 2902 5074 2896 5075 2902 5075 2903 5075 2896 5076 2903 5076 2904 5076 2896 5077 2904 5077 2905 5077 2896 5078 2905 5078 2906 5078 2896 5079 2906 5079 2907 5079 2907 5080 2908 5080 2909 5080 2907 5081 2909 5081 2910 5081 2907 5082 2910 5082 2911 5082 2907 5083 2911 5083 2896 5083 2908 5084 2907 5084 2912 5084 2908 5085 2912 5085 2913 5085 2908 5086 2913 5086 2914 5086 2908 5087 2914 5087 2915 5087 2908 5088 2915 5088 2916 5088 2908 5089 2916 5089 2917 5089 2908 5090 2917 5090 2918 5090 2908 5091 2918 5091 2919 5091 2919 5092 2920 5092 2921 5092 2919 5093 2921 5093 2922 5093 2919 5094 2922 5094 2923 5094 2919 5095 2923 5095 2908 5095 2920 5096 2919 5096 2924 5096 2920 5097 2924 5097 2925 5097 2920 5098 2925 5098 2926 5098 2920 5099 2926 5099 2927 5099 2927 5100 2928 5100 2929 5100 2927 5101 2929 5101 2930 5101 2927 5102 2930 5102 2931 5102 2927 5103 2931 5103 2920 5103 2928 5104 2927 5104 2932 5104 2928 5105 2932 5105 2933 5105 2928 5106 2933 5106 2934 5106 2928 5107 2934 5107 2935 5107 2928 5108 2935 5108 2936 5108 2928 5109 2936 5109 2937 5109 2928 5110 2937 5110 2938 5110 2928 5111 2938 5111 2939 5111 2939 5112 2940 5112 2941 5112 2939 5113 2941 5113 2942 5113 2939 5114 2942 5114 2943 5114 2939 5115 2943 5115 2928 5115 2940 5116 2939 5116 2944 5116 2940 5117 2944 5117 2945 5117 2940 5118 2945 5118 2946 5118 2940 5119 2946 5119 2947 5119 2940 5120 2947 5120 2948 5120 2940 5121 2948 5121 2949 5121 2940 5122 2949 5122 2950 5122 2940 5123 2950 5123 2951 5123 2951 5124 2952 5124 2953 5124 2951 5125 2953 5125 2954 5125 2951 5126 2954 5126 2955 5126 2951 5127 2955 5127 2940 5127 2952 5128 2951 5128 2956 5128 2952 5129 2956 5129 2957 5129 2952 5130 2957 5130 2958 5130 2952 5131 2958 5131 2959 5131 2959 5132 2960 5132 2961 5132 2959 5133 2961 5133 2962 5133 2959 5134 2962 5134 2963 5134 2959 5135 2963 5135 2952 5135 2960 5136 2959 5136 2964 5136 2960 5137 2964 5137 2965 5137 2960 5138 2965 5138 2966 5138 2960 5139 2966 5139 2967 5139 2960 5140 2967 5140 2968 5140 2960 5141 2968 5141 2969 5141 2960 5142 2969 5142 2970 5142 2960 5143 2970 5143 2971 5143 2971 5144 2972 5144 2973 5144 2971 5145 2973 5145 2974 5145 2971 5146 2974 5146 2975 5146 2971 5147 2975 5147 2960 5147 2972 5148 2971 5148 2976 5148 2972 5149 2976 5149 2977 5149 2972 5150 2977 5150 2978 5150 2972 5151 2978 5151 2979 5151 2979 5152 2980 5152 2981 5152 2979 5153 2981 5153 2982 5153 2979 5154 2982 5154 2983 5154 2979 5155 2983 5155 2972 5155 2980 5156 2979 5156 2984 5156 2980 5157 2984 5157 2985 5157 2980 5158 2985 5158 2986 5158 2980 5159 2986 5159 2987 5159 2980 5160 2987 5160 2988 5160 2980 5161 2988 5161 2989 5161 2980 5162 2989 5162 2990 5162 2980 5163 2990 5163 2991 5163 2991 5164 2992 5164 2993 5164 2991 5165 2993 5165 2994 5165 2991 5166 2994 5166 2995 5166 2991 5167 2995 5167 2980 5167 2992 5168 2991 5168 2996 5168 2992 5169 2996 5169 2997 5169 2992 5170 2997 5170 2998 5170 2992 5171 2998 5171 2999 5171 2992 5172 2999 5172 2582 5172 2582 5173 2999 5173 3000 5173 2582 5174 3000 5174 3001 5174 2582 5175 3001 5175 3002 5175 2582 5176 3002 5176 3003 5176 3003 5177 2571 5177 2587 5177 3003 5178 2587 5178 2585 5178 3003 5179 2585 5179 2583 5179 3003 5180 2583 5180 2582 5180 2571 5181 3003 5181 3004 5181 2571 5182 3004 5182 3005 5182 2571 5183 3005 5183 3006 5183 2571 5184 3006 5184 3007 5184 3007 5185 2560 5185 2576 5185 3007 5186 2576 5186 2574 5186 3007 5187 2574 5187 2572 5187 3007 5188 2572 5188 2571 5188 2560 5189 3007 5189 3008 5189 2560 5190 3008 5190 3009 5190 2560 5191 3009 5191 3010 5191 2560 5192 3010 5192 3011 5192 3011 5193 2549 5193 2565 5193 3011 5194 2565 5194 2563 5194 3011 5195 2563 5195 2561 5195 3011 5196 2561 5196 2560 5196 2549 5197 3011 5197 3012 5197 2549 5198 3012 5198 3013 5198 2549 5199 3013 5199 3014 5199 2549 5200 3014 5200 3015 5200 3015 5201 2538 5201 2554 5201 3015 5202 2554 5202 2552 5202 3015 5203 2552 5203 2550 5203 3015 5204 2550 5204 2549 5204 2538 5205 3015 5205 3016 5205 2538 5206 3016 5206 3017 5206 2538 5207 3017 5207 3018 5207 2538 5208 3018 5208 3019 5208 3019 5209 2527 5209 2543 5209 3019 5210 2543 5210 2541 5210 3019 5211 2541 5211 2539 5211 3019 5212 2539 5212 2538 5212 2527 5213 3019 5213 3020 5213 2527 5214 3020 5214 3021 5214 2527 5215 3021 5215 3022 5215 2527 5216 3022 5216 3023 5216 3023 5217 2516 5217 2532 5217 3023 5218 2532 5218 2530 5218 3023 5219 2530 5219 2528 5219 3023 5220 2528 5220 2527 5220 3023 5221 2505 5221 2521 5221 3023 5222 2521 5222 2519 5222 3023 5223 2519 5223 2517 5223 3023 5224 2517 5224 2516 5224 2505 5225 3023 5225 3024 5225 2505 5226 3024 5226 3025 5226 2505 5227 3025 5227 3026 5227 2505 5228 3026 5228 3027 5228 3027 5229 2494 5229 2510 5229 3027 5230 2510 5230 2508 5230 3027 5231 2508 5231 2506 5231 3027 5232 2506 5232 2505 5232 3027 5233 2483 5233 2499 5233 3027 5234 2499 5234 2497 5234 3027 5235 2497 5235 2495 5235 3027 5236 2495 5236 2494 5236 2483 5237 3027 5237 3028 5237 2483 5238 3028 5238 3029 5238 2483 5239 3029 5239 3030 5239 2483 5240 3030 5240 3031 5240 3031 5241 2472 5241 2488 5241 3031 5242 2488 5242 2486 5242 3031 5243 2486 5243 2484 5243 3031 5244 2484 5244 2483 5244 2472 5245 3031 5245 3032 5245 2472 5246 3032 5246 3033 5246 2472 5247 3033 5247 3034 5247 2472 5248 3034 5248 3035 5248 3035 5249 2461 5249 2477 5249 3035 5250 2477 5250 2475 5250 3035 5251 2475 5251 2473 5251 3035 5252 2473 5252 2472 5252 2461 5253 3035 5253 3036 5253 2461 5254 3036 5254 3037 5254 2461 5255 3037 5255 3038 5255 2461 5256 3038 5256 3039 5256 3039 5257 2450 5257 2466 5257 3039 5258 2466 5258 2464 5258 3039 5259 2464 5259 2462 5259 3039 5260 2462 5260 2461 5260 2450 5261 3039 5261 3040 5261 2450 5262 3040 5262 3041 5262 2450 5263 3041 5263 3042 5263 2450 5264 3042 5264 3043 5264 3043 5265 2439 5265 2455 5265 3043 5266 2455 5266 2453 5266 3043 5267 2453 5267 2451 5267 3043 5268 2451 5268 2450 5268 2439 5269 3043 5269 3044 5269 2439 5270 3044 5270 3045 5270 2439 5271 3045 5271 3046 5271 2439 5272 3046 5272 3047 5272 3047 5273 2428 5273 2444 5273 3047 5274 2444 5274 2442 5274 3047 5275 2442 5275 2440 5275 3047 5276 2440 5276 2439 5276 2428 5277 3047 5277 3048 5277 2428 5278 3048 5278 3049 5278 2428 5279 3049 5279 3050 5279 2428 5280 3050 5280 3051 5280 2428 5281 3051 5281 3052 5281 3052 5282 3051 5282 3053 5282 3052 5283 3053 5283 3054 5283 3052 5284 3054 5284 3055 5284 3052 5285 3055 5285 3056 5285 3056 5286 3057 5286 3058 5286 3056 5287 3058 5287 3059 5287 3056 5288 3059 5288 3060 5288 3056 5289 3060 5289 3052 5289 3057 5290 3056 5290 3061 5290 3057 5291 3061 5291 3062 5291 3057 5292 3062 5292 3063 5292 3057 5293 3063 5293 3064 5293 3057 5294 3064 5294 3065 5294 3057 5295 3065 5295 3066 5295 3057 5296 3066 5296 3067 5296 3057 5297 3067 5297 3068 5297 3068 5298 3069 5298 3070 5298 3068 5299 3070 5299 3071 5299 3068 5300 3071 5300 3072 5300 3068 5301 3072 5301 3057 5301 3069 5302 3068 5302 3073 5302 3069 5303 3073 5303 3074 5303 3069 5304 3074 5304 3075 5304 3069 5305 3075 5305 3076 5305 3076 5306 3077 5306 3078 5306 3076 5307 3078 5307 3079 5307 3076 5308 3079 5308 3080 5308 3076 5309 3080 5309 3069 5309 3077 5310 3076 5310 3081 5310 3077 5311 3081 5311 3082 5311 3077 5312 3082 5312 3083 5312 3077 5313 3083 5313 3084 5313 3077 5314 3084 5314 3085 5314 3077 5315 3085 5315 3086 5315 3077 5316 3086 5316 3087 5316 3077 5317 3087 5317 3088 5317 3088 5318 3089 5318 3090 5318 3088 5319 3090 5319 3091 5319 3088 5320 3091 5320 3092 5320 3088 5321 3092 5321 3077 5321 3089 5322 3088 5322 3093 5322 3089 5323 3093 5323 3094 5323 3089 5324 3094 5324 3095 5324 3089 5325 3095 5325 3096 5325 3096 5326 3097 5326 3098 5326 3096 5327 3098 5327 3099 5327 3096 5328 3099 5328 3100 5328 3096 5329 3100 5329 3089 5329 3097 5330 3096 5330 3101 5330 3097 5331 3101 5331 3102 5331 3097 5332 3102 5332 3103 5332 3097 5333 3103 5333 3104 5333 3097 5334 3104 5334 3105 5334 3097 5335 3105 5335 3106 5335 3097 5336 3106 5336 3107 5336 3097 5337 3107 5337 3108 5337 3108 5338 3109 5338 3110 5338 3108 5339 3110 5339 3111 5339 3108 5340 3111 5340 3112 5340 3108 5341 3112 5341 3097 5341 3109 5342 3108 5342 3113 5342 3109 5343 3113 5343 3114 5343 3109 5344 3114 5344 3115 5344 3109 5345 3115 5345 3116 5345 3109 5346 3116 5346 3117 5346 3109 5347 3117 5347 3118 5347 3109 5348 3118 5348 3119 5348 3109 5349 3119 5349 3120 5349 3120 5350 3121 5350 3122 5350 3120 5351 3122 5351 3123 5351 3120 5352 3123 5352 3124 5352 3120 5353 3124 5353 3109 5353 3121 5354 3120 5354 3125 5354 3121 5355 3125 5355 3126 5355 3121 5356 3126 5356 3127 5356 3121 5357 3127 5357 3128 5357 3128 5358 3129 5358 3130 5358 3128 5359 3130 5359 3131 5359 3128 5360 3131 5360 3132 5360 3128 5361 3132 5361 3121 5361 3129 5362 3128 5362 3133 5362 3129 5363 3133 5363 3134 5363 3129 5364 3134 5364 3135 5364 3129 5365 3135 5365 3136 5365 3129 5366 3136 5366 3137 5366 3129 5367 3137 5367 3138 5367 3129 5368 3138 5368 3139 5368 3129 5369 3139 5369 3140 5369 3140 5370 3141 5370 3142 5370 3140 5371 3142 5371 3143 5371 3140 5372 3143 5372 3144 5372 3140 5373 3144 5373 3129 5373 3141 5374 3140 5374 3145 5374 3141 5375 3145 5375 3146 5375 3141 5376 3146 5376 3147 5376 3141 5377 3147 5377 3148 5377 3141 5378 3148 5378 3149 5378 3141 5379 3149 5379 3150 5379 3141 5380 3150 5380 3151 5380 3141 5381 3151 5381 3152 5381 3152 5382 3153 5382 3154 5382 3152 5383 3154 5383 3155 5383 3152 5384 3155 5384 3156 5384 3152 5385 3156 5385 3141 5385 3153 5386 3152 5386 3157 5386 3153 5387 3157 5387 3158 5387 3153 5388 3158 5388 3159 5388 3153 5389 3159 5389 3160 5389 3153 5390 3160 5390 2703 5390 2703 5391 3160 5391 3161 5391 2703 5392 3161 5392 3162 5392 2703 5393 3162 5393 3163 5393 2703 5394 3163 5394 3164 5394 3164 5395 2692 5395 2708 5395 3164 5396 2708 5396 2706 5396 3164 5397 2706 5397 2704 5397 3164 5398 2704 5398 2703 5398 2692 5399 3164 5399 3165 5399 2692 5400 3165 5400 3166 5400 2692 5401 3166 5401 3167 5401 2692 5402 3167 5402 3168 5402 3168 5403 2681 5403 2697 5403 3168 5404 2697 5404 2695 5404 3168 5405 2695 5405 2693 5405 3168 5406 2693 5406 2692 5406 2681 5407 3168 5407 3169 5407 2681 5408 3169 5408 3170 5408 2681 5409 3170 5409 3171 5409 2681 5410 3171 5410 3172 5410 3172 5411 2670 5411 2686 5411 3172 5412 2686 5412 2684 5412 3172 5413 2684 5413 2682 5413 3172 5414 2682 5414 2681 5414 2670 5415 3172 5415 3173 5415 2670 5416 3173 5416 3174 5416 2670 5417 3174 5417 3175 5417 2670 5418 3175 5418 3176 5418 3176 5419 2659 5419 2675 5419 3176 5420 2675 5420 2673 5420 3176 5421 2673 5421 2671 5421 3176 5422 2671 5422 2670 5422 3176 5423 2648 5423 2664 5423 3176 5424 2664 5424 2662 5424 3176 5425 2662 5425 2660 5425 3176 5426 2660 5426 2659 5426 2648 5427 3176 5427 3177 5427 2648 5428 3177 5428 3178 5428 2648 5429 3178 5429 3179 5429 2648 5430 3179 5430 3180 5430 3180 5431 2637 5431 2653 5431 3180 5432 2653 5432 2651 5432 3180 5433 2651 5433 2649 5433 3180 5434 2649 5434 2648 5434 2637 5435 3180 5435 3181 5435 2637 5436 3181 5436 3182 5436 2637 5437 3182 5437 3183 5437 2637 5438 3183 5438 2866 5438 2703 5439 3184 5439 3185 5439 2703 5440 3185 5440 3186 5440 2703 5441 3186 5441 3187 5441 2703 5442 3187 5442 3153 5442 3184 5443 2703 5443 2719 5443 3184 5444 2719 5444 2717 5444 3184 5445 2717 5445 2715 5445 3184 5446 2715 5446 2714 5446 2714 5447 3188 5447 3189 5447 2714 5448 3189 5448 3190 5448 2714 5449 3190 5449 3191 5449 2714 5450 3191 5450 3184 5450 3188 5451 2714 5451 2730 5451 3188 5452 2730 5452 2728 5452 3188 5453 2728 5453 2726 5453 3188 5454 2726 5454 2725 5454 2725 5455 3192 5455 3193 5455 2725 5456 3193 5456 3194 5456 2725 5457 3194 5457 3195 5457 2725 5458 3195 5458 3188 5458 3192 5459 2725 5459 2741 5459 3192 5460 2741 5460 2739 5460 3192 5461 2739 5461 2737 5461 3192 5462 2737 5462 2736 5462 2736 5463 3196 5463 3197 5463 2736 5464 3197 5464 3198 5464 2736 5465 3198 5465 3199 5465 2736 5466 3199 5466 3192 5466 3196 5467 2736 5467 2752 5467 3196 5468 2752 5468 2750 5468 3196 5469 2750 5469 2748 5469 3196 5470 2748 5470 2747 5470 3196 5471 2747 5471 2763 5471 3196 5472 2763 5472 2761 5472 3196 5473 2761 5473 2759 5473 3196 5474 2759 5474 2758 5474 2758 5475 3200 5475 3201 5475 2758 5476 3201 5476 3202 5476 2758 5477 3202 5477 3203 5477 2758 5478 3203 5478 3196 5478 3200 5479 2758 5479 2774 5479 3200 5480 2774 5480 2772 5480 3200 5481 2772 5481 2770 5481 3200 5482 2770 5482 2769 5482 2769 5483 3204 5483 3205 5483 2769 5484 3205 5484 3206 5484 2769 5485 3206 5485 3207 5485 2769 5486 3207 5486 3200 5486 3204 5487 2769 5487 2785 5487 3204 5488 2785 5488 2783 5488 3204 5489 2783 5489 2781 5489 3204 5490 2781 5490 2780 5490 2780 5491 3208 5491 3209 5491 2780 5492 3209 5492 3210 5492 2780 5493 3210 5493 3211 5493 2780 5494 3211 5494 3204 5494 3208 5495 2780 5495 2796 5495 3208 5496 2796 5496 2794 5496 3208 5497 2794 5497 2792 5497 3208 5498 2792 5498 2791 5498 2791 5499 2891 5499 3212 5499 2791 5500 3212 5500 3213 5500 2791 5501 3213 5501 3214 5501 2791 5502 3214 5502 3208 5502 3215 5503 2389 5503 2387 5503 3215 5504 2387 5504 2385 5504 3215 5505 2385 5505 2383 5505 3215 5506 2383 5506 2382 5506 3215 5507 2382 5507 2400 5507 3215 5508 2400 5508 2398 5508 3215 5509 2398 5509 2396 5509 3215 5510 2396 5510 2395 5510 2395 5511 3216 5511 3217 5511 2395 5512 3217 5512 3218 5512 2395 5513 3218 5513 3219 5513 2395 5514 3219 5514 3215 5514 3216 5515 2395 5515 2411 5515 3216 5516 2411 5516 2409 5516 3216 5517 2409 5517 2407 5517 3216 5518 2407 5518 2406 5518 2406 5519 3220 5519 3221 5519 2406 5520 3221 5520 3222 5520 2406 5521 3222 5521 3223 5521 2406 5522 3223 5522 3216 5522 3220 5523 2406 5523 2422 5523 3220 5524 2422 5524 2420 5524 3220 5525 2420 5525 2418 5525 3220 5526 2418 5526 2417 5526 2417 5527 3224 5527 3225 5527 2417 5528 3225 5528 3226 5528 2417 5529 3226 5529 3227 5529 2417 5530 3227 5530 3220 5530 3224 5531 2417 5531 2433 5531 3224 5532 2433 5532 2431 5532 3224 5533 2431 5533 2429 5533 3224 5534 2429 5534 2428 5534 2428 5535 3052 5535 3228 5535 2428 5536 3228 5536 3229 5536 2428 5537 3229 5537 3230 5537 2428 5538 3230 5538 3224 5538 2582 5539 3231 5539 3232 5539 2582 5540 3232 5540 3233 5540 2582 5541 3233 5541 3234 5541 2582 5542 3234 5542 2992 5542 3231 5543 2582 5543 2598 5543 3231 5544 2598 5544 2596 5544 3231 5545 2596 5545 2594 5545 3231 5546 2594 5546 2593 5546 2593 5547 3235 5547 3236 5547 2593 5548 3236 5548 3237 5548 2593 5549 3237 5549 3238 5549 2593 5550 3238 5550 3231 5550 3235 5551 2593 5551 2609 5551 3235 5552 2609 5552 2607 5552 3235 5553 2607 5553 2605 5553 3235 5554 2605 5554 2604 5554 2604 5555 3239 5555 3240 5555 2604 5556 3240 5556 3241 5556 2604 5557 3241 5557 3242 5557 2604 5558 3242 5558 3235 5558 3239 5559 2604 5559 2619 5559 3239 5560 2619 5560 2617 5560 3239 5561 2617 5561 2615 5561 3239 5562 2615 5562 2389 5562 2389 5563 3215 5563 3243 5563 2389 5564 3243 5564 3244 5564 2389 5565 3244 5565 3245 5565 2389 5566 3245 5566 3239 5566 2335 5567 3246 5567 3247 5567 3246 5568 3248 5568 3247 5568 3247 5569 3248 5569 3249 5569 3248 5570 3250 5570 3249 5570 3249 5571 3250 5571 3251 5571 3250 5572 3252 5572 3251 5572 3251 5573 3252 5573 3253 5573 3253 5574 3254 5574 3251 5574 3254 5575 3255 5575 3251 5575 3251 5576 3255 5576 3249 5576 3255 5577 3256 5577 3249 5577 3249 5578 3256 5578 3247 5578 3256 5579 3257 5579 3247 5579 3247 5580 3257 5580 2335 5580 3258 5581 3259 5581 3260 5581 3259 5582 3261 5582 3260 5582 3260 5583 3261 5583 3262 5583 3261 5584 3263 5584 3262 5584 3262 5585 3263 5585 3264 5585 3263 5586 2335 5586 3264 5586 3264 5587 2335 5587 3257 5587 3257 5588 3265 5588 3264 5588 3265 5589 3266 5589 3264 5589 3264 5590 3266 5590 3262 5590 3266 5591 3267 5591 3262 5591 3262 5592 3267 5592 3260 5592 3267 5593 3268 5593 3260 5593 3260 5594 3268 5594 3258 5594 3269 5595 3270 5595 3271 5595 3270 5596 3272 5596 3271 5596 3271 5597 3272 5597 3273 5597 3272 5598 3274 5598 3273 5598 3273 5599 3274 5599 3275 5599 3274 5600 3258 5600 3275 5600 3275 5601 3258 5601 3268 5601 3276 5602 3277 5602 3278 5602 3277 5603 3279 5603 3278 5603 3278 5604 3279 5604 3280 5604 3279 5605 3281 5605 3280 5605 3280 5606 3281 5606 3282 5606 3281 5607 3253 5607 3282 5607 3282 5608 3253 5608 3252 5608 3253 5609 3281 5609 3283 5609 3281 5610 3279 5610 3283 5610 3283 5611 3279 5611 3284 5611 3279 5612 3277 5612 3284 5612 3284 5613 3277 5613 3285 5613 3277 5614 3276 5614 3285 5614 3285 5615 3276 5615 3286 5615 3287 5616 3288 5616 3289 5616 3288 5617 3290 5617 3289 5617 3289 5618 3290 5618 3291 5618 3290 5619 3292 5619 3291 5619 3291 5620 3292 5620 3293 5620 3292 5621 3286 5621 3293 5621 3293 5622 3286 5622 3276 5622 3286 5623 3292 5623 3294 5623 3292 5624 3290 5624 3294 5624 3294 5625 3290 5625 3295 5625 3290 5626 3288 5626 3295 5626 3295 5627 3288 5627 3296 5627 3288 5628 3287 5628 3296 5628 3296 5629 3287 5629 3297 5629 3298 5630 3299 5630 3300 5630 3299 5631 3301 5631 3300 5631 3300 5632 3301 5632 3302 5632 3301 5633 3303 5633 3302 5633 3302 5634 3303 5634 3304 5634 3303 5635 3297 5635 3304 5635 3304 5636 3297 5636 3287 5636 3297 5637 3303 5637 3305 5637 3303 5638 3301 5638 3305 5638 3305 5639 3301 5639 3306 5639 3301 5640 3299 5640 3306 5640 3306 5641 3299 5641 3307 5641 3299 5642 3298 5642 3307 5642 3307 5643 3298 5643 3308 5643 3309 5644 3310 5644 3311 5644 3310 5645 3312 5645 3311 5645 3311 5646 3312 5646 3313 5646 3312 5647 3314 5647 3313 5647 3313 5648 3314 5648 3315 5648 3314 5649 3308 5649 3315 5649 3315 5650 3308 5650 3298 5650 3308 5651 3314 5651 3316 5651 3314 5652 3312 5652 3316 5652 3316 5653 3312 5653 3317 5653 3312 5654 3310 5654 3317 5654 3317 5655 3310 5655 3318 5655 3310 5656 3309 5656 3318 5656 3318 5657 3309 5657 3319 5657 2281 5658 3320 5658 3321 5658 3320 5659 3322 5659 3321 5659 3321 5660 3322 5660 3323 5660 3322 5661 3324 5661 3323 5661 3323 5662 3324 5662 3325 5662 3324 5663 3319 5663 3325 5663 3325 5664 3319 5664 3309 5664 3319 5665 3324 5665 3326 5665 3324 5666 3322 5666 3326 5666 3326 5667 3322 5667 3327 5667 3322 5668 3320 5668 3327 5668 3327 5669 3320 5669 3328 5669 3320 5670 2281 5670 3328 5670 3328 5671 2281 5671 3329 5671 3330 5672 3331 5672 3332 5672 3331 5673 3333 5673 3332 5673 3332 5674 3333 5674 3334 5674 3333 5675 3335 5675 3334 5675 3334 5676 3335 5676 3336 5676 3335 5677 3329 5677 3336 5677 3336 5678 3329 5678 2281 5678 3329 5679 3335 5679 3337 5679 3335 5680 3333 5680 3337 5680 3337 5681 3333 5681 3338 5681 3333 5682 3331 5682 3338 5682 3338 5683 3331 5683 3339 5683 3331 5684 3330 5684 3339 5684 3339 5685 3330 5685 3340 5685 3341 5686 3342 5686 3343 5686 3342 5687 3344 5687 3343 5687 3343 5688 3344 5688 3345 5688 3344 5689 3346 5689 3345 5689 3345 5690 3346 5690 3347 5690 3346 5691 3340 5691 3347 5691 3347 5692 3340 5692 3330 5692 3340 5693 3346 5693 3348 5693 3346 5694 3344 5694 3348 5694 3348 5695 3344 5695 3349 5695 3344 5696 3342 5696 3349 5696 3349 5697 3342 5697 3350 5697 3342 5698 3341 5698 3350 5698 3350 5699 3341 5699 3351 5699 3352 5700 3353 5700 3354 5700 3353 5701 3355 5701 3354 5701 3354 5702 3355 5702 3356 5702 3355 5703 3357 5703 3356 5703 3356 5704 3357 5704 3358 5704 3357 5705 3351 5705 3358 5705 3358 5706 3351 5706 3341 5706 3351 5707 3357 5707 3359 5707 3357 5708 3355 5708 3359 5708 3359 5709 3355 5709 3360 5709 3355 5710 3353 5710 3360 5710 3360 5711 3353 5711 3361 5711 3353 5712 3352 5712 3361 5712 3361 5713 3352 5713 3362 5713 3363 5714 3364 5714 3365 5714 3364 5715 3366 5715 3365 5715 3365 5716 3366 5716 3367 5716 3366 5717 3368 5717 3367 5717 3367 5718 3368 5718 3369 5718 3368 5719 3362 5719 3369 5719 3369 5720 3362 5720 3352 5720 3362 5721 3368 5721 3370 5721 3368 5722 3366 5722 3370 5722 3370 5723 3366 5723 3371 5723 3366 5724 3364 5724 3371 5724 3371 5725 3364 5725 3372 5725 3364 5726 3363 5726 3372 5726 3372 5727 3363 5727 3373 5727 3374 5728 3375 5728 3376 5728 3375 5729 3377 5729 3376 5729 3376 5730 3377 5730 3378 5730 3377 5731 3379 5731 3378 5731 3378 5732 3379 5732 3380 5732 3379 5733 3373 5733 3380 5733 3380 5734 3373 5734 3363 5734 3373 5735 3379 5735 3381 5735 3379 5736 3377 5736 3381 5736 3381 5737 3377 5737 3382 5737 3377 5738 3375 5738 3382 5738 3382 5739 3375 5739 3383 5739 3375 5740 3374 5740 3383 5740 3383 5741 3374 5741 3384 5741 3385 5742 3386 5742 3387 5742 3386 5743 3388 5743 3387 5743 3387 5744 3388 5744 3389 5744 3388 5745 3390 5745 3389 5745 3389 5746 3390 5746 3391 5746 3390 5747 3384 5747 3391 5747 3391 5748 3384 5748 3374 5748 3374 5749 3392 5749 3391 5749 3392 5750 3393 5750 3391 5750 3391 5751 3393 5751 3389 5751 3393 5752 3394 5752 3389 5752 3389 5753 3394 5753 3387 5753 3394 5754 2227 5754 3387 5754 3387 5755 2227 5755 3385 5755 3395 5756 3396 5756 3397 5756 3396 5757 3398 5757 3397 5757 3397 5758 3398 5758 3399 5758 3398 5759 3400 5759 3399 5759 3399 5760 3400 5760 3401 5760 3400 5761 3385 5761 3401 5761 3401 5762 3385 5762 2227 5762 2227 5763 3402 5763 3401 5763 3402 5764 3403 5764 3401 5764 3401 5765 3403 5765 3399 5765 3403 5766 3404 5766 3399 5766 3399 5767 3404 5767 3397 5767 3404 5768 3405 5768 3397 5768 3397 5769 3405 5769 3395 5769 3406 5770 3407 5770 3408 5770 3407 5771 3409 5771 3408 5771 3408 5772 3409 5772 3410 5772 3409 5773 3411 5773 3410 5773 3410 5774 3411 5774 3412 5774 3411 5775 3395 5775 3412 5775 3412 5776 3395 5776 3405 5776 3395 5777 3411 5777 3413 5777 3411 5778 3409 5778 3413 5778 3413 5779 3409 5779 3414 5779 3409 5780 3407 5780 3414 5780 3414 5781 3407 5781 3415 5781 3407 5782 3406 5782 3415 5782 3415 5783 3406 5783 3416 5783 3417 5784 3418 5784 3419 5784 3418 5785 3420 5785 3419 5785 3419 5786 3420 5786 3421 5786 3420 5787 3422 5787 3421 5787 3421 5788 3422 5788 3423 5788 3422 5789 3416 5789 3423 5789 3423 5790 3416 5790 3406 5790 3416 5791 3422 5791 3424 5791 3422 5792 3420 5792 3424 5792 3424 5793 3420 5793 3425 5793 3420 5794 3418 5794 3425 5794 3425 5795 3418 5795 3426 5795 3418 5796 3417 5796 3426 5796 3426 5797 3417 5797 3427 5797 3428 5798 3429 5798 3430 5798 3429 5799 3431 5799 3430 5799 3430 5800 3431 5800 3432 5800 3431 5801 3433 5801 3432 5801 3432 5802 3433 5802 3434 5802 3433 5803 3427 5803 3434 5803 3434 5804 3427 5804 3417 5804 3427 5805 3433 5805 3435 5805 3433 5806 3431 5806 3435 5806 3435 5807 3431 5807 3436 5807 3431 5808 3429 5808 3436 5808 3436 5809 3429 5809 3437 5809 3429 5810 3428 5810 3437 5810 3437 5811 3428 5811 3438 5811 3439 5812 3440 5812 3441 5812 3440 5813 3442 5813 3441 5813 3441 5814 3442 5814 3443 5814 3442 5815 3444 5815 3443 5815 3443 5816 3444 5816 3445 5816 3444 5817 3438 5817 3445 5817 3445 5818 3438 5818 3428 5818 3438 5819 3444 5819 3446 5819 3444 5820 3442 5820 3446 5820 3446 5821 3442 5821 3447 5821 3442 5822 3440 5822 3447 5822 3447 5823 3440 5823 3448 5823 3440 5824 3439 5824 3448 5824 3448 5825 3439 5825 3449 5825 2177 5826 3450 5826 3451 5826 3450 5827 3452 5827 3451 5827 3451 5828 3452 5828 3453 5828 3452 5829 3454 5829 3453 5829 3453 5830 3454 5830 3455 5830 3454 5831 3449 5831 3455 5831 3455 5832 3449 5832 3439 5832 3449 5833 3454 5833 3456 5833 3454 5834 3452 5834 3456 5834 3456 5835 3452 5835 3457 5835 3452 5836 3450 5836 3457 5836 3457 5837 3450 5837 3458 5837 3450 5838 2177 5838 3458 5838 3458 5839 2177 5839 3459 5839 3460 5840 3461 5840 3462 5840 3461 5841 3463 5841 3462 5841 3462 5842 3463 5842 3464 5842 3463 5843 3465 5843 3464 5843 3464 5844 3465 5844 3466 5844 3465 5845 3459 5845 3466 5845 3466 5846 3459 5846 2177 5846 3459 5847 3465 5847 3467 5847 3465 5848 3463 5848 3467 5848 3467 5849 3463 5849 3468 5849 3463 5850 3461 5850 3468 5850 3468 5851 3461 5851 3469 5851 3461 5852 3460 5852 3469 5852 3469 5853 3460 5853 3470 5853 3471 5854 3472 5854 3473 5854 3472 5855 3474 5855 3473 5855 3473 5856 3474 5856 3475 5856 3474 5857 3476 5857 3475 5857 3475 5858 3476 5858 3477 5858 3476 5859 3470 5859 3477 5859 3477 5860 3470 5860 3460 5860 3470 5861 3476 5861 3478 5861 3476 5862 3474 5862 3478 5862 3478 5863 3474 5863 3479 5863 3474 5864 3472 5864 3479 5864 3479 5865 3472 5865 3480 5865 3472 5866 3471 5866 3480 5866 3480 5867 3471 5867 3481 5867 3482 5868 3483 5868 3484 5868 3483 5869 3485 5869 3484 5869 3484 5870 3485 5870 3486 5870 3485 5871 3487 5871 3486 5871 3486 5872 3487 5872 3488 5872 3487 5873 3481 5873 3488 5873 3488 5874 3481 5874 3471 5874 3481 5875 3487 5875 3489 5875 3487 5876 3485 5876 3489 5876 3489 5877 3485 5877 3490 5877 3485 5878 3483 5878 3490 5878 3490 5879 3483 5879 3491 5879 3483 5880 3482 5880 3491 5880 3491 5881 3482 5881 3492 5881 3493 5882 3494 5882 3495 5882 3494 5883 3496 5883 3495 5883 3495 5884 3496 5884 3497 5884 3496 5885 3498 5885 3497 5885 3497 5886 3498 5886 3499 5886 3498 5887 3492 5887 3499 5887 3499 5888 3492 5888 3482 5888 3492 5889 3498 5889 3500 5889 3498 5890 3496 5890 3500 5890 3500 5891 3496 5891 3501 5891 3496 5892 3494 5892 3501 5892 3501 5893 3494 5893 3502 5893 3494 5894 3493 5894 3502 5894 3502 5895 3493 5895 3269 5895 3258 5896 3274 5896 3503 5896 3274 5897 3272 5897 3503 5897 3503 5898 3272 5898 3504 5898 3272 5899 3270 5899 3504 5899 3504 5900 3270 5900 3505 5900 3270 5901 3269 5901 3505 5901 3505 5902 3269 5902 3493 5902 3506 5903 3507 5903 3508 5903 3506 5904 3508 5904 3509 5904 3506 5905 3509 5905 3510 5905 3506 5906 3510 5906 3511 5906 3507 5907 3506 5907 3512 5907 3507 5908 3512 5908 3513 5908 3507 5909 3513 5909 3514 5909 3507 5910 3514 5910 3515 5910 3507 5911 3515 5911 3516 5911 3507 5912 3516 5912 3517 5912 3507 5913 3517 5913 3518 5913 3507 5914 3518 5914 3519 5914 3511 5915 3520 5915 3521 5915 3511 5916 3521 5916 3522 5916 3511 5917 3522 5917 3523 5917 3511 5918 3523 5918 3506 5918 3520 5919 3511 5919 3524 5919 3520 5920 3524 5920 3525 5920 3520 5921 3525 5921 3526 5921 3520 5922 3526 5922 3527 5922 3527 5923 3528 5923 3529 5923 3527 5924 3529 5924 3530 5924 3527 5925 3530 5925 3531 5925 3527 5926 3531 5926 3520 5926 3528 5927 3527 5927 3532 5927 3528 5928 3532 5928 3533 5928 3528 5929 3533 5929 3534 5929 3528 5930 3534 5930 3535 5930 3535 5931 3536 5931 3537 5931 3535 5932 3537 5932 3538 5932 3535 5933 3538 5933 3539 5933 3535 5934 3539 5934 3528 5934 3536 5935 3535 5935 3540 5935 3536 5936 3540 5936 3541 5936 3536 5937 3541 5937 3542 5937 3536 5938 3542 5938 3543 5938 3543 5939 3544 5939 3545 5939 3543 5940 3545 5940 3546 5940 3543 5941 3546 5941 3547 5941 3543 5942 3547 5942 3536 5942 3544 5943 3543 5943 3548 5943 3544 5944 3548 5944 3549 5944 3544 5945 3549 5945 3550 5945 3544 5946 3550 5946 3551 5946 3551 5947 3552 5947 3553 5947 3551 5948 3553 5948 3554 5948 3551 5949 3554 5949 3555 5949 3551 5950 3555 5950 3544 5950 3552 5951 3551 5951 3556 5951 3552 5952 3556 5952 3557 5952 3552 5953 3557 5953 3558 5953 3552 5954 3558 5954 3559 5954 3559 5955 3560 5955 3561 5955 3559 5956 3561 5956 3562 5956 3559 5957 3562 5957 3563 5957 3559 5958 3563 5958 3552 5958 3559 5959 3564 5959 3565 5959 3559 5960 3565 5960 3566 5960 3559 5961 3566 5961 3567 5961 3559 5962 3567 5962 3560 5962 3564 5963 3559 5963 3568 5963 3564 5964 3568 5964 3569 5964 3564 5965 3569 5965 3570 5965 3564 5966 3570 5966 3571 5966 3571 5967 3572 5967 3573 5967 3571 5968 3573 5968 3574 5968 3571 5969 3574 5969 3575 5969 3571 5970 3575 5970 3564 5970 3572 5971 3571 5971 3576 5971 3572 5972 3576 5972 3577 5972 3572 5973 3577 5973 3578 5973 3572 5974 3578 5974 3579 5974 3579 5975 3580 5975 3581 5975 3579 5976 3581 5976 3582 5976 3579 5977 3582 5977 3583 5977 3579 5978 3583 5978 3572 5978 3580 5979 3579 5979 3584 5979 3580 5980 3584 5980 3585 5980 3580 5981 3585 5981 3586 5981 3580 5982 3586 5982 3587 5982 3587 5983 3588 5983 3589 5983 3587 5984 3589 5984 3590 5984 3587 5985 3590 5985 3591 5985 3587 5986 3591 5986 3580 5986 3588 5987 3587 5987 3592 5987 3588 5988 3592 5988 3593 5988 3588 5989 3593 5989 3594 5989 3588 5990 3594 5990 3595 5990 3595 5991 3596 5991 3597 5991 3595 5992 3597 5992 3598 5992 3595 5993 3598 5993 3599 5993 3595 5994 3599 5994 3588 5994 3596 5995 3595 5995 3600 5995 3596 5996 3600 5996 3601 5996 3596 5997 3601 5997 3602 5997 3596 5998 3602 5998 3603 5998 3603 5999 3604 5999 3605 5999 3603 6000 3605 6000 3606 6000 3603 6001 3606 6001 3607 6001 3603 6002 3607 6002 3596 6002 3604 6003 3603 6003 3608 6003 3604 6004 3608 6004 3609 6004 3604 6005 3609 6005 3610 6005 3604 6006 3610 6006 3611 6006 3611 6007 3612 6007 3613 6007 3611 6008 3613 6008 3614 6008 3611 6009 3614 6009 3615 6009 3611 6010 3615 6010 3604 6010 3611 6011 3616 6011 3617 6011 3611 6012 3617 6012 3618 6012 3611 6013 3618 6013 3619 6013 3611 6014 3619 6014 3612 6014 3616 6015 3611 6015 3620 6015 3616 6016 3620 6016 3621 6016 3616 6017 3621 6017 3622 6017 3616 6018 3622 6018 3623 6018 3623 6019 3624 6019 3625 6019 3623 6020 3625 6020 3626 6020 3623 6021 3626 6021 3627 6021 3623 6022 3627 6022 3616 6022 3624 6023 3623 6023 3628 6023 3624 6024 3628 6024 3629 6024 3624 6025 3629 6025 3630 6025 3624 6026 3630 6026 3631 6026 3631 6027 3632 6027 3633 6027 3631 6028 3633 6028 3634 6028 3631 6029 3634 6029 3635 6029 3631 6030 3635 6030 3624 6030 3632 6031 3631 6031 3636 6031 3632 6032 3636 6032 3637 6032 3632 6033 3637 6033 3638 6033 3632 6034 3638 6034 3639 6034 3639 6035 3640 6035 3641 6035 3639 6036 3641 6036 3642 6036 3639 6037 3642 6037 3643 6037 3639 6038 3643 6038 3632 6038 3640 6039 3639 6039 3644 6039 3640 6040 3644 6040 3645 6040 3640 6041 3645 6041 3646 6041 3640 6042 3646 6042 3647 6042 3647 6043 3648 6043 3649 6043 3647 6044 3649 6044 3650 6044 3647 6045 3650 6045 3651 6045 3647 6046 3651 6046 3640 6046 3648 6047 3647 6047 3652 6047 3648 6048 3652 6048 3653 6048 3648 6049 3653 6049 3654 6049 3648 6050 3654 6050 3655 6050 3655 6051 3656 6051 3657 6051 3655 6052 3657 6052 3658 6052 3655 6053 3658 6053 3659 6053 3655 6054 3659 6054 3648 6054 3656 6055 3655 6055 3660 6055 3656 6056 3660 6056 3661 6056 3656 6057 3661 6057 3662 6057 3656 6058 3662 6058 3663 6058 3663 6059 3664 6059 3665 6059 3663 6060 3665 6060 3666 6060 3663 6061 3666 6061 3667 6061 3663 6062 3667 6062 3656 6062 3664 6063 3663 6063 3668 6063 3664 6064 3668 6064 3669 6064 3664 6065 3669 6065 3670 6065 3664 6066 3670 6066 3671 6066 3671 6067 3672 6067 3673 6067 3671 6068 3673 6068 3674 6068 3671 6069 3674 6069 3675 6069 3671 6070 3675 6070 3664 6070 3671 6071 3676 6071 3677 6071 3671 6072 3677 6072 3678 6072 3671 6073 3678 6073 3679 6073 3671 6074 3679 6074 3672 6074 3676 6075 3671 6075 3680 6075 3676 6076 3680 6076 3681 6076 3676 6077 3681 6077 3682 6077 3676 6078 3682 6078 3683 6078 3683 6079 3684 6079 3685 6079 3683 6080 3685 6080 3686 6080 3683 6081 3686 6081 3687 6081 3683 6082 3687 6082 3676 6082 3684 6083 3683 6083 3688 6083 3684 6084 3688 6084 3689 6084 3684 6085 3689 6085 3690 6085 3684 6086 3690 6086 3691 6086 3691 6087 3692 6087 3693 6087 3691 6088 3693 6088 3694 6088 3691 6089 3694 6089 3695 6089 3691 6090 3695 6090 3684 6090 3692 6091 3691 6091 3696 6091 3692 6092 3696 6092 3697 6092 3692 6093 3697 6093 3698 6093 3692 6094 3698 6094 3699 6094 3699 6095 3700 6095 3701 6095 3699 6096 3701 6096 3702 6096 3699 6097 3702 6097 3703 6097 3699 6098 3703 6098 3692 6098 3700 6099 3699 6099 3704 6099 3700 6100 3704 6100 3705 6100 3700 6101 3705 6101 3706 6101 3700 6102 3706 6102 3707 6102 3707 6103 3708 6103 3709 6103 3707 6104 3709 6104 3710 6104 3707 6105 3710 6105 3711 6105 3707 6106 3711 6106 3700 6106 3708 6107 3707 6107 3712 6107 3708 6108 3712 6108 3713 6108 3708 6109 3713 6109 3714 6109 3708 6110 3714 6110 3715 6110 3715 6111 3716 6111 3717 6111 3715 6112 3717 6112 3718 6112 3715 6113 3718 6113 3719 6113 3715 6114 3719 6114 3708 6114 3716 6115 3715 6115 3720 6115 3716 6116 3720 6116 3721 6116 3716 6117 3721 6117 3722 6117 3716 6118 3722 6118 3723 6118 3723 6119 3724 6119 3725 6119 3723 6120 3725 6120 3726 6120 3723 6121 3726 6121 3727 6121 3723 6122 3727 6122 3716 6122 3723 6123 3728 6123 3729 6123 3723 6124 3729 6124 3730 6124 3723 6125 3730 6125 3731 6125 3723 6126 3731 6126 3724 6126 3728 6127 3723 6127 3732 6127 3728 6128 3732 6128 3733 6128 3728 6129 3733 6129 3734 6129 3728 6130 3734 6130 3735 6130 3735 6131 3736 6131 3737 6131 3735 6132 3737 6132 3738 6132 3735 6133 3738 6133 3739 6133 3735 6134 3739 6134 3728 6134 3736 6135 3735 6135 3740 6135 3736 6136 3740 6136 3741 6136 3736 6137 3741 6137 3742 6137 3736 6138 3742 6138 3743 6138 3743 6139 3744 6139 3745 6139 3743 6140 3745 6140 3746 6140 3743 6141 3746 6141 3747 6141 3743 6142 3747 6142 3736 6142 3744 6143 3743 6143 3748 6143 3744 6144 3748 6144 3749 6144 3744 6145 3749 6145 3750 6145 3744 6146 3750 6146 3751 6146 3751 6147 3752 6147 3753 6147 3751 6148 3753 6148 3754 6148 3751 6149 3754 6149 3755 6149 3751 6150 3755 6150 3744 6150 3752 6151 3751 6151 3756 6151 3752 6152 3756 6152 3757 6152 3752 6153 3757 6153 3758 6153 3752 6154 3758 6154 3759 6154 3759 6155 3760 6155 3761 6155 3759 6156 3761 6156 3762 6156 3759 6157 3762 6157 3763 6157 3759 6158 3763 6158 3752 6158 3760 6159 3759 6159 3764 6159 3760 6160 3764 6160 3765 6160 3760 6161 3765 6161 3766 6161 3760 6162 3766 6162 3767 6162 3767 6163 3519 6163 3768 6163 3767 6164 3768 6164 3769 6164 3767 6165 3769 6165 3770 6165 3767 6166 3770 6166 3760 6166 3519 6167 3767 6167 3771 6167 3519 6168 3771 6168 3772 6168 3519 6169 3772 6169 3773 6169 3519 6170 3773 6170 3507 6170 3507 6171 3773 6171 3774 6171 3773 6172 3772 6172 3774 6172 3774 6173 3772 6173 3775 6173 3772 6174 3771 6174 3775 6174 3775 6175 3771 6175 3776 6175 3771 6176 3767 6176 3776 6176 3776 6177 3767 6177 2175 6177 2175 6178 2174 6178 3776 6178 2174 6179 2173 6179 3776 6179 3776 6180 2173 6180 3775 6180 2173 6181 2172 6181 3775 6181 3775 6182 2172 6182 3774 6182 2172 6183 2171 6183 3774 6183 3774 6184 2171 6184 3507 6184 3511 6185 3510 6185 3777 6185 3510 6186 3509 6186 3777 6186 3777 6187 3509 6187 3778 6187 3509 6188 3508 6188 3778 6188 3778 6189 3508 6189 3779 6189 3508 6190 3507 6190 3779 6190 3779 6191 3507 6191 2171 6191 2171 6192 2183 6192 3779 6192 2183 6193 2182 6193 3779 6193 3779 6194 2182 6194 3778 6194 2182 6195 2181 6195 3778 6195 3778 6196 2181 6196 3777 6196 2181 6197 2180 6197 3777 6197 3777 6198 2180 6198 3511 6198 3527 6199 3526 6199 3780 6199 3526 6200 3525 6200 3780 6200 3780 6201 3525 6201 3781 6201 3525 6202 3524 6202 3781 6202 3781 6203 3524 6203 3782 6203 3524 6204 3511 6204 3782 6204 3782 6205 3511 6205 2180 6205 2180 6206 2191 6206 3782 6206 2191 6207 2190 6207 3782 6207 3782 6208 2190 6208 3781 6208 2190 6209 2189 6209 3781 6209 3781 6210 2189 6210 3780 6210 2189 6211 2188 6211 3780 6211 3780 6212 2188 6212 3527 6212 3535 6213 3534 6213 3783 6213 3534 6214 3533 6214 3783 6214 3783 6215 3533 6215 3784 6215 3533 6216 3532 6216 3784 6216 3784 6217 3532 6217 3785 6217 3532 6218 3527 6218 3785 6218 3785 6219 3527 6219 2188 6219 2188 6220 2195 6220 3785 6220 2195 6221 2194 6221 3785 6221 3785 6222 2194 6222 3784 6222 2194 6223 2193 6223 3784 6223 3784 6224 2193 6224 3783 6224 2193 6225 2192 6225 3783 6225 3783 6226 2192 6226 3535 6226 3543 6227 3542 6227 3786 6227 3542 6228 3541 6228 3786 6228 3786 6229 3541 6229 3787 6229 3541 6230 3540 6230 3787 6230 3787 6231 3540 6231 3788 6231 3540 6232 3535 6232 3788 6232 3788 6233 3535 6233 2192 6233 2192 6234 2203 6234 3788 6234 2203 6235 2202 6235 3788 6235 3788 6236 2202 6236 3787 6236 2202 6237 2201 6237 3787 6237 3787 6238 2201 6238 3786 6238 2201 6239 2200 6239 3786 6239 3786 6240 2200 6240 3543 6240 3551 6241 3550 6241 3789 6241 3550 6242 3549 6242 3789 6242 3789 6243 3549 6243 3790 6243 3549 6244 3548 6244 3790 6244 3790 6245 3548 6245 3791 6245 3548 6246 3543 6246 3791 6246 3791 6247 3543 6247 2200 6247 2200 6248 2211 6248 3791 6248 2211 6249 2210 6249 3791 6249 3791 6250 2210 6250 3790 6250 2210 6251 2209 6251 3790 6251 3790 6252 2209 6252 3789 6252 2209 6253 2208 6253 3789 6253 3789 6254 2208 6254 3551 6254 3559 6255 3558 6255 3792 6255 3558 6256 3557 6256 3792 6256 3792 6257 3557 6257 3793 6257 3557 6258 3556 6258 3793 6258 3793 6259 3556 6259 3794 6259 3556 6260 3551 6260 3794 6260 3794 6261 3551 6261 2208 6261 2208 6262 2215 6262 3794 6262 2215 6263 2214 6263 3794 6263 3794 6264 2214 6264 3793 6264 2214 6265 2213 6265 3793 6265 3793 6266 2213 6266 3792 6266 2213 6267 2212 6267 3792 6267 3792 6268 2212 6268 3559 6268 3571 6269 3570 6269 3795 6269 3570 6270 3569 6270 3795 6270 3795 6271 3569 6271 3796 6271 3569 6272 3568 6272 3796 6272 3796 6273 3568 6273 3797 6273 3568 6274 3559 6274 3797 6274 3797 6275 3559 6275 2212 6275 2212 6276 2223 6276 3797 6276 2223 6277 2222 6277 3797 6277 3797 6278 2222 6278 3796 6278 2222 6279 2221 6279 3796 6279 3796 6280 2221 6280 3795 6280 2221 6281 2220 6281 3795 6281 3795 6282 2220 6282 3571 6282 3579 6283 3578 6283 3798 6283 3578 6284 3577 6284 3798 6284 3798 6285 3577 6285 3799 6285 3577 6286 3576 6286 3799 6286 3799 6287 3576 6287 3800 6287 3576 6288 3571 6288 3800 6288 3800 6289 3571 6289 2220 6289 2220 6290 2231 6290 3800 6290 2231 6291 2230 6291 3800 6291 3800 6292 2230 6292 3799 6292 2230 6293 2229 6293 3799 6293 3799 6294 2229 6294 3798 6294 2229 6295 2228 6295 3798 6295 3798 6296 2228 6296 3579 6296 3587 6297 3586 6297 3801 6297 3586 6298 3585 6298 3801 6298 3801 6299 3585 6299 3802 6299 3585 6300 3584 6300 3802 6300 3802 6301 3584 6301 3803 6301 3584 6302 3579 6302 3803 6302 3803 6303 3579 6303 2228 6303 2228 6304 2239 6304 3803 6304 2239 6305 2238 6305 3803 6305 3803 6306 2238 6306 3802 6306 2238 6307 2237 6307 3802 6307 3802 6308 2237 6308 3801 6308 2237 6309 2236 6309 3801 6309 3801 6310 2236 6310 3587 6310 3595 6311 3594 6311 3804 6311 3594 6312 3593 6312 3804 6312 3804 6313 3593 6313 3805 6313 3593 6314 3592 6314 3805 6314 3805 6315 3592 6315 3806 6315 3592 6316 3587 6316 3806 6316 3806 6317 3587 6317 2236 6317 2236 6318 2243 6318 3806 6318 2243 6319 2242 6319 3806 6319 3806 6320 2242 6320 3805 6320 2242 6321 2241 6321 3805 6321 3805 6322 2241 6322 3804 6322 2241 6323 2240 6323 3804 6323 3804 6324 2240 6324 3595 6324 3603 6325 3602 6325 3807 6325 3602 6326 3601 6326 3807 6326 3807 6327 3601 6327 3808 6327 3601 6328 3600 6328 3808 6328 3808 6329 3600 6329 3809 6329 3600 6330 3595 6330 3809 6330 3809 6331 3595 6331 2240 6331 2240 6332 2251 6332 3809 6332 2251 6333 2250 6333 3809 6333 3809 6334 2250 6334 3808 6334 2250 6335 2249 6335 3808 6335 3808 6336 2249 6336 3807 6336 2249 6337 2248 6337 3807 6337 3807 6338 2248 6338 3603 6338 3611 6339 3610 6339 3810 6339 3610 6340 3609 6340 3810 6340 3810 6341 3609 6341 3811 6341 3609 6342 3608 6342 3811 6342 3811 6343 3608 6343 3812 6343 3608 6344 3603 6344 3812 6344 3812 6345 3603 6345 2248 6345 2248 6346 2259 6346 3812 6346 2259 6347 2258 6347 3812 6347 3812 6348 2258 6348 3811 6348 2258 6349 2257 6349 3811 6349 3811 6350 2257 6350 3810 6350 2257 6351 2256 6351 3810 6351 3810 6352 2256 6352 3611 6352 3623 6353 3622 6353 3813 6353 3622 6354 3621 6354 3813 6354 3813 6355 3621 6355 3814 6355 3621 6356 3620 6356 3814 6356 3814 6357 3620 6357 3815 6357 3620 6358 3611 6358 3815 6358 3815 6359 3611 6359 2256 6359 2256 6360 2263 6360 3815 6360 2263 6361 2262 6361 3815 6361 3815 6362 2262 6362 3814 6362 2262 6363 2261 6363 3814 6363 3814 6364 2261 6364 3813 6364 2261 6365 2260 6365 3813 6365 3813 6366 2260 6366 3623 6366 3631 6367 3630 6367 3816 6367 3630 6368 3629 6368 3816 6368 3816 6369 3629 6369 3817 6369 3629 6370 3628 6370 3817 6370 3817 6371 3628 6371 3818 6371 3628 6372 3623 6372 3818 6372 3818 6373 3623 6373 2260 6373 2260 6374 2271 6374 3818 6374 2271 6375 2270 6375 3818 6375 3818 6376 2270 6376 3817 6376 2270 6377 2269 6377 3817 6377 3817 6378 2269 6378 3816 6378 2269 6379 2268 6379 3816 6379 3816 6380 2268 6380 3631 6380 3639 6381 3638 6381 3819 6381 3638 6382 3637 6382 3819 6382 3819 6383 3637 6383 3820 6383 3637 6384 3636 6384 3820 6384 3820 6385 3636 6385 3821 6385 3636 6386 3631 6386 3821 6386 3821 6387 3631 6387 2268 6387 2268 6388 2279 6388 3821 6388 2279 6389 2278 6389 3821 6389 3821 6390 2278 6390 3820 6390 2278 6391 2277 6391 3820 6391 3820 6392 2277 6392 3819 6392 2277 6393 2276 6393 3819 6393 3819 6394 2276 6394 3639 6394 3647 6395 3646 6395 3822 6395 3646 6396 3645 6396 3822 6396 3822 6397 3645 6397 3823 6397 3645 6398 3644 6398 3823 6398 3823 6399 3644 6399 3824 6399 3644 6400 3639 6400 3824 6400 3824 6401 3639 6401 2276 6401 2276 6402 2287 6402 3824 6402 2287 6403 2286 6403 3824 6403 3824 6404 2286 6404 3823 6404 2286 6405 2285 6405 3823 6405 3823 6406 2285 6406 3822 6406 2285 6407 2284 6407 3822 6407 3822 6408 2284 6408 3647 6408 3655 6409 3654 6409 3825 6409 3654 6410 3653 6410 3825 6410 3825 6411 3653 6411 3826 6411 3653 6412 3652 6412 3826 6412 3826 6413 3652 6413 3827 6413 3652 6414 3647 6414 3827 6414 3827 6415 3647 6415 2284 6415 2284 6416 2291 6416 3827 6416 2291 6417 2290 6417 3827 6417 3827 6418 2290 6418 3826 6418 2290 6419 2289 6419 3826 6419 3826 6420 2289 6420 3825 6420 2289 6421 2288 6421 3825 6421 3825 6422 2288 6422 3655 6422 3663 6423 3662 6423 3828 6423 3662 6424 3661 6424 3828 6424 3828 6425 3661 6425 3829 6425 3661 6426 3660 6426 3829 6426 3829 6427 3660 6427 3830 6427 3660 6428 3655 6428 3830 6428 3830 6429 3655 6429 2288 6429 2288 6430 2299 6430 3830 6430 2299 6431 2298 6431 3830 6431 3830 6432 2298 6432 3829 6432 2298 6433 2297 6433 3829 6433 3829 6434 2297 6434 3828 6434 2297 6435 2296 6435 3828 6435 3828 6436 2296 6436 3663 6436 3671 6437 3670 6437 3831 6437 3670 6438 3669 6438 3831 6438 3831 6439 3669 6439 3832 6439 3669 6440 3668 6440 3832 6440 3832 6441 3668 6441 3833 6441 3668 6442 3663 6442 3833 6442 3833 6443 3663 6443 2296 6443 2296 6444 2307 6444 3833 6444 2307 6445 2306 6445 3833 6445 3833 6446 2306 6446 3832 6446 2306 6447 2305 6447 3832 6447 3832 6448 2305 6448 3831 6448 2305 6449 2304 6449 3831 6449 3831 6450 2304 6450 3671 6450 3683 6451 3682 6451 3834 6451 3682 6452 3681 6452 3834 6452 3834 6453 3681 6453 3835 6453 3681 6454 3680 6454 3835 6454 3835 6455 3680 6455 3836 6455 3680 6456 3671 6456 3836 6456 3836 6457 3671 6457 2304 6457 2304 6458 2311 6458 3836 6458 2311 6459 2310 6459 3836 6459 3836 6460 2310 6460 3835 6460 2310 6461 2309 6461 3835 6461 3835 6462 2309 6462 3834 6462 2309 6463 2308 6463 3834 6463 3834 6464 2308 6464 3683 6464 3691 6465 3690 6465 3837 6465 3690 6466 3689 6466 3837 6466 3837 6467 3689 6467 3838 6467 3689 6468 3688 6468 3838 6468 3838 6469 3688 6469 3839 6469 3688 6470 3683 6470 3839 6470 3839 6471 3683 6471 2308 6471 2308 6472 2319 6472 3839 6472 2319 6473 2318 6473 3839 6473 3839 6474 2318 6474 3838 6474 2318 6475 2317 6475 3838 6475 3838 6476 2317 6476 3837 6476 2317 6477 2316 6477 3837 6477 3837 6478 2316 6478 3691 6478 3699 6479 3698 6479 3840 6479 3698 6480 3697 6480 3840 6480 3840 6481 3697 6481 3841 6481 3697 6482 3696 6482 3841 6482 3841 6483 3696 6483 3842 6483 3696 6484 3691 6484 3842 6484 3842 6485 3691 6485 2316 6485 2316 6486 2327 6486 3842 6486 2327 6487 2326 6487 3842 6487 3842 6488 2326 6488 3841 6488 2326 6489 2325 6489 3841 6489 3841 6490 2325 6490 3840 6490 2325 6491 2324 6491 3840 6491 3840 6492 2324 6492 3699 6492 3707 6493 3706 6493 3843 6493 3706 6494 3705 6494 3843 6494 3843 6495 3705 6495 3844 6495 3705 6496 3704 6496 3844 6496 3844 6497 3704 6497 3845 6497 3704 6498 3699 6498 3845 6498 3845 6499 3699 6499 2324 6499 2324 6500 2331 6500 3845 6500 2331 6501 2330 6501 3845 6501 3845 6502 2330 6502 3844 6502 2330 6503 2329 6503 3844 6503 3844 6504 2329 6504 3843 6504 2329 6505 2328 6505 3843 6505 3843 6506 2328 6506 3707 6506 3715 6507 3714 6507 3846 6507 3714 6508 3713 6508 3846 6508 3846 6509 3713 6509 3847 6509 3713 6510 3712 6510 3847 6510 3847 6511 3712 6511 3848 6511 3712 6512 3707 6512 3848 6512 3848 6513 3707 6513 2328 6513 2328 6514 2339 6514 3848 6514 2339 6515 2338 6515 3848 6515 3848 6516 2338 6516 3847 6516 2338 6517 2337 6517 3847 6517 3847 6518 2337 6518 3846 6518 2337 6519 2336 6519 3846 6519 3846 6520 2336 6520 3715 6520 3723 6521 3722 6521 3849 6521 3722 6522 3721 6522 3849 6522 3849 6523 3721 6523 3850 6523 3721 6524 3720 6524 3850 6524 3850 6525 3720 6525 3851 6525 3720 6526 3715 6526 3851 6526 3851 6527 3715 6527 2336 6527 2336 6528 2347 6528 3851 6528 2347 6529 2346 6529 3851 6529 3851 6530 2346 6530 3850 6530 2346 6531 2345 6531 3850 6531 3850 6532 2345 6532 3849 6532 2345 6533 2344 6533 3849 6533 3849 6534 2344 6534 3723 6534 3735 6535 3734 6535 3852 6535 3734 6536 3733 6536 3852 6536 3852 6537 3733 6537 3853 6537 3733 6538 3732 6538 3853 6538 3853 6539 3732 6539 3854 6539 3732 6540 3723 6540 3854 6540 3854 6541 3723 6541 2344 6541 2344 6542 2355 6542 3854 6542 2355 6543 2354 6543 3854 6543 3854 6544 2354 6544 3853 6544 2354 6545 2353 6545 3853 6545 3853 6546 2353 6546 3852 6546 2353 6547 2352 6547 3852 6547 3852 6548 2352 6548 3735 6548 3743 6549 3742 6549 3855 6549 3742 6550 3741 6550 3855 6550 3855 6551 3741 6551 3856 6551 3741 6552 3740 6552 3856 6552 3856 6553 3740 6553 3857 6553 3740 6554 3735 6554 3857 6554 3857 6555 3735 6555 2352 6555 2352 6556 2359 6556 3857 6556 2359 6557 2358 6557 3857 6557 3857 6558 2358 6558 3856 6558 2358 6559 2357 6559 3856 6559 3856 6560 2357 6560 3855 6560 2357 6561 2356 6561 3855 6561 3855 6562 2356 6562 3743 6562 3751 6563 3750 6563 3858 6563 3750 6564 3749 6564 3858 6564 3858 6565 3749 6565 3859 6565 3749 6566 3748 6566 3859 6566 3859 6567 3748 6567 3860 6567 3748 6568 3743 6568 3860 6568 3860 6569 3743 6569 2356 6569 2356 6570 2367 6570 3860 6570 2367 6571 2366 6571 3860 6571 3860 6572 2366 6572 3859 6572 2366 6573 2365 6573 3859 6573 3859 6574 2365 6574 3858 6574 2365 6575 2364 6575 3858 6575 3858 6576 2364 6576 3751 6576 3759 6577 3758 6577 3861 6577 3758 6578 3757 6578 3861 6578 3861 6579 3757 6579 3862 6579 3757 6580 3756 6580 3862 6580 3862 6581 3756 6581 3863 6581 3756 6582 3751 6582 3863 6582 3863 6583 3751 6583 2364 6583 2364 6584 2375 6584 3863 6584 2375 6585 2374 6585 3863 6585 3863 6586 2374 6586 3862 6586 2374 6587 2373 6587 3862 6587 3862 6588 2373 6588 3861 6588 2373 6589 2372 6589 3861 6589 3861 6590 2372 6590 3759 6590 3767 6591 3766 6591 3864 6591 3766 6592 3765 6592 3864 6592 3864 6593 3765 6593 3865 6593 3765 6594 3764 6594 3865 6594 3865 6595 3764 6595 3866 6595 3764 6596 3759 6596 3866 6596 3866 6597 3759 6597 2372 6597 2372 6598 2378 6598 3866 6598 2378 6599 2377 6599 3866 6599 3866 6600 2377 6600 3865 6600 2377 6601 2376 6601 3865 6601 3865 6602 2376 6602 3864 6602 2376 6603 2175 6603 3864 6603 3864 6604 2175 6604 3767 6604 2866 6605 3183 6605 3867 6605 3183 6606 3182 6606 3867 6606 3867 6607 3182 6607 3868 6607 3182 6608 3181 6608 3868 6608 3868 6609 3181 6609 3869 6609 3181 6610 3180 6610 3869 6610 3869 6611 3180 6611 3870 6611 3870 6612 3871 6612 3869 6612 3871 6613 3872 6613 3869 6613 3869 6614 3872 6614 3868 6614 3872 6615 3873 6615 3868 6615 3868 6616 3873 6616 3867 6616 3873 6617 3874 6617 3867 6617 3867 6618 3874 6618 2866 6618 2870 6619 2869 6619 3875 6619 2869 6620 2868 6620 3875 6620 3875 6621 2868 6621 3876 6621 2868 6622 2867 6622 3876 6622 3876 6623 2867 6623 3877 6623 2867 6624 2866 6624 3877 6624 3877 6625 2866 6625 3874 6625 3874 6626 3878 6626 3877 6626 3878 6627 3879 6627 3877 6627 3877 6628 3879 6628 3876 6628 3879 6629 3880 6629 3876 6629 3876 6630 3880 6630 3875 6630 3880 6631 3881 6631 3875 6631 3875 6632 3881 6632 2870 6632 2874 6633 2873 6633 3882 6633 2873 6634 2872 6634 3882 6634 3882 6635 2872 6635 3883 6635 2872 6636 2871 6636 3883 6636 3883 6637 2871 6637 3884 6637 2871 6638 2870 6638 3884 6638 3884 6639 2870 6639 3881 6639 3881 6640 3885 6640 3884 6640 3885 6641 3886 6641 3884 6641 3884 6642 3886 6642 3883 6642 3886 6643 3887 6643 3883 6643 3883 6644 3887 6644 3882 6644 3887 6645 3888 6645 3882 6645 3882 6646 3888 6646 2874 6646 2878 6647 2877 6647 3889 6647 2877 6648 2876 6648 3889 6648 3889 6649 2876 6649 3890 6649 2876 6650 2875 6650 3890 6650 3890 6651 2875 6651 3891 6651 2875 6652 2874 6652 3891 6652 3891 6653 2874 6653 3888 6653 3888 6654 3892 6654 3891 6654 3892 6655 3893 6655 3891 6655 3891 6656 3893 6656 3890 6656 3893 6657 3894 6657 3890 6657 3890 6658 3894 6658 3889 6658 3894 6659 3895 6659 3889 6659 3889 6660 3895 6660 2878 6660 2882 6661 2881 6661 3896 6661 2881 6662 2880 6662 3896 6662 3896 6663 2880 6663 3897 6663 2880 6664 2879 6664 3897 6664 3897 6665 2879 6665 3898 6665 2879 6666 2878 6666 3898 6666 3898 6667 2878 6667 3895 6667 3895 6668 3899 6668 3898 6668 3899 6669 3900 6669 3898 6669 3898 6670 3900 6670 3897 6670 3900 6671 3901 6671 3897 6671 3897 6672 3901 6672 3896 6672 3901 6673 3902 6673 3896 6673 3896 6674 3902 6674 2882 6674 2886 6675 2885 6675 3903 6675 2885 6676 2884 6676 3903 6676 3903 6677 2884 6677 3904 6677 2884 6678 2883 6678 3904 6678 3904 6679 2883 6679 3905 6679 2883 6680 2882 6680 3905 6680 3905 6681 2882 6681 3902 6681 3902 6682 3906 6682 3905 6682 3906 6683 3907 6683 3905 6683 3905 6684 3907 6684 3904 6684 3907 6685 3908 6685 3904 6685 3904 6686 3908 6686 3903 6686 3908 6687 3909 6687 3903 6687 3903 6688 3909 6688 2886 6688 2890 6689 2889 6689 3910 6689 2889 6690 2888 6690 3910 6690 3910 6691 2888 6691 3911 6691 2888 6692 2887 6692 3911 6692 3911 6693 2887 6693 3912 6693 2887 6694 2886 6694 3912 6694 3912 6695 2886 6695 3909 6695 3909 6696 3913 6696 3912 6696 3913 6697 3914 6697 3912 6697 3912 6698 3914 6698 3911 6698 3914 6699 3915 6699 3911 6699 3911 6700 3915 6700 3910 6700 3915 6701 3916 6701 3910 6701 3910 6702 3916 6702 2890 6702 2895 6703 2894 6703 3917 6703 2894 6704 2893 6704 3917 6704 3917 6705 2893 6705 3918 6705 2893 6706 2892 6706 3918 6706 3918 6707 2892 6707 3919 6707 2892 6708 2890 6708 3919 6708 3919 6709 2890 6709 3916 6709 3916 6710 3920 6710 3919 6710 3920 6711 3921 6711 3919 6711 3919 6712 3921 6712 3918 6712 3921 6713 3922 6713 3918 6713 3918 6714 3922 6714 3917 6714 3922 6715 3923 6715 3917 6715 3917 6716 3923 6716 2895 6716 2903 6717 2902 6717 3924 6717 2902 6718 2901 6718 3924 6718 3924 6719 2901 6719 3925 6719 2901 6720 2900 6720 3925 6720 3925 6721 2900 6721 3926 6721 2900 6722 2895 6722 3926 6722 3926 6723 2895 6723 3923 6723 3923 6724 3927 6724 3926 6724 3927 6725 3928 6725 3926 6725 3926 6726 3928 6726 3925 6726 3928 6727 3929 6727 3925 6727 3925 6728 3929 6728 3924 6728 3929 6729 3930 6729 3924 6729 3924 6730 3930 6730 2903 6730 2907 6731 2906 6731 3931 6731 2906 6732 2905 6732 3931 6732 3931 6733 2905 6733 3932 6733 2905 6734 2904 6734 3932 6734 3932 6735 2904 6735 3933 6735 2904 6736 2903 6736 3933 6736 3933 6737 2903 6737 3930 6737 3930 6738 3934 6738 3933 6738 3934 6739 3935 6739 3933 6739 3933 6740 3935 6740 3932 6740 3935 6741 3936 6741 3932 6741 3932 6742 3936 6742 3931 6742 3936 6743 3937 6743 3931 6743 3931 6744 3937 6744 2907 6744 2915 6745 2914 6745 3938 6745 2914 6746 2913 6746 3938 6746 3938 6747 2913 6747 3939 6747 2913 6748 2912 6748 3939 6748 3939 6749 2912 6749 3940 6749 2912 6750 2907 6750 3940 6750 3940 6751 2907 6751 3937 6751 3937 6752 3941 6752 3940 6752 3941 6753 3942 6753 3940 6753 3940 6754 3942 6754 3939 6754 3942 6755 3943 6755 3939 6755 3939 6756 3943 6756 3938 6756 3943 6757 3944 6757 3938 6757 3938 6758 3944 6758 2915 6758 2919 6759 2918 6759 3945 6759 2918 6760 2917 6760 3945 6760 3945 6761 2917 6761 3946 6761 2917 6762 2916 6762 3946 6762 3946 6763 2916 6763 3947 6763 2916 6764 2915 6764 3947 6764 3947 6765 2915 6765 3944 6765 3944 6766 3948 6766 3947 6766 3948 6767 3949 6767 3947 6767 3947 6768 3949 6768 3946 6768 3949 6769 3950 6769 3946 6769 3946 6770 3950 6770 3945 6770 3950 6771 3951 6771 3945 6771 3945 6772 3951 6772 2919 6772 2927 6773 2926 6773 3952 6773 2926 6774 2925 6774 3952 6774 3952 6775 2925 6775 3953 6775 2925 6776 2924 6776 3953 6776 3953 6777 2924 6777 3954 6777 2924 6778 2919 6778 3954 6778 3954 6779 2919 6779 3951 6779 3951 6780 3955 6780 3954 6780 3955 6781 3956 6781 3954 6781 3954 6782 3956 6782 3953 6782 3956 6783 3957 6783 3953 6783 3953 6784 3957 6784 3952 6784 3957 6785 3958 6785 3952 6785 3952 6786 3958 6786 2927 6786 2935 6787 2934 6787 3959 6787 2934 6788 2933 6788 3959 6788 3959 6789 2933 6789 3960 6789 2933 6790 2932 6790 3960 6790 3960 6791 2932 6791 3961 6791 2932 6792 2927 6792 3961 6792 3961 6793 2927 6793 3958 6793 3958 6794 3962 6794 3961 6794 3962 6795 3963 6795 3961 6795 3961 6796 3963 6796 3960 6796 3963 6797 3964 6797 3960 6797 3960 6798 3964 6798 3959 6798 3964 6799 3965 6799 3959 6799 3959 6800 3965 6800 2935 6800 2939 6801 2938 6801 3966 6801 2938 6802 2937 6802 3966 6802 3966 6803 2937 6803 3967 6803 2937 6804 2936 6804 3967 6804 3967 6805 2936 6805 3968 6805 2936 6806 2935 6806 3968 6806 3968 6807 2935 6807 3965 6807 3965 6808 3969 6808 3968 6808 3969 6809 3970 6809 3968 6809 3968 6810 3970 6810 3967 6810 3970 6811 3971 6811 3967 6811 3967 6812 3971 6812 3966 6812 3971 6813 3972 6813 3966 6813 3966 6814 3972 6814 2939 6814 2947 6815 2946 6815 3973 6815 2946 6816 2945 6816 3973 6816 3973 6817 2945 6817 3974 6817 2945 6818 2944 6818 3974 6818 3974 6819 2944 6819 3975 6819 2944 6820 2939 6820 3975 6820 3975 6821 2939 6821 3972 6821 3972 6822 3976 6822 3975 6822 3976 6823 3977 6823 3975 6823 3975 6824 3977 6824 3974 6824 3977 6825 3978 6825 3974 6825 3974 6826 3978 6826 3973 6826 3978 6827 3979 6827 3973 6827 3973 6828 3979 6828 2947 6828 2951 6829 2950 6829 3980 6829 2950 6830 2949 6830 3980 6830 3980 6831 2949 6831 3981 6831 2949 6832 2948 6832 3981 6832 3981 6833 2948 6833 3982 6833 2948 6834 2947 6834 3982 6834 3982 6835 2947 6835 3979 6835 3979 6836 3983 6836 3982 6836 3983 6837 3984 6837 3982 6837 3982 6838 3984 6838 3981 6838 3984 6839 3985 6839 3981 6839 3981 6840 3985 6840 3980 6840 3985 6841 3986 6841 3980 6841 3980 6842 3986 6842 2951 6842 2959 6843 2958 6843 3987 6843 2958 6844 2957 6844 3987 6844 3987 6845 2957 6845 3988 6845 2957 6846 2956 6846 3988 6846 3988 6847 2956 6847 3989 6847 2956 6848 2951 6848 3989 6848 3989 6849 2951 6849 3986 6849 3986 6850 3990 6850 3989 6850 3990 6851 3991 6851 3989 6851 3989 6852 3991 6852 3988 6852 3991 6853 3992 6853 3988 6853 3988 6854 3992 6854 3987 6854 3992 6855 3993 6855 3987 6855 3987 6856 3993 6856 2959 6856 2967 6857 2966 6857 3994 6857 2966 6858 2965 6858 3994 6858 3994 6859 2965 6859 3995 6859 2965 6860 2964 6860 3995 6860 3995 6861 2964 6861 3996 6861 2964 6862 2959 6862 3996 6862 3996 6863 2959 6863 3993 6863 3993 6864 3997 6864 3996 6864 3997 6865 3998 6865 3996 6865 3996 6866 3998 6866 3995 6866 3998 6867 3999 6867 3995 6867 3995 6868 3999 6868 3994 6868 3999 6869 4000 6869 3994 6869 3994 6870 4000 6870 2967 6870 2971 6871 2970 6871 4001 6871 2970 6872 2969 6872 4001 6872 4001 6873 2969 6873 4002 6873 2969 6874 2968 6874 4002 6874 4002 6875 2968 6875 4003 6875 2968 6876 2967 6876 4003 6876 4003 6877 2967 6877 4000 6877 4000 6878 4004 6878 4003 6878 4004 6879 4005 6879 4003 6879 4003 6880 4005 6880 4002 6880 4005 6881 4006 6881 4002 6881 4002 6882 4006 6882 4001 6882 4006 6883 4007 6883 4001 6883 4001 6884 4007 6884 2971 6884 2979 6885 2978 6885 4008 6885 2978 6886 2977 6886 4008 6886 4008 6887 2977 6887 4009 6887 2977 6888 2976 6888 4009 6888 4009 6889 2976 6889 4010 6889 2976 6890 2971 6890 4010 6890 4010 6891 2971 6891 4007 6891 4007 6892 4011 6892 4010 6892 4011 6893 4012 6893 4010 6893 4010 6894 4012 6894 4009 6894 4012 6895 4013 6895 4009 6895 4009 6896 4013 6896 4008 6896 4013 6897 4014 6897 4008 6897 4008 6898 4014 6898 2979 6898 2987 6899 2986 6899 4015 6899 2986 6900 2985 6900 4015 6900 4015 6901 2985 6901 4016 6901 2985 6902 2984 6902 4016 6902 4016 6903 2984 6903 4017 6903 2984 6904 2979 6904 4017 6904 4017 6905 2979 6905 4014 6905 4014 6906 4018 6906 4017 6906 4018 6907 4019 6907 4017 6907 4017 6908 4019 6908 4016 6908 4019 6909 4020 6909 4016 6909 4016 6910 4020 6910 4015 6910 4020 6911 4021 6911 4015 6911 4015 6912 4021 6912 2987 6912 2991 6913 2990 6913 4022 6913 2990 6914 2989 6914 4022 6914 4022 6915 2989 6915 4023 6915 2989 6916 2988 6916 4023 6916 4023 6917 2988 6917 4024 6917 2988 6918 2987 6918 4024 6918 4024 6919 2987 6919 4021 6919 4021 6920 4025 6920 4024 6920 4025 6921 4026 6921 4024 6921 4024 6922 4026 6922 4023 6922 4026 6923 4027 6923 4023 6923 4023 6924 4027 6924 4022 6924 4027 6925 4028 6925 4022 6925 4022 6926 4028 6926 2991 6926 2999 6927 2998 6927 4029 6927 2998 6928 2997 6928 4029 6928 4029 6929 2997 6929 4030 6929 2997 6930 2996 6930 4030 6930 4030 6931 2996 6931 4031 6931 2996 6932 2991 6932 4031 6932 4031 6933 2991 6933 4028 6933 4028 6934 4032 6934 4031 6934 4032 6935 4033 6935 4031 6935 4031 6936 4033 6936 4030 6936 4033 6937 4034 6937 4030 6937 4030 6938 4034 6938 4029 6938 4034 6939 4035 6939 4029 6939 4029 6940 4035 6940 2999 6940 3003 6941 3002 6941 4036 6941 3002 6942 3001 6942 4036 6942 4036 6943 3001 6943 4037 6943 3001 6944 3000 6944 4037 6944 4037 6945 3000 6945 4038 6945 3000 6946 2999 6946 4038 6946 4038 6947 2999 6947 4035 6947 4035 6948 4039 6948 4038 6948 4039 6949 4040 6949 4038 6949 4038 6950 4040 6950 4037 6950 4040 6951 4041 6951 4037 6951 4037 6952 4041 6952 4036 6952 4041 6953 4042 6953 4036 6953 4036 6954 4042 6954 3003 6954 3007 6955 3006 6955 4043 6955 3006 6956 3005 6956 4043 6956 4043 6957 3005 6957 4044 6957 3005 6958 3004 6958 4044 6958 4044 6959 3004 6959 4045 6959 3004 6960 3003 6960 4045 6960 4045 6961 3003 6961 4042 6961 4042 6962 4046 6962 4045 6962 4046 6963 4047 6963 4045 6963 4045 6964 4047 6964 4044 6964 4047 6965 4048 6965 4044 6965 4044 6966 4048 6966 4043 6966 4048 6967 4049 6967 4043 6967 4043 6968 4049 6968 3007 6968 3011 6969 3010 6969 4050 6969 3010 6970 3009 6970 4050 6970 4050 6971 3009 6971 4051 6971 3009 6972 3008 6972 4051 6972 4051 6973 3008 6973 4052 6973 3008 6974 3007 6974 4052 6974 4052 6975 3007 6975 4049 6975 4049 6976 4053 6976 4052 6976 4053 6977 4054 6977 4052 6977 4052 6978 4054 6978 4051 6978 4054 6979 4055 6979 4051 6979 4051 6980 4055 6980 4050 6980 4055 6981 4056 6981 4050 6981 4050 6982 4056 6982 3011 6982 3015 6983 3014 6983 4057 6983 3014 6984 3013 6984 4057 6984 4057 6985 3013 6985 4058 6985 3013 6986 3012 6986 4058 6986 4058 6987 3012 6987 4059 6987 3012 6988 3011 6988 4059 6988 4059 6989 3011 6989 4056 6989 4056 6990 4060 6990 4059 6990 4060 6991 4061 6991 4059 6991 4059 6992 4061 6992 4058 6992 4061 6993 4062 6993 4058 6993 4058 6994 4062 6994 4057 6994 4062 6995 4063 6995 4057 6995 4057 6996 4063 6996 3015 6996 3019 6997 3018 6997 4064 6997 3018 6998 3017 6998 4064 6998 4064 6999 3017 6999 4065 6999 3017 7000 3016 7000 4065 7000 4065 7001 3016 7001 4066 7001 3016 7002 3015 7002 4066 7002 4066 7003 3015 7003 4063 7003 4063 7004 4067 7004 4066 7004 4067 7005 4068 7005 4066 7005 4066 7006 4068 7006 4065 7006 4068 7007 4069 7007 4065 7007 4065 7008 4069 7008 4064 7008 4069 7009 4070 7009 4064 7009 4064 7010 4070 7010 3019 7010 3023 7011 3022 7011 4071 7011 3022 7012 3021 7012 4071 7012 4071 7013 3021 7013 4072 7013 3021 7014 3020 7014 4072 7014 4072 7015 3020 7015 4073 7015 3020 7016 3019 7016 4073 7016 4073 7017 3019 7017 4070 7017 4070 7018 4074 7018 4073 7018 4074 7019 4075 7019 4073 7019 4073 7020 4075 7020 4072 7020 4075 7021 4076 7021 4072 7021 4072 7022 4076 7022 4071 7022 4076 7023 4077 7023 4071 7023 4071 7024 4077 7024 3023 7024 3027 7025 3026 7025 4078 7025 3026 7026 3025 7026 4078 7026 4078 7027 3025 7027 4079 7027 3025 7028 3024 7028 4079 7028 4079 7029 3024 7029 4080 7029 3024 7030 3023 7030 4080 7030 4080 7031 3023 7031 4077 7031 4077 7032 4081 7032 4080 7032 4081 7033 4082 7033 4080 7033 4080 7034 4082 7034 4079 7034 4082 7035 4083 7035 4079 7035 4079 7036 4083 7036 4078 7036 4083 7037 4084 7037 4078 7037 4078 7038 4084 7038 3027 7038 3031 7039 3030 7039 4085 7039 3030 7040 3029 7040 4085 7040 4085 7041 3029 7041 4086 7041 3029 7042 3028 7042 4086 7042 4086 7043 3028 7043 4087 7043 3028 7044 3027 7044 4087 7044 4087 7045 3027 7045 4084 7045 4084 7046 4088 7046 4087 7046 4088 7047 4089 7047 4087 7047 4087 7048 4089 7048 4086 7048 4089 7049 4090 7049 4086 7049 4086 7050 4090 7050 4085 7050 4090 7051 4091 7051 4085 7051 4085 7052 4091 7052 3031 7052 3035 7053 3034 7053 4092 7053 3034 7054 3033 7054 4092 7054 4092 7055 3033 7055 4093 7055 3033 7056 3032 7056 4093 7056 4093 7057 3032 7057 4094 7057 3032 7058 3031 7058 4094 7058 4094 7059 3031 7059 4091 7059 4091 7060 4095 7060 4094 7060 4095 7061 4096 7061 4094 7061 4094 7062 4096 7062 4093 7062 4096 7063 4097 7063 4093 7063 4093 7064 4097 7064 4092 7064 4097 7065 4098 7065 4092 7065 4092 7066 4098 7066 3035 7066 3039 7067 3038 7067 4099 7067 3038 7068 3037 7068 4099 7068 4099 7069 3037 7069 4100 7069 3037 7070 3036 7070 4100 7070 4100 7071 3036 7071 4101 7071 3036 7072 3035 7072 4101 7072 4101 7073 3035 7073 4098 7073 4098 7074 4102 7074 4101 7074 4102 7075 4103 7075 4101 7075 4101 7076 4103 7076 4100 7076 4103 7077 4104 7077 4100 7077 4100 7078 4104 7078 4099 7078 4104 7079 4105 7079 4099 7079 4099 7080 4105 7080 3039 7080 3043 7081 3042 7081 4106 7081 3042 7082 3041 7082 4106 7082 4106 7083 3041 7083 4107 7083 3041 7084 3040 7084 4107 7084 4107 7085 3040 7085 4108 7085 3040 7086 3039 7086 4108 7086 4108 7087 3039 7087 4105 7087 4105 7088 4109 7088 4108 7088 4109 7089 4110 7089 4108 7089 4108 7090 4110 7090 4107 7090 4110 7091 4111 7091 4107 7091 4107 7092 4111 7092 4106 7092 4111 7093 4112 7093 4106 7093 4106 7094 4112 7094 3043 7094 3047 7095 3046 7095 4113 7095 3046 7096 3045 7096 4113 7096 4113 7097 3045 7097 4114 7097 3045 7098 3044 7098 4114 7098 4114 7099 3044 7099 4115 7099 3044 7100 3043 7100 4115 7100 4115 7101 3043 7101 4112 7101 4112 7102 4116 7102 4115 7102 4116 7103 4117 7103 4115 7103 4115 7104 4117 7104 4114 7104 4117 7105 4118 7105 4114 7105 4114 7106 4118 7106 4113 7106 4118 7107 4119 7107 4113 7107 4113 7108 4119 7108 3047 7108 3051 7109 3050 7109 4120 7109 3050 7110 3049 7110 4120 7110 4120 7111 3049 7111 4121 7111 3049 7112 3048 7112 4121 7112 4121 7113 3048 7113 4122 7113 3048 7114 3047 7114 4122 7114 4122 7115 3047 7115 4119 7115 4119 7116 4123 7116 4122 7116 4123 7117 4124 7117 4122 7117 4122 7118 4124 7118 4121 7118 4124 7119 4125 7119 4121 7119 4121 7120 4125 7120 4120 7120 4125 7121 4126 7121 4120 7121 4120 7122 4126 7122 3051 7122 3056 7123 3055 7123 4127 7123 3055 7124 3054 7124 4127 7124 4127 7125 3054 7125 4128 7125 3054 7126 3053 7126 4128 7126 4128 7127 3053 7127 4129 7127 3053 7128 3051 7128 4129 7128 4129 7129 3051 7129 4126 7129 4126 7130 4130 7130 4129 7130 4130 7131 4131 7131 4129 7131 4129 7132 4131 7132 4128 7132 4131 7133 4132 7133 4128 7133 4128 7134 4132 7134 4127 7134 4132 7135 4133 7135 4127 7135 4127 7136 4133 7136 3056 7136 3064 7137 3063 7137 4134 7137 3063 7138 3062 7138 4134 7138 4134 7139 3062 7139 4135 7139 3062 7140 3061 7140 4135 7140 4135 7141 3061 7141 4136 7141 3061 7142 3056 7142 4136 7142 4136 7143 3056 7143 4133 7143 4133 7144 4137 7144 4136 7144 4137 7145 4138 7145 4136 7145 4136 7146 4138 7146 4135 7146 4138 7147 4139 7147 4135 7147 4135 7148 4139 7148 4134 7148 4139 7149 4140 7149 4134 7149 4134 7150 4140 7150 3064 7150 3068 7151 3067 7151 4141 7151 3067 7152 3066 7152 4141 7152 4141 7153 3066 7153 4142 7153 3066 7154 3065 7154 4142 7154 4142 7155 3065 7155 4143 7155 3065 7156 3064 7156 4143 7156 4143 7157 3064 7157 4140 7157 4140 7158 4144 7158 4143 7158 4144 7159 4145 7159 4143 7159 4143 7160 4145 7160 4142 7160 4145 7161 4146 7161 4142 7161 4142 7162 4146 7162 4141 7162 4146 7163 4147 7163 4141 7163 4141 7164 4147 7164 3068 7164 3076 7165 3075 7165 4148 7165 3075 7166 3074 7166 4148 7166 4148 7167 3074 7167 4149 7167 3074 7168 3073 7168 4149 7168 4149 7169 3073 7169 4150 7169 3073 7170 3068 7170 4150 7170 4150 7171 3068 7171 4147 7171 4147 7172 4151 7172 4150 7172 4151 7173 4152 7173 4150 7173 4150 7174 4152 7174 4149 7174 4152 7175 4153 7175 4149 7175 4149 7176 4153 7176 4148 7176 4153 7177 4154 7177 4148 7177 4148 7178 4154 7178 3076 7178 3084 7179 3083 7179 4155 7179 3083 7180 3082 7180 4155 7180 4155 7181 3082 7181 4156 7181 3082 7182 3081 7182 4156 7182 4156 7183 3081 7183 4157 7183 3081 7184 3076 7184 4157 7184 4157 7185 3076 7185 4154 7185 4154 7186 4158 7186 4157 7186 4158 7187 4159 7187 4157 7187 4157 7188 4159 7188 4156 7188 4159 7189 4160 7189 4156 7189 4156 7190 4160 7190 4155 7190 4160 7191 4161 7191 4155 7191 4155 7192 4161 7192 3084 7192 3088 7193 3087 7193 4162 7193 3087 7194 3086 7194 4162 7194 4162 7195 3086 7195 4163 7195 3086 7196 3085 7196 4163 7196 4163 7197 3085 7197 4164 7197 3085 7198 3084 7198 4164 7198 4164 7199 3084 7199 4161 7199 4161 7200 4165 7200 4164 7200 4165 7201 4166 7201 4164 7201 4164 7202 4166 7202 4163 7202 4166 7203 4167 7203 4163 7203 4163 7204 4167 7204 4162 7204 4167 7205 4168 7205 4162 7205 4162 7206 4168 7206 3088 7206 3096 7207 3095 7207 4169 7207 3095 7208 3094 7208 4169 7208 4169 7209 3094 7209 4170 7209 3094 7210 3093 7210 4170 7210 4170 7211 3093 7211 4171 7211 3093 7212 3088 7212 4171 7212 4171 7213 3088 7213 4168 7213 4168 7214 4172 7214 4171 7214 4172 7215 4173 7215 4171 7215 4171 7216 4173 7216 4170 7216 4173 7217 4174 7217 4170 7217 4170 7218 4174 7218 4169 7218 4174 7219 4175 7219 4169 7219 4169 7220 4175 7220 3096 7220 3104 7221 3103 7221 4176 7221 3103 7222 3102 7222 4176 7222 4176 7223 3102 7223 4177 7223 3102 7224 3101 7224 4177 7224 4177 7225 3101 7225 4178 7225 3101 7226 3096 7226 4178 7226 4178 7227 3096 7227 4175 7227 4175 7228 4179 7228 4178 7228 4179 7229 4180 7229 4178 7229 4178 7230 4180 7230 4177 7230 4180 7231 4181 7231 4177 7231 4177 7232 4181 7232 4176 7232 4181 7233 4182 7233 4176 7233 4176 7234 4182 7234 3104 7234 3108 7235 3107 7235 4183 7235 3107 7236 3106 7236 4183 7236 4183 7237 3106 7237 4184 7237 3106 7238 3105 7238 4184 7238 4184 7239 3105 7239 4185 7239 3105 7240 3104 7240 4185 7240 4185 7241 3104 7241 4182 7241 4182 7242 4186 7242 4185 7242 4186 7243 4187 7243 4185 7243 4185 7244 4187 7244 4184 7244 4187 7245 4188 7245 4184 7245 4184 7246 4188 7246 4183 7246 4188 7247 4189 7247 4183 7247 4183 7248 4189 7248 3108 7248 3116 7249 3115 7249 4190 7249 3115 7250 3114 7250 4190 7250 4190 7251 3114 7251 4191 7251 3114 7252 3113 7252 4191 7252 4191 7253 3113 7253 4192 7253 3113 7254 3108 7254 4192 7254 4192 7255 3108 7255 4189 7255 4189 7256 4193 7256 4192 7256 4193 7257 4194 7257 4192 7257 4192 7258 4194 7258 4191 7258 4194 7259 4195 7259 4191 7259 4191 7260 4195 7260 4190 7260 4195 7261 4196 7261 4190 7261 4190 7262 4196 7262 3116 7262 3120 7263 3119 7263 4197 7263 3119 7264 3118 7264 4197 7264 4197 7265 3118 7265 4198 7265 3118 7266 3117 7266 4198 7266 4198 7267 3117 7267 4199 7267 3117 7268 3116 7268 4199 7268 4199 7269 3116 7269 4196 7269 4196 7270 4200 7270 4199 7270 4200 7271 4201 7271 4199 7271 4199 7272 4201 7272 4198 7272 4201 7273 4202 7273 4198 7273 4198 7274 4202 7274 4197 7274 4202 7275 4203 7275 4197 7275 4197 7276 4203 7276 3120 7276 3128 7277 3127 7277 4204 7277 3127 7278 3126 7278 4204 7278 4204 7279 3126 7279 4205 7279 3126 7280 3125 7280 4205 7280 4205 7281 3125 7281 4206 7281 3125 7282 3120 7282 4206 7282 4206 7283 3120 7283 4203 7283 4203 7284 4207 7284 4206 7284 4207 7285 4208 7285 4206 7285 4206 7286 4208 7286 4205 7286 4208 7287 4209 7287 4205 7287 4205 7288 4209 7288 4204 7288 4209 7289 4210 7289 4204 7289 4204 7290 4210 7290 3128 7290 3136 7291 3135 7291 4211 7291 3135 7292 3134 7292 4211 7292 4211 7293 3134 7293 4212 7293 3134 7294 3133 7294 4212 7294 4212 7295 3133 7295 4213 7295 3133 7296 3128 7296 4213 7296 4213 7297 3128 7297 4210 7297 4210 7298 4214 7298 4213 7298 4214 7299 4215 7299 4213 7299 4213 7300 4215 7300 4212 7300 4215 7301 4216 7301 4212 7301 4212 7302 4216 7302 4211 7302 4216 7303 4217 7303 4211 7303 4211 7304 4217 7304 3136 7304 3140 7305 3139 7305 4218 7305 3139 7306 3138 7306 4218 7306 4218 7307 3138 7307 4219 7307 3138 7308 3137 7308 4219 7308 4219 7309 3137 7309 4220 7309 3137 7310 3136 7310 4220 7310 4220 7311 3136 7311 4217 7311 4217 7312 4221 7312 4220 7312 4221 7313 4222 7313 4220 7313 4220 7314 4222 7314 4219 7314 4222 7315 4223 7315 4219 7315 4219 7316 4223 7316 4218 7316 4223 7317 4224 7317 4218 7317 4218 7318 4224 7318 3140 7318 3148 7319 3147 7319 4225 7319 3147 7320 3146 7320 4225 7320 4225 7321 3146 7321 4226 7321 3146 7322 3145 7322 4226 7322 4226 7323 3145 7323 4227 7323 3145 7324 3140 7324 4227 7324 4227 7325 3140 7325 4224 7325 4224 7326 4228 7326 4227 7326 4228 7327 4229 7327 4227 7327 4227 7328 4229 7328 4226 7328 4229 7329 4230 7329 4226 7329 4226 7330 4230 7330 4225 7330 4230 7331 4231 7331 4225 7331 4225 7332 4231 7332 3148 7332 3152 7333 3151 7333 4232 7333 3151 7334 3150 7334 4232 7334 4232 7335 3150 7335 4233 7335 3150 7336 3149 7336 4233 7336 4233 7337 3149 7337 4234 7337 3149 7338 3148 7338 4234 7338 4234 7339 3148 7339 4231 7339 4231 7340 4235 7340 4234 7340 4235 7341 4236 7341 4234 7341 4234 7342 4236 7342 4233 7342 4236 7343 4237 7343 4233 7343 4233 7344 4237 7344 4232 7344 4237 7345 4238 7345 4232 7345 4232 7346 4238 7346 3152 7346 3160 7347 3159 7347 4239 7347 3159 7348 3158 7348 4239 7348 4239 7349 3158 7349 4240 7349 3158 7350 3157 7350 4240 7350 4240 7351 3157 7351 4241 7351 3157 7352 3152 7352 4241 7352 4241 7353 3152 7353 4238 7353 4238 7354 4242 7354 4241 7354 4242 7355 4243 7355 4241 7355 4241 7356 4243 7356 4240 7356 4243 7357 4244 7357 4240 7357 4240 7358 4244 7358 4239 7358 4244 7359 4245 7359 4239 7359 4239 7360 4245 7360 3160 7360 3164 7361 3163 7361 4246 7361 3163 7362 3162 7362 4246 7362 4246 7363 3162 7363 4247 7363 3162 7364 3161 7364 4247 7364 4247 7365 3161 7365 4248 7365 3161 7366 3160 7366 4248 7366 4248 7367 3160 7367 4245 7367 4245 7368 4249 7368 4248 7368 4249 7369 4250 7369 4248 7369 4248 7370 4250 7370 4247 7370 4250 7371 4251 7371 4247 7371 4247 7372 4251 7372 4246 7372 4251 7373 4252 7373 4246 7373 4246 7374 4252 7374 3164 7374 3168 7375 3167 7375 4253 7375 3167 7376 3166 7376 4253 7376 4253 7377 3166 7377 4254 7377 3166 7378 3165 7378 4254 7378 4254 7379 3165 7379 4255 7379 3165 7380 3164 7380 4255 7380 4255 7381 3164 7381 4252 7381 4252 7382 4256 7382 4255 7382 4256 7383 4257 7383 4255 7383 4255 7384 4257 7384 4254 7384 4257 7385 4258 7385 4254 7385 4254 7386 4258 7386 4253 7386 4258 7387 4259 7387 4253 7387 4253 7388 4259 7388 3168 7388 3172 7389 3171 7389 4260 7389 3171 7390 3170 7390 4260 7390 4260 7391 3170 7391 4261 7391 3170 7392 3169 7392 4261 7392 4261 7393 3169 7393 4262 7393 3169 7394 3168 7394 4262 7394 4262 7395 3168 7395 4259 7395 4259 7396 4263 7396 4262 7396 4263 7397 4264 7397 4262 7397 4262 7398 4264 7398 4261 7398 4264 7399 4265 7399 4261 7399 4261 7400 4265 7400 4260 7400 4265 7401 4266 7401 4260 7401 4260 7402 4266 7402 3172 7402 3176 7403 3175 7403 4267 7403 3175 7404 3174 7404 4267 7404 4267 7405 3174 7405 4268 7405 3174 7406 3173 7406 4268 7406 4268 7407 3173 7407 4269 7407 3173 7408 3172 7408 4269 7408 4269 7409 3172 7409 4266 7409 4266 7410 4270 7410 4269 7410 4270 7411 4271 7411 4269 7411 4269 7412 4271 7412 4268 7412 4271 7413 4272 7413 4268 7413 4268 7414 4272 7414 4267 7414 4272 7415 4273 7415 4267 7415 4267 7416 4273 7416 3176 7416 3180 7417 3179 7417 4274 7417 3179 7418 3178 7418 4274 7418 4274 7419 3178 7419 4275 7419 3178 7420 3177 7420 4275 7420 4275 7421 3177 7421 4276 7421 3177 7422 3176 7422 4276 7422 4276 7423 3176 7423 4273 7423 4273 7424 4277 7424 4276 7424 4277 7425 4278 7425 4276 7425 4276 7426 4278 7426 4275 7426 4278 7427 4279 7427 4275 7427 4275 7428 4279 7428 4274 7428 4279 7429 3870 7429 4274 7429 4274 7430 3870 7430 3180 7430 2757 7431 3257 7431 4280 7431 2757 7432 4280 7432 4281 7432 2757 7433 4281 7433 4282 7433 2757 7434 4282 7434 4283 7434 3257 7435 2757 7435 2756 7435 3257 7436 2756 7436 2755 7436 3257 7437 2755 7437 2754 7437 3257 7438 2754 7438 2746 7438 2746 7439 4284 7439 4285 7439 2746 7440 4285 7440 4286 7440 2746 7441 4286 7441 4287 7441 2746 7442 4287 7442 3257 7442 4284 7443 2746 7443 2745 7443 4284 7444 2745 7444 2744 7444 4284 7445 2744 7445 2743 7445 4284 7446 2743 7446 2735 7446 2735 7447 4288 7447 4289 7447 2735 7448 4289 7448 4290 7448 2735 7449 4290 7449 4291 7449 2735 7450 4291 7450 4284 7450 4288 7451 2735 7451 2734 7451 4288 7452 2734 7452 2733 7452 4288 7453 2733 7453 2732 7453 4288 7454 2732 7454 2724 7454 2724 7455 4292 7455 4293 7455 2724 7456 4293 7456 4294 7456 2724 7457 4294 7457 4295 7457 2724 7458 4295 7458 4288 7458 4292 7459 2724 7459 4231 7459 4292 7460 4231 7460 4230 7460 4292 7461 4230 7461 4229 7461 4292 7462 4229 7462 4228 7462 4292 7463 4228 7463 4224 7463 4283 7464 2768 7464 2767 7464 4283 7465 2767 7465 2766 7465 4283 7466 2766 7466 2765 7466 4283 7467 2765 7467 2757 7467 2768 7468 4283 7468 4296 7468 2768 7469 4296 7469 4297 7469 2768 7470 4297 7470 4298 7470 2768 7471 4298 7471 4299 7471 4299 7472 2779 7472 2778 7472 4299 7473 2778 7473 2777 7473 4299 7474 2777 7474 2776 7474 4299 7475 2776 7475 2768 7475 2779 7476 4299 7476 4300 7476 2779 7477 4300 7477 4301 7477 2779 7478 4301 7478 4302 7478 2779 7479 4302 7479 4303 7479 4303 7480 2790 7480 2789 7480 4303 7481 2789 7481 2788 7481 4303 7482 2788 7482 2787 7482 4303 7483 2787 7483 2779 7483 2790 7484 4303 7484 3930 7484 2790 7485 3930 7485 3929 7485 2790 7486 3929 7486 3928 7486 2790 7487 3928 7487 3927 7487 2790 7488 3927 7488 3923 7488 4303 7489 3937 7489 3936 7489 4303 7490 3936 7490 3935 7490 4303 7491 3935 7491 3934 7491 4303 7492 3934 7492 3930 7492 3937 7493 4303 7493 4304 7493 3937 7494 4304 7494 4305 7494 3937 7495 4305 7495 4306 7495 3937 7496 4306 7496 4307 7496 4307 7497 3944 7497 3943 7497 4307 7498 3943 7498 3942 7498 4307 7499 3942 7499 3941 7499 4307 7500 3941 7500 3937 7500 4307 7501 3951 7501 3950 7501 4307 7502 3950 7502 3949 7502 4307 7503 3949 7503 3948 7503 4307 7504 3948 7504 3944 7504 4307 7505 3958 7505 3957 7505 4307 7506 3957 7506 3956 7506 4307 7507 3956 7507 3955 7507 4307 7508 3955 7508 3951 7508 3958 7509 4307 7509 4308 7509 3958 7510 4308 7510 4309 7510 3958 7511 4309 7511 4310 7511 3958 7512 4310 7512 4311 7512 4311 7513 3965 7513 3964 7513 4311 7514 3964 7514 3963 7514 4311 7515 3963 7515 3962 7515 4311 7516 3962 7516 3958 7516 4311 7517 3972 7517 3971 7517 4311 7518 3971 7518 3970 7518 4311 7519 3970 7519 3969 7519 4311 7520 3969 7520 3965 7520 4311 7521 3979 7521 3978 7521 4311 7522 3978 7522 3977 7522 4311 7523 3977 7523 3976 7523 4311 7524 3976 7524 3972 7524 3979 7525 4311 7525 4312 7525 3979 7526 4312 7526 3329 7526 3979 7527 3329 7527 4313 7527 3979 7528 4313 7528 4314 7528 4314 7529 3986 7529 3985 7529 4314 7530 3985 7530 3984 7530 4314 7531 3984 7531 3983 7531 4314 7532 3983 7532 3979 7532 4314 7533 3993 7533 3992 7533 4314 7534 3992 7534 3991 7534 4314 7535 3991 7535 3990 7535 4314 7536 3990 7536 3986 7536 3993 7537 4314 7537 4315 7537 3993 7538 4315 7538 4316 7538 3993 7539 4316 7539 4317 7539 3993 7540 4317 7540 4318 7540 4318 7541 4000 7541 3999 7541 4318 7542 3999 7542 3998 7542 4318 7543 3998 7543 3997 7543 4318 7544 3997 7544 3993 7544 4318 7545 4007 7545 4006 7545 4318 7546 4006 7546 4005 7546 4318 7547 4005 7547 4004 7547 4318 7548 4004 7548 4000 7548 4318 7549 4014 7549 4013 7549 4318 7550 4013 7550 4012 7550 4318 7551 4012 7551 4011 7551 4318 7552 4011 7552 4007 7552 4014 7553 4318 7553 4319 7553 4014 7554 4319 7554 4320 7554 4014 7555 4320 7555 4321 7555 4014 7556 4321 7556 4322 7556 4322 7557 4021 7557 4020 7557 4322 7558 4020 7558 4019 7558 4322 7559 4019 7559 4018 7559 4322 7560 4018 7560 4014 7560 4021 7561 4322 7561 2603 7561 2603 7562 4028 7562 4027 7562 2603 7563 4027 7563 4026 7563 2603 7564 4026 7564 4025 7564 2603 7565 4025 7565 4021 7565 4028 7566 2603 7566 2602 7566 4028 7567 2602 7567 2601 7567 4028 7568 2601 7568 2600 7568 4028 7569 2600 7569 2592 7569 2592 7570 4035 7570 4034 7570 2592 7571 4034 7571 4033 7571 2592 7572 4033 7572 4032 7572 2592 7573 4032 7573 4028 7573 2592 7574 4042 7574 4041 7574 2592 7575 4041 7575 4040 7575 2592 7576 4040 7576 4039 7576 2592 7577 4039 7577 4035 7577 4042 7578 2592 7578 2591 7578 4042 7579 2591 7579 2590 7579 4042 7580 2590 7580 2589 7580 4042 7581 2589 7581 2581 7581 2581 7582 4049 7582 4048 7582 2581 7583 4048 7583 4047 7583 2581 7584 4047 7584 4046 7584 2581 7585 4046 7585 4042 7585 4049 7586 2581 7586 2580 7586 4049 7587 2580 7587 2579 7587 4049 7588 2579 7588 2578 7588 4049 7589 2578 7589 2570 7589 2570 7590 4056 7590 4055 7590 2570 7591 4055 7591 4054 7591 2570 7592 4054 7592 4053 7592 2570 7593 4053 7593 4049 7593 4056 7594 2570 7594 2569 7594 4056 7595 2569 7595 2568 7595 4056 7596 2568 7596 2567 7596 4056 7597 2567 7597 2559 7597 2559 7598 4063 7598 4062 7598 2559 7599 4062 7599 4061 7599 2559 7600 4061 7600 4060 7600 2559 7601 4060 7601 4056 7601 4063 7602 2559 7602 2558 7602 4063 7603 2558 7603 2557 7603 4063 7604 2557 7604 2556 7604 4063 7605 2556 7605 2548 7605 2548 7606 4070 7606 4069 7606 2548 7607 4069 7607 4068 7607 2548 7608 4068 7608 4067 7608 2548 7609 4067 7609 4063 7609 4070 7610 2548 7610 2547 7610 4070 7611 2547 7611 2546 7611 4070 7612 2546 7612 2545 7612 4070 7613 2545 7613 2537 7613 2537 7614 4077 7614 4076 7614 2537 7615 4076 7615 4075 7615 2537 7616 4075 7616 4074 7616 2537 7617 4074 7617 4070 7617 4077 7618 2537 7618 2536 7618 4077 7619 2536 7619 2535 7619 4077 7620 2535 7620 2534 7620 4077 7621 2534 7621 2526 7621 4077 7622 2526 7622 2525 7622 4077 7623 2525 7623 2524 7623 4077 7624 2524 7624 2523 7624 4077 7625 2523 7625 2515 7625 2603 7626 4322 7626 4323 7626 2603 7627 4323 7627 4324 7627 2603 7628 4324 7628 4325 7628 2603 7629 4325 7629 4326 7629 4326 7630 2614 7630 2613 7630 4326 7631 2613 7631 2612 7631 4326 7632 2612 7632 2611 7632 4326 7633 2611 7633 2603 7633 2614 7634 4326 7634 4327 7634 2614 7635 4327 7635 4328 7635 2614 7636 4328 7636 4329 7636 2614 7637 4329 7637 4330 7637 4330 7638 2390 7638 2623 7638 4330 7639 2623 7639 2622 7639 4330 7640 2622 7640 2621 7640 4330 7641 2621 7641 2614 7641 2390 7642 4330 7642 4331 7642 2390 7643 4331 7643 4332 7643 2390 7644 4332 7644 4333 7644 2390 7645 4333 7645 3385 7645 3385 7646 2394 7646 2393 7646 3385 7647 2393 7647 2392 7647 3385 7648 2392 7648 2391 7648 3385 7649 2391 7649 2390 7649 2394 7650 3385 7650 4334 7650 2394 7651 4334 7651 4335 7651 2394 7652 4335 7652 4336 7652 2394 7653 4336 7653 4337 7653 4337 7654 2405 7654 2404 7654 4337 7655 2404 7655 2403 7655 4337 7656 2403 7656 2402 7656 4337 7657 2402 7657 2394 7657 2405 7658 4337 7658 4338 7658 2405 7659 4338 7659 4339 7659 2405 7660 4339 7660 4340 7660 2405 7661 4340 7661 4341 7661 4341 7662 2416 7662 2415 7662 4341 7663 2415 7663 2414 7663 4341 7664 2414 7664 2413 7664 4341 7665 2413 7665 2405 7665 2416 7666 4341 7666 4342 7666 2416 7667 4342 7667 4343 7667 2416 7668 4343 7668 4344 7668 2416 7669 4344 7669 4345 7669 4345 7670 2427 7670 2426 7670 4345 7671 2426 7671 2425 7671 4345 7672 2425 7672 2424 7672 4345 7673 2424 7673 2416 7673 2427 7674 4345 7674 4140 7674 2427 7675 4140 7675 4139 7675 2427 7676 4139 7676 4138 7676 2427 7677 4138 7677 4137 7677 2427 7678 4137 7678 4133 7678 4345 7679 4147 7679 4146 7679 4345 7680 4146 7680 4145 7680 4345 7681 4145 7681 4144 7681 4345 7682 4144 7682 4140 7682 4147 7683 4345 7683 4346 7683 4147 7684 4346 7684 4347 7684 4147 7685 4347 7685 4348 7685 4147 7686 4348 7686 4349 7686 4349 7687 4154 7687 4153 7687 4349 7688 4153 7688 4152 7688 4349 7689 4152 7689 4151 7689 4349 7690 4151 7690 4147 7690 4349 7691 4161 7691 4160 7691 4349 7692 4160 7692 4159 7692 4349 7693 4159 7693 4158 7693 4349 7694 4158 7694 4154 7694 4349 7695 4168 7695 4167 7695 4349 7696 4167 7696 4166 7696 4349 7697 4166 7697 4165 7697 4349 7698 4165 7698 4161 7698 4168 7699 4349 7699 4350 7699 4168 7700 4350 7700 4351 7700 4168 7701 4351 7701 4352 7701 4168 7702 4352 7702 4353 7702 4353 7703 4175 7703 4174 7703 4353 7704 4174 7704 4173 7704 4353 7705 4173 7705 4172 7705 4353 7706 4172 7706 4168 7706 4353 7707 4182 7707 4181 7707 4353 7708 4181 7708 4180 7708 4353 7709 4180 7709 4179 7709 4353 7710 4179 7710 4175 7710 4182 7711 4353 7711 4354 7711 4182 7712 4354 7712 3459 7712 4182 7713 3459 7713 4355 7713 4182 7714 4355 7714 4356 7714 4356 7715 4189 7715 4188 7715 4356 7716 4188 7716 4187 7716 4356 7717 4187 7717 4186 7717 4356 7718 4186 7718 4182 7718 4356 7719 4196 7719 4195 7719 4356 7720 4195 7720 4194 7720 4356 7721 4194 7721 4193 7721 4356 7722 4193 7722 4189 7722 4356 7723 4203 7723 4202 7723 4356 7724 4202 7724 4201 7724 4356 7725 4201 7725 4200 7725 4356 7726 4200 7726 4196 7726 4203 7727 4356 7727 4357 7727 4203 7728 4357 7728 4358 7728 4203 7729 4358 7729 4359 7729 4203 7730 4359 7730 4360 7730 4360 7731 4210 7731 4209 7731 4360 7732 4209 7732 4208 7732 4360 7733 4208 7733 4207 7733 4360 7734 4207 7734 4203 7734 4360 7735 4217 7735 4216 7735 4360 7736 4216 7736 4215 7736 4360 7737 4215 7737 4214 7737 4360 7738 4214 7738 4210 7738 4360 7739 4224 7739 4223 7739 4360 7740 4223 7740 4222 7740 4360 7741 4222 7741 4221 7741 4360 7742 4221 7742 4217 7742 4224 7743 4360 7743 4361 7743 4224 7744 4361 7744 4362 7744 4224 7745 4362 7745 4363 7745 4224 7746 4363 7746 4292 7746 2515 7747 4084 7747 4083 7747 2515 7748 4083 7748 4082 7748 2515 7749 4082 7749 4081 7749 2515 7750 4081 7750 4077 7750 4084 7751 2515 7751 2514 7751 4084 7752 2514 7752 2513 7752 4084 7753 2513 7753 2512 7753 4084 7754 2512 7754 2504 7754 4084 7755 2504 7755 2503 7755 4084 7756 2503 7756 2502 7756 4084 7757 2502 7757 2501 7757 4084 7758 2501 7758 2493 7758 2493 7759 4091 7759 4090 7759 2493 7760 4090 7760 4089 7760 2493 7761 4089 7761 4088 7761 2493 7762 4088 7762 4084 7762 4091 7763 2493 7763 2492 7763 4091 7764 2492 7764 2491 7764 4091 7765 2491 7765 2490 7765 4091 7766 2490 7766 2482 7766 2482 7767 4098 7767 4097 7767 2482 7768 4097 7768 4096 7768 2482 7769 4096 7769 4095 7769 2482 7770 4095 7770 4091 7770 4098 7771 2482 7771 2481 7771 4098 7772 2481 7772 2480 7772 4098 7773 2480 7773 2479 7773 4098 7774 2479 7774 2471 7774 2471 7775 4105 7775 4104 7775 2471 7776 4104 7776 4103 7776 2471 7777 4103 7777 4102 7777 2471 7778 4102 7778 4098 7778 4105 7779 2471 7779 2470 7779 4105 7780 2470 7780 2469 7780 4105 7781 2469 7781 2468 7781 4105 7782 2468 7782 2460 7782 2460 7783 4112 7783 4111 7783 2460 7784 4111 7784 4110 7784 2460 7785 4110 7785 4109 7785 2460 7786 4109 7786 4105 7786 4112 7787 2460 7787 2459 7787 4112 7788 2459 7788 2458 7788 4112 7789 2458 7789 2457 7789 4112 7790 2457 7790 2449 7790 2449 7791 4119 7791 4118 7791 2449 7792 4118 7792 4117 7792 2449 7793 4117 7793 4116 7793 2449 7794 4116 7794 4112 7794 4119 7795 2449 7795 2448 7795 4119 7796 2448 7796 2447 7796 4119 7797 2447 7797 2446 7797 4119 7798 2446 7798 2438 7798 2438 7799 4126 7799 4125 7799 2438 7800 4125 7800 4124 7800 2438 7801 4124 7801 4123 7801 2438 7802 4123 7802 4119 7802 2438 7803 4133 7803 4132 7803 2438 7804 4132 7804 4131 7804 2438 7805 4131 7805 4130 7805 2438 7806 4130 7806 4126 7806 4133 7807 2438 7807 2437 7807 4133 7808 2437 7808 2436 7808 4133 7809 2436 7809 2435 7809 4133 7810 2435 7810 2427 7810 3874 7811 2647 7811 2646 7811 3874 7812 2646 7812 2645 7812 3874 7813 2645 7813 2644 7813 3874 7814 2644 7814 2636 7814 3874 7815 2636 7815 2635 7815 3874 7816 2635 7816 2634 7816 3874 7817 2634 7817 2633 7817 3874 7818 2633 7818 2632 7818 2632 7819 3881 7819 3880 7819 2632 7820 3880 7820 3879 7820 2632 7821 3879 7821 3878 7821 2632 7822 3878 7822 3874 7822 3881 7823 2632 7823 2865 7823 3881 7824 2865 7824 2864 7824 3881 7825 2864 7825 2863 7825 3881 7826 2863 7826 2856 7826 2856 7827 3888 7827 3887 7827 2856 7828 3887 7828 3886 7828 2856 7829 3886 7829 3885 7829 2856 7830 3885 7830 3881 7830 3888 7831 2856 7831 2855 7831 3888 7832 2855 7832 2854 7832 3888 7833 2854 7833 2853 7833 3888 7834 2853 7834 2845 7834 3888 7835 2845 7835 2844 7835 3888 7836 2844 7836 2843 7836 3888 7837 2843 7837 2842 7837 3888 7838 2842 7838 2834 7838 2834 7839 3895 7839 3894 7839 2834 7840 3894 7840 3893 7840 2834 7841 3893 7841 3892 7841 2834 7842 3892 7842 3888 7842 3895 7843 2834 7843 2833 7843 3895 7844 2833 7844 2832 7844 3895 7845 2832 7845 2831 7845 3895 7846 2831 7846 2823 7846 2823 7847 3902 7847 3901 7847 2823 7848 3901 7848 3900 7848 2823 7849 3900 7849 3899 7849 2823 7850 3899 7850 3895 7850 3902 7851 2823 7851 2822 7851 3902 7852 2822 7852 2821 7852 3902 7853 2821 7853 2820 7853 3902 7854 2820 7854 2812 7854 2812 7855 3909 7855 3908 7855 2812 7856 3908 7856 3907 7856 2812 7857 3907 7857 3906 7857 2812 7858 3906 7858 3902 7858 3909 7859 2812 7859 2811 7859 3909 7860 2811 7860 2810 7860 3909 7861 2810 7861 2809 7861 3909 7862 2809 7862 2801 7862 2801 7863 3916 7863 3915 7863 2801 7864 3915 7864 3914 7864 2801 7865 3914 7865 3913 7865 2801 7866 3913 7866 3909 7866 2801 7867 3923 7867 3922 7867 2801 7868 3922 7868 3921 7868 2801 7869 3921 7869 3920 7869 2801 7870 3920 7870 3916 7870 3923 7871 2801 7871 2800 7871 3923 7872 2800 7872 2799 7872 3923 7873 2799 7873 2798 7873 3923 7874 2798 7874 2790 7874 2724 7875 4238 7875 4237 7875 2724 7876 4237 7876 4236 7876 2724 7877 4236 7877 4235 7877 2724 7878 4235 7878 4231 7878 4238 7879 2724 7879 2723 7879 4238 7880 2723 7880 2722 7880 4238 7881 2722 7881 2721 7881 4238 7882 2721 7882 2713 7882 2713 7883 4245 7883 4244 7883 2713 7884 4244 7884 4243 7884 2713 7885 4243 7885 4242 7885 2713 7886 4242 7886 4238 7886 2713 7887 4252 7887 4251 7887 2713 7888 4251 7888 4250 7888 2713 7889 4250 7889 4249 7889 2713 7890 4249 7890 4245 7890 4252 7891 2713 7891 2712 7891 4252 7892 2712 7892 2711 7892 4252 7893 2711 7893 2710 7893 4252 7894 2710 7894 2702 7894 2702 7895 4259 7895 4258 7895 2702 7896 4258 7896 4257 7896 2702 7897 4257 7897 4256 7897 2702 7898 4256 7898 4252 7898 4259 7899 2702 7899 2701 7899 4259 7900 2701 7900 2700 7900 4259 7901 2700 7901 2699 7901 4259 7902 2699 7902 2691 7902 2691 7903 4266 7903 4265 7903 2691 7904 4265 7904 4264 7904 2691 7905 4264 7905 4263 7905 2691 7906 4263 7906 4259 7906 4266 7907 2691 7907 2690 7907 4266 7908 2690 7908 2689 7908 4266 7909 2689 7909 2688 7909 4266 7910 2688 7910 2680 7910 2680 7911 4273 7911 4272 7911 2680 7912 4272 7912 4271 7912 2680 7913 4271 7913 4270 7913 2680 7914 4270 7914 4266 7914 4273 7915 2680 7915 2679 7915 4273 7916 2679 7916 2678 7916 4273 7917 2678 7917 2677 7917 4273 7918 2677 7918 2669 7918 4273 7919 2669 7919 2668 7919 4273 7920 2668 7920 2667 7920 4273 7921 2667 7921 2666 7921 4273 7922 2666 7922 2658 7922 2658 7923 3870 7923 4279 7923 2658 7924 4279 7924 4278 7924 2658 7925 4278 7925 4277 7925 2658 7926 4277 7926 4273 7926 3870 7927 2658 7927 2657 7927 3870 7928 2657 7928 2656 7928 3870 7929 2656 7929 2655 7929 3870 7930 2655 7930 2647 7930 2647 7931 3874 7931 3873 7931 2647 7932 3873 7932 3872 7932 2647 7933 3872 7933 3871 7933 2647 7934 3871 7934 3870 7934 3515 7935 3514 7935 4364 7935 3514 7936 3513 7936 4364 7936 4364 7937 3513 7937 4365 7937 3513 7938 3512 7938 4365 7938 4365 7939 3512 7939 4366 7939 3512 7940 3506 7940 4366 7940 4366 7941 3506 7941 3089 7941 3089 7942 3100 7942 4366 7942 3100 7943 3099 7943 4366 7943 4366 7944 3099 7944 4365 7944 3099 7945 3098 7945 4365 7945 4365 7946 3098 7946 4364 7946 3098 7947 3097 7947 4364 7947 4364 7948 3097 7948 3515 7948 3519 7949 3518 7949 4367 7949 3518 7950 3517 7950 4367 7950 4367 7951 3517 7951 4368 7951 3517 7952 3516 7952 4368 7952 4368 7953 3516 7953 4369 7953 3516 7954 3515 7954 4369 7954 4369 7955 3515 7955 3097 7955 3097 7956 3112 7956 4369 7956 3112 7957 3111 7957 4369 7957 4369 7958 3111 7958 4368 7958 3111 7959 3110 7959 4368 7959 4368 7960 3110 7960 4367 7960 3110 7961 3109 7961 4367 7961 4367 7962 3109 7962 3519 7962 3760 7963 3770 7963 4370 7963 3770 7964 3769 7964 4370 7964 4370 7965 3769 7965 4371 7965 3769 7966 3768 7966 4371 7966 4371 7967 3768 7967 4372 7967 3768 7968 3519 7968 4372 7968 4372 7969 3519 7969 3109 7969 3109 7970 3124 7970 4372 7970 3124 7971 3123 7971 4372 7971 4372 7972 3123 7972 4371 7972 3123 7973 3122 7973 4371 7973 4371 7974 3122 7974 4370 7974 3122 7975 3121 7975 4370 7975 4370 7976 3121 7976 3760 7976 3752 7977 3763 7977 4373 7977 3763 7978 3762 7978 4373 7978 4373 7979 3762 7979 4374 7979 3762 7980 3761 7980 4374 7980 4374 7981 3761 7981 4375 7981 3761 7982 3760 7982 4375 7982 4375 7983 3760 7983 3121 7983 3121 7984 3132 7984 4375 7984 3132 7985 3131 7985 4375 7985 4375 7986 3131 7986 4374 7986 3131 7987 3130 7987 4374 7987 4374 7988 3130 7988 4373 7988 3130 7989 3129 7989 4373 7989 4373 7990 3129 7990 3752 7990 3744 7991 3755 7991 4376 7991 3755 7992 3754 7992 4376 7992 4376 7993 3754 7993 4377 7993 3754 7994 3753 7994 4377 7994 4377 7995 3753 7995 4378 7995 3753 7996 3752 7996 4378 7996 4378 7997 3752 7997 3129 7997 3129 7998 3144 7998 4378 7998 3144 7999 3143 7999 4378 7999 4378 8000 3143 8000 4377 8000 3143 8001 3142 8001 4377 8001 4377 8002 3142 8002 4376 8002 3142 8003 3141 8003 4376 8003 4376 8004 3141 8004 3744 8004 3736 8005 3747 8005 4379 8005 3747 8006 3746 8006 4379 8006 4379 8007 3746 8007 4380 8007 3746 8008 3745 8008 4380 8008 4380 8009 3745 8009 4381 8009 3745 8010 3744 8010 4381 8010 4381 8011 3744 8011 3141 8011 3141 8012 3156 8012 4381 8012 3156 8013 3155 8013 4381 8013 4381 8014 3155 8014 4380 8014 3155 8015 3154 8015 4380 8015 4380 8016 3154 8016 4379 8016 3154 8017 3153 8017 4379 8017 4379 8018 3153 8018 3736 8018 3728 8019 3739 8019 4382 8019 3739 8020 3738 8020 4382 8020 4382 8021 3738 8021 4383 8021 3738 8022 3737 8022 4383 8022 4383 8023 3737 8023 4384 8023 3737 8024 3736 8024 4384 8024 4384 8025 3736 8025 3153 8025 3153 8026 3187 8026 4384 8026 3187 8027 3186 8027 4384 8027 4384 8028 3186 8028 4383 8028 3186 8029 3185 8029 4383 8029 4383 8030 3185 8030 4382 8030 3185 8031 3184 8031 4382 8031 4382 8032 3184 8032 3728 8032 3724 8033 3731 8033 4385 8033 3731 8034 3730 8034 4385 8034 4385 8035 3730 8035 4386 8035 3730 8036 3729 8036 4386 8036 4386 8037 3729 8037 4387 8037 3729 8038 3728 8038 4387 8038 4387 8039 3728 8039 3184 8039 3184 8040 3191 8040 4387 8040 3191 8041 3190 8041 4387 8041 4387 8042 3190 8042 4386 8042 3190 8043 3189 8043 4386 8043 4386 8044 3189 8044 4385 8044 3189 8045 3188 8045 4385 8045 4385 8046 3188 8046 3724 8046 3716 8047 3727 8047 4388 8047 3727 8048 3726 8048 4388 8048 4388 8049 3726 8049 4389 8049 3726 8050 3725 8050 4389 8050 4389 8051 3725 8051 4390 8051 3725 8052 3724 8052 4390 8052 4390 8053 3724 8053 3188 8053 3188 8054 3195 8054 4390 8054 3195 8055 3194 8055 4390 8055 4390 8056 3194 8056 4389 8056 3194 8057 3193 8057 4389 8057 4389 8058 3193 8058 4388 8058 3193 8059 3192 8059 4388 8059 4388 8060 3192 8060 3716 8060 3708 8061 3719 8061 4391 8061 3719 8062 3718 8062 4391 8062 4391 8063 3718 8063 4392 8063 3718 8064 3717 8064 4392 8064 4392 8065 3717 8065 4393 8065 3717 8066 3716 8066 4393 8066 4393 8067 3716 8067 3192 8067 3192 8068 3199 8068 4393 8068 3199 8069 3198 8069 4393 8069 4393 8070 3198 8070 4392 8070 3198 8071 3197 8071 4392 8071 4392 8072 3197 8072 4391 8072 3197 8073 3196 8073 4391 8073 4391 8074 3196 8074 3708 8074 3700 8075 3711 8075 4394 8075 3711 8076 3710 8076 4394 8076 4394 8077 3710 8077 4395 8077 3710 8078 3709 8078 4395 8078 4395 8079 3709 8079 4396 8079 3709 8080 3708 8080 4396 8080 4396 8081 3708 8081 3196 8081 3196 8082 3203 8082 4396 8082 3203 8083 3202 8083 4396 8083 4396 8084 3202 8084 4395 8084 3202 8085 3201 8085 4395 8085 4395 8086 3201 8086 4394 8086 3201 8087 3200 8087 4394 8087 4394 8088 3200 8088 3700 8088 3692 8089 3703 8089 4397 8089 3703 8090 3702 8090 4397 8090 4397 8091 3702 8091 4398 8091 3702 8092 3701 8092 4398 8092 4398 8093 3701 8093 4399 8093 3701 8094 3700 8094 4399 8094 4399 8095 3700 8095 3200 8095 3200 8096 3207 8096 4399 8096 3207 8097 3206 8097 4399 8097 4399 8098 3206 8098 4398 8098 3206 8099 3205 8099 4398 8099 4398 8100 3205 8100 4397 8100 3205 8101 3204 8101 4397 8101 4397 8102 3204 8102 3692 8102 3684 8103 3695 8103 4400 8103 3695 8104 3694 8104 4400 8104 4400 8105 3694 8105 4401 8105 3694 8106 3693 8106 4401 8106 4401 8107 3693 8107 4402 8107 3693 8108 3692 8108 4402 8108 4402 8109 3692 8109 3204 8109 3204 8110 3211 8110 4402 8110 3211 8111 3210 8111 4402 8111 4402 8112 3210 8112 4401 8112 3210 8113 3209 8113 4401 8113 4401 8114 3209 8114 4400 8114 3209 8115 3208 8115 4400 8115 4400 8116 3208 8116 3684 8116 3676 8117 3687 8117 4403 8117 3687 8118 3686 8118 4403 8118 4403 8119 3686 8119 4404 8119 3686 8120 3685 8120 4404 8120 4404 8121 3685 8121 4405 8121 3685 8122 3684 8122 4405 8122 4405 8123 3684 8123 3208 8123 3208 8124 3214 8124 4405 8124 3214 8125 3213 8125 4405 8125 4405 8126 3213 8126 4404 8126 3213 8127 3212 8127 4404 8127 4404 8128 3212 8128 4403 8128 3212 8129 2891 8129 4403 8129 4403 8130 2891 8130 3676 8130 3672 8131 3679 8131 4406 8131 3679 8132 3678 8132 4406 8132 4406 8133 3678 8133 4407 8133 3678 8134 3677 8134 4407 8134 4407 8135 3677 8135 4408 8135 3677 8136 3676 8136 4408 8136 4408 8137 3676 8137 2891 8137 2891 8138 2899 8138 4408 8138 2899 8139 2898 8139 4408 8139 4408 8140 2898 8140 4407 8140 2898 8141 2897 8141 4407 8141 4407 8142 2897 8142 4406 8142 2897 8143 2896 8143 4406 8143 4406 8144 2896 8144 3672 8144 3664 8145 3675 8145 4409 8145 3675 8146 3674 8146 4409 8146 4409 8147 3674 8147 4410 8147 3674 8148 3673 8148 4410 8148 4410 8149 3673 8149 4411 8149 3673 8150 3672 8150 4411 8150 4411 8151 3672 8151 2896 8151 2896 8152 2911 8152 4411 8152 2911 8153 2910 8153 4411 8153 4411 8154 2910 8154 4410 8154 2910 8155 2909 8155 4410 8155 4410 8156 2909 8156 4409 8156 2909 8157 2908 8157 4409 8157 4409 8158 2908 8158 3664 8158 3656 8159 3667 8159 4412 8159 3667 8160 3666 8160 4412 8160 4412 8161 3666 8161 4413 8161 3666 8162 3665 8162 4413 8162 4413 8163 3665 8163 4414 8163 3665 8164 3664 8164 4414 8164 4414 8165 3664 8165 2908 8165 2908 8166 2923 8166 4414 8166 2923 8167 2922 8167 4414 8167 4414 8168 2922 8168 4413 8168 2922 8169 2921 8169 4413 8169 4413 8170 2921 8170 4412 8170 2921 8171 2920 8171 4412 8171 4412 8172 2920 8172 3656 8172 3648 8173 3659 8173 4415 8173 3659 8174 3658 8174 4415 8174 4415 8175 3658 8175 4416 8175 3658 8176 3657 8176 4416 8176 4416 8177 3657 8177 4417 8177 3657 8178 3656 8178 4417 8178 4417 8179 3656 8179 2920 8179 2920 8180 2931 8180 4417 8180 2931 8181 2930 8181 4417 8181 4417 8182 2930 8182 4416 8182 2930 8183 2929 8183 4416 8183 4416 8184 2929 8184 4415 8184 2929 8185 2928 8185 4415 8185 4415 8186 2928 8186 3648 8186 3640 8187 3651 8187 4418 8187 3651 8188 3650 8188 4418 8188 4418 8189 3650 8189 4419 8189 3650 8190 3649 8190 4419 8190 4419 8191 3649 8191 4420 8191 3649 8192 3648 8192 4420 8192 4420 8193 3648 8193 2928 8193 2928 8194 2943 8194 4420 8194 2943 8195 2942 8195 4420 8195 4420 8196 2942 8196 4419 8196 2942 8197 2941 8197 4419 8197 4419 8198 2941 8198 4418 8198 2941 8199 2940 8199 4418 8199 4418 8200 2940 8200 3640 8200 3632 8201 3643 8201 4421 8201 3643 8202 3642 8202 4421 8202 4421 8203 3642 8203 4422 8203 3642 8204 3641 8204 4422 8204 4422 8205 3641 8205 4423 8205 3641 8206 3640 8206 4423 8206 4423 8207 3640 8207 2940 8207 2940 8208 2955 8208 4423 8208 2955 8209 2954 8209 4423 8209 4423 8210 2954 8210 4422 8210 2954 8211 2953 8211 4422 8211 4422 8212 2953 8212 4421 8212 2953 8213 2952 8213 4421 8213 4421 8214 2952 8214 3632 8214 3624 8215 3635 8215 4424 8215 3635 8216 3634 8216 4424 8216 4424 8217 3634 8217 4425 8217 3634 8218 3633 8218 4425 8218 4425 8219 3633 8219 4426 8219 3633 8220 3632 8220 4426 8220 4426 8221 3632 8221 2952 8221 2952 8222 2963 8222 4426 8222 2963 8223 2962 8223 4426 8223 4426 8224 2962 8224 4425 8224 2962 8225 2961 8225 4425 8225 4425 8226 2961 8226 4424 8226 2961 8227 2960 8227 4424 8227 4424 8228 2960 8228 3624 8228 3616 8229 3627 8229 4427 8229 3627 8230 3626 8230 4427 8230 4427 8231 3626 8231 4428 8231 3626 8232 3625 8232 4428 8232 4428 8233 3625 8233 4429 8233 3625 8234 3624 8234 4429 8234 4429 8235 3624 8235 2960 8235 2960 8236 2975 8236 4429 8236 2975 8237 2974 8237 4429 8237 4429 8238 2974 8238 4428 8238 2974 8239 2973 8239 4428 8239 4428 8240 2973 8240 4427 8240 2973 8241 2972 8241 4427 8241 4427 8242 2972 8242 3616 8242 3612 8243 3619 8243 4430 8243 3619 8244 3618 8244 4430 8244 4430 8245 3618 8245 4431 8245 3618 8246 3617 8246 4431 8246 4431 8247 3617 8247 4432 8247 3617 8248 3616 8248 4432 8248 4432 8249 3616 8249 2972 8249 2972 8250 2983 8250 4432 8250 2983 8251 2982 8251 4432 8251 4432 8252 2982 8252 4431 8252 2982 8253 2981 8253 4431 8253 4431 8254 2981 8254 4430 8254 2981 8255 2980 8255 4430 8255 4430 8256 2980 8256 3612 8256 3604 8257 3615 8257 4433 8257 3615 8258 3614 8258 4433 8258 4433 8259 3614 8259 4434 8259 3614 8260 3613 8260 4434 8260 4434 8261 3613 8261 4435 8261 3613 8262 3612 8262 4435 8262 4435 8263 3612 8263 2980 8263 2980 8264 2995 8264 4435 8264 2995 8265 2994 8265 4435 8265 4435 8266 2994 8266 4434 8266 2994 8267 2993 8267 4434 8267 4434 8268 2993 8268 4433 8268 2993 8269 2992 8269 4433 8269 4433 8270 2992 8270 3604 8270 3596 8271 3607 8271 4436 8271 3607 8272 3606 8272 4436 8272 4436 8273 3606 8273 4437 8273 3606 8274 3605 8274 4437 8274 4437 8275 3605 8275 4438 8275 3605 8276 3604 8276 4438 8276 4438 8277 3604 8277 2992 8277 2992 8278 3234 8278 4438 8278 3234 8279 3233 8279 4438 8279 4438 8280 3233 8280 4437 8280 3233 8281 3232 8281 4437 8281 4437 8282 3232 8282 4436 8282 3232 8283 3231 8283 4436 8283 4436 8284 3231 8284 3596 8284 3588 8285 3599 8285 4439 8285 3599 8286 3598 8286 4439 8286 4439 8287 3598 8287 4440 8287 3598 8288 3597 8288 4440 8288 4440 8289 3597 8289 4441 8289 3597 8290 3596 8290 4441 8290 4441 8291 3596 8291 3231 8291 3231 8292 3238 8292 4441 8292 3238 8293 3237 8293 4441 8293 4441 8294 3237 8294 4440 8294 3237 8295 3236 8295 4440 8295 4440 8296 3236 8296 4439 8296 3236 8297 3235 8297 4439 8297 4439 8298 3235 8298 3588 8298 3580 8299 3591 8299 4442 8299 3591 8300 3590 8300 4442 8300 4442 8301 3590 8301 4443 8301 3590 8302 3589 8302 4443 8302 4443 8303 3589 8303 4444 8303 3589 8304 3588 8304 4444 8304 4444 8305 3588 8305 3235 8305 3235 8306 3242 8306 4444 8306 3242 8307 3241 8307 4444 8307 4444 8308 3241 8308 4443 8308 3241 8309 3240 8309 4443 8309 4443 8310 3240 8310 4442 8310 3240 8311 3239 8311 4442 8311 4442 8312 3239 8312 3580 8312 3572 8313 3583 8313 4445 8313 3583 8314 3582 8314 4445 8314 4445 8315 3582 8315 4446 8315 3582 8316 3581 8316 4446 8316 4446 8317 3581 8317 4447 8317 3581 8318 3580 8318 4447 8318 4447 8319 3580 8319 3239 8319 3239 8320 3245 8320 4447 8320 3245 8321 3244 8321 4447 8321 4447 8322 3244 8322 4446 8322 3244 8323 3243 8323 4446 8323 4446 8324 3243 8324 4445 8324 3243 8325 3215 8325 4445 8325 4445 8326 3215 8326 3572 8326 3564 8327 3575 8327 4448 8327 3575 8328 3574 8328 4448 8328 4448 8329 3574 8329 4449 8329 3574 8330 3573 8330 4449 8330 4449 8331 3573 8331 4450 8331 3573 8332 3572 8332 4450 8332 4450 8333 3572 8333 3215 8333 3215 8334 3219 8334 4450 8334 3219 8335 3218 8335 4450 8335 4450 8336 3218 8336 4449 8336 3218 8337 3217 8337 4449 8337 4449 8338 3217 8338 4448 8338 3217 8339 3216 8339 4448 8339 4448 8340 3216 8340 3564 8340 3560 8341 3567 8341 4451 8341 3567 8342 3566 8342 4451 8342 4451 8343 3566 8343 4452 8343 3566 8344 3565 8344 4452 8344 4452 8345 3565 8345 4453 8345 3565 8346 3564 8346 4453 8346 4453 8347 3564 8347 3216 8347 3216 8348 3223 8348 4453 8348 3223 8349 3222 8349 4453 8349 4453 8350 3222 8350 4452 8350 3222 8351 3221 8351 4452 8351 4452 8352 3221 8352 4451 8352 3221 8353 3220 8353 4451 8353 4451 8354 3220 8354 3560 8354 3552 8355 3563 8355 4454 8355 3563 8356 3562 8356 4454 8356 4454 8357 3562 8357 4455 8357 3562 8358 3561 8358 4455 8358 4455 8359 3561 8359 4456 8359 3561 8360 3560 8360 4456 8360 4456 8361 3560 8361 3220 8361 3220 8362 3227 8362 4456 8362 3227 8363 3226 8363 4456 8363 4456 8364 3226 8364 4455 8364 3226 8365 3225 8365 4455 8365 4455 8366 3225 8366 4454 8366 3225 8367 3224 8367 4454 8367 4454 8368 3224 8368 3552 8368 3544 8369 3555 8369 4457 8369 3555 8370 3554 8370 4457 8370 4457 8371 3554 8371 4458 8371 3554 8372 3553 8372 4458 8372 4458 8373 3553 8373 4459 8373 3553 8374 3552 8374 4459 8374 4459 8375 3552 8375 3224 8375 3224 8376 3230 8376 4459 8376 3230 8377 3229 8377 4459 8377 4459 8378 3229 8378 4458 8378 3229 8379 3228 8379 4458 8379 4458 8380 3228 8380 4457 8380 3228 8381 3052 8381 4457 8381 4457 8382 3052 8382 3544 8382 3536 8383 3547 8383 4460 8383 3547 8384 3546 8384 4460 8384 4460 8385 3546 8385 4461 8385 3546 8386 3545 8386 4461 8386 4461 8387 3545 8387 4462 8387 3545 8388 3544 8388 4462 8388 4462 8389 3544 8389 3052 8389 3052 8390 3060 8390 4462 8390 3060 8391 3059 8391 4462 8391 4462 8392 3059 8392 4461 8392 3059 8393 3058 8393 4461 8393 4461 8394 3058 8394 4460 8394 3058 8395 3057 8395 4460 8395 4460 8396 3057 8396 3536 8396 3528 8397 3539 8397 4463 8397 3539 8398 3538 8398 4463 8398 4463 8399 3538 8399 4464 8399 3538 8400 3537 8400 4464 8400 4464 8401 3537 8401 4465 8401 3537 8402 3536 8402 4465 8402 4465 8403 3536 8403 3057 8403 3057 8404 3072 8404 4465 8404 3072 8405 3071 8405 4465 8405 4465 8406 3071 8406 4464 8406 3071 8407 3070 8407 4464 8407 4464 8408 3070 8408 4463 8408 3070 8409 3069 8409 4463 8409 4463 8410 3069 8410 3528 8410 3520 8411 3531 8411 4466 8411 3531 8412 3530 8412 4466 8412 4466 8413 3530 8413 4467 8413 3530 8414 3529 8414 4467 8414 4467 8415 3529 8415 4468 8415 3529 8416 3528 8416 4468 8416 4468 8417 3528 8417 3069 8417 3069 8418 3080 8418 4468 8418 3080 8419 3079 8419 4468 8419 4468 8420 3079 8420 4467 8420 3079 8421 3078 8421 4467 8421 4467 8422 3078 8422 4466 8422 3078 8423 3077 8423 4466 8423 4466 8424 3077 8424 3520 8424 3506 8425 3523 8425 4469 8425 3523 8426 3522 8426 4469 8426 4469 8427 3522 8427 4470 8427 3522 8428 3521 8428 4470 8428 4470 8429 3521 8429 4471 8429 3521 8430 3520 8430 4471 8430 4471 8431 3520 8431 3077 8431 3077 8432 3092 8432 4471 8432 3092 8433 3091 8433 4471 8433 4471 8434 3091 8434 4470 8434 3091 8435 3090 8435 4470 8435 4470 8436 3090 8436 4469 8436 3090 8437 3089 8437 4469 8437 4469 8438 3089 8438 3506 8438 4472 8439 4473 8439 4474 8439 4472 8440 4474 8440 4475 8440 4472 8441 4475 8441 4476 8441 4472 8442 4476 8442 4477 8442 4473 8443 4472 8443 4478 8443 4473 8444 4478 8444 4479 8444 4473 8445 4479 8445 4480 8445 4473 8446 4480 8446 4481 8446 4481 8447 4482 8447 4483 8447 4481 8448 4483 8448 4484 8448 4481 8449 4484 8449 4485 8449 4481 8450 4485 8450 4473 8450 4482 8451 4481 8451 4486 8451 4482 8452 4486 8452 4487 8452 4482 8453 4487 8453 4488 8453 4482 8454 4488 8454 4489 8454 4489 8455 4490 8455 4491 8455 4489 8456 4491 8456 4492 8456 4489 8457 4492 8457 4493 8457 4489 8458 4493 8458 4482 8458 4489 8459 4494 8459 4495 8459 4489 8460 4495 8460 4496 8460 4489 8461 4496 8461 4497 8461 4489 8462 4497 8462 4490 8462 4494 8463 4489 8463 4498 8463 4494 8464 4498 8464 4499 8464 4494 8465 4499 8465 4500 8465 4494 8466 4500 8466 4501 8466 4501 8467 4502 8467 4503 8467 4501 8468 4503 8468 4504 8468 4501 8469 4504 8469 4505 8469 4501 8470 4505 8470 4494 8470 4502 8471 4501 8471 4506 8471 4502 8472 4506 8472 4507 8472 4502 8473 4507 8473 4508 8473 4502 8474 4508 8474 4509 8474 4509 8475 4510 8475 4511 8475 4509 8476 4511 8476 4512 8476 4509 8477 4512 8477 4513 8477 4509 8478 4513 8478 4502 8478 4509 8479 4514 8479 4515 8479 4509 8480 4515 8480 4516 8480 4509 8481 4516 8481 4517 8481 4509 8482 4517 8482 4510 8482 4514 8483 4509 8483 4518 8483 4514 8484 4518 8484 4519 8484 4514 8485 4519 8485 4520 8485 4514 8486 4520 8486 4521 8486 4521 8487 4522 8487 4523 8487 4521 8488 4523 8488 4524 8488 4521 8489 4524 8489 4525 8489 4521 8490 4525 8490 4514 8490 4522 8491 4521 8491 4526 8491 4522 8492 4526 8492 4527 8492 4522 8493 4527 8493 4528 8493 4522 8494 4528 8494 4529 8494 4529 8495 4530 8495 4531 8495 4529 8496 4531 8496 4532 8496 4529 8497 4532 8497 4533 8497 4529 8498 4533 8498 4522 8498 4530 8499 4529 8499 4534 8499 4530 8500 4534 8500 4535 8500 4530 8501 4535 8501 4536 8501 4530 8502 4536 8502 4537 8502 4537 8503 4538 8503 4539 8503 4537 8504 4539 8504 4540 8504 4537 8505 4540 8505 4541 8505 4537 8506 4541 8506 4530 8506 4537 8507 4542 8507 4543 8507 4537 8508 4543 8508 4544 8508 4537 8509 4544 8509 4545 8509 4537 8510 4545 8510 4538 8510 4542 8511 4537 8511 4546 8511 4542 8512 4546 8512 4547 8512 4542 8513 4547 8513 4548 8513 4542 8514 4548 8514 4549 8514 4549 8515 4550 8515 4551 8515 4549 8516 4551 8516 4552 8516 4549 8517 4552 8517 4553 8517 4549 8518 4553 8518 4542 8518 4550 8519 4549 8519 4554 8519 4550 8520 4554 8520 4555 8520 4550 8521 4555 8521 4556 8521 4550 8522 4556 8522 4557 8522 4557 8523 4558 8523 4559 8523 4557 8524 4559 8524 4560 8524 4557 8525 4560 8525 4561 8525 4557 8526 4561 8526 4550 8526 4557 8527 4562 8527 4563 8527 4557 8528 4563 8528 4564 8528 4557 8529 4564 8529 4565 8529 4557 8530 4565 8530 4558 8530 4562 8531 4557 8531 4566 8531 4562 8532 4566 8532 4567 8532 4562 8533 4567 8533 4568 8533 4562 8534 4568 8534 4569 8534 4569 8535 4570 8535 4571 8535 4569 8536 4571 8536 4572 8536 4569 8537 4572 8537 4573 8537 4569 8538 4573 8538 4562 8538 4570 8539 4569 8539 4574 8539 4570 8540 4574 8540 4575 8540 4570 8541 4575 8541 4576 8541 4570 8542 4576 8542 4577 8542 4577 8543 4578 8543 4579 8543 4577 8544 4579 8544 4580 8544 4577 8545 4580 8545 4581 8545 4577 8546 4581 8546 4570 8546 4578 8547 4577 8547 4582 8547 4578 8548 4582 8548 4583 8548 4578 8549 4583 8549 4584 8549 4578 8550 4584 8550 4585 8550 4585 8551 4586 8551 4587 8551 4585 8552 4587 8552 4588 8552 4585 8553 4588 8553 4589 8553 4585 8554 4589 8554 4578 8554 4585 8555 4590 8555 4591 8555 4585 8556 4591 8556 4592 8556 4585 8557 4592 8557 4593 8557 4585 8558 4593 8558 4586 8558 4590 8559 4585 8559 4594 8559 4590 8560 4594 8560 4595 8560 4590 8561 4595 8561 4596 8561 4590 8562 4596 8562 4597 8562 4597 8563 4598 8563 4599 8563 4597 8564 4599 8564 4600 8564 4597 8565 4600 8565 4601 8565 4597 8566 4601 8566 4590 8566 4598 8567 4597 8567 4602 8567 4598 8568 4602 8568 4603 8568 4598 8569 4603 8569 4604 8569 4598 8570 4604 8570 4605 8570 4605 8571 4606 8571 4607 8571 4605 8572 4607 8572 4608 8572 4605 8573 4608 8573 4609 8573 4605 8574 4609 8574 4598 8574 4605 8575 4610 8575 4611 8575 4605 8576 4611 8576 4612 8576 4605 8577 4612 8577 4613 8577 4605 8578 4613 8578 4606 8578 4610 8579 4605 8579 4614 8579 4610 8580 4614 8580 4615 8580 4610 8581 4615 8581 4616 8581 4610 8582 4616 8582 4617 8582 4617 8583 4618 8583 4619 8583 4617 8584 4619 8584 4620 8584 4617 8585 4620 8585 4621 8585 4617 8586 4621 8586 4610 8586 4618 8587 4617 8587 4622 8587 4618 8588 4622 8588 4623 8588 4618 8589 4623 8589 4624 8589 4618 8590 4624 8590 4625 8590 4625 8591 4626 8591 4627 8591 4625 8592 4627 8592 4628 8592 4625 8593 4628 8593 4629 8593 4625 8594 4629 8594 4618 8594 4625 8595 4630 8595 4631 8595 4625 8596 4631 8596 4632 8596 4625 8597 4632 8597 4633 8597 4625 8598 4633 8598 4626 8598 4630 8599 4625 8599 4634 8599 4630 8600 4634 8600 4635 8600 4630 8601 4635 8601 4636 8601 4630 8602 4636 8602 4637 8602 4637 8603 4638 8603 4639 8603 4637 8604 4639 8604 4640 8604 4637 8605 4640 8605 4641 8605 4637 8606 4641 8606 4630 8606 4638 8607 4637 8607 4642 8607 4638 8608 4642 8608 4643 8608 4638 8609 4643 8609 4644 8609 4638 8610 4644 8610 4645 8610 4645 8611 4646 8611 4647 8611 4645 8612 4647 8612 4648 8612 4645 8613 4648 8613 4649 8613 4645 8614 4649 8614 4638 8614 4646 8615 4645 8615 4650 8615 4646 8616 4650 8616 4651 8616 4646 8617 4651 8617 4652 8617 4646 8618 4652 8618 4653 8618 4653 8619 4654 8619 4655 8619 4653 8620 4655 8620 4656 8620 4653 8621 4656 8621 4657 8621 4653 8622 4657 8622 4646 8622 4653 8623 4658 8623 4659 8623 4653 8624 4659 8624 4660 8624 4653 8625 4660 8625 4661 8625 4653 8626 4661 8626 4654 8626 4658 8627 4653 8627 4662 8627 4658 8628 4662 8628 4663 8628 4658 8629 4663 8629 4664 8629 4658 8630 4664 8630 4665 8630 4665 8631 4666 8631 4667 8631 4665 8632 4667 8632 4668 8632 4665 8633 4668 8633 4669 8633 4665 8634 4669 8634 4658 8634 4666 8635 4665 8635 4670 8635 4666 8636 4670 8636 4671 8636 4666 8637 4671 8637 4672 8637 4666 8638 4672 8638 4673 8638 4673 8639 4674 8639 4675 8639 4673 8640 4675 8640 4676 8640 4673 8641 4676 8641 4677 8641 4673 8642 4677 8642 4666 8642 4673 8643 4477 8643 4678 8643 4673 8644 4678 8644 4679 8644 4673 8645 4679 8645 4680 8645 4673 8646 4680 8646 4674 8646 4477 8647 4673 8647 4681 8647 4477 8648 4681 8648 4682 8648 4477 8649 4682 8649 4683 8649 4477 8650 4683 8650 4472 8650 4684 8651 4685 8651 4686 8651 4685 8652 4687 8652 4686 8652 4686 8653 4687 8653 4688 8653 4687 8654 4689 8654 4688 8654 4688 8655 4689 8655 4690 8655 4689 8656 4691 8656 4690 8656 4690 8657 4691 8657 4692 8657 4692 8658 4693 8658 4690 8658 4693 8659 4694 8659 4690 8659 4690 8660 4694 8660 4688 8660 4694 8661 4695 8661 4688 8661 4688 8662 4695 8662 4686 8662 4695 8663 4696 8663 4686 8663 4686 8664 4696 8664 4684 8664 4697 8665 4698 8665 4699 8665 4698 8666 4700 8666 4699 8666 4699 8667 4700 8667 4701 8667 4700 8668 4702 8668 4701 8668 4701 8669 4702 8669 4703 8669 4702 8670 4684 8670 4703 8670 4703 8671 4684 8671 4696 8671 4696 8672 4704 8672 4703 8672 4704 8673 4705 8673 4703 8673 4703 8674 4705 8674 4701 8674 4705 8675 4706 8675 4701 8675 4701 8676 4706 8676 4699 8676 4706 8677 4707 8677 4699 8677 4699 8678 4707 8678 4697 8678 4708 8679 4709 8679 4710 8679 4709 8680 4711 8680 4710 8680 4710 8681 4711 8681 4712 8681 4711 8682 4713 8682 4712 8682 4712 8683 4713 8683 4714 8683 4713 8684 4697 8684 4714 8684 4714 8685 4697 8685 4707 8685 4707 8686 4715 8686 4714 8686 4715 8687 4716 8687 4714 8687 4714 8688 4716 8688 4712 8688 4716 8689 4717 8689 4712 8689 4712 8690 4717 8690 4710 8690 4717 8691 4718 8691 4710 8691 4710 8692 4718 8692 4708 8692 4719 8693 4720 8693 4721 8693 4720 8694 4722 8694 4721 8694 4721 8695 4722 8695 4723 8695 4722 8696 4724 8696 4723 8696 4723 8697 4724 8697 4725 8697 4724 8698 4708 8698 4725 8698 4725 8699 4708 8699 4718 8699 4718 8700 4726 8700 4725 8700 4726 8701 4727 8701 4725 8701 4725 8702 4727 8702 4723 8702 4727 8703 4728 8703 4723 8703 4723 8704 4728 8704 4721 8704 4728 8705 4729 8705 4721 8705 4721 8706 4729 8706 4719 8706 4730 8707 4731 8707 4732 8707 4731 8708 4733 8708 4732 8708 4732 8709 4733 8709 4734 8709 4733 8710 4735 8710 4734 8710 4734 8711 4735 8711 4736 8711 4735 8712 4719 8712 4736 8712 4736 8713 4719 8713 4729 8713 4729 8714 4737 8714 4736 8714 4737 8715 4738 8715 4736 8715 4736 8716 4738 8716 4734 8716 4738 8717 4739 8717 4734 8717 4734 8718 4739 8718 4732 8718 4739 8719 4740 8719 4732 8719 4732 8720 4740 8720 4730 8720 4741 8721 4742 8721 4743 8721 4742 8722 4744 8722 4743 8722 4743 8723 4744 8723 4745 8723 4744 8724 4746 8724 4745 8724 4745 8725 4746 8725 4747 8725 4746 8726 4730 8726 4747 8726 4747 8727 4730 8727 4740 8727 4740 8728 4748 8728 4747 8728 4748 8729 4749 8729 4747 8729 4747 8730 4749 8730 4745 8730 4749 8731 4750 8731 4745 8731 4745 8732 4750 8732 4743 8732 4750 8733 4751 8733 4743 8733 4743 8734 4751 8734 4741 8734 4752 8735 4753 8735 4754 8735 4753 8736 4755 8736 4754 8736 4754 8737 4755 8737 4756 8737 4755 8738 4757 8738 4756 8738 4756 8739 4757 8739 4758 8739 4757 8740 4741 8740 4758 8740 4758 8741 4741 8741 4751 8741 4751 8742 4759 8742 4758 8742 4759 8743 4760 8743 4758 8743 4758 8744 4760 8744 4756 8744 4760 8745 4761 8745 4756 8745 4756 8746 4761 8746 4754 8746 4761 8747 4762 8747 4754 8747 4754 8748 4762 8748 4752 8748 4763 8749 4764 8749 4765 8749 4764 8750 4766 8750 4765 8750 4765 8751 4766 8751 4767 8751 4766 8752 4768 8752 4767 8752 4767 8753 4768 8753 4769 8753 4768 8754 4752 8754 4769 8754 4769 8755 4752 8755 4762 8755 4762 8756 4770 8756 4769 8756 4770 8757 4771 8757 4769 8757 4769 8758 4771 8758 4767 8758 4771 8759 4772 8759 4767 8759 4767 8760 4772 8760 4765 8760 4772 8761 4773 8761 4765 8761 4765 8762 4773 8762 4763 8762 4774 8763 4775 8763 4776 8763 4775 8764 4777 8764 4776 8764 4776 8765 4777 8765 4778 8765 4777 8766 4779 8766 4778 8766 4778 8767 4779 8767 4780 8767 4779 8768 4763 8768 4780 8768 4780 8769 4763 8769 4773 8769 4773 8770 4781 8770 4780 8770 4781 8771 4782 8771 4780 8771 4780 8772 4782 8772 4778 8772 4782 8773 4783 8773 4778 8773 4778 8774 4783 8774 4776 8774 4783 8775 4784 8775 4776 8775 4776 8776 4784 8776 4774 8776 4785 8777 4786 8777 4787 8777 4786 8778 4788 8778 4787 8778 4787 8779 4788 8779 4789 8779 4788 8780 4790 8780 4789 8780 4789 8781 4790 8781 4791 8781 4790 8782 4774 8782 4791 8782 4791 8783 4774 8783 4784 8783 4784 8784 4792 8784 4791 8784 4792 8785 4793 8785 4791 8785 4791 8786 4793 8786 4789 8786 4793 8787 4794 8787 4789 8787 4789 8788 4794 8788 4787 8788 4794 8789 4795 8789 4787 8789 4787 8790 4795 8790 4785 8790 4796 8791 4797 8791 4798 8791 4797 8792 4799 8792 4798 8792 4798 8793 4799 8793 4800 8793 4799 8794 4801 8794 4800 8794 4800 8795 4801 8795 4802 8795 4801 8796 4785 8796 4802 8796 4802 8797 4785 8797 4795 8797 4795 8798 4803 8798 4802 8798 4803 8799 4804 8799 4802 8799 4802 8800 4804 8800 4800 8800 4804 8801 4805 8801 4800 8801 4800 8802 4805 8802 4798 8802 4805 8803 4806 8803 4798 8803 4798 8804 4806 8804 4796 8804 4807 8805 4808 8805 4809 8805 4808 8806 4810 8806 4809 8806 4809 8807 4810 8807 4811 8807 4810 8808 4812 8808 4811 8808 4811 8809 4812 8809 4813 8809 4812 8810 4796 8810 4813 8810 4813 8811 4796 8811 4806 8811 4806 8812 4814 8812 4813 8812 4814 8813 4815 8813 4813 8813 4813 8814 4815 8814 4811 8814 4815 8815 4816 8815 4811 8815 4811 8816 4816 8816 4809 8816 4816 8817 4817 8817 4809 8817 4809 8818 4817 8818 4807 8818 4818 8819 4819 8819 4820 8819 4819 8820 4821 8820 4820 8820 4820 8821 4821 8821 4822 8821 4821 8822 4823 8822 4822 8822 4822 8823 4823 8823 4824 8823 4823 8824 4807 8824 4824 8824 4824 8825 4807 8825 4817 8825 4817 8826 4825 8826 4824 8826 4825 8827 4826 8827 4824 8827 4824 8828 4826 8828 4822 8828 4826 8829 4827 8829 4822 8829 4822 8830 4827 8830 4820 8830 4827 8831 4828 8831 4820 8831 4820 8832 4828 8832 4818 8832 4829 8833 4830 8833 4831 8833 4830 8834 4832 8834 4831 8834 4831 8835 4832 8835 4833 8835 4832 8836 4834 8836 4833 8836 4833 8837 4834 8837 4835 8837 4834 8838 4818 8838 4835 8838 4835 8839 4818 8839 4828 8839 4828 8840 4836 8840 4835 8840 4836 8841 4837 8841 4835 8841 4835 8842 4837 8842 4833 8842 4837 8843 4838 8843 4833 8843 4833 8844 4838 8844 4831 8844 4838 8845 4839 8845 4831 8845 4831 8846 4839 8846 4829 8846 4840 8847 4841 8847 4842 8847 4841 8848 4843 8848 4842 8848 4842 8849 4843 8849 4844 8849 4843 8850 4845 8850 4844 8850 4844 8851 4845 8851 4846 8851 4845 8852 4829 8852 4846 8852 4846 8853 4829 8853 4839 8853 4839 8854 4847 8854 4846 8854 4847 8855 4848 8855 4846 8855 4846 8856 4848 8856 4844 8856 4848 8857 4849 8857 4844 8857 4844 8858 4849 8858 4842 8858 4849 8859 4850 8859 4842 8859 4842 8860 4850 8860 4840 8860 4851 8861 4852 8861 4853 8861 4852 8862 4854 8862 4853 8862 4853 8863 4854 8863 4855 8863 4854 8864 4856 8864 4855 8864 4855 8865 4856 8865 4857 8865 4856 8866 4840 8866 4857 8866 4857 8867 4840 8867 4850 8867 4850 8868 4858 8868 4857 8868 4858 8869 4859 8869 4857 8869 4857 8870 4859 8870 4855 8870 4859 8871 4860 8871 4855 8871 4855 8872 4860 8872 4853 8872 4860 8873 4861 8873 4853 8873 4853 8874 4861 8874 4851 8874 4862 8875 4863 8875 4864 8875 4863 8876 4865 8876 4864 8876 4864 8877 4865 8877 4866 8877 4865 8878 4867 8878 4866 8878 4866 8879 4867 8879 4868 8879 4867 8880 4851 8880 4868 8880 4868 8881 4851 8881 4861 8881 4861 8882 4869 8882 4868 8882 4869 8883 4870 8883 4868 8883 4868 8884 4870 8884 4866 8884 4870 8885 4871 8885 4866 8885 4866 8886 4871 8886 4864 8886 4871 8887 4872 8887 4864 8887 4864 8888 4872 8888 4862 8888 4873 8889 4874 8889 4875 8889 4874 8890 4876 8890 4875 8890 4875 8891 4876 8891 4877 8891 4876 8892 4878 8892 4877 8892 4877 8893 4878 8893 4879 8893 4878 8894 4862 8894 4879 8894 4879 8895 4862 8895 4872 8895 4872 8896 4880 8896 4879 8896 4880 8897 4881 8897 4879 8897 4879 8898 4881 8898 4877 8898 4881 8899 4882 8899 4877 8899 4877 8900 4882 8900 4875 8900 4882 8901 4883 8901 4875 8901 4875 8902 4883 8902 4873 8902 4884 8903 4885 8903 4886 8903 4885 8904 4887 8904 4886 8904 4886 8905 4887 8905 4888 8905 4887 8906 4889 8906 4888 8906 4888 8907 4889 8907 4890 8907 4889 8908 4873 8908 4890 8908 4890 8909 4873 8909 4883 8909 4883 8910 4891 8910 4890 8910 4891 8911 4892 8911 4890 8911 4890 8912 4892 8912 4888 8912 4892 8913 4893 8913 4888 8913 4888 8914 4893 8914 4886 8914 4893 8915 4894 8915 4886 8915 4886 8916 4894 8916 4884 8916 4895 8917 4896 8917 4897 8917 4896 8918 4898 8918 4897 8918 4897 8919 4898 8919 4899 8919 4898 8920 4900 8920 4899 8920 4899 8921 4900 8921 4901 8921 4900 8922 4884 8922 4901 8922 4901 8923 4884 8923 4894 8923 4894 8924 4902 8924 4901 8924 4902 8925 4903 8925 4901 8925 4901 8926 4903 8926 4899 8926 4903 8927 4904 8927 4899 8927 4899 8928 4904 8928 4897 8928 4904 8929 4905 8929 4897 8929 4897 8930 4905 8930 4895 8930 4906 8931 4907 8931 4908 8931 4907 8932 4909 8932 4908 8932 4908 8933 4909 8933 4910 8933 4909 8934 4911 8934 4910 8934 4910 8935 4911 8935 4912 8935 4911 8936 4895 8936 4912 8936 4912 8937 4895 8937 4905 8937 4905 8938 4913 8938 4912 8938 4913 8939 4914 8939 4912 8939 4912 8940 4914 8940 4910 8940 4914 8941 4915 8941 4910 8941 4910 8942 4915 8942 4908 8942 4915 8943 4916 8943 4908 8943 4908 8944 4916 8944 4906 8944 4691 8945 4917 8945 4918 8945 4917 8946 4919 8946 4918 8946 4918 8947 4919 8947 4920 8947 4919 8948 4921 8948 4920 8948 4920 8949 4921 8949 4922 8949 4921 8950 4906 8950 4922 8950 4922 8951 4906 8951 4916 8951 4916 8952 4923 8952 4922 8952 4923 8953 4924 8953 4922 8953 4922 8954 4924 8954 4920 8954 4924 8955 4925 8955 4920 8955 4920 8956 4925 8956 4918 8956 4925 8957 4692 8957 4918 8957 4918 8958 4692 8958 4691 8958 4926 8959 4927 8959 4928 8959 4927 8960 4929 8960 4928 8960 4928 8961 4929 8961 4930 8961 4929 8962 4931 8962 4930 8962 4930 8963 4931 8963 4932 8963 4931 8964 4933 8964 4932 8964 4932 8965 4933 8965 4934 8965 4934 8966 4935 8966 4932 8966 4935 8967 4936 8967 4932 8967 4932 8968 4936 8968 4930 8968 4936 8969 4937 8969 4930 8969 4930 8970 4937 8970 4928 8970 4937 8971 4938 8971 4928 8971 4928 8972 4938 8972 4926 8972 4939 8973 4940 8973 4941 8973 4940 8974 4942 8974 4941 8974 4941 8975 4942 8975 4943 8975 4942 8976 4944 8976 4943 8976 4943 8977 4944 8977 4945 8977 4944 8978 4926 8978 4945 8978 4945 8979 4926 8979 4938 8979 4938 8980 4946 8980 4945 8980 4946 8981 4947 8981 4945 8981 4945 8982 4947 8982 4943 8982 4947 8983 4948 8983 4943 8983 4943 8984 4948 8984 4941 8984 4948 8985 4949 8985 4941 8985 4941 8986 4949 8986 4939 8986 4950 8987 4951 8987 4952 8987 4951 8988 4953 8988 4952 8988 4952 8989 4953 8989 4954 8989 4953 8990 4955 8990 4954 8990 4954 8991 4955 8991 4956 8991 4955 8992 4939 8992 4956 8992 4956 8993 4939 8993 4949 8993 4949 8994 4957 8994 4956 8994 4957 8995 4958 8995 4956 8995 4956 8996 4958 8996 4954 8996 4958 8997 4959 8997 4954 8997 4954 8998 4959 8998 4952 8998 4959 8999 4960 8999 4952 8999 4952 9000 4960 9000 4950 9000 4961 9001 4962 9001 4963 9001 4962 9002 4964 9002 4963 9002 4963 9003 4964 9003 4965 9003 4964 9004 4966 9004 4965 9004 4965 9005 4966 9005 4967 9005 4966 9006 4950 9006 4967 9006 4967 9007 4950 9007 4960 9007 4960 9008 4968 9008 4967 9008 4968 9009 4969 9009 4967 9009 4967 9010 4969 9010 4965 9010 4969 9011 4970 9011 4965 9011 4965 9012 4970 9012 4963 9012 4970 9013 4971 9013 4963 9013 4963 9014 4971 9014 4961 9014 4972 9015 4973 9015 4974 9015 4973 9016 4975 9016 4974 9016 4974 9017 4975 9017 4976 9017 4975 9018 4977 9018 4976 9018 4976 9019 4977 9019 4978 9019 4977 9020 4961 9020 4978 9020 4978 9021 4961 9021 4971 9021 4971 9022 4979 9022 4978 9022 4979 9023 4980 9023 4978 9023 4978 9024 4980 9024 4976 9024 4980 8717 4981 8717 4976 8717 4976 9025 4981 9025 4974 9025 4981 9026 4982 9026 4974 9026 4974 9027 4982 9027 4972 9027 4983 9028 4984 9028 4985 9028 4984 9029 4986 9029 4985 9029 4985 9030 4986 9030 4987 9030 4986 9031 4988 9031 4987 9031 4987 9032 4988 9032 4989 9032 4988 9033 4972 9033 4989 9033 4989 9034 4972 9034 4982 9034 4982 9035 4990 9035 4989 9035 4990 9036 4991 9036 4989 9036 4989 9037 4991 9037 4987 9037 4991 9038 4992 9038 4987 9038 4987 9039 4992 9039 4985 9039 4992 9040 4993 9040 4985 9040 4985 9041 4993 9041 4983 9041 4994 9042 4995 9042 4996 9042 4995 9043 4997 9043 4996 9043 4996 9044 4997 9044 4998 9044 4997 9045 4999 9045 4998 9045 4998 9046 4999 9046 5000 9046 4999 9047 4983 9047 5000 9047 5000 9048 4983 9048 4993 9048 4993 9049 5001 9049 5000 9049 5001 9050 5002 9050 5000 9050 5000 9051 5002 9051 4998 9051 5002 9052 5003 9052 4998 9052 4998 9053 5003 9053 4996 9053 5003 9054 5004 9054 4996 9054 4996 9055 5004 9055 4994 9055 5005 9056 5006 9056 5007 9056 5006 9057 5008 9057 5007 9057 5007 9058 5008 9058 5009 9058 5008 9059 5010 9059 5009 9059 5009 9060 5010 9060 5011 9060 5010 9061 4994 9061 5011 9061 5011 9062 4994 9062 5004 9062 5004 9063 5012 9063 5011 9063 5012 9064 5013 9064 5011 9064 5011 9065 5013 9065 5009 9065 5013 9066 5014 9066 5009 9066 5009 9067 5014 9067 5007 9067 5014 9068 5015 9068 5007 9068 5007 9069 5015 9069 5005 9069 5016 9070 5017 9070 5018 9070 5017 9071 5019 9071 5018 9071 5018 9072 5019 9072 5020 9072 5019 9073 5021 9073 5020 9073 5020 9074 5021 9074 5022 9074 5021 9075 5005 9075 5022 9075 5022 9076 5005 9076 5015 9076 5015 9077 5023 9077 5022 9077 5023 9078 5024 9078 5022 9078 5022 9079 5024 9079 5020 9079 5024 9080 5025 9080 5020 9080 5020 9081 5025 9081 5018 9081 5025 9082 5026 9082 5018 9082 5018 9083 5026 9083 5016 9083 5027 9084 5028 9084 5029 9084 5028 9085 5030 9085 5029 9085 5029 9086 5030 9086 5031 9086 5030 9087 5032 9087 5031 9087 5031 9088 5032 9088 5033 9088 5032 9089 5016 9089 5033 9089 5033 9090 5016 9090 5026 9090 5026 9091 5034 9091 5033 9091 5034 9092 5035 9092 5033 9092 5033 9093 5035 9093 5031 9093 5035 9094 5036 9094 5031 9094 5031 9095 5036 9095 5029 9095 5036 9096 5037 9096 5029 9096 5029 9097 5037 9097 5027 9097 5038 9098 5039 9098 5040 9098 5039 9099 5041 9099 5040 9099 5040 9100 5041 9100 5042 9100 5041 9101 5043 9101 5042 9101 5042 9102 5043 9102 5044 9102 5043 9103 5027 9103 5044 9103 5044 9104 5027 9104 5037 9104 5037 9105 5045 9105 5044 9105 5045 9106 5046 9106 5044 9106 5044 9107 5046 9107 5042 9107 5046 9108 5047 9108 5042 9108 5042 9109 5047 9109 5040 9109 5047 9110 5048 9110 5040 9110 5040 9111 5048 9111 5038 9111 5049 9112 5050 9112 5051 9112 5050 9113 5052 9113 5051 9113 5051 9114 5052 9114 5053 9114 5052 9115 5054 9115 5053 9115 5053 9116 5054 9116 5055 9116 5054 9117 5038 9117 5055 9117 5055 9118 5038 9118 5048 9118 5048 9119 5056 9119 5055 9119 5056 9120 5057 9120 5055 9120 5055 9121 5057 9121 5053 9121 5057 9122 5058 9122 5053 9122 5053 9123 5058 9123 5051 9123 5058 9124 5059 9124 5051 9124 5051 9125 5059 9125 5049 9125 5060 9126 5061 9126 5062 9126 5061 9127 5063 9127 5062 9127 5062 9128 5063 9128 5064 9128 5063 9129 5065 9129 5064 9129 5064 9130 5065 9130 5066 9130 5065 9131 5049 9131 5066 9131 5066 9132 5049 9132 5059 9132 5059 9133 5067 9133 5066 9133 5067 9134 5068 9134 5066 9134 5066 9135 5068 9135 5064 9135 5068 9136 5069 9136 5064 9136 5064 9137 5069 9137 5062 9137 5069 9138 5070 9138 5062 9138 5062 9139 5070 9139 5060 9139 5071 9140 5072 9140 5073 9140 5072 9141 5074 9141 5073 9141 5073 9142 5074 9142 5075 9142 5074 9143 5076 9143 5075 9143 5075 9144 5076 9144 5077 9144 5076 9145 5060 9145 5077 9145 5077 9146 5060 9146 5070 9146 5070 9147 5078 9147 5077 9147 5078 9148 5079 9148 5077 9148 5077 9149 5079 9149 5075 9149 5079 9150 5080 9150 5075 9150 5075 9151 5080 9151 5073 9151 5080 9152 5081 9152 5073 9152 5073 9153 5081 9153 5071 9153 5082 9154 5083 9154 5084 9154 5083 9155 5085 9155 5084 9155 5084 9156 5085 9156 5086 9156 5085 9157 5087 9157 5086 9157 5086 9158 5087 9158 5088 9158 5087 9159 5071 9159 5088 9159 5088 9160 5071 9160 5081 9160 5081 9161 5089 9161 5088 9161 5089 9162 5090 9162 5088 9162 5088 9163 5090 9163 5086 9163 5090 9164 5091 9164 5086 9164 5086 9165 5091 9165 5084 9165 5091 9166 5092 9166 5084 9166 5084 9167 5092 9167 5082 9167 5093 9168 5094 9168 5095 9168 5094 9169 5096 9169 5095 9169 5095 9170 5096 9170 5097 9170 5096 9171 5098 9171 5097 9171 5097 9172 5098 9172 5099 9172 5098 8866 5082 8866 5099 8866 5099 9173 5082 9173 5092 9173 5092 9174 5100 9174 5099 9174 5100 9175 5101 9175 5099 9175 5099 9176 5101 9176 5097 9176 5101 9177 5102 9177 5097 9177 5097 9178 5102 9178 5095 9178 5102 9179 5103 9179 5095 9179 5095 9180 5103 9180 5093 9180 5104 9181 5105 9181 5106 9181 5105 9182 5107 9182 5106 9182 5106 9183 5107 9183 5108 9183 5107 9184 5109 9184 5108 9184 5108 9185 5109 9185 5110 9185 5109 9186 5093 9186 5110 9186 5110 9187 5093 9187 5103 9187 5103 9188 5111 9188 5110 9188 5111 9189 5112 9189 5110 9189 5110 9190 5112 9190 5108 9190 5112 9191 5113 9191 5108 9191 5108 9192 5113 9192 5106 9192 5113 9193 5114 9193 5106 9193 5106 9194 5114 9194 5104 9194 5115 9195 5116 9195 5117 9195 5116 9196 5118 9196 5117 9196 5117 9197 5118 9197 5119 9197 5118 9198 5120 9198 5119 9198 5119 9199 5120 9199 5121 9199 5120 9200 5104 9200 5121 9200 5121 9201 5104 9201 5114 9201 5114 9202 5122 9202 5121 9202 5122 9203 5123 9203 5121 9203 5121 9204 5123 9204 5119 9204 5123 9205 5124 9205 5119 9205 5119 9206 5124 9206 5117 9206 5124 9207 5125 9207 5117 9207 5117 9208 5125 9208 5115 9208 5126 9209 5127 9209 5128 9209 5127 9210 5129 9210 5128 9210 5128 9211 5129 9211 5130 9211 5129 9212 5131 9212 5130 9212 5130 9213 5131 9213 5132 9213 5131 9214 5115 9214 5132 9214 5132 9215 5115 9215 5125 9215 5125 9216 5133 9216 5132 9216 5133 9217 5134 9217 5132 9217 5132 9218 5134 9218 5130 9218 5134 9219 5135 9219 5130 9219 5130 9220 5135 9220 5128 9220 5135 9221 5136 9221 5128 9221 5128 9222 5136 9222 5126 9222 5137 9223 5138 9223 5139 9223 5138 9224 5140 9224 5139 9224 5139 9225 5140 9225 5141 9225 5140 9226 5142 9226 5141 9226 5141 9227 5142 9227 5143 9227 5142 9228 5126 9228 5143 9228 5143 9229 5126 9229 5136 9229 5136 9230 5144 9230 5143 9230 5144 9231 5145 9231 5143 9231 5143 9232 5145 9232 5141 9232 5145 9233 5146 9233 5141 9233 5141 9234 5146 9234 5139 9234 5146 9235 5147 9235 5139 9235 5139 9236 5147 9236 5137 9236 5148 9237 5149 9237 5150 9237 5149 9238 5151 9238 5150 9238 5150 9239 5151 9239 5152 9239 5151 9240 5153 9240 5152 9240 5152 9241 5153 9241 5154 9241 5153 9242 5137 9242 5154 9242 5154 9243 5137 9243 5147 9243 5147 9244 5155 9244 5154 9244 5155 9245 5156 9245 5154 9245 5154 9246 5156 9246 5152 9246 5156 9247 5157 9247 5152 9247 5152 9248 5157 9248 5150 9248 5157 9249 5158 9249 5150 9249 5150 9250 5158 9250 5148 9250 4933 9251 5159 9251 5160 9251 5159 9252 5161 9252 5160 9252 5160 9253 5161 9253 5162 9253 5161 9254 5163 9254 5162 9254 5162 9255 5163 9255 5164 9255 5163 9256 5148 9256 5164 9256 5164 9257 5148 9257 5158 9257 5158 9258 5165 9258 5164 9258 5165 9259 5166 9259 5164 9259 5164 9260 5166 9260 5162 9260 5166 9261 5167 9261 5162 9261 5162 9262 5167 9262 5160 9262 5167 9263 4934 9263 5160 9263 5160 9264 4934 9264 4933 9264 4933 9265 5168 9265 5169 9265 4933 9266 5169 9266 5170 9266 4933 9267 5170 9267 5171 9267 4933 9268 5171 9268 5172 9268 5168 9269 4933 9269 4931 9269 5168 9270 4931 9270 4929 9270 5168 9271 4929 9271 4927 9271 5168 9272 4927 9272 4926 9272 5168 9273 4926 9273 4944 9273 5168 9274 4944 9274 4942 9274 5168 9275 4942 9275 4940 9275 5168 9276 4940 9276 4939 9276 5172 9277 5148 9277 5163 9277 5172 9278 5163 9278 5161 9278 5172 9279 5161 9279 5159 9279 5172 9280 5159 9280 4933 9280 5148 9281 5172 9281 5173 9281 5148 9282 5173 9282 5174 9282 5148 9283 5174 9283 5175 9283 5148 9284 5175 9284 5176 9284 5176 9285 5137 9285 5153 9285 5176 9286 5153 9286 5151 9286 5176 9287 5151 9287 5149 9287 5176 9288 5149 9288 5148 9288 5176 9289 5126 9289 5142 9289 5176 9290 5142 9290 5140 9290 5176 9291 5140 9291 5138 9291 5176 9292 5138 9292 5137 9292 5126 9293 5176 9293 5177 9293 5126 9294 5177 9294 5178 9294 5126 9295 5178 9295 5179 9295 5126 9296 5179 9296 5180 9296 5180 9297 5115 9297 5131 9297 5180 9298 5131 9298 5129 9298 5180 9299 5129 9299 5127 9299 5180 9300 5127 9300 5126 9300 5115 9301 5180 9301 5181 9301 5115 9302 5181 9302 5182 9302 5115 9303 5182 9303 5183 9303 5115 9304 5183 9304 5184 9304 5184 9305 5104 9305 5120 9305 5184 9306 5120 9306 5118 9306 5184 9307 5118 9307 5116 9307 5184 9308 5116 9308 5115 9308 5104 9309 5184 9309 5185 9309 5104 9310 5185 9310 5186 9310 5104 9311 5186 9311 5187 9311 5104 9312 5187 9312 5188 9312 5188 9313 5093 9313 5109 9313 5188 9314 5109 9314 5107 9314 5188 9315 5107 9315 5105 9315 5188 9316 5105 9316 5104 9316 5093 9317 5188 9317 5189 9317 5093 9318 5189 9318 5190 9318 5093 9319 5190 9319 5191 9319 5093 9320 5191 9320 5192 9320 5093 9321 5192 9321 5193 9321 5193 9322 5192 9322 5194 9322 5193 9323 5194 9323 5195 9323 5193 9324 5195 9324 5196 9324 5193 9325 5196 9325 5197 9325 5197 9326 5198 9326 5199 9326 5197 9327 5199 9327 5200 9327 5197 9328 5200 9328 5201 9328 5197 9329 5201 9329 5193 9329 5198 9330 5197 9330 5202 9330 5198 9331 5202 9331 5203 9331 5198 9332 5203 9332 5204 9332 5198 9333 5204 9333 5205 9333 5198 9334 5205 9334 5206 9334 5198 9335 5206 9335 5207 9335 5198 9336 5207 9336 5208 9336 5198 9337 5208 9337 5209 9337 5209 9338 5210 9338 5211 9338 5209 9339 5211 9339 5212 9339 5209 9340 5212 9340 5213 9340 5209 9341 5213 9341 5198 9341 5210 9342 5209 9342 5214 9342 5210 9343 5214 9343 5215 9343 5210 9344 5215 9344 5216 9344 5210 9345 5216 9345 5217 9345 5210 9346 5217 9346 5218 9346 5210 9347 5218 9347 5219 9347 5210 9348 5219 9348 5220 9348 5210 9349 5220 9349 5221 9349 5221 9350 5222 9350 5223 9350 5221 9351 5223 9351 5224 9351 5221 9352 5224 9352 5225 9352 5221 9353 5225 9353 5210 9353 5222 9354 5221 9354 5226 9354 5222 9355 5226 9355 5227 9355 5222 9356 5227 9356 5228 9356 5222 9357 5228 9357 5229 9357 5229 9358 5230 9358 5231 9358 5229 9359 5231 9359 5232 9359 5229 9360 5232 9360 5233 9360 5229 9361 5233 9361 5222 9361 5230 9362 5229 9362 5234 9362 5230 9363 5234 9363 5235 9363 5230 9364 5235 9364 5236 9364 5230 9365 5236 9365 5237 9365 5230 9366 5237 9366 5238 9366 5230 9367 5238 9367 5239 9367 5230 9368 5239 9368 5240 9368 5230 9369 5240 9369 5241 9369 5241 9370 5242 9370 5243 9370 5241 9371 5243 9371 5244 9371 5241 9372 5244 9372 5245 9372 5241 9373 5245 9373 5230 9373 5242 9374 5241 9374 5246 9374 5242 9375 5246 9375 5247 9375 5242 9376 5247 9376 5248 9376 5242 9377 5248 9377 5249 9377 5242 9378 5249 9378 5250 9378 5242 9379 5250 9379 5251 9379 5242 9380 5251 9380 5252 9380 5242 9381 5252 9381 5253 9381 5253 9382 5254 9382 5255 9382 5253 9383 5255 9383 5256 9383 5253 9384 5256 9384 5257 9384 5253 9385 5257 9385 5242 9385 5254 9386 5253 9386 5258 9386 5254 9387 5258 9387 5259 9387 5254 9388 5259 9388 5260 9388 5254 9389 5260 9389 5261 9389 5261 9390 5262 9390 5263 9390 5261 9391 5263 9391 5264 9391 5261 9392 5264 9392 5265 9392 5261 9393 5265 9393 5254 9393 5262 9394 5261 9394 5266 9394 5262 9395 5266 9395 5267 9395 5262 9396 5267 9396 5268 9396 5262 9397 5268 9397 5269 9397 5262 9398 5269 9398 5270 9398 5262 9399 5270 9399 5271 9399 5262 9400 5271 9400 5272 9400 5262 9401 5272 9401 5273 9401 5273 9402 5274 9402 5275 9402 5273 9403 5275 9403 5276 9403 5273 9404 5276 9404 5277 9404 5273 9405 5277 9405 5262 9405 5274 9406 5273 9406 5278 9406 5274 9407 5278 9407 5279 9407 5274 9408 5279 9408 5280 9408 5274 9409 5280 9409 5281 9409 5281 9410 5282 9410 5283 9410 5281 9411 5283 9411 5284 9411 5281 9412 5284 9412 5285 9412 5281 9413 5285 9413 5274 9413 5282 9414 5281 9414 5286 9414 5282 9415 5286 9415 5287 9415 5282 9416 5287 9416 5288 9416 5282 9417 5288 9417 5289 9417 5282 9418 5289 9418 5290 9418 5282 9419 5290 9419 5291 9419 5282 9420 5291 9420 5292 9420 5282 9421 5292 9421 5293 9421 5293 9422 5294 9422 5295 9422 5293 9423 5295 9423 5296 9423 5293 9424 5296 9424 5297 9424 5293 9425 5297 9425 5282 9425 5294 9426 5293 9426 5298 9426 5294 9427 5298 9427 5299 9427 5294 9428 5299 9428 5300 9428 5294 9429 5300 9429 5301 9429 5294 9430 5301 9430 4884 9430 4884 9431 5301 9431 5302 9431 4884 9432 5302 9432 5303 9432 4884 9433 5303 9433 5304 9433 4884 9434 5304 9434 5305 9434 5305 9435 4873 9435 4889 9435 5305 9436 4889 9436 4887 9436 5305 9437 4887 9437 4885 9437 5305 9438 4885 9438 4884 9438 4873 9439 5305 9439 5306 9439 4873 9440 5306 9440 5307 9440 4873 9441 5307 9441 5308 9441 4873 9442 5308 9442 5309 9442 5309 9443 4862 9443 4878 9443 5309 9444 4878 9444 4876 9444 5309 9445 4876 9445 4874 9445 5309 9446 4874 9446 4873 9446 4862 9447 5309 9447 5310 9447 4862 9448 5310 9448 5311 9448 4862 9449 5311 9449 5312 9449 4862 9450 5312 9450 5313 9450 5313 9451 4851 9451 4867 9451 5313 9452 4867 9452 4865 9452 5313 9453 4865 9453 4863 9453 5313 9454 4863 9454 4862 9454 4851 9455 5313 9455 5314 9455 4851 9456 5314 9456 5315 9456 4851 9457 5315 9457 5316 9457 4851 9458 5316 9458 5317 9458 5317 9459 4840 9459 4856 9459 5317 9460 4856 9460 4854 9460 5317 9461 4854 9461 4852 9461 5317 9462 4852 9462 4851 9462 4840 9463 5317 9463 5318 9463 4840 9464 5318 9464 5319 9464 4840 9465 5319 9465 5320 9465 4840 9466 5320 9466 5321 9466 5321 9467 4829 9467 4845 9467 5321 9468 4845 9468 4843 9468 5321 9469 4843 9469 4841 9469 5321 9470 4841 9470 4840 9470 4829 9471 5321 9471 5322 9471 4829 9472 5322 9472 5323 9472 4829 9473 5323 9473 5324 9473 4829 9474 5324 9474 5325 9474 5325 9475 4818 9475 4834 9475 5325 9476 4834 9476 4832 9476 5325 9477 4832 9477 4830 9477 5325 9478 4830 9478 4829 9478 5325 9479 4807 9479 4823 9479 5325 9480 4823 9480 4821 9480 5325 9481 4821 9481 4819 9481 5325 9482 4819 9482 4818 9482 4807 9483 5325 9483 5326 9483 4807 9484 5326 9484 5327 9484 4807 9485 5327 9485 5328 9485 4807 9486 5328 9486 5329 9486 5329 9487 4796 9487 4812 9487 5329 9488 4812 9488 4810 9488 5329 9489 4810 9489 4808 9489 5329 9490 4808 9490 4807 9490 5329 9491 4785 9491 4801 9491 5329 9492 4801 9492 4799 9492 5329 9493 4799 9493 4797 9493 5329 9494 4797 9494 4796 9494 4785 9495 5329 9495 5330 9495 4785 9496 5330 9496 5331 9496 4785 9497 5331 9497 5332 9497 4785 9498 5332 9498 5333 9498 5333 9499 4774 9499 4790 9499 5333 9500 4790 9500 4788 9500 5333 9501 4788 9501 4786 9501 5333 9502 4786 9502 4785 9502 4774 9503 5333 9503 5334 9503 4774 9504 5334 9504 5335 9504 4774 9505 5335 9505 5336 9505 4774 9506 5336 9506 5337 9506 5337 9507 4763 9507 4779 9507 5337 9508 4779 9508 4777 9508 5337 9509 4777 9509 4775 9509 5337 9510 4775 9510 4774 9510 4763 9511 5337 9511 5338 9511 4763 9512 5338 9512 5339 9512 4763 9513 5339 9513 5340 9513 4763 9514 5340 9514 5341 9514 5341 9515 4752 9515 4768 9515 5341 9516 4768 9516 4766 9516 5341 9517 4766 9517 4764 9517 5341 9518 4764 9518 4763 9518 4752 9519 5341 9519 5342 9519 4752 9520 5342 9520 5343 9520 4752 9521 5343 9521 5344 9521 4752 9522 5344 9522 5345 9522 5345 9523 4741 9523 4757 9523 5345 9524 4757 9524 4755 9524 5345 9525 4755 9525 4753 9525 5345 9526 4753 9526 4752 9526 4741 9527 5345 9527 5346 9527 4741 9528 5346 9528 5347 9528 4741 9529 5347 9529 5348 9529 4741 9530 5348 9530 5349 9530 5349 9531 4730 9531 4746 9531 5349 9532 4746 9532 4744 9532 5349 9533 4744 9533 4742 9533 5349 9534 4742 9534 4741 9534 4730 9535 5349 9535 5350 9535 4730 9536 5350 9536 5351 9536 4730 9537 5351 9537 5352 9537 4730 9538 5352 9538 5353 9538 4730 9539 5353 9539 5354 9539 5354 9540 5353 9540 5355 9540 5354 9541 5355 9541 5356 9541 5354 9542 5356 9542 5357 9542 5354 9543 5357 9543 5358 9543 5358 9544 5359 9544 5360 9544 5358 9545 5360 9545 5361 9545 5358 9546 5361 9546 5362 9546 5358 9547 5362 9547 5354 9547 5359 9548 5358 9548 5363 9548 5359 9549 5363 9549 5364 9549 5359 9550 5364 9550 5365 9550 5359 9551 5365 9551 5366 9551 5359 9552 5366 9552 5367 9552 5359 9553 5367 9553 5368 9553 5359 9554 5368 9554 5369 9554 5359 9555 5369 9555 5370 9555 5370 9556 5371 9556 5372 9556 5370 9557 5372 9557 5373 9557 5370 9558 5373 9558 5374 9558 5370 9559 5374 9559 5359 9559 5371 9560 5370 9560 5375 9560 5371 9561 5375 9561 5376 9561 5371 9562 5376 9562 5377 9562 5371 9563 5377 9563 5378 9563 5378 9564 5379 9564 5380 9564 5378 9565 5380 9565 5381 9565 5378 9566 5381 9566 5382 9566 5378 9567 5382 9567 5371 9567 5379 9568 5378 9568 5383 9568 5379 9569 5383 9569 5384 9569 5379 9570 5384 9570 5385 9570 5379 9571 5385 9571 5386 9571 5379 9572 5386 9572 5387 9572 5379 9573 5387 9573 5388 9573 5379 9574 5388 9574 5389 9574 5379 9575 5389 9575 5390 9575 5390 9576 5391 9576 5392 9576 5390 9577 5392 9577 5393 9577 5390 9578 5393 9578 5394 9578 5390 9579 5394 9579 5379 9579 5391 9580 5390 9580 5395 9580 5391 9581 5395 9581 5396 9581 5391 9582 5396 9582 5397 9582 5391 9583 5397 9583 5398 9583 5398 9584 5399 9584 5400 9584 5398 9585 5400 9585 5401 9585 5398 9586 5401 9586 5402 9586 5398 9587 5402 9587 5391 9587 5399 9588 5398 9588 5403 9588 5399 9589 5403 9589 5404 9589 5399 9590 5404 9590 5405 9590 5399 9591 5405 9591 5406 9591 5399 9592 5406 9592 5407 9592 5399 9593 5407 9593 5408 9593 5399 9594 5408 9594 5409 9594 5399 9595 5409 9595 5410 9595 5410 9596 5411 9596 5412 9596 5410 9597 5412 9597 5413 9597 5410 9598 5413 9598 5414 9598 5410 9599 5414 9599 5399 9599 5411 9600 5410 9600 5415 9600 5411 9601 5415 9601 5416 9601 5411 9602 5416 9602 5417 9602 5411 9603 5417 9603 5418 9603 5411 9604 5418 9604 5419 9604 5411 9605 5419 9605 5420 9605 5411 9606 5420 9606 5421 9606 5411 9607 5421 9607 5422 9607 5422 9608 5423 9608 5424 9608 5422 9609 5424 9609 5425 9609 5422 9610 5425 9610 5426 9610 5422 9611 5426 9611 5411 9611 5423 9612 5422 9612 5427 9612 5423 9613 5427 9613 5428 9613 5423 9614 5428 9614 5429 9614 5423 9615 5429 9615 5430 9615 5430 9616 5431 9616 5432 9616 5430 9617 5432 9617 5433 9617 5430 9618 5433 9618 5434 9618 5430 9619 5434 9619 5423 9619 5431 9620 5430 9620 5435 9620 5431 9621 5435 9621 5436 9621 5431 9622 5436 9622 5437 9622 5431 9623 5437 9623 5438 9623 5431 9624 5438 9624 5439 9624 5431 9625 5439 9625 5440 9625 5431 9626 5440 9626 5441 9626 5431 9627 5441 9627 5442 9627 5442 9628 5443 9628 5444 9628 5442 9629 5444 9629 5445 9629 5442 9630 5445 9630 5446 9630 5442 9631 5446 9631 5431 9631 5443 9632 5442 9632 5447 9632 5443 9633 5447 9633 5448 9633 5443 9634 5448 9634 5449 9634 5443 9635 5449 9635 5450 9635 5443 9636 5450 9636 5451 9636 5443 9637 5451 9637 5452 9637 5443 9638 5452 9638 5453 9638 5443 9639 5453 9639 5454 9639 5454 9640 5455 9640 5456 9640 5454 9641 5456 9641 5457 9641 5454 9642 5457 9642 5458 9642 5454 9643 5458 9643 5443 9643 5455 9644 5454 9644 5459 9644 5455 9645 5459 9645 5460 9645 5455 9646 5460 9646 5461 9646 5455 9647 5461 9647 5462 9647 5455 9648 5462 9648 5005 9648 5005 9649 5462 9649 5463 9649 5005 9650 5463 9650 5464 9650 5005 9651 5464 9651 5465 9651 5005 9652 5465 9652 5466 9652 5466 9653 4994 9653 5010 9653 5466 9654 5010 9654 5008 9654 5466 9655 5008 9655 5006 9655 5466 9656 5006 9656 5005 9656 4994 9657 5466 9657 5467 9657 4994 9658 5467 9658 5468 9658 4994 9659 5468 9659 5469 9659 4994 9660 5469 9660 5470 9660 5470 9661 4983 9661 4999 9661 5470 9662 4999 9662 4997 9662 5470 9663 4997 9663 4995 9663 5470 9664 4995 9664 4994 9664 4983 9665 5470 9665 5471 9665 4983 9666 5471 9666 5472 9666 4983 9667 5472 9667 5473 9667 4983 9668 5473 9668 5474 9668 5474 9669 4972 9669 4988 9669 5474 9670 4988 9670 4986 9670 5474 9671 4986 9671 4984 9671 5474 9672 4984 9672 4983 9672 4972 9673 5474 9673 5475 9673 4972 9674 5475 9674 5476 9674 4972 9675 5476 9675 5477 9675 4972 9676 5477 9676 5478 9676 5478 9677 4961 9677 4977 9677 5478 9678 4977 9678 4975 9678 5478 9679 4975 9679 4973 9679 5478 9680 4973 9680 4972 9680 5478 9681 4950 9681 4966 9681 5478 9682 4966 9682 4964 9682 5478 9683 4964 9683 4962 9683 5478 9684 4962 9684 4961 9684 4950 9685 5478 9685 5479 9685 4950 9686 5479 9686 5480 9686 4950 9687 5480 9687 5481 9687 4950 9688 5481 9688 5482 9688 5482 9689 4939 9689 4955 9689 5482 9690 4955 9690 4953 9690 5482 9691 4953 9691 4951 9691 5482 9692 4951 9692 4950 9692 4939 9693 5482 9693 5483 9693 4939 9694 5483 9694 5484 9694 4939 9695 5484 9695 5485 9695 4939 9696 5485 9696 5168 9696 5005 9697 5486 9697 5487 9697 5005 9698 5487 9698 5488 9698 5005 9699 5488 9699 5489 9699 5005 9700 5489 9700 5455 9700 5486 9701 5005 9701 5021 9701 5486 9702 5021 9702 5019 9702 5486 9703 5019 9703 5017 9703 5486 9704 5017 9704 5016 9704 5016 9705 5490 9705 5491 9705 5016 9706 5491 9706 5492 9706 5016 9707 5492 9707 5493 9707 5016 9708 5493 9708 5486 9708 5490 9709 5016 9709 5032 9709 5490 9710 5032 9710 5030 9710 5490 9711 5030 9711 5028 9711 5490 9712 5028 9712 5027 9712 5027 9713 5494 9713 5495 9713 5027 9714 5495 9714 5496 9714 5027 9715 5496 9715 5497 9715 5027 9716 5497 9716 5490 9716 5494 9717 5027 9717 5043 9717 5494 9718 5043 9718 5041 9718 5494 9719 5041 9719 5039 9719 5494 9720 5039 9720 5038 9720 5038 9721 5498 9721 5499 9721 5038 9722 5499 9722 5500 9722 5038 9723 5500 9723 5501 9723 5038 9724 5501 9724 5494 9724 5498 9725 5038 9725 5054 9725 5498 9726 5054 9726 5052 9726 5498 9727 5052 9727 5050 9727 5498 9728 5050 9728 5049 9728 5498 9729 5049 9729 5065 9729 5498 9730 5065 9730 5063 9730 5498 9731 5063 9731 5061 9731 5498 9732 5061 9732 5060 9732 5060 9733 5502 9733 5503 9733 5060 9734 5503 9734 5504 9734 5060 9735 5504 9735 5505 9735 5060 9736 5505 9736 5498 9736 5502 9737 5060 9737 5076 9737 5502 9738 5076 9738 5074 9738 5502 9739 5074 9739 5072 9739 5502 9740 5072 9740 5071 9740 5071 9741 5506 9741 5507 9741 5071 9742 5507 9742 5508 9742 5071 9743 5508 9743 5509 9743 5071 9744 5509 9744 5502 9744 5506 9745 5071 9745 5087 9745 5506 9746 5087 9746 5085 9746 5506 9747 5085 9747 5083 9747 5506 9748 5083 9748 5082 9748 5082 9749 5510 9749 5511 9749 5082 9750 5511 9750 5512 9750 5082 9751 5512 9751 5513 9751 5082 9752 5513 9752 5506 9752 5510 9753 5082 9753 5098 9753 5510 9754 5098 9754 5096 9754 5510 9755 5096 9755 5094 9755 5510 9756 5094 9756 5093 9756 5093 9757 5193 9757 5514 9757 5093 9758 5514 9758 5515 9758 5093 9759 5515 9759 5516 9759 5093 9760 5516 9760 5510 9760 5517 9761 4691 9761 4689 9761 5517 9762 4689 9762 4687 9762 5517 9763 4687 9763 4685 9763 5517 9764 4685 9764 4684 9764 5517 9765 4684 9765 4702 9765 5517 9766 4702 9766 4700 9766 5517 9767 4700 9767 4698 9767 5517 9768 4698 9768 4697 9768 4697 9769 5518 9769 5519 9769 4697 9770 5519 9770 5520 9770 4697 9771 5520 9771 5521 9771 4697 9772 5521 9772 5517 9772 5518 9773 4697 9773 4713 9773 5518 9774 4713 9774 4711 9774 5518 9775 4711 9775 4709 9775 5518 9776 4709 9776 4708 9776 4708 9777 5522 9777 5523 9777 4708 9778 5523 9778 5524 9778 4708 9779 5524 9779 5525 9779 4708 9780 5525 9780 5518 9780 5522 9781 4708 9781 4724 9781 5522 9782 4724 9782 4722 9782 5522 9783 4722 9783 4720 9783 5522 9784 4720 9784 4719 9784 4719 9785 5526 9785 5527 9785 4719 9786 5527 9786 5528 9786 4719 9787 5528 9787 5529 9787 4719 9788 5529 9788 5522 9788 5526 9789 4719 9789 4735 9789 5526 9790 4735 9790 4733 9790 5526 9791 4733 9791 4731 9791 5526 9792 4731 9792 4730 9792 4730 9793 5354 9793 5530 9793 4730 9794 5530 9794 5531 9794 4730 9795 5531 9795 5532 9795 4730 9796 5532 9796 5526 9796 4884 9797 5533 9797 5534 9797 4884 9798 5534 9798 5535 9798 4884 9799 5535 9799 5536 9799 4884 9800 5536 9800 5294 9800 5533 9801 4884 9801 4900 9801 5533 9802 4900 9802 4898 9802 5533 9803 4898 9803 4896 9803 5533 9804 4896 9804 4895 9804 4895 9805 5537 9805 5538 9805 4895 9806 5538 9806 5539 9806 4895 9807 5539 9807 5540 9807 4895 9808 5540 9808 5533 9808 5537 9809 4895 9809 4911 9809 5537 9810 4911 9810 4909 9810 5537 9811 4909 9811 4907 9811 5537 9812 4907 9812 4906 9812 4906 9813 5541 9813 5542 9813 4906 9814 5542 9814 5543 9814 4906 9815 5543 9815 5544 9815 4906 9816 5544 9816 5537 9816 5541 9817 4906 9817 4921 9817 5541 9818 4921 9818 4919 9818 5541 9819 4919 9819 4917 9819 5541 9820 4917 9820 4691 9820 4691 9821 5517 9821 5545 9821 4691 9822 5545 9822 5546 9822 4691 9823 5546 9823 5547 9823 4691 9824 5547 9824 5541 9824 4637 9825 5548 9825 5549 9825 5548 9826 5550 9826 5549 9826 5549 9827 5550 9827 5551 9827 5550 9828 5552 9828 5551 9828 5551 9829 5552 9829 5553 9829 5552 9830 5554 9830 5553 9830 5553 9831 5554 9831 5555 9831 5555 9832 5556 9832 5553 9832 5556 9833 5557 9833 5553 9833 5553 9834 5557 9834 5551 9834 5557 9835 5558 9835 5551 9835 5551 9836 5558 9836 5549 9836 5558 9837 5559 9837 5549 9837 5549 9838 5559 9838 4637 9838 5560 9839 5561 9839 5562 9839 5561 9840 5563 9840 5562 9840 5562 9841 5563 9841 5564 9841 5563 9842 5565 9842 5564 9842 5564 9843 5565 9843 5566 9843 5565 9844 4637 9844 5566 9844 5566 9845 4637 9845 5559 9845 5559 9846 5567 9846 5566 9846 5567 9847 5568 9847 5566 9847 5566 9848 5568 9848 5564 9848 5568 9849 5569 9849 5564 9849 5564 9850 5569 9850 5562 9850 5569 9851 5570 9851 5562 9851 5562 9852 5570 9852 5560 9852 5571 9853 5572 9853 5573 9853 5572 9854 5574 9854 5573 9854 5573 9855 5574 9855 5575 9855 5574 9856 5576 9856 5575 9856 5575 9857 5576 9857 5577 9857 5576 9858 5560 9858 5577 9858 5577 9859 5560 9859 5570 9859 5578 9860 5579 9860 5580 9860 5579 9861 5581 9861 5580 9861 5580 9862 5581 9862 5582 9862 5581 9863 5583 9863 5582 9863 5582 9864 5583 9864 5584 9864 5583 9865 5555 9865 5584 9865 5584 9866 5555 9866 5554 9866 5555 9867 5583 9867 5585 9867 5583 9868 5581 9868 5585 9868 5585 9869 5581 9869 5586 9869 5581 9870 5579 9870 5586 9870 5586 9871 5579 9871 5587 9871 5579 9872 5578 9872 5587 9872 5587 9873 5578 9873 5588 9873 5589 9874 5590 9874 5591 9874 5590 9875 5592 9875 5591 9875 5591 9876 5592 9876 5593 9876 5592 9877 5594 9877 5593 9877 5593 9878 5594 9878 5595 9878 5594 9879 5588 9879 5595 9879 5595 9880 5588 9880 5578 9880 5588 9881 5594 9881 5596 9881 5594 9882 5592 9882 5596 9882 5596 9883 5592 9883 5597 9883 5592 9884 5590 9884 5597 9884 5597 9885 5590 9885 5598 9885 5590 9886 5589 9886 5598 9886 5598 9887 5589 9887 5599 9887 5600 9888 5601 9888 5602 9888 5601 9889 5603 9889 5602 9889 5602 9890 5603 9890 5604 9890 5603 9891 5605 9891 5604 9891 5604 9892 5605 9892 5606 9892 5605 9893 5599 9893 5606 9893 5606 9894 5599 9894 5589 9894 5599 9895 5605 9895 5607 9895 5605 9896 5603 9896 5607 9896 5607 9897 5603 9897 5608 9897 5603 9898 5601 9898 5608 9898 5608 9899 5601 9899 5609 9899 5601 9900 5600 9900 5609 9900 5609 9901 5600 9901 5610 9901 5611 9902 5612 9902 5613 9902 5612 9903 5614 9903 5613 9903 5613 9904 5614 9904 5615 9904 5614 9905 5616 9905 5615 9905 5615 9906 5616 9906 5617 9906 5616 9907 5610 9907 5617 9907 5617 9908 5610 9908 5600 9908 5610 9909 5616 9909 5618 9909 5616 9910 5614 9910 5618 9910 5618 9911 5614 9911 5619 9911 5614 9912 5612 9912 5619 9912 5619 9913 5612 9913 5620 9913 5612 9914 5611 9914 5620 9914 5620 9915 5611 9915 5621 9915 4583 9916 5622 9916 5623 9916 5622 9917 5624 9917 5623 9917 5623 9918 5624 9918 5625 9918 5624 9919 5626 9919 5625 9919 5625 9920 5626 9920 5627 9920 5626 9921 5621 9921 5627 9921 5627 9922 5621 9922 5611 9922 5621 9923 5626 9923 5628 9923 5626 9924 5624 9924 5628 9924 5628 9925 5624 9925 5629 9925 5624 9926 5622 9926 5629 9926 5629 9927 5622 9927 5630 9927 5622 9928 4583 9928 5630 9928 5630 9929 4583 9929 5631 9929 5632 9930 5633 9930 5634 9930 5633 9931 5635 9931 5634 9931 5634 9932 5635 9932 5636 9932 5635 9933 5637 9933 5636 9933 5636 9934 5637 9934 5638 9934 5637 9935 5631 9935 5638 9935 5638 9936 5631 9936 4583 9936 5631 9937 5637 9937 5639 9937 5637 9938 5635 9938 5639 9938 5639 9939 5635 9939 5640 9939 5635 9940 5633 9940 5640 9940 5640 9941 5633 9941 5641 9941 5633 9942 5632 9942 5641 9942 5641 9943 5632 9943 5642 9943 5643 9944 5644 9944 5645 9944 5644 9945 5646 9945 5645 9945 5645 9946 5646 9946 5647 9946 5646 9947 5648 9947 5647 9947 5647 9948 5648 9948 5649 9948 5648 9949 5642 9949 5649 9949 5649 9950 5642 9950 5632 9950 5642 9951 5648 9951 5650 9951 5648 9952 5646 9952 5650 9952 5650 9953 5646 9953 5651 9953 5646 9954 5644 9954 5651 9954 5651 9955 5644 9955 5652 9955 5644 9956 5643 9956 5652 9956 5652 9957 5643 9957 5653 9957 5654 9958 5655 9958 5656 9958 5655 9959 5657 9959 5656 9959 5656 9960 5657 9960 5658 9960 5657 9961 5659 9961 5658 9961 5658 9962 5659 9962 5660 9962 5659 9963 5653 9963 5660 9963 5660 9964 5653 9964 5643 9964 5653 9965 5659 9965 5661 9965 5659 9966 5657 9966 5661 9966 5661 9967 5657 9967 5662 9967 5657 9968 5655 9968 5662 9968 5662 9969 5655 9969 5663 9969 5655 9970 5654 9970 5663 9970 5663 9971 5654 9971 5664 9971 5665 9972 5666 9972 5667 9972 5666 9973 5668 9973 5667 9973 5667 9974 5668 9974 5669 9974 5668 9975 5670 9975 5669 9975 5669 9976 5670 9976 5671 9976 5670 9977 5664 9977 5671 9977 5671 9978 5664 9978 5654 9978 5664 9979 5670 9979 5672 9979 5670 9980 5668 9980 5672 9980 5672 9981 5668 9981 5673 9981 5668 9982 5666 9982 5673 9982 5673 9983 5666 9983 5674 9983 5666 9984 5665 9984 5674 9984 5674 9985 5665 9985 5675 9985 5676 9986 5677 9986 5678 9986 5677 9987 5679 9987 5678 9987 5678 9988 5679 9988 5680 9988 5679 9989 5681 9989 5680 9989 5680 9990 5681 9990 5682 9990 5681 9991 5675 9991 5682 9991 5682 9992 5675 9992 5665 9992 5675 9993 5681 9993 5683 9993 5681 9994 5679 9994 5683 9994 5683 9995 5679 9995 5684 9995 5679 9996 5677 9996 5684 9996 5684 9997 5677 9997 5685 9997 5677 9998 5676 9998 5685 9998 5685 9999 5676 9999 5686 9999 5687 10000 5688 10000 5689 10000 5688 10001 5690 10001 5689 10001 5689 10002 5690 10002 5691 10002 5690 10003 5692 10003 5691 10003 5691 10004 5692 10004 5693 10004 5692 10005 5686 10005 5693 10005 5693 10006 5686 10006 5676 10006 5676 10007 5694 10007 5693 10007 5694 10008 5695 10008 5693 10008 5693 10009 5695 10009 5691 10009 5695 10010 5696 10010 5691 10010 5691 10011 5696 10011 5689 10011 5696 10012 4529 10012 5689 10012 5689 10013 4529 10013 5687 10013 5697 10014 5698 10014 5699 10014 5698 10015 5700 10015 5699 10015 5699 10016 5700 10016 5701 10016 5700 10017 5702 10017 5701 10017 5701 10018 5702 10018 5703 10018 5702 10019 5687 10019 5703 10019 5703 10020 5687 10020 4529 10020 4529 10021 5704 10021 5703 10021 5704 10022 5705 10022 5703 10022 5703 10023 5705 10023 5701 10023 5705 10024 5706 10024 5701 10024 5701 10025 5706 10025 5699 10025 5706 10026 5707 10026 5699 10026 5699 10027 5707 10027 5697 10027 5708 10028 5709 10028 5710 10028 5709 10029 5711 10029 5710 10029 5710 10030 5711 10030 5712 10030 5711 10031 5713 10031 5712 10031 5712 10032 5713 10032 5714 10032 5713 10033 5697 10033 5714 10033 5714 10034 5697 10034 5707 10034 5697 10035 5713 10035 5715 10035 5713 10036 5711 10036 5715 10036 5715 10037 5711 10037 5716 10037 5711 10038 5709 10038 5716 10038 5716 10039 5709 10039 5717 10039 5709 10040 5708 10040 5717 10040 5717 10041 5708 10041 5718 10041 5719 10042 5720 10042 5721 10042 5720 10043 5722 10043 5721 10043 5721 10044 5722 10044 5723 10044 5722 10045 5724 10045 5723 10045 5723 10046 5724 10046 5725 10046 5724 10047 5718 10047 5725 10047 5725 10048 5718 10048 5708 10048 5718 10049 5724 10049 5726 10049 5724 10050 5722 10050 5726 10050 5726 10051 5722 10051 5727 10051 5722 10052 5720 10052 5727 10052 5727 10053 5720 10053 5728 10053 5720 10054 5719 10054 5728 10054 5728 10055 5719 10055 5729 10055 5730 10056 5731 10056 5732 10056 5731 10057 5733 10057 5732 10057 5732 10058 5733 10058 5734 10058 5733 10059 5735 10059 5734 10059 5734 10060 5735 10060 5736 10060 5735 10061 5729 10061 5736 10061 5736 10062 5729 10062 5719 10062 5729 10063 5735 10063 5737 10063 5735 10064 5733 10064 5737 10064 5737 10065 5733 10065 5738 10065 5733 10066 5731 10066 5738 10066 5738 10067 5731 10067 5739 10067 5731 10068 5730 10068 5739 10068 5739 10069 5730 10069 5740 10069 5741 10070 5742 10070 5743 10070 5742 10071 5744 10071 5743 10071 5743 10072 5744 10072 5745 10072 5744 10073 5746 10073 5745 10073 5745 10074 5746 10074 5747 10074 5746 10075 5740 10075 5747 10075 5747 10076 5740 10076 5730 10076 5740 10077 5746 10077 5748 10077 5746 10078 5744 10078 5748 10078 5748 10079 5744 10079 5749 10079 5744 10080 5742 10080 5749 10080 5749 10081 5742 10081 5750 10081 5742 10082 5741 10082 5750 10082 5750 10083 5741 10083 5751 10083 4479 10084 5752 10084 5753 10084 5752 10085 5754 10085 5753 10085 5753 10086 5754 10086 5755 10086 5754 10087 5756 10087 5755 10087 5755 10088 5756 10088 5757 10088 5756 10089 5751 10089 5757 10089 5757 10090 5751 10090 5741 10090 5751 10091 5756 10091 5758 10091 5756 10092 5754 10092 5758 10092 5758 10093 5754 10093 5759 10093 5754 10094 5752 10094 5759 10094 5759 10095 5752 10095 5760 10095 5752 10096 4479 10096 5760 10096 5760 10097 4479 10097 5761 10097 5762 10098 5763 10098 5764 10098 5763 10099 5765 10099 5764 10099 5764 10100 5765 10100 5766 10100 5765 10101 5767 10101 5766 10101 5766 10102 5767 10102 5768 10102 5767 10103 5761 10103 5768 10103 5768 10104 5761 10104 4479 10104 5761 10105 5767 10105 5769 10105 5767 10106 5765 10106 5769 10106 5769 10107 5765 10107 5770 10107 5765 10108 5763 10108 5770 10108 5770 10109 5763 10109 5771 10109 5763 10110 5762 10110 5771 10110 5771 10111 5762 10111 5772 10111 5773 10112 5774 10112 5775 10112 5774 10113 5776 10113 5775 10113 5775 10114 5776 10114 5777 10114 5776 10115 5778 10115 5777 10115 5777 10116 5778 10116 5779 10116 5778 10117 5772 10117 5779 10117 5779 10118 5772 10118 5762 10118 5772 10119 5778 10119 5780 10119 5778 10120 5776 10120 5780 10120 5780 10121 5776 10121 5781 10121 5776 10122 5774 10122 5781 10122 5781 10123 5774 10123 5782 10123 5774 10124 5773 10124 5782 10124 5782 10125 5773 10125 5783 10125 5784 10126 5785 10126 5786 10126 5785 10127 5787 10127 5786 10127 5786 10128 5787 10128 5788 10128 5787 10129 5789 10129 5788 10129 5788 10130 5789 10130 5790 10130 5789 10131 5783 10131 5790 10131 5790 10132 5783 10132 5773 10132 5783 10133 5789 10133 5791 10133 5789 10134 5787 10134 5791 10134 5791 10135 5787 10135 5792 10135 5787 10136 5785 10136 5792 10136 5792 10137 5785 10137 5793 10137 5785 10138 5784 10138 5793 10138 5793 10139 5784 10139 5794 10139 5795 10140 5796 10140 5797 10140 5796 10141 5798 10141 5797 10141 5797 10142 5798 10142 5799 10142 5798 10143 5800 10143 5799 10143 5799 10144 5800 10144 5801 10144 5800 10145 5794 10145 5801 10145 5801 10146 5794 10146 5784 10146 5794 10147 5800 10147 5802 10147 5800 10148 5798 10148 5802 10148 5802 10149 5798 10149 5803 10149 5798 10150 5796 10150 5803 10150 5803 10151 5796 10151 5804 10151 5796 10152 5795 10152 5804 10152 5804 10153 5795 10153 5571 10153 5560 10154 5576 10154 5805 10154 5576 10155 5574 10155 5805 10155 5805 10156 5574 10156 5806 10156 5574 10157 5572 10157 5806 10157 5806 10158 5572 10158 5807 10158 5572 10159 5571 10159 5807 10159 5807 10160 5571 10160 5795 10160 5808 10161 5809 10161 5810 10161 5808 10162 5810 10162 5811 10162 5808 10163 5811 10163 5812 10163 5808 10164 5812 10164 5813 10164 5809 10165 5808 10165 5814 10165 5809 10166 5814 10166 5815 10166 5809 10167 5815 10167 5816 10167 5809 10168 5816 10168 5817 10168 5809 10169 5817 10169 5818 10169 5809 10170 5818 10170 5819 10170 5809 10171 5819 10171 5820 10171 5809 10172 5820 10172 5821 10172 5813 10173 5822 10173 5823 10173 5813 10174 5823 10174 5824 10174 5813 10175 5824 10175 5825 10175 5813 10176 5825 10176 5808 10176 5822 10177 5813 10177 5826 10177 5822 10178 5826 10178 5827 10178 5822 10179 5827 10179 5828 10179 5822 10180 5828 10180 5829 10180 5829 10181 5830 10181 5831 10181 5829 10182 5831 10182 5832 10182 5829 10183 5832 10183 5833 10183 5829 10184 5833 10184 5822 10184 5830 10185 5829 10185 5834 10185 5830 10186 5834 10186 5835 10186 5830 10187 5835 10187 5836 10187 5830 10188 5836 10188 5837 10188 5837 10189 5838 10189 5839 10189 5837 10190 5839 10190 5840 10190 5837 10191 5840 10191 5841 10191 5837 10192 5841 10192 5830 10192 5838 10193 5837 10193 5842 10193 5838 10194 5842 10194 5843 10194 5838 10195 5843 10195 5844 10195 5838 10196 5844 10196 5845 10196 5845 10197 5846 10197 5847 10197 5845 10198 5847 10198 5848 10198 5845 10199 5848 10199 5849 10199 5845 10200 5849 10200 5838 10200 5846 10201 5845 10201 5850 10201 5846 10202 5850 10202 5851 10202 5846 10203 5851 10203 5852 10203 5846 10204 5852 10204 5853 10204 5853 10205 5854 10205 5855 10205 5853 10206 5855 10206 5856 10206 5853 10207 5856 10207 5857 10207 5853 10208 5857 10208 5846 10208 5854 10209 5853 10209 5858 10209 5854 10210 5858 10210 5859 10210 5854 10211 5859 10211 5860 10211 5854 10212 5860 10212 5861 10212 5861 10213 5862 10213 5863 10213 5861 10214 5863 10214 5864 10214 5861 10215 5864 10215 5865 10215 5861 10216 5865 10216 5854 10216 5861 10217 5866 10217 5867 10217 5861 10218 5867 10218 5868 10218 5861 10219 5868 10219 5869 10219 5861 10220 5869 10220 5862 10220 5866 10221 5861 10221 5870 10221 5866 10222 5870 10222 5871 10222 5866 10223 5871 10223 5872 10223 5866 10224 5872 10224 5873 10224 5873 10225 5874 10225 5875 10225 5873 10226 5875 10226 5876 10226 5873 10227 5876 10227 5877 10227 5873 10228 5877 10228 5866 10228 5874 10229 5873 10229 5878 10229 5874 10230 5878 10230 5879 10230 5874 10231 5879 10231 5880 10231 5874 10232 5880 10232 5881 10232 5881 10233 5882 10233 5883 10233 5881 10234 5883 10234 5884 10234 5881 10235 5884 10235 5885 10235 5881 10236 5885 10236 5874 10236 5882 10237 5881 10237 5886 10237 5882 10238 5886 10238 5887 10238 5882 10239 5887 10239 5888 10239 5882 10240 5888 10240 5889 10240 5889 10241 5890 10241 5891 10241 5889 10242 5891 10242 5892 10242 5889 10243 5892 10243 5893 10243 5889 10244 5893 10244 5882 10244 5890 10245 5889 10245 5894 10245 5890 10246 5894 10246 5895 10246 5890 10247 5895 10247 5896 10247 5890 10248 5896 10248 5897 10248 5897 10249 5898 10249 5899 10249 5897 10250 5899 10250 5900 10250 5897 10251 5900 10251 5901 10251 5897 10252 5901 10252 5890 10252 5898 10253 5897 10253 5902 10253 5898 10254 5902 10254 5903 10254 5898 10255 5903 10255 5904 10255 5898 10256 5904 10256 5905 10256 5905 10257 5906 10257 5907 10257 5905 10258 5907 10258 5908 10258 5905 10259 5908 10259 5909 10259 5905 10260 5909 10260 5898 10260 5906 10261 5905 10261 5910 10261 5906 10262 5910 10262 5911 10262 5906 10263 5911 10263 5912 10263 5906 10264 5912 10264 5913 10264 5913 10265 5914 10265 5915 10265 5913 10266 5915 10266 5916 10266 5913 10267 5916 10267 5917 10267 5913 10268 5917 10268 5906 10268 5913 10269 5918 10269 5919 10269 5913 10270 5919 10270 5920 10270 5913 10271 5920 10271 5921 10271 5913 10272 5921 10272 5914 10272 5918 10273 5913 10273 5922 10273 5918 10274 5922 10274 5923 10274 5918 10275 5923 10275 5924 10275 5918 10276 5924 10276 5925 10276 5925 10277 5926 10277 5927 10277 5925 10278 5927 10278 5928 10278 5925 10279 5928 10279 5929 10279 5925 10280 5929 10280 5918 10280 5926 10281 5925 10281 5930 10281 5926 10282 5930 10282 5931 10282 5926 10283 5931 10283 5932 10283 5926 10284 5932 10284 5933 10284 5933 10285 5934 10285 5935 10285 5933 10286 5935 10286 5936 10286 5933 10287 5936 10287 5937 10287 5933 10288 5937 10288 5926 10288 5934 10289 5933 10289 5938 10289 5934 10290 5938 10290 5939 10290 5934 10291 5939 10291 5940 10291 5934 10292 5940 10292 5941 10292 5941 10293 5942 10293 5943 10293 5941 10294 5943 10294 5944 10294 5941 10295 5944 10295 5945 10295 5941 10296 5945 10296 5934 10296 5942 10297 5941 10297 5946 10297 5942 10298 5946 10298 5947 10298 5942 10299 5947 10299 5948 10299 5942 10300 5948 10300 5949 10300 5949 10301 5950 10301 5951 10301 5949 10302 5951 10302 5952 10302 5949 10303 5952 10303 5953 10303 5949 10304 5953 10304 5942 10304 5950 10305 5949 10305 5954 10305 5950 10306 5954 10306 5955 10306 5950 10307 5955 10307 5956 10307 5950 10308 5956 10308 5957 10308 5957 10309 5958 10309 5959 10309 5957 10310 5959 10310 5960 10310 5957 10311 5960 10311 5961 10311 5957 10312 5961 10312 5950 10312 5958 10313 5957 10313 5962 10313 5958 10314 5962 10314 5963 10314 5958 10315 5963 10315 5964 10315 5958 10316 5964 10316 5965 10316 5965 10317 5966 10317 5967 10317 5965 10318 5967 10318 5968 10318 5965 10319 5968 10319 5969 10319 5965 10320 5969 10320 5958 10320 5966 10321 5965 10321 5970 10321 5966 10322 5970 10322 5971 10322 5966 10323 5971 10323 5972 10323 5966 10324 5972 10324 5973 10324 5973 10325 5974 10325 5975 10325 5973 10326 5975 10326 5976 10326 5973 10327 5976 10327 5977 10327 5973 10328 5977 10328 5966 10328 5973 10329 5978 10329 5979 10329 5973 10330 5979 10330 5980 10330 5973 10331 5980 10331 5981 10331 5973 10332 5981 10332 5974 10332 5978 10333 5973 10333 5982 10333 5978 10334 5982 10334 5983 10334 5978 10335 5983 10335 5984 10335 5978 10336 5984 10336 5985 10336 5985 10337 5986 10337 5987 10337 5985 10338 5987 10338 5988 10338 5985 10339 5988 10339 5989 10339 5985 10340 5989 10340 5978 10340 5986 10341 5985 10341 5990 10341 5986 10342 5990 10342 5991 10342 5986 10343 5991 10343 5992 10343 5986 10344 5992 10344 5993 10344 5993 10345 5994 10345 5995 10345 5993 10346 5995 10346 5996 10346 5993 10347 5996 10347 5997 10347 5993 10348 5997 10348 5986 10348 5994 10349 5993 10349 5998 10349 5994 10350 5998 10350 5999 10350 5994 10351 5999 10351 6000 10351 5994 10352 6000 10352 6001 10352 6001 10353 6002 10353 6003 10353 6001 10354 6003 10354 6004 10354 6001 10355 6004 10355 6005 10355 6001 10356 6005 10356 5994 10356 6002 10357 6001 10357 6006 10357 6002 10358 6006 10358 6007 10358 6002 10359 6007 10359 6008 10359 6002 10360 6008 10360 6009 10360 6009 10361 6010 10361 6011 10361 6009 10362 6011 10362 6012 10362 6009 10363 6012 10363 6013 10363 6009 10364 6013 10364 6002 10364 6010 10365 6009 10365 6014 10365 6010 10366 6014 10366 6015 10366 6010 10367 6015 10367 6016 10367 6010 10368 6016 10368 6017 10368 6017 10369 6018 10369 6019 10369 6017 10370 6019 10370 6020 10370 6017 10371 6020 10371 6021 10371 6017 10372 6021 10372 6010 10372 6018 10373 6017 10373 6022 10373 6018 10374 6022 10374 6023 10374 6018 10375 6023 10375 6024 10375 6018 10376 6024 10376 6025 10376 6025 10377 6026 10377 6027 10377 6025 10378 6027 10378 6028 10378 6025 10379 6028 10379 6029 10379 6025 10380 6029 10380 6018 10380 6025 10381 6030 10381 6031 10381 6025 10382 6031 10382 6032 10382 6025 10383 6032 10383 6033 10383 6025 10384 6033 10384 6026 10384 6030 10385 6025 10385 6034 10385 6030 10386 6034 10386 6035 10386 6030 10387 6035 10387 6036 10387 6030 10388 6036 10388 6037 10388 6037 10389 6038 10389 6039 10389 6037 10390 6039 10390 6040 10390 6037 10391 6040 10391 6041 10391 6037 10392 6041 10392 6030 10392 6038 10393 6037 10393 6042 10393 6038 10394 6042 10394 6043 10394 6038 10395 6043 10395 6044 10395 6038 10396 6044 10396 6045 10396 6045 10397 6046 10397 6047 10397 6045 10398 6047 10398 6048 10398 6045 10399 6048 10399 6049 10399 6045 10400 6049 10400 6038 10400 6046 10401 6045 10401 6050 10401 6046 10402 6050 10402 6051 10402 6046 10403 6051 10403 6052 10403 6046 10404 6052 10404 6053 10404 6053 10405 6054 10405 6055 10405 6053 10406 6055 10406 6056 10406 6053 10407 6056 10407 6057 10407 6053 10408 6057 10408 6046 10408 6054 10409 6053 10409 6058 10409 6054 10410 6058 10410 6059 10410 6054 10411 6059 10411 6060 10411 6054 10412 6060 10412 6061 10412 6061 10413 6062 10413 6063 10413 6061 10414 6063 10414 6064 10414 6061 10415 6064 10415 6065 10415 6061 10416 6065 10416 6054 10416 6062 10417 6061 10417 6066 10417 6062 10418 6066 10418 6067 10418 6062 10419 6067 10419 6068 10419 6062 10420 6068 10420 6069 10420 6069 10421 5821 10421 6070 10421 6069 10422 6070 10422 6071 10422 6069 10423 6071 10423 6072 10423 6069 10424 6072 10424 6062 10424 5821 10425 6069 10425 6073 10425 5821 10426 6073 10426 6074 10426 5821 10427 6074 10427 6075 10427 5821 10428 6075 10428 5809 10428 5809 10429 6075 10429 6076 10429 6075 10430 6074 10430 6076 10430 6076 10431 6074 10431 6077 10431 6074 10432 6073 10432 6077 10432 6077 10433 6073 10433 6078 10433 6073 10434 6069 10434 6078 10434 6078 10435 6069 10435 4477 10435 4477 10436 4476 10436 6078 10436 4476 10437 4475 10437 6078 10437 6078 10438 4475 10438 6077 10438 4475 10439 4474 10439 6077 10439 6077 10440 4474 10440 6076 10440 4474 10441 4473 10441 6076 10441 6076 10442 4473 10442 5809 10442 5813 10443 5812 10443 6079 10443 5812 10444 5811 10444 6079 10444 6079 10445 5811 10445 6080 10445 5811 10446 5810 10446 6080 10446 6080 10447 5810 10447 6081 10447 5810 10448 5809 10448 6081 10448 6081 10449 5809 10449 4473 10449 4473 10450 4485 10450 6081 10450 4485 10451 4484 10451 6081 10451 6081 10452 4484 10452 6080 10452 4484 10453 4483 10453 6080 10453 6080 10454 4483 10454 6079 10454 4483 10455 4482 10455 6079 10455 6079 10456 4482 10456 5813 10456 5829 10457 5828 10457 6082 10457 5828 10458 5827 10458 6082 10458 6082 10459 5827 10459 6083 10459 5827 10460 5826 10460 6083 10460 6083 10461 5826 10461 6084 10461 5826 10462 5813 10462 6084 10462 6084 10463 5813 10463 4482 10463 4482 10464 4493 10464 6084 10464 4493 10465 4492 10465 6084 10465 6084 10466 4492 10466 6083 10466 4492 10467 4491 10467 6083 10467 6083 10468 4491 10468 6082 10468 4491 10469 4490 10469 6082 10469 6082 10470 4490 10470 5829 10470 5837 10471 5836 10471 6085 10471 5836 10472 5835 10472 6085 10472 6085 10473 5835 10473 6086 10473 5835 10474 5834 10474 6086 10474 6086 10475 5834 10475 6087 10475 5834 10476 5829 10476 6087 10476 6087 10477 5829 10477 4490 10477 4490 10478 4497 10478 6087 10478 4497 10479 4496 10479 6087 10479 6087 10480 4496 10480 6086 10480 4496 10481 4495 10481 6086 10481 6086 10482 4495 10482 6085 10482 4495 10483 4494 10483 6085 10483 6085 10484 4494 10484 5837 10484 5845 10485 5844 10485 6088 10485 5844 10486 5843 10486 6088 10486 6088 10487 5843 10487 6089 10487 5843 10488 5842 10488 6089 10488 6089 10489 5842 10489 6090 10489 5842 10490 5837 10490 6090 10490 6090 10491 5837 10491 4494 10491 4494 10492 4505 10492 6090 10492 4505 10493 4504 10493 6090 10493 6090 10494 4504 10494 6089 10494 4504 10495 4503 10495 6089 10495 6089 10496 4503 10496 6088 10496 4503 10497 4502 10497 6088 10497 6088 10498 4502 10498 5845 10498 5853 10499 5852 10499 6091 10499 5852 10500 5851 10500 6091 10500 6091 10501 5851 10501 6092 10501 5851 10502 5850 10502 6092 10502 6092 10503 5850 10503 6093 10503 5850 10504 5845 10504 6093 10504 6093 10505 5845 10505 4502 10505 4502 10506 4513 10506 6093 10506 4513 10507 4512 10507 6093 10507 6093 10508 4512 10508 6092 10508 4512 10509 4511 10509 6092 10509 6092 10510 4511 10510 6091 10510 4511 10511 4510 10511 6091 10511 6091 10512 4510 10512 5853 10512 5861 10513 5860 10513 6094 10513 5860 10514 5859 10514 6094 10514 6094 10515 5859 10515 6095 10515 5859 10516 5858 10516 6095 10516 6095 10517 5858 10517 6096 10517 5858 10518 5853 10518 6096 10518 6096 10519 5853 10519 4510 10519 4510 10520 4517 10520 6096 10520 4517 10521 4516 10521 6096 10521 6096 10522 4516 10522 6095 10522 4516 10523 4515 10523 6095 10523 6095 10524 4515 10524 6094 10524 4515 10525 4514 10525 6094 10525 6094 10526 4514 10526 5861 10526 5873 10527 5872 10527 6097 10527 5872 10528 5871 10528 6097 10528 6097 10529 5871 10529 6098 10529 5871 10530 5870 10530 6098 10530 6098 10531 5870 10531 6099 10531 5870 10532 5861 10532 6099 10532 6099 10533 5861 10533 4514 10533 4514 10534 4525 10534 6099 10534 4525 10535 4524 10535 6099 10535 6099 10536 4524 10536 6098 10536 4524 10537 4523 10537 6098 10537 6098 10538 4523 10538 6097 10538 4523 10539 4522 10539 6097 10539 6097 10540 4522 10540 5873 10540 5881 10541 5880 10541 6100 10541 5880 10542 5879 10542 6100 10542 6100 10543 5879 10543 6101 10543 5879 10544 5878 10544 6101 10544 6101 10545 5878 10545 6102 10545 5878 10546 5873 10546 6102 10546 6102 10547 5873 10547 4522 10547 4522 10548 4533 10548 6102 10548 4533 10549 4532 10549 6102 10549 6102 10550 4532 10550 6101 10550 4532 10551 4531 10551 6101 10551 6101 10552 4531 10552 6100 10552 4531 10553 4530 10553 6100 10553 6100 10554 4530 10554 5881 10554 5889 10555 5888 10555 6103 10555 5888 10556 5887 10556 6103 10556 6103 10557 5887 10557 6104 10557 5887 10558 5886 10558 6104 10558 6104 10559 5886 10559 6105 10559 5886 10560 5881 10560 6105 10560 6105 10561 5881 10561 4530 10561 4530 10562 4541 10562 6105 10562 4541 10563 4540 10563 6105 10563 6105 10564 4540 10564 6104 10564 4540 10565 4539 10565 6104 10565 6104 10566 4539 10566 6103 10566 4539 10567 4538 10567 6103 10567 6103 10568 4538 10568 5889 10568 5897 10569 5896 10569 6106 10569 5896 10570 5895 10570 6106 10570 6106 10571 5895 10571 6107 10571 5895 10572 5894 10572 6107 10572 6107 10573 5894 10573 6108 10573 5894 10574 5889 10574 6108 10574 6108 10575 5889 10575 4538 10575 4538 10576 4545 10576 6108 10576 4545 10577 4544 10577 6108 10577 6108 10578 4544 10578 6107 10578 4544 10579 4543 10579 6107 10579 6107 10580 4543 10580 6106 10580 4543 10581 4542 10581 6106 10581 6106 10582 4542 10582 5897 10582 5905 10583 5904 10583 6109 10583 5904 10584 5903 10584 6109 10584 6109 10585 5903 10585 6110 10585 5903 10586 5902 10586 6110 10586 6110 10587 5902 10587 6111 10587 5902 10588 5897 10588 6111 10588 6111 10589 5897 10589 4542 10589 4542 10590 4553 10590 6111 10590 4553 10591 4552 10591 6111 10591 6111 10592 4552 10592 6110 10592 4552 10593 4551 10593 6110 10593 6110 10594 4551 10594 6109 10594 4551 10595 4550 10595 6109 10595 6109 10596 4550 10596 5905 10596 5913 10597 5912 10597 6112 10597 5912 10598 5911 10598 6112 10598 6112 10599 5911 10599 6113 10599 5911 10600 5910 10600 6113 10600 6113 10601 5910 10601 6114 10601 5910 10602 5905 10602 6114 10602 6114 10603 5905 10603 4550 10603 4550 10604 4561 10604 6114 10604 4561 10605 4560 10605 6114 10605 6114 10606 4560 10606 6113 10606 4560 10607 4559 10607 6113 10607 6113 10608 4559 10608 6112 10608 4559 10609 4558 10609 6112 10609 6112 10610 4558 10610 5913 10610 5925 10611 5924 10611 6115 10611 5924 10612 5923 10612 6115 10612 6115 10613 5923 10613 6116 10613 5923 10614 5922 10614 6116 10614 6116 10615 5922 10615 6117 10615 5922 10616 5913 10616 6117 10616 6117 10617 5913 10617 4558 10617 4558 10618 4565 10618 6117 10618 4565 10619 4564 10619 6117 10619 6117 10620 4564 10620 6116 10620 4564 10621 4563 10621 6116 10621 6116 10622 4563 10622 6115 10622 4563 10623 4562 10623 6115 10623 6115 10624 4562 10624 5925 10624 5933 10625 5932 10625 6118 10625 5932 10626 5931 10626 6118 10626 6118 10627 5931 10627 6119 10627 5931 10628 5930 10628 6119 10628 6119 10629 5930 10629 6120 10629 5930 10630 5925 10630 6120 10630 6120 10631 5925 10631 4562 10631 4562 10632 4573 10632 6120 10632 4573 10633 4572 10633 6120 10633 6120 10634 4572 10634 6119 10634 4572 10635 4571 10635 6119 10635 6119 10636 4571 10636 6118 10636 4571 10637 4570 10637 6118 10637 6118 10638 4570 10638 5933 10638 5941 10639 5940 10639 6121 10639 5940 10640 5939 10640 6121 10640 6121 10641 5939 10641 6122 10641 5939 10642 5938 10642 6122 10642 6122 10643 5938 10643 6123 10643 5938 10644 5933 10644 6123 10644 6123 10645 5933 10645 4570 10645 4570 10646 4581 10646 6123 10646 4581 10647 4580 10647 6123 10647 6123 10648 4580 10648 6122 10648 4580 10649 4579 10649 6122 10649 6122 10650 4579 10650 6121 10650 4579 10651 4578 10651 6121 10651 6121 10652 4578 10652 5941 10652 5949 10653 5948 10653 6124 10653 5948 10654 5947 10654 6124 10654 6124 10655 5947 10655 6125 10655 5947 10656 5946 10656 6125 10656 6125 10657 5946 10657 6126 10657 5946 10658 5941 10658 6126 10658 6126 10659 5941 10659 4578 10659 4578 10660 4589 10660 6126 10660 4589 10661 4588 10661 6126 10661 6126 10662 4588 10662 6125 10662 4588 10663 4587 10663 6125 10663 6125 10664 4587 10664 6124 10664 4587 10665 4586 10665 6124 10665 6124 10666 4586 10666 5949 10666 5957 10667 5956 10667 6127 10667 5956 10668 5955 10668 6127 10668 6127 10669 5955 10669 6128 10669 5955 10670 5954 10670 6128 10670 6128 10671 5954 10671 6129 10671 5954 10672 5949 10672 6129 10672 6129 10673 5949 10673 4586 10673 4586 10674 4593 10674 6129 10674 4593 10675 4592 10675 6129 10675 6129 10676 4592 10676 6128 10676 4592 10677 4591 10677 6128 10677 6128 10678 4591 10678 6127 10678 4591 10679 4590 10679 6127 10679 6127 10680 4590 10680 5957 10680 5965 10681 5964 10681 6130 10681 5964 10682 5963 10682 6130 10682 6130 10683 5963 10683 6131 10683 5963 10684 5962 10684 6131 10684 6131 10685 5962 10685 6132 10685 5962 10686 5957 10686 6132 10686 6132 10687 5957 10687 4590 10687 4590 10688 4601 10688 6132 10688 4601 10689 4600 10689 6132 10689 6132 10690 4600 10690 6131 10690 4600 10691 4599 10691 6131 10691 6131 10692 4599 10692 6130 10692 4599 10693 4598 10693 6130 10693 6130 10694 4598 10694 5965 10694 5973 10695 5972 10695 6133 10695 5972 10696 5971 10696 6133 10696 6133 10697 5971 10697 6134 10697 5971 10698 5970 10698 6134 10698 6134 10699 5970 10699 6135 10699 5970 10700 5965 10700 6135 10700 6135 10701 5965 10701 4598 10701 4598 10702 4609 10702 6135 10702 4609 10703 4608 10703 6135 10703 6135 10704 4608 10704 6134 10704 4608 10705 4607 10705 6134 10705 6134 10706 4607 10706 6133 10706 4607 10707 4606 10707 6133 10707 6133 10708 4606 10708 5973 10708 5985 10709 5984 10709 6136 10709 5984 10710 5983 10710 6136 10710 6136 10711 5983 10711 6137 10711 5983 10712 5982 10712 6137 10712 6137 10713 5982 10713 6138 10713 5982 10714 5973 10714 6138 10714 6138 10715 5973 10715 4606 10715 4606 10716 4613 10716 6138 10716 4613 10717 4612 10717 6138 10717 6138 10718 4612 10718 6137 10718 4612 10719 4611 10719 6137 10719 6137 10720 4611 10720 6136 10720 4611 10721 4610 10721 6136 10721 6136 10722 4610 10722 5985 10722 5993 10723 5992 10723 6139 10723 5992 10724 5991 10724 6139 10724 6139 10725 5991 10725 6140 10725 5991 10726 5990 10726 6140 10726 6140 10727 5990 10727 6141 10727 5990 10728 5985 10728 6141 10728 6141 10729 5985 10729 4610 10729 4610 10730 4621 10730 6141 10730 4621 10731 4620 10731 6141 10731 6141 10732 4620 10732 6140 10732 4620 10733 4619 10733 6140 10733 6140 10734 4619 10734 6139 10734 4619 10735 4618 10735 6139 10735 6139 10736 4618 10736 5993 10736 6001 10737 6000 10737 6142 10737 6000 10738 5999 10738 6142 10738 6142 10739 5999 10739 6143 10739 5999 10740 5998 10740 6143 10740 6143 10741 5998 10741 6144 10741 5998 10742 5993 10742 6144 10742 6144 10743 5993 10743 4618 10743 4618 10744 4629 10744 6144 10744 4629 10745 4628 10745 6144 10745 6144 10746 4628 10746 6143 10746 4628 10747 4627 10747 6143 10747 6143 10748 4627 10748 6142 10748 4627 10749 4626 10749 6142 10749 6142 10750 4626 10750 6001 10750 6009 10751 6008 10751 6145 10751 6008 10752 6007 10752 6145 10752 6145 10753 6007 10753 6146 10753 6007 10754 6006 10754 6146 10754 6146 10755 6006 10755 6147 10755 6006 10756 6001 10756 6147 10756 6147 10757 6001 10757 4626 10757 4626 10758 4633 10758 6147 10758 4633 10759 4632 10759 6147 10759 6147 10760 4632 10760 6146 10760 4632 10761 4631 10761 6146 10761 6146 10762 4631 10762 6145 10762 4631 10763 4630 10763 6145 10763 6145 10764 4630 10764 6009 10764 6017 10765 6016 10765 6148 10765 6016 10766 6015 10766 6148 10766 6148 10767 6015 10767 6149 10767 6015 10768 6014 10768 6149 10768 6149 10769 6014 10769 6150 10769 6014 10770 6009 10770 6150 10770 6150 10771 6009 10771 4630 10771 4630 10772 4641 10772 6150 10772 4641 10773 4640 10773 6150 10773 6150 10774 4640 10774 6149 10774 4640 10775 4639 10775 6149 10775 6149 10776 4639 10776 6148 10776 4639 10777 4638 10777 6148 10777 6148 10778 4638 10778 6017 10778 6025 10779 6024 10779 6151 10779 6024 10780 6023 10780 6151 10780 6151 10781 6023 10781 6152 10781 6023 10782 6022 10782 6152 10782 6152 10783 6022 10783 6153 10783 6022 10784 6017 10784 6153 10784 6153 10785 6017 10785 4638 10785 4638 10786 4649 10786 6153 10786 4649 10787 4648 10787 6153 10787 6153 10788 4648 10788 6152 10788 4648 10789 4647 10789 6152 10789 6152 10790 4647 10790 6151 10790 4647 10791 4646 10791 6151 10791 6151 10792 4646 10792 6025 10792 6037 10793 6036 10793 6154 10793 6036 10794 6035 10794 6154 10794 6154 10795 6035 10795 6155 10795 6035 10796 6034 10796 6155 10796 6155 10797 6034 10797 6156 10797 6034 10798 6025 10798 6156 10798 6156 10799 6025 10799 4646 10799 4646 10800 4657 10800 6156 10800 4657 10801 4656 10801 6156 10801 6156 10802 4656 10802 6155 10802 4656 10803 4655 10803 6155 10803 6155 10804 4655 10804 6154 10804 4655 10805 4654 10805 6154 10805 6154 10806 4654 10806 6037 10806 6045 10807 6044 10807 6157 10807 6044 10808 6043 10808 6157 10808 6157 10809 6043 10809 6158 10809 6043 10810 6042 10810 6158 10810 6158 10811 6042 10811 6159 10811 6042 10812 6037 10812 6159 10812 6159 10813 6037 10813 4654 10813 4654 10814 4661 10814 6159 10814 4661 10815 4660 10815 6159 10815 6159 10816 4660 10816 6158 10816 4660 10817 4659 10817 6158 10817 6158 10818 4659 10818 6157 10818 4659 10819 4658 10819 6157 10819 6157 10820 4658 10820 6045 10820 6053 10821 6052 10821 6160 10821 6052 10822 6051 10822 6160 10822 6160 10823 6051 10823 6161 10823 6051 10824 6050 10824 6161 10824 6161 10825 6050 10825 6162 10825 6050 10826 6045 10826 6162 10826 6162 10827 6045 10827 4658 10827 4658 10828 4669 10828 6162 10828 4669 10829 4668 10829 6162 10829 6162 10830 4668 10830 6161 10830 4668 10831 4667 10831 6161 10831 6161 10832 4667 10832 6160 10832 4667 10833 4666 10833 6160 10833 6160 10834 4666 10834 6053 10834 6061 10835 6060 10835 6163 10835 6060 10836 6059 10836 6163 10836 6163 10837 6059 10837 6164 10837 6059 10838 6058 10838 6164 10838 6164 10839 6058 10839 6165 10839 6058 10840 6053 10840 6165 10840 6165 10841 6053 10841 4666 10841 4666 10842 4677 10842 6165 10842 4677 10843 4676 10843 6165 10843 6165 10844 4676 10844 6164 10844 4676 10845 4675 10845 6164 10845 6164 10846 4675 10846 6163 10846 4675 10847 4674 10847 6163 10847 6163 10848 4674 10848 6061 10848 6069 10849 6068 10849 6166 10849 6068 10850 6067 10850 6166 10850 6166 10851 6067 10851 6167 10851 6067 10852 6066 10852 6167 10852 6167 10853 6066 10853 6168 10853 6066 10854 6061 10854 6168 10854 6168 10855 6061 10855 4674 10855 4674 10856 4680 10856 6168 10856 4680 10857 4679 10857 6168 10857 6168 10858 4679 10858 6167 10858 4679 10859 4678 10859 6167 10859 6167 10860 4678 10860 6166 10860 4678 10861 4477 10861 6166 10861 6166 10862 4477 10862 6069 10862 5168 10863 5485 10863 6169 10863 5485 10864 5484 10864 6169 10864 6169 10865 5484 10865 6170 10865 5484 10866 5483 10866 6170 10866 6170 10867 5483 10867 6171 10867 5483 10868 5482 10868 6171 10868 6171 10869 5482 10869 6172 10869 6172 10870 6173 10870 6171 10870 6173 10871 6174 10871 6171 10871 6171 10872 6174 10872 6170 10872 6174 10873 6175 10873 6170 10873 6170 10874 6175 10874 6169 10874 6175 10875 6176 10875 6169 10875 6169 10876 6176 10876 5168 10876 5172 10877 5171 10877 6177 10877 5171 10878 5170 10878 6177 10878 6177 10879 5170 10879 6178 10879 5170 10880 5169 10880 6178 10880 6178 10881 5169 10881 6179 10881 5169 10882 5168 10882 6179 10882 6179 10883 5168 10883 6176 10883 6176 10884 6180 10884 6179 10884 6180 10885 6181 10885 6179 10885 6179 10886 6181 10886 6178 10886 6181 10887 6182 10887 6178 10887 6178 10888 6182 10888 6177 10888 6182 10889 6183 10889 6177 10889 6177 10890 6183 10890 5172 10890 5176 10891 5175 10891 6184 10891 5175 10892 5174 10892 6184 10892 6184 10893 5174 10893 6185 10893 5174 10894 5173 10894 6185 10894 6185 10895 5173 10895 6186 10895 5173 10896 5172 10896 6186 10896 6186 10897 5172 10897 6183 10897 6183 10898 6187 10898 6186 10898 6187 10899 6188 10899 6186 10899 6186 10900 6188 10900 6185 10900 6188 10901 6189 10901 6185 10901 6185 10902 6189 10902 6184 10902 6189 10903 6190 10903 6184 10903 6184 10904 6190 10904 5176 10904 5180 10905 5179 10905 6191 10905 5179 10906 5178 10906 6191 10906 6191 10907 5178 10907 6192 10907 5178 10908 5177 10908 6192 10908 6192 10909 5177 10909 6193 10909 5177 10910 5176 10910 6193 10910 6193 10911 5176 10911 6190 10911 6190 10912 6194 10912 6193 10912 6194 10913 6195 10913 6193 10913 6193 10914 6195 10914 6192 10914 6195 10915 6196 10915 6192 10915 6192 10916 6196 10916 6191 10916 6196 10917 6197 10917 6191 10917 6191 10918 6197 10918 5180 10918 5184 10919 5183 10919 6198 10919 5183 10920 5182 10920 6198 10920 6198 10921 5182 10921 6199 10921 5182 10922 5181 10922 6199 10922 6199 10923 5181 10923 6200 10923 5181 10924 5180 10924 6200 10924 6200 10925 5180 10925 6197 10925 6197 10926 6201 10926 6200 10926 6201 10927 6202 10927 6200 10927 6200 10928 6202 10928 6199 10928 6202 10929 6203 10929 6199 10929 6199 10930 6203 10930 6198 10930 6203 10931 6204 10931 6198 10931 6198 10932 6204 10932 5184 10932 5188 10933 5187 10933 6205 10933 5187 10934 5186 10934 6205 10934 6205 10935 5186 10935 6206 10935 5186 10936 5185 10936 6206 10936 6206 10937 5185 10937 6207 10937 5185 10938 5184 10938 6207 10938 6207 10939 5184 10939 6204 10939 6204 10940 6208 10940 6207 10940 6208 10941 6209 10941 6207 10941 6207 10942 6209 10942 6206 10942 6209 10943 6210 10943 6206 10943 6206 10944 6210 10944 6205 10944 6210 10945 6211 10945 6205 10945 6205 10946 6211 10946 5188 10946 5192 10947 5191 10947 6212 10947 5191 10948 5190 10948 6212 10948 6212 10949 5190 10949 6213 10949 5190 10950 5189 10950 6213 10950 6213 10951 5189 10951 6214 10951 5189 10952 5188 10952 6214 10952 6214 10953 5188 10953 6211 10953 6211 10954 6215 10954 6214 10954 6215 10955 6216 10955 6214 10955 6214 10956 6216 10956 6213 10956 6216 10957 6217 10957 6213 10957 6213 10958 6217 10958 6212 10958 6217 10959 6218 10959 6212 10959 6212 10960 6218 10960 5192 10960 5197 10961 5196 10961 6219 10961 5196 10962 5195 10962 6219 10962 6219 10963 5195 10963 6220 10963 5195 10964 5194 10964 6220 10964 6220 10965 5194 10965 6221 10965 5194 10966 5192 10966 6221 10966 6221 10967 5192 10967 6218 10967 6218 10968 6222 10968 6221 10968 6222 10969 6223 10969 6221 10969 6221 10970 6223 10970 6220 10970 6223 10971 6224 10971 6220 10971 6220 10972 6224 10972 6219 10972 6224 10973 6225 10973 6219 10973 6219 10974 6225 10974 5197 10974 5205 10975 5204 10975 6226 10975 5204 10976 5203 10976 6226 10976 6226 10977 5203 10977 6227 10977 5203 10978 5202 10978 6227 10978 6227 10979 5202 10979 6228 10979 5202 10980 5197 10980 6228 10980 6228 10981 5197 10981 6225 10981 6225 10982 6229 10982 6228 10982 6229 10983 6230 10983 6228 10983 6228 10984 6230 10984 6227 10984 6230 10985 6231 10985 6227 10985 6227 10986 6231 10986 6226 10986 6231 10987 6232 10987 6226 10987 6226 10988 6232 10988 5205 10988 5209 10989 5208 10989 6233 10989 5208 10990 5207 10990 6233 10990 6233 10991 5207 10991 6234 10991 5207 10992 5206 10992 6234 10992 6234 10993 5206 10993 6235 10993 5206 10994 5205 10994 6235 10994 6235 10995 5205 10995 6232 10995 6232 10996 6236 10996 6235 10996 6236 10997 6237 10997 6235 10997 6235 10998 6237 10998 6234 10998 6237 10999 6238 10999 6234 10999 6234 11000 6238 11000 6233 11000 6238 11001 6239 11001 6233 11001 6233 11002 6239 11002 5209 11002 5217 11003 5216 11003 6240 11003 5216 11004 5215 11004 6240 11004 6240 11005 5215 11005 6241 11005 5215 11006 5214 11006 6241 11006 6241 11007 5214 11007 6242 11007 5214 11008 5209 11008 6242 11008 6242 11009 5209 11009 6239 11009 6239 11010 6243 11010 6242 11010 6243 11011 6244 11011 6242 11011 6242 11012 6244 11012 6241 11012 6244 11013 6245 11013 6241 11013 6241 11014 6245 11014 6240 11014 6245 11015 6246 11015 6240 11015 6240 11016 6246 11016 5217 11016 5221 11017 5220 11017 6247 11017 5220 11018 5219 11018 6247 11018 6247 11019 5219 11019 6248 11019 5219 11020 5218 11020 6248 11020 6248 11021 5218 11021 6249 11021 5218 11022 5217 11022 6249 11022 6249 11023 5217 11023 6246 11023 6246 11024 6250 11024 6249 11024 6250 11025 6251 11025 6249 11025 6249 11026 6251 11026 6248 11026 6251 11027 6252 11027 6248 11027 6248 11028 6252 11028 6247 11028 6252 11029 6253 11029 6247 11029 6247 11030 6253 11030 5221 11030 5229 11031 5228 11031 6254 11031 5228 11032 5227 11032 6254 11032 6254 11033 5227 11033 6255 11033 5227 11034 5226 11034 6255 11034 6255 11035 5226 11035 6256 11035 5226 11036 5221 11036 6256 11036 6256 11037 5221 11037 6253 11037 6253 11038 6257 11038 6256 11038 6257 11039 6258 11039 6256 11039 6256 11040 6258 11040 6255 11040 6258 11041 6259 11041 6255 11041 6255 11042 6259 11042 6254 11042 6259 11043 6260 11043 6254 11043 6254 11044 6260 11044 5229 11044 5237 11045 5236 11045 6261 11045 5236 11046 5235 11046 6261 11046 6261 11047 5235 11047 6262 11047 5235 11048 5234 11048 6262 11048 6262 11049 5234 11049 6263 11049 5234 11050 5229 11050 6263 11050 6263 11051 5229 11051 6260 11051 6260 11052 6264 11052 6263 11052 6264 11053 6265 11053 6263 11053 6263 11054 6265 11054 6262 11054 6265 11055 6266 11055 6262 11055 6262 11056 6266 11056 6261 11056 6266 11057 6267 11057 6261 11057 6261 11058 6267 11058 5237 11058 5241 11059 5240 11059 6268 11059 5240 11060 5239 11060 6268 11060 6268 11061 5239 11061 6269 11061 5239 11062 5238 11062 6269 11062 6269 11063 5238 11063 6270 11063 5238 11064 5237 11064 6270 11064 6270 11065 5237 11065 6267 11065 6267 11066 6271 11066 6270 11066 6271 11067 6272 11067 6270 11067 6270 11068 6272 11068 6269 11068 6272 11069 6273 11069 6269 11069 6269 11070 6273 11070 6268 11070 6273 11071 6274 11071 6268 11071 6268 11072 6274 11072 5241 11072 5249 11073 5248 11073 6275 11073 5248 11074 5247 11074 6275 11074 6275 11075 5247 11075 6276 11075 5247 11076 5246 11076 6276 11076 6276 11077 5246 11077 6277 11077 5246 11078 5241 11078 6277 11078 6277 11079 5241 11079 6274 11079 6274 11080 6278 11080 6277 11080 6278 11081 6279 11081 6277 11081 6277 11082 6279 11082 6276 11082 6279 11083 6280 11083 6276 11083 6276 11084 6280 11084 6275 11084 6280 11085 6281 11085 6275 11085 6275 11086 6281 11086 5249 11086 5253 11087 5252 11087 6282 11087 5252 11088 5251 11088 6282 11088 6282 11089 5251 11089 6283 11089 5251 11090 5250 11090 6283 11090 6283 11091 5250 11091 6284 11091 5250 11092 5249 11092 6284 11092 6284 11093 5249 11093 6281 11093 6281 11094 6285 11094 6284 11094 6285 11095 6286 11095 6284 11095 6284 11096 6286 11096 6283 11096 6286 11097 6287 11097 6283 11097 6283 11098 6287 11098 6282 11098 6287 11099 6288 11099 6282 11099 6282 11100 6288 11100 5253 11100 5261 11101 5260 11101 6289 11101 5260 11102 5259 11102 6289 11102 6289 11103 5259 11103 6290 11103 5259 11104 5258 11104 6290 11104 6290 11105 5258 11105 6291 11105 5258 11106 5253 11106 6291 11106 6291 11107 5253 11107 6288 11107 6288 11108 6292 11108 6291 11108 6292 11109 6293 11109 6291 11109 6291 11110 6293 11110 6290 11110 6293 11111 6294 11111 6290 11111 6290 11112 6294 11112 6289 11112 6294 11113 6295 11113 6289 11113 6289 11114 6295 11114 5261 11114 5269 11115 5268 11115 6296 11115 5268 11116 5267 11116 6296 11116 6296 11117 5267 11117 6297 11117 5267 11118 5266 11118 6297 11118 6297 11119 5266 11119 6298 11119 5266 11120 5261 11120 6298 11120 6298 11121 5261 11121 6295 11121 6295 11122 6299 11122 6298 11122 6299 11123 6300 11123 6298 11123 6298 11124 6300 11124 6297 11124 6300 11125 6301 11125 6297 11125 6297 11126 6301 11126 6296 11126 6301 11127 6302 11127 6296 11127 6296 11128 6302 11128 5269 11128 5273 11129 5272 11129 6303 11129 5272 11130 5271 11130 6303 11130 6303 11131 5271 11131 6304 11131 5271 11132 5270 11132 6304 11132 6304 11133 5270 11133 6305 11133 5270 11134 5269 11134 6305 11134 6305 11135 5269 11135 6302 11135 6302 11136 6306 11136 6305 11136 6306 11137 6307 11137 6305 11137 6305 11138 6307 11138 6304 11138 6307 11139 6308 11139 6304 11139 6304 11140 6308 11140 6303 11140 6308 11141 6309 11141 6303 11141 6303 11142 6309 11142 5273 11142 5281 11143 5280 11143 6310 11143 5280 11144 5279 11144 6310 11144 6310 11145 5279 11145 6311 11145 5279 11146 5278 11146 6311 11146 6311 11147 5278 11147 6312 11147 5278 11148 5273 11148 6312 11148 6312 11149 5273 11149 6309 11149 6309 11150 6313 11150 6312 11150 6313 11151 6314 11151 6312 11151 6312 11152 6314 11152 6311 11152 6314 11153 6315 11153 6311 11153 6311 11154 6315 11154 6310 11154 6315 11155 6316 11155 6310 11155 6310 11156 6316 11156 5281 11156 5289 11157 5288 11157 6317 11157 5288 11158 5287 11158 6317 11158 6317 11159 5287 11159 6318 11159 5287 11160 5286 11160 6318 11160 6318 11161 5286 11161 6319 11161 5286 11162 5281 11162 6319 11162 6319 11163 5281 11163 6316 11163 6316 11164 6320 11164 6319 11164 6320 11165 6321 11165 6319 11165 6319 11166 6321 11166 6318 11166 6321 11167 6322 11167 6318 11167 6318 11168 6322 11168 6317 11168 6322 11169 6323 11169 6317 11169 6317 11170 6323 11170 5289 11170 5293 11171 5292 11171 6324 11171 5292 11172 5291 11172 6324 11172 6324 11173 5291 11173 6325 11173 5291 11174 5290 11174 6325 11174 6325 11175 5290 11175 6326 11175 5290 11176 5289 11176 6326 11176 6326 11177 5289 11177 6323 11177 6323 11178 6327 11178 6326 11178 6327 11179 6328 11179 6326 11179 6326 11180 6328 11180 6325 11180 6328 11181 6329 11181 6325 11181 6325 11182 6329 11182 6324 11182 6329 11183 6330 11183 6324 11183 6324 11184 6330 11184 5293 11184 5301 11185 5300 11185 6331 11185 5300 11186 5299 11186 6331 11186 6331 11187 5299 11187 6332 11187 5299 11188 5298 11188 6332 11188 6332 11189 5298 11189 6333 11189 5298 11190 5293 11190 6333 11190 6333 11191 5293 11191 6330 11191 6330 11192 6334 11192 6333 11192 6334 11193 6335 11193 6333 11193 6333 11194 6335 11194 6332 11194 6335 11195 6336 11195 6332 11195 6332 11196 6336 11196 6331 11196 6336 11197 6337 11197 6331 11197 6331 11198 6337 11198 5301 11198 5305 11199 5304 11199 6338 11199 5304 11200 5303 11200 6338 11200 6338 11201 5303 11201 6339 11201 5303 11202 5302 11202 6339 11202 6339 11203 5302 11203 6340 11203 5302 11204 5301 11204 6340 11204 6340 11205 5301 11205 6337 11205 6337 11206 6341 11206 6340 11206 6341 11207 6342 11207 6340 11207 6340 11208 6342 11208 6339 11208 6342 11209 6343 11209 6339 11209 6339 11210 6343 11210 6338 11210 6343 11211 6344 11211 6338 11211 6338 11212 6344 11212 5305 11212 5309 11213 5308 11213 6345 11213 5308 11214 5307 11214 6345 11214 6345 11215 5307 11215 6346 11215 5307 11216 5306 11216 6346 11216 6346 11217 5306 11217 6347 11217 5306 11218 5305 11218 6347 11218 6347 11219 5305 11219 6344 11219 6344 11220 6348 11220 6347 11220 6348 11221 6349 11221 6347 11221 6347 11222 6349 11222 6346 11222 6349 11223 6350 11223 6346 11223 6346 11224 6350 11224 6345 11224 6350 11225 6351 11225 6345 11225 6345 11226 6351 11226 5309 11226 5313 11227 5312 11227 6352 11227 5312 11228 5311 11228 6352 11228 6352 11229 5311 11229 6353 11229 5311 11230 5310 11230 6353 11230 6353 11231 5310 11231 6354 11231 5310 11232 5309 11232 6354 11232 6354 11233 5309 11233 6351 11233 6351 11234 6355 11234 6354 11234 6355 11235 6356 11235 6354 11235 6354 11236 6356 11236 6353 11236 6356 11237 6357 11237 6353 11237 6353 11238 6357 11238 6352 11238 6357 11239 6358 11239 6352 11239 6352 11240 6358 11240 5313 11240 5317 11241 5316 11241 6359 11241 5316 11242 5315 11242 6359 11242 6359 11243 5315 11243 6360 11243 5315 11244 5314 11244 6360 11244 6360 11245 5314 11245 6361 11245 5314 11246 5313 11246 6361 11246 6361 11247 5313 11247 6358 11247 6358 11248 6362 11248 6361 11248 6362 11249 6363 11249 6361 11249 6361 11250 6363 11250 6360 11250 6363 11251 6364 11251 6360 11251 6360 11252 6364 11252 6359 11252 6364 11253 6365 11253 6359 11253 6359 11254 6365 11254 5317 11254 5321 11255 5320 11255 6366 11255 5320 11256 5319 11256 6366 11256 6366 11257 5319 11257 6367 11257 5319 11258 5318 11258 6367 11258 6367 11259 5318 11259 6368 11259 5318 11260 5317 11260 6368 11260 6368 11261 5317 11261 6365 11261 6365 11262 6369 11262 6368 11262 6369 11263 6370 11263 6368 11263 6368 11264 6370 11264 6367 11264 6370 11265 6371 11265 6367 11265 6367 11266 6371 11266 6366 11266 6371 11267 6372 11267 6366 11267 6366 11268 6372 11268 5321 11268 5325 11269 5324 11269 6373 11269 5324 11270 5323 11270 6373 11270 6373 11271 5323 11271 6374 11271 5323 11272 5322 11272 6374 11272 6374 11273 5322 11273 6375 11273 5322 11274 5321 11274 6375 11274 6375 11275 5321 11275 6372 11275 6372 11276 6376 11276 6375 11276 6376 11277 6377 11277 6375 11277 6375 11278 6377 11278 6374 11278 6377 11279 6378 11279 6374 11279 6374 11280 6378 11280 6373 11280 6378 11281 6379 11281 6373 11281 6373 11282 6379 11282 5325 11282 5329 11283 5328 11283 6380 11283 5328 11284 5327 11284 6380 11284 6380 11285 5327 11285 6381 11285 5327 11286 5326 11286 6381 11286 6381 11287 5326 11287 6382 11287 5326 11288 5325 11288 6382 11288 6382 11289 5325 11289 6379 11289 6379 11290 6383 11290 6382 11290 6383 11291 6384 11291 6382 11291 6382 11292 6384 11292 6381 11292 6384 11293 6385 11293 6381 11293 6381 11294 6385 11294 6380 11294 6385 11295 6386 11295 6380 11295 6380 11296 6386 11296 5329 11296 5333 11297 5332 11297 6387 11297 5332 11298 5331 11298 6387 11298 6387 11299 5331 11299 6388 11299 5331 11300 5330 11300 6388 11300 6388 11301 5330 11301 6389 11301 5330 11302 5329 11302 6389 11302 6389 11303 5329 11303 6386 11303 6386 11304 6390 11304 6389 11304 6390 11305 6391 11305 6389 11305 6389 11306 6391 11306 6388 11306 6391 11307 6392 11307 6388 11307 6388 11308 6392 11308 6387 11308 6392 11309 6393 11309 6387 11309 6387 11310 6393 11310 5333 11310 5337 11311 5336 11311 6394 11311 5336 11312 5335 11312 6394 11312 6394 11313 5335 11313 6395 11313 5335 11314 5334 11314 6395 11314 6395 11315 5334 11315 6396 11315 5334 11316 5333 11316 6396 11316 6396 11317 5333 11317 6393 11317 6393 11318 6397 11318 6396 11318 6397 11319 6398 11319 6396 11319 6396 11320 6398 11320 6395 11320 6398 11321 6399 11321 6395 11321 6395 11322 6399 11322 6394 11322 6399 11323 6400 11323 6394 11323 6394 11324 6400 11324 5337 11324 5341 11325 5340 11325 6401 11325 5340 11326 5339 11326 6401 11326 6401 11327 5339 11327 6402 11327 5339 11328 5338 11328 6402 11328 6402 11329 5338 11329 6403 11329 5338 11330 5337 11330 6403 11330 6403 11331 5337 11331 6400 11331 6400 11332 6404 11332 6403 11332 6404 11333 6405 11333 6403 11333 6403 11334 6405 11334 6402 11334 6405 11335 6406 11335 6402 11335 6402 11336 6406 11336 6401 11336 6406 11337 6407 11337 6401 11337 6401 11338 6407 11338 5341 11338 5345 11339 5344 11339 6408 11339 5344 11340 5343 11340 6408 11340 6408 11341 5343 11341 6409 11341 5343 11342 5342 11342 6409 11342 6409 11343 5342 11343 6410 11343 5342 11344 5341 11344 6410 11344 6410 11345 5341 11345 6407 11345 6407 11346 6411 11346 6410 11346 6411 11347 6412 11347 6410 11347 6410 11348 6412 11348 6409 11348 6412 11349 6413 11349 6409 11349 6409 11350 6413 11350 6408 11350 6413 11351 6414 11351 6408 11351 6408 11352 6414 11352 5345 11352 5349 11353 5348 11353 6415 11353 5348 11354 5347 11354 6415 11354 6415 11355 5347 11355 6416 11355 5347 11356 5346 11356 6416 11356 6416 11357 5346 11357 6417 11357 5346 11358 5345 11358 6417 11358 6417 11359 5345 11359 6414 11359 6414 11360 6418 11360 6417 11360 6418 11361 6419 11361 6417 11361 6417 11362 6419 11362 6416 11362 6419 11363 6420 11363 6416 11363 6416 11364 6420 11364 6415 11364 6420 11365 6421 11365 6415 11365 6415 11366 6421 11366 5349 11366 5353 11367 5352 11367 6422 11367 5352 11368 5351 11368 6422 11368 6422 11369 5351 11369 6423 11369 5351 11370 5350 11370 6423 11370 6423 11371 5350 11371 6424 11371 5350 11372 5349 11372 6424 11372 6424 11373 5349 11373 6421 11373 6421 11374 6425 11374 6424 11374 6425 11375 6426 11375 6424 11375 6424 11376 6426 11376 6423 11376 6426 11377 6427 11377 6423 11377 6423 11378 6427 11378 6422 11378 6427 11379 6428 11379 6422 11379 6422 11380 6428 11380 5353 11380 5358 11381 5357 11381 6429 11381 5357 11382 5356 11382 6429 11382 6429 11383 5356 11383 6430 11383 5356 11384 5355 11384 6430 11384 6430 11385 5355 11385 6431 11385 5355 11386 5353 11386 6431 11386 6431 11387 5353 11387 6428 11387 6428 11388 6432 11388 6431 11388 6432 11389 6433 11389 6431 11389 6431 11390 6433 11390 6430 11390 6433 11391 6434 11391 6430 11391 6430 11392 6434 11392 6429 11392 6434 11393 6435 11393 6429 11393 6429 11394 6435 11394 5358 11394 5366 11395 5365 11395 6436 11395 5365 11396 5364 11396 6436 11396 6436 11397 5364 11397 6437 11397 5364 11398 5363 11398 6437 11398 6437 11399 5363 11399 6438 11399 5363 11400 5358 11400 6438 11400 6438 11401 5358 11401 6435 11401 6435 11402 6439 11402 6438 11402 6439 11403 6440 11403 6438 11403 6438 11404 6440 11404 6437 11404 6440 11405 6441 11405 6437 11405 6437 11406 6441 11406 6436 11406 6441 11407 6442 11407 6436 11407 6436 11408 6442 11408 5366 11408 5370 11409 5369 11409 6443 11409 5369 11410 5368 11410 6443 11410 6443 11411 5368 11411 6444 11411 5368 11412 5367 11412 6444 11412 6444 11413 5367 11413 6445 11413 5367 11414 5366 11414 6445 11414 6445 11415 5366 11415 6442 11415 6442 11416 6446 11416 6445 11416 6446 11417 6447 11417 6445 11417 6445 11418 6447 11418 6444 11418 6447 11419 6448 11419 6444 11419 6444 11420 6448 11420 6443 11420 6448 11421 6449 11421 6443 11421 6443 11422 6449 11422 5370 11422 5378 11423 5377 11423 6450 11423 5377 11424 5376 11424 6450 11424 6450 11425 5376 11425 6451 11425 5376 11426 5375 11426 6451 11426 6451 11427 5375 11427 6452 11427 5375 11428 5370 11428 6452 11428 6452 11429 5370 11429 6449 11429 6449 11430 6453 11430 6452 11430 6453 11431 6454 11431 6452 11431 6452 11432 6454 11432 6451 11432 6454 11433 6455 11433 6451 11433 6451 11434 6455 11434 6450 11434 6455 11435 6456 11435 6450 11435 6450 11436 6456 11436 5378 11436 5386 11437 5385 11437 6457 11437 5385 11438 5384 11438 6457 11438 6457 11439 5384 11439 6458 11439 5384 11440 5383 11440 6458 11440 6458 11441 5383 11441 6459 11441 5383 11442 5378 11442 6459 11442 6459 11443 5378 11443 6456 11443 6456 11444 6460 11444 6459 11444 6460 11445 6461 11445 6459 11445 6459 11446 6461 11446 6458 11446 6461 11447 6462 11447 6458 11447 6458 11448 6462 11448 6457 11448 6462 11449 6463 11449 6457 11449 6457 11450 6463 11450 5386 11450 5390 11451 5389 11451 6464 11451 5389 11452 5388 11452 6464 11452 6464 11453 5388 11453 6465 11453 5388 11454 5387 11454 6465 11454 6465 11455 5387 11455 6466 11455 5387 11456 5386 11456 6466 11456 6466 11457 5386 11457 6463 11457 6463 11458 6467 11458 6466 11458 6467 11459 6468 11459 6466 11459 6466 11460 6468 11460 6465 11460 6468 11461 6469 11461 6465 11461 6465 11462 6469 11462 6464 11462 6469 11463 6470 11463 6464 11463 6464 11464 6470 11464 5390 11464 5398 11465 5397 11465 6471 11465 5397 11466 5396 11466 6471 11466 6471 11467 5396 11467 6472 11467 5396 11468 5395 11468 6472 11468 6472 11469 5395 11469 6473 11469 5395 11470 5390 11470 6473 11470 6473 11471 5390 11471 6470 11471 6470 11472 6474 11472 6473 11472 6474 11473 6475 11473 6473 11473 6473 11474 6475 11474 6472 11474 6475 11475 6476 11475 6472 11475 6472 11476 6476 11476 6471 11476 6476 11477 6477 11477 6471 11477 6471 11478 6477 11478 5398 11478 5406 11479 5405 11479 6478 11479 5405 11480 5404 11480 6478 11480 6478 11481 5404 11481 6479 11481 5404 11482 5403 11482 6479 11482 6479 11483 5403 11483 6480 11483 5403 11484 5398 11484 6480 11484 6480 11485 5398 11485 6477 11485 6477 11486 6481 11486 6480 11486 6481 11487 6482 11487 6480 11487 6480 11488 6482 11488 6479 11488 6482 11489 6483 11489 6479 11489 6479 11490 6483 11490 6478 11490 6483 11491 6484 11491 6478 11491 6478 11492 6484 11492 5406 11492 5410 11493 5409 11493 6485 11493 5409 11494 5408 11494 6485 11494 6485 11495 5408 11495 6486 11495 5408 11496 5407 11496 6486 11496 6486 11497 5407 11497 6487 11497 5407 11498 5406 11498 6487 11498 6487 11499 5406 11499 6484 11499 6484 11500 6488 11500 6487 11500 6488 11501 6489 11501 6487 11501 6487 11502 6489 11502 6486 11502 6489 11503 6490 11503 6486 11503 6486 11504 6490 11504 6485 11504 6490 11505 6491 11505 6485 11505 6485 11506 6491 11506 5410 11506 5418 11507 5417 11507 6492 11507 5417 11508 5416 11508 6492 11508 6492 11509 5416 11509 6493 11509 5416 11510 5415 11510 6493 11510 6493 11511 5415 11511 6494 11511 5415 11512 5410 11512 6494 11512 6494 11513 5410 11513 6491 11513 6491 11514 6495 11514 6494 11514 6495 11515 6496 11515 6494 11515 6494 11516 6496 11516 6493 11516 6496 11517 6497 11517 6493 11517 6493 11518 6497 11518 6492 11518 6497 11519 6498 11519 6492 11519 6492 11520 6498 11520 5418 11520 5422 11521 5421 11521 6499 11521 5421 11522 5420 11522 6499 11522 6499 11523 5420 11523 6500 11523 5420 11524 5419 11524 6500 11524 6500 11525 5419 11525 6501 11525 5419 11526 5418 11526 6501 11526 6501 11527 5418 11527 6498 11527 6498 11528 6502 11528 6501 11528 6502 11529 6503 11529 6501 11529 6501 11530 6503 11530 6500 11530 6503 11531 6504 11531 6500 11531 6500 11532 6504 11532 6499 11532 6504 11533 6505 11533 6499 11533 6499 11534 6505 11534 5422 11534 5430 11535 5429 11535 6506 11535 5429 11536 5428 11536 6506 11536 6506 11537 5428 11537 6507 11537 5428 11538 5427 11538 6507 11538 6507 11539 5427 11539 6508 11539 5427 11540 5422 11540 6508 11540 6508 11541 5422 11541 6505 11541 6505 11542 6509 11542 6508 11542 6509 11543 6510 11543 6508 11543 6508 11544 6510 11544 6507 11544 6510 11545 6511 11545 6507 11545 6507 11546 6511 11546 6506 11546 6511 11547 6512 11547 6506 11547 6506 11548 6512 11548 5430 11548 5438 11549 5437 11549 6513 11549 5437 11550 5436 11550 6513 11550 6513 11551 5436 11551 6514 11551 5436 11552 5435 11552 6514 11552 6514 11553 5435 11553 6515 11553 5435 11554 5430 11554 6515 11554 6515 11555 5430 11555 6512 11555 6512 11556 6516 11556 6515 11556 6516 11557 6517 11557 6515 11557 6515 11558 6517 11558 6514 11558 6517 11559 6518 11559 6514 11559 6514 11560 6518 11560 6513 11560 6518 11561 6519 11561 6513 11561 6513 11562 6519 11562 5438 11562 5442 11563 5441 11563 6520 11563 5441 11564 5440 11564 6520 11564 6520 11565 5440 11565 6521 11565 5440 11566 5439 11566 6521 11566 6521 11567 5439 11567 6522 11567 5439 11568 5438 11568 6522 11568 6522 11569 5438 11569 6519 11569 6519 11570 6523 11570 6522 11570 6523 11571 6524 11571 6522 11571 6522 11572 6524 11572 6521 11572 6524 11573 6525 11573 6521 11573 6521 11574 6525 11574 6520 11574 6525 11575 6526 11575 6520 11575 6520 11576 6526 11576 5442 11576 5450 11577 5449 11577 6527 11577 5449 11578 5448 11578 6527 11578 6527 11579 5448 11579 6528 11579 5448 11580 5447 11580 6528 11580 6528 11581 5447 11581 6529 11581 5447 11582 5442 11582 6529 11582 6529 11583 5442 11583 6526 11583 6526 11584 6530 11584 6529 11584 6530 11585 6531 11585 6529 11585 6529 11586 6531 11586 6528 11586 6531 11587 6532 11587 6528 11587 6528 11588 6532 11588 6527 11588 6532 11589 6533 11589 6527 11589 6527 11590 6533 11590 5450 11590 5454 11591 5453 11591 6534 11591 5453 11592 5452 11592 6534 11592 6534 11593 5452 11593 6535 11593 5452 11594 5451 11594 6535 11594 6535 11595 5451 11595 6536 11595 5451 11596 5450 11596 6536 11596 6536 11597 5450 11597 6533 11597 6533 11598 6537 11598 6536 11598 6537 11599 6538 11599 6536 11599 6536 11600 6538 11600 6535 11600 6538 11601 6539 11601 6535 11601 6535 11602 6539 11602 6534 11602 6539 11603 6540 11603 6534 11603 6534 11604 6540 11604 5454 11604 5462 11605 5461 11605 6541 11605 5461 11606 5460 11606 6541 11606 6541 11607 5460 11607 6542 11607 5460 11608 5459 11608 6542 11608 6542 11609 5459 11609 6543 11609 5459 11610 5454 11610 6543 11610 6543 11611 5454 11611 6540 11611 6540 11612 6544 11612 6543 11612 6544 11613 6545 11613 6543 11613 6543 11614 6545 11614 6542 11614 6545 11615 6546 11615 6542 11615 6542 11616 6546 11616 6541 11616 6546 11617 6547 11617 6541 11617 6541 11618 6547 11618 5462 11618 5466 11619 5465 11619 6548 11619 5465 11620 5464 11620 6548 11620 6548 11621 5464 11621 6549 11621 5464 11622 5463 11622 6549 11622 6549 11623 5463 11623 6550 11623 5463 11624 5462 11624 6550 11624 6550 11625 5462 11625 6547 11625 6547 11626 6551 11626 6550 11626 6551 11627 6552 11627 6550 11627 6550 11628 6552 11628 6549 11628 6552 11629 6553 11629 6549 11629 6549 11630 6553 11630 6548 11630 6553 11631 6554 11631 6548 11631 6548 11632 6554 11632 5466 11632 5470 11633 5469 11633 6555 11633 5469 11634 5468 11634 6555 11634 6555 11635 5468 11635 6556 11635 5468 11636 5467 11636 6556 11636 6556 11637 5467 11637 6557 11637 5467 11638 5466 11638 6557 11638 6557 11639 5466 11639 6554 11639 6554 11640 6558 11640 6557 11640 6558 11641 6559 11641 6557 11641 6557 11642 6559 11642 6556 11642 6559 11643 6560 11643 6556 11643 6556 11644 6560 11644 6555 11644 6560 11645 6561 11645 6555 11645 6555 11646 6561 11646 5470 11646 5474 11647 5473 11647 6562 11647 5473 11648 5472 11648 6562 11648 6562 11649 5472 11649 6563 11649 5472 11650 5471 11650 6563 11650 6563 11651 5471 11651 6564 11651 5471 11652 5470 11652 6564 11652 6564 11653 5470 11653 6561 11653 6561 11654 6565 11654 6564 11654 6565 11655 6566 11655 6564 11655 6564 11656 6566 11656 6563 11656 6566 11657 6567 11657 6563 11657 6563 11658 6567 11658 6562 11658 6567 11659 6568 11659 6562 11659 6562 11660 6568 11660 5474 11660 5478 11661 5477 11661 6569 11661 5477 11662 5476 11662 6569 11662 6569 11663 5476 11663 6570 11663 5476 11664 5475 11664 6570 11664 6570 11665 5475 11665 6571 11665 5475 11666 5474 11666 6571 11666 6571 11667 5474 11667 6568 11667 6568 11668 6572 11668 6571 11668 6572 11669 6573 11669 6571 11669 6571 11670 6573 11670 6570 11670 6573 11671 6574 11671 6570 11671 6570 11672 6574 11672 6569 11672 6574 11673 6575 11673 6569 11673 6569 11674 6575 11674 5478 11674 5482 11675 5481 11675 6576 11675 5481 11676 5480 11676 6576 11676 6576 11677 5480 11677 6577 11677 5480 11678 5479 11678 6577 11678 6577 11679 5479 11679 6578 11679 5479 11680 5478 11680 6578 11680 6578 11681 5478 11681 6575 11681 6575 11682 6579 11682 6578 11682 6579 11683 6580 11683 6578 11683 6578 11684 6580 11684 6577 11684 6580 11685 6581 11685 6577 11685 6577 11686 6581 11686 6576 11686 6581 11687 6172 11687 6576 11687 6576 11688 6172 11688 5482 11688 5059 11689 5559 11689 6582 11689 5059 11690 6582 11690 6583 11690 5059 11691 6583 11691 6584 11691 5059 11692 6584 11692 6585 11692 5559 11693 5059 11693 5058 11693 5559 11694 5058 11694 5057 11694 5559 11695 5057 11695 5056 11695 5559 11696 5056 11696 5048 11696 5048 11697 6586 11697 6587 11697 5048 11698 6587 11698 6588 11698 5048 11699 6588 11699 6589 11699 5048 11700 6589 11700 5559 11700 6586 11701 5048 11701 5047 11701 6586 11702 5047 11702 5046 11702 6586 11703 5046 11703 5045 11703 6586 11704 5045 11704 5037 11704 5037 11705 6590 11705 6591 11705 5037 11706 6591 11706 6592 11706 5037 11707 6592 11707 6593 11707 5037 11708 6593 11708 6586 11708 6590 11709 5037 11709 5036 11709 6590 11710 5036 11710 5035 11710 6590 11711 5035 11711 5034 11711 6590 11712 5034 11712 5026 11712 5026 11713 6594 11713 6595 11713 5026 11714 6595 11714 6596 11714 5026 11715 6596 11715 6597 11715 5026 11716 6597 11716 6590 11716 6594 11717 5026 11717 6533 11717 6594 11718 6533 11718 6532 11718 6594 11719 6532 11719 6531 11719 6594 11720 6531 11720 6530 11720 6594 11721 6530 11721 6526 11721 6585 11722 5070 11722 5069 11722 6585 11723 5069 11723 5068 11723 6585 11724 5068 11724 5067 11724 6585 11725 5067 11725 5059 11725 5070 11726 6585 11726 6598 11726 5070 11727 6598 11727 6599 11727 5070 11728 6599 11728 6600 11728 5070 11729 6600 11729 6601 11729 6601 11730 5081 11730 5080 11730 6601 11731 5080 11731 5079 11731 6601 11732 5079 11732 5078 11732 6601 11733 5078 11733 5070 11733 5081 11734 6601 11734 6602 11734 5081 11735 6602 11735 6603 11735 5081 11736 6603 11736 6604 11736 5081 11737 6604 11737 6605 11737 6605 11738 5092 11738 5091 11738 6605 11739 5091 11739 5090 11739 6605 11740 5090 11740 5089 11740 6605 11741 5089 11741 5081 11741 5092 11742 6605 11742 6232 11742 5092 11743 6232 11743 6231 11743 5092 11744 6231 11744 6230 11744 5092 11745 6230 11745 6229 11745 5092 11746 6229 11746 6225 11746 6605 11747 6239 11747 6238 11747 6605 11748 6238 11748 6237 11748 6605 11749 6237 11749 6236 11749 6605 11750 6236 11750 6232 11750 6239 11751 6605 11751 6606 11751 6239 11752 6606 11752 6607 11752 6239 11753 6607 11753 6608 11753 6239 11754 6608 11754 6609 11754 6609 11755 6246 11755 6245 11755 6609 11756 6245 11756 6244 11756 6609 11757 6244 11757 6243 11757 6609 11758 6243 11758 6239 11758 6609 11759 6253 11759 6252 11759 6609 11760 6252 11760 6251 11760 6609 11761 6251 11761 6250 11761 6609 11762 6250 11762 6246 11762 6609 11763 6260 11763 6259 11763 6609 11764 6259 11764 6258 11764 6609 11765 6258 11765 6257 11765 6609 11766 6257 11766 6253 11766 6260 11767 6609 11767 6610 11767 6260 11768 6610 11768 6611 11768 6260 11769 6611 11769 6612 11769 6260 11770 6612 11770 6613 11770 6613 11771 6267 11771 6266 11771 6613 11772 6266 11772 6265 11772 6613 11773 6265 11773 6264 11773 6613 11774 6264 11774 6260 11774 6613 11775 6274 11775 6273 11775 6613 11776 6273 11776 6272 11776 6613 11777 6272 11777 6271 11777 6613 11778 6271 11778 6267 11778 6613 11779 6281 11779 6280 11779 6613 11780 6280 11780 6279 11780 6613 11781 6279 11781 6278 11781 6613 11782 6278 11782 6274 11782 6281 11783 6613 11783 6614 11783 6281 11784 6614 11784 5631 11784 6281 11785 5631 11785 6615 11785 6281 11786 6615 11786 6616 11786 6616 11787 6288 11787 6287 11787 6616 11788 6287 11788 6286 11788 6616 11789 6286 11789 6285 11789 6616 11790 6285 11790 6281 11790 6616 11791 6295 11791 6294 11791 6616 11792 6294 11792 6293 11792 6616 11793 6293 11793 6292 11793 6616 11794 6292 11794 6288 11794 6295 11795 6616 11795 6617 11795 6295 11796 6617 11796 6618 11796 6295 11797 6618 11797 6619 11797 6295 11798 6619 11798 6620 11798 6620 11799 6302 11799 6301 11799 6620 11800 6301 11800 6300 11800 6620 11801 6300 11801 6299 11801 6620 11802 6299 11802 6295 11802 6620 11803 6309 11803 6308 11803 6620 11804 6308 11804 6307 11804 6620 11805 6307 11805 6306 11805 6620 11806 6306 11806 6302 11806 6620 11807 6316 11807 6315 11807 6620 11808 6315 11808 6314 11808 6620 11809 6314 11809 6313 11809 6620 11810 6313 11810 6309 11810 6316 11811 6620 11811 6621 11811 6316 11812 6621 11812 6622 11812 6316 11813 6622 11813 6623 11813 6316 11814 6623 11814 6624 11814 6624 11815 6323 11815 6322 11815 6624 11816 6322 11816 6321 11816 6624 11817 6321 11817 6320 11817 6624 11818 6320 11818 6316 11818 6323 11819 6624 11819 4905 11819 4905 11820 6330 11820 6329 11820 4905 11821 6329 11821 6328 11821 4905 11822 6328 11822 6327 11822 4905 11823 6327 11823 6323 11823 6330 11824 4905 11824 4904 11824 6330 11825 4904 11825 4903 11825 6330 11826 4903 11826 4902 11826 6330 11827 4902 11827 4894 11827 4894 11828 6337 11828 6336 11828 4894 11829 6336 11829 6335 11829 4894 11830 6335 11830 6334 11830 4894 11831 6334 11831 6330 11831 4894 11832 6344 11832 6343 11832 4894 11833 6343 11833 6342 11833 4894 11834 6342 11834 6341 11834 4894 11835 6341 11835 6337 11835 6344 11836 4894 11836 4893 11836 6344 11837 4893 11837 4892 11837 6344 11838 4892 11838 4891 11838 6344 11839 4891 11839 4883 11839 4883 11840 6351 11840 6350 11840 4883 11841 6350 11841 6349 11841 4883 11842 6349 11842 6348 11842 4883 11843 6348 11843 6344 11843 6351 11844 4883 11844 4882 11844 6351 11845 4882 11845 4881 11845 6351 11846 4881 11846 4880 11846 6351 11847 4880 11847 4872 11847 4872 11848 6358 11848 6357 11848 4872 11849 6357 11849 6356 11849 4872 11850 6356 11850 6355 11850 4872 11851 6355 11851 6351 11851 6358 11852 4872 11852 4871 11852 6358 11853 4871 11853 4870 11853 6358 11854 4870 11854 4869 11854 6358 11855 4869 11855 4861 11855 4861 11856 6365 11856 6364 11856 4861 11857 6364 11857 6363 11857 4861 11858 6363 11858 6362 11858 4861 11859 6362 11859 6358 11859 6365 11860 4861 11860 4860 11860 6365 11861 4860 11861 4859 11861 6365 11862 4859 11862 4858 11862 6365 11863 4858 11863 4850 11863 4850 11864 6372 11864 6371 11864 4850 11865 6371 11865 6370 11865 4850 11866 6370 11866 6369 11866 4850 11867 6369 11867 6365 11867 6372 11868 4850 11868 4849 11868 6372 11869 4849 11869 4848 11869 6372 11870 4848 11870 4847 11870 6372 11871 4847 11871 4839 11871 4839 11872 6379 11872 6378 11872 4839 11873 6378 11873 6377 11873 4839 11874 6377 11874 6376 11874 4839 11875 6376 11875 6372 11875 6379 11876 4839 11876 4838 11876 6379 11877 4838 11877 4837 11877 6379 11878 4837 11878 4836 11878 6379 11879 4836 11879 4828 11879 6379 11880 4828 11880 4827 11880 6379 11881 4827 11881 4826 11881 6379 11882 4826 11882 4825 11882 6379 11883 4825 11883 4817 11883 4905 11884 6624 11884 6625 11884 4905 11885 6625 11885 6626 11885 4905 11886 6626 11886 6627 11886 4905 11887 6627 11887 6628 11887 6628 11888 4916 11888 4915 11888 6628 11889 4915 11889 4914 11889 6628 11890 4914 11890 4913 11890 6628 11891 4913 11891 4905 11891 4916 11892 6628 11892 6629 11892 4916 11893 6629 11893 6630 11893 4916 11894 6630 11894 6631 11894 4916 11895 6631 11895 6632 11895 6632 11896 4692 11896 4925 11896 6632 11897 4925 11897 4924 11897 6632 11898 4924 11898 4923 11898 6632 11899 4923 11899 4916 11899 4692 11900 6632 11900 6633 11900 4692 11901 6633 11901 6634 11901 4692 11902 6634 11902 6635 11902 4692 11903 6635 11903 5687 11903 5687 11904 4696 11904 4695 11904 5687 11905 4695 11905 4694 11905 5687 11906 4694 11906 4693 11906 5687 11907 4693 11907 4692 11907 4696 11908 5687 11908 6636 11908 4696 11909 6636 11909 6637 11909 4696 11910 6637 11910 6638 11910 4696 11911 6638 11911 6639 11911 6639 11912 4707 11912 4706 11912 6639 11913 4706 11913 4705 11913 6639 11914 4705 11914 4704 11914 6639 11915 4704 11915 4696 11915 4707 11916 6639 11916 6640 11916 4707 11917 6640 11917 6641 11917 4707 11918 6641 11918 6642 11918 4707 11919 6642 11919 6643 11919 6643 11920 4718 11920 4717 11920 6643 11921 4717 11921 4716 11921 6643 11922 4716 11922 4715 11922 6643 11923 4715 11923 4707 11923 4718 11924 6643 11924 6644 11924 4718 11925 6644 11925 6645 11925 4718 11926 6645 11926 6646 11926 4718 11927 6646 11927 6647 11927 6647 11928 4729 11928 4728 11928 6647 11929 4728 11929 4727 11929 6647 11930 4727 11930 4726 11930 6647 11931 4726 11931 4718 11931 4729 11932 6647 11932 6442 11932 4729 11933 6442 11933 6441 11933 4729 11934 6441 11934 6440 11934 4729 11935 6440 11935 6439 11935 4729 11936 6439 11936 6435 11936 6647 11937 6449 11937 6448 11937 6647 11938 6448 11938 6447 11938 6647 11939 6447 11939 6446 11939 6647 11940 6446 11940 6442 11940 6449 11941 6647 11941 6648 11941 6449 11942 6648 11942 6649 11942 6449 11943 6649 11943 6650 11943 6449 11944 6650 11944 6651 11944 6651 11945 6456 11945 6455 11945 6651 11946 6455 11946 6454 11946 6651 11947 6454 11947 6453 11947 6651 11948 6453 11948 6449 11948 6651 11949 6463 11949 6462 11949 6651 11950 6462 11950 6461 11950 6651 11951 6461 11951 6460 11951 6651 11952 6460 11952 6456 11952 6651 11953 6470 11953 6469 11953 6651 11954 6469 11954 6468 11954 6651 11955 6468 11955 6467 11955 6651 11956 6467 11956 6463 11956 6470 11957 6651 11957 6652 11957 6470 11958 6652 11958 6653 11958 6470 11959 6653 11959 6654 11959 6470 11960 6654 11960 6655 11960 6655 11961 6477 11961 6476 11961 6655 11962 6476 11962 6475 11962 6655 11963 6475 11963 6474 11963 6655 11964 6474 11964 6470 11964 6655 11965 6484 11965 6483 11965 6655 11966 6483 11966 6482 11966 6655 11967 6482 11967 6481 11967 6655 11968 6481 11968 6477 11968 6484 11969 6655 11969 6656 11969 6484 11970 6656 11970 5761 11970 6484 11971 5761 11971 6657 11971 6484 11972 6657 11972 6658 11972 6658 11973 6491 11973 6490 11973 6658 11974 6490 11974 6489 11974 6658 11975 6489 11975 6488 11975 6658 11976 6488 11976 6484 11976 6658 11977 6498 11977 6497 11977 6658 11978 6497 11978 6496 11978 6658 11979 6496 11979 6495 11979 6658 11980 6495 11980 6491 11980 6658 11981 6505 11981 6504 11981 6658 11982 6504 11982 6503 11982 6658 11983 6503 11983 6502 11983 6658 11984 6502 11984 6498 11984 6505 11985 6658 11985 6659 11985 6505 11986 6659 11986 6660 11986 6505 11987 6660 11987 6661 11987 6505 11988 6661 11988 6662 11988 6662 11989 6512 11989 6511 11989 6662 11990 6511 11990 6510 11990 6662 11991 6510 11991 6509 11991 6662 11992 6509 11992 6505 11992 6662 11993 6519 11993 6518 11993 6662 11994 6518 11994 6517 11994 6662 11995 6517 11995 6516 11995 6662 11996 6516 11996 6512 11996 6662 11997 6526 11997 6525 11997 6662 11998 6525 11998 6524 11998 6662 11999 6524 11999 6523 11999 6662 12000 6523 12000 6519 12000 6526 12001 6662 12001 6663 12001 6526 12002 6663 12002 6664 12002 6526 12003 6664 12003 6665 12003 6526 12004 6665 12004 6594 12004 4817 12005 6386 12005 6385 12005 4817 12006 6385 12006 6384 12006 4817 12007 6384 12007 6383 12007 4817 12008 6383 12008 6379 12008 6386 12009 4817 12009 4816 12009 6386 12010 4816 12010 4815 12010 6386 12011 4815 12011 4814 12011 6386 12012 4814 12012 4806 12012 6386 12013 4806 12013 4805 12013 6386 12014 4805 12014 4804 12014 6386 12015 4804 12015 4803 12015 6386 12016 4803 12016 4795 12016 4795 12017 6393 12017 6392 12017 4795 12018 6392 12018 6391 12018 4795 12019 6391 12019 6390 12019 4795 12020 6390 12020 6386 12020 6393 12021 4795 12021 4794 12021 6393 12022 4794 12022 4793 12022 6393 12023 4793 12023 4792 12023 6393 12024 4792 12024 4784 12024 4784 12025 6400 12025 6399 12025 4784 12026 6399 12026 6398 12026 4784 12027 6398 12027 6397 12027 4784 12028 6397 12028 6393 12028 6400 12029 4784 12029 4783 12029 6400 12030 4783 12030 4782 12030 6400 12031 4782 12031 4781 12031 6400 12032 4781 12032 4773 12032 4773 12033 6407 12033 6406 12033 4773 12034 6406 12034 6405 12034 4773 12035 6405 12035 6404 12035 4773 12036 6404 12036 6400 12036 6407 12037 4773 12037 4772 12037 6407 12038 4772 12038 4771 12038 6407 12039 4771 12039 4770 12039 6407 12040 4770 12040 4762 12040 4762 12041 6414 12041 6413 12041 4762 12042 6413 12042 6412 12042 4762 12043 6412 12043 6411 12043 4762 12044 6411 12044 6407 12044 6414 12045 4762 12045 4761 12045 6414 12046 4761 12046 4760 12046 6414 12047 4760 12047 4759 12047 6414 12048 4759 12048 4751 12048 4751 12049 6421 12049 6420 12049 4751 12050 6420 12050 6419 12050 4751 12051 6419 12051 6418 12051 4751 12052 6418 12052 6414 12052 6421 12053 4751 12053 4750 12053 6421 12054 4750 12054 4749 12054 6421 12055 4749 12055 4748 12055 6421 12056 4748 12056 4740 12056 4740 12057 6428 12057 6427 12057 4740 12058 6427 12058 6426 12058 4740 12059 6426 12059 6425 12059 4740 12060 6425 12060 6421 12060 4740 12061 6435 12061 6434 12061 4740 12062 6434 12062 6433 12062 4740 12063 6433 12063 6432 12063 4740 12064 6432 12064 6428 12064 6435 12065 4740 12065 4739 12065 6435 12066 4739 12066 4738 12066 6435 12067 4738 12067 4737 12067 6435 12068 4737 12068 4729 12068 6176 12069 4949 12069 4948 12069 6176 12070 4948 12070 4947 12070 6176 12071 4947 12071 4946 12071 6176 12072 4946 12072 4938 12072 6176 12073 4938 12073 4937 12073 6176 12074 4937 12074 4936 12074 6176 12075 4936 12075 4935 12075 6176 12076 4935 12076 4934 12076 4934 12077 6183 12077 6182 12077 4934 12078 6182 12078 6181 12078 4934 12079 6181 12079 6180 12079 4934 12080 6180 12080 6176 12080 6183 12081 4934 12081 5167 12081 6183 12082 5167 12082 5166 12082 6183 12083 5166 12083 5165 12083 6183 12084 5165 12084 5158 12084 5158 12085 6190 12085 6189 12085 5158 12086 6189 12086 6188 12086 5158 12087 6188 12087 6187 12087 5158 12088 6187 12088 6183 12088 6190 12089 5158 12089 5157 12089 6190 12090 5157 12090 5156 12090 6190 12091 5156 12091 5155 12091 6190 12092 5155 12092 5147 12092 6190 12093 5147 12093 5146 12093 6190 12094 5146 12094 5145 12094 6190 12095 5145 12095 5144 12095 6190 12096 5144 12096 5136 12096 5136 12097 6197 12097 6196 12097 5136 12098 6196 12098 6195 12098 5136 12099 6195 12099 6194 12099 5136 12100 6194 12100 6190 12100 6197 12101 5136 12101 5135 12101 6197 12102 5135 12102 5134 12102 6197 12103 5134 12103 5133 12103 6197 12104 5133 12104 5125 12104 5125 12105 6204 12105 6203 12105 5125 12106 6203 12106 6202 12106 5125 12107 6202 12107 6201 12107 5125 12108 6201 12108 6197 12108 6204 12109 5125 12109 5124 12109 6204 12110 5124 12110 5123 12110 6204 12111 5123 12111 5122 12111 6204 12112 5122 12112 5114 12112 5114 12113 6211 12113 6210 12113 5114 12114 6210 12114 6209 12114 5114 12115 6209 12115 6208 12115 5114 12116 6208 12116 6204 12116 6211 12117 5114 12117 5113 12117 6211 12118 5113 12118 5112 12118 6211 12119 5112 12119 5111 12119 6211 12120 5111 12120 5103 12120 5103 12121 6218 12121 6217 12121 5103 12122 6217 12122 6216 12122 5103 12123 6216 12123 6215 12123 5103 12124 6215 12124 6211 12124 5103 12125 6225 12125 6224 12125 5103 12126 6224 12126 6223 12126 5103 12127 6223 12127 6222 12127 5103 12128 6222 12128 6218 12128 6225 12129 5103 12129 5102 12129 6225 12130 5102 12130 5101 12130 6225 12131 5101 12131 5100 12131 6225 12132 5100 12132 5092 12132 5026 12133 6540 12133 6539 12133 5026 12134 6539 12134 6538 12134 5026 12135 6538 12135 6537 12135 5026 12136 6537 12136 6533 12136 6540 12137 5026 12137 5025 12137 6540 12138 5025 12138 5024 12138 6540 12139 5024 12139 5023 12139 6540 12140 5023 12140 5015 12140 5015 12141 6547 12141 6546 12141 5015 12142 6546 12142 6545 12142 5015 12143 6545 12143 6544 12143 5015 12144 6544 12144 6540 12144 5015 12145 6554 12145 6553 12145 5015 12146 6553 12146 6552 12146 5015 12147 6552 12147 6551 12147 5015 12148 6551 12148 6547 12148 6554 12149 5015 12149 5014 12149 6554 12150 5014 12150 5013 12150 6554 12151 5013 12151 5012 12151 6554 12152 5012 12152 5004 12152 5004 12153 6561 12153 6560 12153 5004 12154 6560 12154 6559 12154 5004 12155 6559 12155 6558 12155 5004 12156 6558 12156 6554 12156 6561 12157 5004 12157 5003 12157 6561 12158 5003 12158 5002 12158 6561 12159 5002 12159 5001 12159 6561 12160 5001 12160 4993 12160 4993 12161 6568 12161 6567 12161 4993 12162 6567 12162 6566 12162 4993 12163 6566 12163 6565 12163 4993 12164 6565 12164 6561 12164 6568 12165 4993 12165 4992 12165 6568 12166 4992 12166 4991 12166 6568 12167 4991 12167 4990 12167 6568 12168 4990 12168 4982 12168 4982 12169 6575 12169 6574 12169 4982 12170 6574 12170 6573 12170 4982 12171 6573 12171 6572 12171 4982 12172 6572 12172 6568 12172 6575 12173 4982 12173 4981 12173 6575 12174 4981 12174 4980 12174 6575 12175 4980 12175 4979 12175 6575 12176 4979 12176 4971 12176 6575 12177 4971 12177 4970 12177 6575 12178 4970 12178 4969 12178 6575 12179 4969 12179 4968 12179 6575 12180 4968 12180 4960 12180 4960 12181 6172 12181 6581 12181 4960 12182 6581 12182 6580 12182 4960 12183 6580 12183 6579 12183 4960 12184 6579 12184 6575 12184 6172 12185 4960 12185 4959 12185 6172 12186 4959 12186 4958 12186 6172 12187 4958 12187 4957 12187 6172 12188 4957 12188 4949 12188 4949 12189 6176 12189 6175 12189 4949 12190 6175 12190 6174 12190 4949 12191 6174 12191 6173 12191 4949 12192 6173 12192 6172 12192 5817 12193 5816 12193 6666 12193 5816 12194 5815 12194 6666 12194 6666 12195 5815 12195 6667 12195 5815 12196 5814 12196 6667 12196 6667 12197 5814 12197 6668 12197 5814 12198 5808 12198 6668 12198 6668 12199 5808 12199 5391 12199 5391 12200 5402 12200 6668 12200 5402 12201 5401 12201 6668 12201 6668 12202 5401 12202 6667 12202 5401 12203 5400 12203 6667 12203 6667 12204 5400 12204 6666 12204 5400 12205 5399 12205 6666 12205 6666 12206 5399 12206 5817 12206 5821 12207 5820 12207 6669 12207 5820 12208 5819 12208 6669 12208 6669 12209 5819 12209 6670 12209 5819 12210 5818 12210 6670 12210 6670 12211 5818 12211 6671 12211 5818 12212 5817 12212 6671 12212 6671 12213 5817 12213 5399 12213 5399 12214 5414 12214 6671 12214 5414 12215 5413 12215 6671 12215 6671 12216 5413 12216 6670 12216 5413 12217 5412 12217 6670 12217 6670 12218 5412 12218 6669 12218 5412 12219 5411 12219 6669 12219 6669 12220 5411 12220 5821 12220 6062 12221 6072 12221 6672 12221 6072 12222 6071 12222 6672 12222 6672 12223 6071 12223 6673 12223 6071 12224 6070 12224 6673 12224 6673 12225 6070 12225 6674 12225 6070 12226 5821 12226 6674 12226 6674 12227 5821 12227 5411 12227 5411 12228 5426 12228 6674 12228 5426 12229 5425 12229 6674 12229 6674 12230 5425 12230 6673 12230 5425 12231 5424 12231 6673 12231 6673 12232 5424 12232 6672 12232 5424 12233 5423 12233 6672 12233 6672 12234 5423 12234 6062 12234 6054 12235 6065 12235 6675 12235 6065 12236 6064 12236 6675 12236 6675 12237 6064 12237 6676 12237 6064 12238 6063 12238 6676 12238 6676 12239 6063 12239 6677 12239 6063 12240 6062 12240 6677 12240 6677 12241 6062 12241 5423 12241 5423 12242 5434 12242 6677 12242 5434 12243 5433 12243 6677 12243 6677 12244 5433 12244 6676 12244 5433 12245 5432 12245 6676 12245 6676 12246 5432 12246 6675 12246 5432 12247 5431 12247 6675 12247 6675 12248 5431 12248 6054 12248 6046 12249 6057 12249 6678 12249 6057 12250 6056 12250 6678 12250 6678 12251 6056 12251 6679 12251 6056 12252 6055 12252 6679 12252 6679 12253 6055 12253 6680 12253 6055 12254 6054 12254 6680 12254 6680 12255 6054 12255 5431 12255 5431 12256 5446 12256 6680 12256 5446 12257 5445 12257 6680 12257 6680 12258 5445 12258 6679 12258 5445 12259 5444 12259 6679 12259 6679 12260 5444 12260 6678 12260 5444 12261 5443 12261 6678 12261 6678 12262 5443 12262 6046 12262 6038 12263 6049 12263 6681 12263 6049 12264 6048 12264 6681 12264 6681 12265 6048 12265 6682 12265 6048 12266 6047 12266 6682 12266 6682 12267 6047 12267 6683 12267 6047 12268 6046 12268 6683 12268 6683 12269 6046 12269 5443 12269 5443 12270 5458 12270 6683 12270 5458 12271 5457 12271 6683 12271 6683 12272 5457 12272 6682 12272 5457 12273 5456 12273 6682 12273 6682 12274 5456 12274 6681 12274 5456 12275 5455 12275 6681 12275 6681 12276 5455 12276 6038 12276 6030 12277 6041 12277 6684 12277 6041 12278 6040 12278 6684 12278 6684 12279 6040 12279 6685 12279 6040 12280 6039 12280 6685 12280 6685 12281 6039 12281 6686 12281 6039 12282 6038 12282 6686 12282 6686 12283 6038 12283 5455 12283 5455 12284 5489 12284 6686 12284 5489 12285 5488 12285 6686 12285 6686 12286 5488 12286 6685 12286 5488 12287 5487 12287 6685 12287 6685 12288 5487 12288 6684 12288 5487 12289 5486 12289 6684 12289 6684 12290 5486 12290 6030 12290 6026 12291 6033 12291 6687 12291 6033 12292 6032 12292 6687 12292 6687 12293 6032 12293 6688 12293 6032 12294 6031 12294 6688 12294 6688 12295 6031 12295 6689 12295 6031 12296 6030 12296 6689 12296 6689 12297 6030 12297 5486 12297 5486 12298 5493 12298 6689 12298 5493 12299 5492 12299 6689 12299 6689 12300 5492 12300 6688 12300 5492 12301 5491 12301 6688 12301 6688 12302 5491 12302 6687 12302 5491 12303 5490 12303 6687 12303 6687 12304 5490 12304 6026 12304 6018 12305 6029 12305 6690 12305 6029 12306 6028 12306 6690 12306 6690 12307 6028 12307 6691 12307 6028 12308 6027 12308 6691 12308 6691 12309 6027 12309 6692 12309 6027 12310 6026 12310 6692 12310 6692 12311 6026 12311 5490 12311 5490 12312 5497 12312 6692 12312 5497 12313 5496 12313 6692 12313 6692 12314 5496 12314 6691 12314 5496 12315 5495 12315 6691 12315 6691 12316 5495 12316 6690 12316 5495 12317 5494 12317 6690 12317 6690 12318 5494 12318 6018 12318 6010 12319 6021 12319 6693 12319 6021 12320 6020 12320 6693 12320 6693 12321 6020 12321 6694 12321 6020 12322 6019 12322 6694 12322 6694 12323 6019 12323 6695 12323 6019 12324 6018 12324 6695 12324 6695 12325 6018 12325 5494 12325 5494 12326 5501 12326 6695 12326 5501 12327 5500 12327 6695 12327 6695 12328 5500 12328 6694 12328 5500 12329 5499 12329 6694 12329 6694 12330 5499 12330 6693 12330 5499 12331 5498 12331 6693 12331 6693 12332 5498 12332 6010 12332 6002 12333 6013 12333 6696 12333 6013 12334 6012 12334 6696 12334 6696 12335 6012 12335 6697 12335 6012 12336 6011 12336 6697 12336 6697 12337 6011 12337 6698 12337 6011 12338 6010 12338 6698 12338 6698 12339 6010 12339 5498 12339 5498 12340 5505 12340 6698 12340 5505 12341 5504 12341 6698 12341 6698 12342 5504 12342 6697 12342 5504 12343 5503 12343 6697 12343 6697 12344 5503 12344 6696 12344 5503 12345 5502 12345 6696 12345 6696 12346 5502 12346 6002 12346 5994 12347 6005 12347 6699 12347 6005 12348 6004 12348 6699 12348 6699 12349 6004 12349 6700 12349 6004 12350 6003 12350 6700 12350 6700 12351 6003 12351 6701 12351 6003 12352 6002 12352 6701 12352 6701 12353 6002 12353 5502 12353 5502 12354 5509 12354 6701 12354 5509 12355 5508 12355 6701 12355 6701 12356 5508 12356 6700 12356 5508 12357 5507 12357 6700 12357 6700 12358 5507 12358 6699 12358 5507 12359 5506 12359 6699 12359 6699 12360 5506 12360 5994 12360 5986 12361 5997 12361 6702 12361 5997 12362 5996 12362 6702 12362 6702 12363 5996 12363 6703 12363 5996 12364 5995 12364 6703 12364 6703 12365 5995 12365 6704 12365 5995 12366 5994 12366 6704 12366 6704 12367 5994 12367 5506 12367 5506 12368 5513 12368 6704 12368 5513 12369 5512 12369 6704 12369 6704 12370 5512 12370 6703 12370 5512 12371 5511 12371 6703 12371 6703 12372 5511 12372 6702 12372 5511 12373 5510 12373 6702 12373 6702 12374 5510 12374 5986 12374 5978 12375 5989 12375 6705 12375 5989 12376 5988 12376 6705 12376 6705 12377 5988 12377 6706 12377 5988 12378 5987 12378 6706 12378 6706 12379 5987 12379 6707 12379 5987 12380 5986 12380 6707 12380 6707 12381 5986 12381 5510 12381 5510 12382 5516 12382 6707 12382 5516 12383 5515 12383 6707 12383 6707 12384 5515 12384 6706 12384 5515 12385 5514 12385 6706 12385 6706 12386 5514 12386 6705 12386 5514 12387 5193 12387 6705 12387 6705 12388 5193 12388 5978 12388 5974 12389 5981 12389 6708 12389 5981 12390 5980 12390 6708 12390 6708 12391 5980 12391 6709 12391 5980 12392 5979 12392 6709 12392 6709 12393 5979 12393 6710 12393 5979 12394 5978 12394 6710 12394 6710 12395 5978 12395 5193 12395 5193 12396 5201 12396 6710 12396 5201 12397 5200 12397 6710 12397 6710 12398 5200 12398 6709 12398 5200 12399 5199 12399 6709 12399 6709 12400 5199 12400 6708 12400 5199 12401 5198 12401 6708 12401 6708 12402 5198 12402 5974 12402 5966 12403 5977 12403 6711 12403 5977 12404 5976 12404 6711 12404 6711 12405 5976 12405 6712 12405 5976 12406 5975 12406 6712 12406 6712 12407 5975 12407 6713 12407 5975 12408 5974 12408 6713 12408 6713 12409 5974 12409 5198 12409 5198 12410 5213 12410 6713 12410 5213 12411 5212 12411 6713 12411 6713 12412 5212 12412 6712 12412 5212 12413 5211 12413 6712 12413 6712 12414 5211 12414 6711 12414 5211 12415 5210 12415 6711 12415 6711 12416 5210 12416 5966 12416 5958 12417 5969 12417 6714 12417 5969 12418 5968 12418 6714 12418 6714 12419 5968 12419 6715 12419 5968 12420 5967 12420 6715 12420 6715 12421 5967 12421 6716 12421 5967 12422 5966 12422 6716 12422 6716 12423 5966 12423 5210 12423 5210 12424 5225 12424 6716 12424 5225 12425 5224 12425 6716 12425 6716 12426 5224 12426 6715 12426 5224 12427 5223 12427 6715 12427 6715 12428 5223 12428 6714 12428 5223 12429 5222 12429 6714 12429 6714 12430 5222 12430 5958 12430 5950 12431 5961 12431 6717 12431 5961 12432 5960 12432 6717 12432 6717 12433 5960 12433 6718 12433 5960 12434 5959 12434 6718 12434 6718 12435 5959 12435 6719 12435 5959 12436 5958 12436 6719 12436 6719 12437 5958 12437 5222 12437 5222 12438 5233 12438 6719 12438 5233 12439 5232 12439 6719 12439 6719 12440 5232 12440 6718 12440 5232 12441 5231 12441 6718 12441 6718 12442 5231 12442 6717 12442 5231 12443 5230 12443 6717 12443 6717 12444 5230 12444 5950 12444 5942 12445 5953 12445 6720 12445 5953 12446 5952 12446 6720 12446 6720 12447 5952 12447 6721 12447 5952 12448 5951 12448 6721 12448 6721 12449 5951 12449 6722 12449 5951 12450 5950 12450 6722 12450 6722 12451 5950 12451 5230 12451 5230 12452 5245 12452 6722 12452 5245 12453 5244 12453 6722 12453 6722 12454 5244 12454 6721 12454 5244 12455 5243 12455 6721 12455 6721 12456 5243 12456 6720 12456 5243 12457 5242 12457 6720 12457 6720 12458 5242 12458 5942 12458 5934 12459 5945 12459 6723 12459 5945 12460 5944 12460 6723 12460 6723 12461 5944 12461 6724 12461 5944 12462 5943 12462 6724 12462 6724 12463 5943 12463 6725 12463 5943 12464 5942 12464 6725 12464 6725 12465 5942 12465 5242 12465 5242 12466 5257 12466 6725 12466 5257 12467 5256 12467 6725 12467 6725 12468 5256 12468 6724 12468 5256 12469 5255 12469 6724 12469 6724 12470 5255 12470 6723 12470 5255 12471 5254 12471 6723 12471 6723 12472 5254 12472 5934 12472 5926 12473 5937 12473 6726 12473 5937 12474 5936 12474 6726 12474 6726 12475 5936 12475 6727 12475 5936 12476 5935 12476 6727 12476 6727 12477 5935 12477 6728 12477 5935 12478 5934 12478 6728 12478 6728 12479 5934 12479 5254 12479 5254 12480 5265 12480 6728 12480 5265 12481 5264 12481 6728 12481 6728 12482 5264 12482 6727 12482 5264 12483 5263 12483 6727 12483 6727 12484 5263 12484 6726 12484 5263 12485 5262 12485 6726 12485 6726 12486 5262 12486 5926 12486 5918 12487 5929 12487 6729 12487 5929 12488 5928 12488 6729 12488 6729 12489 5928 12489 6730 12489 5928 12490 5927 12490 6730 12490 6730 12491 5927 12491 6731 12491 5927 12492 5926 12492 6731 12492 6731 12493 5926 12493 5262 12493 5262 12494 5277 12494 6731 12494 5277 12495 5276 12495 6731 12495 6731 12496 5276 12496 6730 12496 5276 12497 5275 12497 6730 12497 6730 12498 5275 12498 6729 12498 5275 12499 5274 12499 6729 12499 6729 12500 5274 12500 5918 12500 5914 12501 5921 12501 6732 12501 5921 12502 5920 12502 6732 12502 6732 12503 5920 12503 6733 12503 5920 12504 5919 12504 6733 12504 6733 12505 5919 12505 6734 12505 5919 12506 5918 12506 6734 12506 6734 12507 5918 12507 5274 12507 5274 12508 5285 12508 6734 12508 5285 12509 5284 12509 6734 12509 6734 12510 5284 12510 6733 12510 5284 12511 5283 12511 6733 12511 6733 12512 5283 12512 6732 12512 5283 12513 5282 12513 6732 12513 6732 12514 5282 12514 5914 12514 5906 12515 5917 12515 6735 12515 5917 12516 5916 12516 6735 12516 6735 12517 5916 12517 6736 12517 5916 12518 5915 12518 6736 12518 6736 12519 5915 12519 6737 12519 5915 12520 5914 12520 6737 12520 6737 12521 5914 12521 5282 12521 5282 12522 5297 12522 6737 12522 5297 12523 5296 12523 6737 12523 6737 12524 5296 12524 6736 12524 5296 12525 5295 12525 6736 12525 6736 12526 5295 12526 6735 12526 5295 12527 5294 12527 6735 12527 6735 12528 5294 12528 5906 12528 5898 12529 5909 12529 6738 12529 5909 12530 5908 12530 6738 12530 6738 12531 5908 12531 6739 12531 5908 12532 5907 12532 6739 12532 6739 12533 5907 12533 6740 12533 5907 12534 5906 12534 6740 12534 6740 12535 5906 12535 5294 12535 5294 12536 5536 12536 6740 12536 5536 12537 5535 12537 6740 12537 6740 12538 5535 12538 6739 12538 5535 12539 5534 12539 6739 12539 6739 12540 5534 12540 6738 12540 5534 12541 5533 12541 6738 12541 6738 12542 5533 12542 5898 12542 5890 12543 5901 12543 6741 12543 5901 12544 5900 12544 6741 12544 6741 12545 5900 12545 6742 12545 5900 12546 5899 12546 6742 12546 6742 12547 5899 12547 6743 12547 5899 12548 5898 12548 6743 12548 6743 12549 5898 12549 5533 12549 5533 12550 5540 12550 6743 12550 5540 12551 5539 12551 6743 12551 6743 12552 5539 12552 6742 12552 5539 12553 5538 12553 6742 12553 6742 12554 5538 12554 6741 12554 5538 12555 5537 12555 6741 12555 6741 12556 5537 12556 5890 12556 5882 12557 5893 12557 6744 12557 5893 12558 5892 12558 6744 12558 6744 12559 5892 12559 6745 12559 5892 12560 5891 12560 6745 12560 6745 12561 5891 12561 6746 12561 5891 12562 5890 12562 6746 12562 6746 12563 5890 12563 5537 12563 5537 12564 5544 12564 6746 12564 5544 12565 5543 12565 6746 12565 6746 12566 5543 12566 6745 12566 5543 12567 5542 12567 6745 12567 6745 12568 5542 12568 6744 12568 5542 12569 5541 12569 6744 12569 6744 12570 5541 12570 5882 12570 5874 12571 5885 12571 6747 12571 5885 12572 5884 12572 6747 12572 6747 12573 5884 12573 6748 12573 5884 12574 5883 12574 6748 12574 6748 12575 5883 12575 6749 12575 5883 12576 5882 12576 6749 12576 6749 12577 5882 12577 5541 12577 5541 12578 5547 12578 6749 12578 5547 12579 5546 12579 6749 12579 6749 12580 5546 12580 6748 12580 5546 12581 5545 12581 6748 12581 6748 12582 5545 12582 6747 12582 5545 12583 5517 12583 6747 12583 6747 12584 5517 12584 5874 12584 5866 12585 5877 12585 6750 12585 5877 12586 5876 12586 6750 12586 6750 12587 5876 12587 6751 12587 5876 12588 5875 12588 6751 12588 6751 12589 5875 12589 6752 12589 5875 12590 5874 12590 6752 12590 6752 12591 5874 12591 5517 12591 5517 12592 5521 12592 6752 12592 5521 12593 5520 12593 6752 12593 6752 12594 5520 12594 6751 12594 5520 12595 5519 12595 6751 12595 6751 12596 5519 12596 6750 12596 5519 12597 5518 12597 6750 12597 6750 12598 5518 12598 5866 12598 5862 12599 5869 12599 6753 12599 5869 12600 5868 12600 6753 12600 6753 12601 5868 12601 6754 12601 5868 12602 5867 12602 6754 12602 6754 12603 5867 12603 6755 12603 5867 12604 5866 12604 6755 12604 6755 12605 5866 12605 5518 12605 5518 12606 5525 12606 6755 12606 5525 12607 5524 12607 6755 12607 6755 12608 5524 12608 6754 12608 5524 12609 5523 12609 6754 12609 6754 12610 5523 12610 6753 12610 5523 12611 5522 12611 6753 12611 6753 12612 5522 12612 5862 12612 5854 12613 5865 12613 6756 12613 5865 12614 5864 12614 6756 12614 6756 12615 5864 12615 6757 12615 5864 12616 5863 12616 6757 12616 6757 12617 5863 12617 6758 12617 5863 12618 5862 12618 6758 12618 6758 12619 5862 12619 5522 12619 5522 12620 5529 12620 6758 12620 5529 12621 5528 12621 6758 12621 6758 12622 5528 12622 6757 12622 5528 12623 5527 12623 6757 12623 6757 12624 5527 12624 6756 12624 5527 12625 5526 12625 6756 12625 6756 12626 5526 12626 5854 12626 5846 12627 5857 12627 6759 12627 5857 12628 5856 12628 6759 12628 6759 12629 5856 12629 6760 12629 5856 12630 5855 12630 6760 12630 6760 12631 5855 12631 6761 12631 5855 12632 5854 12632 6761 12632 6761 12633 5854 12633 5526 12633 5526 12634 5532 12634 6761 12634 5532 12635 5531 12635 6761 12635 6761 12636 5531 12636 6760 12636 5531 12637 5530 12637 6760 12637 6760 12638 5530 12638 6759 12638 5530 12639 5354 12639 6759 12639 6759 12640 5354 12640 5846 12640 5838 12641 5849 12641 6762 12641 5849 12642 5848 12642 6762 12642 6762 12643 5848 12643 6763 12643 5848 12644 5847 12644 6763 12644 6763 12645 5847 12645 6764 12645 5847 12646 5846 12646 6764 12646 6764 12647 5846 12647 5354 12647 5354 12648 5362 12648 6764 12648 5362 12649 5361 12649 6764 12649 6764 12650 5361 12650 6763 12650 5361 12651 5360 12651 6763 12651 6763 12652 5360 12652 6762 12652 5360 12653 5359 12653 6762 12653 6762 12654 5359 12654 5838 12654 5830 12655 5841 12655 6765 12655 5841 12656 5840 12656 6765 12656 6765 12657 5840 12657 6766 12657 5840 12658 5839 12658 6766 12658 6766 12659 5839 12659 6767 12659 5839 12660 5838 12660 6767 12660 6767 12661 5838 12661 5359 12661 5359 12662 5374 12662 6767 12662 5374 12663 5373 12663 6767 12663 6767 12664 5373 12664 6766 12664 5373 12665 5372 12665 6766 12665 6766 12666 5372 12666 6765 12666 5372 12667 5371 12667 6765 12667 6765 12668 5371 12668 5830 12668 5822 12669 5833 12669 6768 12669 5833 12670 5832 12670 6768 12670 6768 12671 5832 12671 6769 12671 5832 12672 5831 12672 6769 12672 6769 12673 5831 12673 6770 12673 5831 12674 5830 12674 6770 12674 6770 12675 5830 12675 5371 12675 5371 12676 5382 12676 6770 12676 5382 12677 5381 12677 6770 12677 6770 12678 5381 12678 6769 12678 5381 12679 5380 12679 6769 12679 6769 12680 5380 12680 6768 12680 5380 12681 5379 12681 6768 12681 6768 12682 5379 12682 5822 12682 5808 12683 5825 12683 6771 12683 5825 12684 5824 12684 6771 12684 6771 12685 5824 12685 6772 12685 5824 12686 5823 12686 6772 12686 6772 12687 5823 12687 6773 12687 5823 12688 5822 12688 6773 12688 6773 12689 5822 12689 5379 12689 5379 12690 5394 12690 6773 12690 5394 12691 5393 12691 6773 12691 6773 12692 5393 12692 6772 12692 5393 12693 5392 12693 6772 12693 6772 12694 5392 12694 6771 12694 5392 12695 5391 12695 6771 12695 6771 12696 5391 12696 5808 12696</p>
        </triangles>
      </mesh>
    </geometry>
  </library_geometries>
  <library_visual_scenes>
    <visual_scene id="Scene" name="Scene">
      <node id="Part2" name="Part2" type="NODE">
        <matrix sid="transform">1 0 0 0 0 1 0 0 0 0 1 0 0 0 0 1</matrix>
        <instance_geometry url="#Part2-mesh" name="Part2" />
      </node>
      <node id="Camera" name="Camera" type="NODE">
        <matrix sid="transform">0.6859207 -0.3240135 0.6515582 7.358891 0.7276763 0.3054208 -0.6141704 -6.925791 0 0.8953956 0.4452714 4.958309 0 0 0 1</matrix>
        <instance_camera url="#Camera-camera" />
      </node>
      <node id="Light" name="Light" type="NODE">
        <matrix sid="transform">-0.2908646 -0.7711008 0.5663932 4.076245 0.9551712 -0.1998834 0.2183912 1.005454 -0.05518906 0.6045247 0.7946723 5.903862 0 0 0 1</matrix>
        <instance_light url="#Light-light" />
      </node>
    </visual_scene>
  </library_visual_scenes>
  <scene>
    <instance_visual_scene url="#Scene" />
  </scene>
</COLLADA>