<?xml version='1.0' encoding='utf-8'?>
<COLLADA xmlns="http://www.collada.org/2005/11/COLLADASchema" version="1.4.1">
  <asset>
    <contributor>
      <author>Blender User</author>
      <authoring_tool>Blender 2.83.11</authoring_tool>
    </contributor>
    <created>2020-04-24T19:43:14</created>
    <modified>2020-04-24T19:43:14</modified>
    <unit name="meter" meter="1" />
    <up_axis>Z_UP</up_axis>
  </asset>
  <library_images />
  <library_geometries>
    <geometry id="Part9_Centro_001-mesh" name="Part9 Centro.001">
      <mesh>
        <source id="Part9_Centro_001-mesh-positions">
          <float_array id="Part9_Centro_001-mesh-positions-array" count="8103">-0.141822 -0.003657 0.046497 -0.142186 -0.303657 0.046975 -0.149215 -0.003723 0.000152 -0.149579 -0.303722 0.000632 -0.141924 -0.003805 -0.046210 -0.142289 -0.303805 -0.045728 -0.120665 -0.003898 -0.088048 -0.121029 -0.303897 -0.087570 -0.087516 -0.003991 -0.121270 -0.087881 -0.303990 -0.120790 -0.045725 -0.004075 -0.142621 -0.046089 -0.304075 -0.142141 0.000619 -0.004145 -0.150012 0.000256 -0.304143 -0.149534 0.046980 -0.004188 -0.142721 0.046616 -0.304188 -0.142244 0.088819 -0.004206 -0.121463 0.088455 -0.304205 -0.120983 0.122040 -0.004193 -0.088315 0.121676 -0.304192 -0.087833 0.143392 -0.004153 -0.046521 0.143028 -0.304152 -0.046043 0.150785 -0.004087 -0.000180 0.150420 -0.304087 0.000302 0.143494 -0.004005 0.046182 0.143130 -0.304004 0.046662 0.122235 -0.003911 0.088020 0.121870 -0.303911 0.088500 0.089086 -0.003819 0.121244 0.088722 -0.303818 0.121718 0.047294 -0.003734 0.142595 0.046930 -0.303733 0.143073 0.000950 -0.003665 0.149986 0.000586 -0.303665 0.150464 -0.045410 -0.003621 0.142694 -0.045774 -0.303620 0.143174 -0.087249 -0.003604 0.121436 -0.087613 -0.303604 0.121916 -0.120470 -0.003616 0.088287 -0.120835 -0.303616 0.088767 -0.142704 -0.004933 -0.753504 -0.143068 -0.304932 -0.753024 -0.150096 -0.004998 -0.799847 -0.150460 -0.304998 -0.799369 -0.142806 -0.005081 -0.846209 -0.143170 -0.305080 -0.845729 -0.121546 -0.005173 -0.888045 -0.121910 -0.305173 -0.887567 -0.088398 -0.005267 -0.921267 -0.088762 -0.305266 -0.920787 -0.046606 -0.005352 -0.942620 -0.046971 -0.305351 -0.942140 -0.000262 -0.005420 -0.950011 -0.000626 -0.305419 -0.949533 0.046099 -0.005464 -0.942721 0.045735 -0.305464 -0.942243 0.087938 -0.005482 -0.921462 0.087573 -0.305481 -0.920984 0.121159 -0.005468 -0.888314 0.120794 -0.305468 -0.887834 0.142511 -0.005428 -0.846520 0.142147 -0.305427 -0.846042 0.149904 -0.005363 -0.800177 0.149539 -0.305363 -0.799699 0.142613 -0.005280 -0.753817 0.142249 -0.305279 -0.753339 0.121353 -0.005188 -0.711977 0.120988 -0.305187 -0.711499 0.088205 -0.005094 -0.678755 0.087841 -0.305094 -0.678277 0.046413 -0.005009 -0.657406 0.046049 -0.305009 -0.656926 0.000069 -0.004941 -0.650011 -0.000296 -0.304941 -0.649533 -0.046292 -0.004896 -0.657303 -0.046656 -0.304896 -0.656825 -0.088131 -0.004880 -0.678562 -0.088494 -0.304879 -0.678086 -0.121352 -0.004893 -0.711710 -0.121716 -0.304892 -0.711234 -0.140941 -0.002382 0.846495 -0.141306 -0.302381 0.846973 -0.148333 -0.002447 0.800150 -0.148698 -0.302446 0.800629 -0.141043 -0.002529 0.753792 -0.141408 -0.302529 0.754268 -0.119783 -0.002622 0.711951 -0.120147 -0.302622 0.712429 -0.086635 -0.002715 0.678729 -0.087000 -0.302715 0.679209 -0.044844 -0.002800 0.657379 -0.045208 -0.302800 0.657858 0.001501 -0.002869 0.649985 0.001137 -0.302867 0.650465 0.047862 -0.002913 0.657275 0.047498 -0.302912 0.657753 0.089701 -0.002929 0.678536 0.089336 -0.302929 0.679014 0.122922 -0.002917 0.711685 0.122557 -0.302917 0.712164 0.144273 -0.002877 0.753475 0.143909 -0.302876 0.753954 0.151666 -0.002811 0.799820 0.151302 -0.302810 0.800298 0.144375 -0.002729 0.846182 0.144012 -0.302728 0.846659 0.123116 -0.002636 0.888020 0.122751 -0.302635 0.888498 0.089968 -0.002543 0.921239 0.089603 -0.302542 0.921719 0.048176 -0.002458 0.942593 0.047812 -0.302457 0.943072 0.001831 -0.002390 0.949984 0.001467 -0.302389 0.950463 -0.044529 -0.002345 0.942694 -0.044893 -0.302345 0.943175 -0.086367 -0.002329 0.921435 -0.086732 -0.302328 0.921915 -0.119589 -0.002341 0.888287 -0.119953 -0.302340 0.888765 -0.751396 -0.305624 -1.648707 -0.747761 -0.300361 1.651287 -0.751032 -0.005624 -1.649185 -0.747396 -0.000362 1.650808 1.048601 -0.307812 -1.650687 1.048966 -0.007813 -1.651166 1.049510 -0.306496 -0.825689 1.049874 -0.006497 -0.826167 0.749511 -0.306132 -0.825357 0.749875 -0.006132 -0.825837 0.750420 -0.304816 -0.000358 0.750784 -0.004817 -0.000837 1.050419 -0.305181 -0.000690 1.050784 -0.005181 -0.001169 1.051329 -0.303865 0.824308 1.051692 -0.003866 0.823832 0.751328 -0.303501 0.824642 0.751693 -0.003501 0.824160 0.752237 -0.302185 1.649638 0.752601 -0.002186 1.649158 0.747331 -1.806647 -1.147965 0.746781 -1.807444 -1.647962 1.047331 -1.807011 -1.148293 1.046780 -1.807809 -1.648290 0.751341 -0.602954 1.166916 0.748788 -0.606650 -1.149878 1.051341 -0.603320 1.166587 1.048788 -0.607014 -1.150210 1.049883 -1.803317 1.168502 1.050416 -1.802546 1.651703 0.749884 -1.802952 1.168831 0.750416 -1.802181 1.652031 1.052601 -0.002551 1.648830 0.748601 -0.307448 -1.650357 2.599584 -1.274019 0.308419 2.149584 -1.273472 0.308917 2.599655 -1.206585 0.299042 2.149655 -1.206038 0.299536 2.599747 -1.139121 0.308205 2.149748 -1.138574 0.308697 2.599853 -1.076631 0.335228 2.149853 -1.076084 0.335724 2.599965 -1.023749 0.378113 2.149965 -1.023203 0.378607 2.600073 -0.984399 0.433672 2.150074 -0.983852 0.434164 2.600171 -0.961497 0.497787 2.150172 -0.960950 0.498283 2.600252 -0.956743 0.565702 2.150253 -0.956195 0.566198 2.600308 -0.970488 0.632386 2.150309 -0.969941 0.632878 2.600337 -1.001715 0.692885 2.150338 -1.001167 0.693381 2.600336 -1.048106 0.742718 2.150337 -1.047558 0.743212 2.600304 -1.106220 0.778183 2.150304 -1.105674 0.778680 2.600245 -1.171750 0.796658 2.150245 -1.171203 0.797152 2.600162 -1.239833 0.796765 2.150163 -1.239286 0.797263 2.600062 -1.305421 0.778502 2.150063 -1.304873 0.778996 2.599952 -1.363648 0.743220 2.149953 -1.363102 0.743716 2.599841 -1.410198 0.693535 2.149842 -1.409651 0.694033 2.599736 -1.441618 0.633137 2.149738 -1.441070 0.633633 2.599646 -1.455576 0.566501 2.149647 -1.455028 0.566993 2.599577 -1.451038 0.498565 2.149578 -1.450491 0.499065 2.599534 -1.428340 0.434381 2.149535 -1.427794 0.434874 2.599521 -1.389167 0.378696 2.149521 -1.388620 0.379190 2.599537 -1.336422 0.335646 2.149538 -1.335876 0.336138 1.699027 -1.455961 0.004993 1.698692 -1.456447 -0.299569 2.149027 -1.456508 0.004501 2.148691 -1.456994 -0.300063 1.699106 -1.797293 0.453605 2.149146 -1.803227 0.495795 1.699203 -1.805090 0.550988 2.149261 -1.803458 0.600632 1.699329 -1.795809 0.655164 2.149396 -1.785438 0.703913 1.699473 -1.768580 0.756143 2.149547 -1.749716 0.802480 1.699631 -1.724227 0.850859 2.149712 -1.697382 0.893325 1.699798 -1.664102 0.936437 2.149881 -1.630034 0.973670 1.699969 -1.590031 1.010272 2.150054 -1.549728 1.041068 1.700140 -1.504263 1.070123 2.150221 -1.458918 1.093458 1.700303 -1.409404 1.114174 2.150381 -1.360374 1.129242 1.700456 -1.308338 1.141082 2.150526 -1.257105 1.147324 1.700593 -1.204135 1.150028 2.150653 -1.152266 1.147156 1.700709 -1.099961 1.140747 2.150758 -1.049056 1.128743 1.700801 -0.998982 1.113520 2.150838 -0.950627 1.092646 1.700868 -0.904264 1.069165 2.150891 -0.859984 1.039964 1.700906 -0.818688 1.009042 2.150914 -0.779894 0.972312 1.700915 -0.744851 0.934970 2.150907 -0.712803 0.891751 1.700893 -0.685000 0.849203 2.150870 -0.660759 0.800741 1.700842 -0.640950 0.754343 2.150804 -0.625351 0.702063 1.700764 -0.614043 0.653277 2.150712 -0.607659 0.598725 1.700660 -0.605093 0.549073 2.150596 -0.608226 0.493889 1.700543 -0.613202 0.451718 2.150460 -0.627032 0.390750 1.700410 -0.637002 0.356967 2.150308 -0.663504 0.292457 1.700264 -0.675863 0.267335 2.150143 -0.716528 0.202015 1.700109 -0.728755 0.185197 2.149973 -0.784486 0.122183 1.699950 -0.794275 0.112733 2.149801 -0.865302 0.055401 1.699790 -0.870686 0.051862 2.149634 -0.956510 0.003703 1.699634 -0.955963 0.004195 2.149054 -1.784749 0.392597 1.699029 -1.773795 0.358781 2.148990 -1.748591 0.294188 1.698978 -1.735220 0.269026 2.148955 -1.695855 0.203577 1.698951 -1.682590 0.186720 2.148949 -1.628153 0.123530 1.698951 -1.617302 0.114046 2.148973 -1.547550 0.056490 1.698976 -1.541085 0.052931 1.699299 -0.956449 -0.300367 2.149298 -0.956996 -0.300863 2.148630 -1.448579 -0.364780 1.698631 -1.448032 -0.364286 1.698594 -1.423153 -0.424620 2.148594 -1.423699 -0.425118 1.698585 -1.383506 -0.476460 2.148585 -1.384053 -0.476958 1.698605 -1.331792 -0.516274 2.148604 -1.332340 -0.516767 1.698650 -1.271537 -0.541343 2.148650 -1.272084 -0.541842 1.698719 -1.206847 -0.549965 2.148719 -1.207393 -0.550463 1.698807 -1.142128 -0.541551 2.148808 -1.142675 -0.542047 1.698908 -1.081793 -0.516672 2.148908 -1.082340 -0.517166 1.699015 -1.029953 -0.477029 2.149014 -1.030500 -0.477521 1.699121 -0.990141 -0.425314 2.149120 -0.990688 -0.425808 1.699217 -0.965070 -0.365056 2.149216 -0.965618 -0.365552 1.699864 -1.804134 1.150989 1.701321 -0.604136 1.149072 1.698787 -0.607805 -1.150924 1.697330 -1.807802 -1.149009 1.301321 -0.603650 1.149513 1.299865 -1.803648 1.151428 1.298788 -0.607318 -1.150485 1.297330 -1.807316 -1.148566 1.297624 -1.143923 -1.615513 1.047624 -1.143619 -1.615240 1.297537 -1.207327 -1.624525 1.047537 -1.207024 -1.624250 1.297470 -1.270702 -1.615311 1.047470 -1.270398 -1.615036 1.297428 -1.328914 -1.588615 1.047429 -1.328610 -1.588338 1.297416 -1.377247 -1.546600 1.047416 -1.376943 -1.546323 1.297433 -1.411784 -1.492669 1.047434 -1.411481 -1.492391 1.297479 -1.429729 -1.431192 1.047479 -1.429425 -1.430917 1.297549 -1.429627 -1.367151 1.047550 -1.429323 -1.366876 1.297640 -1.411486 -1.305732 1.047640 -1.411182 -1.305457 1.297741 -1.376776 -1.251914 1.047741 -1.376473 -1.251637 1.297846 -1.328311 -1.210053 1.047846 -1.328006 -1.209774 1.297946 -1.270014 -1.183540 1.047946 -1.269710 -1.183265 1.298033 -1.206609 -1.174529 1.048033 -1.206306 -1.174251 1.298099 -1.143235 -1.183742 1.048100 -1.142931 -1.183467 1.298141 -1.085022 -1.210440 1.048141 -1.084718 -1.210165 1.298153 -1.036691 -1.252455 1.048154 -1.036386 -1.252180 1.298136 -1.002152 -1.306387 1.048136 -1.001848 -1.306109 1.298090 -0.984209 -1.367861 1.048090 -0.983904 -1.367588 1.298020 -0.984310 -1.431902 1.048020 -0.984007 -1.431627 1.297930 -1.002450 -1.493323 1.047930 -1.002147 -1.493046 1.297829 -1.037160 -1.547140 1.047829 -1.036856 -1.546868 1.297724 -1.085627 -1.589001 1.047724 -1.085322 -1.588729 1.300709 -1.138711 1.184481 1.050710 -1.138407 1.184755 1.300623 -1.202115 1.175465 1.050624 -1.201811 1.175743 1.300556 -1.265490 1.184683 1.050556 -1.265186 1.184956 1.300514 -1.323702 1.211377 1.050515 -1.323398 1.211655 1.300502 -1.372034 1.253396 1.050502 -1.371730 1.253668 1.300519 -1.406572 1.307326 1.050519 -1.406268 1.307601 1.300565 -1.424517 1.368801 1.050565 -1.424212 1.369076 1.300635 -1.424415 1.432845 1.050635 -1.424110 1.433117 1.300725 -1.406274 1.494262 1.050725 -1.405970 1.494537 1.300826 -1.371565 1.548083 1.050827 -1.371261 1.548356 1.300931 -1.323099 1.589944 1.050932 -1.322794 1.590217 1.301031 -1.264801 1.616454 1.051031 -1.264498 1.616730 1.301118 -1.201397 1.625466 1.051119 -1.201094 1.625741 1.301186 -1.138022 1.616250 1.051185 -1.137718 1.616524 1.301227 -1.079811 1.589556 1.051227 -1.079507 1.589830 1.301239 -1.031478 1.547539 1.051239 -1.031173 1.547814 1.301222 -0.996940 1.493608 1.051222 -0.996637 1.493883 1.301176 -0.978996 1.432133 1.051177 -0.978692 1.432405 1.301105 -0.979098 1.368089 1.051106 -0.978794 1.368366 1.301016 -0.997239 1.306673 1.051016 -0.996935 1.306947 1.300915 -1.031947 1.252851 1.050915 -1.031644 1.253130 1.300810 -1.080414 1.210990 1.050810 -1.080110 1.211267 1.051877 -0.599561 1.649781 1.301876 -0.599866 1.649507 1.300415 -1.802850 1.651427 1.048241 -0.604824 -1.650212 1.298241 -0.605128 -1.650487 1.296780 -1.808113 -1.648569 1.049865 -1.803343 1.151702 1.051322 -0.603346 1.149787 -0.548676 -0.601401 1.151548 -0.550133 -1.801398 1.153461 -0.551210 -0.605069 -1.148449 -0.552667 -1.805066 -1.146534 2.599848 -1.148142 0.410729 2.599835 -1.051910 0.291750 2.599811 -1.065108 0.284292 2.599787 -1.078737 0.277473 2.599763 -1.092690 0.271346 2.599740 -1.106860 0.265959 2.599866 -1.138477 0.415206 2.599883 -1.129048 0.420395 2.599900 -1.120030 0.426271 2.599917 -1.111525 0.432682 2.599934 -1.003276 0.328072 2.599909 -1.014702 0.318110 2.599884 -1.026680 0.308688 2.599859 -1.039114 0.299879 2.599935 -1.103515 0.439702 2.599953 -1.095947 0.447355 2.599970 -1.088931 0.455513 2.599987 -1.082578 0.464064 2.600033 -0.962950 0.373443 2.600008 -0.972136 0.361381 2.599983 -0.981971 0.349743 2.599959 -0.992377 0.338608 2.600128 -0.932581 0.425998 2.600104 -0.939151 0.412338 2.600081 -0.946442 0.398953 2.600057 -0.954395 0.385955 2.600004 -1.076870 0.473058 2.600020 -1.071764 0.482533 2.600037 -1.067332 0.492338 2.600052 -1.063644 0.502332 2.600214 -0.913413 0.483594 2.600193 -0.917099 0.468891 2.600172 -0.921547 0.454315 2.600150 -0.926720 0.439978 2.600067 -1.060701 0.512570 2.600082 -1.058470 0.523096 2.600095 -1.056980 0.533754 2.600108 -1.056258 0.544383 2.600290 -0.906231 0.543867 2.600272 -0.906883 0.528722 2.600254 -0.908306 0.513551 2.600234 -0.910487 0.498468 2.600350 -0.911331 0.604356 2.600336 -0.908919 0.589389 2.600322 -0.907259 0.574240 2.600306 -0.906359 0.559028 2.600119 -1.056319 0.555033 2.600130 -1.057145 0.565765 2.600139 -1.058718 0.576411 2.600149 -1.061020 0.586809 2.600393 -0.928501 0.662578 2.600383 -0.923126 0.648402 2.600374 -0.918450 0.633896 2.600362 -0.914508 0.619179 2.600156 -1.064078 0.597013 2.600163 -1.067894 0.607076 2.600168 -1.072402 0.616848 2.600172 -1.077540 0.626180 2.600417 -0.957040 0.716149 2.600412 -0.948922 0.703347 2.600407 -0.941423 0.690082 2.600400 -0.934597 0.676458 2.600175 -1.083350 0.635107 2.600176 -1.089846 0.643688 2.600177 -1.096925 0.651794 2.600175 -1.104484 0.659298 2.600421 -0.995778 0.762882 2.600422 -0.985250 0.751977 2.600422 -0.975234 0.740490 2.600420 -0.965805 0.728520 2.600405 -1.043132 0.800860 2.600411 -1.030621 0.792293 2.600416 -1.018499 0.783063 2.600419 -1.006854 0.773233 2.600173 -1.112573 0.666228 2.600170 -1.121224 0.672631 2.600165 -1.130299 0.678414 2.600159 -1.139667 0.683487 2.600370 -1.097160 0.828530 2.600381 -1.083183 0.822660 2.600390 -1.069449 0.816054 2.600399 -1.056064 0.808772 2.600152 -1.149381 0.687856 2.600144 -1.159484 0.691561 2.600135 -1.169822 0.694556 2.600125 -1.180238 0.696778 2.600317 -1.155652 0.844753 2.600332 -1.140779 0.841817 2.600346 -1.125997 0.838112 2.600358 -1.111420 0.833672 2.600248 -1.216213 0.848875 2.600266 -1.201053 0.848990 2.600283 -1.185829 0.848337 2.600301 -1.170656 0.846922 2.600113 -1.190791 0.698236 2.600101 -1.201529 0.698943 2.600087 -1.212291 0.698905 2.600074 -1.222912 0.698105 2.600166 -1.276363 0.840718 2.600187 -1.261538 0.843884 2.600208 -1.246493 0.846308 2.600229 -1.231347 0.847979 2.600060 -1.233447 0.696530 2.600044 -1.243950 0.694186 2.600028 -1.254265 0.691113 2.600012 -1.264231 0.687353 2.600073 -1.333641 0.820622 2.600098 -1.319756 0.826707 2.600121 -1.305508 0.832110 2.600143 -1.291007 0.836795 2.599995 -1.273895 0.682876 2.599978 -1.283312 0.677666 2.599960 -1.292343 0.671814 2.599943 -1.300848 0.665402 2.599977 -1.385700 0.789407 2.600001 -1.373324 0.798161 2.600026 -1.360455 0.806322 2.600051 -1.347193 0.813830 2.599877 -1.430411 0.748350 2.599901 -1.420051 0.759416 2.599927 -1.409089 0.770002 2.599952 -1.397610 0.780026 2.599926 -1.308857 0.658380 2.599908 -1.316427 0.650729 2.599890 -1.323441 0.642569 2.599874 -1.329795 0.634018 2.599780 -1.465941 0.699132 2.599804 -1.458022 0.712060 2.599828 -1.449414 0.724633 2.599852 -1.440187 0.736762 2.599857 -1.335502 0.625024 2.599840 -1.340609 0.615551 2.599824 -1.345041 0.605746 2.599808 -1.348728 0.595750 2.599688 -1.490837 0.643775 2.599711 -1.485681 0.658027 2.599734 -1.479781 0.672078 2.599756 -1.473186 0.685818 2.599607 -1.504079 0.584533 2.599626 -1.501899 0.599536 2.599646 -1.498949 0.614486 2.599667 -1.495253 0.629271 2.599793 -1.351672 0.585514 2.599780 -1.353902 0.574986 2.599766 -1.355393 0.564328 2.599753 -1.356114 0.553700 2.599539 -1.505125 0.523842 2.599555 -1.506010 0.538975 2.599571 -1.506130 0.554213 2.599589 -1.505485 0.569440 2.599741 -1.356053 0.543049 2.599730 -1.355228 0.532319 2.599720 -1.353655 0.521673 2.599712 -1.351353 0.511273 2.599487 -1.493934 0.464182 2.599498 -1.497847 0.478829 2.599511 -1.501030 0.493730 2.599525 -1.503464 0.508775 2.599453 -1.470961 0.407994 2.599459 -1.477742 0.421553 2.599468 -1.483861 0.435508 2.599476 -1.489273 0.449757 2.599705 -1.348293 0.501069 2.599698 -1.344478 0.491005 2.599693 -1.339970 0.481234 2.599689 -1.334832 0.471902 2.599439 -1.437148 0.357584 2.599441 -1.446519 0.369500 2.599444 -1.455323 0.381940 2.599447 -1.463492 0.394804 2.599686 -1.329022 0.462975 2.599685 -1.322526 0.454394 2.599684 -1.315448 0.446290 2.599685 -1.307889 0.438786 2.599445 -1.393881 0.315011 2.599442 -1.405459 0.324795 2.599440 -1.416586 0.335207 2.599439 -1.427177 0.346166 2.599688 -1.299799 0.431856 2.599691 -1.291150 0.425452 2.599696 -1.282074 0.419670 2.599701 -1.272706 0.414597 2.599470 -1.342929 0.282019 2.599462 -1.356240 0.289274 2.599455 -1.369235 0.297231 2.599450 -1.381815 0.305832 2.599515 -1.286378 0.259958 2.599502 -1.300877 0.264384 2.599490 -1.315208 0.269565 2.599480 -1.329262 0.275458 2.599709 -1.262992 0.410226 2.599717 -1.252888 0.406521 2.599726 -1.242551 0.403528 2.599736 -1.232135 0.401304 2.599576 -1.226544 0.249731 2.599560 -1.241637 0.251151 2.599543 -1.256719 0.253341 2.599529 -1.271670 0.256284 2.599748 -1.221582 0.399848 2.599760 -1.210844 0.399138 2.599772 -1.200082 0.399178 2.599787 -1.189460 0.399977 2.599652 -1.165877 0.251760 2.599632 -1.180947 0.250111 2.599613 -1.196160 0.249222 2.599595 -1.211398 0.249092 2.599717 -1.121289 0.261309 2.599695 -1.136011 0.257375 2.599673 -1.150913 0.254186 2.599801 -1.178925 0.401552 2.599817 -1.168422 0.403900 2.599832 -1.158108 0.406970 2.600976 -0.648723 0.883304 2.600980 -0.653861 0.892636 2.675977 -0.653952 0.892554 2.600985 -0.658369 0.902409 2.750985 -0.658552 0.902243 2.600991 -0.662184 0.912471 2.825994 -0.662458 0.912225 2.600999 -0.665244 0.922674 2.900999 -0.665609 0.922344 2.900991 -0.662549 0.912143 2.900985 -0.658734 0.902075 2.900979 -0.654226 0.892306 2.900975 -0.649087 0.882976 2.600972 -0.621779 0.850187 2.600971 -0.629338 0.857692 2.675968 -0.629429 0.857610 2.600971 -0.636417 0.865798 2.750971 -0.636599 0.865632 2.600973 -0.642912 0.874379 2.825975 -0.643186 0.874129 2.900972 -0.643277 0.874047 2.900971 -0.636781 0.865468 2.900971 -0.629703 0.857364 2.900971 -0.622144 0.849855 2.600988 -0.586596 0.825999 2.600982 -0.595963 0.831071 2.675979 -0.596055 0.830989 2.600978 -0.605039 0.836852 2.750977 -0.605222 0.836686 2.600974 -0.613690 0.843257 2.825977 -0.613963 0.843011 2.900974 -0.614054 0.842927 2.900977 -0.605404 0.836524 2.900982 -0.596329 0.830743 2.900988 -0.586961 0.825670 2.601023 -0.546025 0.812703 2.601013 -0.556441 0.814930 2.676010 -0.556533 0.814850 2.601003 -0.566779 0.817923 2.751003 -0.566960 0.817757 2.600996 -0.576882 0.821630 2.825998 -0.577155 0.821382 2.900995 -0.577247 0.821298 2.901003 -0.567144 0.817593 2.901013 -0.556806 0.814600 2.901023 -0.546389 0.812373 2.601073 -0.503351 0.811379 2.601059 -0.513973 0.810580 2.676057 -0.514064 0.810498 2.601046 -0.524735 0.810540 2.751047 -0.524917 0.810374 2.601035 -0.535472 0.811248 2.826036 -0.535746 0.811002 2.901034 -0.535837 0.810920 2.901046 -0.525099 0.810210 2.901059 -0.514338 0.810248 2.901072 -0.503716 0.811049 2.601135 -0.462032 0.822130 2.601119 -0.471999 0.818370 2.676117 -0.472090 0.818288 2.601103 -0.482312 0.815300 2.751103 -0.482496 0.815136 2.601088 -0.492816 0.812956 2.826090 -0.493090 0.812708 2.901088 -0.493181 0.812626 2.901103 -0.482677 0.814968 2.901119 -0.472363 0.818042 2.901135 -0.462397 0.821800 2.601205 -0.425415 0.844085 2.601187 -0.433920 0.837671 2.676184 -0.434012 0.837589 2.601169 -0.442951 0.831817 2.751169 -0.443133 0.831651 2.601152 -0.452368 0.826612 2.826155 -0.452641 0.826362 2.901151 -0.452733 0.826279 2.901169 -0.443316 0.831489 2.901186 -0.434286 0.837339 2.901204 -0.425781 0.843755 2.601273 -0.396468 0.875468 2.601257 -0.402821 0.866915 2.676254 -0.402913 0.866833 2.601239 -0.409837 0.858757 2.751240 -0.410019 0.858593 2.601221 -0.417405 0.851106 2.826224 -0.417678 0.850860 2.901221 -0.417771 0.850778 2.901239 -0.410202 0.858425 2.901256 -0.403186 0.866587 2.901274 -0.396832 0.875135 2.601339 -0.377535 0.913736 2.601324 -0.381222 0.903738 2.676321 -0.381312 0.903656 2.601307 -0.385654 0.893932 2.751307 -0.385836 0.893768 2.601291 -0.390759 0.884460 2.826293 -0.391034 0.884214 2.901291 -0.391124 0.884130 2.901307 -0.386020 0.893602 2.901324 -0.381586 0.903412 2.901339 -0.377900 0.913404 2.601394 -0.370149 0.955782 2.601382 -0.370871 0.945156 2.676378 -0.370962 0.945074 2.601368 -0.372360 0.934500 2.751368 -0.372543 0.934332 2.601354 -0.374591 0.923970 2.826357 -0.374865 0.923723 2.901353 -0.374956 0.923641 2.901368 -0.372726 0.934170 2.901381 -0.371236 0.944828 2.901394 -0.370514 0.955454 2.601435 -0.374910 0.998211 2.601426 -0.372608 0.987812 2.676423 -0.372700 0.987728 2.601417 -0.371035 0.977167 2.751417 -0.371218 0.977003 2.601406 -0.370210 0.966437 2.826409 -0.370483 0.966189 2.901406 -0.370575 0.966105 2.901416 -0.371400 0.976837 2.901426 -0.372973 0.987482 2.901435 -0.375275 0.997883 2.601459 -0.391431 1.037579 2.601454 -0.386293 1.028249 2.676451 -0.386384 1.028167 2.601449 -0.381784 1.018480 2.751449 -0.381966 1.018316 2.601443 -0.377969 1.008416 2.826445 -0.378243 1.008168 2.901443 -0.378334 1.008086 2.901448 -0.382150 1.018148 2.901454 -0.386658 1.027923 2.901458 -0.391796 1.037251 2.601462 -0.418375 1.070698 2.601463 -0.410815 1.063195 2.676460 -0.410906 1.063113 2.601463 -0.403736 1.055088 2.751462 -0.403919 1.054923 2.601461 -0.397241 1.046510 2.826463 -0.397514 1.046264 2.901461 -0.397606 1.046180 2.901463 -0.404101 1.054759 2.901462 -0.411180 1.062863 2.901461 -0.418739 1.070372 2.601446 -0.453557 1.094887 2.601452 -0.444190 1.089816 2.676448 -0.444281 1.089734 2.601456 -0.435114 1.084033 2.751456 -0.435296 1.083867 2.601459 -0.426464 1.077631 2.826462 -0.426738 1.077382 2.901459 -0.426829 1.077300 2.901456 -0.435478 1.083701 2.901451 -0.444555 1.089485 2.901445 -0.453922 1.094557 2.601411 -0.494129 1.108182 2.601421 -0.483712 1.105955 2.676419 -0.483803 1.105871 2.601431 -0.473374 1.102964 2.751431 -0.473557 1.102798 2.601439 -0.463271 1.099257 2.826441 -0.463545 1.099009 2.901438 -0.463636 1.098927 2.901430 -0.473739 1.102634 2.901421 -0.484077 1.105625 2.901411 -0.494494 1.107852 2.601360 -0.536803 1.109506 2.601375 -0.526181 1.110305 2.676371 -0.526272 1.110223 2.601387 -0.515420 1.110347 2.751387 -0.515602 1.110183 2.601399 -0.504681 1.109637 2.826403 -0.504954 1.109387 2.901400 -0.505046 1.109305 2.901387 -0.515784 1.110017 2.901374 -0.526545 1.109977 2.901360 -0.537167 1.109176 2.601298 -0.578122 1.098757 2.601315 -0.568155 1.102515 2.676312 -0.568245 1.102431 2.601331 -0.557841 1.105587 2.751330 -0.558023 1.105423 2.601346 -0.547337 1.107931 2.826349 -0.547611 1.107685 2.901346 -0.547702 1.107601 2.901331 -0.558205 1.105255 2.901315 -0.568519 1.102187 2.901298 -0.578486 1.098427 2.601230 -0.614738 1.076803 2.601247 -0.606233 1.083214 2.676244 -0.606324 1.083132 2.601265 -0.597203 1.089068 2.751265 -0.597385 1.088904 2.601282 -0.587785 1.094277 2.826285 -0.588059 1.094029 2.901282 -0.588150 1.093947 2.901264 -0.597567 1.088740 2.901247 -0.606598 1.082884 2.901230 -0.615102 1.076472 2.601160 -0.643686 1.045419 2.601177 -0.637332 1.053968 2.676174 -0.637423 1.053886 2.601195 -0.630316 1.062130 2.751195 -0.630499 1.061966 2.601212 -0.622749 1.069781 2.826216 -0.623021 1.069531 2.901212 -0.623114 1.069451 2.901194 -0.630681 1.061800 2.901177 -0.637697 1.053638 2.901160 -0.644050 1.045089 2.601095 -0.662619 1.007155 2.601110 -0.658931 1.017147 2.676107 -0.659023 1.017065 2.601127 -0.654499 1.026951 2.751127 -0.654682 1.026787 2.601144 -0.649393 1.036425 2.826146 -0.649667 1.036179 2.901143 -0.649758 1.036097 2.901126 -0.654864 1.026623 2.901110 -0.659296 1.016815 2.901095 -0.662983 1.006823 2.601040 -0.670004 0.965101 2.601052 -0.669283 0.975729 2.676050 -0.669374 0.975646 2.601066 -0.667793 0.986387 2.751066 -0.667974 0.986221 2.601081 -0.665563 0.996916 2.826083 -0.665835 0.996668 2.901081 -0.665928 0.996586 2.901066 -0.668158 0.986059 2.901053 -0.669647 0.975400 2.901040 -0.670369 0.964771 2.601008 -0.667545 0.933073 2.676005 -0.667636 0.932991 2.601018 -0.669118 0.943719 2.751017 -0.669300 0.943555 2.601029 -0.669944 0.954449 2.826031 -0.670217 0.954203 2.901027 -0.670308 0.954120 2.901017 -0.669483 0.943388 2.901007 -0.667910 0.932745 2.598402 -2.020942 0.060502 2.598406 -2.026080 0.069835 2.673404 -2.026171 0.069749 2.598411 -2.030589 0.079604 2.748412 -2.030771 0.079438 2.598417 -2.034404 0.089667 2.823421 -2.034678 0.089419 2.598426 -2.037463 0.099871 2.898426 -2.037828 0.099539 2.898417 -2.034768 0.089335 2.898412 -2.030953 0.079274 2.898407 -2.026445 0.069503 2.898402 -2.021306 0.060170 2.598399 -1.993998 0.027382 2.598398 -2.001558 0.034887 2.673395 -2.001649 0.034804 2.598399 -2.008636 0.042994 2.748398 -2.008819 0.042828 2.598400 -2.015132 0.051574 2.823402 -2.015406 0.051327 2.898400 -2.015497 0.051245 2.898398 -2.009001 0.042664 2.898398 -2.001922 0.034558 2.898399 -1.994364 0.027054 2.598415 -1.958815 0.003195 2.598409 -1.968183 0.008268 2.673407 -1.968274 0.008184 2.598405 -1.977258 0.014051 2.748404 -1.977441 0.013885 2.598401 -1.985909 0.020454 2.823404 -1.986182 0.020206 2.898401 -1.986274 0.020122 2.898404 -1.977624 0.013721 2.898409 -1.968548 0.007936 2.898414 -1.959180 0.002867 2.598450 -1.918244 -0.010100 2.598440 -1.928661 -0.007874 2.673437 -1.928752 -0.007954 2.598430 -1.938999 -0.004881 2.748430 -1.939180 -0.005045 2.598422 -1.949101 -0.001176 2.823425 -1.949375 -0.001422 2.898421 -1.949467 -0.001504 2.898430 -1.939364 -0.005211 2.898439 -1.929026 -0.008202 2.898450 -1.918610 -0.010428 2.598500 -1.875571 -0.011423 2.598486 -1.886192 -0.012224 2.673484 -1.886284 -0.012306 2.598473 -1.896953 -0.012265 2.748473 -1.897136 -0.012429 2.598461 -1.907691 -0.011554 2.823463 -1.907966 -0.011804 2.898460 -1.908056 -0.011884 2.898473 -1.897318 -0.012595 2.898486 -1.886557 -0.012554 2.898500 -1.875935 -0.011755 2.598562 -1.834252 -0.000675 2.598546 -1.844218 -0.004432 2.673543 -1.844310 -0.004516 2.598530 -1.854532 -0.007506 2.748530 -1.854715 -0.007670 2.598515 -1.865036 -0.009848 2.823517 -1.865309 -0.010096 2.898514 -1.865400 -0.010178 2.898529 -1.854897 -0.007834 2.898545 -1.844583 -0.004764 2.898562 -1.834616 -0.001003 2.598631 -1.797635 0.021282 2.598613 -1.806140 0.014868 2.673610 -1.806231 0.014786 2.598596 -1.815170 0.009016 2.748596 -1.815353 0.008848 2.598579 -1.824588 0.003806 2.823581 -1.824861 0.003556 2.898578 -1.824952 0.003474 2.898596 -1.815536 0.008684 2.898613 -1.806505 0.014538 2.898630 -1.798000 0.020954 2.598701 -1.768688 0.052664 2.598684 -1.775041 0.044114 2.673680 -1.775132 0.044032 2.598666 -1.782056 0.035952 2.748665 -1.782239 0.035787 2.598648 -1.789625 0.028302 2.823651 -1.789898 0.028056 2.898648 -1.789990 0.027970 2.898666 -1.782422 0.035623 2.898683 -1.775406 0.043783 2.898700 -1.769052 0.052334 2.598766 -1.749754 0.090931 2.598750 -1.753442 0.080935 2.673747 -1.753532 0.080855 2.598734 -1.757874 0.071131 2.748734 -1.758055 0.070967 2.598718 -1.762980 0.061655 2.823720 -1.763254 0.061410 2.898718 -1.763344 0.061326 2.898734 -1.758239 0.070799 2.898750 -1.753807 0.080607 2.898765 -1.750119 0.090602 2.598821 -1.742369 0.132981 2.598808 -1.743090 0.122354 2.673805 -1.743182 0.122272 2.598794 -1.744580 0.111697 2.748795 -1.744763 0.111531 2.598781 -1.746811 0.101166 2.823783 -1.747085 0.100918 2.898779 -1.747175 0.100836 2.898794 -1.744945 0.111365 2.898808 -1.743455 0.122024 2.898821 -1.742734 0.132651 2.598861 -1.747130 0.175409 2.598853 -1.744827 0.165009 2.673850 -1.744919 0.164927 2.598843 -1.743255 0.154363 2.748843 -1.743437 0.154195 2.598832 -1.742429 0.143633 2.823834 -1.742703 0.143385 2.898832 -1.742794 0.143303 2.898843 -1.743620 0.154033 2.898853 -1.745192 0.164679 2.898861 -1.747495 0.175081 2.598885 -1.763650 0.214778 2.598881 -1.758513 0.205448 2.673877 -1.758603 0.205366 2.598875 -1.754004 0.195675 2.748875 -1.754187 0.195509 2.598869 -1.750189 0.185613 2.823872 -1.750462 0.185363 2.898869 -1.750553 0.185281 2.898875 -1.754369 0.195346 2.898880 -1.758877 0.205116 2.898885 -1.764015 0.214448 2.598888 -1.790594 0.247894 2.598890 -1.783035 0.240392 2.673887 -1.783126 0.240308 2.598889 -1.775956 0.232286 2.748889 -1.776138 0.232118 2.598888 -1.769460 0.223703 2.823891 -1.769733 0.223459 2.898888 -1.769825 0.223375 2.898889 -1.776321 0.231954 2.898890 -1.783400 0.240062 2.898888 -1.790958 0.247564 2.598873 -1.825776 0.272081 2.598878 -1.816409 0.267014 2.673875 -1.816501 0.266930 2.598883 -1.807333 0.261229 2.748882 -1.807516 0.261063 2.598886 -1.798683 0.254826 2.823889 -1.798957 0.254580 2.898886 -1.799048 0.254496 2.898883 -1.807699 0.260897 2.898878 -1.816774 0.266682 2.898872 -1.826142 0.271753 2.598837 -1.866348 0.285378 2.598848 -1.855932 0.283152 2.673846 -1.856023 0.283068 2.598857 -1.845594 0.280159 2.748857 -1.845777 0.279995 2.598866 -1.835490 0.276452 2.823868 -1.835765 0.276206 2.898865 -1.835855 0.276124 2.898857 -1.845959 0.279829 2.898848 -1.856297 0.282822 2.898837 -1.866714 0.285048 2.598787 -1.909022 0.286705 2.598801 -1.898401 0.287504 2.673798 -1.898491 0.287420 2.598814 -1.887639 0.287544 2.748814 -1.887821 0.287378 2.598827 -1.876900 0.286834 2.823830 -1.877174 0.286586 2.898826 -1.877266 0.286504 2.898814 -1.888004 0.287216 2.898801 -1.898765 0.287172 2.898787 -1.909386 0.286373 2.598725 -1.950341 0.275953 2.598742 -1.940374 0.279712 2.673738 -1.940466 0.279630 2.598757 -1.930060 0.282782 2.748757 -1.930243 0.282620 2.598772 -1.919557 0.285128 2.823775 -1.919831 0.284882 2.898772 -1.919921 0.284798 2.898757 -1.930425 0.282454 2.898741 -1.940739 0.279382 2.898725 -1.950705 0.275623 2.598656 -1.986957 0.253996 2.598674 -1.978452 0.260411 2.673671 -1.978543 0.260329 2.598691 -1.969422 0.266266 2.748691 -1.969604 0.266099 2.598709 -1.960005 0.271474 2.823711 -1.960279 0.271226 2.898708 -1.960370 0.271146 2.898691 -1.969787 0.265934 2.898674 -1.978817 0.260081 2.898657 -1.987322 0.253666 2.598587 -2.015905 0.222616 2.598604 -2.009552 0.231167 2.673601 -2.009642 0.231085 2.598622 -2.002536 0.239325 2.748621 -2.002718 0.239161 2.598639 -1.994969 0.246978 2.823641 -1.995241 0.246730 2.898639 -1.995332 0.246648 2.898621 -2.002900 0.238997 2.898604 -2.009916 0.230835 2.898586 -2.016269 0.222286 2.598522 -2.034838 0.184348 2.598537 -2.031151 0.194344 2.673534 -2.031243 0.194260 2.598553 -2.026718 0.204149 2.748553 -2.026901 0.203983 2.598570 -2.021613 0.213622 2.823572 -2.021886 0.213374 2.898569 -2.021977 0.213292 2.898553 -2.027083 0.203819 2.898537 -2.031515 0.194013 2.898521 -2.035203 0.184018 2.598466 -2.042224 0.142300 2.598479 -2.041503 0.152928 2.673476 -2.041593 0.152844 2.598493 -2.040012 0.163584 2.748492 -2.040194 0.163418 2.598507 -2.037782 0.174112 2.823509 -2.038055 0.173864 2.898506 -2.038147 0.173782 2.898492 -2.040376 0.163252 2.898479 -2.041867 0.152594 2.898466 -2.042589 0.141970 2.598434 -2.039765 0.110272 2.673431 -2.039856 0.110188 2.598444 -2.041338 0.120915 2.748444 -2.041520 0.120753 2.598455 -2.042163 0.131647 2.823458 -2.042437 0.131397 2.898454 -2.042528 0.131315 2.898443 -2.041702 0.120587 2.898434 -2.040130 0.109940 2.598161 -2.149587 -0.016636 2.598171 -2.164300 0.008661 2.598182 -2.178354 0.034377 2.598195 -2.191721 0.060458 2.598208 -2.204371 0.086847 2.598223 -2.216311 0.113562 2.598239 -2.227552 0.140629 2.598257 -2.238071 0.167981 2.598275 -2.247845 0.195564 2.598294 -2.256877 0.223400 2.598315 -2.265177 0.251507 2.598337 -2.272729 0.279824 2.598361 -2.279516 0.308289 2.598385 -2.285538 0.336927 2.598409 -2.290804 0.365756 2.598436 -2.295303 0.394715 2.598464 -2.299026 0.423739 2.598492 -2.301970 0.452855 2.598522 -2.304143 0.482081 2.598552 -2.305538 0.511356 2.598583 -2.306153 0.540612 2.598616 -2.305986 0.569876 2.598649 -2.305039 0.599167 2.598683 -2.303316 0.628423 2.598719 -2.300818 0.657581 2.599519 -1.601204 0.611976 2.598755 -2.297541 0.686659 2.598792 -2.293485 0.715683 2.598829 -2.288662 0.744591 2.598868 -2.283080 0.773317 2.599615 -1.584274 0.679614 2.599590 -1.589595 0.663029 2.599566 -1.594207 0.646162 2.599542 -1.598085 0.629115 2.598907 -2.276733 0.801883 2.598946 -2.269617 0.830315 2.598987 -2.261747 0.858543 2.599028 -2.253140 0.886516 2.599070 -2.243788 0.914242 2.599113 -2.233690 0.941754 2.599156 -2.222867 0.968989 2.599199 -2.211338 0.995887 2.599719 -1.555857 0.743287 2.599692 -1.563978 0.727876 2.599666 -1.571448 0.712067 2.599640 -1.578227 0.695950 2.599244 -2.199094 1.022465 2.599288 -2.186130 1.048750 2.599333 -2.172471 1.074676 2.599379 -2.158147 1.100193 2.599425 -2.143145 1.125322 2.599471 -2.127461 1.150078 2.599518 -2.111124 1.174409 2.599565 -2.094170 1.198258 2.599830 -1.516814 0.801055 2.599802 -1.527487 0.787292 2.599774 -1.537589 0.773016 2.599746 -1.547064 0.758321 2.599612 -2.076583 1.221648 2.599659 -2.058356 1.244598 2.599707 -2.039525 1.267054 2.599755 -2.020132 1.288969 2.599944 -1.468333 0.851165 2.599915 -1.481235 0.839462 2.599886 -1.493661 0.827164 2.599858 -1.505544 0.814336 2.599802 -2.000159 1.310357 2.599850 -1.979595 1.331237 2.599898 -1.958484 1.351565 2.599946 -1.936872 1.371294 2.599994 -1.914738 1.390437 2.600042 -1.892072 1.409013 2.600090 -1.868920 1.426982 2.600138 -1.845332 1.444302 2.600058 -1.411887 0.892097 2.600029 -1.426625 0.882812 2.600001 -1.440999 0.872856 2.599972 -1.454928 0.862287 2.600185 -1.821289 1.460985 2.600233 -1.796776 1.477048 2.600280 -1.771845 1.492452 2.600327 -1.746551 1.507169 2.600374 -1.720872 1.521202 2.600420 -1.694790 1.534567 2.600466 -1.668362 1.547236 2.600512 -1.641647 1.559174 2.600167 -1.349192 0.922606 2.600141 -1.365317 0.916019 2.600113 -1.381202 0.908713 2.600085 -1.396755 0.900721 2.600557 -1.614622 1.570400 2.600602 -1.587266 1.580916 2.600646 -1.559642 1.590702 2.600690 -1.531809 1.599740 2.600270 -1.282151 0.941763 2.600245 -1.299174 0.938078 2.600220 -1.316087 0.933638 2.600194 -1.332792 0.928470 2.600733 -1.503745 1.608029 2.600776 -1.475427 1.615579 2.600818 -1.446919 1.622373 2.600860 -1.418281 1.628398 2.600900 -1.389496 1.633661 2.600940 -1.360535 1.638153 2.600980 -1.331466 1.641879 2.601018 -1.302351 1.644828 2.600363 -1.212801 0.948985 2.600340 -1.230206 0.948312 2.600317 -1.247634 0.946882 2.600294 -1.264981 0.944692 2.601056 -1.273170 1.646999 2.601093 -1.243896 1.648392 2.601130 -1.214595 1.649006 2.601165 -1.185332 1.648842 2.600442 -1.143251 0.944060 2.600423 -1.160508 0.946418 2.600404 -1.177919 0.948034 2.600383 -1.195384 0.948890 2.601199 -1.156084 1.647899 2.601233 -1.126828 1.646172 2.601266 -1.097628 1.643670 2.601298 -1.068548 1.640395 2.601329 -1.039567 1.636347 2.601359 -1.010660 1.631520 2.601387 -0.981892 1.625929 2.601415 -0.953325 1.619584 2.600505 -1.075614 0.927129 2.600491 -1.092198 0.932453 2.600476 -1.109065 0.937063 2.600459 -1.126115 0.940941 2.601442 -0.924937 1.612475 2.601467 -0.896707 1.604605 2.601492 -0.868696 1.595987 2.601516 -0.840965 1.586639 2.601538 -0.813495 1.576556 2.601559 -0.786261 1.565729 2.601579 -0.759324 1.554180 2.601598 -0.732745 1.541941 2.601616 -0.706501 1.528992 2.601632 -0.680573 1.515333 2.601647 -0.655017 1.500989 2.601662 -0.629888 1.485991 2.601674 -0.605169 1.470327 2.601686 -0.580840 1.453990 2.601696 -0.556953 1.437009 2.601706 -0.533561 1.419427 2.601713 -0.510647 1.401226 2.601720 -0.488192 1.382391 2.601725 -0.466245 1.362971 2.601729 -0.444855 1.342998 2.601732 -0.424006 1.322467 2.601734 -0.403680 1.301351 2.601734 -0.383921 1.279707 2.601733 -0.364775 1.257577 2.601730 -0.346228 1.234944 2.601726 -0.328260 1.211789 2.601722 -0.310914 1.188168 2.601716 -0.294229 1.164127 2.601708 -0.278193 1.139647 2.601700 -0.262790 1.114716 2.601690 -0.248053 1.089386 2.601679 -0.234016 1.063706 2.601666 -0.220671 1.037665 2.601653 -0.208005 1.011235 2.601638 -0.196045 0.984480 2.601621 -0.184818 0.957459 2.601604 -0.174316 0.930143 2.601585 -0.164531 0.902520 2.601566 -0.155483 0.874642 2.601545 -0.147192 0.846575 2.601523 -0.139654 0.818303 2.601500 -0.132860 0.789792 2.601476 -0.126826 0.761115 2.601451 -0.121565 0.732326 2.601424 -0.117076 0.703411 2.601397 -0.113351 0.674344 2.601369 -0.110399 0.645182 2.601339 -0.108227 0.616001 2.601308 -0.106836 0.586770 2.601277 -0.106224 0.557470 2.601244 -0.106388 0.528165 2.601211 -0.107330 0.498917 2.601177 -0.109053 0.469703 2.601142 -0.111558 0.440503 2.601106 -0.114837 0.411381 2.601069 -0.118883 0.382397 2.600341 -0.811170 0.486105 2.601031 -0.123702 0.353534 2.600994 -0.129296 0.324767 2.600954 -0.135651 0.296158 2.600914 -0.142756 0.267769 2.600246 -0.828099 0.418468 2.600271 -0.822777 0.435053 2.600296 -0.818165 0.451920 2.600318 -0.814287 0.468969 2.600874 -0.150616 0.239581 2.600832 -0.159237 0.211570 2.600790 -0.168597 0.183800 2.600748 -0.178678 0.156326 2.600705 -0.189489 0.129133 2.600661 -0.201037 0.102196 2.600617 -0.213296 0.075576 2.600572 -0.226242 0.049335 2.600143 -0.856517 0.354795 2.600169 -0.848396 0.370207 2.600195 -0.840925 0.386014 2.600221 -0.834147 0.402133 2.600528 -0.239884 0.023444 2.600482 -0.254228 -0.002109 2.600435 -0.269247 -0.027277 2.600389 -0.284909 -0.051996 2.600031 -0.895558 0.297027 2.600059 -0.884886 0.310792 2.600087 -0.874784 0.325066 2.600115 -0.865309 0.339761 2.600343 -0.301226 -0.076287 2.600296 -0.318207 -0.100174 2.600249 -0.335815 -0.123603 2.600202 -0.354014 -0.146518 2.600154 -0.372821 -0.168938 2.600106 -0.392243 -0.190886 2.600058 -0.412242 -0.212308 2.600011 -0.432775 -0.233158 2.599916 -0.944040 0.246917 2.599945 -0.931138 0.258620 2.599974 -0.918712 0.270922 2.600003 -0.906828 0.283749 2.599962 -0.453858 -0.253451 2.599915 -0.475505 -0.273209 2.599866 -0.497667 -0.292384 2.599818 -0.520299 -0.310934 2.599803 -1.000485 0.205985 2.599831 -0.985748 0.215270 2.599859 -0.971374 0.225227 2.599889 -0.957445 0.235795 2.599771 -0.543419 -0.328873 2.599723 -0.567043 -0.346217 2.599675 -0.591119 -0.362927 2.599628 -0.615595 -0.378968 2.599581 -0.640491 -0.394348 2.599533 -0.665824 -0.409081 2.599487 -0.691540 -0.423136 2.599440 -0.717582 -0.436486 2.599693 -1.063181 0.175478 2.599720 -1.047056 0.182063 2.599747 -1.031171 0.189370 2.599776 -1.015617 0.197360 2.599395 -0.743971 -0.449135 2.599349 -0.770727 -0.461091 2.599303 -0.797792 -0.472334 2.599259 -0.825105 -0.482840 2.599214 -0.852688 -0.492609 2.599170 -0.880564 -0.501655 2.599127 -0.908671 -0.509957 2.599084 -0.936946 -0.517499 2.599591 -1.130222 0.156321 2.599615 -1.113199 0.160006 2.599641 -1.096286 0.164444 2.599667 -1.079581 0.169610 2.599043 -0.965412 -0.524283 2.599001 -0.994091 -0.530313 2.598960 -1.022920 -0.535583 2.598920 -1.051837 -0.540075 2.599498 -1.199571 0.149096 2.599520 -1.182166 0.149770 2.599543 -1.164740 0.151202 2.599566 -1.147391 0.153390 2.598881 -1.080863 -0.543795 2.598841 -1.110020 -0.546741 2.598804 -1.139247 -0.548918 2.598767 -1.168477 -0.550313 2.598731 -1.197734 -0.550924 2.598696 -1.227040 -0.550759 2.598661 -1.256332 -0.549813 2.598627 -1.285545 -0.548090 2.599420 -1.269121 0.154022 2.599438 -1.251864 0.151664 2.599457 -1.234453 0.150050 2.599478 -1.216988 0.149192 2.598594 -1.314701 -0.545590 2.598562 -1.343823 -0.542308 2.598532 -1.372849 -0.538255 2.598502 -1.401714 -0.533440 2.598473 -1.430440 -0.527855 2.598446 -1.459048 -0.521500 2.598419 -1.487479 -0.514382 2.598393 -1.515667 -0.506524 2.599356 -1.336759 0.170953 2.599370 -1.320175 0.165631 2.599386 -1.303308 0.161018 2.599402 -1.286258 0.157144 2.598369 -1.543635 -0.497915 2.598345 -1.571406 -0.488552 2.598322 -1.598920 -0.478455 2.598301 -1.626113 -0.467649 2.598281 -1.653008 -0.456116 2.598262 -1.679627 -0.443854 2.598245 -1.705910 -0.430892 2.598229 -1.731801 -0.417254 2.598213 -1.757319 -0.402927 2.598199 -1.782484 -0.387906 2.598186 -1.807240 -0.372222 2.598174 -1.831535 -0.355911 2.598165 -1.855384 -0.338952 2.598156 -1.878809 -0.321341 2.598148 -1.901760 -0.303116 2.598140 -1.924183 -0.284312 2.598135 -1.946095 -0.264918 2.598132 -1.967515 -0.244915 2.598129 -1.988398 -0.224353 2.598127 -2.008695 -0.203273 2.598126 -2.028422 -0.181657 2.598128 -2.047595 -0.159491 2.598130 -2.066173 -0.136826 2.598134 -2.084115 -0.113707 2.598138 -2.101432 -0.090121 2.598145 -2.118141 -0.066042 2.598152 -2.134204 -0.041531 2.599310 -1.400429 0.199370 2.599319 -1.385021 0.191249 2.599331 -1.369211 0.183780 2.599342 -1.353093 0.177003 2.599282 -1.458198 0.238411 2.599287 -1.444434 0.227740 2.599294 -1.430161 0.217638 2.599301 -1.415466 0.208164 2.599275 -1.508310 0.286892 2.599275 -1.496608 0.273994 2.599276 -1.484307 0.261567 2.599279 -1.471479 0.249684 2.599287 -1.549241 0.343337 2.599282 -1.539957 0.328603 2.599278 -1.530000 0.314231 2.599275 -1.519432 0.300301 2.599318 -1.579749 0.406038 2.599309 -1.573165 0.389911 2.599301 -1.565856 0.374027 2.599293 -1.557867 0.358472 2.599369 -1.598906 0.473078 2.599355 -1.595222 0.456054 2.599342 -1.590783 0.439142 2.599330 -1.585616 0.422434 2.599436 -1.606131 0.542426 2.599418 -1.605459 0.525022 2.599401 -1.604024 0.507596 2.599384 -1.601836 0.490249 2.599497 -1.603564 0.594720 2.599477 -1.605177 0.577309 2.599456 -1.606035 0.559844 2.600574 -0.863132 0.754745 2.600542 -0.832624 0.692046 2.600552 -0.839208 0.708173 2.600560 -0.846518 0.724057 2.600567 -0.854506 0.739610 2.600492 -0.813466 0.625004 2.600506 -0.817151 0.642028 2.600519 -0.821590 0.658941 2.600531 -0.826757 0.675648 2.600424 -0.806242 0.555656 2.600442 -0.806914 0.573060 2.600460 -0.808349 0.590488 2.600476 -0.810536 0.607835 2.600363 -0.808810 0.503363 2.600384 -0.807196 0.520773 2.600405 -0.806338 0.538238 2.600551 -1.011942 0.898711 2.600542 -1.027351 0.906833 2.600531 -1.043161 0.914301 2.600518 -1.059279 0.921079 2.600578 -0.954174 0.859670 2.600574 -0.967939 0.870342 2.600567 -0.982211 0.880446 2.600560 -0.996907 0.889920 2.600586 -0.904063 0.811189 2.600585 -0.915765 0.824090 2.600585 -0.928067 0.836517 2.600582 -0.940893 0.848400 2.600578 -0.872416 0.769480 2.600583 -0.882372 0.783853 2.600584 -0.892942 0.797785 2.599693 -1.339574 0.480451 2.674689 -1.339665 0.480369 2.599698 -1.343785 0.489360 2.749697 -1.343967 0.489196 2.599703 -1.347415 0.498528 2.824705 -1.347688 0.498279 2.599710 -1.350413 0.507829 2.899709 -1.350778 0.507497 2.899703 -1.347779 0.498195 2.899697 -1.344150 0.489032 2.899692 -1.339939 0.480119 2.899688 -1.335197 0.471572 2.599685 -1.310484 0.441236 2.599684 -1.317276 0.448263 2.674681 -1.317367 0.448181 2.599685 -1.323649 0.455780 2.749685 -1.323832 0.455616 2.599686 -1.329529 0.463696 2.824689 -1.329802 0.463448 2.899686 -1.329893 0.463366 2.899684 -1.324014 0.455453 2.899684 -1.317641 0.447933 2.899684 -1.310849 0.440906 2.899697 -1.279392 0.417586 2.824696 -1.287681 0.422698 2.899693 -1.287772 0.422616 2.749689 -1.295692 0.428392 2.899689 -1.295875 0.428228 2.674684 -1.303327 0.434599 2.899686 -1.303600 0.434351 2.599745 -1.356166 0.546560 2.674732 -1.355768 0.536719 2.599735 -1.355676 0.536801 2.749725 -1.354725 0.526844 2.599726 -1.354542 0.527008 2.824720 -1.353056 0.517062 2.599717 -1.352782 0.517310 2.899717 -1.353146 0.516980 2.899725 -1.354907 0.526679 2.899735 -1.356041 0.536469 2.899745 -1.356531 0.546230 2.599793 -1.351698 0.585464 2.674777 -1.353842 0.575827 2.599780 -1.353752 0.575911 2.749767 -1.355372 0.565991 2.599768 -1.355190 0.566157 2.824759 -1.356273 0.556084 2.599756 -1.356000 0.556332 2.899756 -1.356365 0.556002 2.899768 -1.355555 0.565827 2.899780 -1.354117 0.575577 2.899793 -1.352062 0.585135 2.599850 -1.337313 0.621885 2.674834 -1.341860 0.613103 2.599837 -1.341769 0.613185 2.749820 -1.345866 0.603975 2.599821 -1.345683 0.604139 2.824810 -1.349281 0.594611 2.599807 -1.349007 0.594859 2.899806 -1.349372 0.594529 2.899821 -1.346048 0.603809 2.899836 -1.342134 0.612855 2.899851 -1.337677 0.621553 2.599914 -1.313992 0.653338 2.674895 -1.320639 0.646008 2.599898 -1.320548 0.646092 2.749882 -1.326852 0.638202 2.599882 -1.326670 0.638368 2.824869 -1.332556 0.630014 2.599867 -1.332282 0.630262 2.899866 -1.332647 0.629932 2.899882 -1.327035 0.638036 2.899898 -1.320913 0.645760 2.899913 -1.314357 0.653010 2.674959 -1.291624 0.672300 2.599962 -1.291532 0.672384 2.749946 -1.299628 0.666342 2.599946 -1.299445 0.666504 2.824933 -1.307238 0.659883 2.599930 -1.306964 0.660132 2.899930 -1.307329 0.659801 2.899945 -1.299810 0.666176 2.899962 -1.291897 0.672053 2.899978 -1.283676 0.677336 2.600039 -1.247400 0.693271 2.675022 -1.256793 0.690186 2.600024 -1.256701 0.690266 2.750009 -1.266048 0.686474 2.600009 -1.265866 0.686638 2.824997 -1.275053 0.682181 2.599994 -1.274779 0.682429 2.899993 -1.275144 0.682099 2.900009 -1.266231 0.686308 2.900024 -1.257066 0.689938 2.900039 -1.247765 0.692939 2.600092 -1.208667 0.699021 2.675077 -1.218519 0.698448 2.600080 -1.218428 0.698530 2.750066 -1.228402 0.697232 2.600067 -1.228220 0.697398 2.825055 -1.238192 0.695389 2.600053 -1.237918 0.695639 2.900052 -1.238284 0.695307 2.900066 -1.228584 0.697068 2.900079 -1.218792 0.698200 2.900092 -1.209032 0.698693 2.600135 -1.169765 0.694554 2.675123 -1.179411 0.696523 2.600126 -1.179320 0.696605 2.750115 -1.189254 0.697882 2.600115 -1.189071 0.698043 2.825107 -1.199169 0.698606 2.600104 -1.198896 0.698852 2.900104 -1.199260 0.698524 2.900115 -1.189436 0.697715 2.900125 -1.179685 0.696273 2.900134 -1.170129 0.694222 2.600163 -1.133345 0.680168 2.675154 -1.142134 0.684541 2.600157 -1.142043 0.684624 2.750151 -1.151272 0.688373 2.600151 -1.151089 0.688539 2.825145 -1.160643 0.691615 2.600143 -1.160369 0.691863 2.900143 -1.160734 0.691533 2.900151 -1.151455 0.688209 2.900157 -1.142407 0.684295 2.900163 -1.133709 0.679838 2.600176 -1.101889 0.656848 2.675171 -1.109228 0.663321 2.600174 -1.109137 0.663403 2.750171 -1.117045 0.669360 2.600171 -1.116863 0.669526 2.825170 -1.125239 0.674892 2.600168 -1.124966 0.675138 2.900167 -1.125330 0.674808 2.900171 -1.117228 0.669196 2.900174 -1.109502 0.663073 2.900175 -1.102254 0.656516 2.900171 -1.077906 0.625850 2.900174 -1.083210 0.634058 2.825177 -1.083118 0.634140 2.900176 -1.089088 0.641970 2.750175 -1.088905 0.642136 2.900176 -1.095462 0.649489 2.675174 -1.095188 0.649737 2.600176 -1.095097 0.649821 2.600176 -1.088723 0.642302 2.600175 -1.082845 0.634388 2.900151 -1.062324 0.589925 2.900157 -1.065323 0.599226 2.825160 -1.065232 0.599310 2.900163 -1.068953 0.608390 2.750163 -1.068770 0.608556 2.900168 -1.073163 0.617303 2.675165 -1.072890 0.617549 2.600168 -1.072800 0.617633 2.600164 -1.068588 0.608722 2.600158 -1.064958 0.599556 2.600152 -1.061959 0.590255 2.600115 -1.056207 0.551524 2.675123 -1.056787 0.561199 2.600126 -1.056696 0.561281 2.750135 -1.058012 0.570910 2.600135 -1.057830 0.571075 2.825146 -1.059864 0.580526 2.600144 -1.059591 0.580772 2.900144 -1.059955 0.580444 2.900135 -1.058195 0.570743 2.900125 -1.057061 0.560953 2.900115 -1.056572 0.551193 2.600067 -1.060675 0.512621 2.675077 -1.058713 0.522091 2.600080 -1.058621 0.522173 2.750092 -1.057365 0.531761 2.600093 -1.057182 0.531925 2.825107 -1.056646 0.541502 2.600104 -1.056372 0.541750 2.900104 -1.056737 0.541420 2.900092 -1.057546 0.531595 2.900080 -1.058985 0.521845 2.900067 -1.061039 0.512291 2.600010 -1.075060 0.476199 2.675021 -1.070695 0.484815 2.600024 -1.070603 0.484897 2.750039 -1.066872 0.493783 2.600039 -1.066690 0.493945 2.825057 -1.063638 0.502975 2.600054 -1.063366 0.503225 2.900053 -1.063730 0.502893 2.900039 -1.067055 0.493613 2.900024 -1.070968 0.484567 2.900009 -1.075425 0.475869 2.599946 -1.098382 0.444746 2.674960 -1.091916 0.451910 2.599963 -1.091825 0.451992 2.749979 -1.085884 0.459552 2.599979 -1.085703 0.459716 2.824997 -1.080363 0.467572 2.599994 -1.080090 0.467822 2.899993 -1.080454 0.467490 2.899978 -1.086068 0.459388 2.899962 -1.092190 0.451662 2.899947 -1.098745 0.444412 2.674895 -1.120931 0.425618 2.599898 -1.120840 0.425700 2.749914 -1.113109 0.431412 2.599915 -1.112927 0.431578 2.824934 -1.105681 0.437703 2.599931 -1.105409 0.437951 2.899931 -1.105773 0.437619 2.899914 -1.113292 0.431248 2.899898 -1.121205 0.425368 2.899882 -1.129413 0.420064 2.599821 -1.164973 0.404815 2.674833 -1.155762 0.407733 2.599837 -1.155671 0.407815 2.749852 -1.146689 0.411276 2.599852 -1.146506 0.411443 2.824869 -1.137867 0.415405 2.599867 -1.137593 0.415653 2.899867 -1.137959 0.415323 2.899851 -1.146871 0.411113 2.899836 -1.156036 0.407483 2.899821 -1.165337 0.404483 2.599768 -1.203706 0.399064 2.674778 -1.194036 0.399468 2.599780 -1.193945 0.399552 2.749794 -1.184335 0.400520 2.599794 -1.184152 0.400684 2.824810 -1.174728 0.402199 2.599807 -1.174454 0.402443 2.899807 -1.174818 0.402115 2.899794 -1.184517 0.400354 2.899780 -1.194310 0.399222 2.899768 -1.204070 0.398732 2.599726 -1.242608 0.403532 2.674733 -1.233144 0.401392 2.599735 -1.233053 0.401476 2.749745 -1.223484 0.399873 2.599746 -1.223301 0.400039 2.824759 -1.213750 0.398979 2.599756 -1.213477 0.399230 2.899756 -1.213842 0.398897 2.899745 -1.223666 0.399709 2.899735 -1.233418 0.401148 2.899725 -1.242972 0.403202 2.599698 -1.279028 0.417916 2.674700 -1.270421 0.413376 2.599704 -1.270330 0.413458 2.749710 -1.261465 0.409381 2.599710 -1.261283 0.409545 2.824719 -1.252277 0.405973 2.599718 -1.252003 0.406219 2.899717 -1.252368 0.405889 2.899709 -1.261648 0.409213 2.899703 -1.270695 0.413126 2.599687 -1.303236 0.434679 2.599689 -1.295510 0.428556 2.599693 -1.287407 0.422944 2.259917 -0.943626 0.247291 2.259835 -1.051497 0.292124 2.259860 -1.038700 0.300253 2.259885 -1.026266 0.309060 2.259910 -1.014289 0.318484 2.259934 -1.002863 0.328446 2.259889 -0.957031 0.236170 2.259860 -0.970961 0.225601 2.259832 -0.985335 0.215644 2.259803 -1.000072 0.206359 2.259776 -1.015204 0.197732 2.259748 -1.030758 0.189748 2.259721 -1.046642 0.182437 2.259693 -1.062768 0.175852 2.260032 -0.895145 0.297401 2.260003 -0.906415 0.284122 2.259974 -0.918298 0.271296 2.259946 -0.930725 0.258994 2.259959 -0.991964 0.338982 2.259984 -0.981557 0.350113 2.260009 -0.971722 0.361755 2.260034 -0.962536 0.373815 2.260143 -0.856103 0.355172 2.260115 -0.864896 0.340135 2.260087 -0.874370 0.325440 2.260060 -0.884473 0.311168 2.260057 -0.953981 0.386331 2.260082 -0.946029 0.399329 2.260105 -0.938738 0.412712 2.260128 -0.932167 0.426372 2.260246 -0.827686 0.418840 2.260221 -0.833733 0.402506 2.260196 -0.840512 0.386390 2.260169 -0.847982 0.370581 2.260150 -0.926307 0.440352 2.260172 -0.921134 0.454689 2.260194 -0.916685 0.469265 2.260215 -0.912999 0.483968 2.260342 -0.810756 0.486481 2.260319 -0.813875 0.469345 2.260296 -0.817752 0.452292 2.260272 -0.822364 0.435425 2.260235 -0.910074 0.498842 2.260254 -0.907892 0.513923 2.260273 -0.906469 0.529100 2.260290 -0.905818 0.544243 2.260424 -0.805829 0.556030 2.260405 -0.805924 0.538614 2.260385 -0.806783 0.521147 2.260363 -0.808396 0.503737 2.260306 -0.905946 0.559400 2.260322 -0.906845 0.574612 2.260337 -0.908505 0.589763 2.260350 -0.910917 0.604728 2.260492 -0.813053 0.625378 2.260476 -0.810124 0.608211 2.260460 -0.807936 0.590860 2.260443 -0.806500 0.573434 2.260542 -0.832210 0.692420 2.260531 -0.826343 0.676020 2.260519 -0.821176 0.659316 2.260506 -0.816737 0.642402 2.260362 -0.914095 0.619555 2.260374 -0.918037 0.634270 2.260384 -0.922713 0.648778 2.260393 -0.928088 0.662952 2.260574 -0.862718 0.755117 2.260568 -0.854093 0.739984 2.260560 -0.846104 0.724430 2.260551 -0.838796 0.708545 2.260401 -0.934184 0.676830 2.260408 -0.941010 0.690456 2.260413 -0.948508 0.703721 2.260418 -0.956626 0.716523 2.260587 -0.903650 0.811561 2.260585 -0.892528 0.798159 2.260583 -0.881959 0.784227 2.260579 -0.872003 0.769854 2.260421 -0.965391 0.728893 2.260422 -0.974820 0.740868 2.260422 -0.984836 0.752349 2.260422 -0.995365 0.763256 2.260579 -0.953761 0.860043 2.260582 -0.940480 0.848772 2.260585 -0.927653 0.836889 2.260586 -0.915352 0.824464 2.260419 -1.006440 0.773607 2.260416 -1.018086 0.783435 2.260412 -1.030209 0.792669 2.260406 -1.042718 0.801234 2.260551 -1.011530 0.899083 2.260560 -0.996493 0.890292 2.260568 -0.981798 0.880818 2.260574 -0.967526 0.870713 2.260399 -1.055650 0.809144 2.260391 -1.069035 0.816428 2.260381 -1.082769 0.823032 2.260370 -1.096747 0.828904 2.260505 -1.075200 0.927502 2.260519 -1.058865 0.921455 2.260530 -1.042747 0.914673 2.260542 -1.026938 0.907205 2.260359 -1.111007 0.834047 2.260347 -1.125584 0.838486 2.260333 -1.140366 0.842191 2.260317 -1.155238 0.845129 2.260442 -1.142838 0.944432 2.260459 -1.125702 0.941315 2.260476 -1.108651 0.937435 2.260491 -1.091785 0.932827 2.260363 -1.212388 0.949359 2.260383 -1.194970 0.949264 2.260403 -1.177506 0.948406 2.260423 -1.160095 0.946792 2.260301 -1.170242 0.847296 2.260284 -1.185416 0.848713 2.260267 -1.200640 0.849365 2.260248 -1.215800 0.849249 2.260270 -1.281737 0.942137 2.260294 -1.264568 0.945064 2.260318 -1.247220 0.947254 2.260341 -1.229793 0.948688 2.260229 -1.230933 0.848351 2.260209 -1.246080 0.846682 2.260188 -1.261125 0.844260 2.260167 -1.275950 0.841092 2.260168 -1.348778 0.922978 2.260194 -1.332378 0.928846 2.260220 -1.315674 0.934010 2.260246 -1.298761 0.938450 2.260144 -1.290594 0.837168 2.260121 -1.305095 0.832482 2.260098 -1.319343 0.827081 2.260074 -1.333228 0.820996 2.260058 -1.411474 0.892468 2.260086 -1.396342 0.901097 2.260113 -1.380789 0.909086 2.260141 -1.364904 0.916393 2.260051 -1.346780 0.814202 2.260026 -1.360042 0.806694 2.260001 -1.372911 0.798533 2.259977 -1.385287 0.789779 2.259945 -1.467919 0.851539 2.259973 -1.454516 0.862659 2.260002 -1.440585 0.873230 2.260030 -1.426211 0.883186 2.259952 -1.397196 0.780397 2.259927 -1.408675 0.770376 2.259902 -1.419638 0.759792 2.259877 -1.429997 0.748722 2.259830 -1.516400 0.801427 2.259858 -1.505130 0.814710 2.259887 -1.493248 0.827538 2.259915 -1.480821 0.839836 2.259853 -1.439774 0.737136 2.259828 -1.449001 0.725011 2.259804 -1.457607 0.712434 2.259780 -1.465527 0.699506 2.259719 -1.555443 0.743659 2.259746 -1.546650 0.758695 2.259774 -1.537175 0.773392 2.259802 -1.527074 0.787664 2.259757 -1.472772 0.686190 2.259733 -1.479367 0.672450 2.259711 -1.485268 0.658401 2.259689 -1.490424 0.644147 2.259615 -1.583861 0.679990 2.259640 -1.577813 0.696324 2.259665 -1.571034 0.712441 2.259692 -1.563564 0.728252 2.259521 -1.600790 0.612350 2.259542 -1.597672 0.629487 2.259566 -1.593794 0.646536 2.259590 -1.589182 0.663403 2.259668 -1.494839 0.629645 2.259647 -1.498535 0.614860 2.259627 -1.501486 0.599911 2.259608 -1.503666 0.584908 2.259437 -1.605718 0.542802 2.259457 -1.605622 0.560216 2.259476 -1.604763 0.577683 2.259498 -1.603151 0.595093 2.259589 -1.505072 0.569814 2.259571 -1.505716 0.554587 2.259555 -1.505597 0.539350 2.259540 -1.504712 0.524215 2.259370 -1.598493 0.473452 2.259385 -1.601423 0.490621 2.259401 -1.603611 0.507970 2.259419 -1.605046 0.525396 2.259525 -1.503050 0.509147 2.259512 -1.500617 0.494106 2.259499 -1.497433 0.479203 2.259488 -1.493520 0.464556 2.259318 -1.579335 0.406410 2.259330 -1.585203 0.422810 2.259342 -1.590370 0.439515 2.259356 -1.594809 0.456428 2.259477 -1.488859 0.450129 2.259468 -1.483448 0.435886 2.259460 -1.477329 0.421927 2.259454 -1.470548 0.408368 2.259288 -1.548827 0.343715 2.259294 -1.557453 0.358846 2.259301 -1.565442 0.374401 2.259310 -1.572750 0.390287 2.259448 -1.463079 0.395178 2.259444 -1.454909 0.382312 2.259441 -1.446106 0.369874 2.259440 -1.436735 0.357956 2.259275 -1.507896 0.287268 2.259276 -1.519018 0.300675 2.259279 -1.529587 0.314605 2.259283 -1.539543 0.328979 2.259439 -1.426763 0.346537 2.259440 -1.416173 0.335581 2.259442 -1.405046 0.325171 2.259445 -1.393467 0.315385 2.259283 -1.457784 0.238787 2.259279 -1.471066 0.250058 2.259276 -1.483894 0.261941 2.259275 -1.496194 0.274368 2.259310 -1.400017 0.199744 2.259301 -1.415053 0.208538 2.259294 -1.429748 0.218014 2.259288 -1.444020 0.228114 2.259450 -1.381401 0.306206 2.259455 -1.368822 0.297605 2.259462 -1.355827 0.289648 2.259471 -1.342515 0.282393 2.259356 -1.336346 0.171327 2.259342 -1.352680 0.177375 2.259331 -1.368798 0.184154 2.259320 -1.384607 0.191625 2.259480 -1.328849 0.275832 2.259491 -1.314795 0.269941 2.259503 -1.300464 0.264758 2.259516 -1.285965 0.260332 2.259420 -1.268708 0.154397 2.259402 -1.285845 0.157518 2.259386 -1.302895 0.161392 2.259370 -1.319761 0.166005 2.259529 -1.271258 0.256658 2.259544 -1.256306 0.253714 2.259560 -1.241225 0.251523 2.259577 -1.226132 0.250107 2.259499 -1.199158 0.149470 2.259478 -1.216575 0.149566 2.259458 -1.234040 0.150424 2.259438 -1.251450 0.152036 2.259595 -1.210984 0.249468 2.259613 -1.195746 0.249594 2.259633 -1.180533 0.250485 2.259653 -1.165464 0.252136 2.259591 -1.129809 0.156697 2.259567 -1.146978 0.153764 2.259543 -1.164326 0.151580 2.259521 -1.181753 0.150142 2.259674 -1.150499 0.254558 2.259696 -1.135597 0.257751 2.259717 -1.120876 0.261683 2.259741 -1.106447 0.266335 2.259667 -1.079167 0.169986 2.259641 -1.095872 0.164819 2.259616 -1.112785 0.160380 2.259764 -1.092277 0.271724 2.259787 -1.078323 0.277847 2.259811 -1.064695 0.284666 2.344808 -1.064798 0.284571 2.429787 -1.078530 0.277660 2.514766 -1.092587 0.271439 2.344906 -1.014392 0.318388 2.429885 -1.026472 0.308874 2.514863 -1.039010 0.299971 2.345005 -0.971826 0.361661 2.429985 -0.981764 0.349928 2.514962 -0.992274 0.338704 2.345102 -0.938841 0.412616 2.430081 -0.946236 0.399144 2.515060 -0.954291 0.386049 2.345190 -0.916790 0.469171 2.430172 -0.921341 0.454502 2.515153 -0.926617 0.440076 2.345269 -0.906573 0.529004 2.430253 -0.908099 0.513737 2.515238 -0.910384 0.498562 2.345333 -0.908609 0.589668 2.430321 -0.907052 0.574427 2.515309 -0.906257 0.559120 2.345381 -0.922816 0.648684 2.430373 -0.918244 0.634087 2.515365 -0.914405 0.619272 2.345410 -0.948612 0.703627 2.430408 -0.941215 0.690267 2.515404 -0.934493 0.676550 2.345419 -0.984939 0.752258 2.430422 -0.975027 0.740677 2.515423 -0.965702 0.728614 2.345408 -1.030312 0.792578 2.430416 -1.018292 0.783252 2.515423 -1.006750 0.773328 2.345378 -1.082873 0.822939 2.430391 -1.069242 0.816239 2.515402 -1.055961 0.808863 2.345328 -1.140470 0.842097 2.430346 -1.125791 0.838299 2.515362 -1.111317 0.833765 2.345263 -1.200744 0.849272 2.430284 -1.185622 0.848524 2.515304 -1.170553 0.847017 2.345184 -1.261228 0.844164 2.430208 -1.246287 0.846497 2.515232 -1.231243 0.848072 2.345094 -1.319446 0.826988 2.430121 -1.305301 0.832295 2.515147 -1.290904 0.836887 2.344998 -1.373016 0.798443 2.430026 -1.360250 0.806509 2.515053 -1.347091 0.813923 2.344899 -1.419741 0.759698 2.429927 -1.408882 0.770189 2.514955 -1.397506 0.780117 2.344800 -1.457712 0.712338 2.429828 -1.449207 0.724822 2.514856 -1.440084 0.736856 2.344708 -1.485371 0.658309 2.429733 -1.479575 0.672265 2.514759 -1.473082 0.685910 2.344624 -1.501589 0.599816 2.429647 -1.498742 0.614671 2.514670 -1.495149 0.629363 2.344552 -1.505700 0.539254 2.429572 -1.505923 0.554400 2.514592 -1.505382 0.569532 2.344495 -1.497536 0.479105 2.429511 -1.500824 0.493919 2.514528 -1.503361 0.508868 2.344456 -1.477432 0.421836 2.429468 -1.483655 0.435699 2.514480 -1.489170 0.449850 2.344438 -1.446210 0.369781 2.429444 -1.455116 0.382125 2.514451 -1.463388 0.394899 2.344439 -1.405149 0.325076 2.429439 -1.416380 0.335396 2.514441 -1.427074 0.346261 2.344460 -1.355929 0.289552 2.429455 -1.369028 0.297418 2.514453 -1.381711 0.305926 2.344499 -1.300567 0.264666 2.429490 -1.315002 0.269752 2.514483 -1.329158 0.275551 2.344557 -1.241327 0.251429 2.429544 -1.256511 0.253527 2.514532 -1.271567 0.256377 2.344629 -1.180637 0.250393 2.429613 -1.195953 0.249409 2.514597 -1.211295 0.249188 2.344714 -1.120980 0.261592 2.429695 -1.135806 0.257564 2.514677 -1.150809 0.254280 2.673150 -2.134296 -0.041611 2.748146 -2.118323 -0.066208 2.823141 -2.101705 -0.090369 2.898134 -2.084479 -0.114039 2.898138 -2.101797 -0.090451 2.898145 -2.118505 -0.066372 2.898152 -2.134570 -0.041859 2.898160 -2.149953 -0.016964 2.673192 -2.191813 0.060376 2.748182 -2.178537 0.034213 2.823174 -2.164573 0.008412 2.898170 -2.164664 0.008330 2.898182 -2.178718 0.034047 2.898194 -2.192086 0.060128 2.898207 -2.204735 0.086517 2.673254 -2.238162 0.167899 2.748239 -2.227734 0.140463 2.823226 -2.216585 0.113314 2.898223 -2.216676 0.113232 2.898239 -2.227917 0.140297 2.898257 -2.238436 0.167653 2.898275 -2.248209 0.195236 2.673334 -2.272821 0.279742 2.748316 -2.265360 0.251341 2.823297 -2.257150 0.223152 2.898295 -2.257242 0.223068 2.898315 -2.265542 0.251177 2.898337 -2.273094 0.279494 2.898360 -2.279880 0.307957 2.673433 -2.295395 0.394633 2.748410 -2.290987 0.365592 2.823387 -2.285812 0.336677 2.898384 -2.285903 0.336595 2.898410 -2.291169 0.365426 2.898436 -2.295668 0.394385 2.898463 -2.299390 0.423411 2.673549 -2.305630 0.511274 2.748522 -2.304325 0.481919 2.823495 -2.302244 0.452608 2.898492 -2.302336 0.452524 2.898521 -2.304508 0.481753 2.898551 -2.305903 0.511025 2.898583 -2.306518 0.540282 2.673681 -2.303407 0.628341 2.748649 -2.305221 0.599003 2.823619 -2.306260 0.569628 2.898616 -2.306351 0.569546 2.898649 -2.305404 0.598839 2.898684 -2.303680 0.628093 2.898719 -2.301183 0.657251 2.673826 -2.288753 0.744509 2.748791 -2.293669 0.715519 2.823757 -2.297815 0.686413 2.898754 -2.297906 0.686329 2.898791 -2.293851 0.715353 2.898828 -2.289027 0.744261 2.898868 -2.283445 0.772985 2.673984 -2.261836 0.858461 2.748946 -2.269796 0.830147 2.823910 -2.277005 0.801635 2.898907 -2.277098 0.801551 2.898947 -2.269981 0.829983 2.898987 -2.262112 0.858215 2.899028 -2.253505 0.886182 2.674153 -2.222958 0.968907 2.749112 -2.233874 0.941590 2.824073 -2.244064 0.913996 2.899070 -2.244154 0.913912 2.899113 -2.234054 0.941424 2.899156 -2.223231 0.968659 2.899199 -2.211703 0.995555 2.674331 -2.172561 1.074594 2.749288 -2.186310 1.048582 2.824246 -2.199368 1.022217 2.899243 -2.199460 1.022133 2.899288 -2.186495 1.048416 2.899333 -2.172836 1.074347 2.899379 -2.158511 1.099865 2.674515 -2.111215 1.174325 2.749470 -2.127644 1.149910 2.824428 -2.143421 1.125074 2.899425 -2.143511 1.124992 2.899471 -2.127825 1.149746 2.899517 -2.111490 1.174079 2.899564 -2.094535 1.197930 2.674704 -2.039616 1.266972 2.749659 -2.058538 1.244434 2.824615 -2.076858 1.221404 2.899611 -2.076948 1.221320 2.899658 -2.058721 1.244270 2.899708 -2.039890 1.266724 2.899755 -2.020496 1.288638 2.674895 -1.958575 1.351483 2.749850 -1.979777 1.331071 2.824805 -2.000433 1.310109 2.899802 -2.000524 1.310027 2.899849 -1.979960 1.330905 2.899898 -1.958849 1.351237 2.899946 -1.937236 1.370965 2.675088 -1.869010 1.426898 2.750042 -1.892254 1.408851 2.824996 -1.915013 1.390191 2.899994 -1.915103 1.390107 2.900043 -1.892436 1.408685 2.900089 -1.869284 1.426655 2.900137 -1.845697 1.443974 2.675276 -1.771936 1.492370 2.750233 -1.796959 1.476882 2.825188 -1.821564 1.460737 2.900185 -1.821654 1.460655 2.900233 -1.797140 1.476716 2.900279 -1.772210 1.492122 2.900326 -1.746916 1.506837 2.675463 -1.668453 1.547152 2.750420 -1.694972 1.534401 2.825376 -1.721146 1.520952 2.900373 -1.721236 1.520870 2.900419 -1.695155 1.534237 2.900466 -1.668727 1.546904 2.900512 -1.642012 1.558846 2.675643 -1.559734 1.590622 2.750602 -1.587449 1.580752 2.825560 -1.614895 1.570152 2.900557 -1.614986 1.570070 2.900602 -1.587631 1.580586 2.900645 -1.560007 1.590376 2.900690 -1.532174 1.599412 2.675816 -1.447009 1.622291 2.750776 -1.475609 1.615415 2.825736 -1.504018 1.607781 2.900733 -1.504109 1.607699 2.900776 -1.475792 1.615250 2.900818 -1.447283 1.622043 2.900860 -1.418647 1.628068 2.675977 -1.331557 1.641799 2.750941 -1.360717 1.637991 2.825903 -1.389768 1.633409 2.900901 -1.389860 1.633327 2.900940 -1.360900 1.637823 2.900979 -1.331830 1.641551 2.901019 -1.302716 1.644500 2.676127 -1.214686 1.648923 2.751093 -1.244077 1.648225 2.826058 -1.273443 1.646751 2.901057 -1.273534 1.646669 2.901093 -1.244260 1.648061 2.901129 -1.214960 1.648674 2.901164 -1.185697 1.648514 2.676263 -1.097719 1.643586 2.751233 -1.127010 1.646008 2.826202 -1.156357 1.647649 2.901199 -1.156449 1.647569 2.901233 -1.127192 1.645839 2.901265 -1.097992 1.643338 2.901298 -1.068913 1.640065 2.676384 -0.981983 1.625845 2.751359 -1.010842 1.631354 2.826331 -1.039840 1.636099 2.901329 -1.039931 1.636015 2.901359 -1.011025 1.631191 2.901388 -0.982256 1.625597 2.901414 -0.953690 1.619252 2.676489 -0.868787 1.595903 2.751467 -0.896890 1.604439 2.826445 -0.925210 1.612227 2.901442 -0.925302 1.612147 2.901468 -0.897072 1.604275 2.901492 -0.869061 1.595657 2.901515 -0.841330 1.586311 2.676576 -0.759416 1.554098 2.751559 -0.786444 1.565563 2.826541 -0.813768 1.576308 2.901538 -0.813860 1.576228 2.901559 -0.786626 1.565399 2.901578 -0.759689 1.553850 2.901598 -0.733109 1.541613 2.676644 -0.655108 1.500907 2.751632 -0.680756 1.515167 2.826619 -0.706775 1.528748 2.901616 -0.706866 1.528664 2.901632 -0.680938 1.515001 2.901648 -0.655381 1.500659 2.901662 -0.630253 1.485661 2.676694 -0.557044 1.436927 2.751686 -0.581022 1.453822 2.826677 -0.605442 1.470082 2.901674 -0.605534 1.469998 2.901685 -0.581205 1.453658 2.901696 -0.557318 1.436681 2.901705 -0.533925 1.419098 2.676722 -0.466337 1.362887 2.751719 -0.488375 1.382227 2.826716 -0.510921 1.400978 2.901713 -0.511012 1.400896 2.901719 -0.488558 1.382063 2.901725 -0.466610 1.362640 2.901729 -0.445220 1.342670 2.676731 -0.384013 1.279625 2.751733 -0.403863 1.301187 2.826735 -0.424280 1.322219 2.901732 -0.424370 1.322135 2.901733 -0.404045 1.301023 2.901733 -0.384286 1.279380 2.901732 -0.365140 1.257247 2.676719 -0.311006 1.188084 2.751727 -0.328443 1.211625 2.826733 -0.346501 1.234697 2.901730 -0.346592 1.234613 2.901726 -0.328626 1.211459 2.901721 -0.311279 1.187838 2.901715 -0.294594 1.163797 2.676687 -0.248144 1.089304 2.751700 -0.262971 1.114552 2.826710 -0.278466 1.139403 2.901708 -0.278557 1.139317 2.901699 -0.263155 1.114386 2.901689 -0.248418 1.089054 2.901678 -0.234381 1.063378 2.676635 -0.196136 0.984397 2.751652 -0.208187 1.011071 2.826669 -0.220944 1.037415 2.901666 -0.221035 1.037333 2.901652 -0.208370 1.010903 2.901637 -0.196411 0.984149 2.901622 -0.185182 0.957124 2.676563 -0.155574 0.874560 2.751586 -0.164714 0.902350 2.826607 -0.174590 0.929893 2.901604 -0.174680 0.929813 2.901585 -0.164896 0.902186 2.901566 -0.155848 0.874310 2.901545 -0.147557 0.846247 2.676473 -0.126917 0.761033 2.751501 -0.133043 0.789626 2.826526 -0.139928 0.818055 2.901523 -0.140018 0.817971 2.901500 -0.133225 0.789464 2.901476 -0.127191 0.760783 2.901450 -0.121930 0.731998 2.676366 -0.110490 0.645100 2.751397 -0.113534 0.674176 2.826427 -0.117349 0.703165 2.901424 -0.117440 0.703081 2.901397 -0.113716 0.674012 2.901368 -0.110764 0.644854 2.901339 -0.108592 0.615671 2.676242 -0.106479 0.528080 2.751277 -0.106405 0.557304 2.826311 -0.107110 0.586522 2.901308 -0.107202 0.586440 2.901277 -0.106589 0.557140 2.901245 -0.106753 0.527833 2.901211 -0.107695 0.498583 2.676103 -0.114928 0.411299 2.751142 -0.111741 0.440339 2.826179 -0.109328 0.469455 2.901177 -0.109418 0.469373 2.901141 -0.111923 0.440175 2.901106 -0.115202 0.411051 2.901069 -0.119248 0.382071 2.675951 -0.135743 0.296076 2.750993 -0.129478 0.324601 2.826034 -0.123976 0.353286 2.901031 -0.124067 0.353204 2.900993 -0.129660 0.324437 2.900953 -0.136016 0.295826 2.900913 -0.143121 0.267439 2.675787 -0.168689 0.183718 2.750832 -0.159418 0.211408 2.825875 -0.150889 0.239333 2.900873 -0.150982 0.239251 2.900832 -0.159601 0.211242 2.900790 -0.168962 0.183470 2.900747 -0.179042 0.155995 2.675614 -0.213389 0.075496 2.750661 -0.201221 0.102036 2.825707 -0.189763 0.128886 2.900705 -0.189854 0.128804 2.900661 -0.201402 0.101868 2.900617 -0.213661 0.075246 2.900572 -0.226606 0.049005 2.675433 -0.269339 -0.027357 2.750482 -0.254411 -0.002276 2.825530 -0.240157 0.023198 2.900527 -0.240248 0.023116 2.900481 -0.254594 -0.002441 2.900435 -0.269611 -0.027609 2.900389 -0.285274 -0.052328 2.675246 -0.335906 -0.123683 2.750296 -0.318388 -0.100340 2.825346 -0.301498 -0.076537 2.900343 -0.301591 -0.076619 2.900296 -0.318571 -0.100505 2.900248 -0.336179 -0.123933 2.900201 -0.354379 -0.146846 2.675055 -0.412334 -0.212388 2.750106 -0.392426 -0.191050 2.825156 -0.373093 -0.169186 2.900154 -0.373185 -0.169270 2.900106 -0.392609 -0.191214 2.900058 -0.412607 -0.212638 2.900011 -0.433140 -0.233486 2.674863 -0.497759 -0.292466 2.749914 -0.475687 -0.273375 2.824965 -0.454131 -0.253699 2.899963 -0.454223 -0.253779 2.899914 -0.475870 -0.273535 2.899866 -0.498032 -0.292712 2.899818 -0.520664 -0.311264 2.674673 -0.591210 -0.363009 2.749722 -0.567225 -0.346383 2.824773 -0.543693 -0.329120 2.899770 -0.543784 -0.329202 2.899723 -0.567408 -0.346549 2.899675 -0.591484 -0.363259 2.899627 -0.615960 -0.379296 2.674484 -0.691630 -0.423220 2.749534 -0.666007 -0.409249 2.824583 -0.640764 -0.394596 2.899580 -0.640855 -0.394678 2.899533 -0.666188 -0.409411 2.899487 -0.691905 -0.423468 2.899441 -0.717946 -0.436818 2.674300 -0.797883 -0.472417 2.749348 -0.770910 -0.461255 2.824398 -0.744244 -0.449381 2.899394 -0.744335 -0.449463 2.899348 -0.771092 -0.461419 2.899304 -0.798156 -0.472664 2.899258 -0.825470 -0.483168 2.674124 -0.908762 -0.510041 2.749170 -0.880748 -0.501819 2.824218 -0.852963 -0.492857 2.899214 -0.853053 -0.492939 2.899170 -0.880930 -0.501983 2.899127 -0.909036 -0.510285 2.899084 -0.937311 -0.517827 2.673957 -1.023012 -0.535665 2.749001 -0.994274 -0.530479 2.824045 -0.965686 -0.524529 2.899042 -0.965777 -0.524611 2.899000 -0.994456 -0.530643 2.898960 -1.023285 -0.535913 2.898920 -1.052202 -0.540405 2.673801 -1.139338 -0.549000 2.748842 -1.110204 -0.546907 2.823883 -1.081136 -0.544039 2.898880 -1.081228 -0.544125 2.898841 -1.110386 -0.547071 2.898804 -1.139612 -0.549246 2.898767 -1.168842 -0.550643 2.673658 -1.256424 -0.549894 2.748695 -1.227223 -0.550921 2.823733 -1.198008 -0.551170 2.898730 -1.198099 -0.551256 2.898695 -1.227405 -0.551091 2.898660 -1.256697 -0.550142 2.898627 -1.285909 -0.548422 2.673529 -1.372941 -0.538339 2.748563 -1.344006 -0.542476 2.823597 -1.314975 -0.545838 2.898594 -1.315066 -0.545920 2.898562 -1.344188 -0.542636 2.898531 -1.373213 -0.538584 2.898502 -1.402078 -0.533772 2.673416 -1.487569 -0.514464 2.748445 -1.459230 -0.521662 2.823476 -1.430712 -0.528103 2.898473 -1.430804 -0.528185 2.898445 -1.459413 -0.521830 2.898418 -1.487843 -0.514714 2.898392 -1.516032 -0.506854 2.673321 -1.599010 -0.478539 2.748345 -1.571589 -0.488719 2.823371 -1.543909 -0.498163 2.898368 -1.544000 -0.498243 2.898345 -1.571771 -0.488883 2.898323 -1.599284 -0.478789 2.898301 -1.626478 -0.467979 2.673241 -1.706002 -0.430974 2.748263 -1.679809 -0.444020 2.823284 -1.653282 -0.456366 2.898281 -1.653373 -0.456446 2.898262 -1.679992 -0.444184 2.898244 -1.706275 -0.431222 2.898228 -1.732167 -0.417586 2.673183 -1.807331 -0.372306 2.748199 -1.782665 -0.388072 2.823215 -1.757592 -0.403175 2.898213 -1.757683 -0.403257 2.898199 -1.782848 -0.388238 2.898186 -1.807605 -0.372552 2.898174 -1.831900 -0.356239 2.673144 -1.901851 -0.303198 2.748155 -1.878992 -0.321507 2.823166 -1.855659 -0.339200 2.898164 -1.855750 -0.339282 2.898155 -1.879175 -0.321671 2.898147 -1.902124 -0.303446 2.898140 -1.924547 -0.284644 2.673125 -1.988489 -0.224435 2.748131 -1.967698 -0.245079 2.823138 -1.946369 -0.265166 2.898135 -1.946459 -0.265248 2.898131 -1.967880 -0.245245 2.898128 -1.988762 -0.224681 2.898127 -2.009060 -0.203601 2.673127 -2.066264 -0.136908 2.748128 -2.047777 -0.159659 2.823129 -2.028695 -0.181905 2.898127 -2.028786 -0.181985 2.898128 -2.047960 -0.159823 2.898130 -2.066538 -0.137156 2.899693 -1.340335 0.480904 2.899698 -1.344843 0.490675 2.899704 -1.348658 0.500739 2.899712 -1.351718 0.510943 2.899685 -1.308254 0.438454 2.899684 -1.315812 0.445958 2.899684 -1.322891 0.454064 2.899686 -1.329387 0.462645 2.899701 -1.273071 0.414267 2.899696 -1.282438 0.419342 2.899691 -1.291514 0.425124 2.899687 -1.300164 0.431525 2.899736 -1.232499 0.400974 2.899725 -1.242916 0.403200 2.899717 -1.253253 0.406191 2.899708 -1.263357 0.409898 2.899721 -1.354020 0.521345 2.899731 -1.355592 0.531987 2.899741 -1.356418 0.542719 2.899753 -1.356479 0.553370 2.899765 -1.355758 0.563998 2.899779 -1.354268 0.574654 2.899793 -1.352037 0.585184 2.899809 -1.349093 0.595422 2.899824 -1.345405 0.605413 2.899840 -1.340973 0.615221 2.899857 -1.335868 0.624692 2.899873 -1.330159 0.633686 2.899890 -1.323807 0.642239 2.899909 -1.316791 0.650397 2.899925 -1.309223 0.658050 2.899943 -1.301212 0.665072 2.899960 -1.292707 0.671482 2.899995 -1.274259 0.682546 2.900012 -1.264596 0.687025 2.900028 -1.254629 0.690784 2.900044 -1.244315 0.693856 2.900059 -1.233812 0.696199 2.900073 -1.223277 0.697777 2.900087 -1.212655 0.698574 2.900100 -1.201893 0.698615 2.900113 -1.191155 0.697904 2.900124 -1.180604 0.696450 2.900135 -1.170186 0.694222 2.900143 -1.159849 0.691232 2.900152 -1.149746 0.687524 2.900159 -1.140032 0.683155 2.900164 -1.130664 0.678084 2.900169 -1.121588 0.672301 2.900173 -1.112939 0.665896 2.900175 -1.104849 0.658968 2.900176 -1.097290 0.651464 2.900176 -1.090211 0.643356 2.900173 -1.083716 0.634777 2.900167 -1.072767 0.616518 2.900162 -1.068259 0.606746 2.900156 -1.064444 0.596683 2.900148 -1.061384 0.586481 2.900139 -1.059083 0.576080 2.900129 -1.057510 0.565437 2.900119 -1.056684 0.554703 2.900107 -1.056624 0.544054 2.900095 -1.057345 0.533426 2.900081 -1.058835 0.522766 2.900067 -1.061065 0.512236 2.900052 -1.064009 0.502002 2.900036 -1.067696 0.492008 2.900020 -1.072129 0.482203 2.900004 -1.077235 0.472730 2.899987 -1.082943 0.463736 2.899969 -1.089295 0.455185 2.899952 -1.096311 0.447025 2.899935 -1.103879 0.439374 2.899917 -1.111890 0.432354 2.899899 -1.120395 0.425939 2.899865 -1.138842 0.414878 2.899848 -1.148506 0.410397 2.899833 -1.158473 0.406640 2.899817 -1.168786 0.403566 2.899801 -1.179290 0.401224 2.899786 -1.189825 0.399645 2.899772 -1.200448 0.398848 2.899759 -1.211209 0.398806 2.899747 -1.221947 0.399518 2.344828 -0.985439 0.215550 2.429860 -0.971167 0.225412 2.514891 -0.957341 0.235888 2.344717 -1.046746 0.182345 2.429748 -1.030964 0.189559 2.514778 -1.015514 0.197456 2.344612 -1.112889 0.160286 2.429641 -1.096079 0.164632 2.514670 -1.079478 0.169705 2.344517 -1.181856 0.150048 2.429543 -1.164533 0.151389 2.514570 -1.147288 0.153483 2.344435 -1.251555 0.151942 2.429457 -1.234246 0.150237 2.514480 -1.216886 0.149285 2.344367 -1.319864 0.165913 2.429385 -1.303101 0.161207 2.514405 -1.286154 0.157236 2.344316 -1.384710 0.191533 2.429330 -1.369005 0.183967 2.514346 -1.352990 0.177096 2.344284 -1.444124 0.228021 2.429294 -1.429955 0.217827 2.514304 -1.415362 0.208257 2.344272 -1.496297 0.274274 2.429276 -1.484100 0.261754 2.514282 -1.471376 0.249777 2.344279 -1.539647 0.328884 2.429279 -1.529793 0.314416 2.514279 -1.519329 0.300393 2.344305 -1.572855 0.390193 2.429301 -1.565649 0.374212 2.514297 -1.557763 0.358566 2.344352 -1.594912 0.456334 2.429342 -1.590577 0.439328 2.514333 -1.585512 0.422531 2.344415 -1.605149 0.525301 2.429402 -1.603817 0.507781 2.514388 -1.601733 0.490342 2.344495 -1.603254 0.594999 2.429477 -1.604971 0.577496 2.514459 -1.605931 0.559940 2.344587 -1.589285 0.663310 2.429565 -1.594001 0.646349 2.514545 -1.597981 0.629206 2.344689 -1.563667 0.728157 2.429666 -1.571240 0.712255 2.514643 -1.578123 0.696042 2.344799 -1.527177 0.787570 2.429774 -1.537382 0.773205 2.514750 -1.546961 0.758415 2.344912 -1.480925 0.839744 2.429887 -1.493455 0.827349 2.514861 -1.505442 0.814428 2.345026 -1.426315 0.883094 2.430001 -1.440792 0.873042 2.514975 -1.454826 0.862382 2.345138 -1.365007 0.916300 2.430114 -1.380995 0.908899 2.515089 -1.396652 0.900815 2.345242 -1.298865 0.938357 2.430220 -1.315880 0.933825 2.515197 -1.332688 0.928564 2.345337 -1.229896 0.948596 2.430317 -1.247426 0.947067 2.515297 -1.264878 0.944786 2.345421 -1.160198 0.946700 2.430404 -1.177713 0.948219 2.515386 -1.195280 0.948983 2.345488 -1.091889 0.932731 2.430476 -1.108858 0.937248 2.515462 -1.126012 0.941035 2.345538 -1.027042 0.907111 2.430530 -1.042955 0.914488 2.515522 -1.059176 0.921175 2.345571 -0.967629 0.870622 2.430567 -0.982005 0.880633 2.515563 -0.996803 0.890013 2.345583 -0.915455 0.824367 2.430585 -0.927860 0.836702 2.515585 -0.940790 0.848492 2.345576 -0.872106 0.769761 2.430582 -0.882166 0.784040 2.515588 -0.892837 0.797876 2.345549 -0.838898 0.708451 2.430560 -0.846310 0.724243 2.515571 -0.854403 0.739703 2.345503 -0.816840 0.642310 2.430519 -0.821384 0.659127 2.515534 -0.826653 0.675740 2.345439 -0.806604 0.573342 2.430460 -0.808141 0.590673 2.515479 -0.810433 0.607930 2.345360 -0.808499 0.503642 2.430384 -0.806990 0.520962 2.515408 -0.806234 0.538329 2.345268 -0.822467 0.435333 2.430295 -0.817960 0.452107 2.515322 -0.814185 0.469063 2.345166 -0.848087 0.370488 2.430195 -0.840719 0.386203 2.515224 -0.834043 0.402227 2.345056 -0.884576 0.311076 2.430087 -0.874577 0.325253 2.515118 -0.865205 0.339854 2.344942 -0.930828 0.258900 2.429975 -0.918505 0.271109 2.515006 -0.906724 0.283841</float_array>
          <technique_common>
            <accessor source="#Part9_Centro_001-mesh-positions-array" count="2701" stride="3">
              <param name="X" type="float" />
              <param name="Y" type="float" />
              <param name="Z" type="float" />
            </accessor>
          </technique_common>
        </source>
        <source id="Part9_Centro_001-mesh-normals">
          <float_array id="Part9_Centro_001-mesh-normals-array" count="15282">0.987515 -0.001450 -0.157521 0.987514 -0.001451 -0.157528 0.987860 -0.000951 0.155346 0.987860 -0.000951 0.155345 0.891504 -0.000356 0.453013 0.891515 -0.000360 0.452991 0.707892 0.000267 0.706321 0.707878 0.000270 0.706335 0.454959 0.000872 0.890512 0.454957 0.000873 0.890513 0.157491 0.001389 0.987520 0.157530 0.001383 0.987513 -0.155367 0.001763 0.987855 -0.155333 0.001757 0.987861 -0.452968 0.001966 0.891525 -0.453031 0.001977 0.891493 -0.706323 0.001990 0.707886 -0.706346 0.001995 0.707863 -0.890518 0.001813 0.454945 -0.890498 0.001806 0.454983 -0.987512 0.001449 0.157540 -0.987515 0.001453 0.157520 -0.987860 0.000950 -0.155347 -0.987859 0.000951 -0.155351 -0.891506 0.000358 -0.453009 -0.891506 0.000358 -0.453009 -0.707911 -0.000271 -0.706302 -0.707852 -0.000258 -0.706360 -0.454955 -0.000856 -0.890514 -0.455022 -0.000868 -0.890480 -0.157492 -0.001383 -0.987519 -0.157490 -0.001383 -0.987520 0.155372 -0.001764 -0.987854 0.155334 -0.001770 -0.987861 0.452966 -0.001977 -0.891526 0.452966 -0.001977 -0.891526 0.706346 -0.001990 -0.707864 0.706341 -0.001991 -0.707869 0.890497 -0.001810 -0.454986 0.890507 -0.001807 -0.454965 0.987515 -0.001451 -0.157520 0.987516 -0.001450 -0.157512 0.987861 -0.000952 0.155341 0.987860 -0.000951 0.155346 0.891497 -0.000358 0.453026 0.891503 -0.000360 0.453016 0.707894 0.000267 0.706318 0.707878 0.000270 0.706335 0.454989 0.000873 0.890497 0.454988 0.000873 0.890497 0.157492 0.001389 0.987519 0.157529 0.001383 0.987513 -0.155332 0.001763 0.987861 -0.155332 0.001763 0.987861 -0.453001 0.001971 0.891508 -0.453000 0.001971 0.891508 -0.706320 0.001986 0.707890 -0.706346 0.001991 0.707864 -0.890516 0.001810 0.454949 -0.890503 0.001806 0.454974 -0.987514 0.001450 0.157528 -0.987515 0.001451 0.157518 -0.987858 0.000953 -0.155355 -0.987860 0.000951 -0.155346 -0.891510 0.000360 -0.453001 -0.891507 0.000361 -0.453007 -0.707894 -0.000266 -0.706318 -0.707898 -0.000267 -0.706315 -0.454926 -0.000867 -0.890529 -0.454956 -0.000872 -0.890514 -0.157571 -0.001389 -0.987507 -0.157531 -0.001383 -0.987513 0.155373 -0.001764 -0.987854 0.155373 -0.001764 -0.987854 0.452995 -0.001972 -0.891511 0.453038 -0.001964 -0.891489 0.706325 -0.001979 -0.707885 0.706321 -0.001980 -0.707889 0.890516 -0.001802 -0.454949 0.890495 -0.001809 -0.454990 0.987516 -0.001450 -0.157511 0.987516 -0.001450 -0.157511 0.987858 -0.000952 0.155356 0.987860 -0.000954 0.155345 0.891519 -0.000364 0.452984 0.891506 -0.000360 0.453008 0.707893 0.000267 0.706320 0.707878 0.000270 0.706335 0.454929 0.000873 0.890528 0.454959 0.000867 0.890512 0.157569 0.001383 0.987507 0.157530 0.001389 0.987513 -0.155332 0.001770 0.987861 -0.155291 0.001764 0.987867 -0.453027 0.001971 0.891495 -0.453031 0.001972 0.891493 -0.706348 0.001987 0.707862 -0.706345 0.001986 0.707865 -0.890501 0.001807 0.454977 -0.890498 0.001806 0.454983 -0.987514 0.001449 0.157528 -0.987514 0.001450 0.157522 -0.987858 0.000952 -0.155355 -0.987860 0.000951 -0.155346 -0.891507 0.000361 -0.453006 -0.891505 0.000362 -0.453011 -0.707856 -0.000265 -0.706357 -0.707881 -0.000271 -0.706331 -0.455020 -0.000873 -0.890481 -0.454985 -0.000867 -0.890498 -0.157490 -0.001383 -0.987520 -0.157490 -0.001383 -0.987520 0.155332 -0.001763 -0.987861 0.155295 -0.001770 -0.987867 0.453002 -0.001977 -0.891507 0.452996 -0.001978 -0.891510 0.706320 -0.001991 -0.707889 0.706346 -0.001986 -0.707864 0.890504 -0.001806 -0.454972 0.890503 -0.001807 -0.454975 -0.999999 0.001216 0.001100 -0.999999 0.001216 0.001100 -0.001102 -0.001593 -0.999998 -0.001102 -0.001594 -0.999998 0.999999 -0.001215 -0.001100 0.999999 -0.001215 -0.001100 0.001109 0.001599 0.999998 0.001102 0.001593 0.999998 0.999999 -0.001215 -0.001100 0.999999 -0.001216 -0.001099 -0.001109 -0.001593 -0.999998 -0.001109 -0.001593 -0.999998 0.999999 -0.001215 -0.001100 0.999999 -0.001216 -0.001100 0.001115 0.001606 0.999998 0.001096 0.001586 0.999998 0.999999 -0.001215 -0.001100 0.999999 -0.001216 -0.001099 0.001101 0.001593 0.999998 0.001102 0.001600 0.999998 -0.001209 -0.999998 0.001599 -0.001214 -0.999998 0.001596 -0.001211 -0.999998 0.001594 -0.001213 -0.999998 0.001596 -0.001218 -0.999998 0.001596 -0.001213 -0.999998 0.001596 -0.001204 -0.999998 0.001596 -0.001212 -0.999998 0.001596 -0.001220 -0.999998 0.001596 -0.001216 -0.999998 0.001596 -0.001208 -0.999998 0.001596 -0.001221 -0.999998 0.001597 -0.001219 -0.999998 0.001597 -0.001221 -0.999998 0.001597 -0.001216 -0.999998 0.001597 -0.001207 -0.999998 0.001596 -0.001213 -0.999998 0.001596 -0.001216 -0.999998 0.001597 -0.001220 -0.999998 0.001597 -0.001192 -0.999998 0.001596 -0.001215 -0.999998 0.001596 -0.001214 -0.999998 0.001596 -0.001213 -0.999998 0.001604 -0.001214 -0.999998 0.001589 -0.001218 -0.999998 0.001596 -0.001215 -0.999998 0.001596 -0.001214 -0.999998 0.001596 -0.001217 -0.999998 0.001593 -0.001211 -0.999998 0.001599 -0.001204 -0.999998 0.001596 -0.001228 -0.999998 0.001597 -0.001220 -0.999998 0.001597 -0.001203 -0.999998 0.001596 -0.001209 -0.999998 0.001596 -0.001209 -0.999998 0.001596 -0.001219 -0.999998 0.001596 -0.001219 -0.999998 0.001596 -0.001205 -0.999998 0.001596 -0.001209 -0.999998 0.001596 -0.001225 -0.999998 0.001596 -0.001219 -0.999998 0.001596 -0.001213 -0.999998 0.001596 -0.001222 -0.999998 0.001596 -0.001215 -0.999998 0.001596 -0.001214 -0.999998 0.001604 -0.001214 -0.999998 0.001589 -0.001211 -0.999998 0.001594 -0.001220 -0.999998 0.001601 -0.001214 -0.999998 0.001595 -0.001214 -0.999998 0.001596 -0.001213 -0.999998 0.001596 -0.001213 -0.999998 0.001598 -0.001215 -0.999998 0.001595 -0.001214 -0.999998 0.001597 -0.001210 -0.999998 0.001591 -0.001209 -0.999998 0.001592 -0.001218 -0.999998 0.001600 -0.001216 -0.999998 0.001598 -0.001214 -0.999998 0.001597 -0.001215 -0.999998 0.001595 -0.001221 -0.999998 0.001590 -0.001215 -0.999998 0.001595 -0.001209 -0.999998 0.001601 -0.001214 -0.999998 0.001596 -0.001210 -0.999998 0.001592 -0.001219 -0.999998 0.001600 -0.001208 -0.999998 0.001591 -0.001208 -0.999998 0.001590 -0.001215 -0.999998 0.001596 -0.001215 -0.999998 0.001593 -0.001216 -0.999998 0.001610 -0.001213 -0.999998 0.001596 -0.001213 -0.999998 0.001596 -0.001214 -0.999998 0.001596 0.001210 0.999998 -0.001594 0.001215 0.999998 -0.001596 0.001188 0.999998 -0.001606 0.001214 0.999998 -0.001596 0.001215 0.999998 -0.001596 0.001218 0.999998 -0.001596 0.001226 0.999998 -0.001596 0.001202 0.999998 -0.001597 0.001204 0.999998 -0.001597 0.001220 0.999998 -0.001596 0.001209 0.999998 -0.001596 0.001230 0.999998 -0.001594 0.001230 0.999998 -0.001594 0.001199 0.999998 -0.001597 0.001220 0.999998 -0.001597 0.001205 0.999998 -0.001598 0.001187 0.999998 -0.001598 0.001226 0.999998 -0.001596 0.001241 0.999998 -0.001596 0.001238 0.999998 -0.001596 0.001215 0.999998 -0.001596 0.001214 0.999998 -0.001596 0.001212 0.999998 -0.001596 0.001213 0.999998 -0.001596 0.001195 0.999998 -0.001596 0.001216 0.999998 -0.001596 0.001214 0.999998 -0.001596 0.001222 0.999998 -0.001601 0.001212 0.999998 -0.001594 0.001212 0.999998 -0.001597 0.001203 0.999998 -0.001597 0.001204 0.999998 -0.001597 0.001208 0.999998 -0.001597 0.001220 0.999998 -0.001597 0.001240 0.999998 -0.001595 0.001209 0.999998 -0.001595 0.001199 0.999998 -0.001596 0.001220 0.999998 -0.001596 0.001226 0.999998 -0.001595 0.001219 0.999998 -0.001595 0.001198 0.999998 -0.001596 0.001194 0.999998 -0.001596 0.001258 0.999998 -0.001594 0.001214 0.999998 -0.001594 0.001215 0.999998 -0.001610 0.001215 0.999998 -0.001593 0.001207 0.999998 -0.001590 0.001216 0.999998 -0.001598 0.001226 0.999998 -0.001607 0.001201 0.999998 -0.001582 0.001208 0.999998 -0.001590 0.001214 0.999998 -0.001596 0.001222 0.999998 -0.001586 0.001207 0.999998 -0.001606 0.001214 0.999998 -0.001596 0.001214 0.999998 -0.001595 0.001214 0.999998 -0.001589 0.001213 0.999998 -0.001604 0.001214 0.999998 -0.001595 0.001222 0.999998 -0.001591 0.001218 0.999998 -0.001593 0.001216 0.999998 -0.001610 0.001215 0.999998 -0.001583 0.001214 0.999998 -0.001596 0.001224 0.999998 -0.001604 0.001209 0.999998 -0.001591 0.001218 0.999998 -0.001600 0.001210 0.999998 -0.001592 0.001214 0.999998 -0.001596 0.001210 0.999998 -0.001600 0.001215 0.999998 -0.001595 0.001220 0.999998 -0.001591 0.001206 0.999998 -0.001602 0.001213 0.999998 -0.001597 -0.001214 -0.999998 0.001596 -0.001213 -0.999998 0.001596 -0.001217 -0.999998 0.001596 -0.001212 -0.999998 0.001596 -0.001215 -0.999998 0.001597 -0.001216 -0.999998 0.001597 0.001096 0.001596 0.999998 0.001108 0.001593 0.999998 0.001095 0.001595 0.999998 0.001095 0.001595 0.999998 0.999999 -0.001216 -0.001100 0.999999 -0.001218 -0.001100 0.999999 -0.001216 -0.001099 0.999999 -0.001215 -0.001100 0.999999 -0.001216 -0.001100 0.999999 -0.001216 -0.001100 0.999999 -0.001216 -0.001100 0.999999 -0.001215 -0.001100 0.999999 -0.001216 -0.001100 0.999999 -0.001215 -0.001100 0.999999 -0.001216 -0.001100 0.999999 -0.001216 -0.001102 -0.999999 0.001217 0.001100 -0.999999 0.001217 0.001100 -0.999999 0.001216 0.001100 -0.999999 0.001216 0.001100 -0.999999 0.001216 0.001099 -0.999999 0.001215 0.001099 -0.999999 0.001215 0.001099 -0.999999 0.001215 0.001099 -0.999999 0.001216 0.001100 -0.999999 0.001216 0.001100 -0.999999 0.001216 0.001100 -0.001095 -0.001595 -0.999998 -0.001102 -0.001597 -0.999998 0.001213 0.999998 -0.001596 0.001212 0.999998 -0.001596 0.001213 0.999998 -0.001595 0.001213 0.999998 -0.001596 0.001213 0.999998 -0.001596 0.001215 0.999998 -0.001596 0.001213 0.999998 -0.001596 -0.001096 -0.001594 -0.999998 -0.001096 -0.001594 -0.999998 -0.001263 -0.137727 -0.990470 -0.001255 -0.137780 -0.990462 -0.000924 0.134581 -0.990902 -0.000920 0.134554 -0.990906 -0.000521 0.396909 -0.917858 -0.000529 0.396959 -0.917836 -0.000091 0.629876 -0.776695 -0.000089 0.629863 -0.776706 0.000356 0.816050 -0.577981 0.000359 0.816039 -0.577997 0.000776 0.941722 -0.336392 0.000773 0.941728 -0.336374 0.001135 0.997558 -0.069834 0.001136 0.997557 -0.069841 0.001414 0.979409 0.201881 0.001411 0.979407 0.201892 0.001582 0.888608 0.458664 0.001586 0.888620 0.458643 0.001641 0.731929 0.681379 0.001639 0.731922 0.681387 0.001572 0.520930 0.853598 0.001574 0.520944 0.853590 0.001391 0.271353 0.962479 0.001386 0.271324 0.962487 0.001100 0.001560 0.999998 0.001109 0.001621 0.999998 0.000740 -0.268246 0.963350 0.000731 -0.268297 0.963336 0.000309 -0.518215 0.855250 0.000313 -0.518190 0.855266 -0.000133 -0.729756 0.683708 -0.000131 -0.729748 0.683716 -0.000568 -0.887145 0.461491 -0.000570 -0.887148 0.461484 -0.000964 -0.978756 0.205025 -0.000967 -0.978760 0.205007 -0.001287 -0.997775 -0.066653 -0.001287 -0.997775 -0.066653 -0.001517 -0.942786 -0.333396 -0.001510 -0.942800 -0.333357 -0.001624 -0.817893 -0.575368 -0.001626 -0.817881 -0.575385 -0.001620 -0.632319 -0.774706 -0.001616 -0.632338 -0.774691 -0.001488 -0.399890 -0.916562 -0.001500 -0.399821 -0.916592 0.999999 -0.001214 -0.001096 0.999999 -0.001214 -0.001075 0.999999 -0.001219 -0.001070 0.999999 -0.001219 -0.001143 0.999999 -0.001217 -0.001097 0.999999 -0.001217 -0.001079 0.999999 -0.001217 -0.001089 0.999999 -0.001217 -0.001113 0.999999 -0.001215 -0.001107 0.999999 -0.001215 -0.001090 0.999999 -0.001216 -0.001100 0.999999 -0.001216 -0.001097 0.999999 -0.001216 -0.001101 0.999999 -0.001216 -0.001097 0.999999 -0.001215 -0.001102 0.999999 -0.001215 -0.001097 0.999999 -0.001217 -0.001102 0.999999 -0.001217 -0.001111 0.999999 -0.001217 -0.001095 0.999999 -0.001217 -0.001124 0.999999 -0.001220 -0.001096 -0.001215 -0.999998 0.001597 -0.001213 -0.999998 0.001595 -0.005661 -0.996794 -0.079812 0.003870 -0.999990 -0.002215 -0.006178 -0.996035 0.088745 0.004084 -0.985111 0.171872 -0.005954 -0.965494 0.260359 0.004326 -0.940153 0.340726 -0.005704 -0.905608 0.424077 0.004586 -0.866498 0.499159 -0.005438 -0.818223 0.574875 0.004869 -0.766364 0.642388 -0.005151 -0.705959 0.708234 0.005156 -0.642860 0.765966 -0.004868 -0.572254 0.820062 0.005440 -0.499719 0.866170 -0.004588 -0.421176 0.906967 0.005717 -0.341325 0.939928 -0.004324 -0.257264 0.966332 0.005973 -0.172478 0.984995 -0.004081 -0.085536 0.996327 0.006199 0.001593 0.999980 -0.003871 0.088750 0.996047 0.006393 0.175622 0.984437 -0.003694 0.260335 0.965511 0.006552 0.344290 0.938841 -0.003563 0.424085 0.905616 0.006657 0.502483 0.864562 -0.003471 0.574870 0.818238 0.006723 0.645280 0.763917 -0.003432 0.708227 0.705977 0.006735 0.768409 0.639924 -0.003441 0.820062 0.572264 0.006697 0.868067 0.496402 -0.003501 0.906974 0.421172 0.006610 0.941221 0.337726 -0.003609 0.966332 0.257273 0.006474 0.985640 0.168738 -0.003760 0.996325 0.085575 0.006299 0.999965 -0.005414 -0.003241 0.996544 -0.083001 0.005932 0.983761 -0.179383 -0.003199 0.969868 -0.243612 0.005344 0.937523 -0.347883 -0.002991 0.917476 -0.397780 0.004542 0.862658 -0.505767 -0.002609 0.840767 -0.541391 0.003537 0.761459 -0.648204 -0.002050 0.741754 -0.670669 0.002332 0.636995 -0.770865 -0.001302 0.623086 -0.782152 0.000943 0.493111 -0.869966 -0.000361 0.487915 -0.872891 0.003543 -0.984340 -0.176247 -0.005554 -0.970628 -0.240521 0.003067 -0.938640 -0.344886 -0.005221 -0.918731 -0.394850 0.002445 -0.864275 -0.503015 -0.004654 -0.842476 -0.538714 0.001684 -0.763526 -0.645775 -0.003853 -0.743892 -0.668289 0.000784 -0.639456 -0.768827 -0.002816 -0.625579 -0.780156 -0.000255 -0.495891 -0.868385 -0.001550 -0.490689 -0.871334 0.001214 0.999998 -0.001597 0.001214 0.999998 -0.001597 -0.001347 -0.991652 -0.128934 -0.001347 -0.991651 -0.128943 -0.001543 -0.924488 -0.381209 -0.001544 -0.924491 -0.381200 -0.001637 -0.794319 -0.607498 -0.001638 -0.794327 -0.607489 -0.001619 -0.610045 -0.792365 -0.001609 -0.609992 -0.792406 -0.001477 -0.384127 -0.923279 -0.001489 -0.384201 -0.923248 -0.001258 -0.132113 -0.991234 -0.001257 -0.132108 -0.991235 -0.000941 0.128934 -0.991653 -0.000936 0.128965 -0.991649 -0.000555 0.381208 -0.924489 -0.000551 0.381233 -0.924479 -0.000134 0.607462 -0.794349 -0.000131 0.607476 -0.794338 0.000296 0.792387 -0.610018 0.000293 0.792377 -0.610031 0.000700 0.923272 -0.384145 0.000701 0.923273 -0.384143 0.001061 0.991235 -0.132107 0.001060 0.991234 -0.132114 0.999999 -0.001207 -0.001104 0.999999 -0.001216 -0.001099 0.999999 -0.001221 -0.001104 0.999999 -0.001212 -0.001101 0.999999 -0.001217 -0.001101 0.999999 -0.001218 -0.001096 0.999999 -0.001218 -0.001099 0.999999 -0.001219 -0.001103 0.999999 -0.001212 -0.001100 0.999999 -0.001219 -0.001101 0.999999 -0.001220 -0.001101 0.999999 -0.001215 -0.001103 0.999999 -0.001217 -0.001095 0.999999 -0.001216 -0.001099 0.999999 -0.001216 -0.001102 0.999999 -0.001215 -0.001102 0.999999 -0.001217 -0.001098 0.999999 -0.001216 -0.001095 0.999999 -0.001218 -0.001097 0.999999 -0.001214 -0.001105 0.999999 -0.001214 -0.001105 0.999999 -0.001215 -0.001103 0.999999 -0.001215 -0.001095 0.999999 -0.001217 -0.001099 0.999999 -0.001216 -0.001099 0.999999 -0.001222 -0.001109 0.999999 -0.001210 -0.001094 0.999999 -0.001210 -0.001095 0.999999 -0.001217 -0.001100 0.999999 -0.001223 -0.001108 0.999999 -0.001207 -0.001100 0.999999 -0.001224 -0.001099 0.999999 -0.001217 -0.001100 0.999999 -0.001214 -0.001101 0.999999 -0.001216 -0.001098 0.999999 -0.001206 -0.001098 0.999999 -0.001212 -0.001101 0.999999 -0.001217 -0.001098 0.999999 -0.001216 -0.001101 0.999999 -0.001217 -0.001099 0.999999 -0.001226 -0.001096 0.999999 -0.001215 -0.001099 0.999999 -0.001220 -0.001099 0.999999 -0.001212 -0.001102 0.999999 -0.001212 -0.001103 0.999999 -0.001215 -0.001104 0.999999 -0.001216 -0.001102 0.999999 -0.001214 -0.001102 0.999999 -0.001215 -0.001095 0.999999 -0.001216 -0.001095 0.999999 -0.001216 -0.001103 0.999999 -0.001217 -0.001097 0.999999 -0.001217 -0.001098 0.999999 -0.001217 -0.001103 0.999999 -0.001214 -0.001096 0.999999 -0.001255 -0.001108 0.999999 -0.001180 -0.001088 0.999999 -0.001217 -0.001095 0.999999 -0.001224 -0.001110 0.999999 -0.001215 -0.001101 0.999999 -0.001223 -0.001109 0.999999 -0.001213 -0.001090 0.999999 -0.001214 -0.001094 0.999999 -0.001218 -0.001100 0.999999 -0.001216 -0.001099 0.999999 -0.001217 -0.001111 0.999999 -0.001217 -0.001099 0.999999 -0.001216 -0.001099 0.999999 -0.001196 -0.001099 0.999999 -0.001218 -0.001099 0.999999 -0.001211 -0.001099 0.999999 -0.001220 -0.001102 0.999999 -0.001212 -0.001097 0.999999 -0.001220 -0.001105 0.999999 -0.001215 -0.001096 0.999999 -0.001215 -0.001099 0.999999 -0.001217 -0.001150 0.999999 -0.001216 -0.001155 0.999999 -0.001216 -0.001118 0.999999 -0.001219 -0.001093 0.999999 -0.001216 -0.001102 0.999999 -0.001218 -0.001099 0.999999 -0.001214 -0.001101 0.999999 -0.001213 -0.001100 0.999999 -0.001218 -0.001101 0.999999 -0.001223 -0.001101 0.999999 -0.001260 -0.001100 0.999999 -0.001212 -0.001100 0.999999 -0.001200 -0.001100 0.999999 -0.001229 -0.001101 0.999999 -0.001214 -0.001100 0.999999 -0.001206 -0.001095 0.999999 -0.001215 -0.001101 0.999999 -0.001210 -0.001102 0.999999 -0.001220 -0.001098 0.999999 -0.001211 -0.001099 0.999999 -0.001227 -0.001107 0.999999 -0.001212 -0.001098 0.999999 -0.001223 -0.001105 0.999999 -0.001216 -0.001099 0.999999 -0.001216 -0.001099 0.999999 -0.001212 -0.001106 0.999999 -0.001211 -0.001103 0.999999 -0.001219 -0.001098 0.999999 -0.001222 -0.001096 0.999999 -0.001200 -0.001107 0.999999 -0.001220 -0.001097 0.999999 -0.001216 -0.001100 0.999999 -0.001213 -0.001100 0.999999 -0.001218 -0.001100 0.999999 -0.001212 -0.001099 0.999999 -0.001211 -0.001095 0.999999 -0.001229 -0.001099 0.999999 -0.001193 -0.001100 0.999999 -0.001260 -0.001100 0.001104 0.001593 0.999998 0.001106 0.001594 0.999998 0.001099 0.001599 0.999998 0.001215 0.999998 -0.001596 0.001213 0.999998 -0.001596 0.001213 0.999998 -0.001596 -0.001108 -0.001598 -0.999998 -0.001099 -0.001595 -0.999998 0.000909 -0.140726 0.990048 0.000917 -0.140699 0.990052 0.001262 0.143881 0.989594 0.001262 0.143878 0.989595 0.001505 0.416850 0.908974 0.001514 0.416882 0.908960 0.001633 0.656058 0.754709 0.001632 0.656057 0.754709 0.001619 0.842117 0.539292 0.001623 0.842121 0.539286 0.001476 0.959940 0.280202 0.001476 0.959939 0.280205 0.001216 0.999998 -0.001598 0.001211 0.999998 -0.001584 0.000853 0.959043 -0.283261 0.000854 0.959040 -0.283268 0.000425 0.840376 -0.542004 0.000420 0.840389 -0.541984 -0.000044 0.653662 -0.756787 -0.000047 0.653666 -0.756783 -0.000510 0.413994 -0.910280 -0.000496 0.413943 -0.910303 -0.000917 0.140698 -0.990052 -0.000932 0.140757 -0.990044 -0.001277 -0.143857 -0.989598 -0.001262 -0.143909 -0.989590 -0.001505 -0.416874 -0.908963 -0.001506 -0.416874 -0.908963 -0.001627 -0.656066 -0.754702 -0.001628 -0.656062 -0.754706 -0.001617 -0.842120 -0.539288 -0.001625 -0.842102 -0.539316 -0.001481 -0.959939 -0.280206 -0.001474 -0.959946 -0.280183 -0.001216 -0.999998 0.001592 -0.001213 -0.999998 0.001600 -0.000854 -0.959047 0.283247 -0.000850 -0.959042 0.283261 -0.000419 -0.840379 0.541999 -0.000430 -0.840397 0.541971 0.000032 -0.653649 0.756798 0.000030 -0.653654 0.756794 0.000490 -0.413975 0.910288 0.000490 -0.413974 0.910289 0.000917 -0.140783 0.990040 0.000932 -0.140729 0.990048 0.001278 0.143936 0.989586 0.001255 0.143852 0.989599 0.001499 0.416835 0.908981 0.001518 0.416900 0.908951 0.001636 0.656091 0.754680 0.001620 0.656045 0.754720 0.001612 0.842111 0.539301 0.001617 0.842124 0.539281 0.001476 0.959940 0.280200 0.001476 0.959941 0.280200 0.001215 0.999998 -0.001593 0.001216 0.999998 -0.001593 0.000857 0.959038 -0.283276 0.000853 0.959045 -0.283253 0.000423 0.840399 -0.541968 0.000430 0.840386 -0.541988 -0.000032 0.653654 -0.756794 -0.000029 0.653648 -0.756799 -0.000489 0.413945 -0.910302 -0.000504 0.414001 -0.910276 -0.000924 0.140729 -0.990048 -0.000917 0.140696 -0.990053 -0.001262 -0.143909 -0.989590 -0.001262 -0.143909 -0.989590 -0.001504 -0.416836 -0.908981 -0.001506 -0.416828 -0.908984 -0.001628 -0.656072 -0.754697 -0.001628 -0.656070 -0.754698 -0.001618 -0.842114 -0.539297 -0.001614 -0.842123 -0.539284 -0.001472 -0.959941 -0.280198 -0.001474 -0.959939 -0.280204 -0.001215 -0.999998 0.001592 -0.001216 -0.999998 0.001592 -0.000853 -0.959037 0.283279 -0.000856 -0.959040 0.283269 -0.000428 -0.840401 0.541965 -0.000416 -0.840378 0.542001 0.000050 -0.653651 0.756796 0.000040 -0.653678 0.756773 0.000503 -0.413946 0.910301 0.000498 -0.413966 0.910292 0.001101 0.001596 0.999998 0.001109 0.001595 0.999998 0.001213 0.999998 -0.001596 0.001215 0.999998 -0.001596 -0.001116 -0.001596 -0.999998 -0.001101 -0.001593 -0.999998 0.999999 -0.001216 -0.001069 0.999999 -0.001213 -0.001144 0.999999 -0.001218 -0.001077 0.999999 -0.001217 -0.001100 0.999999 -0.001215 -0.001098 0.999999 -0.001221 -0.001107 0.999999 -0.001216 -0.001102 0.999999 -0.001218 -0.001083 0.999999 -0.001217 -0.001091 0.999999 -0.001370 -0.001099 0.999999 -0.001217 -0.001099 0.999999 -0.001218 -0.001099 0.999999 -0.001216 -0.001094 0.999999 -0.001217 -0.001082 0.999999 -0.001215 -0.001102 0.999999 -0.001215 -0.001098 0.999999 -0.001219 -0.001103 0.999999 -0.001217 -0.001101 0.999999 -0.001215 -0.001109 0.999999 -0.001215 -0.001109 0.999999 -0.001216 -0.001099 0.999999 -0.001439 -0.001099 0.999999 -0.001214 -0.001101 0.999999 -0.001222 -0.001110 0.999999 -0.001215 -0.001113 0.999999 -0.001216 -0.001099 0.999999 -0.001217 -0.001100 0.999999 -0.001218 -0.001100 0.999999 -0.001217 -0.001097 0.999999 -0.001216 -0.001084 0.999999 -0.001218 -0.001115 0.999999 -0.001212 -0.001121 0.999999 -0.001220 -0.001085 0.999999 -0.001214 -0.001103 0.999999 -0.001213 -0.001105 0.999999 -0.001217 -0.001097 0.999999 -0.001217 -0.001098 0.999999 -0.001217 -0.001101 0.999999 -0.001214 -0.001062 0.999999 -0.001216 -0.001101 0.999999 -0.001217 -0.001089 0.999999 -0.001214 -0.001101 0.999999 -0.001215 -0.001094 0.999999 -0.001218 -0.001107 0.999999 -0.001216 -0.001100 0.999999 -0.001216 -0.001096 0.999999 -0.001215 -0.001101 0.999999 -0.001215 -0.001102 0.999999 -0.001217 -0.001097 0.999999 -0.001210 -0.001090 0.999999 -0.001212 -0.001094 0.999999 -0.001214 -0.001100 0.999999 -0.001216 -0.001124 0.999999 -0.001214 -0.001090 -0.999999 0.001216 0.001121 -0.999999 0.001213 0.001097 -0.999999 0.001215 0.001089 -0.999999 0.001216 0.001100 -0.999999 0.001215 0.001104 -0.999999 0.001214 0.001104 -0.999999 0.001216 0.001098 -0.999999 0.001217 0.001122 -0.999999 0.001214 0.001100 -0.999999 0.001228 0.001100 -0.999999 0.001253 0.001100 -0.999999 0.001216 0.001100 -0.999999 0.001210 0.001092 -0.999999 0.001221 0.001112 -0.999999 0.001216 0.001099 -0.999999 0.001216 0.001097 -0.999999 0.001216 0.001090 -0.999999 0.001216 0.001100 -0.999999 0.001216 0.001087 -0.999999 0.001216 0.001100 -0.999999 0.001215 0.001103 -0.999999 0.001215 0.001097 -0.999999 0.001216 0.001109 -0.999999 0.001215 0.001083 -0.999999 0.001216 0.001105 -0.999999 0.001218 0.001110 -0.999999 0.001214 0.001095 -0.999999 0.001217 0.001098 -0.999999 0.001217 0.001099 -0.999999 0.001217 0.001100 -0.999999 0.001216 0.001102 -0.999999 0.001215 0.001104 -0.999999 0.001217 0.001097 -0.999999 0.001216 0.001102 -0.999999 0.001217 0.001083 -0.999999 0.001217 0.001105 -0.999999 0.001214 0.001095 -0.999999 0.001218 0.001105 -0.999999 0.001211 0.001091 -0.999999 0.001217 0.001092 -0.999999 0.001215 0.001111 -0.999999 0.001216 0.001089 -0.999999 0.001219 0.001093 -0.999999 0.001215 0.001103 -0.999999 0.001216 0.001100 -0.999999 0.001217 0.001097 -0.999999 0.001215 0.001132 -0.999999 0.001215 0.001098 -0.999999 0.001216 0.001099 -0.999999 0.001216 0.001104 -0.999999 0.001211 0.001091 -0.999999 0.001216 0.001091 -0.999999 0.001217 0.001088 -0.999999 0.001217 0.001088 0.001103 0.001593 0.999998 0.001101 0.001595 0.999998 0.001214 0.999998 -0.001596 0.001214 0.999998 -0.001596 -0.001101 -0.001594 -0.999998 -0.001103 -0.001596 -0.999998 -0.001214 -0.999998 0.001596 -0.001214 -0.999998 0.001596 -0.001214 -0.999998 0.001596 -0.001215 -0.999998 0.001597 -0.001214 -0.999998 0.001596 -0.001216 -0.999998 0.001596 -0.001215 -0.999998 0.001596 -0.001215 -0.999998 0.001595 -0.001216 -0.999998 0.001594 -0.001216 -0.999998 0.001597 -0.001214 -0.999998 0.001596 -0.999999 0.001216 0.001100 -0.999999 0.001216 0.001099 -0.999999 0.001208 0.001088 -0.999999 0.001218 0.001087 -0.999999 0.001225 0.001109 -0.999999 0.001215 0.001101 -0.999999 0.001254 0.001115 -0.999999 0.001196 0.001101 -0.999999 0.001233 0.001117 -0.999999 0.001196 0.001077 -0.999999 0.001225 0.001139 -0.999999 0.001209 0.001083 -0.999999 0.001228 0.001107 -0.999999 0.001205 0.001094 -0.999999 0.001244 0.001084 -0.999999 0.001200 0.001125 -0.999999 0.001208 0.001092 -0.999999 0.001219 0.001104 -0.999999 0.001210 0.001076 -0.999999 0.001227 0.001130 -0.999999 0.001209 0.001100 -0.999999 0.001199 0.001082 -0.999999 0.001221 0.001141 -0.999999 0.001203 0.001066 -0.999999 0.001226 0.001109 -0.999999 0.001211 0.001112 -0.999999 0.001206 0.001064 -0.999999 0.001212 0.001055 -0.999999 0.001228 0.001116 -0.999999 0.001228 0.001127 -0.999999 0.001207 0.001069 -0.999999 0.001213 0.001147 -0.999999 0.001200 0.001018 -0.999999 0.001220 0.001136 -0.999999 0.001207 0.001043 -0.999999 0.001221 0.001172 -0.999999 0.001210 0.001078 -0.999999 0.001203 0.001086 -0.999999 0.001216 0.001150 -0.999999 0.001210 0.001069 -0.999999 0.001227 0.001171 -0.999999 0.001219 0.001109 -0.999999 0.001207 0.001142 -0.999999 0.001229 0.001011 -0.999999 0.001214 0.001140 -0.999999 0.001216 0.001082 -0.999999 0.001231 0.001054 -0.999999 0.001220 0.001088 -0.999999 0.001218 0.001083 -0.999999 0.001202 0.001182 -0.999999 0.001176 0.001183 -0.999999 0.001234 0.001068 -0.999999 0.001203 0.001092 -0.999999 0.001214 0.001098 -0.999999 0.001244 0.001007 -0.999999 0.001199 0.001152 -0.999999 0.001217 0.001108 -0.999999 0.001222 0.001085 -0.999999 0.001192 0.001141 -0.999999 0.001226 0.001071 -0.999999 0.001207 0.001106 -0.999999 0.001232 0.001039 -0.999999 0.001208 0.001098 -0.999999 0.001243 0.001029 -0.999999 0.001187 0.001170 -0.999999 0.001224 0.001072 -0.999999 0.001199 0.001149 -0.999999 0.001231 0.001072 -0.999999 0.001225 0.001041 -0.999999 0.001205 0.001147 -0.999999 0.001211 0.001093 -0.999999 0.001211 0.001091 -0.999999 0.001240 0.001088 -0.999999 0.001196 0.001103 -0.999999 0.001187 0.001122 -0.999999 0.001242 0.001069 -0.999999 0.001242 0.001091 -0.999999 0.001173 0.001146 -0.999999 0.001226 0.001086 -0.999999 0.001221 0.001102 -0.999999 0.001219 0.001098 -0.999999 0.001209 0.001087 -0.999999 0.001227 0.001098 -0.999999 0.001247 0.001087 -0.999999 0.001197 0.001095 -0.999999 0.001177 0.001122 -0.999999 0.001257 0.001088 -0.999999 0.001181 0.001113 -0.999999 0.001217 0.001085 -0.999999 0.001200 0.001112 -0.999999 0.001234 0.001093 -0.999999 0.001159 0.001093 -0.999999 0.001265 0.001092 -0.999999 0.001207 0.001101 -0.999999 0.001306 0.001125 -0.999999 0.001160 0.001090 -0.999999 0.001259 0.001101 -0.999999 0.001196 0.001099 -0.999999 0.001198 0.001100 -0.999999 0.001248 0.001104 -0.999999 0.001201 0.001103 -0.999999 0.001195 0.001103 -0.999999 0.001173 0.001071 -0.999999 0.001251 0.001123 -0.999999 0.001199 0.001085 -0.999999 0.001212 0.001103 -0.999999 0.001262 0.001111 -0.999999 0.001193 0.001086 -0.999999 0.001224 0.001098 -0.999999 0.001236 0.001104 -0.999999 0.001239 0.001114 -0.999999 0.001196 0.001079 -0.999999 0.001261 0.001109 -0.999999 0.001196 0.001090 -0.999999 0.001222 0.001102 -0.999999 0.001225 0.001114 -0.999999 0.001225 0.001113 -0.999999 0.001131 0.001070 -0.999999 0.001208 0.001084 -0.999999 0.001239 0.001133 -0.999999 0.001206 0.001085 -0.999999 0.001215 0.001108 -0.999999 0.001200 0.001060 -0.999999 0.001218 0.001096 -0.999999 0.001240 0.001163 -0.999999 0.001186 0.001026 -0.999999 0.001208 0.001108 -0.999999 0.001200 0.001068 -0.999999 0.001218 0.001119 -0.999999 0.001226 0.001106 -0.999999 0.001199 0.001014 -0.999999 0.001252 0.001156 -0.999999 0.001214 0.001118 -0.999999 0.001198 0.001088 -0.999999 0.001232 0.001123 -0.999999 0.001213 0.001109 -0.999999 0.001197 0.001095 -0.999999 0.001231 0.001105 -0.999999 0.001217 0.001120 -0.999999 0.001216 0.001114 -0.999999 0.001218 0.001120 -0.999999 0.001210 0.001082 -0.999999 0.001216 0.001089 -0.999999 0.001216 0.001063 -0.999999 0.001221 0.001128 -0.999999 0.001215 0.001077 -0.999999 0.001220 0.001078 -0.999999 0.001218 0.001110 -0.999999 0.001218 0.001099 -0.999999 0.001216 0.001090 -0.999999 0.001211 0.001121 -0.999999 0.001207 0.001161 -0.999999 0.001212 0.001093 -0.999999 0.001211 0.001021 -0.999999 0.001221 0.001076 -0.999999 0.001218 0.001119 -0.999999 0.001213 0.001163 -0.999999 0.001214 0.001077 -0.999999 0.001239 0.001062 -0.999999 0.001195 0.001153 -0.999999 0.001234 0.001065 -0.999999 0.001212 0.001118 -0.999999 0.001242 0.001083 -0.999999 0.001178 0.001147 -0.999999 0.001229 0.001057 -0.999999 0.001227 0.001109 -0.999999 0.001206 0.001111 -0.999999 0.001230 0.001090 -0.999999 0.001232 0.001101 -0.999999 0.001217 0.001101 -0.999999 0.001208 0.001109 -0.999999 0.001222 0.001053 -0.999999 0.001177 0.001133 -0.999999 0.001214 0.001082 -0.999999 0.001202 0.001092 -0.999999 0.001205 0.001107 -0.999999 0.001218 0.001097 -0.999999 0.001211 0.001125 -0.999999 0.001246 0.001087 -0.999999 0.001223 0.001104 -0.999999 0.001223 0.001071 -0.999999 0.001178 0.001141 -0.999999 0.001251 0.001065 -0.999999 0.001170 0.001160 -0.999999 0.001195 0.001095 -0.999999 0.001243 0.001066 -0.999999 0.001207 0.001103 -0.999999 0.001228 0.001086 -0.999999 0.001193 0.001107 -0.999999 0.001223 0.001105 -0.999999 0.001253 0.001090 -0.999999 0.001251 0.001096 -0.999999 0.001154 0.001116 -0.999999 0.001219 0.001111 -0.999999 0.001177 0.001095 -0.999999 0.001296 0.001086 -0.999999 0.001159 0.001115 -0.999999 0.001244 0.001086 -0.999999 0.001259 0.001100 -0.999999 0.001183 0.001100 -0.999999 0.001192 0.001106 -0.999999 0.001288 0.001075 -0.999999 0.001193 0.001102 -0.999999 0.001221 0.001101 -0.999999 0.001180 0.001106 -0.999999 0.001242 0.001095 -0.999999 0.001215 0.001112 -0.999999 0.001198 0.001084 -0.999999 0.001265 0.001110 -0.999999 0.001207 0.001107 -0.999999 0.001195 0.001080 -0.999999 0.001208 0.001106 -0.999999 0.001180 0.001077 -0.999999 0.001235 0.001103 0.001593 0.875989 0.482329 0.001562 0.908053 0.418853 0.001569 0.908033 0.418895 0.001531 0.935032 0.354559 0.001526 0.935058 0.354491 0.001480 0.957873 0.287188 0.001481 0.957867 0.287209 0.001478 0.957859 0.287234 0.001524 0.935099 0.354383 0.001532 0.935074 0.354448 0.001573 0.907977 0.419017 0.001565 0.908019 0.418925 0.001596 0.875942 0.482413 0.001592 0.875981 0.482343 0.001637 0.704558 0.709644 0.001639 0.753190 0.657802 0.001642 0.753184 0.657808 0.001635 0.797343 0.603525 0.001642 0.797304 0.603576 0.001627 0.838050 0.545592 0.001615 0.838180 0.545391 0.001617 0.838179 0.545393 0.001629 0.797257 0.603638 0.001628 0.797255 0.603640 0.001634 0.753134 0.657866 0.001634 0.753143 0.657855 0.001632 0.704723 0.709480 0.001641 0.704577 0.709625 0.001543 0.476207 0.879332 0.001578 0.537235 0.843431 0.001586 0.537190 0.843460 0.001612 0.595059 0.803681 0.001602 0.595179 0.803592 0.001621 0.650596 0.759422 0.001631 0.650428 0.759566 0.001640 0.650475 0.759526 0.001622 0.594952 0.803760 0.001591 0.595129 0.803628 0.001565 0.537244 0.843425 0.001575 0.537116 0.843507 0.001540 0.476228 0.879321 0.001541 0.476198 0.879337 0.001301 0.209020 0.977911 0.001367 0.278101 0.960551 0.001399 0.277886 0.960613 0.001456 0.344435 0.938809 0.001453 0.344477 0.938794 0.001503 0.410162 0.912012 0.001497 0.410284 0.911957 0.001522 0.410448 0.911883 0.001471 0.344278 0.938867 0.001448 0.344430 0.938811 0.001390 0.278135 0.960541 0.001406 0.277927 0.960601 0.001341 0.208982 0.977919 0.001330 0.209215 0.977869 0.000999 -0.075004 0.997183 0.001089 -0.003702 0.999993 0.001102 -0.003785 0.999992 0.001184 0.065776 0.997834 0.001172 0.065945 0.997823 0.001251 0.136629 0.990622 0.001255 0.136539 0.990634 0.001248 0.136483 0.990642 0.001171 0.065941 0.997823 0.001171 0.065917 0.997825 0.001089 -0.003517 0.999993 0.001106 -0.003766 0.999992 0.001016 -0.075192 0.997169 0.001006 -0.074953 0.997187 0.000595 -0.352990 0.935627 0.000702 -0.285329 0.958429 0.000700 -0.285307 0.958436 0.000801 -0.217774 0.975999 0.000811 -0.217912 0.975968 0.000911 -0.148067 0.988977 0.000908 -0.147995 0.988988 0.000902 -0.148033 0.988982 0.000803 -0.217631 0.976031 0.000828 -0.217804 0.975992 0.000726 -0.285638 0.958337 0.000702 -0.285301 0.958438 0.000594 -0.352872 0.935671 0.000599 -0.352963 0.935637 0.000138 -0.602133 0.798396 0.000253 -0.543914 0.839141 0.000269 -0.544001 0.839084 0.000382 -0.483796 0.875181 0.000386 -0.483856 0.875148 0.000498 -0.420699 0.907200 0.000486 -0.420463 0.907310 0.000476 -0.420525 0.907281 0.000362 -0.484088 0.875019 0.000355 -0.484039 0.875046 0.000243 -0.543680 0.839293 0.000270 -0.543998 0.839086 0.000153 -0.602245 0.798311 0.000145 -0.602098 0.798422 -0.000323 -0.802757 0.596306 -0.000208 -0.758215 0.652005 -0.000205 -0.758226 0.651992 -0.000091 -0.710949 0.703244 -0.000095 -0.710920 0.703273 0.000021 -0.659116 0.752042 0.000025 -0.659167 0.751997 0.000013 -0.659239 0.751934 -0.000104 -0.710740 0.703455 -0.000081 -0.710851 0.703343 -0.000197 -0.758375 0.651819 -0.000210 -0.758249 0.651965 -0.000324 -0.802577 0.596548 -0.000314 -0.802713 0.596365 -0.000749 -0.938226 0.346022 -0.000645 -0.911237 0.411882 -0.000657 -0.911200 0.411963 -0.000551 -0.880283 0.474448 -0.000556 -0.880250 0.474510 -0.000445 -0.844234 0.535975 -0.000431 -0.844389 0.535731 -0.000416 -0.844322 0.535835 -0.000527 -0.880303 0.474413 -0.000550 -0.880234 0.474540 -0.000657 -0.911261 0.411828 -0.000664 -0.911225 0.411909 -0.000769 -0.938190 0.346120 -0.000760 -0.938252 0.345952 -0.001145 -0.997701 0.067765 -0.001057 -0.990372 0.138424 -0.001055 -0.990375 0.138408 -0.000963 -0.978285 0.207261 -0.000966 -0.978276 0.207303 -0.000869 -0.961032 0.276435 -0.000865 -0.961061 0.276336 -0.000852 -0.961033 0.276431 -0.000947 -0.978297 0.207205 -0.000965 -0.978274 0.207315 -0.001054 -0.990369 0.138451 -0.001052 -0.990372 0.138427 -0.001138 -0.997698 0.067804 -0.001138 -0.997698 0.067804 -0.001434 -0.976359 -0.216153 -0.001372 -0.989260 -0.146161 -0.001365 -0.989253 -0.146207 -0.001298 -0.997055 -0.076683 -0.001296 -0.997052 -0.076715 -0.001221 -0.999983 -0.005705 -0.001221 -0.999983 -0.005708 -0.001227 -0.999983 -0.005752 -0.001303 -0.997059 -0.076626 -0.001294 -0.997054 -0.076695 -0.001361 -0.989253 -0.146207 -0.001361 -0.989256 -0.146188 -0.001422 -0.976376 -0.216072 -0.001423 -0.976376 -0.216072 -0.001592 -0.875961 -0.482379 -0.001562 -0.907958 -0.419058 -0.001561 -0.907957 -0.419061 -0.001524 -0.935069 -0.354463 -0.001527 -0.935086 -0.354419 -0.001481 -0.957889 -0.287135 -0.001478 -0.957872 -0.287192 -0.001478 -0.957872 -0.287192 -0.001523 -0.935017 -0.354599 -0.001539 -0.935054 -0.354503 -0.001578 -0.908084 -0.418786 -0.001558 -0.907968 -0.419037 -0.001588 -0.875900 -0.482491 -0.001594 -0.875961 -0.482379 -0.001631 -0.704426 -0.709776 -0.001634 -0.753290 -0.657686 -0.001635 -0.753302 -0.657672 -0.001630 -0.797215 -0.603693 -0.001629 -0.797212 -0.603698 -0.001615 -0.838227 -0.545319 -0.001617 -0.838246 -0.545290 -0.001629 -0.838202 -0.545358 -0.001644 -0.797272 -0.603618 -0.001629 -0.797213 -0.603696 -0.001635 -0.753119 -0.657883 -0.001648 -0.753243 -0.657741 -0.001646 -0.704726 -0.709478 -0.001628 -0.704437 -0.709765 -0.001543 -0.476058 -0.879413 -0.001579 -0.537346 -0.843360 -0.001586 -0.537387 -0.843335 -0.001612 -0.594877 -0.803815 -0.001617 -0.594922 -0.803782 -0.001635 -0.650783 -0.759262 -0.001616 -0.650481 -0.759521 -0.001621 -0.650461 -0.759538 -0.001602 -0.594874 -0.803817 -0.001613 -0.594946 -0.803764 -0.001588 -0.537454 -0.843292 -0.001583 -0.537408 -0.843321 -0.001548 -0.476092 -0.879394 -0.001546 -0.476045 -0.879420 -0.001350 -0.209007 -0.977913 -0.001414 -0.277950 -0.960594 -0.001400 -0.277878 -0.960615 -0.001457 -0.344430 -0.938811 -0.001454 -0.344393 -0.938824 -0.001504 -0.410333 -0.911934 -0.001501 -0.410273 -0.911961 -0.001499 -0.410299 -0.911950 -0.001448 -0.344451 -0.938803 -0.001446 -0.344427 -0.938812 -0.001390 -0.277969 -0.960589 -0.001389 -0.277945 -0.960596 -0.001324 -0.209017 -0.977911 -0.001330 -0.209135 -0.977886 -0.001003 0.074998 -0.997183 -0.001092 0.003896 -0.999992 -0.001089 0.003896 -0.999992 -0.001171 -0.065944 -0.997823 -0.001188 -0.066190 -0.997806 -0.001266 -0.136653 -0.990618 -0.001255 -0.136429 -0.990649 -0.001250 -0.136465 -0.990644 -0.001172 -0.066112 -0.997811 -0.001185 -0.066201 -0.997806 -0.001102 0.003711 -0.999993 -0.001089 0.003902 -0.999992 -0.000999 0.075189 -0.997169 -0.001007 0.075033 -0.997181 -0.000621 0.352851 -0.935679 -0.000728 0.285475 -0.958386 -0.000704 0.285657 -0.958332 -0.000805 0.217773 -0.975999 -0.000802 0.217821 -0.975988 -0.000901 0.147898 -0.989002 -0.000909 0.147730 -0.989027 -0.000928 0.147869 -0.989007 -0.000829 0.217973 -0.975954 -0.000826 0.217980 -0.975953 -0.000725 0.285141 -0.958485 -0.000692 0.285568 -0.958358 -0.000586 0.353005 -0.935621 -0.000601 0.352717 -0.935730 -0.000138 0.601875 -0.798590 -0.000253 0.543975 -0.839101 -0.000257 0.543966 -0.839108 -0.000370 0.484036 -0.875048 -0.000375 0.483976 -0.875081 -0.000488 0.420552 -0.907268 -0.000488 0.420562 -0.907264 -0.000479 0.420508 -0.907289 -0.000365 0.483965 -0.875087 -0.000369 0.483931 -0.875106 -0.000256 0.544081 -0.839033 -0.000264 0.543992 -0.839090 -0.000148 0.602028 -0.798475 -0.000153 0.601970 -0.798519 0.000325 0.802590 -0.596531 0.000212 0.758339 -0.651861 0.000211 0.758340 -0.651860 0.000097 0.710991 -0.703202 0.000079 0.710824 -0.703370 -0.000037 0.659193 -0.751973 -0.000032 0.659269 -0.751907 0.000010 0.659047 -0.752102 0.000126 0.711001 -0.703191 0.000086 0.710797 -0.703397 0.000201 0.758354 -0.651843 0.000203 0.758376 -0.651817 0.000318 0.802599 -0.596519 0.000319 0.802620 -0.596491 0.000778 0.938130 -0.346283 0.000675 0.911210 -0.411942 0.000661 0.911173 -0.412024 0.000557 0.880325 -0.474370 0.000552 0.880302 -0.474413 0.000441 0.844346 -0.535798 0.000436 0.844290 -0.535887 0.000435 0.844296 -0.535878 0.000547 0.880291 -0.474434 0.000550 0.880310 -0.474399 0.000656 0.911264 -0.411822 0.000648 0.911216 -0.411928 0.000754 0.938163 -0.346194 0.000757 0.938182 -0.346140 0.001126 0.997708 -0.067659 0.001037 0.990363 -0.138489 0.001043 0.990371 -0.138437 0.000954 0.978287 -0.207251 0.000955 0.978295 -0.207213 0.000859 0.961076 -0.276285 0.000862 0.961091 -0.276231 0.000883 0.961049 -0.276377 0.000980 0.978288 -0.207248 0.000971 0.978274 -0.207313 0.001060 0.990372 -0.138426 0.001055 0.990361 -0.138507 0.001140 0.997702 -0.067747 0.001139 0.997700 -0.067769 0.001423 0.976369 0.216105 0.001361 0.989266 0.146120 0.001366 0.989263 0.146136 0.001299 0.997048 0.076768 0.001295 0.997051 0.076724 0.001221 0.999983 0.005661 0.001223 0.999983 0.005696 0.001222 0.999983 0.005707 0.001294 0.997052 0.076716 0.001297 0.997052 0.076720 0.001364 0.989256 0.146185 0.001361 0.989260 0.146161 0.001422 0.976385 0.216031 0.001426 0.976371 0.216097 0.001610 0.875986 0.482334 0.001579 0.907973 0.419025 0.001563 0.908013 0.418940 0.001525 0.935075 0.354447 0.001531 0.935054 0.354503 0.001481 0.957868 0.287204 0.001485 0.957866 0.287211 0.001475 0.957857 0.287241 0.001528 0.935045 0.354525 0.001522 0.935046 0.354523 0.001567 0.908013 0.418940 0.001562 0.908014 0.418938 0.001593 0.875977 0.482350 0.001598 0.875941 0.482415 0.001639 0.704538 0.709665 0.001643 0.753313 0.657659 0.001646 0.753286 0.657692 0.001641 0.797219 0.603688 0.001630 0.797324 0.603550 0.001616 0.838195 0.545368 0.001621 0.838117 0.545489 0.001613 0.838098 0.545517 0.001634 0.797326 0.603546 0.001629 0.797331 0.603540 0.001636 0.753192 0.657799 0.001633 0.753221 0.657765 0.001631 0.704582 0.709620 0.001634 0.704520 0.709683 0.001563 0.476199 0.879336 0.001597 0.537370 0.843345 0.001589 0.537425 0.843310 0.001614 0.594957 0.803756 0.001610 0.595002 0.803723 0.001628 0.650459 0.759540 0.001624 0.650549 0.759463 0.001640 0.650635 0.759389 0.001622 0.594864 0.803825 0.001603 0.594968 0.803748 0.001577 0.537461 0.843287 0.001583 0.537396 0.843329 0.001547 0.475940 0.879476 0.001541 0.476063 0.879410 0.001299 0.208999 0.977915 0.001364 0.278125 0.960544 0.001388 0.277962 0.960591 0.001445 0.344294 0.938861 0.001446 0.344283 0.938865 0.001496 0.410321 0.911940 0.001497 0.410308 0.911946 0.001501 0.410337 0.911933 0.001449 0.344432 0.938810 0.001459 0.344372 0.938832 0.001402 0.277950 0.960595 0.001397 0.278019 0.960574 0.001332 0.209009 0.977913 0.001324 0.209177 0.977877 0.000999 -0.075187 0.997169 0.001089 -0.003890 0.999992 0.001089 -0.003889 0.999992 0.001172 0.066130 0.997810 0.001189 0.065889 0.997826 0.001267 0.136461 0.990645 0.001250 0.136825 0.990595 0.001223 0.136640 0.990620 0.001146 0.066116 0.997811 0.001184 0.065851 0.997829 0.001101 -0.003879 0.999992 0.001098 -0.003826 0.999992 0.001008 -0.075007 0.997183 0.001012 -0.075093 0.997176 0.000614 -0.352718 0.935730 0.000722 -0.285626 0.958341 0.000701 -0.285489 0.958382 0.000803 -0.217615 0.976034 0.000812 -0.217736 0.976008 0.000911 -0.147873 0.989006 0.000915 -0.147958 0.988993 0.000901 -0.148048 0.988980 0.000802 -0.217783 0.975997 0.000803 -0.217791 0.975995 0.000702 -0.285310 0.958435 0.000711 -0.285424 0.958401 0.000604 -0.353022 0.935615 0.000595 -0.352845 0.935682 0.000141 -0.602135 0.798395 0.000256 -0.543826 0.839198 0.000277 -0.543947 0.839120 0.000391 -0.484063 0.875033 0.000384 -0.483972 0.875084 0.000496 -0.420660 0.907219 0.000482 -0.420376 0.907350 0.000484 -0.420373 0.907351 0.000369 -0.484099 0.875013 0.000366 -0.484079 0.875024 0.000255 -0.543936 0.839127 0.000262 -0.544037 0.839061 0.000146 -0.602241 0.798315 0.000141 -0.602140 0.798390 -0.000318 -0.802689 0.596398 -0.000203 -0.758374 0.651819 -0.000211 -0.758342 0.651857 -0.000096 -0.710842 0.703352 -0.000096 -0.710856 0.703338 0.000020 -0.659114 0.752043 0.000021 -0.659105 0.752051 0.000060 -0.658896 0.752234 -0.000060 -0.711056 0.703135 -0.000096 -0.710865 0.703328 -0.000211 -0.758255 0.651958 -0.000204 -0.758314 0.651890 -0.000319 -0.802684 0.596404 -0.000319 -0.802695 0.596390 -0.000758 -0.938190 0.346121 -0.000651 -0.911223 0.411912 -0.000655 -0.911226 0.411907 -0.000549 -0.880327 0.474366 -0.000559 -0.880260 0.474491 -0.000448 -0.844225 0.535989 -0.000435 -0.844356 0.535782 -0.000417 -0.844275 0.535910 -0.000531 -0.880289 0.474437 -0.000545 -0.880223 0.474561 -0.000658 -0.911252 0.411849 -0.000656 -0.911236 0.411884 -0.000765 -0.938203 0.346086 -0.000762 -0.938202 0.346087 -0.001145 -0.997701 0.067760 -0.001057 -0.990369 0.138449 -0.001052 -0.990375 0.138410 -0.000962 -0.978295 0.207217 -0.000964 -0.978289 0.207242 -0.000866 -0.961045 0.276391 -0.000867 -0.961045 0.276390 -0.000851 -0.961019 0.276480 -0.000951 -0.978296 0.207212 -0.000959 -0.978282 0.207275 -0.001050 -0.990366 0.138468 -0.001048 -0.990370 0.138443 -0.001136 -0.997704 0.067716 -0.001139 -0.997698 0.067802 -0.001427 -0.976367 -0.216117 -0.001366 -0.989266 -0.146118 -0.001365 -0.989265 -0.146130 -0.001297 -0.997051 -0.076729 -0.001297 -0.997050 -0.076744 -0.001222 -0.999983 -0.005706 -0.001223 -0.999983 -0.005678 -0.001219 -0.999983 -0.005661 -0.001297 -0.997048 -0.076774 -0.001297 -0.997049 -0.076753 -0.001362 -0.989273 -0.146075 -0.001364 -0.989269 -0.146100 -0.001423 -0.976366 -0.216119 -0.001424 -0.976373 -0.216089 -0.001587 -0.875977 -0.482351 -0.001555 -0.908023 -0.418918 -0.001569 -0.908062 -0.418833 -0.001532 -0.935046 -0.354524 -0.001529 -0.935038 -0.354544 -0.001483 -0.957871 -0.287194 -0.001479 -0.957852 -0.287260 -0.001475 -0.957865 -0.287214 -0.001518 -0.935050 -0.354512 -0.001523 -0.935057 -0.354493 -0.001558 -0.907991 -0.418988 -0.001571 -0.908060 -0.418839 -0.001604 -0.876006 -0.482298 -0.001595 -0.875947 -0.482404 -0.001650 -0.704471 -0.709731 -0.001650 -0.753200 -0.657790 -0.001650 -0.753203 -0.657786 -0.001645 -0.797384 -0.603469 -0.001624 -0.797208 -0.603702 -0.001611 -0.838073 -0.545555 -0.001620 -0.838184 -0.545385 -0.001636 -0.838120 -0.545484 -0.001650 -0.797258 -0.603637 -0.001631 -0.797172 -0.603750 -0.001637 -0.753282 -0.657696 -0.001636 -0.753275 -0.657704 -0.001635 -0.704492 -0.709710 -0.001637 -0.704535 -0.709667 -0.001565 -0.475801 -0.879551 -0.001601 -0.537480 -0.843275 -0.001588 -0.537403 -0.843324 -0.001613 -0.594979 -0.803739 -0.001603 -0.594861 -0.803827 -0.001622 -0.650665 -0.759363 -0.001626 -0.650718 -0.759317 -0.001639 -0.650643 -0.759382 -0.001620 -0.594840 -0.803843 -0.001616 -0.594797 -0.803874 -0.001588 -0.537499 -0.843263 -0.001583 -0.537439 -0.843301 -0.001548 -0.476054 -0.879415 -0.001542 -0.475943 -0.879475 -0.001348 -0.209009 -0.977913 -0.001412 -0.278110 -0.960548 -0.001389 -0.277953 -0.960594 -0.001446 -0.344425 -0.938813 -0.001447 -0.344421 -0.938814 -0.001498 -0.410320 -0.911940 -0.001497 -0.410324 -0.911939 -0.001494 -0.410336 -0.911933 -0.001445 -0.344265 -0.938872 -0.001457 -0.344354 -0.938839 -0.001402 -0.278120 -0.960545 -0.001388 -0.277956 -0.960593 -0.001324 -0.208991 -0.977917 -0.001331 -0.209135 -0.977886 -0.001027 0.075004 -0.997183 -0.001116 0.003702 -0.999993 -0.001102 0.003799 -0.999992 -0.001184 -0.065940 -0.997823 -0.001180 -0.065889 -0.997826 -0.001258 -0.136654 -0.990618 -0.001256 -0.136610 -0.990624 -0.001251 -0.136657 -0.990618 -0.001172 -0.066130 -0.997810 -0.001159 -0.066036 -0.997817 -0.001076 0.004066 -0.999991 -0.001097 0.003772 -0.999992 -0.001007 0.075004 -0.997183 -0.001013 0.074906 -0.997190 -0.000592 0.352847 -0.935681 -0.000699 0.285326 -0.958430 -0.000690 0.285388 -0.958412 -0.000791 0.217966 -0.975956 -0.000803 0.217796 -0.975994 -0.000902 0.148048 -0.988980 -0.000915 0.147778 -0.989020 -0.000928 0.147874 -0.989006 -0.000830 0.217786 -0.975996 -0.000815 0.217878 -0.975976 -0.000714 0.285450 -0.958394 -0.000708 0.285517 -0.958373 -0.000602 0.352882 -0.935668 -0.000600 0.352905 -0.935659 -0.000142 0.602124 -0.798402 -0.000256 0.544079 -0.839034 -0.000277 0.543966 -0.839108 -0.000390 0.483961 -0.875089 -0.000377 0.484125 -0.874999 -0.000490 0.420503 -0.907291 -0.000487 0.420548 -0.907270 -0.000460 0.420361 -0.907357 -0.000346 0.484217 -0.874948 -0.000369 0.484076 -0.875026 -0.000257 0.543971 -0.839104 -0.000263 0.543887 -0.839158 -0.000148 0.602135 -0.798394 -0.000147 0.602155 -0.798379 0.000318 0.802660 -0.596437 0.000208 0.758207 -0.652014 0.000208 0.758221 -0.651998 0.000095 0.711071 -0.703120 0.000086 0.711003 -0.703189 -0.000030 0.658952 -0.752185 -0.000027 0.658998 -0.752145 -0.000027 0.658996 -0.752146 0.000092 0.710950 -0.703242 0.000094 0.710969 -0.703223 0.000205 0.758347 -0.651851 0.000199 0.758266 -0.651945 0.000314 0.802609 -0.596506 0.000319 0.802666 -0.596429 0.000759 0.938192 -0.346115 0.000655 0.911238 -0.411880 0.000654 0.911227 -0.411904 0.000552 0.880270 -0.474472 0.000543 0.880268 -0.474477 0.000432 0.844348 -0.535795 0.000436 0.844359 -0.535778 0.000447 0.844348 -0.535796 0.000549 0.880262 -0.474488 0.000550 0.880258 -0.474495 0.000655 0.911238 -0.411880 0.000653 0.911229 -0.411899 0.000757 0.938191 -0.346116 0.000760 0.938203 -0.346083 0.001129 0.997705 -0.067703 0.001029 0.990353 -0.138561 0.001054 0.990369 -0.138450 0.000958 0.978289 -0.207243 0.000959 0.978284 -0.207268 0.000861 0.961053 -0.276362 0.000863 0.961067 -0.276314 0.000884 0.961041 -0.276404 0.000978 0.978306 -0.207166 0.000958 0.978284 -0.207268 0.001050 0.990357 -0.138536 0.001052 0.990366 -0.138471 0.001143 0.997703 -0.067728 0.001137 0.997698 -0.067807 0.001430 0.976376 0.216073 0.001367 0.989256 0.146185 0.001360 0.989262 0.146147 0.001294 0.997056 0.076661 0.001298 0.997051 0.076736 0.001225 0.999983 0.005751 0.001222 0.999983 0.005699 0.001215 0.999983 0.005705 0.001297 0.997051 0.076732 0.001297 0.997050 0.076750 0.001364 0.989270 0.146092 0.001365 0.989268 0.146103 0.001427 0.976376 0.216074 0.001428 0.976375 0.216076 -0.999999 0.001221 0.001090 -0.999999 0.001213 0.001117 -0.999999 0.001217 0.001089 -0.999999 0.001217 0.001104 -0.999999 0.001170 0.001135 -0.999999 0.001229 0.001068 -0.999999 0.001230 0.001056 -0.999999 0.001227 0.001101 -0.999999 0.001212 0.001116 -0.999999 0.001242 0.001055 -0.999999 0.001195 0.001140 -0.999999 0.001225 0.001117 -0.999999 0.001243 0.001014 -0.999999 0.001215 0.001136 -0.999999 0.001209 0.001141 -0.999999 0.001219 0.001077 -0.999999 0.001215 0.001090 -0.999999 0.001212 0.001110 -0.999999 0.001212 0.001105 -0.999999 0.001206 0.001068 -0.999999 0.001217 0.001097 -0.999999 0.001218 0.001063 -0.999999 0.001222 0.001142 -0.999999 0.001222 0.001152 -0.999999 0.001216 0.001081 -0.999999 0.001214 0.001118 -0.999999 0.001217 0.001074 -0.999999 0.001218 0.001109 -0.999999 0.001217 0.001123 -0.999999 0.001217 0.001093 -0.999999 0.001215 0.001110 -0.999999 0.001220 0.001092 -0.999999 0.001220 0.001043 -0.999999 0.001204 0.001070 -0.999999 0.001220 0.001142 -0.999999 0.001217 0.001113 -0.999999 0.001216 0.001126 -0.999999 0.001207 0.001068 -0.999999 0.001225 0.001121 -0.999999 0.001212 0.001078 -0.999999 0.001193 0.001070 -0.999999 0.001239 0.001095 -0.999999 0.001204 0.001067 -0.999999 0.001228 0.001158 -0.999999 0.001219 0.001102 -0.999999 0.001221 0.001121 -0.999999 0.001210 0.001080 -0.999999 0.001211 0.001107 -0.999999 0.001234 0.001232 -0.999999 0.001158 0.000971 -0.999999 0.001204 0.001068 -0.999999 0.001245 0.001140 -0.999999 0.001216 0.001105 -0.999999 0.001210 0.001077 -0.999999 0.001217 0.001092 -0.999999 0.001234 0.001123 -0.999999 0.001215 0.001101 -0.999999 0.001214 0.001078 -0.999999 0.001217 0.001114 -0.999999 0.001215 0.001103 -0.999999 0.001215 0.001097 -0.999999 0.001215 0.001104 -0.999999 0.001218 0.001085 -0.999999 0.001220 0.001117 -0.999999 0.001218 0.001124 -0.999999 0.001218 0.001118 -0.999999 0.001208 0.001050 -0.999999 0.001222 0.001121 -0.999999 0.001214 0.001091 -0.999999 0.001218 0.001104 -0.999999 0.001218 0.001105 -0.999999 0.001211 0.001099 -0.999999 0.001217 0.001084 -0.999999 0.001224 0.001143 -0.999999 0.001205 0.001047 -0.999999 0.001217 0.001086 -0.999999 0.001209 0.001116 -0.999999 0.001219 0.001102 -0.999999 0.001218 0.001096 -0.999999 0.001211 0.001091 -0.999999 0.001225 0.001130 -0.999999 0.001214 0.001091 -0.999999 0.001215 0.001098 -0.999999 0.001213 0.001101 -0.999999 0.001218 0.001104 -0.999999 0.001208 0.001074 -0.999999 0.001213 0.001090 -0.999999 0.001223 0.001115 -0.999999 0.001214 0.001095 -0.999999 0.001222 0.001116 -0.999999 0.001206 0.001084 -0.999999 0.001228 0.001122 -0.999999 0.001210 0.001089 -0.999999 0.001209 0.001104 -0.999999 0.001241 0.001116 -0.999999 0.001190 0.001090 -0.999999 0.001218 0.001087 -0.999999 0.001213 0.001104 -0.999999 0.001204 0.001094 -0.999999 0.001219 0.001090 -0.999999 0.001209 0.001092 -0.999999 0.001233 0.001113 -0.999999 0.001201 0.001097 -0.999999 0.001223 0.001096 -0.999999 0.001214 0.001104 -0.999999 0.001216 0.001102 -0.999999 0.001224 0.001106 -0.999999 0.001218 0.001110 -0.999999 0.001220 0.001092 -0.999999 0.001212 0.001095 -0.999999 0.001222 0.001104 -0.999999 0.001208 0.001093 -0.999999 0.001224 0.001109 -0.999999 0.001225 0.001104 -0.999999 0.001211 0.001090 -0.999999 0.001214 0.001106 -0.999999 0.001213 0.001096 -0.999999 0.001158 0.001071 -0.999999 0.001245 0.001104 -0.999999 0.001226 0.001114 -0.999999 0.001216 0.001103 -0.999999 0.001211 0.001097 -0.999999 0.001231 0.001110 -0.999999 0.001200 0.001098 -0.999999 0.001226 0.001097 -0.999999 0.001205 0.001103 -0.999999 0.001219 0.001092 -0.999999 0.001216 0.001103 -0.999999 0.001246 0.001108 -0.999999 0.001213 0.001098 -0.999999 0.001214 0.001099 -0.999999 0.001218 0.001101 -0.999999 0.001225 0.001104 -0.999999 0.001199 0.001095 -0.999999 0.001221 0.001102 -0.999999 0.001229 0.001099 -0.999999 0.001199 0.001100 -0.999999 0.001245 0.001101 -0.999999 0.001223 0.001102 -0.999999 0.001194 0.001099 -0.999999 0.001215 0.001099 -0.999999 0.001209 0.001100 -0.999999 0.001202 0.001096 -0.999999 0.001246 0.001100 -0.999999 0.001188 0.001098 -0.999999 0.001228 0.001099 -0.999999 0.001211 0.001098 -0.999999 0.001214 0.001098 -0.999999 0.001211 0.001099 -0.999999 0.001226 0.001099 -0.999999 0.001222 0.001099 -0.999999 0.001229 0.001098 -0.999999 0.001222 0.001098 -0.999999 0.001199 0.001103 -0.999999 0.001223 0.001098 -0.999999 0.001216 0.001102 -0.999999 0.001212 0.001101 -0.999999 0.001229 0.001097 -0.999999 0.001166 0.001105 -0.999999 0.001268 0.001089 -0.999999 0.001189 0.001103 -0.999999 0.001224 0.001099 -0.999999 0.001203 0.001103 -0.999999 0.001207 0.001100 -0.999999 0.001244 0.001089 -0.999999 0.001214 0.001101 -0.999999 0.001211 0.001093 -0.999999 0.001187 0.001098 -0.999999 0.001235 0.001099 -0.999999 0.001215 0.001104 -0.999999 0.001185 0.001089 -0.999999 0.001219 0.001085 -0.999999 0.001204 0.001110 -0.999999 0.001280 0.001110 -0.999999 0.001215 0.001107 -0.999999 0.001214 0.001096 -0.999999 0.001204 0.001101 -0.999999 0.001236 0.001101 -0.999999 0.001146 0.001090 -0.999999 0.001166 0.001094 -0.999999 0.001240 0.001102 -0.999999 0.001244 0.001101 -0.999999 0.001209 0.001102 -0.999999 0.001221 0.001104 -0.999999 0.001213 0.001104 -0.999999 0.001255 0.001101 -0.999999 0.001216 0.001103 -0.999999 0.001183 0.001104 -0.999999 0.001244 0.001103 -0.999999 0.001285 0.001092 -0.999999 0.001179 0.001106 -0.999999 0.001220 0.001100 -0.999999 0.001204 0.001106 -0.999999 0.001225 0.001089 -0.999999 0.001258 0.001099 -0.999999 0.001205 0.001101 -0.999999 0.001148 0.001123 -0.999999 0.001288 0.001079 -0.999999 0.001200 0.001102 -0.999999 0.001247 0.001088 -0.999999 0.001202 0.001106 -0.999999 0.001226 0.001099 -0.999999 0.001209 0.001111 -0.999999 0.001189 0.001105 -0.999999 0.001255 0.001108 -0.999999 0.001219 0.001060 -0.999999 0.001200 0.001103 -0.999999 0.001209 0.001102 -0.999999 0.001222 0.001085 -0.999999 0.001227 0.001088 -0.999999 0.001242 0.001065 -0.999999 0.001199 0.001166 -0.999999 0.001222 0.001083 -0.999999 0.001213 0.001113 -0.999999 0.001301 0.001018 -0.999999 0.001177 0.001178 -0.999999 0.001238 0.001091 -0.999999 0.001205 0.001080 -0.999999 0.001182 0.001117 -0.999999 0.001222 0.001090 -0.999999 0.001211 0.001090 -0.999999 0.001214 0.001112 -0.999999 0.001213 0.001139 -0.999999 0.001217 0.001104 -0.999999 0.001224 0.001064 -0.999999 0.001197 0.001163 -0.999999 0.001195 0.001110 -0.999999 0.001203 0.001094 -0.999999 0.001253 0.001060 -0.999999 0.001220 0.001073 -0.999999 0.001221 0.001091 -0.999999 0.001214 0.001116 -0.999999 0.001223 0.001087 -0.999999 0.001213 0.001144 -0.999999 0.001205 0.001151 -0.999999 0.001221 0.001050 -0.999999 0.001212 0.001114 -0.999999 0.001213 0.001085 -0.999999 0.001216 0.001086 -0.999999 0.001215 0.001110 -0.999999 0.001215 0.001105 -0.999999 0.001214 0.001081 -0.999999 0.001231 0.001179 -0.999999 0.001208 0.001067 -0.999999 0.001217 0.001115 -0.999999 0.001211 0.001087 -0.999999 0.001222 0.001139 -0.999999 0.001210 0.001056 -0.999999 0.001223 0.001113 -0.999999 0.001213 0.001102 -0.999999 0.001186 0.001036 -0.999999 0.001235 0.001139 -0.999999 0.001212 0.001060 -0.999999 0.001188 0.001061 -0.999999 0.001213 0.001098 -0.999999 0.001218 0.001109 -0.999999 0.001202 0.001071 -0.999999 0.001224 0.001129 -0.999999 0.001259 0.001199 -0.999999 0.001202 0.001047 -0.999999 0.001255 0.001181 -0.999999 0.001216 0.001099 -0.999999 0.001224 0.001081 -0.999999 0.001223 0.001113 -0.999999 0.001211 0.001093 -0.999999 0.001213 0.001103 -0.999999 0.001254 0.001134 -0.999999 0.001209 0.001069 -0.999999 0.001220 0.001143 -0.999999 0.001163 0.001012 -0.999999 0.001213 0.001096 -0.999999 0.001221 0.001103 -0.999999 0.001216 0.001103 -0.999999 0.001214 0.001086 -0.999999 0.001216 0.001099 -0.999999 0.001219 0.001120 -0.999999 0.001207 0.001048 -0.999999 0.001222 0.001123 -0.999999 0.001220 0.001127 -0.999999 0.001220 0.001137 -0.999999 0.001221 0.001098 -0.999999 0.001199 0.001045 -0.999999 0.001224 0.001107 -0.999999 0.001210 0.001072 -0.999999 0.001223 0.001112 -0.999999 0.001221 0.001133 -0.999999 0.001207 0.001080 -0.999999 0.001215 0.001089 -0.999999 0.001226 0.001125 -0.999999 0.001207 0.001095 -0.999999 0.001220 0.001095 -0.999999 0.001200 0.001042 -0.999999 0.001203 0.001084 -0.999999 0.001216 0.001115 -0.999999 0.001215 0.001068 -0.999999 0.001204 0.001093 -0.999999 0.001223 0.001125 -0.999999 0.001225 0.001105 -0.999999 0.001210 0.001082 -0.999999 0.001209 0.001080 -0.999999 0.001213 0.001129 -0.999999 0.001222 0.001078 -0.999999 0.001229 0.001156 -0.999999 0.001206 0.001082 -0.999999 0.001225 0.001127 -0.999999 0.001202 0.001069 -0.999999 0.001223 0.001106 -0.999999 0.001219 0.001113 -0.999999 0.001208 0.001076 -0.999999 0.001222 0.001119 -0.999999 0.001210 0.001099 -0.999999 0.001218 0.001087 -0.999999 0.001225 0.001102 -0.999999 0.001238 0.001121 -0.999999 0.001218 0.001090 -0.999999 0.001221 0.001128 -0.999999 0.001213 0.001085 -0.999999 0.001226 0.001115 -0.999999 0.001210 0.001099 -0.999999 0.001216 0.001109 -0.999999 0.001214 0.001102 -0.999999 0.001239 0.001103 -0.999999 0.001187 0.001074 -0.999999 0.001218 0.001095 -0.999999 0.001201 0.001094 -0.999999 0.001224 0.001104 -0.999999 0.001224 0.001110 -0.999999 0.001210 0.001088 -0.999999 0.001236 0.001109 -0.999999 0.001201 0.001094 -0.999999 0.001228 0.001110 -0.999999 0.001233 0.001123 -0.999999 0.001207 0.001079 -0.999999 0.001250 0.001127 -0.999999 0.001178 0.001076 -0.999999 0.001195 0.001083 -0.999999 0.001226 0.001109 -0.999999 0.001224 0.001097 -0.999999 0.001203 0.001100 -0.999999 0.001233 0.001106 -0.999999 0.001217 0.001100 -0.999999 0.001226 0.001101 -0.999999 0.001200 0.001100 -0.999999 0.001205 0.001096 -0.999999 0.001246 0.001111 -0.999999 0.001215 0.001099 -0.999999 0.001193 0.001089 -0.999999 0.001189 0.001092 -0.999999 0.001239 0.001106 -0.999999 0.001205 0.001093 -0.999999 0.001230 0.001104 -0.999999 0.001204 0.001097 -0.999999 0.001223 0.001099 -0.999999 0.001208 0.001102 -0.999999 0.001215 0.001097 -0.999999 0.001214 0.001101 -0.999999 0.001230 0.001103 -0.999999 0.001191 0.001097 -0.999999 0.001220 0.001100 -0.999999 0.001224 0.001101 -0.999999 0.001194 0.001100 -0.999999 0.001216 0.001099 -0.999999 0.001232 0.001099 -0.999999 0.001200 0.001101 -0.999999 0.001184 0.001101 -0.999999 0.001255 0.001094 -0.999999 0.001211 0.001101 -0.999999 0.001223 0.001101 -0.999999 0.001213 0.001100 -0.999999 0.001213 0.001100 -0.999999 0.001216 0.001101 -0.999999 0.001210 0.001103 -0.999999 0.001203 0.001101 -0.999999 0.001230 0.001097 -0.999999 0.001220 0.001097 -0.999999 0.001189 0.001115 -0.999999 0.001258 0.001090 -0.999999 0.001176 0.001108 -0.999999 0.001242 0.001088 -0.999999 0.001209 0.001095 -0.999999 0.001228 0.001096 -0.999999 0.001226 0.001103 -0.999999 0.001202 0.001107 -0.999999 0.001216 0.001100 -0.999999 0.001216 0.001099 -0.999999 0.001224 0.001104 -0.999999 0.001194 0.001097 -0.999999 0.001214 0.001100 -0.999999 0.001210 0.001096 -0.999999 0.001248 0.001105 -0.999999 0.001233 0.001102 -0.999999 0.001188 0.001095 -0.999999 0.001215 0.001099 -0.999999 0.001225 0.001099 -0.999999 0.001217 0.001100 -0.999999 0.001229 0.001100 -0.999999 0.001192 0.001101 -0.999999 0.001239 0.001099 -0.999999 0.001159 0.001108 -0.999999 0.001247 0.001095 -0.999999 0.001193 0.001102 -0.999999 0.001194 0.001101 -0.999999 0.001224 0.001099 -0.999999 0.001245 0.001094 -0.999999 0.001192 0.001101 -0.999999 0.001207 0.001109 -0.999999 0.001246 0.001092 -0.999999 0.001211 0.001099 -0.999999 0.001205 0.001102 -0.999999 0.001199 0.001109 -0.999999 0.001235 0.001082 -0.999999 0.001222 0.001100 -0.999999 0.001193 0.001123 -0.999999 0.001227 0.001115 -0.999999 0.001192 0.001088 -0.999999 0.001243 0.001098 -0.999999 0.001186 0.001116 -0.999999 0.001228 0.001085 -0.999999 0.001260 0.001093 -0.999999 0.001220 0.001102 -0.999999 0.001228 0.001096 -0.999999 0.001196 0.001103 -0.999999 0.001214 0.001114 -0.999999 0.001223 0.001085 -0.999999 0.001174 0.001156 -0.999999 0.001259 0.001037 -0.999999 0.001190 0.001115 -0.999999 0.001226 0.001111 -0.999999 0.001229 0.001091 -0.999999 0.001213 0.001112 -0.999999 0.001219 0.001113 -0.999999 0.001216 0.001090 -0.999999 0.001202 0.001146 -0.999999 0.001234 0.001025 -0.999999 0.001204 0.001162 -0.999999 0.001226 0.001059 -0.999999 0.001196 0.001146 -0.999999 0.001224 0.001040 -0.999999 0.001224 0.001124 -0.999999 0.001215 0.001085 -0.999999 0.001223 0.001054 -0.999999 0.001222 0.001097 -0.999999 0.001215 0.001126 -0.999999 0.001210 0.001101 -0.999999 0.001205 0.001169 -0.999999 0.001238 0.001039 -0.999999 0.001214 0.001109 -0.999999 0.001195 0.001152 -0.999999 0.001207 0.001138 -0.999999 0.001219 0.001092 -0.999999 0.001218 0.001085 -0.999999 0.001211 0.001104 -0.999999 0.001242 0.001010 -0.999999 0.001208 0.001119 -0.999999 0.001206 0.001117 -0.999999 0.001239 0.001076 -0.999999 0.001187 0.001112 -0.999999 0.001235 0.001078 -0.999999 0.001197 0.001136 -0.999999 0.001236 0.001056 -0.999999 0.001225 0.001113 -0.999999 0.001218 0.001081 -0.999999 0.001206 0.001130 -0.999999 0.001228 0.001071 -0.999999 0.001178 0.001171 -0.999999 0.001242 0.001068 -0.999999 0.001210 0.001105 -0.999999 0.001227 0.001059 -0.999999 0.001214 0.001079 -0.999999 0.001230 0.001118 -0.999999 0.001217 0.001095 -0.999999 0.001222 0.001094 -0.999999 0.001225 0.001071 -0.999999 0.001195 0.001103 -0.999999 0.001220 0.001109 -0.999999 0.001197 0.001159 -0.999999 0.001233 0.001103 -0.999999 0.001201 0.001099 -0.999999 0.001221 0.001091 -0.999999 0.001199 0.001130 -0.999999 0.001209 0.001081 -0.999999 0.001225 0.001123 -0.999999 0.001217 0.001065 -0.999999 0.001254 0.001078 -0.999999 0.001227 0.001099 -0.999999 0.001218 0.001077 -0.999999 0.001205 0.001129 -0.999999 0.001228 0.001065 -0.999999 0.001154 0.001163 -0.999999 0.001226 0.001067 -0.999999 0.001259 0.001094 -0.999999 0.001244 0.001037 -0.999999 0.001227 0.001104 -0.999999 0.001240 0.001095 -0.999999 0.001204 0.001077 -0.999999 0.001203 0.001137 -0.999999 0.001237 0.001039 -0.999999 0.001201 0.001156 -0.999999 0.001229 0.001068 -0.999999 0.001214 0.001106 -0.999999 0.001210 0.001083 -0.999999 0.001209 0.001133 -0.999999 0.001228 0.001070 -0.999999 0.001216 0.001112 -0.999999 0.001222 0.001095 -0.999999 0.001223 0.001084 -0.999999 0.001217 0.001103 -0.999999 0.001210 0.001103 -0.999999 0.001211 0.001126 -0.999999 0.001208 0.001067 -0.999999 0.001181 0.001160 -0.999999 0.001262 0.001028 -0.999999 0.001223 0.001113 -0.999999 0.001220 0.001094 -0.999999 0.001206 0.001108 -0.999999 0.001213 0.001102 -0.999999 0.001242 0.001017 -0.999999 0.001160 0.001215 -0.999999 0.001284 0.001033 -0.999999 0.001183 0.001112 -0.999999 0.001214 0.001083 -0.999999 0.001228 0.001100 -0.999999 0.001215 0.001075 -0.999999 0.001210 0.001127 -0.999999 0.001234 0.001079 -0.999999 0.001143 0.001179 -0.999999 0.001237 0.001095 -0.999999 0.001195 0.001146 -0.999999 0.001260 0.001074 -0.999999 0.001164 0.001160 -0.999999 0.001213 0.001124 -0.999999 0.001212 0.001068 -0.999999 0.001214 0.001084 -0.999999 0.001207 0.001139 -0.999999 0.001228 0.001063 -0.999999 0.001213 0.001097 -0.999999 0.001250 0.000988 -0.999999 0.001225 0.001133 -0.999999 0.001173 0.001211 -0.999999 0.001230 0.001002 -0.999999 0.001195 0.001120 -0.999999 0.001233 0.001078 -0.999999 0.001214 0.001074 -0.999999 0.001209 0.001149 -0.999999 0.001260 0.001040 -0.999999 0.001170 0.001188 -0.999999 0.001223 0.001087 -0.999999 0.001241 0.001018 -0.999999 0.001245 0.001052 -0.999999 0.001195 0.001145 -0.999999 0.001219 0.001103 -0.999999 0.001224 0.001086 -0.999999 0.001214 0.001060 -0.999999 0.001207 0.001168 -0.999999 0.001228 0.001088 -0.999999 0.001176 0.001190 -0.999999 0.001229 0.001105 -0.999999 0.001196 0.001086 -0.999999 0.001231 0.001070 -0.999999 0.001196 0.001137 0.001593 0.874439 0.485133 0.001565 0.904119 0.427279 0.001564 0.904115 0.427286 0.001533 0.929758 0.368170 0.001534 0.929751 0.368186 0.001492 0.951771 0.306806 0.001498 0.951738 0.306908 0.001504 0.951756 0.306852 0.001545 0.929724 0.368254 0.001536 0.929754 0.368177 0.001570 0.904169 0.427172 0.001573 0.904139 0.427236 0.001602 0.874423 0.485162 0.001597 0.874458 0.485098 0.001632 0.719004 0.695004 0.001633 0.762736 0.646708 0.001638 0.762712 0.646736 0.001632 0.802806 0.596237 0.001632 0.802789 0.596262 0.001618 0.839909 0.542724 0.001620 0.839902 0.542736 0.001613 0.839879 0.542772 0.001628 0.802677 0.596412 0.001617 0.802719 0.596356 0.001624 0.762919 0.646493 0.001641 0.762737 0.646707 0.001642 0.718997 0.695012 0.001640 0.719032 0.694975 0.001563 0.514676 0.857384 0.001590 0.569376 0.822076 0.001590 0.569381 0.822072 0.001612 0.621264 0.783600 0.001619 0.621154 0.783687 0.001632 0.670731 0.741699 0.001631 0.670731 0.741699 0.001266 0.998745 0.050065 0.001333 0.993364 0.115005 0.001336 0.993357 0.115063 0.001393 0.983922 0.178593 0.001395 0.983919 0.178609 0.001448 0.970184 0.242365 0.001449 0.970183 0.242368 0.001438 0.970205 0.242280 0.001386 0.983936 0.178517 0.001390 0.983916 0.178626 0.001334 0.993363 0.115012 0.001337 0.993352 0.115107 0.001272 0.998744 0.050096 0.001270 0.998746 0.050043 0.000934 0.977650 -0.210236 0.001020 0.989262 -0.146148 0.001038 0.989303 -0.145870 0.001116 0.996618 -0.082166 0.001119 0.996621 -0.082128 0.001194 0.999854 -0.017039 0.001198 0.999856 -0.016945 0.001203 0.999855 -0.016981 0.001129 0.996624 -0.082093 0.001128 0.996625 -0.082080 0.001048 0.989295 -0.145926 0.001045 0.989286 -0.145987 0.000961 0.977693 -0.210036 0.000957 0.977668 -0.210154 0.000581 0.890013 -0.455935 0.000678 0.917759 -0.397138 0.000687 0.917793 -0.397060 0.000781 0.941450 -0.337152 0.000775 0.941414 -0.337252 0.000868 0.961376 -0.275238 0.000865 0.961344 -0.275349 0.000853 0.961344 -0.275349 0.000761 0.941405 -0.337279 0.000769 0.941430 -0.337208 0.000674 0.917736 -0.397191 0.000676 0.917775 -0.397102 0.000579 0.890002 -0.455957 0.000577 0.889973 -0.456014 0.000138 0.741515 -0.670936 0.000244 0.783539 -0.621343 0.000266 0.783734 -0.621097 0.000369 0.822091 -0.569356 0.000373 0.822139 -0.569287 0.000476 0.857400 -0.514651 0.000472 0.857338 -0.514753 0.000472 0.857392 -0.514664 0.000370 0.822100 -0.569343 0.000368 0.822083 -0.569367 0.000266 0.783641 -0.621215 0.000269 0.783702 -0.621138 0.000163 0.741649 -0.670788 0.000168 0.741717 -0.670714 -0.000282 0.540639 -0.841255 -0.000169 0.596070 -0.802933 -0.000140 0.596407 -0.802682 -0.000035 0.646893 -0.762581 -0.000061 0.646482 -0.762929 0.000047 0.694835 -0.719170 0.000058 0.695055 -0.718957 0.000056 0.694879 -0.719127 -0.000048 0.646832 -0.762633 -0.000060 0.646686 -0.762756 -0.000168 0.596084 -0.802922 -0.000154 0.596303 -0.802759 -0.000264 0.540759 -0.841178 -0.000268 0.540631 -0.841260 -0.000641 0.307413 -0.951576 -0.000542 0.368423 -0.929658 -0.000572 0.368049 -0.929806 -0.000472 0.427185 -0.904164 -0.000476 0.427088 -0.904210 -0.000369 0.487355 -0.873204 -0.000368 0.487350 -0.873207 -0.000365 0.487360 -0.873201 -0.000472 0.427179 -0.904167 -0.000480 0.427067 -0.904220 -0.000580 0.368162 -0.929761 -0.000577 0.368234 -0.929733 -0.000675 0.307162 -0.951657 -0.000680 0.307038 -0.951697 -0.001031 0.050255 -0.998736 -0.000946 0.115014 -0.993363 -0.000961 0.114815 -0.993386 -0.000874 0.178547 -0.983931 -0.000875 0.178511 -0.983938 -0.000783 0.242164 -0.970235 -0.000779 0.242271 -0.970208 -0.000766 0.242291 -0.970203 -0.000858 0.178665 -0.983910 -0.000859 0.178662 -0.983910 -0.000946 0.115033 -0.993361 -0.000955 0.114845 -0.993383 -0.001040 0.050185 -0.998739 -0.001031 0.050459 -0.998726 -0.001323 -0.209920 -0.977718 -0.001258 -0.146158 -0.989261 -0.001234 -0.145810 -0.989312 -0.001164 -0.081556 -0.996668 -0.001190 -0.082136 -0.996621 -0.001114 -0.017266 -0.999850 -0.001114 -0.017271 -0.999850 -0.001114 -0.017271 -0.999850 -0.001189 -0.081758 -0.996652 -0.001215 -0.082144 -0.996620 -0.001285 -0.146358 -0.989231 -0.001277 -0.146204 -0.989254 -0.001342 -0.210076 -0.977684 -0.001338 -0.209925 -0.977717 -0.001526 -0.455906 -0.890027 -0.001485 -0.397005 -0.917815 -0.001501 -0.397211 -0.917726 -0.001453 -0.337336 -0.941383 -0.001447 -0.337204 -0.941431 -0.001394 -0.275203 -0.961385 -0.001399 -0.275323 -0.961351 -0.001384 -0.275113 -0.961411 -0.001437 -0.337206 -0.941430 -0.001439 -0.337238 -0.941418 -0.001486 -0.397013 -0.917812 -0.001487 -0.397033 -0.917803 -0.001529 -0.455929 -0.890015 -0.001534 -0.456068 -0.889944 -0.001626 -0.670774 -0.741660 -0.001612 -0.621030 -0.783785 -0.001619 -0.621132 -0.783704 -0.001600 -0.569519 -0.821976 -0.001591 -0.569346 -0.822097 -0.001563 -0.514536 -0.857467 -0.001569 -0.514697 -0.857371 -0.001586 -0.514681 -0.857381 -0.001611 -0.569603 -0.821918 -0.001594 -0.569376 -0.822076 -0.001615 -0.621066 -0.783757 -0.001620 -0.621133 -0.783704 -0.001634 -0.670821 -0.741618 -0.001636 -0.670866 -0.741576 -0.001617 -0.839912 -0.542721 -0.001633 -0.802719 -0.596355 -0.001639 -0.802745 -0.596321 -0.001645 -0.762799 -0.646634 -0.001640 -0.762753 -0.646688 -0.001640 -0.719005 -0.695002 -0.001642 -0.719046 -0.694960 -0.001652 -0.718996 -0.695013 -0.001650 -0.762781 -0.646655 -0.001641 -0.762742 -0.646701 -0.001636 -0.802808 -0.596236 -0.001630 -0.802774 -0.596281 -0.001618 -0.839877 -0.542774 -0.001620 -0.839907 -0.542729 -0.001493 -0.951741 -0.306899 -0.001532 -0.929723 -0.368256 -0.001540 -0.929732 -0.368233 -0.001573 -0.904187 -0.427133 -0.001565 -0.904133 -0.427249 -0.001592 -0.874401 -0.485201 -0.001599 -0.874468 -0.485081 -0.001597 -0.874481 -0.485057 -0.001567 -0.904091 -0.427337 -0.001573 -0.904112 -0.427292 -0.001538 -0.929770 -0.368139 -0.001534 -0.929748 -0.368192 -0.001494 -0.951742 -0.306895 -0.001494 -0.951744 -0.306891 -0.001270 -0.998745 -0.050063 -0.001335 -0.993364 -0.115004 -0.001332 -0.993363 -0.115015 -0.001390 -0.983911 -0.178656 -0.001392 -0.983919 -0.178611 -0.001447 -0.970196 -0.242316 -0.001444 -0.970194 -0.242326 -0.001440 -0.970183 -0.242369 -0.001386 -0.983904 -0.178695 -0.001400 -0.983939 -0.178497 -0.001340 -0.993369 -0.114965 -0.001334 -0.993358 -0.115059 -0.001271 -0.998746 -0.050055 -0.001268 -0.998744 -0.050100 -0.000963 -0.977642 0.210276 -0.001048 -0.989277 0.146046 -0.001044 -0.989283 0.146007 -0.001122 -0.996621 0.082126 -0.001125 -0.996621 0.082128 -0.001199 -0.999855 0.017001 -0.001196 -0.999857 0.016880 -0.001191 -0.999856 0.016929 -0.001114 -0.996627 0.082060 -0.001118 -0.996625 0.082079 -0.001037 -0.989289 0.145964 -0.001040 -0.989281 0.146019 -0.000956 -0.977655 0.210212 -0.000954 -0.977660 0.210193 -0.000588 -0.889951 0.456056 -0.000685 -0.917837 0.396957 -0.000686 -0.917838 0.396954 -0.000778 -0.941304 0.337559 -0.000766 -0.941415 0.337250 -0.000859 -0.961416 0.275098 -0.000863 -0.961372 0.275251 -0.000882 -0.961371 0.275255 -0.000786 -0.941282 0.337620 -0.000763 -0.941415 0.337250 -0.000667 -0.917897 0.396818 -0.000678 -0.917798 0.397048 -0.000579 -0.889985 0.455989 -0.000580 -0.889948 0.456062 -0.000165 -0.741492 0.670962 -0.000272 -0.783678 0.621166 -0.000269 -0.783707 0.621131 -0.000373 -0.822039 0.569431 -0.000366 -0.822122 0.569311 -0.000470 -0.857469 0.514535 -0.000477 -0.857361 0.514716 -0.000479 -0.857436 0.514591 -0.000375 -0.822022 0.569456 -0.000382 -0.821976 0.569522 -0.000278 -0.783656 0.621195 -0.000270 -0.783778 0.621042 -0.000163 -0.741513 0.670939 -0.000152 -0.741733 0.670695 0.000260 -0.542869 0.839818 0.000154 -0.596174 0.802856 0.000165 -0.596302 0.802760 0.000060 -0.646660 0.762779 0.000057 -0.646593 0.762835 -0.000051 -0.694928 0.719080 -0.000042 -0.695107 0.718907 -0.000039 -0.694989 0.719021 0.000069 -0.646713 0.762734 0.000047 -0.646469 0.762941 0.000153 -0.596154 0.802871 0.000167 -0.596410 0.802680 0.000273 -0.542960 0.839758 0.000264 -0.542740 0.839901 0.000668 -0.307022 0.951702 0.000571 -0.367752 0.929924 0.000592 -0.368073 0.929797 0.000491 -0.427361 0.904081 0.000477 -0.427067 0.904220 0.000375 -0.485255 0.874373 0.000372 -0.485206 0.874400 0.000360 -0.485168 0.874421 0.000465 -0.427185 0.904164 0.000460 -0.427104 0.904202 0.000560 -0.367677 0.929953 0.000585 -0.368233 0.929733 0.000683 -0.307136 0.951666 0.000681 -0.307052 0.951693 0.001057 -0.049865 0.998756 0.000972 -0.115227 0.993339 0.000946 -0.114830 0.993385 0.000858 -0.178673 0.983908 0.000850 -0.178482 0.983943 0.000758 -0.242014 0.970272 0.000779 -0.242677 0.970107 0.000794 -0.242294 0.970203 0.000886 -0.178887 0.983869 0.000871 -0.178659 0.983911 0.000959 -0.115124 0.993351 0.000947 -0.114838 0.993384 0.001032 -0.049672 0.998765 0.001044 -0.050063 0.998746 0.001351 0.210299 0.977636 0.001285 0.145640 0.989337 0.001274 0.145797 0.989314 0.001204 0.082214 0.996614 0.001208 0.082140 0.996620 0.001132 0.016745 0.999859 0.001127 0.016905 0.999857 0.001114 0.016883 0.999857 0.001191 0.082313 0.996606 0.001189 0.082338 0.996604 0.001258 0.145836 0.989308 0.001251 0.146006 0.989283 0.001317 0.210552 0.977582 0.001330 0.210124 0.977674 0.001527 0.456086 0.889934 0.001487 0.397056 0.917793 0.001486 0.397045 0.917798 0.001440 0.337409 0.941357 0.001441 0.337374 0.941369 0.001387 0.275112 0.961411 0.001392 0.274973 0.961451 0.001411 0.274923 0.961465 0.001465 0.337228 0.941422 0.001465 0.337235 0.941419 0.001511 0.396878 0.917870 0.001503 0.397023 0.917808 0.001544 0.455966 0.889996 0.001535 0.456240 0.889856 0.001609 0.670871 0.741572 0.001592 0.621379 0.783509 0.001611 0.621163 0.783680 0.001591 0.569382 0.822072 0.001592 0.569349 0.822094 0.001565 0.514666 0.857389 0.001569 0.514524 0.857475 -0.999999 0.001226 0.001120 -0.999999 0.001215 0.001108 -0.999999 0.001219 0.001106 -0.999999 0.001201 0.001078 -0.999999 0.001201 0.001070 -0.999999 0.001245 0.001131 -0.999999 0.001196 0.001076 -0.999999 0.001240 0.001121 -0.999999 0.001205 0.001087 -0.999999 0.001190 0.001081 -0.999999 0.001237 0.001102 -0.999999 0.001267 0.001100 -0.999999 0.001226 0.001117 -0.999999 0.001220 0.001105 -0.999999 0.001217 0.001087 -0.999999 0.001230 0.001132 -0.999999 0.001215 0.001057 -0.999999 0.001247 0.001144 -0.999999 0.001210 0.001073 -0.999999 0.001224 0.001124 -0.999999 0.001218 0.001096 -0.999999 0.001214 0.001096 -0.999999 0.001213 0.001102 -0.999999 0.001208 0.001077 -0.999999 0.001206 0.001074 -0.999999 0.001245 0.001152 -0.999999 0.001187 0.001060 -0.999999 0.001227 0.001090 -0.999999 0.001217 0.001137 -0.999999 0.001199 0.001035 -0.999999 0.001226 0.001117 -0.999999 0.001207 0.001083 -0.999999 0.001216 0.001120 -0.999999 0.001209 0.001067 -0.999999 0.001229 0.001130 -0.999999 0.001208 0.001081 -0.999999 0.001215 0.001109 -0.999999 0.001209 0.001061 -0.999999 0.001222 0.001141 -0.999999 0.001226 0.001101 -0.999999 0.001216 0.001113 -0.999999 0.001215 0.001086 -0.999999 0.001221 0.001150 -0.999999 0.001202 0.001079 -0.999999 0.001215 0.001113 -0.999999 0.001213 0.001060 -0.999999 0.001233 0.001183 -0.999999 0.001200 0.001046 -0.999999 0.001216 0.001102 -0.999999 0.001216 0.001076 -0.999999 0.001214 0.001116 -0.999999 0.001212 0.001080 -0.999999 0.001215 0.001092 -0.999999 0.001216 0.001089 -0.999999 0.001213 0.001085 -0.999999 0.001218 0.001118 -0.999999 0.001213 0.001088 -0.999999 0.001222 0.001096 -0.999999 0.001220 0.001111 -0.999999 0.001217 0.001114 -0.999999 0.001219 0.001102 -0.999999 0.001191 0.001135 -0.999999 0.001230 0.001090 -0.999999 0.001209 0.001094 -0.999999 0.001213 0.001100 -0.999999 0.001183 0.001137 -0.999999 0.001216 0.001093 -0.999999 0.001221 0.001062 -0.999999 0.001229 0.001079 -0.999999 0.001217 0.001107 -0.999999 0.001236 0.001064 -0.999999 0.001194 0.001163 -0.999999 0.001180 0.001126 -0.999999 0.001237 0.001065 -0.999999 0.001193 0.001156 -0.999999 0.001223 0.001056 -0.999999 0.001222 0.001094 -0.999999 0.001245 0.001069 -0.999999 0.001220 0.001109 -0.999999 0.001198 0.001128 -0.999999 0.001217 0.001098 -0.999999 0.001218 0.001097 -0.999999 0.001210 0.001090 -0.999999 0.001229 0.001101 -0.999999 0.001248 0.001076 -0.999999 0.001216 0.001090 -0.999999 0.001202 0.001113 -0.999999 0.001212 0.001114 -0.999999 0.001251 0.001080 -0.999999 0.001238 0.001088 -0.999999 0.001206 0.001136 -0.999999 0.001199 0.001099 -0.999999 0.001206 0.001104 -0.999999 0.001217 0.001092 -0.999999 0.001245 0.001057 -0.999999 0.001226 0.001081 -0.999999 0.001227 0.001108 -0.999999 0.001195 0.001108 -0.999999 0.001227 0.001118 -0.999999 0.001197 0.001130 -0.999999 0.001157 0.001120 -0.999999 0.001203 0.001102 -0.999999 0.001225 0.001076 -0.999999 0.001239 0.001082 -0.999999 0.001243 0.001092 -0.999999 0.001216 0.001104 -0.999999 0.001220 0.001093 -0.999999 0.001205 0.001131 -0.999999 0.001169 0.001083 -0.999999 0.001214 0.001086 -0.999999 0.001252 0.001103 -0.999999 0.001200 0.001103 -0.999999 0.001225 0.001107 -0.999999 0.001219 0.001111 -0.999999 0.001206 0.001097 -0.999999 0.001250 0.001110 -0.999999 0.001227 0.001113 -0.999999 0.001234 0.001112 -0.999999 0.001222 0.001109 -0.999999 0.001204 0.001113 -0.999999 0.001196 0.001099 -0.999999 0.001157 0.001069 -0.999999 0.001249 0.001091 -0.999999 0.001198 0.001101 -0.999999 0.001221 0.001094 -0.999999 0.001229 0.001094 -0.999999 0.001207 0.001100 -0.999999 0.001206 0.001087 -0.999999 0.001233 0.001114 -0.999999 0.001222 0.001100 -0.999999 0.001208 0.001094 -0.999999 0.001264 0.001105 -0.999999 0.001212 0.001103 -0.999999 0.001189 0.001094 -0.999999 0.001230 0.001109 -0.999999 0.001206 0.001105 -0.999999 0.001173 0.001063 -0.999999 0.001237 0.001120 -0.999999 0.001210 0.001110 -0.999999 0.001207 0.001095 -0.999999 0.001191 0.001073 -0.999999 0.001239 0.001122 -0.999999 0.001189 0.001081 -0.999999 0.001243 0.001111 -0.999999 0.001213 0.001107 -0.999999 0.001205 0.001099 -0.999999 0.001256 0.001130 -0.999999 0.001181 0.001069 -0.999999 0.001228 0.001114 -0.999999 0.001209 0.001095 -0.999999 0.001216 0.001096 -0.999999 0.001257 0.001134 -0.999999 0.001208 0.001047 -0.999999 0.001241 0.001133 -0.999999 0.001206 0.001104 -0.999999 0.001234 0.001101 -0.999999 0.001221 0.001094 -0.999999 0.001206 0.001088 -0.999999 0.001233 0.001116 -0.999999 0.001191 0.001092 -0.999999 0.001207 0.001100 -0.999999 0.001228 0.001102 -0.999999 0.001184 0.001066 -0.999999 0.001266 0.001134 -0.999999 0.001210 0.001131 -0.999999 0.001191 0.001043 -0.999999 0.001218 0.001115 -0.999999 0.001223 0.001097 -0.999999 0.001222 0.001054 -0.999999 0.001211 0.001123 -0.999999 0.001211 0.001096 -0.999999 0.001213 0.001094 -0.999999 0.001212 0.001082 -0.999999 0.001206 0.001106 -0.999999 0.001207 0.001037 -0.999999 0.001212 0.001141 -0.999999 0.001212 0.001127 -0.999999 0.001223 0.001055 -0.999999 0.001218 0.001151 -0.999999 0.001218 0.001124 -0.999999 0.001211 0.001114 -0.999999 0.001210 0.001112 -0.999999 0.001218 0.001065 -0.999999 0.001219 0.001089 -0.999999 0.001226 0.001099 -0.999999 0.001224 0.001090 -0.999999 0.001218 0.001125 -0.999999 0.001218 0.001087 -0.999999 0.001209 0.001093 -0.999999 0.001220 0.001080 -0.999999 0.001212 0.001153 -0.999999 0.001214 0.001068 -0.999999 0.001191 0.001165 -0.999999 0.001225 0.001055 -0.999999 0.001211 0.001160 -0.999999 0.001214 0.001090 -0.999999 0.001223 0.001085 -0.999999 0.001218 0.001119 -0.999999 0.001223 0.001101 -0.999999 0.001228 0.001099 -0.999999 0.001231 0.001080 -0.999999 0.001212 0.001113 -0.999999 0.001221 0.001103 -0.999999 0.001228 0.001030 -0.999999 0.001172 0.001126 -0.999999 0.001228 0.001049 -0.999999 0.001215 0.001089 -0.999999 0.001222 0.001095 -0.999999 0.001238 0.001072 -0.999999 0.001209 0.001123 -0.999999 0.001222 0.001111 -0.999999 0.001215 0.001103 -0.999999 0.001193 0.001115 -0.999999 0.001209 0.001137 -0.999999 0.001208 0.001091 -0.999999 0.001206 0.001111 -0.999999 0.001225 0.001095 -0.999999 0.001235 0.001094 -0.999999 0.001208 0.001115 -0.999999 0.001199 0.001123 -0.999999 0.001226 0.001099 -0.999999 0.001224 0.001100 -0.999999 0.001212 0.001082 -0.999999 0.001202 0.001100 -0.999999 0.001284 0.001090 -0.999999 0.001158 0.001113 -0.999999 0.001219 0.001098 -0.999999 0.001222 0.001100 -0.999999 0.001240 0.001099 -0.999999 0.001162 0.001104 -0.999999 0.001225 0.001095 -0.999999 0.001213 0.001092 -0.999999 0.001208 0.001099 -0.999999 0.001224 0.001103 -0.999999 0.001260 0.001089 -0.999999 0.001210 0.001113 -0.999999 0.001245 0.001100 -0.999999 0.001188 0.001110 -0.999999 0.001247 0.001096 -0.999999 0.001217 0.001102 -0.999999 0.001181 0.001092 -0.999999 0.001188 0.001092 -0.999999 0.001249 0.001089 -0.999999 0.001240 0.001099 -0.999999 0.001170 0.001094 -0.999999 0.001242 0.001100 -0.999999 0.001198 0.001108 -0.999999 0.001215 0.001089 -0.999999 0.001195 0.001102 -0.999999 0.001196 0.001104 -0.999999 0.001252 0.001098 -0.999999 0.001191 0.001114 -0.999999 0.001201 0.001098 -0.999999 0.001222 0.001100 -0.999999 0.001222 0.001104 -0.999999 0.001218 0.001102 -0.999999 0.001208 0.001092 -0.999999 0.001235 0.001105 -0.999999 0.001195 0.001105 -0.999999 0.001248 0.001097 -0.999999 0.001179 0.001096 -0.999999 0.001214 0.001107 -0.999999 0.001232 0.001107 -0.999999 0.001217 0.001105 -0.999999 0.001210 0.001105 -0.999999 0.001161 0.001089 -0.999999 0.001232 0.001106 -0.999999 0.001201 0.001102 0.000385 -0.491944 0.870627 0.000464 -0.447494 0.894287 0.000438 -0.447369 0.894349 0.000517 -0.401843 0.915709 0.000532 -0.401996 0.915641 0.000610 -0.355479 0.934684 0.000601 -0.355335 0.934739 0.000594 -0.355367 0.934727 0.000518 -0.402057 0.915615 0.000518 -0.402067 0.915610 0.000440 -0.447469 0.894300 0.000433 -0.447396 0.894336 0.000352 -0.491969 0.870613 0.000358 -0.492060 0.870561 0.000048 -0.657193 0.753722 0.000132 -0.618325 0.785923 0.000117 -0.618256 0.785977 0.000198 -0.578027 0.816017 0.000201 -0.578046 0.816004 0.000283 -0.536202 0.844090 0.000276 -0.536105 0.844152 0.000254 -0.536204 0.844089 0.000173 -0.578107 0.815961 0.000180 -0.578138 0.815939 0.000098 -0.618243 0.785987 0.000106 -0.618308 0.785936 0.000023 -0.657166 0.753746 0.000031 -0.657268 0.753657 -0.000303 -0.795506 0.605945 -0.000221 -0.763903 0.645331 -0.000229 -0.763874 0.645365 -0.000148 -0.730465 0.682951 -0.000143 -0.730494 0.682920 -0.000061 -0.695023 0.718988 -0.000054 -0.695120 0.718894 -0.000030 -0.695034 0.718977 -0.000116 -0.730618 0.682787 -0.000146 -0.730503 0.682910 -0.000228 -0.763764 0.645495 -0.000217 -0.763834 0.645413 -0.000299 -0.795570 0.605862 -0.000305 -0.795512 0.605938 -0.000602 -0.901155 0.433497 -0.000525 -0.878145 0.478395 -0.000547 -0.878082 0.478511 -0.000470 -0.853011 0.521892 -0.000459 -0.853076 0.521787 -0.000379 -0.825582 0.564281 -0.000387 -0.825503 0.564397 -0.000382 -0.825487 0.564422 -0.000463 -0.853002 0.521908 -0.000448 -0.853040 0.521845 -0.000526 -0.878172 0.478344 -0.000545 -0.878075 0.478522 -0.000622 -0.901179 0.433448 -0.000620 -0.901196 0.433410 -0.000922 -0.969983 0.243170 -0.000850 -0.956456 0.291877 -0.000848 -0.956460 0.291862 -0.000777 -0.940635 0.339419 -0.000777 -0.940635 0.339418 -0.000704 -0.922246 0.386604 -0.000697 -0.922288 0.386503 -0.000672 -0.922233 0.386635 -0.000748 -0.940635 0.339419 -0.000763 -0.940608 0.339494 -0.000834 -0.956465 0.291847 -0.000840 -0.956446 0.291909 -0.000910 -0.969983 0.243170 -0.000913 -0.969972 0.243213 -0.001169 -0.999075 0.042983 -0.001110 -0.995630 0.093383 -0.001106 -0.995631 0.093366 -0.001044 -0.989702 0.143142 -0.001046 -0.989699 0.143161 -0.000981 -0.981197 0.193006 -0.000981 -0.981195 0.193017 -0.000986 -0.981198 0.193002 -0.001050 -0.989704 0.143124 -0.001051 -0.989703 0.143133 -0.001112 -0.995626 0.093423 -0.001107 -0.995632 0.093361 -0.001167 -0.999075 0.042978 -0.001168 -0.999075 0.042996 -0.001384 -0.987258 -0.159122 -0.001336 -0.994049 -0.108929 -0.001330 -0.994047 -0.108950 -0.001281 -0.998258 -0.058979 -0.001280 -0.998258 -0.058992 -0.001227 -0.999963 -0.008484 -0.001226 -0.999963 -0.008499 -0.001217 -0.999964 -0.008451 -0.001270 -0.998257 -0.059009 -0.001276 -0.998259 -0.058971 -0.001326 -0.994047 -0.108943 -0.001328 -0.994049 -0.108930 -0.001374 -0.987260 -0.159109 -0.001375 -0.987264 -0.159084 -0.001526 -0.935033 -0.354558 -0.001492 -0.951794 -0.306733 -0.001489 -0.951788 -0.306753 -0.001453 -0.965935 -0.258779 -0.001461 -0.965953 -0.258714 -0.001421 -0.977793 -0.209567 -0.001419 -0.977788 -0.209589 -0.001417 -0.977791 -0.209579 -0.001457 -0.965950 -0.258727 -0.001459 -0.965954 -0.258710 -0.001496 -0.951764 -0.306828 -0.001500 -0.951771 -0.306806 -0.001531 -0.935061 -0.354483 -0.001526 -0.935029 -0.354567 -0.001613 -0.844538 -0.535494 -0.001599 -0.870535 -0.492105 -0.001598 -0.870535 -0.492104 -0.001578 -0.894082 -0.447901 -0.001576 -0.894076 -0.447912 -0.001552 -0.915556 -0.402188 -0.001555 -0.915573 -0.402150 -0.001557 -0.915570 -0.402155 -0.001578 -0.894058 -0.447949 -0.001581 -0.894065 -0.447935 -0.001600 -0.870525 -0.492121 -0.001601 -0.870528 -0.492117 -0.001617 -0.844546 -0.535481 -0.001615 -0.844534 -0.535500 -0.001624 -0.719462 -0.694530 -0.001624 -0.753554 -0.657384 -0.001652 -0.753653 -0.657271 -0.001648 -0.785682 -0.618629 -0.001634 -0.785587 -0.618749 -0.001627 -0.815925 -0.578155 -0.001628 -0.815934 -0.578143 -0.001621 -0.815955 -0.578113 -0.001629 -0.785555 -0.618790 -0.001636 -0.785580 -0.618758 -0.001641 -0.753695 -0.657223 -0.001640 -0.753701 -0.657215 -0.001639 -0.719405 -0.694589 -0.001639 -0.719402 -0.694592 -0.001577 -0.564931 -0.825137 -0.001592 -0.605961 -0.795493 -0.001593 -0.605966 -0.795489 -0.001606 -0.644944 -0.764228 -0.001619 -0.645051 -0.764138 -0.001629 -0.682798 -0.730605 -0.001634 -0.682864 -0.730543 -0.001653 -0.682786 -0.730617 -0.001645 -0.645043 -0.764144 -0.001632 -0.644995 -0.764185 -0.001619 -0.605799 -0.795616 -0.001623 -0.605828 -0.795594 -0.001606 -0.564987 -0.825098 -0.001595 -0.564833 -0.825204 -0.001486 -0.387314 -0.921947 -0.001519 -0.433376 -0.901212 -0.001530 -0.433424 -0.901189 -0.001559 -0.477979 -0.878370 -0.001549 -0.477896 -0.878415 -0.001576 -0.521785 -0.853075 -0.001573 -0.521769 -0.853085 -0.001550 -0.521885 -0.853014 -0.001522 -0.477887 -0.878420 -0.001538 -0.477953 -0.878384 -0.001509 -0.433486 -0.901159 -0.001511 -0.433519 -0.901143 -0.001478 -0.387217 -0.921987 -0.001484 -0.387319 -0.921945 -0.001318 -0.193766 -0.981047 -0.001367 -0.243084 -0.970004 -0.001364 -0.243082 -0.970005 -0.001408 -0.291324 -0.956623 -0.001413 -0.291370 -0.956609 -0.001454 -0.339274 -0.940687 -0.001447 -0.339163 -0.940727 -0.001444 -0.339177 -0.940722 -0.001404 -0.291392 -0.956603 -0.001406 -0.291408 -0.956598 -0.001361 -0.243105 -0.969999 -0.001361 -0.243098 -0.970001 -0.001314 -0.193658 -0.981068 -0.001320 -0.193761 -0.981048 -0.001090 0.007679 -0.999970 -0.001151 -0.042797 -0.999083 -0.001163 -0.042886 -0.999079 -0.001220 -0.093007 -0.995665 -0.001200 -0.092786 -0.995685 -0.001255 -0.142945 -0.989730 -0.001268 -0.143156 -0.989699 -0.001284 -0.143061 -0.989713 -0.001230 -0.092861 -0.995678 -0.001208 -0.092748 -0.995689 -0.001151 -0.042820 -0.999082 -0.001158 -0.042901 -0.999079 -0.001098 0.007547 -0.999971 -0.001090 0.007679 -0.999970 -0.000846 0.208957 -0.977924 -0.000917 0.158953 -0.987286 -0.000882 0.159135 -0.987256 -0.000950 0.109499 -0.993986 -0.000952 0.109479 -0.993989 -0.001018 0.059244 -0.998243 -0.001026 0.059115 -0.998251 -0.001025 0.059114 -0.998251 -0.000959 0.109654 -0.993969 -0.000971 0.109586 -0.993977 -0.000903 0.159064 -0.987268 -0.000892 0.159198 -0.987246 -0.000821 0.208835 -0.977950 -0.000822 0.208823 -0.977953 -0.000519 0.401403 -0.915901 -0.000596 0.354450 -0.935075 -0.000601 0.354440 -0.935079 -0.000675 0.307465 -0.951559 -0.000673 0.307485 -0.951553 -0.000748 0.258883 -0.965909 -0.000748 0.258883 -0.965908 -0.000725 0.258767 -0.965939 -0.000650 0.307474 -0.951556 -0.000661 0.307423 -0.951573 -0.000586 0.354556 -0.935035 -0.000598 0.354416 -0.935088 -0.000520 0.401391 -0.915907 -0.000520 0.401393 -0.915906 -0.000150 0.577482 -0.816403 -0.000230 0.535548 -0.844505 -0.000263 0.535404 -0.844596 -0.000343 0.492659 -0.870222 -0.000350 0.492590 -0.870261 -0.000430 0.448178 -0.893945 -0.000439 0.448042 -0.894013 -0.000443 0.448086 -0.893990 -0.000367 0.492639 -0.870234 -0.000361 0.492653 -0.870226 -0.000281 0.535578 -0.844486 -0.000288 0.535523 -0.844521 -0.000206 0.577457 -0.816422 -0.000190 0.577665 -0.816274 0.000137 0.730141 -0.683296 0.000056 0.694559 -0.719436 0.000055 0.694563 -0.719432 -0.000027 0.657681 -0.753297 -0.000029 0.657649 -0.753324 -0.000112 0.618792 -0.785555 -0.000107 0.618880 -0.785486 -0.000086 0.618792 -0.785555 -0.000004 0.657752 -0.753234 -0.000031 0.657653 -0.753321 0.000052 0.694627 -0.719370 0.000048 0.694599 -0.719397 0.000132 0.730021 -0.683425 0.000141 0.730132 -0.683306 0.000455 0.852697 -0.522405 0.000377 0.825274 -0.564733 0.000372 0.825264 -0.564747 0.000292 0.795797 -0.605563 0.000300 0.795849 -0.605495 0.000218 0.764251 -0.644918 0.000225 0.764315 -0.644843 0.000219 0.764340 -0.644814 0.000302 0.795898 -0.605431 0.000294 0.795871 -0.605467 0.000374 0.825145 -0.564921 0.000388 0.825225 -0.564804 0.000465 0.852724 -0.522362 0.000462 0.852686 -0.522424 0.000780 0.940373 -0.340145 0.000705 0.921982 -0.387233 0.000708 0.921987 -0.387220 0.000633 0.901527 -0.432722 0.000621 0.901464 -0.432853 0.000544 0.878407 -0.477913 0.000542 0.878403 -0.477920 0.000555 0.878363 -0.477994 0.000636 0.901520 -0.432738 0.000614 0.901475 -0.432831 0.000692 0.922024 -0.387133 0.000690 0.922024 -0.387132 0.000764 0.940357 -0.340187 0.000771 0.940388 -0.340102 0.001041 0.989609 -0.143784 0.000975 0.981073 -0.193636 0.000976 0.981074 -0.193630 0.000907 0.970146 -0.242520 0.000911 0.970155 -0.242485 0.000840 0.956634 -0.291292 0.000845 0.956650 -0.291240 0.000851 0.956637 -0.291283 0.000923 0.970148 -0.242514 0.000918 0.970144 -0.242527 0.000985 0.981077 -0.193618 0.000981 0.981069 -0.193659 0.001046 0.989609 -0.143784 0.001045 0.989605 -0.143809 0.001277 0.998293 0.058400 0.001222 0.999969 0.007822 0.001227 0.999969 0.007832 0.001167 0.999104 -0.042302 0.001167 0.999104 -0.042319 0.001107 0.995689 -0.092746 0.001109 0.995691 -0.092722 0.001114 0.995688 -0.092756 0.001173 0.999104 -0.042302 0.001171 0.999103 -0.042327 0.001227 0.999969 0.007845 0.001224 0.999969 0.007837 0.001277 0.998294 0.058370 0.001279 0.998293 0.058394 0.001467 0.966117 0.258099 0.001426 0.977931 0.208924 0.001419 0.977937 0.208893 0.001376 0.987167 0.159684 0.001379 0.987164 0.159703 0.001333 0.993975 0.109600 0.001329 0.993978 0.109569 0.001324 0.993973 0.109622 0.001369 0.987169 0.159673 0.001375 0.987162 0.159717 0.001421 0.977931 0.208925 0.001417 0.977935 0.208903 0.001457 0.966118 0.258095 0.001459 0.966105 0.258145 0.001566 0.894376 0.447314 0.001541 0.915875 0.401460 0.001557 0.915845 0.401529 0.001527 0.934800 0.355170 0.001528 0.934806 0.355155 0.001495 0.951573 0.307419 0.001497 0.951568 0.307436 0.001486 0.951554 0.307479 0.001524 0.934844 0.355056 0.001532 0.934819 0.355121 0.001563 0.915834 0.401554 0.001558 0.915850 0.401518 0.001582 0.894379 0.447307 0.001580 0.894407 0.447251 0.001643 0.786103 0.618093 0.001634 0.816252 0.577693 0.001631 0.816270 0.577668 0.001620 0.844184 0.536050 0.001611 0.844230 0.535979 0.001596 0.870176 0.492739 0.001600 0.870140 0.492803 0.001609 0.870169 0.492752 0.001625 0.844184 0.536052 0.001612 0.844229 0.535981 0.001625 0.816255 0.577690 0.001624 0.816247 0.577701 0.001632 0.786058 0.618150 0.001631 0.786067 0.618140 0.001639 0.645499 0.763759 0.001647 0.683189 0.730240 0.001626 0.683268 0.730166 0.001632 0.718998 0.695010 0.001629 0.719014 0.694994 0.001631 0.753207 0.657782 0.001634 0.753160 0.657836 0.001653 0.753222 0.657764 0.001654 0.719029 0.694978 0.001642 0.719067 0.694939 0.001638 0.683276 0.730159 0.001635 0.683302 0.730134 0.001627 0.645435 0.763813 0.001625 0.645445 0.763805 0.001559 0.478560 0.878054 0.001585 0.522233 0.852801 0.001573 0.522289 0.852767 0.001594 0.564391 0.825506 0.001593 0.564408 0.825495 0.001611 0.605475 0.795863 0.001612 0.605451 0.795881 0.001619 0.605479 0.795859 0.001600 0.564376 0.825517 0.001593 0.564406 0.825496 0.001572 0.522216 0.852812 0.001567 0.522263 0.852783 0.001542 0.478589 0.878038 0.001548 0.478496 0.878088 0.001387 0.291936 0.956437 0.001428 0.340105 0.940387 0.001458 0.339947 0.940444 0.001494 0.386594 0.922249 0.001484 0.386698 0.922205 0.001518 0.432772 0.901502 0.001518 0.432767 0.901505 0.001519 0.432775 0.901501 0.001488 0.386690 0.922209 0.001484 0.386700 0.922205 0.001447 0.339995 0.940426 0.001454 0.339924 0.940452 0.001414 0.291935 0.956437 0.001407 0.292044 0.956404 0.001208 0.093363 0.995632 0.001262 0.143825 0.989602 0.001263 0.143818 0.989603 0.001314 0.193142 0.981170 0.001313 0.193148 0.981169 0.001360 0.242375 0.970182 0.001362 0.242353 0.970187 0.001364 0.242366 0.970184 0.001316 0.193147 0.981169 0.001314 0.193156 0.981167 0.001263 0.143693 0.989622 0.001256 0.143780 0.989609 0.001202 0.093614 0.995608 0.001214 0.093402 0.995628 0.000938 -0.108953 0.994047 0.001004 -0.058443 0.998290 0.001015 -0.058507 0.998287 0.001078 -0.008263 0.999965 0.001089 -0.008386 0.999964 0.001150 0.042155 0.999111 0.001156 0.042064 0.999114 0.001172 0.042155 0.999111 0.001112 -0.008505 0.999963 0.001090 -0.008383 0.999964 0.001027 -0.058320 0.998297 0.001034 -0.058402 0.998293 0.000969 -0.108826 0.994060 0.000967 -0.108793 0.994064 0.000650 -0.306804 0.951773 0.000727 -0.258080 0.966123 0.000746 -0.258190 0.966094 0.000819 -0.209489 0.977811 0.000813 -0.209429 0.977823 0.000884 -0.159761 0.987155 0.000897 -0.159987 0.987119 0.000892 -0.160018 0.987114 0.000821 -0.209247 0.977863 0.000834 -0.209317 0.977847 0.000762 -0.258180 0.966097 0.000757 -0.258131 0.966110 0.000682 -0.306711 0.951802 0.000679 -0.306655 0.951821 -0.001600 -0.850684 -0.525675 -0.001614 -0.836389 -0.548135 -0.001621 -0.836404 -0.548111 -0.001629 -0.821581 -0.570090 -0.001626 -0.821573 -0.570102 -0.001634 -0.806064 -0.591827 -0.001633 -0.806078 -0.591807 -0.001633 -0.806088 -0.591794 -0.001624 -0.821580 -0.570091 -0.001623 -0.821578 -0.570094 -0.001615 -0.836380 -0.548148 -0.001625 -0.836402 -0.548114 -0.001616 -0.850699 -0.525651 -0.001612 -0.850677 -0.525686 -0.001579 -0.901748 -0.432258 -0.001590 -0.889916 -0.456122 -0.001590 -0.889911 -0.456132 -0.001598 -0.877509 -0.479557 -0.001598 -0.877513 -0.479550 -0.001608 -0.864438 -0.502738 -0.001603 -0.864415 -0.502777 -0.001596 -0.864421 -0.502766 -0.001590 -0.877522 -0.479534 -0.001591 -0.877524 -0.479530 -0.001580 -0.889915 -0.456124 -0.001579 -0.889918 -0.456117 -0.001567 -0.901749 -0.432256 -0.001573 -0.901758 -0.432239 -0.001513 -0.942578 -0.333981 -0.001526 -0.933355 -0.358951 -0.001530 -0.933359 -0.358941 -0.001546 -0.923523 -0.383541 -0.001546 -0.923522 -0.383543 -0.001559 -0.912959 -0.408049 -0.001559 -0.912956 -0.408056 -0.001552 -0.912960 -0.408045 -0.001536 -0.923504 -0.383587 -0.001552 -0.923515 -0.383559 -0.001535 -0.933381 -0.358885 -0.001526 -0.933362 -0.358933 -0.001512 -0.942578 -0.333983 -0.001511 -0.942578 -0.333984 -0.001449 -0.972737 -0.231909 -0.001471 -0.966227 -0.257689 -0.001464 -0.966226 -0.257693 -0.001485 -0.959052 -0.283225 -0.001479 -0.959043 -0.283256 -0.001497 -0.951182 -0.308627 -0.001492 -0.951175 -0.308649 -0.001515 -0.951160 -0.308694 -0.001505 -0.959067 -0.283176 -0.001468 -0.959049 -0.283235 -0.001451 -0.966228 -0.257687 -0.001453 -0.966232 -0.257669 -0.001433 -0.972733 -0.231923 -0.001438 -0.972742 -0.231886 -0.001357 -0.991874 -0.127215 -0.001376 -0.988146 -0.153511 -0.001375 -0.988143 -0.153528 -0.001397 -0.983724 -0.179681 -0.001396 -0.983722 -0.179691 -0.001419 -0.978592 -0.205806 -0.001415 -0.978590 -0.205813 -0.001424 -0.978592 -0.205806 -0.001383 -0.983722 -0.179693 -0.001393 -0.983723 -0.179686 -0.001369 -0.988145 -0.153520 -0.001368 -0.988145 -0.153518 -0.001344 -0.991879 -0.127175 -0.001345 -0.991878 -0.127186 -0.001230 -0.999779 -0.021011 -0.001275 -0.998864 -0.047629 -0.001265 -0.998864 -0.047631 -0.001291 -0.997249 -0.074119 -0.001289 -0.997249 -0.074114 -0.001319 -0.994924 -0.100625 -0.001318 -0.994924 -0.100620 -0.001338 -0.994919 -0.100665 -0.001308 -0.997249 -0.074114 -0.001301 -0.997247 -0.074136 -0.001275 -0.998866 -0.047600 -0.001265 -0.998864 -0.047636 -0.001238 -0.999779 -0.021011 -0.001239 -0.999779 -0.021013 -0.001125 -0.996350 0.085357 -0.001139 -0.998269 0.058810 -0.001147 -0.998269 0.058810 -0.001180 -0.999477 0.032324 -0.001180 -0.999477 0.032323 -0.001208 -0.999983 0.005704 -0.001209 -0.999983 0.005710 -0.001214 -0.999983 0.005712 -0.001180 -0.999477 0.032314 -0.001178 -0.999477 0.032318 -0.001146 -0.998268 0.058814 -0.001150 -0.998269 0.058809 -0.001118 -0.996353 0.085325 -0.001119 -0.996351 0.085348 -0.000977 -0.981640 0.190740 -0.001024 -0.986364 0.164573 -0.001028 -0.986359 0.164604 -0.001064 -0.990375 0.138411 -0.001051 -0.990383 0.138352 -0.001084 -0.993711 0.111967 -0.001087 -0.993710 0.111983 -0.001081 -0.993708 0.111999 -0.001044 -0.990379 0.138379 -0.001046 -0.990380 0.138371 -0.001010 -0.986359 0.164604 -0.001017 -0.986354 0.164635 -0.000982 -0.981637 0.190755 -0.000983 -0.981639 0.190744 -0.000810 -0.955786 0.294061 -0.000854 -0.963263 0.268558 -0.000851 -0.963264 0.268556 -0.000888 -0.970074 0.242808 -0.000906 -0.970051 0.242900 -0.000944 -0.976191 0.216911 -0.000944 -0.976184 0.216941 -0.000962 -0.976191 0.216909 -0.000922 -0.970074 0.242808 -0.000931 -0.970067 0.242836 -0.000898 -0.963281 0.268496 -0.000889 -0.963290 0.268461 -0.000851 -0.955761 0.294143 -0.000835 -0.955802 0.294009 -0.000687 -0.919135 0.393943 -0.000725 -0.929306 0.369310 -0.000738 -0.929294 0.369341 -0.000778 -0.938763 0.344562 -0.000776 -0.938765 0.344559 -0.000814 -0.947543 0.319628 -0.000796 -0.947589 0.319492 -0.000765 -0.947568 0.319554 -0.000739 -0.938753 0.344590 -0.000745 -0.938738 0.344630 -0.000707 -0.929305 0.369312 -0.000723 -0.929279 0.369378 -0.000682 -0.919125 0.393966 -0.000681 -0.919130 0.393955 -0.000499 -0.871996 0.489513 -0.000546 -0.884722 0.466120 -0.000541 -0.884723 0.466116 -0.000581 -0.896846 0.442342 -0.000601 -0.896803 0.442430 -0.000642 -0.908259 0.418409 -0.000642 -0.908263 0.418399 -0.000647 -0.908271 0.418382 -0.000614 -0.896821 0.442393 -0.000612 -0.896814 0.442407 -0.000573 -0.884763 0.466041 -0.000572 -0.884761 0.466044 -0.000533 -0.871995 0.489515 -0.000524 -0.872025 0.489460 -0.000340 -0.815036 0.579411 -0.000376 -0.830217 0.557441 -0.000389 -0.830204 0.557460 -0.000436 -0.844727 0.535197 -0.000441 -0.844702 0.535237 -0.000485 -0.858637 0.512583 -0.000482 -0.858651 0.512560 -0.000470 -0.858635 0.512587 -0.000437 -0.844696 0.535246 -0.000436 -0.844691 0.535254 -0.000393 -0.830254 0.557385 -0.000405 -0.830227 0.557426 -0.000362 -0.815047 0.579395 -0.000357 -0.815062 0.579373 -0.000186 -0.748877 0.662709 -0.000231 -0.766247 0.642546 -0.000228 -0.766248 0.642545 -0.000273 -0.783073 0.621930 -0.000281 -0.783042 0.621969 -0.000322 -0.799276 0.600963 -0.000316 -0.799319 0.600908 -0.000284 -0.799273 0.600968 -0.000241 -0.783074 0.621928 -0.000270 -0.783026 0.621989 -0.000227 -0.766223 0.642574 -0.000225 -0.766236 0.642560 -0.000179 -0.748849 0.662741 -0.000177 -0.748865 0.662723 -0.000017 -0.674205 0.738545 -0.000061 -0.693620 0.720341 -0.000047 -0.693642 0.720320 -0.000090 -0.712475 0.701697 -0.000096 -0.712462 0.701710 -0.000139 -0.730864 0.682524 -0.000133 -0.730899 0.682485 -0.000137 -0.730907 0.682477 -0.000095 -0.712453 0.701720 -0.000092 -0.712453 0.701720 -0.000047 -0.693683 0.720281 -0.000056 -0.693661 0.720302 -0.000012 -0.674155 0.738590 -0.000007 -0.674189 0.738559 0.000187 -0.591870 0.806034 0.000146 -0.613111 0.789997 0.000108 -0.613041 0.790051 0.000064 -0.633876 0.773435 0.000074 -0.633901 0.773414 0.000031 -0.654161 0.756356 0.000037 -0.654196 0.756325 0.000059 -0.654157 0.756359 0.000105 -0.633902 0.773414 0.000087 -0.633872 0.773438 0.000132 -0.613154 0.789964 0.000105 -0.613049 0.790045 0.000148 -0.591835 0.806060 0.000162 -0.591921 0.805996 0.000334 -0.502890 0.864350 0.000292 -0.525644 0.850705 0.000299 -0.525659 0.850695 0.000255 -0.548070 0.836433 0.000254 -0.548052 0.836445 0.000210 -0.570102 0.821574 0.000206 -0.570074 0.821594 0.000211 -0.570066 0.821599 0.000253 -0.548013 0.836470 0.000263 -0.548034 0.836456 0.000307 -0.525691 0.850676 0.000299 -0.525663 0.850693 0.000341 -0.502844 0.864377 0.000345 -0.502861 0.864367 0.000526 -0.407998 0.912983 0.000485 -0.432261 0.901748 0.000475 -0.432248 0.901755 0.000434 -0.456032 0.889963 0.000433 -0.456036 0.889961 0.000390 -0.479572 0.877502 0.000387 -0.479545 0.877517 0.000380 -0.479564 0.877507 0.000422 -0.456081 0.889938 0.000418 -0.456064 0.889947 0.000459 -0.432223 0.901767 0.000468 -0.432264 0.901747 0.000509 -0.408105 0.912935 0.000502 -0.408053 0.912958 0.000636 -0.308864 0.951106 0.000597 -0.333914 0.942603 0.000623 -0.333984 0.942579 0.000582 -0.358827 0.933404 0.000593 -0.358878 0.933384 0.000552 -0.383605 0.923497 0.000544 -0.383532 0.923527 0.000542 -0.383538 0.923525 0.000585 -0.358829 0.933403 0.000598 -0.358859 0.933392 0.000638 -0.334027 0.942563 0.000626 -0.333978 0.942581 0.000666 -0.308803 0.951126 0.000664 -0.308795 0.951128 0.000822 -0.205904 0.978572 0.000783 -0.231828 0.972757 0.000782 -0.231829 0.972756 0.000744 -0.257588 0.966255 0.000752 -0.257647 0.966239 0.000713 -0.283258 0.959044 0.000704 -0.283197 0.959062 0.000702 -0.283206 0.959059 0.000742 -0.257653 0.966237 0.000744 -0.257656 0.966236 0.000783 -0.231770 0.972770 0.000790 -0.231809 0.972761 0.000828 -0.205907 0.978571 0.000825 -0.205888 0.978575 0.000940 -0.100780 0.994908 0.000906 -0.127131 0.991885 0.000917 -0.127161 0.991882 0.000882 -0.153280 0.988182 0.000920 -0.153480 0.988151 0.000883 -0.179838 0.983696 0.000863 -0.179687 0.983724 0.000855 -0.179710 0.983719 0.000892 -0.153417 0.988161 0.000918 -0.153488 0.988150 0.000955 -0.127184 0.991879 0.000940 -0.127107 0.991889 0.000975 -0.100792 0.994907 0.000965 -0.100722 0.994914 0.001104 0.005581 0.999984 0.001071 -0.020921 0.999781 0.001093 -0.020981 0.999779 0.001060 -0.047537 0.998869 0.001043 -0.047445 0.998873 0.001009 -0.074197 0.997243 0.001000 -0.074135 0.997248 0.001000 -0.074136 0.997248 0.001035 -0.047470 0.998872 0.001034 -0.047476 0.998872 0.001068 -0.020914 0.999781 0.001085 -0.020998 0.999779 0.001117 0.005441 0.999985 0.001101 0.005574 0.999984 0.001248 0.111895 0.993719 0.001219 0.085353 0.996350 0.001193 0.085424 0.996344 0.001163 0.058934 0.998261 0.001181 0.058844 0.998267 0.001150 0.032236 0.999480 0.001133 0.032372 0.999475 0.001107 0.032306 0.999477 0.001139 0.059001 0.998257 0.001190 0.058872 0.998265 0.001220 0.085359 0.996349 0.001203 0.085454 0.996341 0.001232 0.111816 0.993728 0.001229 0.111844 0.993725 0.001356 0.216836 0.976207 0.001330 0.190753 0.981637 0.001318 0.190777 0.981633 0.001291 0.164703 0.986342 0.001287 0.164727 0.986339 0.001259 0.138352 0.990382 0.001257 0.138377 0.990379 0.001276 0.138422 0.990373 0.001303 0.164583 0.986362 0.001267 0.164673 0.986348 0.001293 0.190872 0.981614 0.001314 0.190767 0.981634 0.001339 0.216855 0.976203 0.001345 0.216810 0.976213 0.001446 0.319446 0.947603 0.001425 0.294064 0.955785 0.001416 0.294084 0.955779 0.001393 0.268542 0.963267 0.001389 0.268565 0.963261 0.001365 0.242908 0.970048 0.001369 0.242885 0.970054 0.001334 0.242792 0.970078 0.001358 0.268587 0.963255 0.001379 0.268535 0.963269 0.001402 0.294058 0.955786 0.001403 0.294054 0.955788 0.001425 0.319385 0.947624 0.001424 0.319390 0.947622 0.001504 0.418272 0.908321 0.001486 0.394029 0.919097 0.001497 0.394005 0.919107 0.001478 0.369434 0.929256 0.001473 0.369456 0.929247 0.001453 0.344571 0.938759 0.001445 0.344630 0.938738 0.001423 0.344579 0.938756 0.001444 0.369483 0.929236 0.001464 0.369439 0.929254 0.001483 0.394039 0.919092 0.001492 0.393992 0.919113 0.001510 0.418201 0.908354 0.001502 0.418262 0.908325 0.001562 0.512510 0.858680 0.001548 0.489444 0.872034 0.001559 0.489418 0.872048 0.001545 0.466079 0.884742 0.001526 0.466163 0.884697 0.001511 0.442486 0.896774 0.001518 0.442426 0.896804 0.001544 0.442486 0.896774 0.001558 0.466178 0.884690 0.001547 0.466212 0.884672 0.001561 0.489373 0.872073 0.001555 0.489407 0.872054 0.001568 0.512522 0.858673 0.001568 0.512522 0.858673 0.001608 0.600841 0.799367 0.001599 0.579409 0.815035 0.001617 0.579370 0.815063 0.001607 0.557458 0.830204 0.001579 0.557581 0.830121 0.001568 0.535270 0.844679 0.001580 0.535193 0.844728 0.001599 0.535234 0.844703 0.001609 0.557551 0.830141 0.001589 0.557595 0.830112 0.001599 0.579304 0.815110 0.001595 0.579324 0.815096 0.001604 0.600838 0.799369 0.001605 0.600835 0.799372 0.001647 0.682463 0.730919 0.001643 0.662686 0.748896 0.001626 0.662721 0.748865 0.001621 0.642639 0.766168 0.001625 0.642620 0.766183 0.001619 0.621989 0.783024 0.001613 0.622020 0.782999 0.001616 0.622031 0.782991 0.001623 0.642610 0.766191 0.001620 0.642614 0.766188 0.001626 0.662712 0.748872 0.001625 0.662713 0.748872 0.001630 0.682423 0.730956 0.001628 0.682427 0.730953 0.001644 0.756244 0.654288 0.001645 0.738550 0.674197 0.001640 0.738554 0.674192 0.001639 0.720441 0.693514 0.001641 0.720430 0.693526 0.001639 0.701659 0.712511 0.001632 0.701707 0.712464 0.001641 0.701718 0.712453 0.001643 0.720399 0.693558 0.001631 0.720417 0.693539 0.001632 0.738522 0.674227 0.001628 0.738534 0.674214 0.001628 0.756299 0.654224 0.001640 0.756235 0.654298 0.001647 0.821530 0.570163 0.001653 0.806012 0.591897 0.001629 0.806042 0.591856 0.001633 0.790043 0.613049 0.001629 0.790057 0.613031 0.001632 0.773472 0.633829 0.001639 0.773438 0.633870 0.001655 0.773463 0.633840 0.001651 0.790058 0.613030 0.001641 0.790075 0.613008 0.001637 0.806005 0.591906 0.001625 0.806041 0.591858 0.001621 0.821521 0.570175 0.001626 0.821500 0.570206 0.001581 0.877458 0.479652 0.001592 0.864367 0.502859 0.001596 0.864360 0.502872 0.001604 0.850724 0.525609 0.001604 0.850724 0.525610 0.001611 0.836500 0.547965 0.001620 0.836461 0.548025 0.001643 0.836498 0.547968 0.001635 0.850735 0.525592 0.001623 0.850752 0.525565 0.001615 0.864374 0.502847 0.001612 0.864381 0.502835 0.001603 0.877433 0.479696 0.001592 0.877471 0.479627 0.001543 0.923457 0.383700 0.001557 0.912943 0.408085 0.001558 0.912943 0.408084 0.001571 0.901799 0.432154 0.001578 0.901783 0.432186 0.001590 0.889943 0.456069 0.001582 0.889973 0.456010 0.001574 0.889965 0.456027 0.001563 0.901805 0.432141 0.001580 0.901785 0.432182 0.001567 0.912938 0.408096 0.001563 0.912947 0.408076 0.001549 0.923465 0.383679 0.001549 0.923464 0.383682 0.001475 0.959027 0.283310 0.001494 0.951155 0.308710 0.001508 0.951144 0.308745 0.001527 0.942608 0.333899 0.001518 0.942621 0.333860 0.001535 0.933398 0.358839 0.001534 0.933400 0.358835 0.001505 0.933374 0.358901 0.001490 0.942628 0.333840 0.001508 0.942613 0.333884 0.001490 0.951149 0.308727 0.001499 0.951136 0.308769 0.001480 0.959020 0.283334 0.001477 0.959029 0.283305 0.001386 0.983707 0.179776 0.001408 0.978575 0.205888 0.001420 0.978568 0.205918 0.001442 0.972765 0.231790 0.001441 0.972765 0.231790 0.001462 0.966242 0.257632 0.001457 0.966252 0.257596 0.001444 0.966243 0.257628 0.001423 0.972765 0.231791 0.001432 0.972759 0.231813 0.001411 0.978577 0.205878 0.001420 0.978568 0.205920 0.001397 0.983702 0.179799 0.001392 0.983710 0.179760 0.001287 0.997241 0.074217 0.001313 0.994916 0.100704 0.001325 0.994913 0.100734 0.001350 0.991888 0.127104 0.001344 0.991893 0.127071 0.001369 0.988160 0.153422 0.001368 0.988160 0.153421 0.001372 0.988162 0.153410 0.001348 0.991892 0.127080 0.001344 0.991893 0.127072 0.001319 0.994913 0.100732 0.001321 0.994912 0.100743 0.001295 0.997243 0.074196 0.001295 0.997243 0.074196 0.001171 0.999481 -0.032190 0.001202 0.999984 -0.005620 0.001206 0.999984 -0.005611 0.001235 0.999781 0.020901 0.001240 0.999780 0.020928 0.001268 0.998869 0.047539 0.001268 0.998869 0.047534 0.001272 0.998869 0.047522 0.001244 0.999780 0.020918 0.001244 0.999780 0.020917 0.001215 0.999984 -0.005603 0.001211 0.999984 -0.005625 0.001181 0.999481 -0.032188 0.001179 0.999481 -0.032209 0.001052 0.990394 -0.138269 0.001085 0.993722 -0.111874 0.001088 0.993723 -0.111866 0.001120 0.996340 -0.085478 0.001121 0.996340 -0.085476 0.001152 0.998265 -0.058877 0.001147 0.998262 -0.058915 0.001142 0.998263 -0.058902 0.001111 0.996340 -0.085467 0.001114 0.996341 -0.085459 0.001082 0.993721 -0.111882 0.001086 0.993723 -0.111860 0.001053 0.990394 -0.138270 0.001053 0.990394 -0.138271 0.000926 0.970086 -0.242762 0.000961 0.976199 -0.216872 0.000949 0.976193 -0.216903 0.000984 0.981613 -0.190878 0.000986 0.981615 -0.190868 0.001021 0.986348 -0.164669 0.001019 0.986346 -0.164682 0.001012 0.986349 -0.164663 0.000978 0.981616 -0.190863 0.000981 0.981618 -0.190853 0.000946 0.976199 -0.216874 0.000943 0.976196 -0.216888 0.000907 0.970081 -0.242779 0.000913 0.970093 -0.242732 0.000776 0.938796 -0.344472 0.000814 0.947620 -0.319400 0.000803 0.947610 -0.319428 0.000840 0.955766 -0.294126 0.000835 0.955758 -0.294152 0.000872 0.963245 -0.268623 0.000876 0.963254 -0.268592 0.000895 0.963241 -0.268638 0.000858 0.955770 -0.294114 0.000839 0.955755 -0.294162 0.000801 0.947616 -0.319410 0.000799 0.947613 -0.319419 0.000761 0.938807 -0.344442 0.000762 0.938810 -0.344436 0.000640 0.896805 -0.442427 0.000680 0.908310 -0.418297 0.000668 0.908299 -0.418322 0.000708 0.919103 -0.394016 0.000685 0.919059 -0.394119 0.000725 0.929243 -0.369468 0.000723 0.929237 -0.369484 0.000725 0.929235 -0.369489 0.000686 0.919098 -0.394029 0.000667 0.919079 -0.394074 0.000627 0.908322 -0.418270 0.000633 0.908335 -0.418242 0.000592 0.896813 -0.442410 0.000603 0.896848 -0.442339 0.000471 0.844721 -0.535207 0.000512 0.858723 -0.512439 0.000479 0.858680 -0.512513 0.000520 0.872002 -0.489503 0.000522 0.872005 -0.489496 0.000563 0.884702 -0.466158 0.000562 0.884697 -0.466166 0.000570 0.884688 -0.466182 0.000530 0.872028 -0.489456 0.000518 0.872011 -0.489486 0.000476 0.858730 -0.512428 0.000464 0.858698 -0.512481 0.000422 0.844721 -0.535206 0.000434 0.844772 -0.535127 0.000291 0.783074 -0.621928 0.000335 0.799399 -0.600801 0.000301 0.799347 -0.600869 0.000344 0.815038 -0.579407 0.000343 0.815037 -0.579410 0.000386 0.830111 -0.557598 0.000392 0.830136 -0.557561 0.000415 0.830101 -0.557613 0.000372 0.815035 -0.579412 0.000359 0.815013 -0.579442 0.000317 0.799391 -0.600812 0.000302 0.799347 -0.600869 0.000259 0.783039 -0.621972 0.000273 0.783104 -0.621890 0.000126 0.712502 -0.701670 0.000169 0.730966 -0.682414 0.000145 0.730922 -0.682462 0.000188 0.748876 -0.662710 0.000176 0.748837 -0.662755 0.000219 0.766148 -0.642664 0.000229 0.766198 -0.642605 0.000218 0.766220 -0.642578 0.000174 0.748793 -0.662804 0.000188 0.748817 -0.662776 0.000144 0.731012 -0.682364 0.000127 0.730953 -0.682428 0.000083 0.712470 -0.701703 0.000098 0.712552 -0.701619 -0.000072 0.633911 -0.773406 -0.000027 0.654303 -0.756233 -0.000046 0.654269 -0.756262 -0.000002 0.674149 -0.738596 0.000002 0.674165 -0.738581 0.000045 0.693484 -0.720472 0.000055 0.693536 -0.720422 0.000082 0.693485 -0.720471 0.000038 0.674111 -0.738630 0.000034 0.674103 -0.738637 -0.000008 0.654335 -0.756205 -0.000033 0.654244 -0.756284 -0.000076 0.633948 -0.773376 -0.000080 0.633928 -0.773392 -0.000250 0.548153 -0.836378 -0.000207 0.570198 -0.821507 -0.000218 0.570166 -0.821530 -0.000176 0.591782 -0.806098 -0.000161 0.591839 -0.806056 -0.000118 0.613025 -0.790064 -0.000124 0.612996 -0.790086 -0.000123 0.612991 -0.790090 -0.000165 0.591867 -0.806036 -0.000171 0.591858 -0.806042 -0.000214 0.570191 -0.821512 -0.000220 0.570169 -0.821528 -0.000263 0.548054 -0.836443 -0.000248 0.548150 -0.836380 -0.000447 0.456178 -0.889889 -0.000404 0.479584 -0.877496 -0.000399 0.479600 -0.877487 -0.000356 0.502738 -0.864439 -0.000342 0.502800 -0.864402 -0.000300 0.525567 -0.850753 -0.000291 0.525622 -0.850718 -0.000291 0.525622 -0.850718 -0.000334 0.502745 -0.864434 -0.000326 0.502765 -0.864423 -0.000368 0.479628 -0.877472 -0.000383 0.479564 -0.877507 -0.000425 0.456181 -0.889887 -0.000431 0.456141 -0.889908 -0.000608 0.359033 -0.933325 -0.000568 0.383620 -0.923491 -0.000544 0.383678 -0.923467 -0.000503 0.407956 -0.913002 -0.000502 0.407960 -0.913000 -0.000461 0.432257 -0.901750 -0.000473 0.432174 -0.901790 -0.000464 0.432152 -0.901801 -0.000505 0.407957 -0.913001 -0.000503 0.407960 -0.913000 -0.000545 0.383676 -0.923468 -0.000544 0.383675 -0.923468 -0.000585 0.358970 -0.933349 -0.000584 0.358975 -0.933347 -0.000768 0.257711 -0.966222 -0.000729 0.283291 -0.959034 -0.000703 0.283353 -0.959016 -0.000664 0.308664 -0.951171 -0.000672 0.308625 -0.951184 -0.000632 0.333830 -0.942633 -0.000625 0.333882 -0.942615 -0.000630 0.333895 -0.942610 -0.000669 0.308602 -0.951191 -0.000665 0.308607 -0.951190 -0.000705 0.283290 -0.959034 -0.000696 0.283338 -0.959020 -0.000735 0.257719 -0.966220 -0.000744 0.257651 -0.966238 -0.000893 0.153509 -0.988147 -0.000856 0.179838 -0.983696 -0.000869 0.179801 -0.983703 -0.000832 0.205732 -0.978608 -0.000819 0.205799 -0.978594 -0.000781 0.231850 -0.972751 -0.000782 0.231838 -0.972754 -0.000782 0.231839 -0.972754 -0.000820 0.205799 -0.978594 -0.000820 0.205800 -0.978594 -0.000857 0.179839 -0.983696 -0.000866 0.179792 -0.983704 -0.000903 0.153512 -0.988146 -0.000901 0.153526 -0.988144 -0.001036 0.047674 -0.998862 -0.001002 0.074281 -0.997237 -0.001013 0.074253 -0.997239 -0.000978 0.100508 -0.994936 -0.000958 0.100617 -0.994925 -0.000922 0.127121 -0.991887 -0.000937 0.127009 -0.991901 -0.000980 0.127125 -0.991886 -0.001016 0.100509 -0.994936 -0.000966 0.100639 -0.994923 -0.001000 0.074218 -0.997242 -0.001000 0.074220 -0.997242 -0.001034 0.047735 -0.998860 -0.001041 0.047683 -0.998862 -0.001140 -0.058896 -0.998263 -0.001109 -0.032254 -0.999479 -0.001120 -0.032286 -0.999478 -0.001088 -0.005637 -0.999984 -0.001100 -0.005701 -0.999983 -0.001068 0.020886 -0.999781 -0.001075 0.020836 -0.999782 -0.001119 0.020950 -0.999780 -0.001151 -0.005634 -0.999984 -0.001139 -0.005603 -0.999984 -0.001171 -0.032384 -0.999475 -0.001141 -0.032229 -0.999480 -0.001172 -0.058768 -0.998271 -0.001176 -0.058800 -0.998269 -0.001306 -0.164557 -0.986367 -0.001279 -0.138278 -0.990393 -0.001277 -0.138274 -0.990393 -0.001249 -0.111986 -0.993709 -0.001232 -0.111897 -0.993719 -0.001202 -0.085426 -0.996344 -0.001206 -0.085462 -0.996341 -0.001195 -0.085484 -0.996339 -0.001225 -0.112050 -0.993702 -0.001198 -0.111983 -0.993709 -0.001227 -0.138279 -0.990393 -0.001242 -0.138365 -0.990381 -0.001270 -0.164435 -0.986387 -0.001291 -0.164593 -0.986361 -0.001378 -0.268543 -0.963267 -0.001354 -0.242870 -0.970058 -0.001345 -0.242849 -0.970063 -0.001319 -0.216859 -0.976202 -0.001338 -0.216953 -0.976181 -0.001313 -0.190832 -0.981622 -0.001317 -0.190870 -0.981614 -0.001310 -0.190888 -0.981611 -0.001336 -0.216857 -0.976203 -0.001356 -0.216906 -0.976191 -0.001381 -0.242818 -0.970071 -0.001373 -0.242776 -0.970082 -0.001396 -0.268595 -0.963252 -0.001387 -0.268520 -0.963273 -0.001487 -0.369295 -0.929311 -0.001468 -0.344497 -0.938786 -0.001469 -0.344503 -0.938784 -0.001449 -0.319495 -0.947587 -0.001433 -0.319417 -0.947613 -0.001411 -0.294168 -0.955753 -0.001409 -0.294153 -0.955757 -0.001381 -0.294222 -0.955736 -0.001403 -0.319391 -0.947622 -0.001423 -0.319442 -0.947605 -0.001444 -0.344437 -0.938808 -0.001462 -0.344523 -0.938777 -0.001482 -0.369400 -0.929269 -0.001472 -0.369324 -0.929299 -0.001534 -0.466045 -0.884760 -0.001517 -0.442303 -0.896864 -0.001531 -0.442336 -0.896848 -0.001514 -0.418392 -0.908265 -0.001518 -0.418413 -0.908256 -0.001500 -0.394111 -0.919062 -0.001491 -0.394043 -0.919091 -0.001459 -0.394116 -0.919060 -0.001478 -0.418386 -0.908268 -0.001503 -0.418441 -0.908243 -0.001520 -0.442311 -0.896860 -0.001527 -0.442344 -0.896844 -0.001543 -0.465985 -0.884791 -0.001546 -0.466013 -0.884777 -0.001605 -0.557413 -0.830234 -0.001595 -0.535158 -0.844750 -0.001580 -0.535122 -0.844773 -0.001569 -0.512556 -0.858653 -0.001568 -0.512551 -0.858656 -0.001555 -0.489555 -0.871971 -0.001561 -0.489594 -0.871949 -0.001548 -0.489622 -0.871934 -0.001564 -0.512500 -0.858686 -0.001577 -0.512532 -0.858667 -0.001589 -0.535193 -0.844728 -0.001576 -0.535138 -0.844763 -0.001586 -0.557467 -0.830198 -0.001585 -0.557457 -0.830204 -0.001622 -0.642562 -0.766232 -0.001617 -0.621889 -0.783103 -0.001622 -0.621901 -0.783094 -0.001615 -0.600917 -0.799310 -0.001614 -0.600916 -0.799311 -0.001606 -0.579504 -0.814968 -0.001595 -0.579443 -0.815011 -0.001596 -0.579442 -0.815012 -0.001603 -0.600915 -0.799311 -0.001610 -0.600926 -0.799303 -0.001617 -0.621906 -0.783090 -0.001617 -0.621911 -0.783087 -0.001623 -0.642527 -0.766262 -0.001629 -0.642552 -0.766240 -0.001636 -0.720344 -0.693615 -0.001630 -0.701606 -0.712563 -0.001635 -0.701619 -0.712550 -0.001634 -0.682513 -0.730872 -0.001638 -0.682534 -0.730852 -0.001633 -0.662773 -0.748819 -0.001634 -0.662775 -0.748817 -0.001616 -0.662807 -0.748789 -0.001620 -0.682503 -0.730881 -0.001637 -0.682534 -0.730852 -0.001640 -0.701650 -0.712520 -0.001633 -0.701624 -0.712545 -0.001635 -0.720334 -0.693625 -0.001634 -0.720336 -0.693623 -0.001630 -0.790009 -0.613094 -0.001634 -0.773401 -0.633916 -0.001647 -0.773425 -0.633886 -0.001647 -0.756311 -0.654210 -0.001640 -0.756281 -0.654245 -0.001642 -0.738652 -0.674085 -0.001637 -0.738626 -0.674113 -0.001612 -0.738661 -0.674075 -0.001614 -0.756255 -0.654275 -0.001638 -0.756289 -0.654236 -0.001632 -0.773414 -0.633899 -0.001642 -0.773435 -0.633874 -0.001641 -0.789996 -0.613110 -0.001638 -0.789994 -0.613112 0.999999 -0.001179 -0.001172 0.999999 -0.001253 -0.001026 0.999999 -0.001202 -0.001096 0.999999 -0.001222 -0.001110 0.999999 -0.001167 -0.001172 0.999999 -0.001242 -0.001074 0.999999 -0.001253 -0.001058 0.999999 -0.001167 -0.001148 0.999999 -0.001217 -0.001096 0.999999 -0.001220 -0.001054 0.999999 -0.001197 -0.001142 0.999999 -0.001236 -0.001106 0.999999 -0.001256 -0.000998 0.999999 -0.001190 -0.001163 0.999999 -0.001192 -0.001174 0.999999 -0.001260 -0.000985 0.999999 -0.001211 -0.001102 0.999999 -0.001221 -0.001093 0.999999 -0.001247 -0.001066 0.999999 -0.001198 -0.001121 0.999999 -0.001197 -0.001137 0.999999 -0.001198 -0.001136 0.999999 -0.001199 -0.001089 0.999999 -0.001241 -0.001091 0.999999 -0.001235 -0.001106 0.999999 -0.001170 -0.001155 0.999999 -0.001225 -0.001097 0.999999 -0.001211 -0.001120 0.999999 -0.001216 -0.001100 0.999999 -0.001216 -0.001099 0.999999 -0.001197 -0.001102 0.999999 -0.001229 -0.001100 0.999999 -0.001223 -0.001098 0.999999 -0.001228 -0.001116 0.999999 -0.001207 -0.001063 0.999999 -0.001221 -0.001122 0.999999 -0.001209 -0.001107 0.999999 -0.001206 -0.001074 0.999999 -0.001204 -0.001163 0.999999 -0.001234 -0.001072 0.999999 -0.001182 -0.001122 0.999999 -0.001238 -0.001026 0.999999 -0.001195 -0.001143 0.999999 -0.001209 -0.001112 0.999999 -0.001226 -0.001096 0.999999 -0.001269 -0.001068 0.999999 -0.001181 -0.001128 0.999999 -0.001215 -0.001116 0.999999 -0.001183 -0.001129 0.999999 -0.001219 -0.001063 0.999999 -0.001233 -0.001071 0.999999 -0.001195 -0.001187 0.999999 -0.001225 -0.001076 0.999999 -0.001217 -0.001100 0.999999 -0.001208 -0.001090 0.999999 -0.001213 -0.001107 0.999999 -0.001203 -0.001093 0.999999 -0.001222 -0.001115 0.999999 -0.001220 -0.001094 0.999999 -0.001214 -0.001097 0.999999 -0.001221 -0.001107 0.999999 -0.001215 -0.001104 0.999999 -0.001198 -0.001044 0.999999 -0.001226 -0.001181 0.999999 -0.001219 -0.001025 0.999999 -0.001193 -0.001075 0.999999 -0.001224 -0.001131 0.999999 -0.001219 -0.001088 0.999999 -0.001211 -0.001095 0.999999 -0.001212 -0.001096 0.999999 -0.001223 -0.001114 0.999999 -0.001218 -0.001090 0.999999 -0.001206 -0.001092 0.999999 -0.001214 -0.001093 0.999999 -0.001204 -0.001095 0.999999 -0.001255 -0.001141 0.999999 -0.001202 -0.001097 0.999999 -0.001213 -0.001082 0.999999 -0.001233 -0.001142 0.999999 -0.001254 -0.001130 0.999999 -0.001173 -0.001019 0.999999 -0.001212 -0.001118 0.999999 -0.001215 -0.001094 0.999999 -0.001225 -0.001109 0.999999 -0.001204 -0.001100 0.999999 -0.001202 -0.001071 0.999999 -0.001222 -0.001114 0.999999 -0.001184 -0.001075 0.999999 -0.001220 -0.001097 0.999999 -0.001233 -0.001121 0.999999 -0.001224 -0.001098 0.999999 -0.001186 -0.001088 0.999999 -0.001236 -0.001105 0.999999 -0.001219 -0.001099 0.999999 -0.001237 -0.001127 0.999999 -0.001254 -0.001113 0.999999 -0.001177 -0.001083 0.999999 -0.001217 -0.001098 0.999999 -0.001206 -0.001107 0.999999 -0.001244 -0.001106 0.999999 -0.001218 -0.001110 0.999999 -0.001211 -0.001088 0.999999 -0.001242 -0.001111 0.999999 -0.001200 -0.001094 0.999999 -0.001208 -0.001094 0.999999 -0.001219 -0.001096 0.999999 -0.001191 -0.001083 0.999999 -0.001263 -0.001122 0.999999 -0.001208 -0.001101 0.999999 -0.001151 -0.001061 0.999999 -0.001225 -0.001101 0.999999 -0.001218 -0.001100 0.999999 -0.001214 -0.001104 0.999999 -0.001205 -0.001097 0.999999 -0.001231 -0.001102 0.999999 -0.001220 -0.001103 0.999999 -0.001188 -0.001094 0.999999 -0.001223 -0.001104 0.999999 -0.001187 -0.001101 0.999999 -0.001214 -0.001100 0.999999 -0.001202 -0.001100 0.999999 -0.001217 -0.001100 0.999999 -0.001242 -0.001098 0.999999 -0.001170 -0.001101 0.999999 -0.001294 -0.001098 0.999999 -0.001213 -0.001098 0.999999 -0.001255 -0.001095 0.999999 -0.001205 -0.001100 0.999999 -0.001238 -0.001098 0.999999 -0.001217 -0.001098 0.999999 -0.001216 -0.001100 0.999999 -0.001174 -0.001079 0.999999 -0.001217 -0.001103 0.999999 -0.001233 -0.001106 0.999999 -0.001197 -0.001078 0.999999 -0.001108 -0.001060 0.999999 -0.001220 -0.001093 0.999999 -0.001198 -0.001073 0.999999 -0.001271 -0.001128 0.999999 -0.001233 -0.001110 0.999999 -0.001186 -0.001080 0.999999 -0.001219 -0.001103 0.999999 -0.001254 -0.001120 0.999999 -0.001244 -0.001109 0.999999 -0.001195 -0.001087 0.999999 -0.001197 -0.001099 0.999999 -0.001230 -0.001108 0.999999 -0.001160 -0.001080 0.999999 -0.001230 -0.001117 0.999999 -0.001218 -0.001087 0.999999 -0.001234 -0.001120 0.999999 -0.001217 -0.001101 0.999999 -0.001234 -0.001105 0.999999 -0.001204 -0.001096 0.999999 -0.001215 -0.001098 0.999999 -0.001216 -0.001100 0.999999 -0.001163 -0.001096 0.999999 -0.001262 -0.001107 0.999999 -0.001217 -0.001103 0.999999 -0.001214 -0.001101 0.999999 -0.001220 -0.001100 0.999999 -0.001199 -0.001099 0.999999 -0.001208 -0.001100 0.999999 -0.001237 -0.001101 0.999999 -0.001222 -0.001092 0.999999 -0.001230 -0.001099 0.999999 -0.001148 -0.001099 0.999999 -0.001217 -0.001101 0.999999 -0.001222 -0.001100 0.999999 -0.001219 -0.001098 0.999999 -0.001207 -0.001099 0.999999 -0.001242 -0.001093 0.999999 -0.001214 -0.001096 0.999999 -0.001227 -0.001095 0.999999 -0.001213 -0.001099 0.999999 -0.001231 -0.001084 0.999999 -0.001200 -0.001107 0.999999 -0.001206 -0.001098 0.999999 -0.001229 -0.001102 0.999999 -0.001199 -0.001135 0.999999 -0.001236 -0.001092 0.999999 -0.001208 -0.001081 0.999999 -0.001209 -0.001113 0.999999 -0.001220 -0.001100 0.999999 -0.001214 -0.001113 0.999999 -0.001223 -0.001077 0.999999 -0.001208 -0.001107 0.999999 -0.001201 -0.001130 0.999999 -0.001234 -0.001073 0.999999 -0.001210 -0.001079 0.999999 -0.001201 -0.001137 0.999999 -0.001234 -0.001112 0.999999 -0.001266 -0.001037 0.999999 -0.001190 -0.001128 0.999999 -0.001208 -0.001111 0.999999 -0.001219 -0.001119 0.999999 -0.001170 -0.001168 0.999999 -0.001270 -0.001042 0.999999 -0.001210 -0.001127 0.999999 -0.001198 -0.001148 0.999999 -0.001243 -0.001019 0.999999 -0.001181 -0.001201 0.999999 -0.001221 -0.001048 0.999999 -0.001184 -0.001111 0.999999 -0.001195 -0.001170 0.999999 -0.001261 -0.001034 0.999999 -0.001199 -0.001130 0.999999 -0.001207 -0.001104 0.999999 -0.001230 -0.001077 0.999999 -0.001234 -0.001087 0.999999 -0.001167 -0.001156 0.999999 -0.001229 -0.001081 0.999999 -0.001219 -0.001098 0.999999 -0.001172 -0.001145 0.999999 -0.001249 -0.001073 0.999999 -0.001225 -0.001083 0.999999 -0.001192 -0.001147 0.999999 -0.001203 -0.001111 0.999999 -0.001236 -0.001062 0.999999 -0.001214 -0.001084 0.999999 -0.001228 -0.001101 0.999999 -0.001215 -0.001091 0.999999 -0.001221 -0.001110 0.999999 -0.001192 -0.001149 0.999999 -0.001231 -0.001065 0.999999 -0.001220 -0.001130 0.999999 -0.001209 -0.001068 0.999999 -0.001169 -0.001135 0.999999 -0.001230 -0.001081 0.999999 -0.001234 -0.001109 0.999999 -0.001212 -0.001054 0.999999 -0.001251 -0.001077 0.999999 -0.001194 -0.001133 0.999999 -0.001183 -0.001123 0.999999 -0.001265 -0.001073 0.999999 -0.001226 -0.001076 0.999999 -0.001197 -0.001057 0.999999 -0.001249 -0.001126 0.999999 -0.001220 -0.001018 0.999999 -0.001201 -0.001141 0.999999 -0.001249 -0.001033 0.999999 -0.001179 -0.001165 0.999999 -0.001225 -0.001122 0.999999 -0.001215 -0.001100 0.999999 -0.001214 -0.001075 0.999999 -0.001217 -0.001111 0.999999 -0.001232 -0.001113 0.999999 -0.001189 -0.001099 0.999999 -0.001219 -0.001108 0.999999 -0.001214 -0.001110 0.999999 -0.001222 -0.001108 0.999999 -0.001208 -0.001074 0.999999 -0.001259 -0.001170 0.999999 -0.001197 -0.001052 0.999999 -0.001208 -0.001129 0.999999 -0.001190 -0.001032 0.999999 -0.001220 -0.001090 0.999999 -0.001212 -0.001111 0.999999 -0.001223 -0.001108 0.999999 -0.001208 -0.001081 0.999999 -0.001208 -0.001074 0.999999 -0.001236 -0.001129 0.999999 -0.001203 -0.001076 0.999999 -0.001210 -0.001102 0.999999 -0.001199 -0.001073 0.999999 -0.001216 -0.001110 0.999999 -0.001219 -0.001110 0.999999 -0.001219 -0.001114 0.999999 -0.001285 -0.001169 0.999999 -0.001210 -0.001102 0.999999 -0.001186 -0.001073 0.999999 -0.001244 -0.001117 0.999999 -0.001216 -0.001096 0.999999 -0.001213 -0.001112 0.999999 -0.001231 -0.001106 0.999999 -0.001216 -0.001093 0.999999 -0.001217 -0.001105 0.999999 -0.001224 -0.001095 0.999999 -0.001200 -0.001092 0.999999 -0.001225 -0.001105 0.999999 -0.001236 -0.001110 0.999999 -0.001214 -0.001105 0.999999 -0.001179 -0.001056 0.999999 -0.001254 -0.001135 0.999999 -0.001206 -0.001090 0.999999 -0.001216 -0.001102 0.999999 -0.001215 -0.001094 0.999999 -0.001217 -0.001106 0.999999 -0.001233 -0.001099 0.999999 -0.001194 -0.001095 0.999999 -0.001226 -0.001095 0.999999 -0.001224 -0.001112 0.999999 -0.001208 -0.001098 0.999999 -0.001211 -0.001097 0.999999 -0.001232 -0.001103 0.999999 -0.001210 -0.001103 0.999999 -0.001124 -0.001084 0.999999 -0.001220 -0.001091 0.999999 -0.001229 -0.001110 0.999999 -0.001259 -0.001115 0.999999 -0.001230 -0.001101 0.999999 -0.001181 -0.001092 0.999999 -0.001223 -0.001103 0.999999 -0.001228 -0.001102 0.999999 -0.001220 -0.001100 0.999999 -0.001199 -0.001099 0.999999 -0.001222 -0.001100 0.999999 -0.001222 -0.001100 0.999999 -0.001216 -0.001100 0.999999 -0.001232 -0.001098 0.999999 -0.001202 -0.001100 0.999999 -0.001216 -0.001099 0.999999 -0.001242 -0.001097 0.999999 -0.001214 -0.001096 0.999999 -0.001183 -0.001106 0.999999 -0.001236 -0.001100 0.999999 -0.001215 -0.001095 0.999999 -0.001209 -0.001100 0.999999 -0.001212 -0.001107 0.999999 -0.001211 -0.001103 0.999999 -0.001217 -0.001065 0.999999 -0.001193 -0.001186 0.999999 -0.001251 -0.001000 0.999999 -0.001207 -0.001102 0.999999 -0.001185 -0.001173 0.999999 -0.001228 -0.001090 0.999999 -0.001232 -0.001061 0.999999 -0.001209 -0.001093 0.999999 -0.001217 -0.001066 0.999999 -0.001213 -0.001114 0.999999 -0.001216 -0.001090 0.999999 -0.001219 -0.001092 0.999999 -0.001217 -0.001164 0.999999 -0.001223 -0.001077 0.999999 -0.001215 -0.001119 0.999999 -0.001229 -0.001090 0.999999 -0.001214 -0.001114 0.999999 -0.001214 -0.001090 0.999999 -0.001215 -0.001102 0.999999 -0.001217 -0.001098 0.999999 -0.001216 -0.001064 0.999999 -0.001221 -0.001133 0.999999 -0.001213 -0.001106 0.999999 -0.001217 -0.001110 0.999999 -0.001219 -0.001118 0.999999 -0.001217 -0.001079 0.999999 -0.001210 -0.001101 0.999999 -0.001218 -0.001119 0.999999 -0.001227 -0.001102 0.999999 -0.001221 -0.001129 0.999999 -0.001217 -0.001068 0.999999 -0.001204 -0.001058 0.999999 -0.001213 -0.001085 0.999999 -0.001224 -0.001124 0.999999 -0.001202 -0.001049 0.999999 -0.001217 -0.001130 0.999999 -0.001230 -0.001126 0.999999 -0.001216 -0.001129 0.999999 -0.001243 -0.001088 0.999999 -0.001190 -0.001049 0.999999 -0.001234 -0.001107 0.999999 -0.001198 -0.001098 0.999999 -0.001210 -0.001083 0.999999 -0.001223 -0.001123 0.999999 -0.001180 -0.001030 0.999999 -0.001202 -0.001092 0.999999 -0.001245 -0.001134 0.999999 -0.001273 -0.001199 0.999999 -0.001216 -0.001096 0.999999 -0.001202 -0.001093 0.999999 -0.001221 -0.001095 0.999999 -0.001227 -0.001117 0.999999 -0.001215 -0.001116 0.999999 -0.001230 -0.001092 0.999999 -0.001224 -0.001112 0.999999 -0.001228 -0.001102 0.999999 -0.001155 -0.001052 0.999999 -0.001193 -0.001075 0.999999 -0.001228 -0.001092 0.999999 -0.001238 -0.001094 0.999999 -0.001219 -0.001135 0.999999 -0.001229 -0.001059 0.999999 -0.001204 -0.001117 0.999999 -0.001215 -0.001139 0.999999 -0.001207 -0.001064 0.999999 -0.001236 -0.001090 0.999999 -0.001279 -0.001038 0.999999 -0.001138 -0.001182 0.999999 -0.001225 -0.001078 0.999999 -0.001223 -0.001089 0.999999 -0.001216 -0.001100 0.999999 -0.001219 -0.001122 0.999999 -0.001228 -0.001098 0.999999 -0.001224 -0.001087 0.999999 -0.001216 -0.001061 0.999999 -0.001226 -0.001063 0.999999 -0.001211 -0.001078 0.999999 -0.001215 -0.001102 0.999999 -0.001215 -0.001114 0.999999 -0.001212 -0.001132 0.999999 -0.001222 -0.001152 0.999999 -0.001217 -0.001110 0.999999 -0.001210 -0.001020 0.999999 -0.001214 -0.001143 0.999999 -0.001217 -0.001142 0.999999 -0.001216 -0.001019 0.999999 -0.001216 -0.001143 0.999999 -0.001214 -0.001097 0.999999 -0.001218 -0.001095 0.999999 -0.001215 -0.001106 0.999999 -0.001214 -0.001100 0.999999 -0.001214 -0.001109 0.999999 -0.001230 -0.001190 0.999999 -0.001206 -0.001074 0.999999 -0.001222 -0.001062 0.999999 -0.001220 -0.001147 0.999999 -0.001214 -0.001115 0.999999 -0.001219 -0.001084 0.999999 -0.001217 -0.001112 0.999999 -0.001214 -0.001079 0.999999 -0.001194 -0.001021 0.999999 -0.001204 -0.001084 0.999999 -0.001203 -0.001054 0.999999 -0.001277 -0.001297 0.999999 -0.001231 -0.001121 0.999999 -0.001219 -0.001097 0.999999 -0.001205 -0.001094 0.999999 -0.001225 -0.001095 0.999999 -0.001182 -0.001013 0.999999 -0.001203 -0.001108 0.999999 -0.001192 -0.001052 0.999998 -0.001290 -0.001237 0.999999 -0.001208 -0.001104 0.999999 -0.001231 -0.001100 0.999999 -0.001205 -0.001097 0.999999 -0.001223 -0.001100 0.999999 -0.001243 -0.001113 0.999999 -0.001210 -0.001086 0.999999 -0.001221 -0.001117 0.999999 -0.001204 -0.001079 0.999999 -0.001155 -0.001057 0.999999 -0.001214 -0.001086 0.999999 -0.001252 -0.001159 0.999999 -0.001188 -0.001013 0.999999 -0.001230 -0.001104 0.999999 -0.001214 -0.001100 0.999999 -0.001220 -0.001102 0.999999 -0.001209 -0.001093 0.999999 -0.001187 -0.001074 0.999999 -0.001135 -0.001054 0.999999 -0.001169 -0.001084 0.999999 -0.001273 -0.001134 0.999999 -0.001238 -0.001105 0.999999 -0.001199 -0.001088 0.999999 -0.001212 -0.001103 0.999999 -0.001207 -0.001100 0.999999 -0.001215 -0.001097 0.999999 -0.001224 -0.001102 0.999999 -0.001224 -0.001105 0.999999 -0.001207 -0.001100 0.999999 -0.001220 -0.001107 0.999999 -0.001232 -0.001095 0.999999 -0.001161 -0.001100 0.999999 -0.001315 -0.001116 0.999999 -0.001228 -0.001100 0.999999 -0.001197 -0.001100 0.999999 -0.001235 -0.001102 0.999999 -0.001195 -0.001094 0.999999 -0.001187 -0.001099 0.999999 -0.001214 -0.001102 0.999999 -0.001214 -0.001101 0.999999 -0.001217 -0.001099 0.999999 -0.001227 -0.001103 0.999999 -0.001207 -0.001100 0.999999 -0.001204 -0.001101 0.999999 -0.001222 -0.001098 0.999999 -0.001238 -0.001081 0.999999 -0.001222 -0.001104 0.999999 -0.001207 -0.001098 0.999999 -0.001193 -0.001105 0.999999 -0.001222 -0.001087 0.999999 -0.001226 -0.001096 0.999999 -0.001199 -0.001104 0.999999 -0.001223 -0.001096 0.999999 -0.001196 -0.001142 0.999999 -0.001236 -0.001097 0.999999 -0.001227 -0.001093 0.999999 -0.001172 -0.001129 0.999999 -0.001261 -0.001059 0.999999 -0.001197 -0.001108 0.999999 -0.001249 -0.001092 0.999999 -0.001229 -0.001104 0.999999 -0.001196 -0.001097 0.999999 -0.001234 -0.001094 0.999999 -0.001201 -0.001101 0.999999 -0.001207 -0.001101 0.999999 -0.001143 -0.001171 0.999999 -0.001240 -0.001094 0.999999 -0.001223 -0.001093 0.999999 -0.001210 -0.001107 0.999999 -0.001222 -0.001099 0.999999 -0.001225 -0.001071 0.999999 -0.001199 -0.001123 0.999999 -0.001234 -0.001096 -0.000281 0.533042 -0.846089 -0.000208 0.569446 -0.822029 -0.000222 0.569397 -0.822063 -0.000152 0.604460 -0.796636 -0.000148 0.604482 -0.796619 -0.000076 0.638476 -0.769642 -0.000070 0.638558 -0.769574 -0.000064 0.638539 -0.769589 -0.000135 0.604393 -0.796686 -0.000131 0.604413 -0.796671 -0.000201 0.569458 -0.822021 -0.000213 0.569364 -0.822085 -0.000284 0.533030 -0.846096 -0.000282 0.533046 -0.846086 -0.000535 0.378028 -0.925794 -0.000467 0.418124 -0.908390 -0.000502 0.417973 -0.908459 -0.000434 0.456676 -0.889633 -0.000408 0.456891 -0.889522 -0.000339 0.495273 -0.868737 -0.000354 0.495097 -0.868838 -0.000374 0.495189 -0.868785 -0.000445 0.456956 -0.889489 -0.000433 0.456998 -0.889468 -0.000501 0.417914 -0.908486 -0.000497 0.417953 -0.908469 -0.000565 0.378063 -0.925779 -0.000559 0.378140 -0.925748 -0.000818 0.211440 -0.977391 -0.000756 0.253911 -0.967227 -0.000754 0.253914 -0.967227 -0.000691 0.295464 -0.955354 -0.000690 0.295465 -0.955353 -0.000625 0.336809 -0.941573 -0.000627 0.336783 -0.941582 -0.000649 0.336888 -0.941545 -0.000715 0.295464 -0.955354 -0.000702 0.295522 -0.955336 -0.000766 0.253809 -0.967254 -0.000755 0.253914 -0.967227 -0.000818 0.211545 -0.977368 -0.000823 0.211464 -0.977386 -0.001052 0.038547 -0.999256 -0.000996 0.082240 -0.996612 -0.001018 0.082133 -0.996621 -0.000961 0.124897 -0.992169 -0.000939 0.125110 -0.992142 -0.000879 0.168404 -0.985718 -0.000885 0.168323 -0.985732 -0.000881 0.168304 -0.985735 -0.000941 0.125108 -0.992143 -0.000939 0.125114 -0.992142 -0.000997 0.081916 -0.996639 -0.000989 0.081992 -0.996633 -0.001045 0.038657 -0.999252 -0.001052 0.038548 -0.999256 -0.001257 -0.135571 -0.990767 -0.001209 -0.092184 -0.995741 -0.001206 -0.092171 -0.995742 -0.001158 -0.049083 -0.998794 -0.001158 -0.049091 -0.998794 -0.001107 -0.005482 -0.999984 -0.001107 -0.005479 -0.999985 -0.001106 -0.005480 -0.999984 -0.001158 -0.049084 -0.998794 -0.001159 -0.049091 -0.998794 -0.001208 -0.092288 -0.995732 -0.001199 -0.092206 -0.995739 -0.001246 -0.135358 -0.990796 -0.001260 -0.135555 -0.990769 -0.001398 -0.305559 -0.952172 -0.001360 -0.263784 -0.964581 -0.001371 -0.263832 -0.964568 -0.001331 -0.221576 -0.975142 -0.001349 -0.221749 -0.975103 -0.001307 -0.179159 -0.983819 -0.001305 -0.179137 -0.983823 -0.001280 -0.179261 -0.983801 -0.001322 -0.221579 -0.975141 -0.001354 -0.221725 -0.975108 -0.001393 -0.263790 -0.964579 -0.001388 -0.263748 -0.964591 -0.001426 -0.305569 -0.952169 -0.001418 -0.305465 -0.952202 -0.001518 -0.466165 -0.884697 -0.001494 -0.427241 -0.904137 -0.001514 -0.427340 -0.904090 -0.001486 -0.387722 -0.921775 -0.001479 -0.387664 -0.921800 -0.001447 -0.347207 -0.937787 -0.001453 -0.347283 -0.937759 -0.001454 -0.347286 -0.937758 -0.001484 -0.387650 -0.921805 -0.001484 -0.387645 -0.921808 -0.001511 -0.427141 -0.904184 -0.001528 -0.427281 -0.904118 -0.001553 -0.466260 -0.884646 -0.001539 -0.466073 -0.884745 -0.001617 -0.612776 -0.790255 -0.001603 -0.577659 -0.816276 -0.001602 -0.577660 -0.816276 -0.001585 -0.541954 -0.840407 -0.001582 -0.541925 -0.840425 -0.001562 -0.504810 -0.863229 -0.001562 -0.504817 -0.863225 -0.001564 -0.504811 -0.863229 -0.001582 -0.541856 -0.840470 -0.001592 -0.541885 -0.840451 -0.001608 -0.577731 -0.816226 -0.001600 -0.577667 -0.816271 -0.001614 -0.612708 -0.790308 -0.001619 -0.612767 -0.790262 -0.001641 -0.740664 -0.671874 -0.001637 -0.710720 -0.703473 -0.001635 -0.710710 -0.703484 -0.001629 -0.679579 -0.733601 -0.001634 -0.679603 -0.733578 -0.001625 -0.647015 -0.762476 -0.001629 -0.647068 -0.762430 -0.001624 -0.647095 -0.762408 -0.001632 -0.679572 -0.733607 -0.001635 -0.679593 -0.733588 -0.001640 -0.710706 -0.703487 -0.001638 -0.710695 -0.703498 -0.001642 -0.740632 -0.671909 -0.001642 -0.740653 -0.671886 -0.001627 -0.846075 -0.533061 -0.001644 -0.822059 -0.569400 -0.001631 -0.822033 -0.569438 -0.001639 -0.796663 -0.604421 -0.001639 -0.796655 -0.604432 -0.001644 -0.769636 -0.638481 -0.001641 -0.769620 -0.638500 -0.001628 -0.769663 -0.638449 -0.001624 -0.796677 -0.604404 -0.001626 -0.796687 -0.604390 -0.001620 -0.822015 -0.569464 -0.001626 -0.822047 -0.569417 -0.001615 -0.846059 -0.533087 -0.001621 -0.846100 -0.533022 -0.001558 -0.925762 -0.378104 -0.001579 -0.908468 -0.417951 -0.001572 -0.908452 -0.417986 -0.001591 -0.889533 -0.456868 -0.001584 -0.889495 -0.456942 -0.001601 -0.868759 -0.495232 -0.001605 -0.868799 -0.495163 -0.001607 -0.868802 -0.495157 -0.001586 -0.889534 -0.456867 -0.001577 -0.889510 -0.456913 -0.001557 -0.908436 -0.418020 -0.001566 -0.908467 -0.417953 -0.001541 -0.925802 -0.378006 -0.001540 -0.925792 -0.378029 -0.001427 -0.977374 -0.211516 -0.001459 -0.967240 -0.253860 -0.001455 -0.967235 -0.253880 -0.001486 -0.955350 -0.295471 -0.001482 -0.955336 -0.295518 -0.001510 -0.941552 -0.336865 -0.001514 -0.941570 -0.336813 -0.001533 -0.941537 -0.336907 -0.001504 -0.955360 -0.295440 -0.001486 -0.955332 -0.295530 -0.001454 -0.967233 -0.253887 -0.001455 -0.967237 -0.253873 -0.001421 -0.977373 -0.211517 -0.001421 -0.977377 -0.211499 -0.001260 -0.999254 -0.038590 -0.001303 -0.996627 -0.082057 -0.001299 -0.996623 -0.082099 -0.001340 -0.992143 -0.125100 -0.001341 -0.992143 -0.125098 -0.001380 -0.985745 -0.168243 -0.001385 -0.985755 -0.168180 -0.001388 -0.985752 -0.168199 -0.001344 -0.992138 -0.125139 -0.001350 -0.992138 -0.125138 -0.001308 -0.996629 -0.082030 -0.001299 -0.996623 -0.082106 -0.001256 -0.999254 -0.038594 -0.001257 -0.999255 -0.038570 -0.001046 -0.990771 0.135543 -0.001105 -0.995738 0.092216 -0.001112 -0.995734 0.092266 -0.001164 -0.998794 0.049083 -0.001160 -0.998796 0.049051 -0.001209 -0.999984 0.005532 -0.001209 -0.999984 0.005528 -0.001215 -0.999984 0.005504 -0.001163 -0.998794 0.049088 -0.001160 -0.998795 0.049062 -0.001108 -0.995738 0.092227 -0.001112 -0.995733 0.092271 -0.001059 -0.990772 0.135537 -0.001057 -0.990776 0.135505 -0.000822 -0.952207 0.305452 -0.000887 -0.964591 0.263750 -0.000885 -0.964590 0.263754 -0.000946 -0.975087 0.221819 -0.000938 -0.975102 0.221753 -0.000996 -0.983847 0.179010 -0.001000 -0.983835 0.179072 -0.001012 -0.983847 0.179008 -0.000958 -0.975086 0.221823 -0.000941 -0.975104 0.221745 -0.000880 -0.964590 0.263753 -0.000883 -0.964585 0.263771 -0.000821 -0.952190 0.305507 -0.000820 -0.952199 0.305477 -0.000547 -0.884622 0.466308 -0.000612 -0.904172 0.427169 -0.000624 -0.904148 0.427220 -0.000689 -0.921774 0.387728 -0.000692 -0.921768 0.387740 -0.000756 -0.937791 0.347199 -0.000757 -0.937791 0.347200 -0.000768 -0.937814 0.347137 -0.000707 -0.921772 0.387732 -0.000699 -0.921783 0.387707 -0.000637 -0.904144 0.427227 -0.000631 -0.904160 0.427195 -0.000564 -0.884683 0.466193 -0.000566 -0.884669 0.466220 -0.000282 -0.790224 0.612819 -0.000351 -0.816241 0.577712 -0.000358 -0.816224 0.577735 -0.000427 -0.840468 0.541861 -0.000428 -0.840464 0.541868 -0.000497 -0.863231 0.504809 -0.000498 -0.863218 0.504831 -0.000488 -0.863193 0.504874 -0.000421 -0.840449 0.541890 -0.000419 -0.840444 0.541898 -0.000352 -0.816301 0.577627 -0.000362 -0.816237 0.577717 -0.000293 -0.790234 0.612806 -0.000291 -0.790251 0.612783 -0.000021 -0.671872 0.740668 -0.000085 -0.703398 0.710796 -0.000065 -0.703486 0.710709 -0.000137 -0.733631 0.679548 -0.000143 -0.733583 0.679600 -0.000216 -0.762520 0.646965 -0.000220 -0.762475 0.647017 -0.000215 -0.762461 0.647035 -0.000145 -0.733616 0.679565 -0.000151 -0.733604 0.679577 -0.000081 -0.703420 0.710774 -0.000068 -0.703500 0.710695 0.000003 -0.671874 0.740666 -0.000001 -0.671817 0.740718 0.000266 -0.532949 0.846148 0.000196 -0.569380 0.822075 0.000219 -0.569487 0.822000 0.000149 -0.604494 0.796610 0.000130 -0.604354 0.796716 0.000059 -0.638497 0.769624 0.000069 -0.638620 0.769522 0.000093 -0.638540 0.769589 0.000165 -0.604454 0.796640 0.000132 -0.604344 0.796724 0.000203 -0.569381 0.822074 0.000218 -0.569490 0.821998 0.000289 -0.533042 0.846089 0.000277 -0.532899 0.846179 0.000561 -0.378038 0.925790 0.000493 -0.417933 0.908478 0.000492 -0.417914 0.908487 0.000423 -0.456867 0.889535 0.000430 -0.456917 0.889509 0.000360 -0.495371 0.868682 0.000348 -0.495215 0.868770 0.000357 -0.495172 0.868795 0.000427 -0.457058 0.889437 0.000411 -0.456998 0.889468 0.000481 -0.417828 0.908526 0.000491 -0.417925 0.908482 0.000558 -0.378157 0.925741 0.000553 -0.378075 0.925775 0.000815 -0.211635 0.977348 0.000754 -0.253914 0.967226 0.000744 -0.253873 0.967237 0.000681 -0.295356 0.955387 0.000698 -0.295530 0.955333 0.000633 -0.336886 0.941545 0.000620 -0.336721 0.941604 0.000625 -0.336689 0.941616 0.000689 -0.295560 0.955324 0.000691 -0.295578 0.955319 0.000754 -0.253910 0.967228 0.000748 -0.253851 0.967243 0.000810 -0.211545 0.977368 0.000817 -0.211635 0.977348 0.001032 -0.038540 0.999257 0.000977 -0.082034 0.996629 0.000996 -0.082119 0.996622 0.000939 -0.125234 0.992127 0.000931 -0.125148 0.992138 0.000872 -0.168084 0.985772 0.000879 -0.168189 0.985754 0.000878 -0.168178 0.985756 0.000938 -0.125217 0.992129 0.000929 -0.125165 0.992136 0.000986 -0.081808 0.996648 0.001011 -0.082055 0.996627 0.001067 -0.038656 0.999252 0.001052 -0.038439 0.999260 0.001233 0.135470 0.990781 0.001186 0.092277 0.995733 0.001207 0.092166 0.995743 0.001158 0.049088 0.998794 0.001158 0.049088 0.998794 0.001106 0.005475 0.999985 0.001106 0.005465 0.999985 0.001106 0.005465 0.999985 0.001158 0.048977 0.998799 0.001146 0.049027 0.998797 0.001195 0.092409 0.995721 0.001215 0.092215 0.995738 0.001262 0.135369 0.990795 0.001249 0.135552 0.990769 0.001442 0.305663 0.952139 0.001404 0.263590 0.964634 0.001382 0.263686 0.964608 0.001342 0.221886 0.975072 0.001343 0.221871 0.975075 0.001300 0.178951 0.983857 0.001295 0.179034 0.983842 0.001298 0.179046 0.983840 0.001340 0.221784 0.975095 0.001331 0.221824 0.975086 0.001371 0.263678 0.964610 0.001374 0.263662 0.964614 0.001411 0.305664 0.952139 0.001419 0.305565 0.952170 0.001543 0.466282 0.884635 0.001514 0.427149 0.904180 0.001505 0.427192 0.904160 0.001477 0.387831 0.921729 0.001485 0.387744 0.921766 0.001454 0.347183 0.937797 0.001454 0.347187 0.937795 0.001474 0.347274 0.937763 0.001504 0.387640 0.921810 0.001484 0.387733 0.921771 0.001513 0.427147 0.904181 0.001506 0.427205 0.904154 0.001532 0.466261 0.884646 0.001534 0.466239 0.884657 0.001599 0.612674 0.790335 0.001584 0.577814 0.816167 0.001593 0.577787 0.816186 0.001575 0.541846 0.840476 0.001576 0.541837 0.840482 0.001557 0.504722 0.863280 0.001557 0.504717 0.863283 0.001566 0.504752 0.863263 0.001584 0.541843 0.840478 0.001582 0.541861 0.840467 0.001599 0.577823 0.816160 0.001600 0.577808 0.816171 0.001614 0.612680 0.790329 0.001610 0.612722 0.790297 0.001669 0.740731 0.671799 0.001669 0.710639 0.703555 0.001638 0.710745 0.703448 0.001634 0.679590 0.733590 0.001632 0.679594 0.733586 0.001625 0.647059 0.762438 0.001622 0.647093 0.762409 0.001607 0.647043 0.762451 0.001615 0.679602 0.733579 0.001626 0.679570 0.733609 0.001631 0.710690 0.703504 0.001628 0.710705 0.703489 0.001631 0.740670 0.671867 0.001635 0.740623 0.671919 0.001612 0.846096 0.533029 0.001624 0.822024 0.569451 0.001624 0.822025 0.569449 0.001632 0.796689 0.604388 0.001635 0.796671 0.604412 0.001640 0.769557 0.638576 0.001634 0.769616 0.638505 0.001635 0.769618 0.638503 0.001630 0.796663 0.604422 0.001632 0.796658 0.604428 0.001624 0.822041 0.569425 0.001626 0.822029 0.569444 0.001615 0.846064 0.533079 0.001612 0.846093 0.533033 0.001530 0.925768 0.378089 0.001550 0.908466 0.417955 0.001558 0.908455 0.417979 0.001577 0.889523 0.456887 0.001584 0.889493 0.456946 0.001601 0.868788 0.495182 0.001598 0.868809 0.495144 0.001599 0.868809 0.495144 0.001582 0.889523 0.456889 0.001589 0.889506 0.456922 0.001571 0.908435 0.418023 0.001562 0.908466 0.417957 0.001541 0.925804 0.378000 0.001542 0.925793 0.378027 0.001413 0.977368 0.211542 0.001447 0.967248 0.253831 0.001464 0.967226 0.253911 0.001495 0.955340 0.295506 0.001488 0.955363 0.295431 0.001517 0.941552 0.336864 0.001516 0.941555 0.336855 0.001505 0.941539 0.336900 0.001480 0.955359 0.295445 0.001481 0.955354 0.295460 0.001451 0.967240 0.253860 0.001459 0.967220 0.253935 0.001425 0.977369 0.211538 0.001422 0.977375 0.211507 0.001254 0.999255 0.038570 0.001298 0.996625 0.082080 0.001298 0.996625 0.082078 0.001339 0.992141 0.125117 0.001342 0.992138 0.125140 0.001382 0.985756 0.168178 0.001385 0.985749 0.168220 0.001384 0.985749 0.168217 0.001345 0.992145 0.125087 0.001348 0.992142 0.125107 0.001308 0.996625 0.082075 0.001304 0.996628 0.082045 0.001259 0.999254 0.038598 0.001257 0.999256 0.038560 0.001044 0.990776 -0.135510 0.001098 0.995734 -0.092263 0.001112 0.995739 -0.092207 0.001161 0.998794 -0.049083 0.001159 0.998793 -0.049105 0.001209 0.999984 -0.005508 0.001209 0.999984 -0.005513 0.001207 0.999984 -0.005507 0.001158 0.998794 -0.049089 0.001159 0.998794 -0.049096 0.001107 0.995731 -0.092294 0.001113 0.995738 -0.092221 0.001061 0.990778 -0.135491 0.001055 0.990768 -0.135562 0.000832 0.952181 -0.305534 0.000892 0.964591 -0.263751 0.000892 0.964590 -0.263751 0.000952 0.975116 -0.221694 0.000940 0.975093 -0.221796 0.000998 0.983839 -0.179054 0.000999 0.983841 -0.179041 0.000994 0.983847 -0.179008 0.000934 0.975093 -0.221795 0.000937 0.975096 -0.221780 0.000878 0.964597 -0.263727 0.000881 0.964604 -0.263700 0.000820 0.952182 -0.305531 0.000823 0.952194 -0.305493 0.000571 0.884670 -0.466218 0.000638 0.904142 -0.427231 0.000630 0.904127 -0.427264 0.000694 0.921757 -0.387767 0.000698 0.921772 -0.387731 0.000763 0.937791 -0.347198 0.000760 0.937779 -0.347231 0.000756 0.937784 -0.347219 0.000692 0.921811 -0.387640 0.000686 0.921798 -0.387671 0.000620 0.904099 -0.427322 0.000627 0.904130 -0.427257 0.000561 0.884718 -0.466127 0.000558 0.884700 -0.466161 0.000304 0.790318 -0.612696 0.000372 0.816215 -0.577748 0.000355 0.816167 -0.577817 0.000424 0.840460 -0.541874 0.000424 0.840458 -0.541876 0.000493 0.863247 -0.504782 0.000490 0.863225 -0.504820 0.000498 0.863207 -0.504850 0.000430 0.840448 -0.541893 0.000428 0.840447 -0.541894 0.000360 0.816264 -0.577679 0.000346 0.816192 -0.577781 0.000276 0.790291 -0.612732 0.000285 0.790374 -0.612624 0.000002 0.671873 -0.740667 0.000071 0.703530 -0.710666 0.000073 0.703531 -0.710665 0.000143 0.733554 -0.679632 0.000143 0.733545 -0.679641 0.000213 0.762437 -0.647062 0.000214 0.762445 -0.647053 0.000236 0.762377 -0.647133 0.000167 0.733590 -0.679593 0.000146 0.733529 -0.679658 0.000076 0.703544 -0.710652 0.000074 0.703527 -0.710669 0.000003 0.671859 -0.740679 0.000003 0.671867 -0.740672</float_array>
          <technique_common>
            <accessor source="#Part9_Centro_001-mesh-normals-array" count="5094" stride="3">
              <param name="X" type="float" />
              <param name="Y" type="float" />
              <param name="Z" type="float" />
            </accessor>
          </technique_common>
        </source>
        <vertices id="Part9_Centro_001-mesh-vertices">
          <input semantic="POSITION" source="#Part9_Centro_001-mesh-positions" />
        </vertices>
        <triangles count="5094">
          <input semantic="VERTEX" source="#Part9_Centro_001-mesh-vertices" offset="0" />
          <input semantic="NORMAL" source="#Part9_Centro_001-mesh-normals" offset="1" />
          <p>0 0 1 0 2 0 2 1 1 1 3 1 2 2 3 2 4 2 4 3 3 3 5 3 4 4 5 4 6 4 6 5 5 5 7 5 6 6 7 6 8 6 8 7 7 7 9 7 8 8 9 8 10 8 10 9 9 9 11 9 10 10 11 10 12 10 12 11 11 11 13 11 12 12 13 12 14 12 14 13 13 13 15 13 14 14 15 14 16 14 16 15 15 15 17 15 16 16 17 16 18 16 18 17 17 17 19 17 18 18 19 18 20 18 20 19 19 19 21 19 20 20 21 20 22 20 22 21 21 21 23 21 22 22 23 22 24 22 24 23 23 23 25 23 24 24 25 24 26 24 26 25 25 25 27 25 26 26 27 26 28 26 28 27 27 27 29 27 28 28 29 28 30 28 30 29 29 29 31 29 30 30 31 30 32 30 32 31 31 31 33 31 32 32 33 32 34 32 34 33 33 33 35 33 34 34 35 34 36 34 36 35 35 35 37 35 36 36 37 36 38 36 38 37 37 37 39 37 38 38 39 38 0 38 0 39 39 39 1 39 40 40 41 40 42 40 42 41 41 41 43 41 42 42 43 42 44 42 44 43 43 43 45 43 44 44 45 44 46 44 46 45 45 45 47 45 46 46 47 46 48 46 48 47 47 47 49 47 48 48 49 48 50 48 50 49 49 49 51 49 50 50 51 50 52 50 52 51 51 51 53 51 52 52 53 52 54 52 54 53 53 53 55 53 54 54 55 54 56 54 56 55 55 55 57 55 56 56 57 56 58 56 58 57 57 57 59 57 58 58 59 58 60 58 60 59 59 59 61 59 60 60 61 60 62 60 62 61 61 61 63 61 62 62 63 62 64 62 64 63 63 63 65 63 64 64 65 64 66 64 66 65 65 65 67 65 66 66 67 66 68 66 68 67 67 67 69 67 68 68 69 68 70 68 70 69 69 69 71 69 70 70 71 70 72 70 72 71 71 71 73 71 72 72 73 72 74 72 74 73 73 73 75 73 74 74 75 74 76 74 76 75 75 75 77 75 76 76 77 76 78 76 78 77 77 77 79 77 78 78 79 78 40 78 40 79 79 79 41 79 80 80 81 80 82 80 82 81 81 81 83 81 82 82 83 82 84 82 84 83 83 83 85 83 84 84 85 84 86 84 86 85 85 85 87 85 86 86 87 86 88 86 88 87 87 87 89 87 88 88 89 88 90 88 90 89 89 89 91 89 90 90 91 90 92 90 92 91 91 91 93 91 92 92 93 92 94 92 94 93 93 93 95 93 94 94 95 94 96 94 96 95 95 95 97 95 96 96 97 96 98 96 98 97 97 97 99 97 98 98 99 98 100 98 100 99 99 99 101 99 100 100 101 100 102 100 102 101 101 101 103 101 102 102 103 102 104 102 104 103 103 103 105 103 104 104 105 104 106 104 106 105 105 105 107 105 106 106 107 106 108 106 108 107 107 107 109 107 108 108 109 108 110 108 110 109 109 109 111 109 110 110 111 110 112 110 112 111 111 111 113 111 112 112 113 112 114 112 114 113 113 113 115 113 114 114 115 114 116 114 116 115 115 115 117 115 116 116 117 116 118 116 118 117 117 117 119 117 118 118 119 118 80 118 80 119 119 119 81 119 120 120 121 120 122 120 122 121 121 121 123 121 124 122 120 122 125 122 125 123 120 123 122 123 126 124 124 124 127 124 127 125 124 125 125 125 128 126 126 126 129 126 129 127 126 127 127 127 130 128 128 128 131 128 131 129 128 129 129 129 132 130 130 130 133 130 133 131 130 131 131 131 134 132 132 132 135 132 135 133 132 133 133 133 136 134 134 134 137 134 137 135 134 135 135 135 138 136 136 136 139 136 139 137 136 137 137 137 121 138 138 138 123 138 123 139 138 139 139 139 1 140 121 140 3 140 3 141 121 141 120 141 3 142 120 142 5 142 5 143 120 143 41 143 5 144 41 144 7 144 7 145 41 145 79 145 7 146 79 146 9 146 9 147 79 147 77 147 9 148 77 148 11 148 11 149 77 149 75 149 11 150 75 150 13 150 13 151 75 151 73 151 13 152 73 152 15 152 15 153 73 153 71 153 15 154 71 154 17 154 17 155 71 155 69 155 17 156 69 156 19 156 19 157 69 157 67 157 19 158 67 158 21 158 21 159 67 159 65 159 21 160 65 160 130 160 130 161 65 161 128 161 128 162 65 162 63 162 128 163 63 163 61 163 39 164 87 164 1 164 1 165 87 165 85 165 1 166 85 166 121 166 121 167 85 167 83 167 121 168 83 168 81 168 87 169 39 169 89 169 89 170 39 170 37 170 89 171 37 171 91 171 91 172 37 172 35 172 91 173 35 173 93 173 93 174 35 174 33 174 93 175 33 175 95 175 95 176 33 176 31 176 95 177 31 177 97 177 97 178 31 178 29 178 97 179 29 179 99 179 99 180 29 180 27 180 99 181 27 181 101 181 101 182 27 182 25 182 101 183 25 183 130 183 130 184 25 184 23 184 130 185 23 185 21 185 45 186 43 186 120 186 120 187 43 187 41 187 61 188 59 188 128 188 128 189 59 189 124 189 128 190 124 190 126 190 59 191 57 191 124 191 124 192 57 192 55 192 124 193 55 193 120 193 120 194 55 194 53 194 120 195 53 195 51 195 51 196 49 196 120 196 120 197 49 197 47 197 120 198 47 198 45 198 81 199 119 199 121 199 121 200 119 200 117 200 121 201 117 201 115 201 115 202 113 202 121 202 121 203 113 203 138 203 138 204 113 204 111 204 138 205 111 205 109 205 109 206 107 206 138 206 138 207 107 207 105 207 138 208 105 208 136 208 136 209 105 209 103 209 136 210 103 210 101 210 132 211 134 211 130 211 130 212 134 212 136 212 130 213 136 213 101 213 4 214 122 214 2 214 2 215 122 215 123 215 2 216 123 216 0 216 0 217 123 217 84 217 0 218 84 218 38 218 38 219 84 219 86 219 38 220 86 220 36 220 36 221 86 221 88 221 36 222 88 222 34 222 34 223 88 223 90 223 34 224 90 224 32 224 32 225 90 225 92 225 32 226 92 226 30 226 30 227 92 227 94 227 30 228 94 228 28 228 28 229 94 229 96 229 28 230 96 230 26 230 26 231 96 231 98 231 26 232 98 232 24 232 24 233 98 233 100 233 24 234 100 234 131 234 131 235 100 235 137 235 131 236 137 236 133 236 133 237 137 237 135 237 6 238 78 238 4 238 4 239 78 239 40 239 4 240 40 240 122 240 122 241 40 241 42 241 122 242 42 242 44 242 78 243 6 243 76 243 76 244 6 244 8 244 76 245 8 245 74 245 74 246 8 246 10 246 74 247 10 247 72 247 72 248 10 248 12 248 72 249 12 249 70 249 70 250 12 250 14 250 70 251 14 251 68 251 68 252 14 252 16 252 68 253 16 253 66 253 66 254 16 254 18 254 66 255 18 255 64 255 64 256 18 256 20 256 64 257 20 257 131 257 131 258 20 258 22 258 131 259 22 259 24 259 44 260 46 260 122 260 122 261 46 261 48 261 122 262 48 262 50 262 50 263 52 263 122 263 122 264 52 264 54 264 122 265 54 265 125 265 125 266 54 266 56 266 125 267 56 267 58 267 125 268 58 268 129 268 129 269 58 269 60 269 129 270 60 270 62 270 62 271 64 271 129 271 129 272 64 272 131 272 80 273 82 273 123 273 123 274 82 274 84 274 100 275 102 275 137 275 137 276 102 276 104 276 137 277 104 277 139 277 139 278 104 278 106 278 139 279 106 279 108 279 108 280 110 280 139 280 139 281 110 281 112 281 139 282 112 282 123 282 123 283 112 283 114 283 123 284 114 284 116 284 116 285 118 285 123 285 123 286 118 286 80 286 129 287 127 287 125 287 140 288 141 288 142 288 142 289 141 289 143 289 144 290 145 290 146 290 146 291 145 291 147 291 148 292 149 292 150 292 150 293 149 293 151 293 142 294 147 294 140 294 140 295 147 295 145 295 149 296 152 296 151 296 151 297 152 297 139 297 147 298 132 298 146 298 146 299 132 299 134 299 146 300 134 300 152 300 152 301 134 301 135 301 142 302 143 302 147 302 147 303 143 303 124 303 147 304 124 304 126 304 127 305 133 305 126 305 126 306 133 306 132 306 126 307 132 307 147 307 152 308 149 308 146 308 146 309 149 309 148 309 144 310 130 310 145 310 145 311 130 311 128 311 145 312 128 312 153 312 150 313 151 313 144 313 144 314 151 314 139 314 144 315 139 315 136 315 136 316 130 316 144 316 131 317 129 317 130 317 130 318 129 318 128 318 153 319 141 319 145 319 145 320 141 320 140 320 141 321 153 321 143 321 143 322 153 322 124 322 128 323 124 323 153 323 133 324 127 324 131 324 131 325 127 325 129 325 134 326 132 326 136 326 136 327 132 327 130 327 152 328 135 328 139 328 139 329 135 329 137 329 146 330 148 330 144 330 144 331 148 331 150 331 154 332 155 332 156 332 156 333 155 333 157 333 156 334 157 334 158 334 158 335 157 335 159 335 158 336 159 336 160 336 160 337 159 337 161 337 160 338 161 338 162 338 162 339 161 339 163 339 162 340 163 340 164 340 164 341 163 341 165 341 164 342 165 342 166 342 166 343 165 343 167 343 166 344 167 344 168 344 168 345 167 345 169 345 168 346 169 346 170 346 170 347 169 347 171 347 170 348 171 348 172 348 172 349 171 349 173 349 172 350 173 350 174 350 174 351 173 351 175 351 174 352 175 352 176 352 176 353 175 353 177 353 176 354 177 354 178 354 178 355 177 355 179 355 178 356 179 356 180 356 180 357 179 357 181 357 180 358 181 358 182 358 182 359 181 359 183 359 182 360 183 360 184 360 184 361 183 361 185 361 184 362 185 362 186 362 186 363 185 363 187 363 186 364 187 364 188 364 188 365 187 365 189 365 188 366 189 366 190 366 190 367 189 367 191 367 190 368 191 368 192 368 192 369 191 369 193 369 192 370 193 370 194 370 194 371 193 371 195 371 194 372 195 372 196 372 196 373 195 373 197 373 196 374 197 374 198 374 198 375 197 375 199 375 198 376 199 376 154 376 154 377 199 377 155 377 156 378 158 378 154 378 154 379 158 379 198 379 198 380 158 380 160 380 198 381 160 381 196 381 196 382 160 382 162 382 196 383 162 383 194 383 194 384 162 384 164 384 194 385 164 385 192 385 192 386 164 386 166 386 192 387 166 387 190 387 190 388 166 388 168 388 190 389 168 389 188 389 188 390 168 390 170 390 188 391 170 391 186 391 186 392 170 392 172 392 186 393 172 393 184 393 184 394 172 394 174 394 184 395 174 395 182 395 182 396 174 396 176 396 182 397 176 397 180 397 180 398 176 398 178 398 200 399 201 399 202 399 202 400 201 400 203 400 204 401 205 401 206 401 206 402 205 402 207 402 206 403 207 403 208 403 208 404 207 404 209 404 208 405 209 405 210 405 210 406 209 406 211 406 210 407 211 407 212 407 212 408 211 408 213 408 212 409 213 409 214 409 214 410 213 410 215 410 214 411 215 411 216 411 216 412 215 412 217 412 216 413 217 413 218 413 218 414 217 414 219 414 218 415 219 415 220 415 220 416 219 416 221 416 220 417 221 417 222 417 222 418 221 418 223 418 222 419 223 419 224 419 224 420 223 420 225 420 224 421 225 421 226 421 226 422 225 422 227 422 226 423 227 423 228 423 228 424 227 424 229 424 228 425 229 425 230 425 230 426 229 426 231 426 230 427 231 427 232 427 232 428 231 428 233 428 232 429 233 429 234 429 234 430 233 430 235 430 234 431 235 431 236 431 236 432 235 432 237 432 236 433 237 433 238 433 238 434 237 434 239 434 238 435 239 435 240 435 240 436 239 436 241 436 240 437 241 437 242 437 242 438 241 438 243 438 242 439 243 439 244 439 244 440 243 440 245 440 244 441 245 441 246 441 246 442 245 442 247 442 246 443 247 443 248 443 248 444 247 444 249 444 248 445 249 445 250 445 250 446 249 446 251 446 250 447 251 447 252 447 252 448 251 448 253 448 252 449 253 449 254 449 254 450 253 450 255 450 254 451 255 451 256 451 205 452 204 452 257 452 257 453 204 453 258 453 257 454 258 454 259 454 259 455 258 455 260 455 259 456 260 456 261 456 261 457 260 457 262 457 261 458 262 458 263 458 263 459 262 459 264 459 263 460 264 460 265 460 265 461 264 461 266 461 265 462 266 462 202 462 202 463 266 463 200 463 267 464 256 464 268 464 268 465 256 465 255 465 203 466 201 466 269 466 269 467 201 467 270 467 269 468 270 468 271 468 269 469 271 469 272 469 272 470 271 470 273 470 272 471 273 471 274 471 274 472 273 472 275 472 274 473 275 473 276 473 276 474 275 474 277 474 276 475 277 475 278 475 278 476 277 476 279 476 278 477 279 477 280 477 280 478 279 478 281 478 280 479 281 479 282 479 282 480 281 480 283 480 282 481 283 481 284 481 284 482 283 482 285 482 284 483 285 483 286 483 286 484 285 484 287 484 286 485 287 485 288 485 288 486 287 486 289 486 288 487 289 487 290 487 290 488 289 488 267 488 290 489 267 489 268 489 155 490 202 490 157 490 157 491 202 491 255 491 157 492 255 492 159 492 159 493 255 493 161 493 161 494 255 494 253 494 161 495 253 495 163 495 163 496 253 496 251 496 163 497 251 497 165 497 165 498 251 498 249 498 165 499 249 499 247 499 155 500 199 500 202 500 202 501 199 501 265 501 265 502 199 502 197 502 265 503 197 503 263 503 263 504 197 504 195 504 263 505 195 505 261 505 261 506 195 506 259 506 259 507 195 507 193 507 259 508 193 508 257 508 257 509 193 509 205 509 205 510 193 510 191 510 205 511 191 511 207 511 207 512 191 512 209 512 209 513 191 513 189 513 209 514 189 514 211 514 211 515 189 515 213 515 213 516 189 516 187 516 213 517 187 517 215 517 215 518 187 518 185 518 215 519 185 519 217 519 217 520 185 520 219 520 219 521 185 521 183 521 219 522 183 522 221 522 221 523 183 523 181 523 221 524 181 524 223 524 223 525 181 525 179 525 223 526 179 526 225 526 225 527 179 527 227 527 227 528 179 528 177 528 227 529 177 529 229 529 229 530 177 530 175 530 229 531 175 531 231 531 231 532 175 532 233 532 233 533 175 533 173 533 233 534 173 534 235 534 235 535 173 535 171 535 235 536 171 536 237 536 237 537 171 537 239 537 239 538 171 538 169 538 239 539 169 539 241 539 241 540 169 540 243 540 243 541 169 541 167 541 243 542 167 542 245 542 245 543 167 543 247 543 247 544 167 544 165 544 269 545 272 545 203 545 203 546 272 546 274 546 203 547 274 547 276 547 276 548 278 548 203 548 203 549 278 549 280 549 203 550 280 550 282 550 282 551 284 551 203 551 203 552 284 552 286 552 203 553 286 553 288 553 288 554 290 554 203 554 203 555 290 555 268 555 203 556 268 556 202 556 202 557 268 557 255 557 206 558 208 558 291 558 291 559 208 559 210 559 291 560 210 560 212 560 212 561 214 561 291 561 291 562 214 562 216 562 291 563 216 563 218 563 218 564 220 564 291 564 291 565 220 565 222 565 291 566 222 566 224 566 224 567 226 567 292 567 292 568 226 568 228 568 292 569 228 569 230 569 230 570 232 570 292 570 292 571 232 571 234 571 292 572 234 572 236 572 236 573 238 573 292 573 292 574 238 574 240 574 292 575 240 575 242 575 242 576 244 576 293 576 293 577 244 577 246 577 293 578 246 578 248 578 248 579 250 579 293 579 293 580 250 580 267 580 293 581 267 581 289 581 250 582 252 582 267 582 267 583 252 583 254 583 267 584 254 584 256 584 289 585 287 585 293 585 293 586 287 586 285 586 293 587 285 587 283 587 283 588 281 588 293 588 293 589 281 589 279 589 293 590 279 590 294 590 294 591 279 591 277 591 294 592 277 592 275 592 275 593 273 593 294 593 294 594 273 594 271 594 294 595 271 595 270 595 270 596 201 596 294 596 294 597 201 597 262 597 294 598 262 598 260 598 200 599 266 599 201 599 201 600 266 600 264 600 201 601 264 601 262 601 260 602 258 602 294 602 294 603 258 603 204 603 294 604 204 604 206 604 292 605 295 605 224 605 224 606 295 606 296 606 224 607 296 607 291 607 293 608 297 608 242 608 242 609 297 609 295 609 242 610 295 610 292 610 298 611 297 611 294 611 294 612 297 612 293 612 299 613 300 613 301 613 301 614 300 614 302 614 301 615 302 615 303 615 303 616 302 616 304 616 303 617 304 617 305 617 305 618 304 618 306 618 305 619 306 619 307 619 307 620 306 620 308 620 307 621 308 621 309 621 309 622 308 622 310 622 309 623 310 623 311 623 311 624 310 624 312 624 311 625 312 625 313 625 313 626 312 626 314 626 313 627 314 627 315 627 315 628 314 628 316 628 315 629 316 629 317 629 317 630 316 630 318 630 317 631 318 631 319 631 319 632 318 632 320 632 319 633 320 633 321 633 321 634 320 634 322 634 321 635 322 635 323 635 323 636 322 636 324 636 323 637 324 637 325 637 325 638 324 638 326 638 325 639 326 639 327 639 327 640 326 640 328 640 327 641 328 641 329 641 329 642 328 642 330 642 329 643 330 643 331 643 331 644 330 644 332 644 331 645 332 645 333 645 333 646 332 646 334 646 333 647 334 647 335 647 335 648 334 648 336 648 335 649 336 649 337 649 337 650 336 650 338 650 337 651 338 651 339 651 339 652 338 652 340 652 339 653 340 653 341 653 341 654 340 654 342 654 341 655 342 655 299 655 299 656 342 656 300 656 343 657 344 657 345 657 345 658 344 658 346 658 345 659 346 659 347 659 347 660 346 660 348 660 347 661 348 661 349 661 349 662 348 662 350 662 349 663 350 663 351 663 351 664 350 664 352 664 351 665 352 665 353 665 353 666 352 666 354 666 353 667 354 667 355 667 355 668 354 668 356 668 355 669 356 669 357 669 357 670 356 670 358 670 357 671 358 671 359 671 359 672 358 672 360 672 359 673 360 673 361 673 361 674 360 674 362 674 361 675 362 675 363 675 363 676 362 676 364 676 363 677 364 677 365 677 365 678 364 678 366 678 365 679 366 679 367 679 367 680 366 680 368 680 367 681 368 681 369 681 369 682 368 682 370 682 369 683 370 683 371 683 371 684 370 684 372 684 371 685 372 685 373 685 373 686 372 686 374 686 373 687 374 687 375 687 375 688 374 688 376 688 375 689 376 689 377 689 377 690 376 690 378 690 377 691 378 691 379 691 379 692 378 692 380 692 379 693 380 693 381 693 381 694 380 694 382 694 381 695 382 695 383 695 383 696 382 696 384 696 383 697 384 697 385 697 385 698 384 698 386 698 385 699 386 699 343 699 343 700 386 700 344 700 387 701 149 701 388 701 388 702 149 702 389 702 390 703 387 703 391 703 391 704 387 704 388 704 143 705 390 705 392 705 392 706 390 706 391 706 298 707 323 707 297 707 297 708 323 708 325 708 297 709 325 709 327 709 392 710 311 710 298 710 298 711 311 711 313 711 298 712 313 712 315 712 391 713 301 713 392 713 392 714 301 714 303 714 392 715 303 715 305 715 388 716 297 716 391 716 391 717 297 717 335 717 391 718 335 718 337 718 389 719 367 719 388 719 388 720 367 720 369 720 388 721 369 721 371 721 296 722 355 722 389 722 389 723 355 723 357 723 389 724 357 724 359 724 295 725 345 725 296 725 296 726 345 726 347 726 296 727 347 727 349 727 297 728 388 728 295 728 295 729 388 729 377 729 295 730 377 730 379 730 305 731 307 731 392 731 392 732 307 732 309 732 392 733 309 733 311 733 315 734 317 734 298 734 298 735 317 735 319 735 298 736 319 736 321 736 321 737 323 737 298 737 327 738 329 738 297 738 297 739 329 739 331 739 297 740 331 740 333 740 333 741 335 741 297 741 337 742 339 742 391 742 391 743 339 743 341 743 391 744 341 744 299 744 299 745 301 745 391 745 349 746 351 746 296 746 296 747 351 747 353 747 296 748 353 748 355 748 359 749 361 749 389 749 389 750 361 750 363 750 389 751 363 751 365 751 365 752 367 752 389 752 371 753 373 753 388 753 388 754 373 754 375 754 388 755 375 755 377 755 379 756 381 756 295 756 295 757 381 757 383 757 295 758 383 758 385 758 385 759 343 759 295 759 295 760 343 760 345 760 393 761 346 761 394 761 394 762 346 762 344 762 394 763 344 763 386 763 149 764 356 764 393 764 393 765 356 765 354 765 393 766 354 766 352 766 387 767 368 767 149 767 149 768 368 768 366 768 149 769 366 769 364 769 390 770 147 770 387 770 387 771 147 771 394 771 387 772 394 772 378 772 378 773 394 773 380 773 380 774 394 774 382 774 382 775 394 775 384 775 384 776 394 776 386 776 143 777 302 777 390 777 390 778 302 778 300 778 390 779 300 779 342 779 142 780 312 780 143 780 143 781 312 781 310 781 143 782 310 782 308 782 147 783 324 783 142 783 142 784 324 784 322 784 142 785 322 785 320 785 342 786 340 786 390 786 390 787 340 787 338 787 390 788 338 788 336 788 390 789 336 789 147 789 147 790 336 790 334 790 147 791 334 791 332 791 332 792 330 792 147 792 147 793 330 793 328 793 147 794 328 794 326 794 326 795 324 795 147 795 320 796 318 796 142 796 142 797 318 797 316 797 142 798 316 798 314 798 314 799 312 799 142 799 308 800 306 800 143 800 143 801 306 801 304 801 143 802 304 802 302 802 378 803 376 803 387 803 387 804 376 804 374 804 387 805 374 805 372 805 372 806 370 806 387 806 387 807 370 807 368 807 364 808 362 808 149 808 149 809 362 809 360 809 149 810 360 810 358 810 358 811 356 811 149 811 352 812 350 812 393 812 393 813 350 813 348 813 393 814 348 814 346 814 395 815 396 815 394 815 394 816 396 816 393 816 397 817 395 817 147 817 147 818 395 818 394 818 398 819 397 819 142 819 142 820 397 820 147 820 396 821 398 821 393 821 393 822 398 822 142 822 393 823 142 823 206 823 206 824 142 824 298 824 206 825 298 825 294 825 142 826 143 826 298 826 298 827 143 827 392 827 291 828 296 828 206 828 206 829 296 829 393 829 296 830 389 830 393 830 393 831 389 831 149 831 396 832 395 832 398 832 398 833 395 833 397 833 399 834 400 834 401 834 399 835 401 835 402 835 399 836 402 836 403 836 399 837 403 837 404 837 400 838 399 838 405 838 400 839 405 839 406 839 400 840 406 840 407 840 400 841 407 841 408 841 408 842 409 842 410 842 408 843 410 843 411 843 408 844 411 844 412 844 408 845 412 845 400 845 409 846 408 846 413 846 409 847 413 847 414 847 409 848 414 848 415 848 409 849 415 849 416 849 416 850 417 850 418 850 416 851 418 851 419 851 416 852 419 852 420 852 416 853 420 853 409 853 416 854 421 854 422 854 416 855 422 855 423 855 416 856 423 856 424 856 416 857 424 857 417 857 421 858 416 858 425 858 421 859 425 859 426 859 421 860 426 860 427 860 421 861 427 861 428 861 428 862 429 862 430 862 428 863 430 863 431 863 428 864 431 864 432 864 428 865 432 865 421 865 429 866 428 866 433 866 429 867 433 867 434 867 429 868 434 868 435 868 429 869 435 869 436 869 436 870 437 870 438 870 436 871 438 871 439 871 436 872 439 872 440 872 436 873 440 873 429 873 436 874 441 874 442 874 436 875 442 875 443 875 436 876 443 876 444 876 436 877 444 877 437 877 441 878 436 878 445 878 441 879 445 879 446 879 441 880 446 880 447 880 441 881 447 881 448 881 448 882 449 882 450 882 448 883 450 883 451 883 448 884 451 884 452 884 448 885 452 885 441 885 449 886 448 886 453 886 449 887 453 887 454 887 449 888 454 888 455 888 449 889 455 889 456 889 456 890 457 890 458 890 456 891 458 891 459 891 456 892 459 892 460 892 456 893 460 893 449 893 457 894 456 894 461 894 457 895 461 895 462 895 457 896 462 896 463 896 457 897 463 897 464 897 464 898 465 898 466 898 464 899 466 899 467 899 464 900 467 900 468 900 464 901 468 901 457 901 464 902 469 902 470 902 464 903 470 903 471 903 464 904 471 904 472 904 464 905 472 905 465 905 469 906 464 906 473 906 469 907 473 907 474 907 469 908 474 908 475 908 469 909 475 909 476 909 476 910 477 910 478 910 476 911 478 911 479 911 476 912 479 912 480 912 476 913 480 913 469 913 477 914 476 914 481 914 477 915 481 915 482 915 477 916 482 916 483 916 477 917 483 917 484 917 484 918 485 918 486 918 484 919 486 919 487 919 484 920 487 920 488 920 484 921 488 921 477 921 484 922 489 922 490 922 484 923 490 923 491 923 484 924 491 924 492 924 484 925 492 925 485 925 489 926 484 926 493 926 489 927 493 927 494 927 489 928 494 928 495 928 489 929 495 929 496 929 496 930 497 930 498 930 496 931 498 931 499 931 496 932 499 932 500 932 496 933 500 933 489 933 497 934 496 934 501 934 497 935 501 935 502 935 497 936 502 936 503 936 497 937 503 937 504 937 504 938 505 938 506 938 504 939 506 939 507 939 504 940 507 940 508 940 504 941 508 941 497 941 505 942 504 942 509 942 505 943 509 943 510 943 505 944 510 944 511 944 505 945 511 945 512 945 512 946 513 946 514 946 512 947 514 947 515 947 512 948 515 948 516 948 512 949 516 949 505 949 512 950 517 950 518 950 512 951 518 951 519 951 512 952 519 952 520 952 512 953 520 953 513 953 517 954 512 954 521 954 517 955 521 955 522 955 517 956 522 956 523 956 517 957 523 957 524 957 524 958 525 958 526 958 524 959 526 959 527 959 524 960 527 960 528 960 524 961 528 961 517 961 525 962 524 962 529 962 525 963 529 963 530 963 525 964 530 964 531 964 525 965 531 965 532 965 532 966 533 966 534 966 532 967 534 967 535 967 532 968 535 968 536 968 532 969 536 969 525 969 532 970 537 970 538 970 532 971 538 971 539 971 532 972 539 972 540 972 532 973 540 973 533 973 537 974 532 974 541 974 537 975 541 975 542 975 537 976 542 976 543 976 537 977 543 977 544 977 544 978 545 978 546 978 544 979 546 979 547 979 544 980 547 980 548 980 544 981 548 981 537 981 545 982 544 982 549 982 545 983 549 983 550 983 545 984 550 984 551 984 545 985 551 985 552 985 552 986 553 986 554 986 552 987 554 987 555 987 552 988 555 988 556 988 552 989 556 989 545 989 552 990 557 990 558 990 552 991 558 991 559 991 552 992 559 992 560 992 552 993 560 993 553 993 557 994 552 994 561 994 557 995 561 995 562 995 557 996 562 996 563 996 557 997 563 997 564 997 564 998 565 998 566 998 564 999 566 999 567 999 564 1000 567 1000 568 1000 564 1001 568 1001 557 1001 565 1002 564 1002 569 1002 565 1003 569 1003 570 1003 565 1004 570 1004 571 1004 565 1005 571 1005 572 1005 572 1006 573 1006 574 1006 572 1007 574 1007 575 1007 572 1008 575 1008 576 1008 572 1009 576 1009 565 1009 573 1010 572 1010 577 1010 573 1011 577 1011 578 1011 573 1012 578 1012 579 1012 573 1013 579 1013 580 1013 580 1014 581 1014 582 1014 580 1015 582 1015 583 1015 580 1016 583 1016 584 1016 580 1017 584 1017 573 1017 580 1018 585 1018 586 1018 580 1019 586 1019 587 1019 580 1020 587 1020 588 1020 580 1021 588 1021 581 1021 585 1022 580 1022 589 1022 585 1023 589 1023 590 1023 585 1024 590 1024 591 1024 585 1025 591 1025 592 1025 592 1026 593 1026 594 1026 592 1027 594 1027 595 1027 592 1028 595 1028 596 1028 592 1029 596 1029 585 1029 593 1030 592 1030 597 1030 593 1031 597 1031 598 1031 593 1032 598 1032 599 1032 593 1033 599 1033 600 1033 600 1034 601 1034 602 1034 600 1035 602 1035 603 1035 600 1036 603 1036 604 1036 600 1037 604 1037 593 1037 600 1038 404 1038 605 1038 600 1039 605 1039 606 1039 600 1040 606 1040 607 1040 600 1041 607 1041 601 1041 404 1042 600 1042 608 1042 404 1043 608 1043 609 1043 404 1044 609 1044 610 1044 404 1045 610 1045 399 1045 611 1046 612 1046 613 1046 612 1047 614 1047 613 1047 613 1048 614 1048 615 1048 614 1049 616 1049 615 1049 615 1050 616 1050 617 1050 616 1051 618 1051 617 1051 617 1052 618 1052 619 1052 619 1053 620 1053 617 1053 620 1054 621 1054 617 1054 617 1055 621 1055 615 1055 621 1056 622 1056 615 1056 615 1057 622 1057 613 1057 622 1058 623 1058 613 1058 613 1059 623 1059 611 1059 624 1060 625 1060 626 1060 625 1061 627 1061 626 1061 626 1062 627 1062 628 1062 627 1063 629 1063 628 1063 628 1064 629 1064 630 1064 629 1065 611 1065 630 1065 630 1066 611 1066 623 1066 623 1067 631 1067 630 1067 631 1068 632 1068 630 1068 630 1069 632 1069 628 1069 632 1070 633 1070 628 1070 628 1071 633 1071 626 1071 633 1072 634 1072 626 1072 626 1073 634 1073 624 1073 635 1074 636 1074 637 1074 636 1075 638 1075 637 1075 637 1076 638 1076 639 1076 638 1077 640 1077 639 1077 639 1078 640 1078 641 1078 640 1079 624 1079 641 1079 641 1080 624 1080 634 1080 634 1081 642 1081 641 1081 642 1082 643 1082 641 1082 641 1083 643 1083 639 1083 643 1084 644 1084 639 1084 639 1085 644 1085 637 1085 644 1086 645 1086 637 1086 637 1087 645 1087 635 1087 646 1088 647 1088 648 1088 647 1089 649 1089 648 1089 648 1090 649 1090 650 1090 649 1091 651 1091 650 1091 650 1092 651 1092 652 1092 651 1093 635 1093 652 1093 652 1094 635 1094 645 1094 645 1095 653 1095 652 1095 653 1096 654 1096 652 1096 652 1097 654 1097 650 1097 654 1098 655 1098 650 1098 650 1099 655 1099 648 1099 655 1100 656 1100 648 1100 648 1101 656 1101 646 1101 657 1102 658 1102 659 1102 658 1103 660 1103 659 1103 659 1104 660 1104 661 1104 660 1105 662 1105 661 1105 661 1106 662 1106 663 1106 662 1107 646 1107 663 1107 663 1108 646 1108 656 1108 656 1109 664 1109 663 1109 664 1110 665 1110 663 1110 663 1111 665 1111 661 1111 665 1112 666 1112 661 1112 661 1113 666 1113 659 1113 666 1114 667 1114 659 1114 659 1115 667 1115 657 1115 668 1116 669 1116 670 1116 669 1117 671 1117 670 1117 670 1118 671 1118 672 1118 671 1119 673 1119 672 1119 672 1120 673 1120 674 1120 673 1121 657 1121 674 1121 674 1122 657 1122 667 1122 667 1123 675 1123 674 1123 675 1124 676 1124 674 1124 674 1125 676 1125 672 1125 676 1126 677 1126 672 1126 672 1127 677 1127 670 1127 677 1128 678 1128 670 1128 670 1129 678 1129 668 1129 679 1130 680 1130 681 1130 680 1131 682 1131 681 1131 681 1132 682 1132 683 1132 682 1133 684 1133 683 1133 683 1134 684 1134 685 1134 684 1135 668 1135 685 1135 685 1136 668 1136 678 1136 678 1137 686 1137 685 1137 686 1138 687 1138 685 1138 685 1139 687 1139 683 1139 687 1140 688 1140 683 1140 683 1141 688 1141 681 1141 688 1142 689 1142 681 1142 681 1143 689 1143 679 1143 690 1144 691 1144 692 1144 691 1145 693 1145 692 1145 692 1146 693 1146 694 1146 693 1147 695 1147 694 1147 694 1148 695 1148 696 1148 695 1149 679 1149 696 1149 696 1150 679 1150 689 1150 689 1151 697 1151 696 1151 697 1152 698 1152 696 1152 696 1153 698 1153 694 1153 698 1154 699 1154 694 1154 694 1155 699 1155 692 1155 699 1156 700 1156 692 1156 692 1157 700 1157 690 1157 701 1158 702 1158 703 1158 702 1159 704 1159 703 1159 703 1160 704 1160 705 1160 704 1161 706 1161 705 1161 705 1162 706 1162 707 1162 706 1163 690 1163 707 1163 707 1164 690 1164 700 1164 700 1165 708 1165 707 1165 708 1166 709 1166 707 1166 707 1167 709 1167 705 1167 709 1168 710 1168 705 1168 705 1169 710 1169 703 1169 710 1170 711 1170 703 1170 703 1171 711 1171 701 1171 712 1172 713 1172 714 1172 713 1173 715 1173 714 1173 714 1174 715 1174 716 1174 715 1175 717 1175 716 1175 716 1176 717 1176 718 1176 717 1177 701 1177 718 1177 718 1178 701 1178 711 1178 711 1179 719 1179 718 1179 719 1180 720 1180 718 1180 718 1181 720 1181 716 1181 720 1182 721 1182 716 1182 716 1183 721 1183 714 1183 721 1184 722 1184 714 1184 714 1185 722 1185 712 1185 723 1186 724 1186 725 1186 724 1187 726 1187 725 1187 725 1188 726 1188 727 1188 726 1189 728 1189 727 1189 727 1190 728 1190 729 1190 728 1191 712 1191 729 1191 729 1192 712 1192 722 1192 722 1193 730 1193 729 1193 730 1194 731 1194 729 1194 729 1195 731 1195 727 1195 731 1196 732 1196 727 1196 727 1197 732 1197 725 1197 732 1198 733 1198 725 1198 725 1199 733 1199 723 1199 734 1200 735 1200 736 1200 735 1201 737 1201 736 1201 736 1202 737 1202 738 1202 737 1203 739 1203 738 1203 738 1204 739 1204 740 1204 739 1205 723 1205 740 1205 740 1206 723 1206 733 1206 733 1207 741 1207 740 1207 741 1208 742 1208 740 1208 740 1209 742 1209 738 1209 742 1210 743 1210 738 1210 738 1211 743 1211 736 1211 743 1212 744 1212 736 1212 736 1213 744 1213 734 1213 745 1214 746 1214 747 1214 746 1215 748 1215 747 1215 747 1216 748 1216 749 1216 748 1217 750 1217 749 1217 749 1218 750 1218 751 1218 750 1219 734 1219 751 1219 751 1220 734 1220 744 1220 744 1221 752 1221 751 1221 752 1222 753 1222 751 1222 751 1223 753 1223 749 1223 753 1224 754 1224 749 1224 749 1225 754 1225 747 1225 754 1226 755 1226 747 1226 747 1227 755 1227 745 1227 756 1228 757 1228 758 1228 757 1229 759 1229 758 1229 758 1230 759 1230 760 1230 759 1231 761 1231 760 1231 760 1232 761 1232 762 1232 761 1233 745 1233 762 1233 762 1234 745 1234 755 1234 755 1235 763 1235 762 1235 763 1236 764 1236 762 1236 762 1237 764 1237 760 1237 764 1238 765 1238 760 1238 760 1239 765 1239 758 1239 765 1240 766 1240 758 1240 758 1241 766 1241 756 1241 767 1242 768 1242 769 1242 768 1243 770 1243 769 1243 769 1244 770 1244 771 1244 770 1245 772 1245 771 1245 771 1246 772 1246 773 1246 772 1247 756 1247 773 1247 773 1248 756 1248 766 1248 766 1249 774 1249 773 1249 774 1250 775 1250 773 1250 773 1251 775 1251 771 1251 775 1252 776 1252 771 1252 771 1253 776 1253 769 1253 776 1254 777 1254 769 1254 769 1255 777 1255 767 1255 778 1256 779 1256 780 1256 779 1257 781 1257 780 1257 780 1258 781 1258 782 1258 781 1259 783 1259 782 1259 782 1260 783 1260 784 1260 783 1261 767 1261 784 1261 784 1262 767 1262 777 1262 777 1263 785 1263 784 1263 785 1264 786 1264 784 1264 784 1265 786 1265 782 1265 786 1266 787 1266 782 1266 782 1267 787 1267 780 1267 787 1268 788 1268 780 1268 780 1269 788 1269 778 1269 789 1270 790 1270 791 1270 790 1271 792 1271 791 1271 791 1272 792 1272 793 1272 792 1273 794 1273 793 1273 793 1274 794 1274 795 1274 794 1275 778 1275 795 1275 795 1276 778 1276 788 1276 788 1277 796 1277 795 1277 796 1278 797 1278 795 1278 795 1279 797 1279 793 1279 797 1280 798 1280 793 1280 793 1281 798 1281 791 1281 798 1282 799 1282 791 1282 791 1283 799 1283 789 1283 800 1284 801 1284 802 1284 801 1285 803 1285 802 1285 802 1286 803 1286 804 1286 803 1287 805 1287 804 1287 804 1288 805 1288 806 1288 805 1289 789 1289 806 1289 806 1290 789 1290 799 1290 799 1291 807 1291 806 1291 807 1292 808 1292 806 1292 806 1293 808 1293 804 1293 808 1294 809 1294 804 1294 804 1295 809 1295 802 1295 809 1296 810 1296 802 1296 802 1297 810 1297 800 1297 811 1298 812 1298 813 1298 812 1299 814 1299 813 1299 813 1300 814 1300 815 1300 814 1301 816 1301 815 1301 815 1302 816 1302 817 1302 816 1303 800 1303 817 1303 817 1304 800 1304 810 1304 810 1305 818 1305 817 1305 818 1306 819 1306 817 1306 817 1307 819 1307 815 1307 819 1308 820 1308 815 1308 815 1309 820 1309 813 1309 820 1310 821 1310 813 1310 813 1311 821 1311 811 1311 822 1312 823 1312 824 1312 823 1313 825 1313 824 1313 824 1314 825 1314 826 1314 825 1315 827 1315 826 1315 826 1316 827 1316 828 1316 827 1317 811 1317 828 1317 828 1318 811 1318 821 1318 821 1319 829 1319 828 1319 829 1320 830 1320 828 1320 828 1321 830 1321 826 1321 830 1322 831 1322 826 1322 826 1323 831 1323 824 1323 831 1324 832 1324 824 1324 824 1325 832 1325 822 1325 833 1326 834 1326 835 1326 834 1327 836 1327 835 1327 835 1328 836 1328 837 1328 836 1329 838 1329 837 1329 837 1330 838 1330 839 1330 838 1331 822 1331 839 1331 839 1332 822 1332 832 1332 832 1333 840 1333 839 1333 840 1334 841 1334 839 1334 839 1335 841 1335 837 1335 841 1336 842 1336 837 1336 837 1337 842 1337 835 1337 842 1338 843 1338 835 1338 835 1339 843 1339 833 1339 618 1340 844 1340 845 1340 844 1341 846 1341 845 1341 845 1342 846 1342 847 1342 846 1343 848 1343 847 1343 847 1344 848 1344 849 1344 848 1345 833 1345 849 1345 849 1346 833 1346 843 1346 843 1347 850 1347 849 1347 850 1348 851 1348 849 1348 849 1349 851 1349 847 1349 851 1350 852 1350 847 1350 847 1351 852 1351 845 1351 852 1352 619 1352 845 1352 845 1353 619 1353 618 1353 853 1354 854 1354 855 1354 854 1355 856 1355 855 1355 855 1356 856 1356 857 1356 856 1357 858 1357 857 1357 857 1358 858 1358 859 1358 858 1359 860 1359 859 1359 859 1360 860 1360 861 1360 861 1361 862 1361 859 1361 862 1362 863 1362 859 1362 859 1363 863 1363 857 1363 863 1364 864 1364 857 1364 857 1365 864 1365 855 1365 864 1366 865 1366 855 1366 855 1367 865 1367 853 1367 866 1368 867 1368 868 1368 867 1369 869 1369 868 1369 868 1370 869 1370 870 1370 869 1371 871 1371 870 1371 870 1372 871 1372 872 1372 871 1373 853 1373 872 1373 872 1374 853 1374 865 1374 865 1375 873 1375 872 1375 873 1376 874 1376 872 1376 872 1377 874 1377 870 1377 874 1378 875 1378 870 1378 870 1379 875 1379 868 1379 875 1380 876 1380 868 1380 868 1381 876 1381 866 1381 877 1382 878 1382 879 1382 878 1383 880 1383 879 1383 879 1384 880 1384 881 1384 880 1385 882 1385 881 1385 881 1386 882 1386 883 1386 882 1387 866 1387 883 1387 883 1388 866 1388 876 1388 876 1389 884 1389 883 1389 884 1390 885 1390 883 1390 883 1391 885 1391 881 1391 885 1392 886 1392 881 1392 881 1393 886 1393 879 1393 886 1394 887 1394 879 1394 879 1395 887 1395 877 1395 888 1396 889 1396 890 1396 889 1397 891 1397 890 1397 890 1398 891 1398 892 1398 891 1399 893 1399 892 1399 892 1400 893 1400 894 1400 893 1401 877 1401 894 1401 894 1402 877 1402 887 1402 887 1403 895 1403 894 1403 895 1404 896 1404 894 1404 894 1405 896 1405 892 1405 896 1406 897 1406 892 1406 892 1407 897 1407 890 1407 897 1408 898 1408 890 1408 890 1409 898 1409 888 1409 899 1410 900 1410 901 1410 900 1411 902 1411 901 1411 901 1412 902 1412 903 1412 902 1413 904 1413 903 1413 903 1414 904 1414 905 1414 904 1415 888 1415 905 1415 905 1416 888 1416 898 1416 898 1417 906 1417 905 1417 906 1418 907 1418 905 1418 905 1419 907 1419 903 1419 907 1420 908 1420 903 1420 903 1421 908 1421 901 1421 908 1422 909 1422 901 1422 901 1423 909 1423 899 1423 910 1424 911 1424 912 1424 911 1425 913 1425 912 1425 912 1426 913 1426 914 1426 913 1427 915 1427 914 1427 914 1428 915 1428 916 1428 915 1429 899 1429 916 1429 916 1430 899 1430 909 1430 909 1431 917 1431 916 1431 917 1432 918 1432 916 1432 916 1433 918 1433 914 1433 918 1434 919 1434 914 1434 914 1435 919 1435 912 1435 919 1436 920 1436 912 1436 912 1437 920 1437 910 1437 921 1438 922 1438 923 1438 922 1439 924 1439 923 1439 923 1440 924 1440 925 1440 924 1441 926 1441 925 1441 925 1442 926 1442 927 1442 926 1443 910 1443 927 1443 927 1444 910 1444 920 1444 920 1445 928 1445 927 1445 928 1446 929 1446 927 1446 927 1447 929 1447 925 1447 929 1448 930 1448 925 1448 925 1449 930 1449 923 1449 930 1450 931 1450 923 1450 923 1451 931 1451 921 1451 932 1452 933 1452 934 1452 933 1453 935 1453 934 1453 934 1454 935 1454 936 1454 935 1455 937 1455 936 1455 936 1456 937 1456 938 1456 937 1457 921 1457 938 1457 938 1458 921 1458 931 1458 931 1459 939 1459 938 1459 939 1460 940 1460 938 1460 938 1461 940 1461 936 1461 940 1462 941 1462 936 1462 936 1463 941 1463 934 1463 941 1464 942 1464 934 1464 934 1465 942 1465 932 1465 943 1466 944 1466 945 1466 944 1467 946 1467 945 1467 945 1468 946 1468 947 1468 946 1469 948 1469 947 1469 947 1470 948 1470 949 1470 948 1471 932 1471 949 1471 949 1472 932 1472 942 1472 942 1473 950 1473 949 1473 950 1474 951 1474 949 1474 949 1475 951 1475 947 1475 951 1476 952 1476 947 1476 947 1477 952 1477 945 1477 952 1478 953 1478 945 1478 945 1479 953 1479 943 1479 954 1480 955 1480 956 1480 955 1481 957 1481 956 1481 956 1482 957 1482 958 1482 957 1483 959 1483 958 1483 958 1484 959 1484 960 1484 959 1485 943 1485 960 1485 960 1486 943 1486 953 1486 953 1487 961 1487 960 1487 961 1488 962 1488 960 1488 960 1489 962 1489 958 1489 962 1490 963 1490 958 1490 958 1491 963 1491 956 1491 963 1492 964 1492 956 1492 956 1493 964 1493 954 1493 965 1494 966 1494 967 1494 966 1495 968 1495 967 1495 967 1496 968 1496 969 1496 968 1497 970 1497 969 1497 969 1498 970 1498 971 1498 970 1499 954 1499 971 1499 971 1500 954 1500 964 1500 964 1501 972 1501 971 1501 972 1502 973 1502 971 1502 971 1503 973 1503 969 1503 973 1504 974 1504 969 1504 969 1505 974 1505 967 1505 974 1506 975 1506 967 1506 967 1507 975 1507 965 1507 976 1508 977 1508 978 1508 977 1509 979 1509 978 1509 978 1510 979 1510 980 1510 979 1511 981 1511 980 1511 980 1512 981 1512 982 1512 981 1513 965 1513 982 1513 982 1514 965 1514 975 1514 975 1515 983 1515 982 1515 983 1516 984 1516 982 1516 982 1517 984 1517 980 1517 984 1518 985 1518 980 1518 980 1519 985 1519 978 1519 985 1520 986 1520 978 1520 978 1521 986 1521 976 1521 987 1522 988 1522 989 1522 988 1523 990 1523 989 1523 989 1524 990 1524 991 1524 990 1525 992 1525 991 1525 991 1526 992 1526 993 1526 992 1527 976 1527 993 1527 993 1528 976 1528 986 1528 986 1529 994 1529 993 1529 994 1530 995 1530 993 1530 993 1531 995 1531 991 1531 995 1532 996 1532 991 1532 991 1533 996 1533 989 1533 996 1534 997 1534 989 1534 989 1535 997 1535 987 1535 998 1536 999 1536 1000 1536 999 1537 1001 1537 1000 1537 1000 1538 1001 1538 1002 1538 1001 1539 1003 1539 1002 1539 1002 1540 1003 1540 1004 1540 1003 1541 987 1541 1004 1541 1004 1542 987 1542 997 1542 997 1543 1005 1543 1004 1543 1005 1544 1006 1544 1004 1544 1004 1545 1006 1545 1002 1545 1006 1546 1007 1546 1002 1546 1002 1547 1007 1547 1000 1547 1007 1548 1008 1548 1000 1548 1000 1549 1008 1549 998 1549 1009 1550 1010 1550 1011 1550 1010 1551 1012 1551 1011 1551 1011 1552 1012 1552 1013 1552 1012 1553 1014 1553 1013 1553 1013 1554 1014 1554 1015 1554 1014 1555 998 1555 1015 1555 1015 1556 998 1556 1008 1556 1008 1557 1016 1557 1015 1557 1016 1558 1017 1558 1015 1558 1015 1559 1017 1559 1013 1559 1017 1560 1018 1560 1013 1560 1013 1561 1018 1561 1011 1561 1018 1562 1019 1562 1011 1562 1011 1563 1019 1563 1009 1563 1020 1564 1021 1564 1022 1564 1021 1565 1023 1565 1022 1565 1022 1566 1023 1566 1024 1566 1023 1567 1025 1567 1024 1567 1024 1568 1025 1568 1026 1568 1025 1569 1009 1569 1026 1569 1026 1570 1009 1570 1019 1570 1019 1571 1027 1571 1026 1571 1027 1572 1028 1572 1026 1572 1026 1573 1028 1573 1024 1573 1028 1574 1029 1574 1024 1574 1024 1575 1029 1575 1022 1575 1029 1576 1030 1576 1022 1576 1022 1577 1030 1577 1020 1577 1031 1578 1032 1578 1033 1578 1032 1579 1034 1579 1033 1579 1033 1580 1034 1580 1035 1580 1034 1581 1036 1581 1035 1581 1035 1582 1036 1582 1037 1582 1036 1583 1020 1583 1037 1583 1037 1584 1020 1584 1030 1584 1030 1585 1038 1585 1037 1585 1038 1586 1039 1586 1037 1586 1037 1587 1039 1587 1035 1587 1039 1588 1040 1588 1035 1588 1035 1589 1040 1589 1033 1589 1040 1590 1041 1590 1033 1590 1033 1591 1041 1591 1031 1591 1042 1592 1043 1592 1044 1592 1043 1593 1045 1593 1044 1593 1044 1594 1045 1594 1046 1594 1045 1595 1047 1595 1046 1595 1046 1596 1047 1596 1048 1596 1047 1597 1031 1597 1048 1597 1048 1598 1031 1598 1041 1598 1041 1599 1049 1599 1048 1599 1049 1600 1050 1600 1048 1600 1048 1601 1050 1601 1046 1601 1050 1602 1051 1602 1046 1602 1046 1603 1051 1603 1044 1603 1051 1604 1052 1604 1044 1604 1044 1605 1052 1605 1042 1605 1053 1606 1054 1606 1055 1606 1054 1607 1056 1607 1055 1607 1055 1608 1056 1608 1057 1608 1056 1609 1058 1609 1057 1609 1057 1610 1058 1610 1059 1610 1058 1611 1042 1611 1059 1611 1059 1612 1042 1612 1052 1612 1052 1613 1060 1613 1059 1613 1060 1614 1061 1614 1059 1614 1059 1615 1061 1615 1057 1615 1061 1616 1062 1616 1057 1616 1057 1617 1062 1617 1055 1617 1062 1618 1063 1618 1055 1618 1055 1619 1063 1619 1053 1619 1064 1620 1065 1620 1066 1620 1065 1621 1067 1621 1066 1621 1066 1622 1067 1622 1068 1622 1067 1623 1069 1623 1068 1623 1068 1624 1069 1624 1070 1624 1069 1625 1053 1625 1070 1625 1070 1626 1053 1626 1063 1626 1063 1627 1071 1627 1070 1627 1071 1628 1072 1628 1070 1628 1070 1629 1072 1629 1068 1629 1072 1630 1073 1630 1068 1630 1068 1631 1073 1631 1066 1631 1073 1632 1074 1632 1066 1632 1066 1633 1074 1633 1064 1633 1075 1634 1076 1634 1077 1634 1076 1635 1078 1635 1077 1635 1077 1636 1078 1636 1079 1636 1078 1637 1080 1637 1079 1637 1079 1638 1080 1638 1081 1638 1080 1639 1064 1639 1081 1639 1081 1640 1064 1640 1074 1640 1074 1641 1082 1641 1081 1641 1082 1642 1083 1642 1081 1642 1081 1643 1083 1643 1079 1643 1083 1644 1084 1644 1079 1644 1079 1645 1084 1645 1077 1645 1084 1646 1085 1646 1077 1646 1077 1647 1085 1647 1075 1647 860 1648 1086 1648 1087 1648 1086 1649 1088 1649 1087 1649 1087 1650 1088 1650 1089 1650 1088 1651 1090 1651 1089 1651 1089 1652 1090 1652 1091 1652 1090 1653 1075 1653 1091 1653 1091 1654 1075 1654 1085 1654 1085 1655 1092 1655 1091 1655 1092 1656 1093 1656 1091 1656 1091 1657 1093 1657 1089 1657 1093 1658 1094 1658 1089 1658 1089 1659 1094 1659 1087 1659 1094 1660 861 1660 1087 1660 1087 1661 861 1661 860 1661 860 1662 1095 1662 1096 1662 860 1663 1096 1663 1097 1663 860 1664 1097 1664 1098 1664 860 1665 1098 1665 1099 1665 1095 1666 860 1666 858 1666 1095 1667 858 1667 856 1667 1095 1668 856 1668 854 1668 1095 1669 854 1669 853 1669 1095 1670 853 1670 871 1670 1095 1671 871 1671 869 1671 1095 1672 869 1672 867 1672 1095 1673 867 1673 866 1673 1099 1674 1075 1674 1090 1674 1099 1675 1090 1675 1088 1675 1099 1676 1088 1676 1086 1676 1099 1677 1086 1677 860 1677 1075 1678 1099 1678 1100 1678 1075 1679 1100 1679 1101 1679 1075 1680 1101 1680 1102 1680 1075 1681 1102 1681 1103 1681 1103 1682 1064 1682 1080 1682 1103 1683 1080 1683 1078 1683 1103 1684 1078 1684 1076 1684 1103 1685 1076 1685 1075 1685 1103 1686 1053 1686 1069 1686 1103 1687 1069 1687 1067 1687 1103 1688 1067 1688 1065 1688 1103 1689 1065 1689 1064 1689 1053 1690 1103 1690 1104 1690 1053 1691 1104 1691 1105 1691 1053 1692 1105 1692 1106 1692 1053 1693 1106 1693 1107 1693 1107 1694 1042 1694 1058 1694 1107 1695 1058 1695 1056 1695 1107 1696 1056 1696 1054 1696 1107 1697 1054 1697 1053 1697 1042 1698 1107 1698 1108 1698 1042 1699 1108 1699 1109 1699 1042 1700 1109 1700 1110 1700 1042 1701 1110 1701 1111 1701 1111 1702 1031 1702 1047 1702 1111 1703 1047 1703 1045 1703 1111 1704 1045 1704 1043 1704 1111 1705 1043 1705 1042 1705 1031 1706 1111 1706 1112 1706 1031 1707 1112 1707 1113 1707 1031 1708 1113 1708 1114 1708 1031 1709 1114 1709 1115 1709 1115 1710 1020 1710 1036 1710 1115 1711 1036 1711 1034 1711 1115 1712 1034 1712 1032 1712 1115 1713 1032 1713 1031 1713 1020 1714 1115 1714 1116 1714 1020 1715 1116 1715 1117 1715 1020 1716 1117 1716 1118 1716 1020 1717 1118 1717 1119 1717 1020 1718 1119 1718 1120 1718 1120 1719 1119 1719 1121 1719 1120 1720 1121 1720 1122 1720 1120 1721 1122 1721 1123 1721 1120 1722 1123 1722 1124 1722 1124 1723 1125 1723 1126 1723 1124 1724 1126 1724 1127 1724 1124 1725 1127 1725 1128 1725 1124 1726 1128 1726 1120 1726 1125 1727 1124 1727 1129 1727 1125 1728 1129 1728 1130 1728 1125 1729 1130 1729 1131 1729 1125 1730 1131 1730 1132 1730 1125 1731 1132 1731 1133 1731 1125 1732 1133 1732 1134 1732 1125 1733 1134 1733 1135 1733 1125 1734 1135 1734 1136 1734 1136 1735 1137 1735 1138 1735 1136 1736 1138 1736 1139 1736 1136 1737 1139 1737 1140 1737 1136 1738 1140 1738 1125 1738 1137 1739 1136 1739 1141 1739 1137 1740 1141 1740 1142 1740 1137 1741 1142 1741 1143 1741 1137 1742 1143 1742 1144 1742 1137 1743 1144 1743 1145 1743 1137 1744 1145 1744 1146 1744 1137 1745 1146 1745 1147 1745 1137 1746 1147 1746 1148 1746 1148 1747 1149 1747 1150 1747 1148 1748 1150 1748 1151 1748 1148 1749 1151 1749 1152 1749 1148 1750 1152 1750 1137 1750 1149 1751 1148 1751 1153 1751 1149 1752 1153 1752 1154 1752 1149 1753 1154 1753 1155 1753 1149 1754 1155 1754 1156 1754 1156 1755 1157 1755 1158 1755 1156 1756 1158 1756 1159 1756 1156 1757 1159 1757 1160 1757 1156 1758 1160 1758 1149 1758 1157 1759 1156 1759 1161 1759 1157 1760 1161 1760 1162 1760 1157 1761 1162 1761 1163 1761 1157 1762 1163 1762 1164 1762 1157 1763 1164 1763 1165 1763 1157 1764 1165 1764 1166 1764 1157 1765 1166 1765 1167 1765 1157 1766 1167 1766 1168 1766 1168 1767 1169 1767 1170 1767 1168 1768 1170 1768 1171 1768 1168 1769 1171 1769 1172 1769 1168 1770 1172 1770 1157 1770 1169 1771 1168 1771 1173 1771 1169 1772 1173 1772 1174 1772 1169 1773 1174 1773 1175 1773 1169 1774 1175 1774 1176 1774 1169 1775 1176 1775 1177 1775 1169 1776 1177 1776 1178 1776 1169 1777 1178 1777 1179 1777 1169 1778 1179 1778 1180 1778 1180 1779 1181 1779 1182 1779 1180 1780 1182 1780 1183 1780 1180 1781 1183 1781 1184 1781 1180 1782 1184 1782 1169 1782 1181 1783 1180 1783 1185 1783 1181 1784 1185 1784 1186 1784 1181 1785 1186 1785 1187 1785 1181 1786 1187 1786 1188 1786 1188 1787 1189 1787 1190 1787 1188 1788 1190 1788 1191 1788 1188 1789 1191 1789 1192 1789 1188 1790 1192 1790 1181 1790 1189 1791 1188 1791 1193 1791 1189 1792 1193 1792 1194 1792 1189 1793 1194 1793 1195 1793 1189 1794 1195 1794 1196 1794 1189 1795 1196 1795 1197 1795 1189 1796 1197 1796 1198 1796 1189 1797 1198 1797 1199 1797 1189 1798 1199 1798 1200 1798 1200 1799 1201 1799 1202 1799 1200 1800 1202 1800 1203 1800 1200 1801 1203 1801 1204 1801 1200 1802 1204 1802 1189 1802 1201 1803 1200 1803 1205 1803 1201 1804 1205 1804 1206 1804 1201 1805 1206 1805 1207 1805 1201 1806 1207 1806 1208 1806 1208 1807 1209 1807 1210 1807 1208 1808 1210 1808 1211 1808 1208 1809 1211 1809 1212 1809 1208 1810 1212 1810 1201 1810 1209 1811 1208 1811 1213 1811 1209 1812 1213 1812 1214 1812 1209 1813 1214 1813 1215 1813 1209 1814 1215 1814 1216 1814 1209 1815 1216 1815 1217 1815 1209 1816 1217 1816 1218 1816 1209 1817 1218 1817 1219 1817 1209 1818 1219 1818 1220 1818 1220 1819 1221 1819 1222 1819 1220 1820 1222 1820 1223 1820 1220 1821 1223 1821 1224 1821 1220 1822 1224 1822 1209 1822 1221 1823 1220 1823 1225 1823 1221 1824 1225 1824 1226 1824 1221 1825 1226 1825 1227 1825 1221 1826 1227 1826 1228 1826 1221 1827 1228 1827 811 1827 811 1828 1228 1828 1229 1828 811 1829 1229 1829 1230 1829 811 1830 1230 1830 1231 1830 811 1831 1231 1831 1232 1831 1232 1832 800 1832 816 1832 1232 1833 816 1833 814 1833 1232 1834 814 1834 812 1834 1232 1835 812 1835 811 1835 800 1836 1232 1836 1233 1836 800 1837 1233 1837 1234 1837 800 1838 1234 1838 1235 1838 800 1839 1235 1839 1236 1839 1236 1840 789 1840 805 1840 1236 1841 805 1841 803 1841 1236 1842 803 1842 801 1842 1236 1843 801 1843 800 1843 789 1844 1236 1844 1237 1844 789 1845 1237 1845 1238 1845 789 1846 1238 1846 1239 1846 789 1847 1239 1847 1240 1847 1240 1848 778 1848 794 1848 1240 1849 794 1849 792 1849 1240 1850 792 1850 790 1850 1240 1851 790 1851 789 1851 778 1852 1240 1852 1241 1852 778 1853 1241 1853 1242 1853 778 1854 1242 1854 1243 1854 778 1855 1243 1855 1244 1855 1244 1856 767 1856 783 1856 1244 1857 783 1857 781 1857 1244 1858 781 1858 779 1858 1244 1859 779 1859 778 1859 767 1860 1244 1860 1245 1860 767 1861 1245 1861 1246 1861 767 1862 1246 1862 1247 1862 767 1863 1247 1863 1248 1863 1248 1864 756 1864 772 1864 1248 1865 772 1865 770 1865 1248 1866 770 1866 768 1866 1248 1867 768 1867 767 1867 756 1868 1248 1868 1249 1868 756 1869 1249 1869 1250 1869 756 1870 1250 1870 1251 1870 756 1871 1251 1871 1252 1871 1252 1872 745 1872 761 1872 1252 1873 761 1873 759 1873 1252 1874 759 1874 757 1874 1252 1875 757 1875 756 1875 1252 1876 734 1876 750 1876 1252 1877 750 1877 748 1877 1252 1878 748 1878 746 1878 1252 1879 746 1879 745 1879 734 1880 1252 1880 1253 1880 734 1881 1253 1881 1254 1881 734 1882 1254 1882 1255 1882 734 1883 1255 1883 1256 1883 1256 1884 723 1884 739 1884 1256 1885 739 1885 737 1885 1256 1886 737 1886 735 1886 1256 1887 735 1887 734 1887 1256 1888 712 1888 728 1888 1256 1889 728 1889 726 1889 1256 1890 726 1890 724 1890 1256 1891 724 1891 723 1891 712 1892 1256 1892 1257 1892 712 1893 1257 1893 1258 1893 712 1894 1258 1894 1259 1894 712 1895 1259 1895 1260 1895 1260 1896 701 1896 717 1896 1260 1897 717 1897 715 1897 1260 1898 715 1898 713 1898 1260 1899 713 1899 712 1899 701 1900 1260 1900 1261 1900 701 1901 1261 1901 1262 1901 701 1902 1262 1902 1263 1902 701 1903 1263 1903 1264 1903 1264 1904 690 1904 706 1904 1264 1905 706 1905 704 1905 1264 1906 704 1906 702 1906 1264 1907 702 1907 701 1907 690 1908 1264 1908 1265 1908 690 1909 1265 1909 1266 1909 690 1910 1266 1910 1267 1910 690 1911 1267 1911 1268 1911 1268 1912 679 1912 695 1912 1268 1913 695 1913 693 1913 1268 1914 693 1914 691 1914 1268 1915 691 1915 690 1915 679 1916 1268 1916 1269 1916 679 1917 1269 1917 1270 1917 679 1918 1270 1918 1271 1918 679 1919 1271 1919 1272 1919 1272 1920 668 1920 684 1920 1272 1921 684 1921 682 1921 1272 1922 682 1922 680 1922 1272 1923 680 1923 679 1923 668 1924 1272 1924 1273 1924 668 1925 1273 1925 1274 1925 668 1926 1274 1926 1275 1926 668 1927 1275 1927 1276 1927 1276 1928 657 1928 673 1928 1276 1929 673 1929 671 1929 1276 1930 671 1930 669 1930 1276 1931 669 1931 668 1931 657 1932 1276 1932 1277 1932 657 1933 1277 1933 1278 1933 657 1934 1278 1934 1279 1934 657 1935 1279 1935 1280 1935 657 1936 1280 1936 1281 1936 1281 1937 1280 1937 1282 1937 1281 1938 1282 1938 1283 1938 1281 1939 1283 1939 1284 1939 1281 1940 1284 1940 1285 1940 1285 1941 1286 1941 1287 1941 1285 1942 1287 1942 1288 1942 1285 1943 1288 1943 1289 1943 1285 1944 1289 1944 1281 1944 1286 1945 1285 1945 1290 1945 1286 1946 1290 1946 1291 1946 1286 1947 1291 1947 1292 1947 1286 1948 1292 1948 1293 1948 1286 1949 1293 1949 1294 1949 1286 1950 1294 1950 1295 1950 1286 1951 1295 1951 1296 1951 1286 1952 1296 1952 1297 1952 1297 1953 1298 1953 1299 1953 1297 1954 1299 1954 1300 1954 1297 1955 1300 1955 1301 1955 1297 1956 1301 1956 1286 1956 1298 1957 1297 1957 1302 1957 1298 1958 1302 1958 1303 1958 1298 1959 1303 1959 1304 1959 1298 1960 1304 1960 1305 1960 1305 1961 1306 1961 1307 1961 1305 1962 1307 1962 1308 1962 1305 1963 1308 1963 1309 1963 1305 1964 1309 1964 1298 1964 1306 1965 1305 1965 1310 1965 1306 1966 1310 1966 1311 1966 1306 1967 1311 1967 1312 1967 1306 1968 1312 1968 1313 1968 1306 1969 1313 1969 1314 1969 1306 1970 1314 1970 1315 1970 1306 1971 1315 1971 1316 1971 1306 1972 1316 1972 1317 1972 1317 1973 1318 1973 1319 1973 1317 1974 1319 1974 1320 1974 1317 1975 1320 1975 1321 1975 1317 1976 1321 1976 1306 1976 1318 1977 1317 1977 1322 1977 1318 1978 1322 1978 1323 1978 1318 1979 1323 1979 1324 1979 1318 1980 1324 1980 1325 1980 1325 1981 1326 1981 1327 1981 1325 1982 1327 1982 1328 1982 1325 1983 1328 1983 1329 1983 1325 1984 1329 1984 1318 1984 1326 1985 1325 1985 1330 1985 1326 1986 1330 1986 1331 1986 1326 1987 1331 1987 1332 1987 1326 1988 1332 1988 1333 1988 1326 1989 1333 1989 1334 1989 1326 1990 1334 1990 1335 1990 1326 1991 1335 1991 1336 1991 1326 1992 1336 1992 1337 1992 1337 1993 1338 1993 1339 1993 1337 1994 1339 1994 1340 1994 1337 1995 1340 1995 1341 1995 1337 1996 1341 1996 1326 1996 1338 1997 1337 1997 1342 1997 1338 1998 1342 1998 1343 1998 1338 1999 1343 1999 1344 1999 1338 2000 1344 2000 1345 2000 1338 2001 1345 2001 1346 2001 1338 2002 1346 2002 1347 2002 1338 2003 1347 2003 1348 2003 1338 2004 1348 2004 1349 2004 1349 2005 1350 2005 1351 2005 1349 2006 1351 2006 1352 2006 1349 2007 1352 2007 1353 2007 1349 2008 1353 2008 1338 2008 1350 2009 1349 2009 1354 2009 1350 2010 1354 2010 1355 2010 1350 2011 1355 2011 1356 2011 1350 2012 1356 2012 1357 2012 1357 2013 1358 2013 1359 2013 1357 2014 1359 2014 1360 2014 1357 2015 1360 2015 1361 2015 1357 2016 1361 2016 1350 2016 1358 2017 1357 2017 1362 2017 1358 2018 1362 2018 1363 2018 1358 2019 1363 2019 1364 2019 1358 2020 1364 2020 1365 2020 1358 2021 1365 2021 1366 2021 1358 2022 1366 2022 1367 2022 1358 2023 1367 2023 1368 2023 1358 2024 1368 2024 1369 2024 1369 2025 1370 2025 1371 2025 1369 2026 1371 2026 1372 2026 1369 2027 1372 2027 1373 2027 1369 2028 1373 2028 1358 2028 1370 2029 1369 2029 1374 2029 1370 2030 1374 2030 1375 2030 1370 2031 1375 2031 1376 2031 1370 2032 1376 2032 1377 2032 1370 2033 1377 2033 1378 2033 1370 2034 1378 2034 1379 2034 1370 2035 1379 2035 1380 2035 1370 2036 1380 2036 1381 2036 1381 2037 1382 2037 1383 2037 1381 2038 1383 2038 1384 2038 1381 2039 1384 2039 1385 2039 1381 2040 1385 2040 1370 2040 1382 2041 1381 2041 1386 2041 1382 2042 1386 2042 1387 2042 1382 2043 1387 2043 1388 2043 1382 2044 1388 2044 1389 2044 1382 2045 1389 2045 932 2045 932 2046 1389 2046 1390 2046 932 2047 1390 2047 1391 2047 932 2048 1391 2048 1392 2048 932 2049 1392 2049 1393 2049 1393 2050 921 2050 937 2050 1393 2051 937 2051 935 2051 1393 2052 935 2052 933 2052 1393 2053 933 2053 932 2053 921 2054 1393 2054 1394 2054 921 2055 1394 2055 1395 2055 921 2056 1395 2056 1396 2056 921 2057 1396 2057 1397 2057 1397 2058 910 2058 926 2058 1397 2059 926 2059 924 2059 1397 2060 924 2060 922 2060 1397 2061 922 2061 921 2061 910 2062 1397 2062 1398 2062 910 2063 1398 2063 1399 2063 910 2064 1399 2064 1400 2064 910 2065 1400 2065 1401 2065 1401 2066 899 2066 915 2066 1401 2067 915 2067 913 2067 1401 2068 913 2068 911 2068 1401 2069 911 2069 910 2069 899 2070 1401 2070 1402 2070 899 2071 1402 2071 1403 2071 899 2072 1403 2072 1404 2072 899 2073 1404 2073 1405 2073 1405 2074 888 2074 904 2074 1405 2075 904 2075 902 2075 1405 2076 902 2076 900 2076 1405 2077 900 2077 899 2077 1405 2078 877 2078 893 2078 1405 2079 893 2079 891 2079 1405 2080 891 2080 889 2080 1405 2081 889 2081 888 2081 877 2082 1405 2082 1406 2082 877 2083 1406 2083 1407 2083 877 2084 1407 2084 1408 2084 877 2085 1408 2085 1409 2085 1409 2086 866 2086 882 2086 1409 2087 882 2087 880 2087 1409 2088 880 2088 878 2088 1409 2089 878 2089 877 2089 866 2090 1409 2090 1410 2090 866 2091 1410 2091 1411 2091 866 2092 1411 2092 1412 2092 866 2093 1412 2093 1095 2093 932 2094 1413 2094 1414 2094 932 2095 1414 2095 1415 2095 932 2096 1415 2096 1416 2096 932 2097 1416 2097 1382 2097 1413 2098 932 2098 948 2098 1413 2099 948 2099 946 2099 1413 2100 946 2100 944 2100 1413 2101 944 2101 943 2101 943 2102 1417 2102 1418 2102 943 2103 1418 2103 1419 2103 943 2104 1419 2104 1420 2104 943 2105 1420 2105 1413 2105 1417 2106 943 2106 959 2106 1417 2107 959 2107 957 2107 1417 2108 957 2108 955 2108 1417 2109 955 2109 954 2109 954 2110 1421 2110 1422 2110 954 2111 1422 2111 1423 2111 954 2112 1423 2112 1424 2112 954 2113 1424 2113 1417 2113 1421 2114 954 2114 970 2114 1421 2115 970 2115 968 2115 1421 2116 968 2116 966 2116 1421 2117 966 2117 965 2117 965 2118 1425 2118 1426 2118 965 2119 1426 2119 1427 2119 965 2120 1427 2120 1428 2120 965 2121 1428 2121 1421 2121 1425 2122 965 2122 981 2122 1425 2123 981 2123 979 2123 1425 2124 979 2124 977 2124 1425 2125 977 2125 976 2125 1425 2126 976 2126 992 2126 1425 2127 992 2127 990 2127 1425 2128 990 2128 988 2128 1425 2129 988 2129 987 2129 987 2130 1429 2130 1430 2130 987 2131 1430 2131 1431 2131 987 2132 1431 2132 1432 2132 987 2133 1432 2133 1425 2133 1429 2134 987 2134 1003 2134 1429 2135 1003 2135 1001 2135 1429 2136 1001 2136 999 2136 1429 2137 999 2137 998 2137 998 2138 1433 2138 1434 2138 998 2139 1434 2139 1435 2139 998 2140 1435 2140 1436 2140 998 2141 1436 2141 1429 2141 1433 2142 998 2142 1014 2142 1433 2143 1014 2143 1012 2143 1433 2144 1012 2144 1010 2144 1433 2145 1010 2145 1009 2145 1009 2146 1437 2146 1438 2146 1009 2147 1438 2147 1439 2147 1009 2148 1439 2148 1440 2148 1009 2149 1440 2149 1433 2149 1437 2150 1009 2150 1025 2150 1437 2151 1025 2151 1023 2151 1437 2152 1023 2152 1021 2152 1437 2153 1021 2153 1020 2153 1020 2154 1120 2154 1441 2154 1020 2155 1441 2155 1442 2155 1020 2156 1442 2156 1443 2156 1020 2157 1443 2157 1437 2157 1444 2158 618 2158 616 2158 1444 2159 616 2159 614 2159 1444 2160 614 2160 612 2160 1444 2161 612 2161 611 2161 1444 2162 611 2162 629 2162 1444 2163 629 2163 627 2163 1444 2164 627 2164 625 2164 1444 2165 625 2165 624 2165 624 2166 1445 2166 1446 2166 624 2167 1446 2167 1447 2167 624 2168 1447 2168 1448 2168 624 2169 1448 2169 1444 2169 1445 2170 624 2170 640 2170 1445 2171 640 2171 638 2171 1445 2172 638 2172 636 2172 1445 2173 636 2173 635 2173 635 2174 1449 2174 1450 2174 635 2175 1450 2175 1451 2175 635 2176 1451 2176 1452 2176 635 2177 1452 2177 1445 2177 1449 2178 635 2178 651 2178 1449 2179 651 2179 649 2179 1449 2180 649 2180 647 2180 1449 2181 647 2181 646 2181 646 2182 1453 2182 1454 2182 646 2183 1454 2183 1455 2183 646 2184 1455 2184 1456 2184 646 2185 1456 2185 1449 2185 1453 2186 646 2186 662 2186 1453 2187 662 2187 660 2187 1453 2188 660 2188 658 2188 1453 2189 658 2189 657 2189 657 2190 1281 2190 1457 2190 657 2191 1457 2191 1458 2191 657 2192 1458 2192 1459 2192 657 2193 1459 2193 1453 2193 811 2194 1460 2194 1461 2194 811 2195 1461 2195 1462 2195 811 2196 1462 2196 1463 2196 811 2197 1463 2197 1221 2197 1460 2198 811 2198 827 2198 1460 2199 827 2199 825 2199 1460 2200 825 2200 823 2200 1460 2201 823 2201 822 2201 822 2202 1464 2202 1465 2202 822 2203 1465 2203 1466 2203 822 2204 1466 2204 1467 2204 822 2205 1467 2205 1460 2205 1464 2206 822 2206 838 2206 1464 2207 838 2207 836 2207 1464 2208 836 2208 834 2208 1464 2209 834 2209 833 2209 833 2210 1468 2210 1469 2210 833 2211 1469 2211 1470 2211 833 2212 1470 2212 1471 2212 833 2213 1471 2213 1464 2213 1468 2214 833 2214 848 2214 1468 2215 848 2215 846 2215 1468 2216 846 2216 844 2216 1468 2217 844 2217 618 2217 618 2218 1444 2218 1472 2218 618 2219 1472 2219 1473 2219 618 2220 1473 2220 1474 2220 618 2221 1474 2221 1468 2221 564 2222 1475 2222 1476 2222 1475 2223 1477 2223 1476 2223 1476 2224 1477 2224 1478 2224 1477 2225 1479 2225 1478 2225 1478 2226 1479 2226 1480 2226 1479 2227 1481 2227 1480 2227 1480 2228 1481 2228 1482 2228 1482 2229 1483 2229 1480 2229 1483 2230 1484 2230 1480 2230 1480 2231 1484 2231 1478 2231 1484 2232 1485 2232 1478 2232 1478 2233 1485 2233 1476 2233 1485 2234 1486 2234 1476 2234 1476 2235 1486 2235 564 2235 1487 2236 1488 2236 1489 2236 1488 2237 1490 2237 1489 2237 1489 2238 1490 2238 1491 2238 1490 2239 1492 2239 1491 2239 1491 2240 1492 2240 1493 2240 1492 2241 564 2241 1493 2241 1493 2242 564 2242 1486 2242 1486 2243 1494 2243 1493 2243 1494 2244 1495 2244 1493 2244 1493 2245 1495 2245 1491 2245 1495 2246 1496 2246 1491 2246 1491 2247 1496 2247 1489 2247 1496 2248 1497 2248 1489 2248 1489 2249 1497 2249 1487 2249 1498 2250 1499 2250 1500 2250 1499 2251 1501 2251 1500 2251 1500 2252 1501 2252 1502 2252 1501 2253 1503 2253 1502 2253 1502 2254 1503 2254 1504 2254 1503 2255 1487 2255 1504 2255 1504 2256 1487 2256 1497 2256 1505 2257 1506 2257 1507 2257 1506 2258 1508 2258 1507 2258 1507 2259 1508 2259 1509 2259 1508 2260 1510 2260 1509 2260 1509 2261 1510 2261 1511 2261 1510 2262 1482 2262 1511 2262 1511 2263 1482 2263 1481 2263 1482 2264 1510 2264 1512 2264 1510 2265 1508 2265 1512 2265 1512 2266 1508 2266 1513 2266 1508 2267 1506 2267 1513 2267 1513 2268 1506 2268 1514 2268 1506 2269 1505 2269 1514 2269 1514 2270 1505 2270 1515 2270 1516 2271 1517 2271 1518 2271 1517 2272 1519 2272 1518 2272 1518 2273 1519 2273 1520 2273 1519 2274 1521 2274 1520 2274 1520 2275 1521 2275 1522 2275 1521 2276 1515 2276 1522 2276 1522 2277 1515 2277 1505 2277 1515 2278 1521 2278 1523 2278 1521 2279 1519 2279 1523 2279 1523 2280 1519 2280 1524 2280 1519 2281 1517 2281 1524 2281 1524 2282 1517 2282 1525 2282 1517 2283 1516 2283 1525 2283 1525 2284 1516 2284 1526 2284 1527 2285 1528 2285 1529 2285 1528 2286 1530 2286 1529 2286 1529 2287 1530 2287 1531 2287 1530 2288 1532 2288 1531 2288 1531 2289 1532 2289 1533 2289 1532 2290 1526 2290 1533 2290 1533 2291 1526 2291 1516 2291 1526 2292 1532 2292 1534 2292 1532 2293 1530 2293 1534 2293 1534 2294 1530 2294 1535 2294 1530 2295 1528 2295 1535 2295 1535 2296 1528 2296 1536 2296 1528 2297 1527 2297 1536 2297 1536 2298 1527 2298 1537 2298 1538 2299 1539 2299 1540 2299 1539 2300 1541 2300 1540 2300 1540 2301 1541 2301 1542 2301 1541 2302 1543 2302 1542 2302 1542 2303 1543 2303 1544 2303 1543 2304 1537 2304 1544 2304 1544 2305 1537 2305 1527 2305 1537 2306 1543 2306 1545 2306 1543 2307 1541 2307 1545 2307 1545 2308 1541 2308 1546 2308 1541 2309 1539 2309 1546 2309 1546 2310 1539 2310 1547 2310 1539 2311 1538 2311 1547 2311 1547 2312 1538 2312 1548 2312 510 2313 1549 2313 1550 2313 1549 2314 1551 2314 1550 2314 1550 2315 1551 2315 1552 2315 1551 2316 1553 2316 1552 2316 1552 2317 1553 2317 1554 2317 1553 2318 1548 2318 1554 2318 1554 2319 1548 2319 1538 2319 1548 2320 1553 2320 1555 2320 1553 2321 1551 2321 1555 2321 1555 2322 1551 2322 1556 2322 1551 2323 1549 2323 1556 2323 1556 2324 1549 2324 1557 2324 1549 2325 510 2325 1557 2325 1557 2326 510 2326 1558 2326 1559 2327 1560 2327 1561 2327 1560 2328 1562 2328 1561 2328 1561 2329 1562 2329 1563 2329 1562 2330 1564 2330 1563 2330 1563 2331 1564 2331 1565 2331 1564 2332 1558 2332 1565 2332 1565 2333 1558 2333 510 2333 1558 2334 1564 2334 1566 2334 1564 2335 1562 2335 1566 2335 1566 2336 1562 2336 1567 2336 1562 2337 1560 2337 1567 2337 1567 2338 1560 2338 1568 2338 1560 2339 1559 2339 1568 2339 1568 2340 1559 2340 1569 2340 1570 2341 1571 2341 1572 2341 1571 2342 1573 2342 1572 2342 1572 2343 1573 2343 1574 2343 1573 2344 1575 2344 1574 2344 1574 2345 1575 2345 1576 2345 1575 2346 1569 2346 1576 2346 1576 2347 1569 2347 1559 2347 1569 2348 1575 2348 1577 2348 1575 2349 1573 2349 1577 2349 1577 2350 1573 2350 1578 2350 1573 2351 1571 2351 1578 2351 1578 2352 1571 2352 1579 2352 1571 2353 1570 2353 1579 2353 1579 2354 1570 2354 1580 2354 1581 2355 1582 2355 1583 2355 1582 2356 1584 2356 1583 2356 1583 2357 1584 2357 1585 2357 1584 2358 1586 2358 1585 2358 1585 2359 1586 2359 1587 2359 1586 2360 1580 2360 1587 2360 1587 2361 1580 2361 1570 2361 1580 2362 1586 2362 1588 2362 1586 2363 1584 2363 1588 2363 1588 2364 1584 2364 1589 2364 1584 2365 1582 2365 1589 2365 1589 2366 1582 2366 1590 2366 1582 2367 1581 2367 1590 2367 1590 2368 1581 2368 1591 2368 1592 2369 1593 2369 1594 2369 1593 2370 1595 2370 1594 2370 1594 2371 1595 2371 1596 2371 1595 2372 1597 2372 1596 2372 1596 2373 1597 2373 1598 2373 1597 2374 1591 2374 1598 2374 1598 2375 1591 2375 1581 2375 1591 2376 1597 2376 1599 2376 1597 2377 1595 2377 1599 2377 1599 2378 1595 2378 1600 2378 1595 2379 1593 2379 1600 2379 1600 2380 1593 2380 1601 2380 1593 2381 1592 2381 1601 2381 1601 2382 1592 2382 1602 2382 1603 2383 1604 2383 1605 2383 1604 2384 1606 2384 1605 2384 1605 2385 1606 2385 1607 2385 1606 2386 1608 2386 1607 2386 1607 2387 1608 2387 1609 2387 1608 2388 1602 2388 1609 2388 1609 2389 1602 2389 1592 2389 1602 2390 1608 2390 1610 2390 1608 2391 1606 2391 1610 2391 1610 2392 1606 2392 1611 2392 1606 2393 1604 2393 1611 2393 1611 2394 1604 2394 1612 2394 1604 2395 1603 2395 1612 2395 1612 2396 1603 2396 1613 2396 1614 2397 1615 2397 1616 2397 1615 2398 1617 2398 1616 2398 1616 2399 1617 2399 1618 2399 1617 2400 1619 2400 1618 2400 1618 2401 1619 2401 1620 2401 1619 2402 1613 2402 1620 2402 1620 2403 1613 2403 1603 2403 1603 2404 1621 2404 1620 2404 1621 2405 1622 2405 1620 2405 1620 2406 1622 2406 1618 2406 1622 2407 1623 2407 1618 2407 1618 2408 1623 2408 1616 2408 1623 2409 456 2409 1616 2409 1616 2410 456 2410 1614 2410 1624 2411 1625 2411 1626 2411 1625 2412 1627 2412 1626 2412 1626 2413 1627 2413 1628 2413 1627 2414 1629 2414 1628 2414 1628 2415 1629 2415 1630 2415 1629 2416 1614 2416 1630 2416 1630 2417 1614 2417 456 2417 456 2418 1631 2418 1630 2418 1631 2419 1632 2419 1630 2419 1630 2420 1632 2420 1628 2420 1632 2421 1633 2421 1628 2421 1628 2422 1633 2422 1626 2422 1633 2423 1634 2423 1626 2423 1626 2424 1634 2424 1624 2424 1635 2425 1636 2425 1637 2425 1636 2426 1638 2426 1637 2426 1637 2427 1638 2427 1639 2427 1638 2428 1640 2428 1639 2428 1639 2429 1640 2429 1641 2429 1640 2430 1624 2430 1641 2430 1641 2431 1624 2431 1634 2431 1624 2432 1640 2432 1642 2432 1640 2433 1638 2433 1642 2433 1642 2434 1638 2434 1643 2434 1638 2435 1636 2435 1643 2435 1643 2436 1636 2436 1644 2436 1636 2437 1635 2437 1644 2437 1644 2438 1635 2438 1645 2438 1646 2439 1647 2439 1648 2439 1647 2440 1649 2440 1648 2440 1648 2441 1649 2441 1650 2441 1649 2442 1651 2442 1650 2442 1650 2443 1651 2443 1652 2443 1651 2444 1645 2444 1652 2444 1652 2445 1645 2445 1635 2445 1645 2446 1651 2446 1653 2446 1651 2447 1649 2447 1653 2447 1653 2448 1649 2448 1654 2448 1649 2449 1647 2449 1654 2449 1654 2450 1647 2450 1655 2450 1647 2451 1646 2451 1655 2451 1655 2452 1646 2452 1656 2452 1657 2453 1658 2453 1659 2453 1658 2454 1660 2454 1659 2454 1659 2455 1660 2455 1661 2455 1660 2456 1662 2456 1661 2456 1661 2457 1662 2457 1663 2457 1662 2458 1656 2458 1663 2458 1663 2459 1656 2459 1646 2459 1656 2460 1662 2460 1664 2460 1662 2461 1660 2461 1664 2461 1664 2462 1660 2462 1665 2462 1660 2463 1658 2463 1665 2463 1665 2464 1658 2464 1666 2464 1658 2465 1657 2465 1666 2465 1666 2466 1657 2466 1667 2466 1668 2467 1669 2467 1670 2467 1669 2468 1671 2468 1670 2468 1670 2469 1671 2469 1672 2469 1671 2470 1673 2470 1672 2470 1672 2471 1673 2471 1674 2471 1673 2472 1667 2472 1674 2472 1674 2473 1667 2473 1657 2473 1667 2474 1673 2474 1675 2474 1673 2475 1671 2475 1675 2475 1675 2476 1671 2476 1676 2476 1671 2477 1669 2477 1676 2477 1676 2478 1669 2478 1677 2478 1669 2479 1668 2479 1677 2479 1677 2480 1668 2480 1678 2480 406 2481 1679 2481 1680 2481 1679 2482 1681 2482 1680 2482 1680 2483 1681 2483 1682 2483 1681 2484 1683 2484 1682 2484 1682 2485 1683 2485 1684 2485 1683 2486 1678 2486 1684 2486 1684 2487 1678 2487 1668 2487 1678 2488 1683 2488 1685 2488 1683 2489 1681 2489 1685 2489 1685 2490 1681 2490 1686 2490 1681 2491 1679 2491 1686 2491 1686 2492 1679 2492 1687 2492 1679 2493 406 2493 1687 2493 1687 2494 406 2494 1688 2494 1689 2495 1690 2495 1691 2495 1690 2496 1692 2496 1691 2496 1691 2497 1692 2497 1693 2497 1692 2498 1694 2498 1693 2498 1693 2499 1694 2499 1695 2499 1694 2500 1688 2500 1695 2500 1695 2501 1688 2501 406 2501 1688 2502 1694 2502 1696 2502 1694 2503 1692 2503 1696 2503 1696 2504 1692 2504 1697 2504 1692 2505 1690 2505 1697 2505 1697 2506 1690 2506 1698 2506 1690 2507 1689 2507 1698 2507 1698 2508 1689 2508 1699 2508 1700 2509 1701 2509 1702 2509 1701 2510 1703 2510 1702 2510 1702 2511 1703 2511 1704 2511 1703 2512 1705 2512 1704 2512 1704 2513 1705 2513 1706 2513 1705 2514 1699 2514 1706 2514 1706 2515 1699 2515 1689 2515 1699 2516 1705 2516 1707 2516 1705 2517 1703 2517 1707 2517 1707 2518 1703 2518 1708 2518 1703 2519 1701 2519 1708 2519 1708 2520 1701 2520 1709 2520 1701 2521 1700 2521 1709 2521 1709 2522 1700 2522 1710 2522 1711 2523 1712 2523 1713 2523 1712 2524 1714 2524 1713 2524 1713 2525 1714 2525 1715 2525 1714 2526 1716 2526 1715 2526 1715 2527 1716 2527 1717 2527 1716 2528 1710 2528 1717 2528 1717 2529 1710 2529 1700 2529 1710 2530 1716 2530 1718 2530 1716 2531 1714 2531 1718 2531 1718 2532 1714 2532 1719 2532 1714 2533 1712 2533 1719 2533 1719 2534 1712 2534 1720 2534 1712 2535 1711 2535 1720 2535 1720 2536 1711 2536 1721 2536 1722 2537 1723 2537 1724 2537 1723 2538 1725 2538 1724 2538 1724 2539 1725 2539 1726 2539 1725 2540 1727 2540 1726 2540 1726 2541 1727 2541 1728 2541 1727 2542 1721 2542 1728 2542 1728 2543 1721 2543 1711 2543 1721 2544 1727 2544 1729 2544 1727 2545 1725 2545 1729 2545 1729 2546 1725 2546 1730 2546 1725 2547 1723 2547 1730 2547 1730 2548 1723 2548 1731 2548 1723 2549 1722 2549 1731 2549 1731 2550 1722 2550 1498 2550 1487 2551 1503 2551 1732 2551 1503 2552 1501 2552 1732 2552 1732 2553 1501 2553 1733 2553 1501 2554 1499 2554 1733 2554 1733 2555 1499 2555 1734 2555 1499 2556 1498 2556 1734 2556 1734 2557 1498 2557 1722 2557 1735 2558 1736 2558 1737 2558 1735 2559 1737 2559 1738 2559 1735 2560 1738 2560 1739 2560 1735 2561 1739 2561 1740 2561 1736 2562 1735 2562 1741 2562 1736 2563 1741 2563 1742 2563 1736 2564 1742 2564 1743 2564 1736 2565 1743 2565 1744 2565 1736 2566 1744 2566 1745 2566 1736 2567 1745 2567 1746 2567 1736 2568 1746 2568 1747 2568 1736 2569 1747 2569 1748 2569 1740 2570 1749 2570 1750 2570 1740 2571 1750 2571 1751 2571 1740 2572 1751 2572 1752 2572 1740 2573 1752 2573 1735 2573 1749 2574 1740 2574 1753 2574 1749 2575 1753 2575 1754 2575 1749 2576 1754 2576 1755 2576 1749 2577 1755 2577 1756 2577 1756 2578 1757 2578 1758 2578 1756 2579 1758 2579 1759 2579 1756 2580 1759 2580 1760 2580 1756 2581 1760 2581 1749 2581 1757 2582 1756 2582 1761 2582 1757 2583 1761 2583 1762 2583 1757 2584 1762 2584 1763 2584 1757 2585 1763 2585 1764 2585 1764 2586 1765 2586 1766 2586 1764 2587 1766 2587 1767 2587 1764 2588 1767 2588 1768 2588 1764 2589 1768 2589 1757 2589 1765 2590 1764 2590 1769 2590 1765 2591 1769 2591 1770 2591 1765 2592 1770 2592 1771 2592 1765 2593 1771 2593 1772 2593 1772 2594 1773 2594 1774 2594 1772 2595 1774 2595 1775 2595 1772 2596 1775 2596 1776 2596 1772 2597 1776 2597 1765 2597 1773 2598 1772 2598 1777 2598 1773 2599 1777 2599 1778 2599 1773 2600 1778 2600 1779 2600 1773 2601 1779 2601 1780 2601 1780 2602 1781 2602 1782 2602 1780 2603 1782 2603 1783 2603 1780 2604 1783 2604 1784 2604 1780 2605 1784 2605 1773 2605 1781 2606 1780 2606 1785 2606 1781 2607 1785 2607 1786 2607 1781 2608 1786 2608 1787 2608 1781 2609 1787 2609 1788 2609 1788 2610 1789 2610 1790 2610 1788 2611 1790 2611 1791 2611 1788 2612 1791 2612 1792 2612 1788 2613 1792 2613 1781 2613 1788 2614 1793 2614 1794 2614 1788 2615 1794 2615 1795 2615 1788 2616 1795 2616 1796 2616 1788 2617 1796 2617 1789 2617 1793 2618 1788 2618 1797 2618 1793 2619 1797 2619 1798 2619 1793 2620 1798 2620 1799 2620 1793 2621 1799 2621 1800 2621 1800 2622 1801 2622 1802 2622 1800 2623 1802 2623 1803 2623 1800 2624 1803 2624 1804 2624 1800 2625 1804 2625 1793 2625 1801 2626 1800 2626 1805 2626 1801 2627 1805 2627 1806 2627 1801 2628 1806 2628 1807 2628 1801 2629 1807 2629 1808 2629 1808 2630 1809 2630 1810 2630 1808 2631 1810 2631 1811 2631 1808 2632 1811 2632 1812 2632 1808 2633 1812 2633 1801 2633 1809 2634 1808 2634 1813 2634 1809 2635 1813 2635 1814 2635 1809 2636 1814 2636 1815 2636 1809 2637 1815 2637 1816 2637 1816 2638 1817 2638 1818 2638 1816 2639 1818 2639 1819 2639 1816 2640 1819 2640 1820 2640 1816 2641 1820 2641 1809 2641 1817 2642 1816 2642 1821 2642 1817 2643 1821 2643 1822 2643 1817 2644 1822 2644 1823 2644 1817 2645 1823 2645 1824 2645 1824 2646 1825 2646 1826 2646 1824 2647 1826 2647 1827 2647 1824 2648 1827 2648 1828 2648 1824 2649 1828 2649 1817 2649 1825 2650 1824 2650 1829 2650 1825 2651 1829 2651 1830 2651 1825 2652 1830 2652 1831 2652 1825 2653 1831 2653 1832 2653 1832 2654 1833 2654 1834 2654 1832 2655 1834 2655 1835 2655 1832 2656 1835 2656 1836 2656 1832 2657 1836 2657 1825 2657 1833 2658 1832 2658 1837 2658 1833 2659 1837 2659 1838 2659 1833 2660 1838 2660 1839 2660 1833 2661 1839 2661 1840 2661 1840 2662 1841 2662 1842 2662 1840 2663 1842 2663 1843 2663 1840 2664 1843 2664 1844 2664 1840 2665 1844 2665 1833 2665 1840 2666 1845 2666 1846 2666 1840 2667 1846 2667 1847 2667 1840 2668 1847 2668 1848 2668 1840 2669 1848 2669 1841 2669 1845 2670 1840 2670 1849 2670 1845 2671 1849 2671 1850 2671 1845 2672 1850 2672 1851 2672 1845 2673 1851 2673 1852 2673 1852 2674 1853 2674 1854 2674 1852 2675 1854 2675 1855 2675 1852 2676 1855 2676 1856 2676 1852 2677 1856 2677 1845 2677 1853 2678 1852 2678 1857 2678 1853 2679 1857 2679 1858 2679 1853 2680 1858 2680 1859 2680 1853 2681 1859 2681 1860 2681 1860 2682 1861 2682 1862 2682 1860 2683 1862 2683 1863 2683 1860 2684 1863 2684 1864 2684 1860 2685 1864 2685 1853 2685 1861 2686 1860 2686 1865 2686 1861 2687 1865 2687 1866 2687 1861 2688 1866 2688 1867 2688 1861 2689 1867 2689 1868 2689 1868 2690 1869 2690 1870 2690 1868 2691 1870 2691 1871 2691 1868 2692 1871 2692 1872 2692 1868 2693 1872 2693 1861 2693 1869 2694 1868 2694 1873 2694 1869 2695 1873 2695 1874 2695 1869 2696 1874 2696 1875 2696 1869 2697 1875 2697 1876 2697 1876 2698 1877 2698 1878 2698 1876 2699 1878 2699 1879 2699 1876 2700 1879 2700 1880 2700 1876 2701 1880 2701 1869 2701 1877 2702 1876 2702 1881 2702 1877 2703 1881 2703 1882 2703 1877 2704 1882 2704 1883 2704 1877 2705 1883 2705 1884 2705 1884 2706 1885 2706 1886 2706 1884 2707 1886 2707 1887 2707 1884 2708 1887 2708 1888 2708 1884 2709 1888 2709 1877 2709 1885 2710 1884 2710 1889 2710 1885 2711 1889 2711 1890 2711 1885 2712 1890 2712 1891 2712 1885 2713 1891 2713 1892 2713 1892 2714 1893 2714 1894 2714 1892 2715 1894 2715 1895 2715 1892 2716 1895 2716 1896 2716 1892 2717 1896 2717 1885 2717 1893 2718 1892 2718 1897 2718 1893 2719 1897 2719 1898 2719 1893 2720 1898 2720 1899 2720 1893 2721 1899 2721 1900 2721 1900 2722 1901 2722 1902 2722 1900 2723 1902 2723 1903 2723 1900 2724 1903 2724 1904 2724 1900 2725 1904 2725 1893 2725 1900 2726 1905 2726 1906 2726 1900 2727 1906 2727 1907 2727 1900 2728 1907 2728 1908 2728 1900 2729 1908 2729 1901 2729 1905 2730 1900 2730 1909 2730 1905 2731 1909 2731 1910 2731 1905 2732 1910 2732 1911 2732 1905 2733 1911 2733 1912 2733 1912 2734 1913 2734 1914 2734 1912 2735 1914 2735 1915 2735 1912 2736 1915 2736 1916 2736 1912 2737 1916 2737 1905 2737 1913 2738 1912 2738 1917 2738 1913 2739 1917 2739 1918 2739 1913 2740 1918 2740 1919 2740 1913 2741 1919 2741 1920 2741 1920 2742 1921 2742 1922 2742 1920 2743 1922 2743 1923 2743 1920 2744 1923 2744 1924 2744 1920 2745 1924 2745 1913 2745 1921 2746 1920 2746 1925 2746 1921 2747 1925 2747 1926 2747 1921 2748 1926 2748 1927 2748 1921 2749 1927 2749 1928 2749 1928 2750 1929 2750 1930 2750 1928 2751 1930 2751 1931 2751 1928 2752 1931 2752 1932 2752 1928 2753 1932 2753 1921 2753 1929 2754 1928 2754 1933 2754 1929 2755 1933 2755 1934 2755 1929 2756 1934 2756 1935 2756 1929 2757 1935 2757 1936 2757 1936 2758 1937 2758 1938 2758 1936 2759 1938 2759 1939 2759 1936 2760 1939 2760 1940 2760 1936 2761 1940 2761 1929 2761 1937 2762 1936 2762 1941 2762 1937 2763 1941 2763 1942 2763 1937 2764 1942 2764 1943 2764 1937 2765 1943 2765 1944 2765 1944 2766 1945 2766 1946 2766 1944 2767 1946 2767 1947 2767 1944 2768 1947 2768 1948 2768 1944 2769 1948 2769 1937 2769 1945 2770 1944 2770 1949 2770 1945 2771 1949 2771 1950 2771 1945 2772 1950 2772 1951 2772 1945 2773 1951 2773 1952 2773 1952 2774 1953 2774 1954 2774 1952 2775 1954 2775 1955 2775 1952 2776 1955 2776 1956 2776 1952 2777 1956 2777 1945 2777 1952 2778 1957 2778 1958 2778 1952 2779 1958 2779 1959 2779 1952 2780 1959 2780 1960 2780 1952 2781 1960 2781 1953 2781 1957 2782 1952 2782 1961 2782 1957 2783 1961 2783 1962 2783 1957 2784 1962 2784 1963 2784 1957 2785 1963 2785 1964 2785 1964 2786 1965 2786 1966 2786 1964 2787 1966 2787 1967 2787 1964 2788 1967 2788 1968 2788 1964 2789 1968 2789 1957 2789 1965 2790 1964 2790 1969 2790 1965 2791 1969 2791 1970 2791 1965 2792 1970 2792 1971 2792 1965 2793 1971 2793 1972 2793 1972 2794 1973 2794 1974 2794 1972 2795 1974 2795 1975 2795 1972 2796 1975 2796 1976 2796 1972 2797 1976 2797 1965 2797 1973 2798 1972 2798 1977 2798 1973 2799 1977 2799 1978 2799 1973 2800 1978 2800 1979 2800 1973 2801 1979 2801 1980 2801 1980 2802 1981 2802 1982 2802 1980 2803 1982 2803 1983 2803 1980 2804 1983 2804 1984 2804 1980 2805 1984 2805 1973 2805 1981 2806 1980 2806 1985 2806 1981 2807 1985 2807 1986 2807 1981 2808 1986 2808 1987 2808 1981 2809 1987 2809 1988 2809 1988 2810 1989 2810 1990 2810 1988 2811 1990 2811 1991 2811 1988 2812 1991 2812 1992 2812 1988 2813 1992 2813 1981 2813 1989 2814 1988 2814 1993 2814 1989 2815 1993 2815 1994 2815 1989 2816 1994 2816 1995 2816 1989 2817 1995 2817 1996 2817 1996 2818 1748 2818 1997 2818 1996 2819 1997 2819 1998 2819 1996 2820 1998 2820 1999 2820 1996 2821 1999 2821 1989 2821 1748 2822 1996 2822 2000 2822 1748 2823 2000 2823 2001 2823 1748 2824 2001 2824 2002 2824 1748 2825 2002 2825 1736 2825 1736 2826 2002 2826 2003 2826 2002 2827 2001 2827 2003 2827 2003 2828 2001 2828 2004 2828 2001 2829 2000 2829 2004 2829 2004 2830 2000 2830 2005 2830 2000 2831 1996 2831 2005 2831 2005 2832 1996 2832 404 2832 404 2833 403 2833 2005 2833 403 2834 402 2834 2005 2834 2005 2835 402 2835 2004 2835 402 2836 401 2836 2004 2836 2004 2837 401 2837 2003 2837 401 2838 400 2838 2003 2838 2003 2839 400 2839 1736 2839 1740 2840 1739 2840 2006 2840 1739 2841 1738 2841 2006 2841 2006 2842 1738 2842 2007 2842 1738 2843 1737 2843 2007 2843 2007 2844 1737 2844 2008 2844 1737 2845 1736 2845 2008 2845 2008 2846 1736 2846 400 2846 400 2847 412 2847 2008 2847 412 2848 411 2848 2008 2848 2008 2849 411 2849 2007 2849 411 2850 410 2850 2007 2850 2007 2851 410 2851 2006 2851 410 2852 409 2852 2006 2852 2006 2853 409 2853 1740 2853 1756 2854 1755 2854 2009 2854 1755 2855 1754 2855 2009 2855 2009 2856 1754 2856 2010 2856 1754 2857 1753 2857 2010 2857 2010 2858 1753 2858 2011 2858 1753 2859 1740 2859 2011 2859 2011 2860 1740 2860 409 2860 409 2861 420 2861 2011 2861 420 2862 419 2862 2011 2862 2011 2863 419 2863 2010 2863 419 2864 418 2864 2010 2864 2010 2865 418 2865 2009 2865 418 2866 417 2866 2009 2866 2009 2867 417 2867 1756 2867 1764 2868 1763 2868 2012 2868 1763 2869 1762 2869 2012 2869 2012 2870 1762 2870 2013 2870 1762 2871 1761 2871 2013 2871 2013 2872 1761 2872 2014 2872 1761 2873 1756 2873 2014 2873 2014 2874 1756 2874 417 2874 417 2875 424 2875 2014 2875 424 2876 423 2876 2014 2876 2014 2877 423 2877 2013 2877 423 2878 422 2878 2013 2878 2013 2879 422 2879 2012 2879 422 2880 421 2880 2012 2880 2012 2881 421 2881 1764 2881 1772 2882 1771 2882 2015 2882 1771 2883 1770 2883 2015 2883 2015 2884 1770 2884 2016 2884 1770 2885 1769 2885 2016 2885 2016 2886 1769 2886 2017 2886 1769 2887 1764 2887 2017 2887 2017 2888 1764 2888 421 2888 421 2889 432 2889 2017 2889 432 2890 431 2890 2017 2890 2017 2891 431 2891 2016 2891 431 2892 430 2892 2016 2892 2016 2893 430 2893 2015 2893 430 2894 429 2894 2015 2894 2015 2895 429 2895 1772 2895 1780 2896 1779 2896 2018 2896 1779 2897 1778 2897 2018 2897 2018 2898 1778 2898 2019 2898 1778 2899 1777 2899 2019 2899 2019 2900 1777 2900 2020 2900 1777 2901 1772 2901 2020 2901 2020 2902 1772 2902 429 2902 429 2903 440 2903 2020 2903 440 2904 439 2904 2020 2904 2020 2905 439 2905 2019 2905 439 2906 438 2906 2019 2906 2019 2907 438 2907 2018 2907 438 2908 437 2908 2018 2908 2018 2909 437 2909 1780 2909 1788 2910 1787 2910 2021 2910 1787 2911 1786 2911 2021 2911 2021 2912 1786 2912 2022 2912 1786 2913 1785 2913 2022 2913 2022 2914 1785 2914 2023 2914 1785 2915 1780 2915 2023 2915 2023 2916 1780 2916 437 2916 437 2917 444 2917 2023 2917 444 2918 443 2918 2023 2918 2023 2919 443 2919 2022 2919 443 2920 442 2920 2022 2920 2022 2921 442 2921 2021 2921 442 2922 441 2922 2021 2922 2021 2923 441 2923 1788 2923 1800 2924 1799 2924 2024 2924 1799 2925 1798 2925 2024 2925 2024 2926 1798 2926 2025 2926 1798 2927 1797 2927 2025 2927 2025 2928 1797 2928 2026 2928 1797 2929 1788 2929 2026 2929 2026 2930 1788 2930 441 2930 441 2931 452 2931 2026 2931 452 2932 451 2932 2026 2932 2026 2933 451 2933 2025 2933 451 2934 450 2934 2025 2934 2025 2935 450 2935 2024 2935 450 2936 449 2936 2024 2936 2024 2937 449 2937 1800 2937 1808 2938 1807 2938 2027 2938 1807 2939 1806 2939 2027 2939 2027 2940 1806 2940 2028 2940 1806 2941 1805 2941 2028 2941 2028 2942 1805 2942 2029 2942 1805 2943 1800 2943 2029 2943 2029 2944 1800 2944 449 2944 449 2945 460 2945 2029 2945 460 2946 459 2946 2029 2946 2029 2947 459 2947 2028 2947 459 2948 458 2948 2028 2948 2028 2949 458 2949 2027 2949 458 2950 457 2950 2027 2950 2027 2951 457 2951 1808 2951 1816 2952 1815 2952 2030 2952 1815 2953 1814 2953 2030 2953 2030 2954 1814 2954 2031 2954 1814 2955 1813 2955 2031 2955 2031 2956 1813 2956 2032 2956 1813 2957 1808 2957 2032 2957 2032 2958 1808 2958 457 2958 457 2959 468 2959 2032 2959 468 2960 467 2960 2032 2960 2032 2961 467 2961 2031 2961 467 2962 466 2962 2031 2962 2031 2963 466 2963 2030 2963 466 2964 465 2964 2030 2964 2030 2965 465 2965 1816 2965 1824 2966 1823 2966 2033 2966 1823 2967 1822 2967 2033 2967 2033 2968 1822 2968 2034 2968 1822 2969 1821 2969 2034 2969 2034 2970 1821 2970 2035 2970 1821 2971 1816 2971 2035 2971 2035 2972 1816 2972 465 2972 465 2973 472 2973 2035 2973 472 2974 471 2974 2035 2974 2035 2975 471 2975 2034 2975 471 2976 470 2976 2034 2976 2034 2977 470 2977 2033 2977 470 2978 469 2978 2033 2978 2033 2979 469 2979 1824 2979 1832 2980 1831 2980 2036 2980 1831 2981 1830 2981 2036 2981 2036 2982 1830 2982 2037 2982 1830 2983 1829 2983 2037 2983 2037 2984 1829 2984 2038 2984 1829 2985 1824 2985 2038 2985 2038 2986 1824 2986 469 2986 469 2987 480 2987 2038 2987 480 2988 479 2988 2038 2988 2038 2989 479 2989 2037 2989 479 2990 478 2990 2037 2990 2037 2991 478 2991 2036 2991 478 2992 477 2992 2036 2992 2036 2993 477 2993 1832 2993 1840 2994 1839 2994 2039 2994 1839 2995 1838 2995 2039 2995 2039 2996 1838 2996 2040 2996 1838 2997 1837 2997 2040 2997 2040 2998 1837 2998 2041 2998 1837 2999 1832 2999 2041 2999 2041 3000 1832 3000 477 3000 477 3001 488 3001 2041 3001 488 3002 487 3002 2041 3002 2041 3003 487 3003 2040 3003 487 3004 486 3004 2040 3004 2040 3005 486 3005 2039 3005 486 3006 485 3006 2039 3006 2039 3007 485 3007 1840 3007 1852 3008 1851 3008 2042 3008 1851 3009 1850 3009 2042 3009 2042 3010 1850 3010 2043 3010 1850 3011 1849 3011 2043 3011 2043 3012 1849 3012 2044 3012 1849 3013 1840 3013 2044 3013 2044 3014 1840 3014 485 3014 485 3015 492 3015 2044 3015 492 3016 491 3016 2044 3016 2044 3017 491 3017 2043 3017 491 3018 490 3018 2043 3018 2043 3019 490 3019 2042 3019 490 3020 489 3020 2042 3020 2042 3021 489 3021 1852 3021 1860 3022 1859 3022 2045 3022 1859 3023 1858 3023 2045 3023 2045 3024 1858 3024 2046 3024 1858 3025 1857 3025 2046 3025 2046 3026 1857 3026 2047 3026 1857 3027 1852 3027 2047 3027 2047 3028 1852 3028 489 3028 489 3029 500 3029 2047 3029 500 3030 499 3030 2047 3030 2047 3031 499 3031 2046 3031 499 3032 498 3032 2046 3032 2046 3033 498 3033 2045 3033 498 3034 497 3034 2045 3034 2045 3035 497 3035 1860 3035 1868 3036 1867 3036 2048 3036 1867 3037 1866 3037 2048 3037 2048 3038 1866 3038 2049 3038 1866 3039 1865 3039 2049 3039 2049 3040 1865 3040 2050 3040 1865 3041 1860 3041 2050 3041 2050 3042 1860 3042 497 3042 497 3043 508 3043 2050 3043 508 3044 507 3044 2050 3044 2050 3045 507 3045 2049 3045 507 3046 506 3046 2049 3046 2049 3047 506 3047 2048 3047 506 3048 505 3048 2048 3048 2048 3049 505 3049 1868 3049 1876 3050 1875 3050 2051 3050 1875 3051 1874 3051 2051 3051 2051 3052 1874 3052 2052 3052 1874 3053 1873 3053 2052 3053 2052 3054 1873 3054 2053 3054 1873 3055 1868 3055 2053 3055 2053 3056 1868 3056 505 3056 505 3057 516 3057 2053 3057 516 3058 515 3058 2053 3058 2053 3059 515 3059 2052 3059 515 3060 514 3060 2052 3060 2052 3061 514 3061 2051 3061 514 3062 513 3062 2051 3062 2051 3063 513 3063 1876 3063 1884 3064 1883 3064 2054 3064 1883 3065 1882 3065 2054 3065 2054 3066 1882 3066 2055 3066 1882 3067 1881 3067 2055 3067 2055 3068 1881 3068 2056 3068 1881 3069 1876 3069 2056 3069 2056 3070 1876 3070 513 3070 513 3071 520 3071 2056 3071 520 3072 519 3072 2056 3072 2056 3073 519 3073 2055 3073 519 3074 518 3074 2055 3074 2055 3075 518 3075 2054 3075 518 3076 517 3076 2054 3076 2054 3077 517 3077 1884 3077 1892 3078 1891 3078 2057 3078 1891 3079 1890 3079 2057 3079 2057 3080 1890 3080 2058 3080 1890 3081 1889 3081 2058 3081 2058 3082 1889 3082 2059 3082 1889 3083 1884 3083 2059 3083 2059 3084 1884 3084 517 3084 517 3085 528 3085 2059 3085 528 3086 527 3086 2059 3086 2059 3087 527 3087 2058 3087 527 3088 526 3088 2058 3088 2058 3089 526 3089 2057 3089 526 3090 525 3090 2057 3090 2057 3091 525 3091 1892 3091 1900 3092 1899 3092 2060 3092 1899 3093 1898 3093 2060 3093 2060 3094 1898 3094 2061 3094 1898 3095 1897 3095 2061 3095 2061 3096 1897 3096 2062 3096 1897 3097 1892 3097 2062 3097 2062 3098 1892 3098 525 3098 525 3099 536 3099 2062 3099 536 3100 535 3100 2062 3100 2062 3101 535 3101 2061 3101 535 3102 534 3102 2061 3102 2061 3103 534 3103 2060 3103 534 3104 533 3104 2060 3104 2060 3105 533 3105 1900 3105 1912 3106 1911 3106 2063 3106 1911 3107 1910 3107 2063 3107 2063 3108 1910 3108 2064 3108 1910 3109 1909 3109 2064 3109 2064 3110 1909 3110 2065 3110 1909 3111 1900 3111 2065 3111 2065 3112 1900 3112 533 3112 533 3113 540 3113 2065 3113 540 3114 539 3114 2065 3114 2065 3115 539 3115 2064 3115 539 3116 538 3116 2064 3116 2064 3117 538 3117 2063 3117 538 3118 537 3118 2063 3118 2063 3119 537 3119 1912 3119 1920 3120 1919 3120 2066 3120 1919 3121 1918 3121 2066 3121 2066 3122 1918 3122 2067 3122 1918 3123 1917 3123 2067 3123 2067 3124 1917 3124 2068 3124 1917 3125 1912 3125 2068 3125 2068 3126 1912 3126 537 3126 537 3127 548 3127 2068 3127 548 3128 547 3128 2068 3128 2068 3129 547 3129 2067 3129 547 3130 546 3130 2067 3130 2067 3131 546 3131 2066 3131 546 3132 545 3132 2066 3132 2066 3133 545 3133 1920 3133 1928 3134 1927 3134 2069 3134 1927 3135 1926 3135 2069 3135 2069 3136 1926 3136 2070 3136 1926 3137 1925 3137 2070 3137 2070 3138 1925 3138 2071 3138 1925 3139 1920 3139 2071 3139 2071 3140 1920 3140 545 3140 545 3141 556 3141 2071 3141 556 3142 555 3142 2071 3142 2071 3143 555 3143 2070 3143 555 3144 554 3144 2070 3144 2070 3145 554 3145 2069 3145 554 3146 553 3146 2069 3146 2069 3147 553 3147 1928 3147 1936 3148 1935 3148 2072 3148 1935 3149 1934 3149 2072 3149 2072 3150 1934 3150 2073 3150 1934 3151 1933 3151 2073 3151 2073 3152 1933 3152 2074 3152 1933 3153 1928 3153 2074 3153 2074 3154 1928 3154 553 3154 553 3155 560 3155 2074 3155 560 3156 559 3156 2074 3156 2074 3157 559 3157 2073 3157 559 3158 558 3158 2073 3158 2073 3159 558 3159 2072 3159 558 3160 557 3160 2072 3160 2072 3161 557 3161 1936 3161 1944 3162 1943 3162 2075 3162 1943 3163 1942 3163 2075 3163 2075 3164 1942 3164 2076 3164 1942 3165 1941 3165 2076 3165 2076 3166 1941 3166 2077 3166 1941 3167 1936 3167 2077 3167 2077 3168 1936 3168 557 3168 557 3169 568 3169 2077 3169 568 3170 567 3170 2077 3170 2077 3171 567 3171 2076 3171 567 3172 566 3172 2076 3172 2076 3173 566 3173 2075 3173 566 3174 565 3174 2075 3174 2075 3175 565 3175 1944 3175 1952 3176 1951 3176 2078 3176 1951 3177 1950 3177 2078 3177 2078 3178 1950 3178 2079 3178 1950 3179 1949 3179 2079 3179 2079 3180 1949 3180 2080 3180 1949 3181 1944 3181 2080 3181 2080 3182 1944 3182 565 3182 565 3183 576 3183 2080 3183 576 3184 575 3184 2080 3184 2080 3185 575 3185 2079 3185 575 3186 574 3186 2079 3186 2079 3187 574 3187 2078 3187 574 3188 573 3188 2078 3188 2078 3189 573 3189 1952 3189 1964 3190 1963 3190 2081 3190 1963 3191 1962 3191 2081 3191 2081 3192 1962 3192 2082 3192 1962 3193 1961 3193 2082 3193 2082 3194 1961 3194 2083 3194 1961 3195 1952 3195 2083 3195 2083 3196 1952 3196 573 3196 573 3197 584 3197 2083 3197 584 3198 583 3198 2083 3198 2083 3199 583 3199 2082 3199 583 3200 582 3200 2082 3200 2082 3201 582 3201 2081 3201 582 3202 581 3202 2081 3202 2081 3203 581 3203 1964 3203 1972 3204 1971 3204 2084 3204 1971 3205 1970 3205 2084 3205 2084 3206 1970 3206 2085 3206 1970 3207 1969 3207 2085 3207 2085 3208 1969 3208 2086 3208 1969 3209 1964 3209 2086 3209 2086 3210 1964 3210 581 3210 581 3211 588 3211 2086 3211 588 3212 587 3212 2086 3212 2086 3213 587 3213 2085 3213 587 3214 586 3214 2085 3214 2085 3215 586 3215 2084 3215 586 3216 585 3216 2084 3216 2084 3217 585 3217 1972 3217 1980 3218 1979 3218 2087 3218 1979 3219 1978 3219 2087 3219 2087 3220 1978 3220 2088 3220 1978 3221 1977 3221 2088 3221 2088 3222 1977 3222 2089 3222 1977 3223 1972 3223 2089 3223 2089 3224 1972 3224 585 3224 585 3225 596 3225 2089 3225 596 3226 595 3226 2089 3226 2089 3227 595 3227 2088 3227 595 3228 594 3228 2088 3228 2088 3229 594 3229 2087 3229 594 3230 593 3230 2087 3230 2087 3231 593 3231 1980 3231 1988 3232 1987 3232 2090 3232 1987 3233 1986 3233 2090 3233 2090 3234 1986 3234 2091 3234 1986 3235 1985 3235 2091 3235 2091 3236 1985 3236 2092 3236 1985 3237 1980 3237 2092 3237 2092 3238 1980 3238 593 3238 593 3239 604 3239 2092 3239 604 3240 603 3240 2092 3240 2092 3241 603 3241 2091 3241 603 3242 602 3242 2091 3242 2091 3243 602 3243 2090 3243 602 3244 601 3244 2090 3244 2090 3245 601 3245 1988 3245 1996 3246 1995 3246 2093 3246 1995 3247 1994 3247 2093 3247 2093 3248 1994 3248 2094 3248 1994 3249 1993 3249 2094 3249 2094 3250 1993 3250 2095 3250 1993 3251 1988 3251 2095 3251 2095 3252 1988 3252 601 3252 601 3253 607 3253 2095 3253 607 3254 606 3254 2095 3254 2095 3255 606 3255 2094 3255 606 3256 605 3256 2094 3256 2094 3257 605 3257 2093 3257 605 3258 404 3258 2093 3258 2093 3259 404 3259 1996 3259 1095 3260 1412 3260 2096 3260 1412 3261 1411 3261 2096 3261 2096 3262 1411 3262 2097 3262 1411 3263 1410 3263 2097 3263 2097 3264 1410 3264 2098 3264 1410 3265 1409 3265 2098 3265 2098 3266 1409 3266 2099 3266 2099 3267 2100 3267 2098 3267 2100 3268 2101 3268 2098 3268 2098 3269 2101 3269 2097 3269 2101 3270 2102 3270 2097 3270 2097 3271 2102 3271 2096 3271 2102 3272 2103 3272 2096 3272 2096 3273 2103 3273 1095 3273 1099 3274 1098 3274 2104 3274 1098 3275 1097 3275 2104 3275 2104 3276 1097 3276 2105 3276 1097 3277 1096 3277 2105 3277 2105 3278 1096 3278 2106 3278 1096 3279 1095 3279 2106 3279 2106 3280 1095 3280 2103 3280 2103 3281 2107 3281 2106 3281 2107 3282 2108 3282 2106 3282 2106 3283 2108 3283 2105 3283 2108 3284 2109 3284 2105 3284 2105 3285 2109 3285 2104 3285 2109 3286 2110 3286 2104 3286 2104 3287 2110 3287 1099 3287 1103 3288 1102 3288 2111 3288 1102 3289 1101 3289 2111 3289 2111 3290 1101 3290 2112 3290 1101 3291 1100 3291 2112 3291 2112 3292 1100 3292 2113 3292 1100 3293 1099 3293 2113 3293 2113 3294 1099 3294 2110 3294 2110 3295 2114 3295 2113 3295 2114 3296 2115 3296 2113 3296 2113 3297 2115 3297 2112 3297 2115 3298 2116 3298 2112 3298 2112 3299 2116 3299 2111 3299 2116 3300 2117 3300 2111 3300 2111 3301 2117 3301 1103 3301 1107 3302 1106 3302 2118 3302 1106 3303 1105 3303 2118 3303 2118 3304 1105 3304 2119 3304 1105 3305 1104 3305 2119 3305 2119 3306 1104 3306 2120 3306 1104 3307 1103 3307 2120 3307 2120 3308 1103 3308 2117 3308 2117 3309 2121 3309 2120 3309 2121 3310 2122 3310 2120 3310 2120 3311 2122 3311 2119 3311 2122 3312 2123 3312 2119 3312 2119 3313 2123 3313 2118 3313 2123 3314 2124 3314 2118 3314 2118 3315 2124 3315 1107 3315 1111 3316 1110 3316 2125 3316 1110 3317 1109 3317 2125 3317 2125 3318 1109 3318 2126 3318 1109 3319 1108 3319 2126 3319 2126 3320 1108 3320 2127 3320 1108 3321 1107 3321 2127 3321 2127 3322 1107 3322 2124 3322 2124 3323 2128 3323 2127 3323 2128 3324 2129 3324 2127 3324 2127 3325 2129 3325 2126 3325 2129 3326 2130 3326 2126 3326 2126 3327 2130 3327 2125 3327 2130 3328 2131 3328 2125 3328 2125 3329 2131 3329 1111 3329 1115 3330 1114 3330 2132 3330 1114 3331 1113 3331 2132 3331 2132 3332 1113 3332 2133 3332 1113 3333 1112 3333 2133 3333 2133 3334 1112 3334 2134 3334 1112 3335 1111 3335 2134 3335 2134 3336 1111 3336 2131 3336 2131 3337 2135 3337 2134 3337 2135 3338 2136 3338 2134 3338 2134 3339 2136 3339 2133 3339 2136 3340 2137 3340 2133 3340 2133 3341 2137 3341 2132 3341 2137 3342 2138 3342 2132 3342 2132 3343 2138 3343 1115 3343 1119 3344 1118 3344 2139 3344 1118 3345 1117 3345 2139 3345 2139 3346 1117 3346 2140 3346 1117 3347 1116 3347 2140 3347 2140 3348 1116 3348 2141 3348 1116 3349 1115 3349 2141 3349 2141 3350 1115 3350 2138 3350 2138 3351 2142 3351 2141 3351 2142 3352 2143 3352 2141 3352 2141 3353 2143 3353 2140 3353 2143 3354 2144 3354 2140 3354 2140 3355 2144 3355 2139 3355 2144 3356 2145 3356 2139 3356 2139 3357 2145 3357 1119 3357 1124 3358 1123 3358 2146 3358 1123 3359 1122 3359 2146 3359 2146 3360 1122 3360 2147 3360 1122 3361 1121 3361 2147 3361 2147 3362 1121 3362 2148 3362 1121 3363 1119 3363 2148 3363 2148 3364 1119 3364 2145 3364 2145 3365 2149 3365 2148 3365 2149 3366 2150 3366 2148 3366 2148 3367 2150 3367 2147 3367 2150 3368 2151 3368 2147 3368 2147 3369 2151 3369 2146 3369 2151 3370 2152 3370 2146 3370 2146 3371 2152 3371 1124 3371 1132 3372 1131 3372 2153 3372 1131 3373 1130 3373 2153 3373 2153 3374 1130 3374 2154 3374 1130 3375 1129 3375 2154 3375 2154 3376 1129 3376 2155 3376 1129 3377 1124 3377 2155 3377 2155 3378 1124 3378 2152 3378 2152 3379 2156 3379 2155 3379 2156 3380 2157 3380 2155 3380 2155 3381 2157 3381 2154 3381 2157 3382 2158 3382 2154 3382 2154 3383 2158 3383 2153 3383 2158 3384 2159 3384 2153 3384 2153 3385 2159 3385 1132 3385 1136 3386 1135 3386 2160 3386 1135 3387 1134 3387 2160 3387 2160 3388 1134 3388 2161 3388 1134 3389 1133 3389 2161 3389 2161 3390 1133 3390 2162 3390 1133 3391 1132 3391 2162 3391 2162 3392 1132 3392 2159 3392 2159 3393 2163 3393 2162 3393 2163 3394 2164 3394 2162 3394 2162 3395 2164 3395 2161 3395 2164 3396 2165 3396 2161 3396 2161 3397 2165 3397 2160 3397 2165 3398 2166 3398 2160 3398 2160 3399 2166 3399 1136 3399 1144 3400 1143 3400 2167 3400 1143 3401 1142 3401 2167 3401 2167 3402 1142 3402 2168 3402 1142 3403 1141 3403 2168 3403 2168 3404 1141 3404 2169 3404 1141 3405 1136 3405 2169 3405 2169 3406 1136 3406 2166 3406 2166 3407 2170 3407 2169 3407 2170 3408 2171 3408 2169 3408 2169 3409 2171 3409 2168 3409 2171 3410 2172 3410 2168 3410 2168 3411 2172 3411 2167 3411 2172 3412 2173 3412 2167 3412 2167 3413 2173 3413 1144 3413 1148 3414 1147 3414 2174 3414 1147 3415 1146 3415 2174 3415 2174 3416 1146 3416 2175 3416 1146 3417 1145 3417 2175 3417 2175 3418 1145 3418 2176 3418 1145 3419 1144 3419 2176 3419 2176 3420 1144 3420 2173 3420 2173 3421 2177 3421 2176 3421 2177 3422 2178 3422 2176 3422 2176 3423 2178 3423 2175 3423 2178 3424 2179 3424 2175 3424 2175 3425 2179 3425 2174 3425 2179 3426 2180 3426 2174 3426 2174 3427 2180 3427 1148 3427 1156 3428 1155 3428 2181 3428 1155 3429 1154 3429 2181 3429 2181 3430 1154 3430 2182 3430 1154 3431 1153 3431 2182 3431 2182 3432 1153 3432 2183 3432 1153 3433 1148 3433 2183 3433 2183 3434 1148 3434 2180 3434 2180 3435 2184 3435 2183 3435 2184 3436 2185 3436 2183 3436 2183 3437 2185 3437 2182 3437 2185 3438 2186 3438 2182 3438 2182 3439 2186 3439 2181 3439 2186 3440 2187 3440 2181 3440 2181 3441 2187 3441 1156 3441 1164 3442 1163 3442 2188 3442 1163 3443 1162 3443 2188 3443 2188 3444 1162 3444 2189 3444 1162 3445 1161 3445 2189 3445 2189 3446 1161 3446 2190 3446 1161 3447 1156 3447 2190 3447 2190 3448 1156 3448 2187 3448 2187 3449 2191 3449 2190 3449 2191 3450 2192 3450 2190 3450 2190 3451 2192 3451 2189 3451 2192 3452 2193 3452 2189 3452 2189 3453 2193 3453 2188 3453 2193 3454 2194 3454 2188 3454 2188 3455 2194 3455 1164 3455 1168 3456 1167 3456 2195 3456 1167 3457 1166 3457 2195 3457 2195 3458 1166 3458 2196 3458 1166 3459 1165 3459 2196 3459 2196 3460 1165 3460 2197 3460 1165 3461 1164 3461 2197 3461 2197 3462 1164 3462 2194 3462 2194 3463 2198 3463 2197 3463 2198 3464 2199 3464 2197 3464 2197 3465 2199 3465 2196 3465 2199 3466 2200 3466 2196 3466 2196 3467 2200 3467 2195 3467 2200 3468 2201 3468 2195 3468 2195 3469 2201 3469 1168 3469 1176 3470 1175 3470 2202 3470 1175 3471 1174 3471 2202 3471 2202 3472 1174 3472 2203 3472 1174 3473 1173 3473 2203 3473 2203 3474 1173 3474 2204 3474 1173 3475 1168 3475 2204 3475 2204 3476 1168 3476 2201 3476 2201 3477 2205 3477 2204 3477 2205 3478 2206 3478 2204 3478 2204 3479 2206 3479 2203 3479 2206 3480 2207 3480 2203 3480 2203 3481 2207 3481 2202 3481 2207 3482 2208 3482 2202 3482 2202 3483 2208 3483 1176 3483 1180 3484 1179 3484 2209 3484 1179 3485 1178 3485 2209 3485 2209 3486 1178 3486 2210 3486 1178 3487 1177 3487 2210 3487 2210 3488 1177 3488 2211 3488 1177 3489 1176 3489 2211 3489 2211 3490 1176 3490 2208 3490 2208 3491 2212 3491 2211 3491 2212 3492 2213 3492 2211 3492 2211 3493 2213 3493 2210 3493 2213 3494 2214 3494 2210 3494 2210 3495 2214 3495 2209 3495 2214 3496 2215 3496 2209 3496 2209 3497 2215 3497 1180 3497 1188 3498 1187 3498 2216 3498 1187 3499 1186 3499 2216 3499 2216 3500 1186 3500 2217 3500 1186 3501 1185 3501 2217 3501 2217 3502 1185 3502 2218 3502 1185 3503 1180 3503 2218 3503 2218 3504 1180 3504 2215 3504 2215 3505 2219 3505 2218 3505 2219 3506 2220 3506 2218 3506 2218 3507 2220 3507 2217 3507 2220 3508 2221 3508 2217 3508 2217 3509 2221 3509 2216 3509 2221 3510 2222 3510 2216 3510 2216 3511 2222 3511 1188 3511 1196 3512 1195 3512 2223 3512 1195 3513 1194 3513 2223 3513 2223 3514 1194 3514 2224 3514 1194 3515 1193 3515 2224 3515 2224 3516 1193 3516 2225 3516 1193 3517 1188 3517 2225 3517 2225 3518 1188 3518 2222 3518 2222 3519 2226 3519 2225 3519 2226 3520 2227 3520 2225 3520 2225 3521 2227 3521 2224 3521 2227 3522 2228 3522 2224 3522 2224 3523 2228 3523 2223 3523 2228 3524 2229 3524 2223 3524 2223 3525 2229 3525 1196 3525 1200 3526 1199 3526 2230 3526 1199 3527 1198 3527 2230 3527 2230 3528 1198 3528 2231 3528 1198 3529 1197 3529 2231 3529 2231 3530 1197 3530 2232 3530 1197 3531 1196 3531 2232 3531 2232 3532 1196 3532 2229 3532 2229 3533 2233 3533 2232 3533 2233 3534 2234 3534 2232 3534 2232 3535 2234 3535 2231 3535 2234 3536 2235 3536 2231 3536 2231 3537 2235 3537 2230 3537 2235 3538 2236 3538 2230 3538 2230 3539 2236 3539 1200 3539 1208 3540 1207 3540 2237 3540 1207 3541 1206 3541 2237 3541 2237 3542 1206 3542 2238 3542 1206 3543 1205 3543 2238 3543 2238 3544 1205 3544 2239 3544 1205 3545 1200 3545 2239 3545 2239 3546 1200 3546 2236 3546 2236 3547 2240 3547 2239 3547 2240 3548 2241 3548 2239 3548 2239 3549 2241 3549 2238 3549 2241 3550 2242 3550 2238 3550 2238 3551 2242 3551 2237 3551 2242 3552 2243 3552 2237 3552 2237 3553 2243 3553 1208 3553 1216 3554 1215 3554 2244 3554 1215 3555 1214 3555 2244 3555 2244 3556 1214 3556 2245 3556 1214 3557 1213 3557 2245 3557 2245 3558 1213 3558 2246 3558 1213 3559 1208 3559 2246 3559 2246 3560 1208 3560 2243 3560 2243 3561 2247 3561 2246 3561 2247 3562 2248 3562 2246 3562 2246 3563 2248 3563 2245 3563 2248 3564 2249 3564 2245 3564 2245 3565 2249 3565 2244 3565 2249 3566 2250 3566 2244 3566 2244 3567 2250 3567 1216 3567 1220 3568 1219 3568 2251 3568 1219 3569 1218 3569 2251 3569 2251 3570 1218 3570 2252 3570 1218 3571 1217 3571 2252 3571 2252 3572 1217 3572 2253 3572 1217 3573 1216 3573 2253 3573 2253 3574 1216 3574 2250 3574 2250 3575 2254 3575 2253 3575 2254 3576 2255 3576 2253 3576 2253 3577 2255 3577 2252 3577 2255 3578 2256 3578 2252 3578 2252 3579 2256 3579 2251 3579 2256 3580 2257 3580 2251 3580 2251 3581 2257 3581 1220 3581 1228 3582 1227 3582 2258 3582 1227 3583 1226 3583 2258 3583 2258 3584 1226 3584 2259 3584 1226 3585 1225 3585 2259 3585 2259 3586 1225 3586 2260 3586 1225 3587 1220 3587 2260 3587 2260 3588 1220 3588 2257 3588 2257 3589 2261 3589 2260 3589 2261 3590 2262 3590 2260 3590 2260 3591 2262 3591 2259 3591 2262 3592 2263 3592 2259 3592 2259 3593 2263 3593 2258 3593 2263 3594 2264 3594 2258 3594 2258 3595 2264 3595 1228 3595 1232 3596 1231 3596 2265 3596 1231 3597 1230 3597 2265 3597 2265 3598 1230 3598 2266 3598 1230 3599 1229 3599 2266 3599 2266 3600 1229 3600 2267 3600 1229 3601 1228 3601 2267 3601 2267 3602 1228 3602 2264 3602 2264 3603 2268 3603 2267 3603 2268 3604 2269 3604 2267 3604 2267 3605 2269 3605 2266 3605 2269 3606 2270 3606 2266 3606 2266 3607 2270 3607 2265 3607 2270 3608 2271 3608 2265 3608 2265 3609 2271 3609 1232 3609 1236 3610 1235 3610 2272 3610 1235 3611 1234 3611 2272 3611 2272 3612 1234 3612 2273 3612 1234 3613 1233 3613 2273 3613 2273 3614 1233 3614 2274 3614 1233 3615 1232 3615 2274 3615 2274 3616 1232 3616 2271 3616 2271 3617 2275 3617 2274 3617 2275 3618 2276 3618 2274 3618 2274 3619 2276 3619 2273 3619 2276 3620 2277 3620 2273 3620 2273 3621 2277 3621 2272 3621 2277 3622 2278 3622 2272 3622 2272 3623 2278 3623 1236 3623 1240 3624 1239 3624 2279 3624 1239 3625 1238 3625 2279 3625 2279 3626 1238 3626 2280 3626 1238 3627 1237 3627 2280 3627 2280 3628 1237 3628 2281 3628 1237 3629 1236 3629 2281 3629 2281 3630 1236 3630 2278 3630 2278 3631 2282 3631 2281 3631 2282 3632 2283 3632 2281 3632 2281 3633 2283 3633 2280 3633 2283 3634 2284 3634 2280 3634 2280 3635 2284 3635 2279 3635 2284 3636 2285 3636 2279 3636 2279 3637 2285 3637 1240 3637 1244 3638 1243 3638 2286 3638 1243 3639 1242 3639 2286 3639 2286 3640 1242 3640 2287 3640 1242 3641 1241 3641 2287 3641 2287 3642 1241 3642 2288 3642 1241 3643 1240 3643 2288 3643 2288 3644 1240 3644 2285 3644 2285 3645 2289 3645 2288 3645 2289 3646 2290 3646 2288 3646 2288 3647 2290 3647 2287 3647 2290 3648 2291 3648 2287 3648 2287 3649 2291 3649 2286 3649 2291 3650 2292 3650 2286 3650 2286 3651 2292 3651 1244 3651 1248 3652 1247 3652 2293 3652 1247 3653 1246 3653 2293 3653 2293 3654 1246 3654 2294 3654 1246 3655 1245 3655 2294 3655 2294 3656 1245 3656 2295 3656 1245 3657 1244 3657 2295 3657 2295 3658 1244 3658 2292 3658 2292 3659 2296 3659 2295 3659 2296 3660 2297 3660 2295 3660 2295 3661 2297 3661 2294 3661 2297 3662 2298 3662 2294 3662 2294 3663 2298 3663 2293 3663 2298 3664 2299 3664 2293 3664 2293 3665 2299 3665 1248 3665 1252 3666 1251 3666 2300 3666 1251 3667 1250 3667 2300 3667 2300 3668 1250 3668 2301 3668 1250 3669 1249 3669 2301 3669 2301 3670 1249 3670 2302 3670 1249 3671 1248 3671 2302 3671 2302 3672 1248 3672 2299 3672 2299 3673 2303 3673 2302 3673 2303 3674 2304 3674 2302 3674 2302 3675 2304 3675 2301 3675 2304 3676 2305 3676 2301 3676 2301 3677 2305 3677 2300 3677 2305 3678 2306 3678 2300 3678 2300 3679 2306 3679 1252 3679 1256 3680 1255 3680 2307 3680 1255 3681 1254 3681 2307 3681 2307 3682 1254 3682 2308 3682 1254 3683 1253 3683 2308 3683 2308 3684 1253 3684 2309 3684 1253 3685 1252 3685 2309 3685 2309 3686 1252 3686 2306 3686 2306 3687 2310 3687 2309 3687 2310 3688 2311 3688 2309 3688 2309 3689 2311 3689 2308 3689 2311 3690 2312 3690 2308 3690 2308 3691 2312 3691 2307 3691 2312 3692 2313 3692 2307 3692 2307 3693 2313 3693 1256 3693 1260 3694 1259 3694 2314 3694 1259 3695 1258 3695 2314 3695 2314 3696 1258 3696 2315 3696 1258 3697 1257 3697 2315 3697 2315 3698 1257 3698 2316 3698 1257 3699 1256 3699 2316 3699 2316 3700 1256 3700 2313 3700 2313 3701 2317 3701 2316 3701 2317 3702 2318 3702 2316 3702 2316 3703 2318 3703 2315 3703 2318 3704 2319 3704 2315 3704 2315 3705 2319 3705 2314 3705 2319 3706 2320 3706 2314 3706 2314 3707 2320 3707 1260 3707 1264 3708 1263 3708 2321 3708 1263 3709 1262 3709 2321 3709 2321 3710 1262 3710 2322 3710 1262 3711 1261 3711 2322 3711 2322 3712 1261 3712 2323 3712 1261 3713 1260 3713 2323 3713 2323 3714 1260 3714 2320 3714 2320 3715 2324 3715 2323 3715 2324 3716 2325 3716 2323 3716 2323 3717 2325 3717 2322 3717 2325 3718 2326 3718 2322 3718 2322 3719 2326 3719 2321 3719 2326 3720 2327 3720 2321 3720 2321 3721 2327 3721 1264 3721 1268 3722 1267 3722 2328 3722 1267 3723 1266 3723 2328 3723 2328 3724 1266 3724 2329 3724 1266 3725 1265 3725 2329 3725 2329 3726 1265 3726 2330 3726 1265 3727 1264 3727 2330 3727 2330 3728 1264 3728 2327 3728 2327 3729 2331 3729 2330 3729 2331 3730 2332 3730 2330 3730 2330 3731 2332 3731 2329 3731 2332 3732 2333 3732 2329 3732 2329 3733 2333 3733 2328 3733 2333 3734 2334 3734 2328 3734 2328 3735 2334 3735 1268 3735 1272 3736 1271 3736 2335 3736 1271 3737 1270 3737 2335 3737 2335 3738 1270 3738 2336 3738 1270 3739 1269 3739 2336 3739 2336 3740 1269 3740 2337 3740 1269 3741 1268 3741 2337 3741 2337 3742 1268 3742 2334 3742 2334 3743 2338 3743 2337 3743 2338 3744 2339 3744 2337 3744 2337 3745 2339 3745 2336 3745 2339 3746 2340 3746 2336 3746 2336 3747 2340 3747 2335 3747 2340 3748 2341 3748 2335 3748 2335 3749 2341 3749 1272 3749 1276 3750 1275 3750 2342 3750 1275 3751 1274 3751 2342 3751 2342 3752 1274 3752 2343 3752 1274 3753 1273 3753 2343 3753 2343 3754 1273 3754 2344 3754 1273 3755 1272 3755 2344 3755 2344 3756 1272 3756 2341 3756 2341 3757 2345 3757 2344 3757 2345 3758 2346 3758 2344 3758 2344 3759 2346 3759 2343 3759 2346 3760 2347 3760 2343 3760 2343 3761 2347 3761 2342 3761 2347 3762 2348 3762 2342 3762 2342 3763 2348 3763 1276 3763 1280 3764 1279 3764 2349 3764 1279 3765 1278 3765 2349 3765 2349 3766 1278 3766 2350 3766 1278 3767 1277 3767 2350 3767 2350 3768 1277 3768 2351 3768 1277 3769 1276 3769 2351 3769 2351 3770 1276 3770 2348 3770 2348 3771 2352 3771 2351 3771 2352 3772 2353 3772 2351 3772 2351 3773 2353 3773 2350 3773 2353 3774 2354 3774 2350 3774 2350 3775 2354 3775 2349 3775 2354 3776 2355 3776 2349 3776 2349 3777 2355 3777 1280 3777 1285 3778 1284 3778 2356 3778 1284 3779 1283 3779 2356 3779 2356 3780 1283 3780 2357 3780 1283 3781 1282 3781 2357 3781 2357 3782 1282 3782 2358 3782 1282 3783 1280 3783 2358 3783 2358 3784 1280 3784 2355 3784 2355 3785 2359 3785 2358 3785 2359 3786 2360 3786 2358 3786 2358 3787 2360 3787 2357 3787 2360 3788 2361 3788 2357 3788 2357 3789 2361 3789 2356 3789 2361 3790 2362 3790 2356 3790 2356 3791 2362 3791 1285 3791 1293 3792 1292 3792 2363 3792 1292 3793 1291 3793 2363 3793 2363 3794 1291 3794 2364 3794 1291 3795 1290 3795 2364 3795 2364 3796 1290 3796 2365 3796 1290 3797 1285 3797 2365 3797 2365 3798 1285 3798 2362 3798 2362 3799 2366 3799 2365 3799 2366 3800 2367 3800 2365 3800 2365 3801 2367 3801 2364 3801 2367 3802 2368 3802 2364 3802 2364 3803 2368 3803 2363 3803 2368 3804 2369 3804 2363 3804 2363 3805 2369 3805 1293 3805 1297 3806 1296 3806 2370 3806 1296 3807 1295 3807 2370 3807 2370 3808 1295 3808 2371 3808 1295 3809 1294 3809 2371 3809 2371 3810 1294 3810 2372 3810 1294 3811 1293 3811 2372 3811 2372 3812 1293 3812 2369 3812 2369 3813 2373 3813 2372 3813 2373 3814 2374 3814 2372 3814 2372 3815 2374 3815 2371 3815 2374 3816 2375 3816 2371 3816 2371 3817 2375 3817 2370 3817 2375 3818 2376 3818 2370 3818 2370 3819 2376 3819 1297 3819 1305 3820 1304 3820 2377 3820 1304 3821 1303 3821 2377 3821 2377 3822 1303 3822 2378 3822 1303 3823 1302 3823 2378 3823 2378 3824 1302 3824 2379 3824 1302 3825 1297 3825 2379 3825 2379 3826 1297 3826 2376 3826 2376 3827 2380 3827 2379 3827 2380 3828 2381 3828 2379 3828 2379 3829 2381 3829 2378 3829 2381 3830 2382 3830 2378 3830 2378 3831 2382 3831 2377 3831 2382 3832 2383 3832 2377 3832 2377 3833 2383 3833 1305 3833 1313 3834 1312 3834 2384 3834 1312 3835 1311 3835 2384 3835 2384 3836 1311 3836 2385 3836 1311 3837 1310 3837 2385 3837 2385 3838 1310 3838 2386 3838 1310 3839 1305 3839 2386 3839 2386 3840 1305 3840 2383 3840 2383 3841 2387 3841 2386 3841 2387 3842 2388 3842 2386 3842 2386 3843 2388 3843 2385 3843 2388 3844 2389 3844 2385 3844 2385 3845 2389 3845 2384 3845 2389 3846 2390 3846 2384 3846 2384 3847 2390 3847 1313 3847 1317 3848 1316 3848 2391 3848 1316 3849 1315 3849 2391 3849 2391 3850 1315 3850 2392 3850 1315 3851 1314 3851 2392 3851 2392 3852 1314 3852 2393 3852 1314 3853 1313 3853 2393 3853 2393 3854 1313 3854 2390 3854 2390 3855 2394 3855 2393 3855 2394 3856 2395 3856 2393 3856 2393 3857 2395 3857 2392 3857 2395 3858 2396 3858 2392 3858 2392 3859 2396 3859 2391 3859 2396 3860 2397 3860 2391 3860 2391 3861 2397 3861 1317 3861 1325 3862 1324 3862 2398 3862 1324 3863 1323 3863 2398 3863 2398 3864 1323 3864 2399 3864 1323 3865 1322 3865 2399 3865 2399 3866 1322 3866 2400 3866 1322 3867 1317 3867 2400 3867 2400 3868 1317 3868 2397 3868 2397 3869 2401 3869 2400 3869 2401 3870 2402 3870 2400 3870 2400 3871 2402 3871 2399 3871 2402 3872 2403 3872 2399 3872 2399 3873 2403 3873 2398 3873 2403 3874 2404 3874 2398 3874 2398 3875 2404 3875 1325 3875 1333 3876 1332 3876 2405 3876 1332 3877 1331 3877 2405 3877 2405 3878 1331 3878 2406 3878 1331 3879 1330 3879 2406 3879 2406 3880 1330 3880 2407 3880 1330 3881 1325 3881 2407 3881 2407 3882 1325 3882 2404 3882 2404 3883 2408 3883 2407 3883 2408 3884 2409 3884 2407 3884 2407 3885 2409 3885 2406 3885 2409 3886 2410 3886 2406 3886 2406 3887 2410 3887 2405 3887 2410 3888 2411 3888 2405 3888 2405 3889 2411 3889 1333 3889 1337 3890 1336 3890 2412 3890 1336 3891 1335 3891 2412 3891 2412 3892 1335 3892 2413 3892 1335 3893 1334 3893 2413 3893 2413 3894 1334 3894 2414 3894 1334 3895 1333 3895 2414 3895 2414 3896 1333 3896 2411 3896 2411 3897 2415 3897 2414 3897 2415 3898 2416 3898 2414 3898 2414 3899 2416 3899 2413 3899 2416 3900 2417 3900 2413 3900 2413 3901 2417 3901 2412 3901 2417 3902 2418 3902 2412 3902 2412 3903 2418 3903 1337 3903 1345 3904 1344 3904 2419 3904 1344 3905 1343 3905 2419 3905 2419 3906 1343 3906 2420 3906 1343 3907 1342 3907 2420 3907 2420 3908 1342 3908 2421 3908 1342 3909 1337 3909 2421 3909 2421 3910 1337 3910 2418 3910 2418 3911 2422 3911 2421 3911 2422 3912 2423 3912 2421 3912 2421 3913 2423 3913 2420 3913 2423 3914 2424 3914 2420 3914 2420 3915 2424 3915 2419 3915 2424 3916 2425 3916 2419 3916 2419 3917 2425 3917 1345 3917 1349 3918 1348 3918 2426 3918 1348 3919 1347 3919 2426 3919 2426 3920 1347 3920 2427 3920 1347 3921 1346 3921 2427 3921 2427 3922 1346 3922 2428 3922 1346 3923 1345 3923 2428 3923 2428 3924 1345 3924 2425 3924 2425 3925 2429 3925 2428 3925 2429 3926 2430 3926 2428 3926 2428 3927 2430 3927 2427 3927 2430 3928 2431 3928 2427 3928 2427 3929 2431 3929 2426 3929 2431 3930 2432 3930 2426 3930 2426 3931 2432 3931 1349 3931 1357 3932 1356 3932 2433 3932 1356 3933 1355 3933 2433 3933 2433 3934 1355 3934 2434 3934 1355 3935 1354 3935 2434 3935 2434 3936 1354 3936 2435 3936 1354 3937 1349 3937 2435 3937 2435 3938 1349 3938 2432 3938 2432 3939 2436 3939 2435 3939 2436 3940 2437 3940 2435 3940 2435 3941 2437 3941 2434 3941 2437 3942 2438 3942 2434 3942 2434 3943 2438 3943 2433 3943 2438 3944 2439 3944 2433 3944 2433 3945 2439 3945 1357 3945 1365 3946 1364 3946 2440 3946 1364 3947 1363 3947 2440 3947 2440 3948 1363 3948 2441 3948 1363 3949 1362 3949 2441 3949 2441 3950 1362 3950 2442 3950 1362 3951 1357 3951 2442 3951 2442 3952 1357 3952 2439 3952 2439 3953 2443 3953 2442 3953 2443 3954 2444 3954 2442 3954 2442 3955 2444 3955 2441 3955 2444 3956 2445 3956 2441 3956 2441 3957 2445 3957 2440 3957 2445 3958 2446 3958 2440 3958 2440 3959 2446 3959 1365 3959 1369 3960 1368 3960 2447 3960 1368 3961 1367 3961 2447 3961 2447 3962 1367 3962 2448 3962 1367 3963 1366 3963 2448 3963 2448 3964 1366 3964 2449 3964 1366 3965 1365 3965 2449 3965 2449 3966 1365 3966 2446 3966 2446 3967 2450 3967 2449 3967 2450 3968 2451 3968 2449 3968 2449 3969 2451 3969 2448 3969 2451 3970 2452 3970 2448 3970 2448 3971 2452 3971 2447 3971 2452 3972 2453 3972 2447 3972 2447 3973 2453 3973 1369 3973 1377 3974 1376 3974 2454 3974 1376 3975 1375 3975 2454 3975 2454 3976 1375 3976 2455 3976 1375 3977 1374 3977 2455 3977 2455 3978 1374 3978 2456 3978 1374 3979 1369 3979 2456 3979 2456 3980 1369 3980 2453 3980 2453 3981 2457 3981 2456 3981 2457 3982 2458 3982 2456 3982 2456 3983 2458 3983 2455 3983 2458 3984 2459 3984 2455 3984 2455 3985 2459 3985 2454 3985 2459 3986 2460 3986 2454 3986 2454 3987 2460 3987 1377 3987 1381 3988 1380 3988 2461 3988 1380 3989 1379 3989 2461 3989 2461 3990 1379 3990 2462 3990 1379 3991 1378 3991 2462 3991 2462 3992 1378 3992 2463 3992 1378 3993 1377 3993 2463 3993 2463 3994 1377 3994 2460 3994 2460 3995 2464 3995 2463 3995 2464 3996 2465 3996 2463 3996 2463 3997 2465 3997 2462 3997 2465 3998 2466 3998 2462 3998 2462 3999 2466 3999 2461 3999 2466 4000 2467 4000 2461 4000 2461 4001 2467 4001 1381 4001 1389 4002 1388 4002 2468 4002 1388 4003 1387 4003 2468 4003 2468 4004 1387 4004 2469 4004 1387 4005 1386 4005 2469 4005 2469 4006 1386 4006 2470 4006 1386 4007 1381 4007 2470 4007 2470 4008 1381 4008 2467 4008 2467 4009 2471 4009 2470 4009 2471 4010 2472 4010 2470 4010 2470 4011 2472 4011 2469 4011 2472 4012 2473 4012 2469 4012 2469 4013 2473 4013 2468 4013 2473 4014 2474 4014 2468 4014 2468 4015 2474 4015 1389 4015 1393 4016 1392 4016 2475 4016 1392 4017 1391 4017 2475 4017 2475 4018 1391 4018 2476 4018 1391 4019 1390 4019 2476 4019 2476 4020 1390 4020 2477 4020 1390 4021 1389 4021 2477 4021 2477 4022 1389 4022 2474 4022 2474 4023 2478 4023 2477 4023 2478 4024 2479 4024 2477 4024 2477 4025 2479 4025 2476 4025 2479 4026 2480 4026 2476 4026 2476 4027 2480 4027 2475 4027 2480 4028 2481 4028 2475 4028 2475 4029 2481 4029 1393 4029 1397 4030 1396 4030 2482 4030 1396 4031 1395 4031 2482 4031 2482 4032 1395 4032 2483 4032 1395 4033 1394 4033 2483 4033 2483 4034 1394 4034 2484 4034 1394 4035 1393 4035 2484 4035 2484 4036 1393 4036 2481 4036 2481 4037 2485 4037 2484 4037 2485 4038 2486 4038 2484 4038 2484 4039 2486 4039 2483 4039 2486 4040 2487 4040 2483 4040 2483 4041 2487 4041 2482 4041 2487 4042 2488 4042 2482 4042 2482 4043 2488 4043 1397 4043 1401 4044 1400 4044 2489 4044 1400 4045 1399 4045 2489 4045 2489 4046 1399 4046 2490 4046 1399 4047 1398 4047 2490 4047 2490 4048 1398 4048 2491 4048 1398 4049 1397 4049 2491 4049 2491 4050 1397 4050 2488 4050 2488 4051 2492 4051 2491 4051 2492 4052 2493 4052 2491 4052 2491 4053 2493 4053 2490 4053 2493 4054 2494 4054 2490 4054 2490 4055 2494 4055 2489 4055 2494 4056 2495 4056 2489 4056 2489 4057 2495 4057 1401 4057 1405 4058 1404 4058 2496 4058 1404 4059 1403 4059 2496 4059 2496 4060 1403 4060 2497 4060 1403 4061 1402 4061 2497 4061 2497 4062 1402 4062 2498 4062 1402 4063 1401 4063 2498 4063 2498 4064 1401 4064 2495 4064 2495 4065 2499 4065 2498 4065 2499 4066 2500 4066 2498 4066 2498 4067 2500 4067 2497 4067 2500 4068 2501 4068 2497 4068 2497 4069 2501 4069 2496 4069 2501 4070 2502 4070 2496 4070 2496 4071 2502 4071 1405 4071 1409 4072 1408 4072 2503 4072 1408 4073 1407 4073 2503 4073 2503 4074 1407 4074 2504 4074 1407 4075 1406 4075 2504 4075 2504 4076 1406 4076 2505 4076 1406 4077 1405 4077 2505 4077 2505 4078 1405 4078 2502 4078 2502 4079 2506 4079 2505 4079 2506 4080 2507 4080 2505 4080 2505 4081 2507 4081 2504 4081 2507 4082 2508 4082 2504 4082 2504 4083 2508 4083 2503 4083 2508 4084 2099 4084 2503 4084 2503 4085 2099 4085 1409 4085 986 4086 1486 4086 2509 4086 986 4087 2509 4087 2510 4087 986 4088 2510 4088 2511 4088 986 4089 2511 4089 2512 4089 1486 4090 986 4090 985 4090 1486 4091 985 4091 984 4091 1486 4092 984 4092 983 4092 1486 4093 983 4093 975 4093 975 4094 2513 4094 2514 4094 975 4095 2514 4095 2515 4095 975 4096 2515 4096 2516 4096 975 4097 2516 4097 1486 4097 2513 4098 975 4098 974 4098 2513 4099 974 4099 973 4099 2513 4100 973 4100 972 4100 2513 4101 972 4101 964 4101 964 4102 2517 4102 2518 4102 964 4103 2518 4103 2519 4103 964 4104 2519 4104 2520 4104 964 4105 2520 4105 2513 4105 2517 4106 964 4106 963 4106 2517 4107 963 4107 962 4107 2517 4108 962 4108 961 4108 2517 4109 961 4109 953 4109 953 4110 2521 4110 2522 4110 953 4111 2522 4111 2523 4111 953 4112 2523 4112 2524 4112 953 4113 2524 4113 2517 4113 2521 4114 953 4114 2460 4114 2521 4115 2460 4115 2459 4115 2521 4116 2459 4116 2458 4116 2521 4117 2458 4117 2457 4117 2521 4118 2457 4118 2453 4118 2512 4119 997 4119 996 4119 2512 4120 996 4120 995 4120 2512 4121 995 4121 994 4121 2512 4122 994 4122 986 4122 997 4123 2512 4123 2525 4123 997 4124 2525 4124 2526 4124 997 4125 2526 4125 2527 4125 997 4126 2527 4126 2528 4126 2528 4127 1008 4127 1007 4127 2528 4128 1007 4128 1006 4128 2528 4129 1006 4129 1005 4129 2528 4130 1005 4130 997 4130 1008 4131 2528 4131 2529 4131 1008 4132 2529 4132 2530 4132 1008 4133 2530 4133 2531 4133 1008 4134 2531 4134 2532 4134 2532 4135 1019 4135 1018 4135 2532 4136 1018 4136 1017 4136 2532 4137 1017 4137 1016 4137 2532 4138 1016 4138 1008 4138 1019 4139 2532 4139 2159 4139 1019 4140 2159 4140 2158 4140 1019 4141 2158 4141 2157 4141 1019 4142 2157 4142 2156 4142 1019 4143 2156 4143 2152 4143 2532 4144 2166 4144 2165 4144 2532 4145 2165 4145 2164 4145 2532 4146 2164 4146 2163 4146 2532 4147 2163 4147 2159 4147 2166 4148 2532 4148 2533 4148 2166 4149 2533 4149 2534 4149 2166 4150 2534 4150 2535 4150 2166 4151 2535 4151 2536 4151 2536 4152 2173 4152 2172 4152 2536 4153 2172 4153 2171 4153 2536 4154 2171 4154 2170 4154 2536 4155 2170 4155 2166 4155 2536 4156 2180 4156 2179 4156 2536 4157 2179 4157 2178 4157 2536 4158 2178 4158 2177 4158 2536 4159 2177 4159 2173 4159 2536 4160 2187 4160 2186 4160 2536 4161 2186 4161 2185 4161 2536 4162 2185 4162 2184 4162 2536 4163 2184 4163 2180 4163 2187 4164 2536 4164 2537 4164 2187 4165 2537 4165 2538 4165 2187 4166 2538 4166 2539 4166 2187 4167 2539 4167 2540 4167 2540 4168 2194 4168 2193 4168 2540 4169 2193 4169 2192 4169 2540 4170 2192 4170 2191 4170 2540 4171 2191 4171 2187 4171 2540 4172 2201 4172 2200 4172 2540 4173 2200 4173 2199 4173 2540 4174 2199 4174 2198 4174 2540 4175 2198 4175 2194 4175 2540 4176 2208 4176 2207 4176 2540 4177 2207 4177 2206 4177 2540 4178 2206 4178 2205 4178 2540 4179 2205 4179 2201 4179 2208 4180 2540 4180 2541 4180 2208 4181 2541 4181 1558 4181 2208 4182 1558 4182 2542 4182 2208 4183 2542 4183 2543 4183 2543 4184 2215 4184 2214 4184 2543 4185 2214 4185 2213 4185 2543 4186 2213 4186 2212 4186 2543 4187 2212 4187 2208 4187 2543 4188 2222 4188 2221 4188 2543 4189 2221 4189 2220 4189 2543 4190 2220 4190 2219 4190 2543 4191 2219 4191 2215 4191 2222 4192 2543 4192 2544 4192 2222 4193 2544 4193 2545 4193 2222 4194 2545 4194 2546 4194 2222 4195 2546 4195 2547 4195 2547 4196 2229 4196 2228 4196 2547 4197 2228 4197 2227 4197 2547 4198 2227 4198 2226 4198 2547 4199 2226 4199 2222 4199 2547 4200 2236 4200 2235 4200 2547 4201 2235 4201 2234 4201 2547 4202 2234 4202 2233 4202 2547 4203 2233 4203 2229 4203 2547 4204 2243 4204 2242 4204 2547 4205 2242 4205 2241 4205 2547 4206 2241 4206 2240 4206 2547 4207 2240 4207 2236 4207 2243 4208 2547 4208 2548 4208 2243 4209 2548 4209 2549 4209 2243 4210 2549 4210 2550 4210 2243 4211 2550 4211 2551 4211 2551 4212 2250 4212 2249 4212 2551 4213 2249 4213 2248 4213 2551 4214 2248 4214 2247 4214 2551 4215 2247 4215 2243 4215 2250 4216 2551 4216 832 4216 832 4217 2257 4217 2256 4217 832 4218 2256 4218 2255 4218 832 4219 2255 4219 2254 4219 832 4220 2254 4220 2250 4220 2257 4221 832 4221 831 4221 2257 4222 831 4222 830 4222 2257 4223 830 4223 829 4223 2257 4224 829 4224 821 4224 821 4225 2264 4225 2263 4225 821 4226 2263 4226 2262 4226 821 4227 2262 4227 2261 4227 821 4228 2261 4228 2257 4228 821 4229 2271 4229 2270 4229 821 4230 2270 4230 2269 4230 821 4231 2269 4231 2268 4231 821 4232 2268 4232 2264 4232 2271 4233 821 4233 820 4233 2271 4234 820 4234 819 4234 2271 4235 819 4235 818 4235 2271 4236 818 4236 810 4236 810 4237 2278 4237 2277 4237 810 4238 2277 4238 2276 4238 810 4239 2276 4239 2275 4239 810 4240 2275 4240 2271 4240 2278 4241 810 4241 809 4241 2278 4242 809 4242 808 4242 2278 4243 808 4243 807 4243 2278 4244 807 4244 799 4244 799 4245 2285 4245 2284 4245 799 4246 2284 4246 2283 4246 799 4247 2283 4247 2282 4247 799 4248 2282 4248 2278 4248 2285 4249 799 4249 798 4249 2285 4250 798 4250 797 4250 2285 4251 797 4251 796 4251 2285 4252 796 4252 788 4252 788 4253 2292 4253 2291 4253 788 4254 2291 4254 2290 4254 788 4255 2290 4255 2289 4255 788 4256 2289 4256 2285 4256 2292 4257 788 4257 787 4257 2292 4258 787 4258 786 4258 2292 4259 786 4259 785 4259 2292 4260 785 4260 777 4260 777 4261 2299 4261 2298 4261 777 4262 2298 4262 2297 4262 777 4263 2297 4263 2296 4263 777 4264 2296 4264 2292 4264 2299 4265 777 4265 776 4265 2299 4266 776 4266 775 4266 2299 4267 775 4267 774 4267 2299 4268 774 4268 766 4268 766 4269 2306 4269 2305 4269 766 4270 2305 4270 2304 4270 766 4271 2304 4271 2303 4271 766 4272 2303 4272 2299 4272 2306 4273 766 4273 765 4273 2306 4274 765 4274 764 4274 2306 4275 764 4275 763 4275 2306 4276 763 4276 755 4276 2306 4277 755 4277 754 4277 2306 4278 754 4278 753 4278 2306 4279 753 4279 752 4279 2306 4280 752 4280 744 4280 832 4281 2551 4281 2552 4281 832 4282 2552 4282 2553 4282 832 4283 2553 4283 2554 4283 832 4284 2554 4284 2555 4284 2555 4285 843 4285 842 4285 2555 4286 842 4286 841 4286 2555 4287 841 4287 840 4287 2555 4288 840 4288 832 4288 843 4289 2555 4289 2556 4289 843 4290 2556 4290 2557 4290 843 4291 2557 4291 2558 4291 843 4292 2558 4292 2559 4292 2559 4293 619 4293 852 4293 2559 4294 852 4294 851 4294 2559 4295 851 4295 850 4295 2559 4296 850 4296 843 4296 619 4297 2559 4297 2560 4297 619 4298 2560 4298 2561 4298 619 4299 2561 4299 2562 4299 619 4300 2562 4300 1614 4300 1614 4301 623 4301 622 4301 1614 4302 622 4302 621 4302 1614 4303 621 4303 620 4303 1614 4304 620 4304 619 4304 623 4305 1614 4305 2563 4305 623 4306 2563 4306 2564 4306 623 4307 2564 4307 2565 4307 623 4308 2565 4308 2566 4308 2566 4309 634 4309 633 4309 2566 4310 633 4310 632 4310 2566 4311 632 4311 631 4311 2566 4312 631 4312 623 4312 634 4313 2566 4313 2567 4313 634 4314 2567 4314 2568 4314 634 4315 2568 4315 2569 4315 634 4316 2569 4316 2570 4316 2570 4317 645 4317 644 4317 2570 4318 644 4318 643 4318 2570 4319 643 4319 642 4319 2570 4320 642 4320 634 4320 645 4321 2570 4321 2571 4321 645 4322 2571 4322 2572 4322 645 4323 2572 4323 2573 4323 645 4324 2573 4324 2574 4324 2574 4325 656 4325 655 4325 2574 4326 655 4326 654 4326 2574 4327 654 4327 653 4327 2574 4328 653 4328 645 4328 656 4329 2574 4329 2369 4329 656 4330 2369 4330 2368 4330 656 4331 2368 4331 2367 4331 656 4332 2367 4332 2366 4332 656 4333 2366 4333 2362 4333 2574 4334 2376 4334 2375 4334 2574 4335 2375 4335 2374 4335 2574 4336 2374 4336 2373 4336 2574 4337 2373 4337 2369 4337 2376 4338 2574 4338 2575 4338 2376 4339 2575 4339 2576 4339 2376 4340 2576 4340 2577 4340 2376 4341 2577 4341 2578 4341 2578 4342 2383 4342 2382 4342 2578 4343 2382 4343 2381 4343 2578 4344 2381 4344 2380 4344 2578 4345 2380 4345 2376 4345 2578 4346 2390 4346 2389 4346 2578 4347 2389 4347 2388 4347 2578 4348 2388 4348 2387 4348 2578 4349 2387 4349 2383 4349 2578 4350 2397 4350 2396 4350 2578 4351 2396 4351 2395 4351 2578 4352 2395 4352 2394 4352 2578 4353 2394 4353 2390 4353 2397 4354 2578 4354 2579 4354 2397 4355 2579 4355 2580 4355 2397 4356 2580 4356 2581 4356 2397 4357 2581 4357 2582 4357 2582 4358 2404 4358 2403 4358 2582 4359 2403 4359 2402 4359 2582 4360 2402 4360 2401 4360 2582 4361 2401 4361 2397 4361 2582 4362 2411 4362 2410 4362 2582 4363 2410 4363 2409 4363 2582 4364 2409 4364 2408 4364 2582 4365 2408 4365 2404 4365 2411 4366 2582 4366 2583 4366 2411 4367 2583 4367 1688 4367 2411 4368 1688 4368 2584 4368 2411 4369 2584 4369 2585 4369 2585 4370 2418 4370 2417 4370 2585 4371 2417 4371 2416 4371 2585 4372 2416 4372 2415 4372 2585 4373 2415 4373 2411 4373 2585 4374 2425 4374 2424 4374 2585 4375 2424 4375 2423 4375 2585 4376 2423 4376 2422 4376 2585 4377 2422 4377 2418 4377 2585 4378 2432 4378 2431 4378 2585 4379 2431 4379 2430 4379 2585 4380 2430 4380 2429 4380 2585 4381 2429 4381 2425 4381 2432 4382 2585 4382 2586 4382 2432 4383 2586 4383 2587 4383 2432 4384 2587 4384 2588 4384 2432 4385 2588 4385 2589 4385 2589 4386 2439 4386 2438 4386 2589 4387 2438 4387 2437 4387 2589 4388 2437 4388 2436 4388 2589 4389 2436 4389 2432 4389 2589 4390 2446 4390 2445 4390 2589 4391 2445 4391 2444 4391 2589 4392 2444 4392 2443 4392 2589 4393 2443 4393 2439 4393 2589 4394 2453 4394 2452 4394 2589 4395 2452 4395 2451 4395 2589 4396 2451 4396 2450 4396 2589 4397 2450 4397 2446 4397 2453 4398 2589 4398 2590 4398 2453 4399 2590 4399 2591 4399 2453 4400 2591 4400 2592 4400 2453 4401 2592 4401 2521 4401 744 4402 2313 4402 2312 4402 744 4403 2312 4403 2311 4403 744 4404 2311 4404 2310 4404 744 4405 2310 4405 2306 4405 2313 4406 744 4406 743 4406 2313 4407 743 4407 742 4407 2313 4408 742 4408 741 4408 2313 4409 741 4409 733 4409 2313 4410 733 4410 732 4410 2313 4411 732 4411 731 4411 2313 4412 731 4412 730 4412 2313 4413 730 4413 722 4413 722 4414 2320 4414 2319 4414 722 4415 2319 4415 2318 4415 722 4416 2318 4416 2317 4416 722 4417 2317 4417 2313 4417 2320 4418 722 4418 721 4418 2320 4419 721 4419 720 4419 2320 4420 720 4420 719 4420 2320 4421 719 4421 711 4421 711 4422 2327 4422 2326 4422 711 4423 2326 4423 2325 4423 711 4424 2325 4424 2324 4424 711 4425 2324 4425 2320 4425 2327 4426 711 4426 710 4426 2327 4427 710 4427 709 4427 2327 4428 709 4428 708 4428 2327 4429 708 4429 700 4429 700 4430 2334 4430 2333 4430 700 4431 2333 4431 2332 4431 700 4432 2332 4432 2331 4432 700 4433 2331 4433 2327 4433 2334 4434 700 4434 699 4434 2334 4435 699 4435 698 4435 2334 4436 698 4436 697 4436 2334 4437 697 4437 689 4437 689 4438 2341 4438 2340 4438 689 4439 2340 4439 2339 4439 689 4440 2339 4440 2338 4440 689 4441 2338 4441 2334 4441 2341 4442 689 4442 688 4442 2341 4443 688 4443 687 4443 2341 4444 687 4444 686 4444 2341 4445 686 4445 678 4445 678 4446 2348 4446 2347 4446 678 4447 2347 4447 2346 4447 678 4448 2346 4448 2345 4448 678 4449 2345 4449 2341 4449 2348 4450 678 4450 677 4450 2348 4451 677 4451 676 4451 2348 4452 676 4452 675 4452 2348 4453 675 4453 667 4453 667 4454 2355 4454 2354 4454 667 4455 2354 4455 2353 4455 667 4456 2353 4456 2352 4456 667 4457 2352 4457 2348 4457 667 4458 2362 4458 2361 4458 667 4459 2361 4459 2360 4459 667 4460 2360 4460 2359 4460 667 4461 2359 4461 2355 4461 2362 4462 667 4462 666 4462 2362 4463 666 4463 665 4463 2362 4464 665 4464 664 4464 2362 4465 664 4465 656 4465 2103 4466 876 4466 875 4466 2103 4467 875 4467 874 4467 2103 4468 874 4468 873 4468 2103 4469 873 4469 865 4469 2103 4470 865 4470 864 4470 2103 4471 864 4471 863 4471 2103 4472 863 4472 862 4472 2103 4473 862 4473 861 4473 861 4474 2110 4474 2109 4474 861 4475 2109 4475 2108 4475 861 4476 2108 4476 2107 4476 861 4477 2107 4477 2103 4477 2110 4478 861 4478 1094 4478 2110 4479 1094 4479 1093 4479 2110 4480 1093 4480 1092 4480 2110 4481 1092 4481 1085 4481 1085 4482 2117 4482 2116 4482 1085 4483 2116 4483 2115 4483 1085 4484 2115 4484 2114 4484 1085 4485 2114 4485 2110 4485 2117 4486 1085 4486 1084 4486 2117 4487 1084 4487 1083 4487 2117 4488 1083 4488 1082 4488 2117 4489 1082 4489 1074 4489 2117 4490 1074 4490 1073 4490 2117 4491 1073 4491 1072 4491 2117 4492 1072 4492 1071 4492 2117 4493 1071 4493 1063 4493 1063 4494 2124 4494 2123 4494 1063 4495 2123 4495 2122 4495 1063 4496 2122 4496 2121 4496 1063 4497 2121 4497 2117 4497 2124 4498 1063 4498 1062 4498 2124 4499 1062 4499 1061 4499 2124 4500 1061 4500 1060 4500 2124 4501 1060 4501 1052 4501 1052 4502 2131 4502 2130 4502 1052 4503 2130 4503 2129 4503 1052 4504 2129 4504 2128 4504 1052 4505 2128 4505 2124 4505 2131 4506 1052 4506 1051 4506 2131 4507 1051 4507 1050 4507 2131 4508 1050 4508 1049 4508 2131 4509 1049 4509 1041 4509 1041 4510 2138 4510 2137 4510 1041 4511 2137 4511 2136 4511 1041 4512 2136 4512 2135 4512 1041 4513 2135 4513 2131 4513 2138 4514 1041 4514 1040 4514 2138 4515 1040 4515 1039 4515 2138 4516 1039 4516 1038 4516 2138 4517 1038 4517 1030 4517 1030 4518 2145 4518 2144 4518 1030 4519 2144 4519 2143 4519 1030 4520 2143 4520 2142 4520 1030 4521 2142 4521 2138 4521 1030 4522 2152 4522 2151 4522 1030 4523 2151 4523 2150 4523 1030 4524 2150 4524 2149 4524 1030 4525 2149 4525 2145 4525 2152 4526 1030 4526 1029 4526 2152 4527 1029 4527 1028 4527 2152 4528 1028 4528 1027 4528 2152 4529 1027 4529 1019 4529 953 4530 2467 4530 2466 4530 953 4531 2466 4531 2465 4531 953 4532 2465 4532 2464 4532 953 4533 2464 4533 2460 4533 2467 4534 953 4534 952 4534 2467 4535 952 4535 951 4535 2467 4536 951 4536 950 4536 2467 4537 950 4537 942 4537 942 4538 2474 4538 2473 4538 942 4539 2473 4539 2472 4539 942 4540 2472 4540 2471 4540 942 4541 2471 4541 2467 4541 942 4542 2481 4542 2480 4542 942 4543 2480 4543 2479 4543 942 4544 2479 4544 2478 4544 942 4545 2478 4545 2474 4545 2481 4546 942 4546 941 4546 2481 4547 941 4547 940 4547 2481 4548 940 4548 939 4548 2481 4549 939 4549 931 4549 931 4550 2488 4550 2487 4550 931 4551 2487 4551 2486 4551 931 4552 2486 4552 2485 4552 931 4553 2485 4553 2481 4553 2488 4554 931 4554 930 4554 2488 4555 930 4555 929 4555 2488 4556 929 4556 928 4556 2488 4557 928 4557 920 4557 920 4558 2495 4558 2494 4558 920 4559 2494 4559 2493 4559 920 4560 2493 4560 2492 4560 920 4561 2492 4561 2488 4561 2495 4562 920 4562 919 4562 2495 4563 919 4563 918 4563 2495 4564 918 4564 917 4564 2495 4565 917 4565 909 4565 909 4566 2502 4566 2501 4566 909 4567 2501 4567 2500 4567 909 4568 2500 4568 2499 4568 909 4569 2499 4569 2495 4569 2502 4570 909 4570 908 4570 2502 4571 908 4571 907 4571 2502 4572 907 4572 906 4572 2502 4573 906 4573 898 4573 2502 4574 898 4574 897 4574 2502 4575 897 4575 896 4575 2502 4576 896 4576 895 4576 2502 4577 895 4577 887 4577 887 4578 2099 4578 2508 4578 887 4579 2508 4579 2507 4579 887 4580 2507 4580 2506 4580 887 4581 2506 4581 2502 4581 2099 4582 887 4582 886 4582 2099 4583 886 4583 885 4583 2099 4584 885 4584 884 4584 2099 4585 884 4585 876 4585 876 4586 2103 4586 2102 4586 876 4587 2102 4587 2101 4587 876 4588 2101 4588 2100 4588 876 4589 2100 4589 2099 4589 1744 4590 1743 4590 2593 4590 1743 4591 1742 4591 2593 4591 2593 4592 1742 4592 2594 4592 1742 4593 1741 4593 2594 4593 2594 4594 1741 4594 2595 4594 1741 4595 1735 4595 2595 4595 2595 4596 1735 4596 1318 4596 1318 4597 1329 4597 2595 4597 1329 4598 1328 4598 2595 4598 2595 4599 1328 4599 2594 4599 1328 4600 1327 4600 2594 4600 2594 4601 1327 4601 2593 4601 1327 4602 1326 4602 2593 4602 2593 4603 1326 4603 1744 4603 1748 4604 1747 4604 2596 4604 1747 4605 1746 4605 2596 4605 2596 4606 1746 4606 2597 4606 1746 4607 1745 4607 2597 4607 2597 4608 1745 4608 2598 4608 1745 4609 1744 4609 2598 4609 2598 4610 1744 4610 1326 4610 1326 4611 1341 4611 2598 4611 1341 4612 1340 4612 2598 4612 2598 4613 1340 4613 2597 4613 1340 4614 1339 4614 2597 4614 2597 4615 1339 4615 2596 4615 1339 4616 1338 4616 2596 4616 2596 4617 1338 4617 1748 4617 1989 4618 1999 4618 2599 4618 1999 4619 1998 4619 2599 4619 2599 4620 1998 4620 2600 4620 1998 4621 1997 4621 2600 4621 2600 4622 1997 4622 2601 4622 1997 4623 1748 4623 2601 4623 2601 4624 1748 4624 1338 4624 1338 4625 1353 4625 2601 4625 1353 4626 1352 4626 2601 4626 2601 4627 1352 4627 2600 4627 1352 4628 1351 4628 2600 4628 2600 4629 1351 4629 2599 4629 1351 4630 1350 4630 2599 4630 2599 4631 1350 4631 1989 4631 1981 4632 1992 4632 2602 4632 1992 4633 1991 4633 2602 4633 2602 4634 1991 4634 2603 4634 1991 4635 1990 4635 2603 4635 2603 4636 1990 4636 2604 4636 1990 4637 1989 4637 2604 4637 2604 4638 1989 4638 1350 4638 1350 4639 1361 4639 2604 4639 1361 4640 1360 4640 2604 4640 2604 4641 1360 4641 2603 4641 1360 4642 1359 4642 2603 4642 2603 4643 1359 4643 2602 4643 1359 4644 1358 4644 2602 4644 2602 4645 1358 4645 1981 4645 1973 4646 1984 4646 2605 4646 1984 4647 1983 4647 2605 4647 2605 4648 1983 4648 2606 4648 1983 4649 1982 4649 2606 4649 2606 4650 1982 4650 2607 4650 1982 4651 1981 4651 2607 4651 2607 4652 1981 4652 1358 4652 1358 4653 1373 4653 2607 4653 1373 4654 1372 4654 2607 4654 2607 4655 1372 4655 2606 4655 1372 4656 1371 4656 2606 4656 2606 4657 1371 4657 2605 4657 1371 4658 1370 4658 2605 4658 2605 4659 1370 4659 1973 4659 1965 4660 1976 4660 2608 4660 1976 4661 1975 4661 2608 4661 2608 4662 1975 4662 2609 4662 1975 4663 1974 4663 2609 4663 2609 4664 1974 4664 2610 4664 1974 4665 1973 4665 2610 4665 2610 4666 1973 4666 1370 4666 1370 4667 1385 4667 2610 4667 1385 4668 1384 4668 2610 4668 2610 4669 1384 4669 2609 4669 1384 4670 1383 4670 2609 4670 2609 4671 1383 4671 2608 4671 1383 4672 1382 4672 2608 4672 2608 4673 1382 4673 1965 4673 1957 4674 1968 4674 2611 4674 1968 4675 1967 4675 2611 4675 2611 4676 1967 4676 2612 4676 1967 4677 1966 4677 2612 4677 2612 4678 1966 4678 2613 4678 1966 4679 1965 4679 2613 4679 2613 4680 1965 4680 1382 4680 1382 4681 1416 4681 2613 4681 1416 4682 1415 4682 2613 4682 2613 4683 1415 4683 2612 4683 1415 4684 1414 4684 2612 4684 2612 4685 1414 4685 2611 4685 1414 4686 1413 4686 2611 4686 2611 4687 1413 4687 1957 4687 1953 4688 1960 4688 2614 4688 1960 4689 1959 4689 2614 4689 2614 4690 1959 4690 2615 4690 1959 4691 1958 4691 2615 4691 2615 4692 1958 4692 2616 4692 1958 4693 1957 4693 2616 4693 2616 4694 1957 4694 1413 4694 1413 4695 1420 4695 2616 4695 1420 4696 1419 4696 2616 4696 2616 4697 1419 4697 2615 4697 1419 4698 1418 4698 2615 4698 2615 4699 1418 4699 2614 4699 1418 4700 1417 4700 2614 4700 2614 4701 1417 4701 1953 4701 1945 4702 1956 4702 2617 4702 1956 4703 1955 4703 2617 4703 2617 4704 1955 4704 2618 4704 1955 4705 1954 4705 2618 4705 2618 4706 1954 4706 2619 4706 1954 4707 1953 4707 2619 4707 2619 4708 1953 4708 1417 4708 1417 4709 1424 4709 2619 4709 1424 4710 1423 4710 2619 4710 2619 4711 1423 4711 2618 4711 1423 4712 1422 4712 2618 4712 2618 4713 1422 4713 2617 4713 1422 4714 1421 4714 2617 4714 2617 4715 1421 4715 1945 4715 1937 4716 1948 4716 2620 4716 1948 4717 1947 4717 2620 4717 2620 4718 1947 4718 2621 4718 1947 4719 1946 4719 2621 4719 2621 4720 1946 4720 2622 4720 1946 4721 1945 4721 2622 4721 2622 4722 1945 4722 1421 4722 1421 4723 1428 4723 2622 4723 1428 4724 1427 4724 2622 4724 2622 4725 1427 4725 2621 4725 1427 4726 1426 4726 2621 4726 2621 4727 1426 4727 2620 4727 1426 4728 1425 4728 2620 4728 2620 4729 1425 4729 1937 4729 1929 4730 1940 4730 2623 4730 1940 4731 1939 4731 2623 4731 2623 4732 1939 4732 2624 4732 1939 4733 1938 4733 2624 4733 2624 4734 1938 4734 2625 4734 1938 4735 1937 4735 2625 4735 2625 4736 1937 4736 1425 4736 1425 4737 1432 4737 2625 4737 1432 4738 1431 4738 2625 4738 2625 4739 1431 4739 2624 4739 1431 4740 1430 4740 2624 4740 2624 4741 1430 4741 2623 4741 1430 4742 1429 4742 2623 4742 2623 4743 1429 4743 1929 4743 1921 4744 1932 4744 2626 4744 1932 4745 1931 4745 2626 4745 2626 4746 1931 4746 2627 4746 1931 4747 1930 4747 2627 4747 2627 4748 1930 4748 2628 4748 1930 4749 1929 4749 2628 4749 2628 4750 1929 4750 1429 4750 1429 4751 1436 4751 2628 4751 1436 4752 1435 4752 2628 4752 2628 4753 1435 4753 2627 4753 1435 4754 1434 4754 2627 4754 2627 4755 1434 4755 2626 4755 1434 4756 1433 4756 2626 4756 2626 4757 1433 4757 1921 4757 1913 4758 1924 4758 2629 4758 1924 4759 1923 4759 2629 4759 2629 4760 1923 4760 2630 4760 1923 4761 1922 4761 2630 4761 2630 4762 1922 4762 2631 4762 1922 4763 1921 4763 2631 4763 2631 4764 1921 4764 1433 4764 1433 4765 1440 4765 2631 4765 1440 4766 1439 4766 2631 4766 2631 4767 1439 4767 2630 4767 1439 4768 1438 4768 2630 4768 2630 4769 1438 4769 2629 4769 1438 4770 1437 4770 2629 4770 2629 4771 1437 4771 1913 4771 1905 4772 1916 4772 2632 4772 1916 4773 1915 4773 2632 4773 2632 4774 1915 4774 2633 4774 1915 4775 1914 4775 2633 4775 2633 4776 1914 4776 2634 4776 1914 4777 1913 4777 2634 4777 2634 4778 1913 4778 1437 4778 1437 4779 1443 4779 2634 4779 1443 4780 1442 4780 2634 4780 2634 4781 1442 4781 2633 4781 1442 4782 1441 4782 2633 4782 2633 4783 1441 4783 2632 4783 1441 4784 1120 4784 2632 4784 2632 4785 1120 4785 1905 4785 1901 4786 1908 4786 2635 4786 1908 4787 1907 4787 2635 4787 2635 4788 1907 4788 2636 4788 1907 4789 1906 4789 2636 4789 2636 4790 1906 4790 2637 4790 1906 4791 1905 4791 2637 4791 2637 4792 1905 4792 1120 4792 1120 4793 1128 4793 2637 4793 1128 4794 1127 4794 2637 4794 2637 4795 1127 4795 2636 4795 1127 4796 1126 4796 2636 4796 2636 4797 1126 4797 2635 4797 1126 4798 1125 4798 2635 4798 2635 4799 1125 4799 1901 4799 1893 4800 1904 4800 2638 4800 1904 4801 1903 4801 2638 4801 2638 4802 1903 4802 2639 4802 1903 4803 1902 4803 2639 4803 2639 4804 1902 4804 2640 4804 1902 4805 1901 4805 2640 4805 2640 4806 1901 4806 1125 4806 1125 4807 1140 4807 2640 4807 1140 4808 1139 4808 2640 4808 2640 4809 1139 4809 2639 4809 1139 4810 1138 4810 2639 4810 2639 4811 1138 4811 2638 4811 1138 4812 1137 4812 2638 4812 2638 4813 1137 4813 1893 4813 1885 4814 1896 4814 2641 4814 1896 4815 1895 4815 2641 4815 2641 4816 1895 4816 2642 4816 1895 4817 1894 4817 2642 4817 2642 4818 1894 4818 2643 4818 1894 4819 1893 4819 2643 4819 2643 4820 1893 4820 1137 4820 1137 4821 1152 4821 2643 4821 1152 4822 1151 4822 2643 4822 2643 4823 1151 4823 2642 4823 1151 4824 1150 4824 2642 4824 2642 4825 1150 4825 2641 4825 1150 4826 1149 4826 2641 4826 2641 4827 1149 4827 1885 4827 1877 4828 1888 4828 2644 4828 1888 4829 1887 4829 2644 4829 2644 4830 1887 4830 2645 4830 1887 4831 1886 4831 2645 4831 2645 4832 1886 4832 2646 4832 1886 4833 1885 4833 2646 4833 2646 4834 1885 4834 1149 4834 1149 4835 1160 4835 2646 4835 1160 4836 1159 4836 2646 4836 2646 4837 1159 4837 2645 4837 1159 4838 1158 4838 2645 4838 2645 4839 1158 4839 2644 4839 1158 4840 1157 4840 2644 4840 2644 4841 1157 4841 1877 4841 1869 4842 1880 4842 2647 4842 1880 4843 1879 4843 2647 4843 2647 4844 1879 4844 2648 4844 1879 4845 1878 4845 2648 4845 2648 4846 1878 4846 2649 4846 1878 4847 1877 4847 2649 4847 2649 4848 1877 4848 1157 4848 1157 4849 1172 4849 2649 4849 1172 4850 1171 4850 2649 4850 2649 4851 1171 4851 2648 4851 1171 4852 1170 4852 2648 4852 2648 4853 1170 4853 2647 4853 1170 4854 1169 4854 2647 4854 2647 4855 1169 4855 1869 4855 1861 4856 1872 4856 2650 4856 1872 4857 1871 4857 2650 4857 2650 4858 1871 4858 2651 4858 1871 4859 1870 4859 2651 4859 2651 4860 1870 4860 2652 4860 1870 4861 1869 4861 2652 4861 2652 4862 1869 4862 1169 4862 1169 4863 1184 4863 2652 4863 1184 4864 1183 4864 2652 4864 2652 4865 1183 4865 2651 4865 1183 4866 1182 4866 2651 4866 2651 4867 1182 4867 2650 4867 1182 4868 1181 4868 2650 4868 2650 4869 1181 4869 1861 4869 1853 4870 1864 4870 2653 4870 1864 4871 1863 4871 2653 4871 2653 4872 1863 4872 2654 4872 1863 4873 1862 4873 2654 4873 2654 4874 1862 4874 2655 4874 1862 4875 1861 4875 2655 4875 2655 4876 1861 4876 1181 4876 1181 4877 1192 4877 2655 4877 1192 4878 1191 4878 2655 4878 2655 4879 1191 4879 2654 4879 1191 4880 1190 4880 2654 4880 2654 4881 1190 4881 2653 4881 1190 4882 1189 4882 2653 4882 2653 4883 1189 4883 1853 4883 1845 4884 1856 4884 2656 4884 1856 4885 1855 4885 2656 4885 2656 4886 1855 4886 2657 4886 1855 4887 1854 4887 2657 4887 2657 4888 1854 4888 2658 4888 1854 4889 1853 4889 2658 4889 2658 4890 1853 4890 1189 4890 1189 4891 1204 4891 2658 4891 1204 4892 1203 4892 2658 4892 2658 4893 1203 4893 2657 4893 1203 4894 1202 4894 2657 4894 2657 4895 1202 4895 2656 4895 1202 4896 1201 4896 2656 4896 2656 4897 1201 4897 1845 4897 1841 4898 1848 4898 2659 4898 1848 4899 1847 4899 2659 4899 2659 4900 1847 4900 2660 4900 1847 4901 1846 4901 2660 4901 2660 4902 1846 4902 2661 4902 1846 4903 1845 4903 2661 4903 2661 4904 1845 4904 1201 4904 1201 4905 1212 4905 2661 4905 1212 4906 1211 4906 2661 4906 2661 4907 1211 4907 2660 4907 1211 4908 1210 4908 2660 4908 2660 4909 1210 4909 2659 4909 1210 4910 1209 4910 2659 4910 2659 4911 1209 4911 1841 4911 1833 4912 1844 4912 2662 4912 1844 4913 1843 4913 2662 4913 2662 4914 1843 4914 2663 4914 1843 4915 1842 4915 2663 4915 2663 4916 1842 4916 2664 4916 1842 4917 1841 4917 2664 4917 2664 4918 1841 4918 1209 4918 1209 4919 1224 4919 2664 4919 1224 4920 1223 4920 2664 4920 2664 4921 1223 4921 2663 4921 1223 4922 1222 4922 2663 4922 2663 4923 1222 4923 2662 4923 1222 4924 1221 4924 2662 4924 2662 4925 1221 4925 1833 4925 1825 4926 1836 4926 2665 4926 1836 4927 1835 4927 2665 4927 2665 4928 1835 4928 2666 4928 1835 4929 1834 4929 2666 4929 2666 4930 1834 4930 2667 4930 1834 4931 1833 4931 2667 4931 2667 4932 1833 4932 1221 4932 1221 4933 1463 4933 2667 4933 1463 4934 1462 4934 2667 4934 2667 4935 1462 4935 2666 4935 1462 4936 1461 4936 2666 4936 2666 4937 1461 4937 2665 4937 1461 4938 1460 4938 2665 4938 2665 4939 1460 4939 1825 4939 1817 4940 1828 4940 2668 4940 1828 4941 1827 4941 2668 4941 2668 4942 1827 4942 2669 4942 1827 4943 1826 4943 2669 4943 2669 4944 1826 4944 2670 4944 1826 4945 1825 4945 2670 4945 2670 4946 1825 4946 1460 4946 1460 4947 1467 4947 2670 4947 1467 4948 1466 4948 2670 4948 2670 4949 1466 4949 2669 4949 1466 4950 1465 4950 2669 4950 2669 4951 1465 4951 2668 4951 1465 4952 1464 4952 2668 4952 2668 4953 1464 4953 1817 4953 1809 4954 1820 4954 2671 4954 1820 4955 1819 4955 2671 4955 2671 4956 1819 4956 2672 4956 1819 4957 1818 4957 2672 4957 2672 4958 1818 4958 2673 4958 1818 4959 1817 4959 2673 4959 2673 4960 1817 4960 1464 4960 1464 4961 1471 4961 2673 4961 1471 4962 1470 4962 2673 4962 2673 4963 1470 4963 2672 4963 1470 4964 1469 4964 2672 4964 2672 4965 1469 4965 2671 4965 1469 4966 1468 4966 2671 4966 2671 4967 1468 4967 1809 4967 1801 4968 1812 4968 2674 4968 1812 4969 1811 4969 2674 4969 2674 4970 1811 4970 2675 4970 1811 4971 1810 4971 2675 4971 2675 4972 1810 4972 2676 4972 1810 4973 1809 4973 2676 4973 2676 4974 1809 4974 1468 4974 1468 4975 1474 4975 2676 4975 1474 4976 1473 4976 2676 4976 2676 4977 1473 4977 2675 4977 1473 4978 1472 4978 2675 4978 2675 4979 1472 4979 2674 4979 1472 4980 1444 4980 2674 4980 2674 4981 1444 4981 1801 4981 1793 4982 1804 4982 2677 4982 1804 4983 1803 4983 2677 4983 2677 4984 1803 4984 2678 4984 1803 4985 1802 4985 2678 4985 2678 4986 1802 4986 2679 4986 1802 4987 1801 4987 2679 4987 2679 4988 1801 4988 1444 4988 1444 4989 1448 4989 2679 4989 1448 4990 1447 4990 2679 4990 2679 4991 1447 4991 2678 4991 1447 4992 1446 4992 2678 4992 2678 4993 1446 4993 2677 4993 1446 4994 1445 4994 2677 4994 2677 4995 1445 4995 1793 4995 1789 4996 1796 4996 2680 4996 1796 4997 1795 4997 2680 4997 2680 4998 1795 4998 2681 4998 1795 4999 1794 4999 2681 4999 2681 5000 1794 5000 2682 5000 1794 5001 1793 5001 2682 5001 2682 5002 1793 5002 1445 5002 1445 5003 1452 5003 2682 5003 1452 5004 1451 5004 2682 5004 2682 5005 1451 5005 2681 5005 1451 5006 1450 5006 2681 5006 2681 5007 1450 5007 2680 5007 1450 5008 1449 5008 2680 5008 2680 5009 1449 5009 1789 5009 1781 5010 1792 5010 2683 5010 1792 5011 1791 5011 2683 5011 2683 5012 1791 5012 2684 5012 1791 5013 1790 5013 2684 5013 2684 5014 1790 5014 2685 5014 1790 5015 1789 5015 2685 5015 2685 5016 1789 5016 1449 5016 1449 5017 1456 5017 2685 5017 1456 5018 1455 5018 2685 5018 2685 5019 1455 5019 2684 5019 1455 5020 1454 5020 2684 5020 2684 5021 1454 5021 2683 5021 1454 5022 1453 5022 2683 5022 2683 5023 1453 5023 1781 5023 1773 5024 1784 5024 2686 5024 1784 5025 1783 5025 2686 5025 2686 5026 1783 5026 2687 5026 1783 5027 1782 5027 2687 5027 2687 5028 1782 5028 2688 5028 1782 5029 1781 5029 2688 5029 2688 5030 1781 5030 1453 5030 1453 5031 1459 5031 2688 5031 1459 5032 1458 5032 2688 5032 2688 5033 1458 5033 2687 5033 1458 5034 1457 5034 2687 5034 2687 5035 1457 5035 2686 5035 1457 5036 1281 5036 2686 5036 2686 5037 1281 5037 1773 5037 1765 5038 1776 5038 2689 5038 1776 5039 1775 5039 2689 5039 2689 5040 1775 5040 2690 5040 1775 5041 1774 5041 2690 5041 2690 5042 1774 5042 2691 5042 1774 5043 1773 5043 2691 5043 2691 5044 1773 5044 1281 5044 1281 5045 1289 5045 2691 5045 1289 5046 1288 5046 2691 5046 2691 5047 1288 5047 2690 5047 1288 5048 1287 5048 2690 5048 2690 5049 1287 5049 2689 5049 1287 5050 1286 5050 2689 5050 2689 5051 1286 5051 1765 5051 1757 5052 1768 5052 2692 5052 1768 5053 1767 5053 2692 5053 2692 5054 1767 5054 2693 5054 1767 5055 1766 5055 2693 5055 2693 5056 1766 5056 2694 5056 1766 5057 1765 5057 2694 5057 2694 5058 1765 5058 1286 5058 1286 5059 1301 5059 2694 5059 1301 5060 1300 5060 2694 5060 2694 5061 1300 5061 2693 5061 1300 5062 1299 5062 2693 5062 2693 5063 1299 5063 2692 5063 1299 5064 1298 5064 2692 5064 2692 5065 1298 5065 1757 5065 1749 5066 1760 5066 2695 5066 1760 5067 1759 5067 2695 5067 2695 5068 1759 5068 2696 5068 1759 5069 1758 5069 2696 5069 2696 5070 1758 5070 2697 5070 1758 5071 1757 5071 2697 5071 2697 5072 1757 5072 1298 5072 1298 5073 1309 5073 2697 5073 1309 5074 1308 5074 2697 5074 2697 5075 1308 5075 2696 5075 1308 5076 1307 5076 2696 5076 2696 5077 1307 5077 2695 5077 1307 5078 1306 5078 2695 5078 2695 5079 1306 5079 1749 5079 1735 5080 1752 5080 2698 5080 1752 5081 1751 5081 2698 5081 2698 5082 1751 5082 2699 5082 1751 5083 1750 5083 2699 5083 2699 5084 1750 5084 2700 5084 1750 5085 1749 5085 2700 5085 2700 5086 1749 5086 1306 5086 1306 5087 1321 5087 2700 5087 1321 5088 1320 5088 2700 5088 2700 5089 1320 5089 2699 5089 1320 5090 1319 5090 2699 5090 2699 5091 1319 5091 2698 5091 1319 5092 1318 5092 2698 5092 2698 5093 1318 5093 1735 5093</p>
        </triangles>
      </mesh>
    </geometry>
  </library_geometries>
  <library_visual_scenes>
    <visual_scene id="Scene" name="Scene">
      <node id="Part9_Centro" name="Part9 Centro" type="NODE">
        <matrix sid="transform">1 0 0 0 0 1 0 0 0 0 1 0 0 0 0 1</matrix>
        <instance_geometry url="#Part9_Centro_001-mesh" name="Part9 Centro" />
      </node>
    </visual_scene>
  </library_visual_scenes>
  <scene>
    <instance_visual_scene url="#Scene" />
  </scene>
</COLLADA>