<?xml version='1.0' encoding='utf-8'?>
<COLLADA xmlns="http://www.collada.org/2005/11/COLLADASchema" version="1.4.1">
  <asset>
    <contributor>
      <author>Blender User</author>
      <authoring_tool>Blender 2.83.11</authoring_tool>
    </contributor>
    <created>2020-04-24T17:29:41</created>
    <modified>2020-04-24T17:29:41</modified>
    <unit name="meter" meter="1" />
    <up_axis>Z_UP</up_axis>
  </asset>
  <library_cameras>
    <camera id="Camera-camera" name="Camera">
      <optics>
        <technique_common>
          <perspective>
            <xfov sid="xfov">39.59775</xfov>
            <aspect_ratio>1.777778</aspect_ratio>
            <znear sid="znear">0.1</znear>
            <zfar sid="zfar">100</zfar>
          </perspective>
        </technique_common>
      </optics>
      <extra>
        <technique profile="blender">
          <shiftx sid="shiftx" type="float">0</shiftx>
          <shifty sid="shifty" type="float">0</shifty>
          <dof_distance sid="dof_distance" type="float">10</dof_distance>
        </technique>
      </extra>
    </camera>
  </library_cameras>
  <library_lights>
    <light id="Light-light" name="Light">
      <technique_common>
        <point>
          <color sid="color">1000 1000 1000</color>
          <constant_attenuation>1</constant_attenuation>
          <linear_attenuation>0</linear_attenuation>
          <quadratic_attenuation>0.00111109</quadratic_attenuation>
        </point>
      </technique_common>
      <extra>
        <technique profile="blender">
          <type sid="type" type="int">0</type>
          <flag sid="flag" type="int">0</flag>
          <mode sid="mode" type="int">1</mode>
          <gamma sid="blender_gamma" type="float">1</gamma>
          <red sid="red" type="float">1</red>
          <green sid="green" type="float">1</green>
          <blue sid="blue" type="float">1</blue>
          <shadow_r sid="blender_shadow_r" type="float">0</shadow_r>
          <shadow_g sid="blender_shadow_g" type="float">0</shadow_g>
          <shadow_b sid="blender_shadow_b" type="float">0</shadow_b>
          <energy sid="blender_energy" type="float">1000</energy>
          <dist sid="blender_dist" type="float">29.99998</dist>
          <spotsize sid="spotsize" type="float">75</spotsize>
          <spotblend sid="spotblend" type="float">0.15</spotblend>
          <att1 sid="att1" type="float">0</att1>
          <att2 sid="att2" type="float">1</att2>
          <falloff_type sid="falloff_type" type="int">2</falloff_type>
          <clipsta sid="clipsta" type="float">0.04999995</clipsta>
          <clipend sid="clipend" type="float">30.002</clipend>
          <bias sid="bias" type="float">1</bias>
          <soft sid="soft" type="float">3</soft>
          <bufsize sid="bufsize" type="int">2880</bufsize>
          <samp sid="samp" type="int">3</samp>
          <buffers sid="buffers" type="int">1</buffers>
          <area_shape sid="area_shape" type="int">1</area_shape>
          <area_size sid="area_size" type="float">0.1</area_size>
          <area_sizey sid="area_sizey" type="float">0.1</area_sizey>
          <area_sizez sid="area_sizez" type="float">1</area_sizez>
        </technique>
      </extra>
    </light>
  </library_lights>
  <library_images />
  <library_geometries>
    <geometry id="Part3_Centro_001-mesh" name="Part3 Centro.001">
      <mesh>
        <source id="Part3_Centro_001-mesh-positions">
          <float_array id="Part3_Centro_001-mesh-positions-array" count="10839">-0.974217 -1.357485 2.188549 0.975783 -1.359050 2.189426 -0.973976 -1.057485 2.188354 0.976023 -1.059050 2.189231 0.973537 -1.355798 7.189425 0.973777 -1.055798 7.189230 -0.976463 -1.354233 7.188547 -0.976222 -1.054233 7.188352 0.890114 -1.060317 0.135545 0.889873 -1.360316 0.135740 0.801933 -1.060227 0.164153 0.801692 -1.360227 0.164348 0.713778 -1.060175 0.135466 0.713537 -1.360175 0.135661 0.659321 -1.060180 0.060441 0.659081 -1.360180 0.060636 0.659363 -1.060240 -0.032264 0.659122 -1.360240 -0.032069 0.713887 -1.060333 -0.107239 0.713647 -1.360333 -0.107044 0.802068 -1.060422 -0.135848 0.801827 -1.360422 -0.135652 0.890223 -1.060474 -0.107161 0.889982 -1.360474 -0.106965 0.944679 -1.060469 -0.032136 0.944439 -1.360469 -0.031941 0.944638 -1.060409 0.060569 0.944397 -1.360409 0.060764 -0.709885 -1.059033 0.134825 -0.710127 -1.359032 0.135020 -0.798066 -1.058943 0.163433 -0.798307 -1.358943 0.163628 -0.886221 -1.058891 0.134746 -0.886462 -1.358891 0.134941 -0.940678 -1.058896 0.059721 -0.940919 -1.358896 0.059916 -0.940636 -1.058956 -0.032984 -0.940877 -1.358956 -0.032789 -0.886112 -1.059049 -0.107959 -0.886353 -1.359049 -0.107764 -0.797932 -1.059138 -0.136567 -0.798172 -1.359138 -0.136372 -0.709777 -1.059190 -0.107880 -0.710018 -1.359190 -0.107685 -0.655320 -1.059185 -0.032855 -0.655560 -1.359185 -0.032660 -0.655361 -1.059125 0.059850 -0.655602 -1.359125 0.060045 0.090114 -1.059674 0.135185 0.089873 -1.359674 0.135380 0.001933 -1.059585 0.163793 0.001693 -1.359585 0.163988 -0.086222 -1.059533 0.135106 -0.086462 -1.359533 0.135301 -0.140678 -1.059538 0.060081 -0.140919 -1.359538 0.060276 -0.140637 -1.059598 -0.032624 -0.140878 -1.359598 -0.032429 -0.086112 -1.059691 -0.107599 -0.086353 -1.359691 -0.107404 0.002068 -1.059780 -0.136207 0.001827 -1.359780 -0.136012 0.090223 -1.059832 -0.107520 0.089982 -1.359832 -0.107325 0.144680 -1.059827 -0.032496 0.144439 -1.359827 -0.032301 0.144638 -1.059767 0.060210 0.144397 -1.359767 0.060405 0.084259 -1.051860 12.148176 0.084018 -1.351860 12.148376 -0.003922 -1.051771 12.176786 -0.004163 -1.351770 12.176986 -0.092077 -1.051719 12.148096 -0.092318 -1.351718 12.148296 -0.146534 -1.051724 12.073076 -0.146775 -1.351723 12.073266 -0.146492 -1.051784 11.980366 -0.146733 -1.351784 11.980566 -0.091968 -1.051876 11.905396 -0.092210 -1.351876 11.905586 -0.003787 -1.051966 11.876786 -0.004028 -1.351966 11.876986 0.084367 -1.052018 11.905476 0.084127 -1.352018 11.905666 0.138825 -1.052013 11.980496 0.138584 -1.352013 11.980696 0.138783 -1.051953 12.073206 0.138542 -1.351952 12.073396 0.576783 -1.058862 1.985404 0.576542 -1.358862 1.985599 0.488602 -1.058773 2.014012 0.488362 -1.358773 2.014207 0.400448 -1.058721 1.985324 0.400207 -1.358721 1.985519 0.345990 -1.058726 1.910300 0.345750 -1.358726 1.910495 0.346032 -1.058786 1.817595 0.345791 -1.358786 1.817790 0.400556 -1.058879 1.742619 0.400315 -1.358879 1.742815 0.488737 -1.058968 1.714012 0.488496 -1.358968 1.714207 0.576892 -1.059020 1.742699 0.576651 -1.359020 1.742894 0.631349 -1.059015 1.817724 0.631108 -1.359015 1.817919 0.631307 -1.058955 1.910428 0.631066 -1.358955 1.910623 -0.398217 -1.058080 1.984965 -0.398458 -1.358080 1.985161 -0.486398 -1.057991 2.013574 -0.486638 -1.357990 2.013769 -0.574552 -1.057938 1.984886 -0.574793 -1.357938 1.985081 -0.629009 -1.057943 1.909862 -0.629250 -1.357943 1.910057 -0.628968 -1.058004 1.817157 -0.629208 -1.358004 1.817352 -0.574443 -1.058096 1.742181 -0.574684 -1.358096 1.742376 -0.486263 -1.058186 1.713573 -0.486503 -1.358185 1.713768 -0.398108 -1.058238 1.742260 -0.398349 -1.358238 1.742455 -0.343651 -1.058233 1.817285 -0.343891 -1.358233 1.817480 -0.343692 -1.058172 1.909990 -0.343933 -1.358172 1.910185 -0.400755 -1.054405 7.634964 -0.400996 -1.354405 7.635159 -0.488936 -1.054315 7.663570 -0.489177 -1.354315 7.663766 -0.577091 -1.054263 7.634885 -0.577331 -1.354263 7.635079 -0.631548 -1.054268 7.559860 -0.631789 -1.354268 7.560054 -0.631506 -1.054329 7.467155 -0.631747 -1.354328 7.467350 -0.576981 -1.054421 7.392179 -0.577223 -1.354421 7.392374 -0.488801 -1.054511 7.363571 -0.489042 -1.354510 7.363765 -0.400646 -1.054563 7.392258 -0.400887 -1.354562 7.392454 -0.346189 -1.054558 7.467283 -0.346430 -1.354557 7.467478 -0.346231 -1.054497 7.559988 -0.346472 -1.354497 7.560182 0.574245 -1.055187 7.635402 0.574004 -1.355187 7.635597 0.486063 -1.055098 7.664010 0.485823 -1.355098 7.664204 0.397909 -1.055046 7.635323 0.397668 -1.355046 7.635519 0.343452 -1.055051 7.560299 0.343211 -1.355051 7.560493 0.343494 -1.055111 7.467594 0.343253 -1.355111 7.467788 0.398018 -1.055204 7.392618 0.397777 -1.355203 7.392812 0.486198 -1.055293 7.364010 0.485957 -1.355293 7.364204 0.574353 -1.055345 7.392696 0.574113 -1.355345 7.392892 0.628811 -1.055340 7.467722 0.628570 -1.355340 7.467916 0.628769 -1.055280 7.560426 0.628528 -1.355280 7.560621 -1.254021 -1.350873 12.013396 -1.254032 -1.350856 12.039446 -1.253780 -1.050874 12.013206 -1.253791 -1.050857 12.039246 -1.948239 -1.358118 0.013111 -1.947998 -1.058118 0.012916 1.952000 -1.061248 0.014670 1.951760 -1.361247 0.014865 1.922528 -1.061444 -0.323957 1.922287 -1.361444 -0.323762 1.834460 -1.361587 -0.652127 1.834701 -1.061587 -0.652322 1.690947 -1.361672 -0.960253 1.691188 -1.061672 -0.960448 1.496110 -1.361697 -1.238775 1.496350 -1.061697 -1.238971 1.255867 -1.361660 -1.479234 1.256108 -1.061660 -1.479429 0.977518 -1.361564 -1.674322 0.977759 -1.061564 -1.674517 0.669522 -1.361410 -1.818112 0.669763 -1.061410 -1.818307 0.341236 -1.361203 -1.906234 0.341478 -1.061204 -1.906429 0.002636 -1.360951 -1.936011 0.002877 -1.060951 -1.936206 -0.335991 -1.360660 -1.906538 -0.335750 -1.060660 -1.906734 -0.664356 -1.360339 -1.818712 -0.664115 -1.060339 -1.818907 -0.972481 -1.359999 -1.675199 -0.972240 -1.059999 -1.675394 -1.251004 -1.359648 -1.480362 -1.250763 -1.059648 -1.480557 -1.491462 -1.359299 -1.240119 -1.491222 -1.059299 -1.240314 -1.686550 -1.358961 -0.961771 -1.686310 -1.058962 -0.961967 -1.830340 -1.358646 -0.653775 -1.830099 -1.058646 -0.653970 -1.918462 -1.358362 -0.325490 -1.918221 -1.058362 -0.325685 1.245090 -1.352846 12.065736 1.245330 -1.052846 12.065536 1.245277 -1.352845 12.066606 1.245517 -1.052845 12.066406 -1.220540 -1.050705 12.313456 -1.220781 -1.350705 12.313646 -1.128118 -1.350610 12.573856 -1.127878 -1.050610 12.573656 -0.980574 -1.350577 12.807356 -0.980334 -1.050577 12.807166 -0.785349 -1.350607 13.002756 -0.785108 -1.050607 13.002566 -0.551977 -1.350698 13.150516 -0.551737 -1.050698 13.150316 -0.291853 -1.350846 13.243406 -0.291612 -1.050846 13.243216 -0.017679 -1.351045 13.276906 -0.017438 -1.051045 13.276716 0.257160 -1.351283 13.249376 0.257401 -1.051283 13.249176 0.519241 -1.351550 13.162156 0.519482 -1.051550 13.161956 0.755768 -1.351833 13.019506 0.756010 -1.051833 13.019316 0.955193 -1.352117 12.828396 0.955434 -1.052117 12.828196 1.107779 -1.352389 12.598156 1.108020 -1.052390 12.597956 1.206073 -1.352636 12.340016 1.206314 -1.052636 12.339826 -0.033582 -2.355818 5.916321 -0.033261 -1.955818 5.916061 -0.001694 -2.355844 5.914635 -0.001373 -1.955844 5.914376 0.030194 -2.355869 5.916350 0.030515 -1.955869 5.916090 0.061719 -2.355891 5.921444 0.062040 -1.955891 5.921184 0.092523 -2.355910 5.929859 0.092844 -1.955910 5.929599 0.122258 -2.355926 5.941501 0.122579 -1.955926 5.941241 0.150588 -2.355939 5.956238 0.150909 -1.955940 5.955978 0.177189 -2.355949 5.973902 0.177511 -1.955949 5.973643 0.201764 -2.355956 5.994295 0.202085 -1.955956 5.994035 0.224032 -2.355959 6.017184 0.224352 -1.955959 6.016924 0.243740 -2.355958 6.042310 0.244062 -1.955958 6.042051 0.260666 -2.355954 6.069388 0.260987 -1.955954 6.069129 0.274617 -2.355947 6.098113 0.274939 -1.955947 6.097852 0.285437 -2.355936 6.128158 0.285758 -1.955936 6.127898 0.293002 -2.355922 6.159183 0.293323 -1.955922 6.158923 0.297226 -2.355905 6.190835 0.297547 -1.955905 6.190574 0.298062 -2.355885 6.222757 0.298383 -1.955885 6.222498 0.295499 -2.355862 6.254588 0.295820 -1.955862 6.254327 0.289568 -2.355837 6.285965 0.289889 -1.955837 6.285704 0.280337 -2.355809 6.316536 0.280657 -1.955809 6.316275 0.267907 -2.355780 6.345950 0.268228 -1.955780 6.345690 0.252421 -2.355750 6.373876 0.252741 -1.955750 6.373616 0.234054 -2.355718 6.399999 0.234375 -1.955718 6.399739 0.213014 -2.355686 6.424022 0.213336 -1.955686 6.423762 0.189541 -2.355652 6.445673 0.189862 -1.955653 6.445412 0.163900 -2.355619 6.464704 0.164221 -1.955620 6.464445 0.136379 -2.355587 6.480903 0.136701 -1.955587 6.480644 0.107294 -2.355555 6.494086 0.107615 -1.955555 6.493826 0.076972 -2.355524 6.504101 0.077294 -1.955524 6.503841 0.045758 -2.355495 6.510837 0.046079 -1.955495 6.510578 0.014003 -2.355467 6.514217 0.014324 -1.955467 6.513958 -0.017929 -2.355441 6.514204 -0.017608 -1.955442 6.513943 -0.049681 -2.355418 6.510794 -0.049359 -1.955418 6.510534 -0.080889 -2.355398 6.504031 -0.080568 -1.955398 6.503771 -0.111202 -2.355380 6.493989 -0.110881 -1.955380 6.493728 -0.140276 -2.355365 6.480779 -0.139954 -1.955365 6.480520 -0.167781 -2.355353 6.464555 -0.167459 -1.955353 6.464296 -0.193405 -2.355345 6.445500 -0.193084 -1.955345 6.445240 -0.216859 -2.355341 6.423829 -0.216538 -1.955341 6.423568 -0.237877 -2.355339 6.399787 -0.237556 -1.955339 6.399526 -0.256220 -2.355342 6.373647 -0.255899 -1.955342 6.373388 -0.271681 -2.355347 6.345708 -0.271359 -1.955347 6.345447 -0.284084 -2.355356 6.316281 -0.283763 -1.955357 6.316021 -0.293290 -2.355369 6.285702 -0.292968 -1.955369 6.285442 -0.299192 -2.355385 6.254320 -0.298871 -1.955385 6.254060 -0.301725 -2.355403 6.222487 -0.301404 -1.955403 6.222227 -0.300861 -2.355425 6.190566 -0.300540 -1.955425 6.190305 -0.296609 -2.355449 6.158916 -0.296288 -1.955449 6.158657 -0.289016 -2.355475 6.127899 -0.288695 -1.955475 6.127639 -0.278169 -2.355503 6.097865 -0.277848 -1.955503 6.097604 -0.264192 -2.355533 6.069153 -0.263871 -1.955533 6.068893 -0.247242 -2.355564 6.042089 -0.246920 -1.955564 6.041829 -0.227511 -2.355596 6.016981 -0.227190 -1.955597 6.016720 -0.205223 -2.355629 5.994112 -0.204901 -1.955629 5.993852 -0.180630 -2.355662 5.973742 -0.180309 -1.955662 5.973482 -0.154012 -2.355695 5.956101 -0.153691 -1.955695 5.955841 -0.125669 -2.355727 5.941390 -0.125347 -1.955727 5.941130 -0.095923 -2.355759 5.929774 -0.095602 -1.955759 5.929515 -0.065111 -2.355789 5.921386 -0.064790 -1.955789 5.921127 -0.058829 -1.956236 5.241063 -0.001069 -1.956283 5.239376 0.056690 -1.956329 5.241115 -0.173544 -1.956135 5.254675 -0.116388 -1.956186 5.246168 -0.230095 -1.956082 5.266552 -0.285843 -1.956027 5.281757 -0.340593 -1.955971 5.300239 -0.394152 -1.955914 5.321933 -0.446330 -1.955856 5.346760 -0.496947 -1.955797 5.374636 -0.545824 -1.955738 5.405461 -0.592789 -1.955679 5.439128 -0.637677 -1.955619 5.475516 -0.680330 -1.955559 5.514501 -0.720599 -1.955500 5.555944 -0.758342 -1.955441 5.599700 -0.793426 -1.955383 5.645614 -0.825729 -1.955326 5.693528 -0.855137 -1.955270 5.743271 -0.881547 -1.955216 5.794666 -0.904864 -1.955162 5.847539 -0.925009 -1.955111 5.901698 -0.941911 -1.955062 5.956956 -0.955509 -1.955014 6.013118 -0.965756 -1.954969 6.069987 -0.972616 -1.954926 6.127363 -0.976065 -1.954886 6.185045 -0.976092 -1.954848 6.242830 -0.972694 -1.954814 6.300515 -0.965886 -1.954782 6.357897 -0.955689 -1.954753 6.414776 -0.942142 -1.954727 6.470950 -0.925290 -1.954705 6.526224 0.921995 -1.956187 6.527054 0.938897 -1.956237 6.471797 0.952494 -1.956284 6.415634 0.962742 -1.956329 6.358764 0.969602 -1.956372 6.301388 0.973052 -1.956413 6.243707 0.973077 -1.956450 6.185921 0.969680 -1.956485 6.128237 0.962871 -1.956517 6.070855 0.952676 -1.956546 6.013976 0.939128 -1.956571 5.957801 0.922276 -1.956594 5.902528 0.902179 -1.956613 5.848351 0.878909 -1.956628 5.795459 0.852545 -1.956641 5.744037 0.823183 -1.956649 5.694269 0.790922 -1.956655 5.646328 0.755879 -1.956656 5.600381 0.718176 -1.956655 5.556591 0.677944 -1.956649 5.515113 0.635327 -1.956640 5.476089 0.590471 -1.956628 5.439660 0.543537 -1.956612 5.405950 0.494687 -1.956593 5.375082 0.444096 -1.956571 5.347161 0.391938 -1.956545 5.322285 0.338400 -1.956516 5.300545 0.283667 -1.956484 5.282014 0.227933 -1.956449 5.266757 0.171392 -1.956412 5.254829 0.114244 -1.956371 5.246271 -0.905194 -1.954686 6.580401 0.901850 -1.956136 6.581215 -0.881923 -1.954670 6.633293 0.878532 -1.956083 6.634084 -0.855559 -1.954658 6.684715 0.852122 -1.956028 6.685482 -0.826197 -1.954649 6.734482 0.822715 -1.955972 6.735224 -0.793937 -1.954644 6.782425 0.790412 -1.955915 6.783137 -0.758894 -1.954642 6.828371 0.755327 -1.955857 6.829052 -0.721190 -1.954644 6.872161 0.717585 -1.955798 6.872808 -0.680959 -1.954649 6.913640 0.677315 -1.955739 6.914250 -0.638340 -1.954658 6.952663 0.634663 -1.955680 6.953236 -0.593485 -1.954670 6.989093 0.589774 -1.955620 6.989626 -0.546551 -1.954686 7.022802 0.542810 -1.955560 7.023290 -0.497702 -1.954705 7.053670 0.493933 -1.955501 7.054116 -0.447110 -1.954728 7.081591 0.443317 -1.955442 7.081992 -0.394954 -1.954753 7.106465 0.391137 -1.955384 7.106819 -0.341414 -1.954782 7.128208 0.337579 -1.955327 7.128513 -0.286682 -1.954814 7.146739 0.282829 -1.955271 7.146994 -0.230947 -1.954849 7.161995 0.227080 -1.955216 7.162202 -0.174406 -1.954887 7.173923 0.170529 -1.955163 7.174078 -0.117259 -1.954927 7.182480 0.113374 -1.955112 7.182584 -0.059704 -1.954970 7.187637 0.055815 -1.955062 7.187689 -0.001945 -1.955015 7.189375 0.898781 -1.806616 5.839683 0.875212 -1.806631 5.787431 0.900123 -1.808558 2.853890 0.848612 -1.806642 5.736654 0.819075 -1.806651 5.687528 0.786702 -1.806655 5.640223 0.751605 -1.806657 5.594902 0.713905 -1.806654 5.551721 0.673733 -1.806649 5.510832 0.631227 -1.806640 5.472374 0.586534 -1.806627 5.436478 0.539810 -1.806611 5.403272 0.491215 -1.806592 5.372870 0.440917 -1.806569 5.345377 0.389091 -1.806544 5.320884 0.335914 -1.806515 5.299482 0.281572 -1.806483 5.281241 0.226252 -1.806449 5.266225 0.170145 -1.806411 5.254487 0.113444 -1.806371 5.246065 0.056348 -1.806328 5.240989 -0.000949 -1.806284 5.239279 -0.058246 -1.806237 5.240938 -0.115348 -1.806187 5.245962 -0.172055 -1.806136 5.254332 -0.228173 -1.806084 5.266020 -0.283507 -1.806030 5.280987 -0.337866 -1.805974 5.299179 -0.391061 -1.805918 5.320534 -0.442910 -1.805860 5.344978 -0.493233 -1.805802 5.372428 -0.541855 -1.805743 5.402787 -0.588609 -1.805684 5.435950 -0.633334 -1.805625 5.471804 -0.675874 -1.805566 5.510225 -0.716083 -1.805507 5.551079 -0.753822 -1.805448 5.594225 -0.788960 -1.805391 5.639515 -0.821375 -1.805334 5.686790 0.500123 -1.808237 2.853710 -0.850957 -1.805278 5.735890 -0.877601 -1.805224 5.786643 -0.499876 -1.807434 2.853260 -0.901218 -1.805171 5.838875 -0.899877 -1.807113 2.853080 0.498434 -1.808262 2.812419 -0.498150 -1.807463 2.811971 0.041637 -1.808193 2.355211 0.000348 -1.808161 2.353485 -0.040943 -1.808127 2.355174 -0.081952 -1.808090 2.360268 -0.122402 -1.808052 2.368730 -0.162014 -1.808013 2.380503 -0.200519 -1.807972 2.395508 -0.237653 -1.807931 2.413641 -0.273163 -1.807888 2.434779 -0.306806 -1.807846 2.458776 -0.338353 -1.807803 2.485470 -0.367586 -1.807761 2.514678 -0.394309 -1.807719 2.546201 -0.418337 -1.807677 2.579822 -0.439507 -1.807637 2.615313 -0.457673 -1.807599 2.652431 -0.472712 -1.807562 2.690922 -0.484522 -1.807526 2.730524 -0.493020 -1.807493 2.770966 0.082642 -1.808222 2.360341 0.123084 -1.808249 2.368840 0.162685 -1.808273 2.380649 0.201176 -1.808294 2.395689 0.238295 -1.808312 2.413856 0.273785 -1.808327 2.435025 0.307407 -1.808339 2.459053 0.338929 -1.808347 2.485775 0.368137 -1.808351 2.515009 0.394831 -1.808352 2.546556 0.418829 -1.808349 2.580199 0.439966 -1.808343 2.615709 0.458100 -1.808334 2.652842 0.473105 -1.808321 2.691348 0.484878 -1.808304 2.730960 0.493340 -1.808285 2.771409 -0.499756 -1.657434 2.853162 -0.498030 -1.657462 2.811873 -0.492900 -1.657493 2.770868 -0.484401 -1.657526 2.730426 -0.472592 -1.657562 2.690825 -0.457553 -1.657599 2.652333 -0.439386 -1.657637 2.615216 -0.418217 -1.657677 2.579725 -0.394188 -1.657719 2.546103 -0.367466 -1.657761 2.514581 -0.338232 -1.657803 2.485373 -0.306685 -1.657846 2.458679 -0.273042 -1.657888 2.434681 -0.237532 -1.657931 2.413543 -0.200398 -1.657972 2.395411 -0.161893 -1.658013 2.380405 -0.122281 -1.658052 2.368632 -0.081832 -1.658090 2.360170 -0.040822 -1.658127 2.355076 0.000468 -1.658161 2.353388 0.041757 -1.658193 2.355113 0.082762 -1.658222 2.360244 0.123204 -1.658249 2.368742 0.162806 -1.658273 2.380552 0.201297 -1.658295 2.395591 0.238415 -1.658313 2.413758 0.273906 -1.658327 2.434927 0.307527 -1.658339 2.458955 0.339050 -1.658347 2.485678 0.368257 -1.658351 2.514912 0.394952 -1.658352 2.546459 0.418950 -1.658349 2.580101 0.440087 -1.658343 2.615612 0.458221 -1.658334 2.652745 0.473225 -1.658321 2.691251 0.484998 -1.658304 2.730862 0.493461 -1.658285 2.771312 0.498554 -1.658262 2.812322 0.500243 -1.658237 2.853612 -0.899756 -1.657113 2.852982 -0.901097 -1.655171 5.838776 -0.920828 -1.655122 5.890095 -0.937634 -1.655074 5.942445 -0.951462 -1.655029 5.995660 -0.962269 -1.654985 6.049569 -0.970020 -1.654943 6.104001 -0.974691 -1.654904 6.158784 -0.976266 -1.654867 6.213742 -0.974642 -1.654831 6.270434 -0.969724 -1.654799 6.326935 -0.961530 -1.654769 6.383056 -0.950086 -1.654742 6.438604 -0.935431 -1.654718 6.493394 -0.917616 -1.654697 6.547239 -0.896700 -1.654680 6.599956 -0.872754 -1.654666 6.651368 -0.845860 -1.654655 6.701301 -0.816108 -1.654647 6.749586 -0.783598 -1.654643 6.796058 -0.748441 -1.654642 6.840563 -0.710756 -1.654645 6.882948 -0.670670 -1.654651 6.923070 -0.628320 -1.654661 6.960792 -0.583847 -1.654673 6.995990 -0.537403 -1.654690 7.028540 -0.489145 -1.654709 7.058336 -0.439236 -1.654731 7.085275 -0.387846 -1.654757 7.109267 -0.335148 -1.654786 7.130231 -0.281319 -1.654817 7.148095 -0.226543 -1.654852 7.162799 -0.171005 -1.654889 7.174291 -0.114892 -1.654929 7.182537 -0.058395 -1.654971 7.187505 -0.001705 -1.655015 7.189180 0.054987 -1.655062 7.187556 0.111489 -1.655110 7.182639 0.167609 -1.655161 7.174444 0.223158 -1.655213 7.163001 0.277948 -1.655266 7.148346 0.331792 -1.655321 7.130531 0.384509 -1.655377 7.109615 0.435921 -1.655434 7.085669 0.485854 -1.655491 7.058775 0.534139 -1.655549 7.029022 0.580612 -1.655608 6.996513 0.625116 -1.655667 6.961356 0.667501 -1.655725 6.923671 0.707622 -1.655783 6.883585 0.745345 -1.655841 6.841235 0.780542 -1.655898 6.796762 0.813093 -1.655955 6.750318 0.842889 -1.656010 6.702060 0.869828 -1.656064 6.652151 0.893820 -1.656117 6.600761 0.914784 -1.656168 6.548063 0.932647 -1.656217 6.494235 0.947351 -1.656264 6.439459 0.958845 -1.656310 6.383919 0.967090 -1.656353 6.327807 0.972058 -1.656394 6.271310 0.973733 -1.656432 6.214618 0.972208 -1.656466 6.159660 0.967587 -1.656498 6.104873 0.959885 -1.656527 6.050434 0.949126 -1.656554 5.996515 0.935345 -1.656577 5.943288 0.918586 -1.656598 5.890922 0.898902 -1.656616 5.839586 0.900243 -1.658558 2.853793 -0.974458 -1.657485 2.188744 0.975542 -1.659050 2.189621 -0.976704 -1.654233 7.188741 0.973295 -1.655798 7.189619 0.973777 -1.055798 7.189229 -0.976222 -1.054233 7.188351 -0.973976 -1.057486 2.188354 -0.462674 -1.054563 7.315293 -0.488779 -1.054543 7.313571 -0.514884 -1.054521 7.315271 0.973485 -1.055375 7.839228 0.686132 -1.055356 7.514100 0.684432 -1.055372 7.487994 0.679340 -1.055384 7.462332 -0.976514 -1.053810 7.838351 0.459937 -1.055046 7.712287 0.486041 -1.055065 7.714009 0.512148 -1.055087 7.712311 -0.688868 -1.054252 7.513481 -0.687169 -1.054237 7.539587 -0.682077 -1.054224 7.565247 0.512325 -1.055345 7.315732 0.486221 -1.055326 7.314009 0.460115 -1.055304 7.315709 -0.437018 -1.054580 7.320409 0.434454 -1.055280 7.320800 -0.412248 -1.054595 7.328830 0.409677 -1.055254 7.329200 -0.388791 -1.054606 7.340411 0.386209 -1.055228 7.340760 -0.367045 -1.054614 7.354955 0.364451 -1.055201 7.355285 -0.347384 -1.054618 7.372213 0.344773 -1.055174 7.372525 -0.330143 -1.054620 7.391889 0.327516 -1.055147 7.392187 -0.315618 -1.054617 7.413649 0.312971 -1.055121 7.413933 -0.304058 -1.054611 7.437117 0.301389 -1.055097 7.437390 -0.295660 -1.054602 7.461894 0.292970 -1.055074 7.462159 -0.290567 -1.054589 7.487555 0.287853 -1.055053 7.487815 -0.288868 -1.054573 7.513662 0.286131 -1.055035 7.513920 -0.290591 -1.054555 7.539765 0.287831 -1.055019 7.540025 -0.295707 -1.054534 7.565422 0.292923 -1.055007 7.565686 -0.304127 -1.054511 7.590191 0.301321 -1.054997 7.590463 -0.315708 -1.054487 7.613649 0.312882 -1.054991 7.613931 -0.330253 -1.054461 7.635395 0.327405 -1.054989 7.635690 -0.347511 -1.054434 7.655057 0.344647 -1.054990 7.655368 -0.367188 -1.054407 7.672297 0.364308 -1.054995 7.672626 -0.388946 -1.054381 7.686822 0.386053 -1.055003 7.687170 -0.412415 -1.054354 7.698381 0.409512 -1.055014 7.698751 -0.437192 -1.054329 7.706779 0.434281 -1.055028 7.707172 -0.462852 -1.054305 7.711872 0.537808 -1.055111 7.707218 0.562585 -1.055137 7.698820 0.586053 -1.055163 7.687259 0.607812 -1.055190 7.672735 0.627489 -1.055217 7.655494 0.644747 -1.055244 7.635833 0.659291 -1.055269 7.614087 0.670873 -1.055294 7.590629 0.679293 -1.055317 7.565860 0.684408 -1.055338 7.540204 0.670941 -1.055394 7.437557 0.659381 -1.055399 7.414088 0.644856 -1.055402 7.392328 0.627616 -1.055401 7.372652 0.607955 -1.055396 7.355393 0.586209 -1.055388 7.340850 0.562751 -1.055377 7.329268 0.537981 -1.055363 7.320847 -0.540546 -1.054497 7.320363 -0.565322 -1.054472 7.328761 -0.588791 -1.054445 7.340321 -0.610549 -1.054419 7.354847 -0.630226 -1.054391 7.372086 -0.647484 -1.054365 7.391748 -0.662028 -1.054339 7.413494 -0.673610 -1.054314 7.436951 -0.682031 -1.054292 7.461720 -0.687146 -1.054271 7.487376 -0.673679 -1.054215 7.590026 -0.662118 -1.054209 7.613495 -0.647594 -1.054206 7.635252 -0.630353 -1.054208 7.654929 -0.610692 -1.054212 7.672188 -0.588946 -1.054220 7.686732 -0.565488 -1.054231 7.698312 -0.540719 -1.054246 7.706733 -0.515063 -1.054263 7.711848 -0.488958 -1.054283 7.713570 0.462475 -1.058721 2.062289 0.488580 -1.058740 2.064012 0.514686 -1.058763 2.062313 -0.973684 -1.057908 1.538354 -0.686330 -1.057928 1.863484 -0.684631 -1.057912 1.889589 -0.679539 -1.057899 1.915250 0.976316 -1.059473 1.539231 -0.460136 -1.058238 1.665296 -0.486240 -1.058218 1.663573 -0.512346 -1.058196 1.665273 0.688669 -1.059031 1.864102 0.686970 -1.059047 1.837995 0.681878 -1.059059 1.812335 -0.538007 -1.058172 1.670365 -0.562784 -1.058147 1.678762 -0.586252 -1.058121 1.690323 -0.608011 -1.058094 1.704848 -0.627688 -1.058067 1.722089 -0.644946 -1.058040 1.741750 -0.659490 -1.058014 1.763495 -0.671071 -1.057990 1.786954 -0.679492 -1.057967 1.811723 -0.684607 -1.057946 1.837379 -0.671140 -1.057890 1.940027 -0.659580 -1.057884 1.963496 -0.645056 -1.057882 1.985254 -0.627815 -1.057883 2.004931 -0.608154 -1.057887 2.022189 -0.586408 -1.057895 2.036733 -0.562950 -1.057907 2.048315 -0.538181 -1.057921 2.056735 -0.512524 -1.057938 2.061850 -0.486420 -1.057958 2.063573 -0.460314 -1.057980 2.061874 0.436819 -1.058703 2.057174 -0.434653 -1.058004 2.056782 0.412049 -1.058689 2.048753 -0.409876 -1.058029 2.048384 0.388591 -1.058678 2.037172 -0.386408 -1.058056 2.036823 0.366846 -1.058670 2.022628 -0.364649 -1.058083 2.022299 0.347185 -1.058665 2.005370 -0.344972 -1.058110 2.005059 0.329944 -1.058664 1.985693 -0.327714 -1.058136 1.985397 0.315419 -1.058667 1.963934 -0.313170 -1.058162 1.963651 0.303859 -1.058672 1.940466 -0.301588 -1.058187 1.940193 0.295461 -1.058682 1.915688 -0.293168 -1.058209 1.915424 0.290369 -1.058694 1.890027 -0.288052 -1.058230 1.889768 0.288670 -1.058710 1.863922 -0.286330 -1.058249 1.863663 0.290392 -1.058728 1.837817 -0.288030 -1.058264 1.837557 0.295508 -1.058749 1.812161 -0.293122 -1.058277 1.811896 0.303928 -1.058772 1.787393 -0.301520 -1.058286 1.787120 0.315509 -1.058797 1.763934 -0.313080 -1.058292 1.763651 0.330054 -1.058822 1.742188 -0.327605 -1.058295 1.741893 0.347312 -1.058849 1.722527 -0.344846 -1.058294 1.722216 0.366988 -1.058876 1.705286 -0.364507 -1.058289 1.704957 0.388747 -1.058903 1.690762 -0.386252 -1.058281 1.690413 0.412216 -1.058929 1.679202 -0.409711 -1.058270 1.678832 0.436992 -1.058955 1.670803 -0.434480 -1.058255 1.670411 0.462653 -1.058979 1.665711 0.514864 -1.059020 1.665734 0.488759 -1.059001 1.664012 0.540346 -1.058786 2.057220 0.565123 -1.058812 2.048822 0.588592 -1.058838 2.037262 0.610350 -1.058865 2.022737 0.630027 -1.058892 2.005497 0.647286 -1.058919 1.985836 0.661830 -1.058945 1.964090 0.673411 -1.058969 1.940632 0.681831 -1.058992 1.915863 0.686947 -1.059013 1.890206 0.673480 -1.059069 1.787559 0.661919 -1.059075 1.764090 0.647395 -1.059077 1.742331 0.630154 -1.059076 1.722654 0.610493 -1.059071 1.705396 0.588747 -1.059064 1.690851 0.565289 -1.059052 1.679270 0.540520 -1.059038 1.670850 0.976224 -0.809050 2.189068 -0.460113 -0.807980 2.061712 -0.973775 -0.807486 2.188191 -0.486219 -0.807958 2.063411 -0.512324 -0.807938 2.061688 0.976516 -0.809473 1.539069 0.688870 -0.809031 1.863940 0.687148 -0.809013 1.890044 0.682032 -0.808992 1.915700 -0.973483 -0.807908 1.538192 0.462854 -0.808979 1.665548 0.488960 -0.809001 1.663849 0.515065 -0.809021 1.665572 -0.686129 -0.807928 1.863321 -0.684407 -0.807946 1.837216 -0.679291 -0.807967 1.811560 0.540721 -0.809038 1.670688 0.565490 -0.809052 1.679108 0.588948 -0.809064 1.690689 0.610694 -0.809072 1.705234 0.630355 -0.809076 1.722492 0.647596 -0.809077 1.742168 0.662120 -0.809075 1.763927 0.673680 -0.809069 1.787396 0.682079 -0.809059 1.812172 0.687171 -0.809047 1.837833 0.673612 -0.808969 1.940470 0.662030 -0.808945 1.963928 0.647486 -0.808919 1.985673 0.630228 -0.808892 2.005334 0.610551 -0.808865 2.022574 0.588792 -0.808838 2.037099 0.565324 -0.808812 2.048660 0.540547 -0.808786 2.057058 0.514887 -0.808763 2.062150 0.488781 -0.808741 2.063849 0.462676 -0.808721 2.062127 -0.434452 -0.808004 2.056619 0.437020 -0.808703 2.057011 -0.409675 -0.808029 2.048221 0.412250 -0.808689 2.048591 -0.386207 -0.808056 2.036661 0.388792 -0.808678 2.037009 -0.364448 -0.808083 2.022136 0.367047 -0.808670 2.022465 -0.344771 -0.808110 2.004896 0.347386 -0.808665 2.005207 -0.327514 -0.808136 1.985235 0.330145 -0.808664 1.985530 -0.312969 -0.808162 1.963489 0.315621 -0.808667 1.963772 -0.301388 -0.808187 1.940031 0.304060 -0.808673 1.940303 -0.292967 -0.808209 1.915261 0.295662 -0.808682 1.915526 -0.287852 -0.808230 1.889605 0.290569 -0.808694 1.889865 -0.286130 -0.808249 1.863501 0.288870 -0.808710 1.863759 -0.287829 -0.808264 1.837395 0.290593 -0.808728 1.837655 -0.292921 -0.808277 1.811734 0.295708 -0.808749 1.811998 -0.301319 -0.808286 1.786958 0.304129 -0.808772 1.787230 -0.312879 -0.808292 1.763488 0.315710 -0.808797 1.763771 -0.327404 -0.808295 1.741730 0.330255 -0.808822 1.742026 -0.344645 -0.808294 1.722053 0.347512 -0.808849 1.722364 -0.364306 -0.808289 1.704795 0.367189 -0.808876 1.705124 -0.386052 -0.808281 1.690250 0.388948 -0.808903 1.690599 -0.409510 -0.808270 1.678669 0.412417 -0.808929 1.679039 -0.434279 -0.808255 1.670249 0.437193 -0.808955 1.670641 -0.459935 -0.808238 1.665133 -0.512145 -0.808196 1.665110 -0.486039 -0.808218 1.663411 -0.537980 -0.807921 2.056572 -0.562749 -0.807907 2.048152 -0.586207 -0.807895 2.036571 -0.607953 -0.807887 2.022026 -0.627614 -0.807883 2.004768 -0.644855 -0.807882 1.985092 -0.659379 -0.807884 1.963333 -0.670939 -0.807890 1.939865 -0.679338 -0.807899 1.915087 -0.684430 -0.807912 1.889426 -0.670871 -0.807990 1.786791 -0.659290 -0.808014 1.763332 -0.644745 -0.808040 1.741587 -0.627487 -0.808067 1.721926 -0.607810 -0.808094 1.704685 -0.586052 -0.808121 1.690161 -0.562583 -0.808147 1.678600 -0.537806 -0.808172 1.670202 -0.976022 -0.804233 7.188188 0.460316 -0.805303 7.315546 0.973977 -0.805798 7.189067 0.486421 -0.805326 7.313847 0.512526 -0.805345 7.315570 -0.976314 -0.803810 7.838189 -0.688668 -0.804253 7.513319 -0.686945 -0.804271 7.487214 -0.681829 -0.804292 7.461558 0.973685 -0.805375 7.839066 -0.462651 -0.804305 7.711710 -0.488757 -0.804283 7.713407 -0.514862 -0.804263 7.711685 0.686332 -0.805356 7.513937 0.684609 -0.805338 7.540042 0.679494 -0.805317 7.565698 -0.514684 -0.804521 7.315108 -0.488578 -0.804543 7.313409 -0.462474 -0.804563 7.315131 0.434654 -0.805280 7.320638 -0.436817 -0.804580 7.320246 0.409878 -0.805254 7.329037 -0.412048 -0.804595 7.328667 0.386410 -0.805228 7.340598 -0.388590 -0.804606 7.340249 0.364651 -0.805201 7.355122 -0.366844 -0.804614 7.354793 0.344974 -0.805174 7.372363 -0.347183 -0.804618 7.372051 0.327716 -0.805147 7.392024 -0.329943 -0.804620 7.391727 0.313172 -0.805121 7.413770 -0.315418 -0.804617 7.413486 0.301590 -0.805097 7.437228 -0.303858 -0.804611 7.436955 0.293170 -0.805074 7.461997 -0.295460 -0.804602 7.461731 0.288055 -0.805053 7.487652 -0.290367 -0.804589 7.487392 0.286332 -0.805035 7.513757 -0.288668 -0.804573 7.513499 0.288031 -0.805019 7.539863 -0.290391 -0.804555 7.539602 0.293123 -0.805007 7.565524 -0.295506 -0.804534 7.565259 0.301521 -0.804997 7.590300 -0.303926 -0.804511 7.590028 0.313082 -0.804991 7.613769 -0.315508 -0.804487 7.613487 0.327606 -0.804989 7.635528 -0.330052 -0.804461 7.635232 0.344847 -0.804990 7.655204 -0.347310 -0.804434 7.654895 0.364508 -0.804995 7.672464 -0.366987 -0.804407 7.672134 0.386254 -0.805003 7.687008 -0.388746 -0.804381 7.686660 0.409712 -0.805014 7.698589 -0.412214 -0.804354 7.698219 0.434482 -0.805028 7.707010 -0.436991 -0.804329 7.706617 0.460138 -0.805046 7.712124 -0.540519 -0.804246 7.706571 -0.565287 -0.804231 7.698150 -0.588745 -0.804220 7.686569 -0.610491 -0.804212 7.672024 -0.630153 -0.804208 7.654766 -0.647393 -0.804206 7.635089 -0.661918 -0.804209 7.613332 -0.673478 -0.804215 7.589863 -0.681876 -0.804224 7.565085 -0.686969 -0.804237 7.539425 -0.673409 -0.804315 7.436788 -0.661828 -0.804339 7.413331 -0.647283 -0.804365 7.391585 -0.630026 -0.804392 7.371924 -0.610349 -0.804419 7.354684 -0.588590 -0.804445 7.340159 -0.565122 -0.804472 7.328598 -0.540345 -0.804497 7.320201 0.538182 -0.805363 7.320685 0.562952 -0.805377 7.329105 0.586409 -0.805388 7.340687 0.608155 -0.805396 7.355231 0.627816 -0.805401 7.372490 0.645057 -0.805402 7.392166 0.659582 -0.805399 7.413925 0.671142 -0.805394 7.437394 0.679540 -0.805384 7.462169 0.684632 -0.805372 7.487831 0.671074 -0.805294 7.590467 0.659492 -0.805269 7.613925 0.644948 -0.805244 7.635670 0.627690 -0.805217 7.655332 0.608012 -0.805190 7.672572 0.586254 -0.805163 7.687097 0.562786 -0.805137 7.698658 0.538008 -0.805111 7.707056 0.512348 -0.805087 7.712148 0.486242 -0.805065 7.713847 0.976145 1.894200 7.187311 -0.973854 1.895765 7.186434 0.978392 1.890948 2.187313 -0.971608 1.892513 2.186436 0.892609 2.039682 0.133480 0.892368 1.739682 0.133675 0.804430 2.039771 0.162092 0.804189 1.739771 0.162287 0.716274 2.039823 0.133410 0.716033 1.739823 0.133605 0.661813 2.039818 0.058388 0.661572 1.739818 0.058583 0.661849 2.039758 -0.034316 0.661608 1.739758 -0.034121 0.716369 2.039665 -0.109295 0.716129 1.739666 -0.109100 0.804548 2.039576 -0.137908 0.804307 1.739576 -0.137713 0.892705 2.039524 -0.109226 0.892464 1.739524 -0.109031 0.947166 2.039529 -0.034204 0.946925 1.739529 -0.034009 0.947129 2.039589 0.058501 0.946889 1.739589 0.058696 -0.707390 2.040966 0.132850 -0.707631 1.740966 0.133045 -0.795569 2.041055 0.161462 -0.795810 1.741055 0.161657 -0.883726 2.041107 0.132780 -0.883967 1.741107 0.132975 -0.938187 2.041102 0.057759 -0.938428 1.741102 0.057954 -0.938150 2.041042 -0.034946 -0.938391 1.741042 -0.034751 -0.883630 2.040949 -0.109925 -0.883871 1.740950 -0.109729 -0.795451 2.040860 -0.138537 -0.795692 1.740860 -0.138342 -0.707295 2.040808 -0.109855 -0.707536 1.740808 -0.109660 -0.652834 2.040813 -0.034834 -0.653074 1.740813 -0.034639 -0.652870 2.040873 0.057872 -0.653111 1.740873 0.058066 0.092610 2.040324 0.133165 0.092369 1.740324 0.133360 0.004431 2.040413 0.161777 0.004190 1.740413 0.161972 -0.083726 2.040465 0.133095 -0.083967 1.740465 0.133290 -0.138187 2.040460 0.058074 -0.138428 1.740460 0.058269 -0.138150 2.040400 -0.034631 -0.138391 1.740400 -0.034436 -0.083630 2.040307 -0.109610 -0.083871 1.740308 -0.109415 0.004549 2.040218 -0.138223 0.004308 1.740218 -0.138028 0.092705 2.040166 -0.109540 0.092464 1.740166 -0.109345 0.147166 2.040171 -0.034519 0.146925 1.740171 -0.034324 0.147130 2.040231 0.058186 0.146889 1.740231 0.058381 0.087300 2.048132 12.136706 0.087060 1.748132 12.136896 -0.000878 2.048221 12.165316 -0.001119 1.748221 12.165506 -0.089035 2.048273 12.136626 -0.089276 1.748273 12.136826 -0.143496 2.048268 12.061606 -0.143737 1.748268 12.061806 -0.143460 2.048208 11.968906 -0.143700 1.748208 11.969096 -0.088940 2.048115 11.893926 -0.089181 1.748115 11.894116 -0.000760 2.048026 11.865316 -0.001002 1.748026 11.865506 0.087396 2.047974 11.893996 0.087155 1.747974 11.894186 0.141857 2.047979 11.969016 0.141616 1.747979 11.969216 0.141820 2.048039 12.061726 0.141579 1.748039 12.061916 -1.250856 1.749124 12.011456 -1.250865 1.749141 12.037496 -1.250615 2.049124 12.011256 -1.250625 2.049141 12.037306 -1.932628 1.742018 0.237813 -1.932387 2.042017 0.237618 1.941239 2.038908 0.238714 1.940999 1.738908 0.238909 1.950868 2.038676 -0.107008 1.950627 1.738676 -0.106813 1.899028 1.738495 -0.448798 1.899269 2.038495 -0.448993 1.787824 1.738371 -0.776289 1.788066 2.038371 -0.776484 1.620514 1.738309 -1.078982 1.620755 2.038309 -1.079177 1.402361 1.738310 -1.347358 1.402602 2.038309 -1.347553 1.140226 1.738373 -1.572973 1.140467 2.038373 -1.573168 0.842357 1.738498 -1.748729 0.842598 2.038498 -1.748924 0.518124 1.738680 -1.869099 0.518364 2.038680 -1.869294 0.177725 1.738914 -1.930295 0.177966 2.038914 -1.930490 -0.168131 1.739191 -1.930393 -0.167890 2.039191 -1.930588 -0.508564 1.739504 -1.869389 -0.508324 2.039504 -1.869584 -0.832866 1.739843 -1.749202 -0.832625 2.039843 -1.749398 -1.130833 1.740196 -1.573614 -1.130593 2.040196 -1.573809 -1.393095 1.740553 -1.348148 -1.392854 2.040553 -1.348343 -1.611400 1.740903 -1.079896 -1.611159 2.040903 -1.080091 -1.778881 1.741234 -0.777297 -1.778640 2.041234 -0.777492 -1.890269 1.741537 -0.449869 -1.890029 2.041536 -0.450064 -1.942062 1.741800 -0.107914 -1.941820 2.041800 -0.108109 1.247004 1.747167 12.085056 1.247244 2.047167 12.084856 -1.215947 2.049290 12.308506 -1.216188 1.749290 12.308696 -1.123377 1.749382 12.565876 -1.123135 2.049382 12.565676 -0.976871 1.749415 12.796716 -0.976630 2.049415 12.796526 -0.783679 1.749386 12.990186 -0.783439 2.049385 12.989996 -0.553046 1.749296 13.137026 -0.552805 2.049296 13.136836 -0.296005 1.749150 13.230216 -0.295764 2.049150 13.230016 -0.024853 1.748955 13.265286 -0.024612 2.048955 13.265086 0.247437 1.748721 13.240556 0.247678 2.048720 13.240366 0.507840 1.748457 13.157226 0.508081 2.048457 13.157036 0.743895 1.748178 13.019276 0.744136 2.048178 13.019076 0.944309 1.747896 12.833296 0.944550 2.047896 12.833096 1.099496 1.747625 12.608196 1.099736 2.047625 12.607996 1.202029 1.747378 12.354736 1.202270 2.047378 12.354546 -0.041140 -1.651933 11.881766 -0.040900 -1.351933 11.881566 -0.126000 -1.651827 11.939446 -0.125760 -1.351827 11.939246 -0.153933 -1.651741 12.038176 -0.153692 -1.351741 12.037976 -0.111868 -1.651714 12.131756 -0.111627 -1.351714 12.131566 -0.019486 -1.651759 12.176406 -0.019245 -1.351759 12.176216 0.079983 -1.651855 12.151236 0.080224 -1.351855 12.151036 0.139999 -1.651957 12.068006 0.140239 -1.351957 12.067816 0.132478 -1.652018 11.965686 0.132719 -1.352018 11.965486 0.060941 -1.652008 11.892126 0.061182 -1.352008 11.891936 -0.958742 -1.651231 11.827846 -0.958502 -1.351231 11.827656 -0.795155 -1.651604 11.456886 -0.794915 -1.351604 11.456696 -0.494827 -1.652022 11.184536 -0.494586 -1.352022 11.184346 -0.109690 -1.652413 11.057886 -0.109449 -1.352414 11.057696 0.293665 -1.652711 11.098836 0.293905 -1.352711 11.098636 0.645492 -1.652862 11.300306 0.645733 -1.352862 11.300106 0.884958 -1.652842 11.627456 0.885200 -1.352842 11.627256 0.970658 -1.652653 12.023726 0.970898 -1.352653 12.023526 0.887771 -1.652328 12.420586 0.888012 -1.352328 12.420386 0.650631 -1.651924 12.749426 0.650872 -1.351924 12.749226 0.300241 -1.651510 12.953386 0.300482 -1.351510 12.953186 -0.102813 -1.651158 12.997186 -0.102571 -1.351158 12.996996 -0.488839 -1.650929 12.873276 -0.488598 -1.350929 12.873076 -0.791091 -1.650862 12.603066 -0.790850 -1.350862 12.602866 -0.957306 -1.650969 12.233276 -0.957064 -1.350969 12.233076 -0.065090 -1.951908 11.890116 -0.064849 -1.651909 11.889926 -0.139157 -1.951803 11.961126 -0.138916 -1.651803 11.960936 -0.150253 -1.951728 12.063126 -0.150012 -1.651728 12.062936 -0.093186 -1.951718 12.148406 -0.092945 -1.651718 12.148206 0.005343 -1.951778 12.177046 0.005584 -1.651779 12.176846 0.099229 -1.951881 12.135646 0.099470 -1.651881 12.135456 0.144543 -1.951977 12.043596 0.144784 -1.651977 12.043396 0.120082 -1.952022 11.943946 0.120323 -1.652022 11.943746 0.037291 -1.951995 11.883336 0.037532 -1.651995 11.883136 -0.978853 -1.951110 11.989806 -0.978612 -1.651110 11.989616 -0.879344 -1.951445 11.596786 -0.879103 -1.651446 11.596586 -0.628579 -1.951854 11.278206 -0.628338 -1.651854 11.278016 -0.269919 -1.952265 11.089176 -0.269678 -1.652265 11.088976 0.134622 -1.952607 11.062356 0.134863 -1.652607 11.062166 0.515093 -1.952821 11.202406 0.515333 -1.652821 11.202216 0.805709 -1.952871 11.485096 0.805950 -1.652871 11.484906 0.956219 -1.952747 11.861556 0.956460 -1.652747 11.861356 0.940598 -1.952471 12.266686 0.940839 -1.652471 12.266486 0.761548 -1.952091 12.630426 0.761789 -1.652091 12.630236 0.450029 -1.951672 12.889906 0.450269 -1.651672 12.889706 0.059903 -1.951287 13.000236 0.060144 -1.651287 13.000046 -0.341372 -1.951003 12.942356 -0.341131 -1.651003 12.942166 -0.684412 -1.950868 12.726266 -0.684171 -1.650868 12.726066 -0.909902 -1.950906 12.389326 -0.909661 -1.650906 12.389136 -0.015149 -2.255735 6.065171 0.014247 -2.255857 5.914998 -0.000907 -2.255845 5.914579 -0.016142 -2.255832 5.914929 -0.031340 -2.255819 5.916041 -0.046385 -2.255806 5.917910 -0.004512 -2.255744 6.064610 0.006250 -2.255753 6.064784 0.016968 -2.255761 6.065757 0.027485 -2.255768 6.067447 0.074223 -2.255899 5.924349 0.059463 -2.255889 5.920890 0.044470 -2.255879 5.918166 0.029359 -2.255868 5.916196 0.037849 -2.255775 6.069905 0.048117 -2.255781 6.073127 0.058135 -2.255786 6.077059 0.067751 -2.255791 6.081643 0.131088 -2.255931 5.945583 0.117328 -2.255924 5.939223 0.103190 -2.255916 5.933535 0.088785 -2.255908 5.928564 0.182516 -2.255951 5.977830 0.170317 -2.255947 5.968829 0.157614 -2.255942 5.960413 0.144505 -2.255937 5.952643 0.077002 -2.255795 6.086921 0.085946 -2.255799 6.092905 0.094451 -2.255801 6.099499 0.102385 -2.255803 6.106607 0.226400 -2.255959 6.019768 0.216263 -2.255958 6.008496 0.205514 -2.255956 5.997694 0.194236 -2.255954 5.987445 0.109776 -2.255804 6.114278 0.116673 -2.255804 6.122540 0.122975 -2.255803 6.131262 0.128584 -2.255802 6.140318 0.260944 -2.255954 6.069681 0.253283 -2.255956 6.056600 0.244928 -2.255958 6.043855 0.235944 -2.255959 6.031546 0.284732 -2.255937 6.125526 0.279863 -2.255942 6.111170 0.274244 -2.255947 6.097006 0.267922 -2.255951 6.083140 0.133514 -2.255800 6.149761 0.137803 -2.255797 6.159630 0.141394 -2.255793 6.169776 0.144225 -2.255789 6.180045 0.296792 -2.255908 6.185016 0.294912 -2.255916 6.169975 0.292259 -2.255924 6.154969 0.288858 -2.255931 6.140114 0.146293 -2.255784 6.190493 0.147628 -2.255778 6.201173 0.148215 -2.255771 6.211919 0.148038 -2.255764 6.222568 0.296630 -2.255869 6.245719 0.297816 -2.255879 6.230605 0.298238 -2.255889 6.215372 0.297897 -2.255899 6.200137 0.147080 -2.255756 6.233177 0.145352 -2.255748 6.243799 0.142888 -2.255740 6.254275 0.139718 -2.255730 6.264444 0.284253 -2.255820 6.305144 0.288457 -2.255833 6.290579 0.291937 -2.255845 6.275742 0.294670 -2.255857 6.260750 0.260166 -2.255764 6.360862 0.267216 -2.255779 6.347440 0.273611 -2.255793 6.333608 0.279306 -2.255807 6.319473 0.135810 -2.255721 6.274353 0.131160 -2.255711 6.284058 0.125844 -2.255700 6.293416 0.119937 -2.255690 6.302280 0.225357 -2.255704 6.410590 0.234964 -2.255719 6.398863 0.244013 -2.255735 6.386602 0.252437 -2.255750 6.373902 0.113396 -2.255679 6.310687 0.106199 -2.255668 6.318689 0.098462 -2.255657 6.326169 0.090297 -2.255646 6.333009 0.181250 -2.255642 6.452293 0.193021 -2.255657 6.442741 0.204353 -2.255673 6.432552 0.215160 -2.255688 6.421808 0.129651 -2.255579 6.484264 0.143104 -2.255595 6.477277 0.156254 -2.255610 6.469577 0.169003 -2.255626 6.461227 0.081652 -2.255635 6.339232 0.072493 -2.255624 6.344883 0.062962 -2.255613 6.349881 0.053201 -2.255602 6.354144 0.072672 -2.255520 6.505193 0.087257 -2.255534 6.501057 0.101688 -2.255549 6.496162 0.115856 -2.255564 6.490552 0.043152 -2.255592 6.357679 0.032773 -2.255582 6.360520 0.022220 -2.255572 6.362631 0.011653 -2.255563 6.363971 0.012647 -2.255466 6.514225 0.027765 -2.255479 6.513110 0.042886 -2.255492 6.511221 0.057894 -2.255506 6.508576 0.001016 -2.255554 6.364532 -0.009744 -2.255545 6.364334 -0.020464 -2.255537 6.363385 -0.030981 -2.255530 6.361695 -0.047968 -2.255419 6.510988 -0.032934 -2.255430 6.512937 -0.017742 -2.255441 6.514131 -0.002509 -2.255453 6.514562 -0.106690 -2.255382 6.495618 -0.092357 -2.255390 6.500554 -0.077716 -2.255400 6.504780 -0.062882 -2.255409 6.508270 -0.041345 -2.255523 6.359236 -0.051614 -2.255517 6.356015 -0.061632 -2.255512 6.352084 -0.071246 -2.255507 6.347500 -0.161116 -2.255356 6.468740 -0.148069 -2.255361 6.476460 -0.134579 -2.255368 6.483547 -0.120751 -2.255375 6.489951 -0.080499 -2.255503 6.342221 -0.089442 -2.255500 6.336237 -0.097947 -2.255497 6.329643 -0.105881 -2.255495 6.322535 -0.209018 -2.255342 6.431456 -0.197792 -2.255344 6.441644 -0.186004 -2.255347 6.451303 -0.173749 -2.255351 6.460358 -0.248434 -2.255340 6.385293 -0.239489 -2.255339 6.397533 -0.229888 -2.255339 6.409367 -0.219705 -2.255340 6.420704 -0.113272 -2.255494 6.314864 -0.120168 -2.255494 6.306602 -0.126471 -2.255495 6.297880 -0.132080 -2.255496 6.288824 -0.277750 -2.255351 6.332142 -0.271453 -2.255347 6.345931 -0.264429 -2.255344 6.359455 -0.256737 -2.255342 6.372610 -0.137009 -2.255498 6.279381 -0.141299 -2.255501 6.269512 -0.144890 -2.255505 6.259367 -0.147720 -2.255509 6.249098 -0.295767 -2.255374 6.274176 -0.292374 -2.255367 6.288951 -0.288217 -2.255361 6.303611 -0.283330 -2.255356 6.318045 -0.301747 -2.255409 6.213770 -0.301398 -2.255399 6.228925 -0.300277 -2.255390 6.244123 -0.298396 -2.255382 6.259246 -0.149789 -2.255515 6.238649 -0.151125 -2.255520 6.227970 -0.151711 -2.255527 6.217224 -0.151535 -2.255534 6.206574 -0.295445 -2.255453 6.153397 -0.298153 -2.255441 6.168313 -0.300114 -2.255430 6.183425 -0.301316 -2.255419 6.198616 -0.150576 -2.255542 6.195965 -0.148849 -2.255550 6.185342 -0.146384 -2.255559 6.174867 -0.143214 -2.255568 6.164698 -0.277119 -2.255505 6.095528 -0.282774 -2.255492 6.109594 -0.287737 -2.255478 6.124001 -0.291973 -2.255466 6.138640 -0.139306 -2.255578 6.154789 -0.134656 -2.255588 6.145084 -0.129340 -2.255598 6.135727 -0.123433 -2.255608 6.126862 -0.247519 -2.255564 6.042534 -0.255890 -2.255549 6.055172 -0.263653 -2.255534 6.068287 -0.270748 -2.255519 6.081773 -0.207856 -2.255625 5.996582 -0.218601 -2.255610 6.007277 -0.228843 -2.255594 6.018560 -0.238508 -2.255579 6.030342 -0.116891 -2.255619 6.118456 -0.109696 -2.255630 6.110452 -0.101959 -2.255641 6.102973 -0.093793 -2.255652 6.096133 -0.159757 -2.255688 5.959555 -0.172434 -2.255673 5.967869 -0.184739 -2.255657 5.976858 -0.196577 -2.255641 5.986454 -0.085148 -2.255663 6.089910 -0.075989 -2.255674 6.084260 -0.066459 -2.255685 6.079261 -0.056697 -2.255696 6.074999 -0.105188 -2.255749 5.932968 -0.119279 -2.255734 5.938559 -0.133141 -2.255719 5.944889 -0.146669 -2.255704 5.951904 -0.061313 -2.255792 5.920550 -0.076165 -2.255778 5.923959 -0.090828 -2.255764 5.928109 -0.046648 -2.255706 6.071463 -0.036269 -2.255716 6.068621 -0.025716 -2.255726 6.066512 0.647327 -2.256148 6.249226 0.647151 -2.256141 6.259877 0.647091 -2.331138 6.259926 0.647737 -2.256134 6.270622 0.647617 -2.406134 6.270720 0.649072 -2.256128 6.281300 0.648891 -2.481131 6.281447 0.651142 -2.256123 6.291750 0.650901 -2.556123 6.291945 0.648832 -2.556128 6.281496 0.647496 -2.556134 6.270817 0.646910 -2.556140 6.260071 0.647086 -2.556148 6.249422 0.655648 -2.256182 6.207351 0.652478 -2.256172 6.217520 0.652418 -2.331170 6.217569 0.650013 -2.256164 6.227996 0.649893 -2.406164 6.228093 0.648286 -2.256155 6.238618 0.648105 -2.481158 6.238764 0.648045 -2.556155 6.238813 0.649772 -2.556163 6.228191 0.652237 -2.556172 6.217715 0.655408 -2.556181 6.207546 0.675429 -2.256222 6.169515 0.669522 -2.256212 6.178381 0.669462 -2.331209 6.178429 0.664206 -2.256201 6.187736 0.664086 -2.406201 6.187833 0.659556 -2.256191 6.197442 0.659376 -2.481194 6.197588 0.659315 -2.556191 6.197636 0.663965 -2.556201 6.187931 0.669281 -2.556211 6.178575 0.675188 -2.556222 6.169711 0.705068 -2.256266 6.138786 0.696903 -2.256255 6.145626 0.696843 -2.331252 6.145675 0.689166 -2.256244 6.153106 0.689047 -2.406244 6.153204 0.681971 -2.256233 6.161108 0.681790 -2.481236 6.161255 0.681729 -2.556233 6.161303 0.688925 -2.556244 6.153301 0.696662 -2.556255 6.145820 0.704827 -2.556266 6.138981 0.742165 -2.256309 6.117651 0.732404 -2.256299 6.121915 0.732343 -2.331296 6.121963 0.722873 -2.256288 6.126912 0.722752 -2.406288 6.127009 0.713714 -2.256277 6.132563 0.713533 -2.481279 6.132708 0.713473 -2.556277 6.132758 0.722633 -2.556288 6.127107 0.732163 -2.556299 6.122109 0.741924 -2.556309 6.117845 0.783713 -2.256349 6.107823 0.773146 -2.256340 6.109164 0.773086 -2.331337 6.109213 0.762593 -2.256330 6.111273 0.762472 -2.406330 6.111372 0.752213 -2.256320 6.114115 0.752032 -2.481322 6.114262 0.751972 -2.556320 6.114311 0.762352 -2.556330 6.111469 0.772905 -2.556340 6.109359 0.783472 -2.556349 6.108019 0.826347 -2.256382 6.110100 0.815829 -2.256374 6.108410 0.815769 -2.331372 6.108458 0.805110 -2.256367 6.107462 0.804989 -2.406366 6.107558 0.794350 -2.256358 6.107262 0.794169 -2.481361 6.107409 0.794110 -2.556358 6.107458 0.804869 -2.556366 6.107656 0.815589 -2.556374 6.108605 0.826106 -2.556382 6.110295 0.866612 -2.256405 6.124296 0.856997 -2.256400 6.119710 0.856937 -2.331397 6.119758 0.846979 -2.256395 6.115780 0.846859 -2.406395 6.115878 0.836711 -2.256388 6.112557 0.836530 -2.481391 6.112704 0.836470 -2.556388 6.112753 0.846738 -2.556395 6.115974 0.856756 -2.556400 6.119905 0.866371 -2.556405 6.124490 0.901247 -2.256417 6.149260 0.893313 -2.256415 6.142152 0.893253 -2.331412 6.142200 0.884809 -2.256412 6.135558 0.884689 -2.406412 6.135655 0.875864 -2.256409 6.129574 0.875683 -2.481412 6.129719 0.875623 -2.556409 6.129768 0.884567 -2.556412 6.135753 0.893072 -2.556415 6.142346 0.901006 -2.556416 6.149455 0.927447 -2.256416 6.182972 0.921837 -2.256417 6.173916 0.921776 -2.331414 6.173964 0.915534 -2.256418 6.165191 0.915413 -2.406418 6.165290 0.908638 -2.256418 6.156931 0.908456 -2.481420 6.157077 0.908397 -2.556417 6.157126 0.915293 -2.556418 6.165387 0.921596 -2.556417 6.174110 0.927205 -2.556415 6.183166 0.943086 -2.256402 6.222697 0.940255 -2.256407 6.212428 0.940195 -2.331404 6.212476 0.936665 -2.256410 6.202284 0.936545 -2.406411 6.202381 0.932375 -2.256414 6.192413 0.932194 -2.481416 6.192560 0.932134 -2.556413 6.192609 0.936424 -2.556410 6.202479 0.940015 -2.556407 6.212623 0.942845 -2.556402 6.222892 0.946901 -2.256378 6.265221 0.947077 -2.256385 6.254571 0.947017 -2.331382 6.254619 0.946490 -2.256391 6.243826 0.946370 -2.406391 6.243923 0.945155 -2.256397 6.233146 0.944975 -2.481400 6.233292 0.944915 -2.556397 6.233342 0.946250 -2.556391 6.244020 0.946836 -2.556385 6.254765 0.946660 -2.556378 6.265417 0.938580 -2.256344 6.307097 0.941751 -2.256353 6.296928 0.941691 -2.331350 6.296977 0.944214 -2.256362 6.286451 0.944094 -2.406362 6.286549 0.945942 -2.256370 6.275829 0.945762 -2.481373 6.275977 0.945701 -2.556370 6.276025 0.943974 -2.556362 6.286647 0.941509 -2.556353 6.297123 0.938339 -2.556344 6.307293 0.918799 -2.256303 6.344932 0.924706 -2.256314 6.336069 0.924646 -2.331311 6.336117 0.930022 -2.256324 6.326711 0.929901 -2.406324 6.326809 0.934672 -2.256334 6.317007 0.934491 -2.481337 6.317153 0.934431 -2.556334 6.317201 0.929781 -2.556324 6.326906 0.924465 -2.556314 6.336263 0.918558 -2.556303 6.345128 0.889159 -2.256260 6.375663 0.897325 -2.256271 6.368822 0.897264 -2.331268 6.368870 0.905061 -2.256282 6.361342 0.904941 -2.406282 6.361438 0.912257 -2.256293 6.353339 0.912076 -2.481295 6.353485 0.912016 -2.556293 6.353534 0.904821 -2.556282 6.361537 0.897083 -2.556270 6.369016 0.888918 -2.556259 6.375857 0.852063 -2.256216 6.396797 0.861824 -2.256227 6.392533 0.861765 -2.331224 6.392582 0.871355 -2.256238 6.387536 0.871235 -2.406237 6.387633 0.880513 -2.256249 6.381884 0.880333 -2.481251 6.382031 0.880273 -2.556248 6.382079 0.871114 -2.556238 6.387731 0.861583 -2.556227 6.392729 0.851822 -2.556216 6.396991 0.810515 -2.256176 6.406624 0.821082 -2.256186 6.405284 0.821022 -2.331183 6.405332 0.831635 -2.256196 6.403173 0.831515 -2.406195 6.403270 0.842014 -2.256206 6.400332 0.841834 -2.481208 6.400478 0.841774 -2.556206 6.400528 0.831394 -2.556195 6.403369 0.820841 -2.556186 6.405479 0.810274 -2.556176 6.406818 0.767881 -2.256144 6.404348 0.778398 -2.256151 6.406038 0.778338 -2.331148 6.406087 0.789118 -2.256159 6.406985 0.788997 -2.406159 6.407084 0.799877 -2.256167 6.407184 0.799697 -2.481170 6.407331 0.799637 -2.556167 6.407379 0.788877 -2.556159 6.407180 0.778157 -2.556151 6.406233 0.767640 -2.556143 6.404543 0.727616 -2.256121 6.390153 0.737230 -2.256125 6.394737 0.737170 -2.331122 6.394786 0.747249 -2.256131 6.398668 0.747128 -2.406131 6.398765 0.757517 -2.256137 6.401890 0.757336 -2.481139 6.402035 0.757276 -2.556137 6.402084 0.747008 -2.556131 6.398863 0.736990 -2.556125 6.394932 0.727375 -2.556120 6.390347 0.692980 -2.256109 6.365188 0.700915 -2.256111 6.372295 0.700854 -2.331108 6.372345 0.709419 -2.256113 6.378889 0.709298 -2.406113 6.378987 0.718363 -2.256116 6.384873 0.718183 -2.481119 6.385020 0.718123 -2.556116 6.385069 0.709178 -2.556113 6.379084 0.700674 -2.556110 6.372491 0.692740 -2.556109 6.365383 0.666782 -2.256110 6.331478 0.672391 -2.256108 6.340532 0.672331 -2.331106 6.340580 0.678693 -2.256108 6.349255 0.678574 -2.406108 6.349353 0.685590 -2.256108 6.357517 0.685410 -2.481111 6.357663 0.685349 -2.556108 6.357712 0.678453 -2.556108 6.349451 0.672150 -2.556108 6.340727 0.666541 -2.556110 6.331672 0.653972 -2.256119 6.302019 0.653912 -2.331116 6.302067 0.657562 -2.256115 6.312164 0.657442 -2.406115 6.312261 0.661853 -2.256112 6.322034 0.661672 -2.481115 6.322180 0.661612 -2.556112 6.322229 0.657322 -2.556115 6.312360 0.653732 -2.556119 6.302214 -0.950397 -2.254921 6.163921 -0.950573 -2.254913 6.174571 -0.950634 -2.329911 6.174619 -0.949987 -2.254907 6.185317 -0.950107 -2.404907 6.185415 -0.948652 -2.254901 6.195995 -0.948832 -2.479904 6.196142 -0.946582 -2.254896 6.206444 -0.946823 -2.554896 6.206640 -0.948892 -2.554901 6.196191 -0.950227 -2.554907 6.185512 -0.950814 -2.554913 6.174766 -0.950638 -2.554920 6.164116 -0.942076 -2.254954 6.122045 -0.945246 -2.254945 6.132214 -0.945306 -2.329942 6.132263 -0.947711 -2.254937 6.142690 -0.947831 -2.404936 6.142788 -0.949438 -2.254928 6.153312 -0.949619 -2.479931 6.153458 -0.949679 -2.554928 6.153507 -0.947952 -2.554936 6.142885 -0.945487 -2.554945 6.132410 -0.942317 -2.554954 6.122240 -0.922295 -2.254995 6.084210 -0.928202 -2.254984 6.093075 -0.928262 -2.329981 6.093123 -0.933518 -2.254974 6.102431 -0.933638 -2.404974 6.102528 -0.938168 -2.254964 6.112136 -0.938348 -2.479967 6.112282 -0.938409 -2.554964 6.112331 -0.933759 -2.554974 6.102626 -0.928443 -2.554984 6.093269 -0.922536 -2.554995 6.084406 -0.892655 -2.255039 6.053480 -0.900821 -2.255028 6.060321 -0.900880 -2.330025 6.060370 -0.908558 -2.255017 6.067800 -0.908677 -2.405016 6.067899 -0.915753 -2.255006 6.075803 -0.915934 -2.480008 6.075949 -0.915994 -2.555005 6.075997 -0.908799 -2.555016 6.067996 -0.901062 -2.555028 6.060515 -0.892896 -2.555039 6.053674 -0.855559 -2.255082 6.032345 -0.865320 -2.255071 6.036608 -0.865380 -2.330069 6.036658 -0.874851 -2.255061 6.041607 -0.874972 -2.405061 6.041704 -0.884010 -2.255050 6.047257 -0.884191 -2.480052 6.047403 -0.884251 -2.555049 6.047453 -0.875092 -2.555060 6.041801 -0.865561 -2.555071 6.036804 -0.855800 -2.555082 6.032541 -0.814011 -2.255122 6.022518 -0.824578 -2.255112 6.023859 -0.824639 -2.330110 6.023907 -0.835131 -2.255103 6.025969 -0.835251 -2.405103 6.026066 -0.845510 -2.255092 6.028810 -0.845691 -2.480095 6.028956 -0.845752 -2.555092 6.029005 -0.835371 -2.555102 6.026164 -0.824819 -2.555112 6.024053 -0.814252 -2.555122 6.022713 -0.771377 -2.255155 6.024794 -0.781895 -2.255147 6.023104 -0.781954 -2.330144 6.023153 -0.792614 -2.255139 6.022155 -0.792734 -2.405139 6.022253 -0.803374 -2.255131 6.021957 -0.803554 -2.480134 6.022103 -0.803615 -2.555131 6.022152 -0.792855 -2.555139 6.022351 -0.782135 -2.555147 6.023299 -0.771618 -2.555154 6.024989 -0.731111 -2.255178 6.038990 -0.740726 -2.255173 6.034405 -0.740786 -2.330170 6.034454 -0.750745 -2.255168 6.030474 -0.750865 -2.405167 6.030572 -0.761013 -2.255161 6.027253 -0.761194 -2.480164 6.027399 -0.761254 -2.555161 6.027447 -0.750985 -2.555167 6.030670 -0.740968 -2.555173 6.034600 -0.731352 -2.555178 6.039184 -0.696476 -2.255189 6.063954 -0.704411 -2.255188 6.056846 -0.704470 -2.330185 6.056894 -0.712916 -2.255185 6.050253 -0.713035 -2.405185 6.050351 -0.721860 -2.255182 6.044268 -0.722041 -2.480184 6.044415 -0.722101 -2.555182 6.044464 -0.713157 -2.555185 6.050447 -0.704652 -2.555187 6.057041 -0.696717 -2.555189 6.064150 -0.670278 -2.255189 6.097665 -0.675887 -2.255190 6.088609 -0.675948 -2.330187 6.088659 -0.682189 -2.255190 6.079886 -0.682310 -2.405190 6.079984 -0.689086 -2.255190 6.071625 -0.689267 -2.480193 6.071772 -0.689327 -2.555190 6.071820 -0.682430 -2.555190 6.080082 -0.676128 -2.555190 6.088805 -0.670519 -2.555188 6.097860 -0.654637 -2.255175 6.137392 -0.657468 -2.255179 6.127123 -0.657529 -2.330177 6.127172 -0.661059 -2.255183 6.116977 -0.661179 -2.405183 6.117075 -0.665348 -2.255186 6.107108 -0.665529 -2.480189 6.107255 -0.665589 -2.555186 6.107303 -0.661300 -2.555183 6.117173 -0.657709 -2.555179 6.127318 -0.654878 -2.555175 6.137587 -0.650823 -2.255151 6.179915 -0.650647 -2.255158 6.169265 -0.650707 -2.330155 6.169313 -0.651234 -2.255164 6.158519 -0.651354 -2.405164 6.158617 -0.652569 -2.255170 6.147840 -0.652749 -2.480173 6.147987 -0.652809 -2.555170 6.148036 -0.651474 -2.555164 6.158714 -0.650888 -2.555157 6.169460 -0.651064 -2.555150 6.180111 -0.659144 -2.255117 6.221791 -0.655974 -2.255126 6.211622 -0.656034 -2.330123 6.211671 -0.653509 -2.255135 6.201147 -0.653630 -2.405135 6.201244 -0.651782 -2.255143 6.190525 -0.651963 -2.480146 6.190671 -0.652023 -2.555143 6.190719 -0.653750 -2.555134 6.201341 -0.656215 -2.555126 6.211817 -0.659385 -2.555116 6.221986 -0.678925 -2.255076 6.259627 -0.673018 -2.255087 6.250763 -0.673078 -2.330084 6.250811 -0.667703 -2.255097 6.241405 -0.667823 -2.405097 6.241502 -0.663052 -2.255107 6.231701 -0.663233 -2.480110 6.231847 -0.663293 -2.555107 6.231895 -0.667943 -2.555097 6.241601 -0.673259 -2.555086 6.250957 -0.679166 -2.555076 6.259823 -0.708565 -2.255032 6.290357 -0.700399 -2.255043 6.283517 -0.700460 -2.330041 6.283564 -0.692662 -2.255055 6.276037 -0.692783 -2.405054 6.276133 -0.685466 -2.255066 6.268034 -0.685648 -2.480068 6.268180 -0.685707 -2.555065 6.268229 -0.692903 -2.555054 6.276231 -0.700640 -2.555043 6.283712 -0.708805 -2.555032 6.290552 -0.745662 -2.254989 6.311491 -0.735899 -2.254999 6.307228 -0.735959 -2.329997 6.307276 -0.726369 -2.255010 6.302230 -0.726489 -2.405010 6.302328 -0.717211 -2.255021 6.296579 -0.717390 -2.480024 6.296726 -0.717451 -2.555021 6.296775 -0.726610 -2.555010 6.302425 -0.736140 -2.554999 6.307423 -0.745902 -2.554989 6.311686 -0.787209 -2.254949 6.321318 -0.776642 -2.254958 6.319977 -0.776702 -2.329956 6.320026 -0.766089 -2.254968 6.317868 -0.766209 -2.404968 6.317965 -0.755710 -2.254978 6.315026 -0.755890 -2.479981 6.315173 -0.755951 -2.554978 6.315221 -0.766330 -2.554968 6.318062 -0.776883 -2.554958 6.320173 -0.787450 -2.554949 6.321514 -0.829842 -2.254916 6.319042 -0.819326 -2.254924 6.320732 -0.819386 -2.329921 6.320781 -0.808606 -2.254932 6.321681 -0.808726 -2.404932 6.321779 -0.797846 -2.254940 6.321879 -0.798027 -2.479943 6.322025 -0.798087 -2.554940 6.322074 -0.808847 -2.554931 6.321876 -0.819567 -2.554924 6.320926 -0.830084 -2.554916 6.319236 -0.870108 -2.254893 6.304846 -0.860494 -2.254898 6.309431 -0.860554 -2.329895 6.309481 -0.850475 -2.254904 6.313363 -0.850596 -2.404903 6.313460 -0.840207 -2.254910 6.316584 -0.840388 -2.479912 6.316730 -0.840448 -2.554910 6.316780 -0.850715 -2.554903 6.313557 -0.860734 -2.554898 6.309626 -0.870349 -2.554893 6.305041 -0.904743 -2.254882 6.279882 -0.896809 -2.254883 6.286990 -0.896870 -2.329881 6.287039 -0.888305 -2.254886 6.293584 -0.888425 -2.404886 6.293682 -0.879360 -2.254889 6.299568 -0.879541 -2.479892 6.299714 -0.879601 -2.554889 6.299763 -0.888545 -2.554886 6.293779 -0.897050 -2.554883 6.287184 -0.904984 -2.554882 6.280078 -0.930942 -2.254883 6.246171 -0.925333 -2.254881 6.255227 -0.925393 -2.329878 6.255275 -0.919030 -2.254880 6.263950 -0.919150 -2.404881 6.264046 -0.912134 -2.254881 6.272212 -0.912314 -2.479884 6.272357 -0.912375 -2.554881 6.272407 -0.919271 -2.554880 6.264146 -0.925574 -2.554881 6.255422 -0.931183 -2.554882 6.246366 -0.943751 -2.254891 6.216714 -0.943811 -2.329889 6.216762 -0.940161 -2.254888 6.226859 -0.940281 -2.404888 6.226956 -0.935871 -2.254885 6.236727 -0.936052 -2.479888 6.236874 -0.936112 -2.554885 6.236923 -0.940402 -2.554888 6.227054 -0.943992 -2.554891 6.216909 -1.100183 -2.254805 6.155924 -1.101352 -2.254785 6.185163 -1.101743 -2.254766 6.214468 -1.101357 -2.254747 6.243772 -1.100194 -2.254729 6.273012 -1.098249 -2.254712 6.302211 -1.095523 -2.254695 6.331391 -1.092024 -2.254679 6.360488 -1.087758 -2.254664 6.389439 -1.082721 -2.254649 6.418264 -1.076909 -2.254635 6.446990 -1.070337 -2.254622 6.475550 -1.063019 -2.254609 6.503884 -1.054946 -2.254597 6.532012 -1.046114 -2.254586 6.559956 -1.036543 -2.254576 6.587656 -1.026255 -2.254566 6.615051 -1.015238 -2.254557 6.642161 -1.003486 -2.254550 6.669009 -0.991025 -2.254542 6.695535 -0.977882 -2.254536 6.721681 -0.964046 -2.254530 6.747466 -0.949506 -2.254525 6.772913 -0.934297 -2.254521 6.797963 -0.918450 -2.254518 6.822565 -0.321438 -2.255236 6.454983 -0.901951 -2.254515 6.846733 -0.884789 -2.254514 6.870489 -0.867002 -2.254513 6.893781 -0.848631 -2.254513 6.916560 -0.274834 -2.255240 6.506844 -0.287296 -2.255238 6.494675 -0.299262 -2.255236 6.481926 -0.310665 -2.255236 6.468670 -0.829657 -2.254514 6.938840 -0.810068 -2.254515 6.960638 -0.789907 -2.254518 6.981908 -0.769216 -2.254521 7.002601 -0.747979 -2.254525 7.022734 -0.726184 -2.254529 7.042327 -0.703877 -2.254535 7.061334 -0.681105 -2.254541 7.079714 -0.219932 -2.255256 6.549825 -0.234318 -2.255251 6.540005 -0.248316 -2.255246 6.529526 -0.261848 -2.255243 6.518452 -0.657851 -2.254548 7.097478 -0.634097 -2.254556 7.114643 -0.609895 -2.254565 7.131172 -0.585298 -2.254574 7.147024 -0.560285 -2.254585 7.162214 -0.534841 -2.254596 7.176757 -0.509021 -2.254607 7.190619 -0.482879 -2.254620 7.203768 -0.158401 -2.255284 6.582619 -0.174273 -2.255276 6.575447 -0.189878 -2.255269 6.567558 -0.205128 -2.255262 6.559002 -0.456394 -2.254633 7.216214 -0.429547 -2.254647 7.227971 -0.402399 -2.254661 7.239010 -0.375007 -2.254677 7.249305 -0.092110 -2.255323 6.604231 -0.108988 -2.255313 6.599923 -0.125726 -2.255302 6.594863 -0.142228 -2.255293 6.589085 -0.347349 -2.254693 7.258866 -0.319406 -2.254710 7.267702 -0.291239 -2.254727 7.275794 -0.262908 -2.254745 7.283119 -0.234390 -2.254763 7.289685 -0.205665 -2.254783 7.295500 -0.176798 -2.254803 7.300552 -0.147848 -2.254823 7.304825 -0.023074 -2.255372 6.614002 -0.040443 -2.255359 6.612690 -0.057804 -2.255347 6.610614 -0.075060 -2.255335 6.607790 -0.118794 -2.254844 7.308323 -0.089615 -2.254866 7.311051 -0.060373 -2.254888 7.313005 -0.031133 -2.254911 7.314178 -0.001872 -2.254934 7.314569 0.027432 -2.254958 7.314180 0.056715 -2.254982 7.313014 0.085914 -2.255007 7.311072 0.046610 -2.255430 6.611637 0.029278 -2.255415 6.613361 0.011820 -2.255400 6.614332 -0.005665 -2.255386 6.614547 0.115050 -2.255032 7.308351 0.144147 -2.255057 7.304847 0.173141 -2.255083 7.300575 0.201968 -2.255110 7.295543 0.114825 -2.255494 6.597207 0.098056 -2.255477 6.601915 0.081031 -2.255461 6.605902 0.063850 -2.255445 6.609151 0.230651 -2.255137 7.289740 0.259210 -2.255164 7.283165 0.287586 -2.255191 7.275835 0.315715 -2.255219 7.267765 0.343618 -2.255247 7.258947 0.371316 -2.255276 7.249372 0.398752 -2.255305 7.239068 0.425863 -2.255333 7.228054 0.179498 -2.255563 6.571151 0.163800 -2.255545 6.578699 0.147727 -2.255528 6.585583 0.131371 -2.255511 6.591765 0.452672 -2.255363 7.216321 0.479196 -2.255392 7.203856 0.505380 -2.255422 7.190693 0.531168 -2.255451 7.176861 0.238665 -2.255634 6.534261 0.224516 -2.255616 6.544421 0.209882 -2.255598 6.553991 0.194848 -2.255580 6.562919 0.556576 -2.255481 7.162344 0.581626 -2.255511 7.147132 0.606264 -2.255541 7.131260 0.630434 -2.255571 7.114764 0.654154 -2.255602 7.097627 0.677446 -2.255632 7.079838 0.700256 -2.255662 7.061438 0.722537 -2.255692 7.042467 0.290526 -2.255706 6.487657 0.278357 -2.255688 6.500119 0.265607 -2.255670 6.512086 0.252351 -2.255652 6.523489 0.744303 -2.255723 7.022907 0.765571 -2.255753 7.002744 0.786297 -2.255783 6.982024 0.806434 -2.255813 6.960789 0.825996 -2.255843 6.939026 0.845001 -2.255872 6.916717 0.863407 -2.255902 6.893911 0.881173 -2.255931 6.870658 0.898311 -2.255961 6.846938 0.914837 -2.255990 6.822735 0.930715 -2.256018 6.798101 0.945909 -2.256047 6.773092 0.960429 -2.256075 6.747685 0.974289 -2.256103 6.721863 0.987458 -2.256131 6.695681 0.999907 -2.256158 6.669198 1.011645 -2.256185 6.642392 1.022681 -2.256211 6.615243 1.032993 -2.256237 6.587810 1.042557 -2.256263 6.560154 1.051378 -2.256288 6.532251 1.059467 -2.256313 6.504082 1.066805 -2.256337 6.475710 1.073374 -2.256361 6.447192 1.079179 -2.256384 6.418510 1.084228 -2.256407 6.389642 1.088508 -2.256430 6.360649 1.092010 -2.256451 6.331596 1.094732 -2.256472 6.302459 1.096682 -2.256493 6.273219 1.097857 -2.256513 6.243934 1.098252 -2.256532 6.214675 1.097864 -2.256551 6.185414 1.096695 -2.256569 6.156130 1.094749 -2.256586 6.126888 1.092031 -2.256603 6.097750 1.088536 -2.256619 6.068698 1.084261 -2.256635 6.039703 1.079218 -2.256649 6.010834 1.073417 -2.256663 5.982152 1.066853 -2.256677 5.953633 1.059520 -2.256689 5.925258 1.051438 -2.256701 5.897089 1.042621 -2.256712 5.869185 1.033063 -2.256723 5.841527 1.022756 -2.256732 5.814091 1.011725 -2.256741 5.786940 0.999993 -2.256749 5.760132 0.987548 -2.256756 5.733647 0.974383 -2.256762 5.707463 0.960528 -2.256768 5.681637 0.946014 -2.256773 5.656228 0.930824 -2.256777 5.631215 0.914951 -2.256780 5.606579 0.898429 -2.256783 5.582372 0.881295 -2.256785 5.558650 0.317942 -2.256062 5.974158 0.863534 -2.256785 5.535393 0.845133 -2.256785 5.512584 0.826132 -2.256785 5.490270 0.806573 -2.256783 5.468504 0.271338 -2.256058 5.922297 0.283800 -2.256060 5.934466 0.295767 -2.256062 5.947217 0.307169 -2.256062 5.960472 0.786439 -2.256781 5.447268 0.765717 -2.256778 5.426544 0.744453 -2.256774 5.406377 0.722692 -2.256769 5.386811 0.700415 -2.256763 5.367836 0.677608 -2.256757 5.349430 0.654320 -2.256750 5.331638 0.630602 -2.256742 5.314498 0.216436 -2.256042 5.879317 0.230822 -2.256047 5.889137 0.244820 -2.256052 5.899615 0.258352 -2.256055 5.910690 0.606434 -2.256733 5.297998 0.581800 -2.256724 5.282120 0.556754 -2.256714 5.266904 0.531347 -2.256703 5.252382 0.154905 -2.256014 5.846523 0.170777 -2.256022 5.853696 0.186382 -2.256030 5.861583 0.201631 -2.256036 5.870141 0.505562 -2.256691 5.238545 0.479380 -2.256678 5.225377 0.452858 -2.256665 5.212908 0.426053 -2.256651 5.201169 0.398943 -2.256637 5.190149 0.371510 -2.256621 5.179839 0.343813 -2.256605 5.170260 0.315911 -2.256589 5.161437 0.088615 -2.255975 5.824912 0.105491 -2.255986 5.829220 0.122229 -2.255996 5.834278 0.138732 -2.256005 5.840056 0.287784 -2.256571 5.153363 0.259410 -2.256553 5.146027 0.230851 -2.256535 5.139447 0.202170 -2.256516 5.133637 0.019578 -2.255926 5.815139 0.036946 -2.255939 5.816452 0.054309 -2.255952 5.818528 0.071564 -2.255964 5.821353 0.173344 -2.256496 5.128598 0.144351 -2.256475 5.124320 0.115255 -2.256454 5.120814 0.086119 -2.256433 5.118087 0.056921 -2.256410 5.116139 0.027638 -2.256388 5.114968 -0.001667 -2.256364 5.114574 -0.030928 -2.256341 5.114958 -0.050107 -2.255869 5.817505 -0.032774 -2.255884 5.815782 -0.015315 -2.255898 5.814810 0.002169 -2.255912 5.814595 -0.060167 -2.256316 5.116125 -0.089410 -2.256292 5.118073 -0.118590 -2.256266 5.120797 -0.147644 -2.256241 5.124289 -0.176594 -2.256215 5.128557 -0.205464 -2.256188 5.133603 -0.234189 -2.256162 5.139413 -0.262708 -2.256134 5.145974 -0.118321 -2.255804 5.831935 -0.101552 -2.255821 5.827227 -0.084527 -2.255837 5.823240 -0.067346 -2.255853 5.819991 -0.291040 -2.256107 5.153295 -0.319209 -2.256079 5.161381 -0.347154 -2.256051 5.170212 -0.374814 -2.256022 5.179766 -0.182995 -2.255735 5.857990 -0.167297 -2.255753 5.850443 -0.151223 -2.255770 5.843559 -0.134867 -2.255787 5.837376 -0.402208 -2.255994 5.190057 -0.429358 -2.255965 5.201091 -0.456206 -2.255935 5.212843 -0.482694 -2.255906 5.225282 -0.508839 -2.255877 5.238426 -0.534663 -2.255847 5.252284 -0.560110 -2.255817 5.266822 -0.585124 -2.255787 5.282008 -0.242161 -2.255664 5.894881 -0.228012 -2.255682 5.884721 -0.213378 -2.255700 5.875150 -0.198344 -2.255718 5.866223 -0.609722 -2.255757 5.297859 -0.633926 -2.255727 5.314383 -0.657684 -2.255697 5.331543 -0.680944 -2.255666 5.349301 -0.703721 -2.255636 5.367673 -0.726033 -2.255606 5.386676 -0.747832 -2.255576 5.406265 -0.769069 -2.255545 5.426397 -0.294021 -2.255592 5.941485 -0.281853 -2.255610 5.929023 -0.269103 -2.255628 5.917057 -0.255848 -2.255646 5.905654 -0.789761 -2.255515 5.447089 -0.809927 -2.255485 5.468355 -0.829521 -2.255456 5.490149 -0.848500 -2.255426 5.512423 -0.866876 -2.255396 5.535197 -0.884667 -2.255367 5.558487 -0.901832 -2.255338 5.582240 -0.918337 -2.255309 5.606405 -0.934188 -2.255280 5.631003 -0.949402 -2.255251 5.656051 -0.963947 -2.255223 5.681495 -0.977787 -2.255195 5.707278 -0.990935 -2.255168 5.733422 -1.003400 -2.255141 5.759946 -1.015158 -2.255114 5.786791 -1.026179 -2.255087 5.813899 -1.036473 -2.255061 5.841291 -1.046049 -2.255035 5.868990 -1.054886 -2.255010 5.896932 -1.062965 -2.254985 5.925059 -1.070289 -2.254961 5.953391 -1.076866 -2.254937 5.981950 -1.082683 -2.254914 6.010673 -1.087726 -2.254891 6.039499 -1.091996 -2.254869 6.068449 -1.095501 -2.254847 6.097545 -1.098232 -2.254826 6.126725 -0.337003 -2.255522 5.996386 -0.327182 -2.255539 5.982001 -0.316703 -2.255557 5.968003 -0.305629 -2.255574 5.954471 -0.369797 -2.255456 6.057917 -0.362623 -2.255472 6.042045 -0.354734 -2.255488 6.026440 -0.346179 -2.255505 6.011190 -0.391407 -2.255395 6.124208 -0.387100 -2.255410 6.107331 -0.382041 -2.255424 6.090593 -0.376263 -2.255440 6.074091 -0.401179 -2.255342 6.193245 -0.399866 -2.255355 6.175876 -0.397791 -2.255368 6.158515 -0.394966 -2.255381 6.141258 -0.398814 -2.255299 6.262929 -0.400537 -2.255309 6.245597 -0.401509 -2.255319 6.228138 -0.401724 -2.255331 6.210654 -0.384384 -2.255266 6.331144 -0.389092 -2.255273 6.314375 -0.393081 -2.255281 6.297350 -0.396328 -2.255290 6.280168 -0.358329 -2.255245 6.395817 -0.365876 -2.255249 6.380119 -0.372760 -2.255254 6.364046 -0.378942 -2.255260 6.347690 -0.331596 -2.255237 6.440835 -0.341167 -2.255239 6.426201 -0.350096 -2.255242 6.411167 0.397683 -2.255956 6.235898 0.395317 -2.255999 6.166212 0.397041 -2.255989 6.183546 0.398012 -2.255979 6.201005 0.398227 -2.255968 6.218487 0.380888 -2.256032 6.097997 0.385595 -2.256025 6.114768 0.389584 -2.256017 6.131793 0.392832 -2.256008 6.148974 0.354832 -2.256053 6.033325 0.362380 -2.256049 6.049022 0.369264 -2.256044 6.065097 0.375446 -2.256038 6.081452 0.328101 -2.256061 5.988308 0.337671 -2.256059 6.002941 0.346600 -2.256057 6.017976 0.333506 -2.255776 6.432755 0.323686 -2.255759 6.447141 0.313208 -2.255742 6.461139 0.302133 -2.255724 6.474670 0.366300 -2.255843 6.371224 0.359127 -2.255827 6.387096 0.351238 -2.255810 6.402702 0.342682 -2.255793 6.417951 0.387911 -2.255903 6.304933 0.383604 -2.255889 6.321810 0.378545 -2.255874 6.338548 0.372767 -2.255858 6.355052 0.396371 -2.255944 6.253266 0.394295 -2.255931 6.270628 0.391471 -2.255917 6.287883 -0.151728 -2.255528 6.216345 -0.151789 -2.330525 6.216393 -0.151280 -2.255522 6.226192 -0.151401 -2.405521 6.226289 -0.150201 -2.255516 6.235990 -0.150382 -2.480519 6.236136 -0.148501 -2.255511 6.245614 -0.148742 -2.555511 6.245808 -0.150442 -2.555516 6.236185 -0.151521 -2.555521 6.226387 -0.151969 -2.555528 6.216539 -0.151776 -2.555534 6.206770 -0.144361 -2.255565 6.168078 -0.147077 -2.255557 6.177466 -0.147137 -2.330554 6.177515 -0.149193 -2.255549 6.187093 -0.149314 -2.405549 6.187192 -0.150687 -2.255541 6.196837 -0.150867 -2.480544 6.196984 -0.150928 -2.555541 6.197033 -0.149434 -2.555548 6.187289 -0.147318 -2.555556 6.177662 -0.144602 -2.555565 6.168274 -0.127709 -2.555601 6.132948 -0.132702 -2.480595 6.141264 -0.132762 -2.555592 6.141312 -0.137178 -2.405582 6.149966 -0.137298 -2.555582 6.150063 -0.141082 -2.330571 6.158943 -0.141263 -2.555573 6.159089 -0.135465 -2.255498 6.282539 -0.139659 -2.330497 6.273732 -0.139599 -2.255500 6.273683 -0.143298 -2.405503 6.264595 -0.143178 -2.255503 6.264497 -0.146339 -2.480510 6.255249 -0.146158 -2.255507 6.255102 -0.146399 -2.555507 6.255297 -0.143419 -2.555503 6.264692 -0.139839 -2.555500 6.273878 -0.135706 -2.555497 6.282734 -0.113318 -2.255494 6.314831 -0.119663 -2.330491 6.307396 -0.119603 -2.255494 6.307348 -0.125557 -2.405495 6.299498 -0.125438 -2.255495 6.299401 -0.130929 -2.480499 6.291243 -0.130748 -2.255496 6.291097 -0.130989 -2.555496 6.291292 -0.125679 -2.555495 6.299596 -0.119844 -2.555494 6.307543 -0.113559 -2.555494 6.315026 -0.083567 -2.255502 6.340292 -0.091636 -2.330496 6.334737 -0.091575 -2.255499 6.334690 -0.099387 -2.405497 6.328622 -0.099266 -2.255497 6.328523 -0.106726 -2.480498 6.322024 -0.106545 -2.255495 6.321877 -0.106786 -2.555495 6.322072 -0.099507 -2.555497 6.328719 -0.091816 -2.555499 6.334884 -0.083808 -2.555502 6.340486 -0.048240 -2.255519 6.357184 -0.057486 -2.330511 6.353894 -0.057425 -2.255514 6.353845 -0.066571 -2.405509 6.349978 -0.066450 -2.255509 6.349881 -0.075382 -2.480508 6.345491 -0.075201 -2.255505 6.345344 -0.075442 -2.555505 6.345540 -0.066691 -2.555509 6.350076 -0.057666 -2.555514 6.354041 -0.048482 -2.555519 6.357379 -0.019542 -2.330535 6.363558 -0.019481 -2.255538 6.363510 -0.029345 -2.405531 6.362114 -0.029225 -2.255531 6.362015 -0.039033 -2.480527 6.360046 -0.038853 -2.255525 6.359899 -0.039093 -2.555525 6.360094 -0.029466 -2.555531 6.362211 -0.019722 -2.555538 6.363704 -0.009985 -2.555545 6.364528 0.029294 -2.255579 6.361324 0.019611 -2.330567 6.363073 0.019671 -2.255570 6.363023 0.009752 -2.405561 6.364200 0.009873 -2.255561 6.364103 -0.000155 -2.480556 6.364697 0.000026 -2.255553 6.364551 -0.000215 -2.555553 6.364746 0.009632 -2.555561 6.364298 0.019430 -2.555570 6.363219 0.029053 -2.555579 6.361519 0.066219 -2.255617 6.348289 0.057304 -2.330604 6.352470 0.057364 -2.255607 6.352421 0.048058 -2.405597 6.356098 0.048178 -2.255597 6.356001 0.038602 -2.480590 6.359129 0.038783 -2.255588 6.358982 0.038542 -2.555588 6.359177 0.047938 -2.555597 6.356195 0.057123 -2.555607 6.352617 0.065979 -2.555617 6.348485 0.098512 -2.255657 6.326141 0.090968 -2.330644 6.332474 0.091027 -2.255647 6.332425 0.082961 -2.405637 6.338357 0.083081 -2.255637 6.338259 0.074598 -2.480630 6.343717 0.074778 -2.255627 6.343571 0.074537 -2.555626 6.343766 0.082841 -2.555637 6.338454 0.090787 -2.555647 6.332620 0.098272 -2.555657 6.326336 0.123973 -2.255697 6.296390 0.118310 -2.330684 6.304447 0.118370 -2.255687 6.304398 0.112084 -2.405677 6.312187 0.112205 -2.255677 6.312090 0.105377 -2.480670 6.319515 0.105558 -2.255667 6.319369 0.105318 -2.555667 6.319565 0.111964 -2.555677 6.312285 0.118129 -2.555687 6.304593 0.123732 -2.555697 6.296586 0.140865 -2.255733 6.261064 0.137466 -2.330722 6.270297 0.137526 -2.255725 6.270248 0.133440 -2.405716 6.279371 0.133561 -2.255716 6.279273 0.128845 -2.480709 6.288171 0.129026 -2.255706 6.288026 0.128784 -2.555706 6.288220 0.133320 -2.555716 6.279468 0.137285 -2.555725 6.270444 0.140624 -2.555733 6.261259 0.147798 -2.555764 6.222763 0.146949 -2.555757 6.232499 0.147010 -2.480760 6.232450 0.145456 -2.555749 6.242243 0.145577 -2.405750 6.242145 0.143340 -2.555742 6.251871 0.143520 -2.330739 6.251725 0.143581 -2.255742 6.251676 0.145697 -2.255750 6.242048 0.147190 -2.255757 6.232304 0.144764 -2.555787 6.183723 0.146464 -2.555782 6.193348 0.146525 -2.480785 6.193298 0.147544 -2.555777 6.203146 0.147664 -2.405777 6.203047 0.147992 -2.555770 6.212992 0.148172 -2.330768 6.212846 0.148233 -2.255771 6.212798 0.147785 -2.255777 6.202950 0.146705 -2.255782 6.193152 0.145004 -2.255787 6.183528 0.131970 -2.255801 6.146603 0.136043 -2.330795 6.155508 0.136103 -2.255798 6.155459 0.139561 -2.405795 6.164741 0.139681 -2.255795 6.164644 0.142482 -2.480794 6.174186 0.142662 -2.255791 6.174040 0.142422 -2.555791 6.174235 0.139441 -2.555795 6.164839 0.135862 -2.555798 6.155655 0.131729 -2.555801 6.146799 0.109822 -2.255804 6.114311 0.116047 -2.330801 6.121844 0.116108 -2.255804 6.121794 0.121820 -2.405804 6.129838 0.121941 -2.255804 6.129739 0.127071 -2.480805 6.138191 0.127252 -2.255802 6.138044 0.127011 -2.555802 6.138240 0.121700 -2.555803 6.129935 0.115867 -2.555804 6.121989 0.109582 -2.555804 6.114505 0.080072 -2.255797 6.088851 0.088019 -2.330797 6.094501 0.088079 -2.255799 6.094453 0.095650 -2.405801 6.100715 0.095770 -2.255802 6.100618 0.102869 -2.480806 6.107411 0.103049 -2.255803 6.107265 0.102809 -2.555803 6.107460 0.095529 -2.555801 6.100814 0.087838 -2.555799 6.094648 0.079830 -2.555796 6.089046 0.044745 -2.255779 6.071958 0.053868 -2.330782 6.075346 0.053929 -2.255784 6.075297 0.062834 -2.405789 6.079360 0.062954 -2.255789 6.079261 0.071525 -2.480796 6.083944 0.071706 -2.255793 6.083798 0.071465 -2.555793 6.083993 0.062713 -2.555789 6.079456 0.053688 -2.555784 6.075492 0.044504 -2.555779 6.072153 0.015925 -2.330757 6.065681 0.015985 -2.255760 6.065633 0.025609 -2.405767 6.067223 0.025729 -2.255767 6.067126 0.035175 -2.480776 6.069388 0.035356 -2.255773 6.069243 0.035115 -2.555773 6.069439 0.025488 -2.555767 6.067321 0.015744 -2.555760 6.065828 0.006008 -2.555753 6.064979 -0.032791 -2.255719 6.067818 -0.023228 -2.330726 6.066167 -0.023167 -2.255729 6.066118 -0.013490 -2.405737 6.065136 -0.013369 -2.255737 6.065039 -0.003702 -2.480748 6.064737 -0.003522 -2.255745 6.064591 -0.003763 -2.555745 6.064786 -0.013610 -2.555737 6.065234 -0.023408 -2.555728 6.066313 -0.033032 -2.555719 6.068013 -0.069716 -2.255682 6.080853 -0.060921 -2.330689 6.076769 -0.060860 -2.255691 6.076720 -0.051795 -2.405701 6.073239 -0.051675 -2.255701 6.073141 -0.042459 -2.480713 6.070307 -0.042279 -2.255710 6.070160 -0.042520 -2.555710 6.070354 -0.051916 -2.555701 6.073335 -0.061100 -2.555691 6.076915 -0.069957 -2.555681 6.081049 -0.102008 -2.255641 6.103001 -0.094584 -2.330648 6.096765 -0.094524 -2.255651 6.096717 -0.086699 -2.405661 6.090980 -0.086578 -2.255661 6.090883 -0.078455 -2.480674 6.085717 -0.078274 -2.255672 6.085571 -0.078515 -2.555671 6.085766 -0.086819 -2.555661 6.091078 -0.094765 -2.555651 6.096911 -0.102249 -2.555641 6.103196 -0.127468 -2.255601 6.132752 -0.121926 -2.330608 6.124793 -0.121866 -2.255611 6.124744 -0.115821 -2.405621 6.117151 -0.115701 -2.255621 6.117052 -0.109235 -2.480634 6.109920 -0.109054 -2.255631 6.109772 -0.109296 -2.555631 6.109968 -0.115942 -2.555621 6.117247 -0.122107 -2.555611 6.124940 -0.141022 -2.255574 6.158894 -0.137058 -2.255583 6.149868 -0.132521 -2.255592 6.141117 0.088888 -1.915975 5.824691 0.014520 -1.915857 5.914777 0.029632 -1.915868 5.915974 0.044743 -1.915879 5.917945 0.059736 -1.915889 5.920669 0.074495 -1.915899 5.924128 0.071837 -1.915964 5.821131 0.054581 -1.915952 5.818307 0.037219 -1.915939 5.816231 0.019851 -1.915926 5.814918 0.002442 -1.915912 5.814375 -0.015043 -1.915898 5.814589 -0.032501 -1.915884 5.815561 -0.049834 -1.915869 5.817283 0.155179 -1.916014 5.846302 0.139005 -1.916006 5.839836 0.122501 -1.915996 5.834058 0.105764 -1.915986 5.828998 0.089058 -1.915908 5.928343 0.103463 -1.915916 5.933315 0.117601 -1.915924 5.939002 0.131362 -1.915931 5.945362 0.216709 -1.916042 5.879096 0.201904 -1.916037 5.869919 0.186655 -1.916030 5.861363 0.171050 -1.916022 5.853474 0.144777 -1.915937 5.952422 0.157887 -1.915942 5.960191 0.170591 -1.915947 5.968608 0.182789 -1.915951 5.977608 0.271610 -1.916059 5.922076 0.258625 -1.916056 5.910469 0.245093 -1.916052 5.899395 0.231095 -1.916048 5.888916 0.194509 -1.915954 5.987223 0.205787 -1.915957 5.997473 0.216537 -1.915958 6.008275 0.226673 -1.915959 6.019547 0.318215 -1.916062 5.973938 0.307442 -1.916063 5.960251 0.296040 -1.916062 5.946995 0.284073 -1.916061 5.934245 0.236217 -1.915959 6.031325 0.245201 -1.915958 6.043635 0.253556 -1.915957 6.056379 0.261217 -1.915954 6.069461 0.355105 -1.916053 6.033104 0.346873 -1.916057 6.017754 0.337944 -1.916059 6.002720 0.328374 -1.916061 5.988086 0.268194 -1.915951 6.082919 0.274517 -1.915947 6.096784 0.280135 -1.915943 6.110950 0.285005 -1.915937 6.125305 0.381161 -1.916032 6.097776 0.375719 -1.916039 6.081231 0.369537 -1.916044 6.064875 0.362653 -1.916049 6.048801 0.395590 -1.915999 6.165991 0.393105 -1.916009 6.148753 0.389857 -1.916017 6.131571 0.385868 -1.916025 6.114546 0.289131 -1.915931 6.139893 0.292532 -1.915924 6.154748 0.295185 -1.915917 6.169754 0.297065 -1.915908 6.184796 0.397956 -1.915956 6.235677 0.398501 -1.915968 6.218266 0.398286 -1.915979 6.200783 0.397314 -1.915990 6.183325 0.298170 -1.915899 6.199916 0.298511 -1.915890 6.215151 0.298089 -1.915879 6.230385 0.296903 -1.915869 6.245497 0.388184 -1.915903 6.304712 0.391743 -1.915917 6.287662 0.394568 -1.915931 6.270407 0.396644 -1.915944 6.253045 0.294943 -1.915857 6.260529 0.292210 -1.915845 6.275521 0.288730 -1.915833 6.290357 0.284526 -1.915820 6.304923 0.366573 -1.915843 6.371004 0.373039 -1.915859 6.354830 0.378818 -1.915874 6.338327 0.383877 -1.915889 6.321589 0.279579 -1.915807 6.319253 0.273884 -1.915793 6.333387 0.267489 -1.915779 6.347219 0.260440 -1.915765 6.360641 0.333779 -1.915777 6.432534 0.342955 -1.915794 6.417730 0.351512 -1.915810 6.402481 0.359400 -1.915827 6.386876 0.252710 -1.915750 6.373682 0.244286 -1.915735 6.386381 0.235237 -1.915720 6.398641 0.225630 -1.915704 6.410369 0.290798 -1.915706 6.487436 0.302406 -1.915724 6.474450 0.313481 -1.915742 6.460918 0.323960 -1.915759 6.446920 0.215433 -1.915689 6.421587 0.204626 -1.915673 6.432331 0.193294 -1.915657 6.442520 0.181522 -1.915642 6.452072 0.238937 -1.915634 6.534040 0.252625 -1.915652 6.523267 0.265880 -1.915671 6.511864 0.278629 -1.915689 6.499898 0.179771 -1.915563 6.570930 0.195121 -1.915581 6.562698 0.210155 -1.915599 6.553770 0.224789 -1.915617 6.544200 0.169275 -1.915626 6.461007 0.156527 -1.915610 6.469356 0.143376 -1.915595 6.477055 0.129923 -1.915580 6.484043 0.115098 -1.915494 6.596986 0.131644 -1.915511 6.591544 0.148000 -1.915528 6.585362 0.164073 -1.915546 6.578478 0.116129 -1.915564 6.490330 0.101961 -1.915549 6.495941 0.087529 -1.915535 6.500836 0.072945 -1.915520 6.504972 0.046883 -1.915430 6.611416 0.064122 -1.915446 6.608929 0.081304 -1.915461 6.605681 0.098329 -1.915478 6.601694 0.058167 -1.915506 6.508355 0.043160 -1.915492 6.510999 0.028038 -1.915479 6.512889 0.012920 -1.915466 6.514004 -0.022802 -1.915373 6.613781 -0.005392 -1.915386 6.614326 0.012092 -1.915400 6.614111 0.029551 -1.915415 6.613140 -0.002236 -1.915454 6.514341 -0.017469 -1.915442 6.513911 -0.032661 -1.915430 6.512716 -0.047695 -1.915420 6.510768 -0.091838 -1.915323 6.604009 -0.074787 -1.915335 6.607568 -0.057531 -1.915347 6.610393 -0.040170 -1.915359 6.612468 -0.062609 -1.915409 6.508049 -0.077443 -1.915400 6.504559 -0.092084 -1.915391 6.500333 -0.106417 -1.915382 6.495396 -0.158128 -1.915284 6.582398 -0.141955 -1.915293 6.588864 -0.125452 -1.915303 6.594642 -0.108714 -1.915313 6.599702 -0.120477 -1.915375 6.489731 -0.134307 -1.915368 6.483326 -0.147796 -1.915362 6.476239 -0.160843 -1.915356 6.468519 -0.219660 -1.915256 6.549604 -0.204855 -1.915262 6.558780 -0.189606 -1.915269 6.567337 -0.174001 -1.915276 6.575226 -0.173476 -1.915351 6.460137 -0.185732 -1.915348 6.451082 -0.197519 -1.915344 6.441423 -0.208745 -1.915342 6.431235 -0.274561 -1.915240 6.506623 -0.261575 -1.915243 6.518232 -0.248043 -1.915247 6.529306 -0.234045 -1.915251 6.539784 -0.321165 -1.915236 6.454762 -0.310392 -1.915236 6.468448 -0.298989 -1.915237 6.481704 -0.287023 -1.915238 6.494454 -0.219432 -1.915340 6.420483 -0.229615 -1.915340 6.409146 -0.239216 -1.915340 6.397312 -0.248161 -1.915340 6.385072 -0.358056 -1.915245 6.395595 -0.349823 -1.915242 6.410946 -0.340895 -1.915239 6.425979 -0.331323 -1.915237 6.440613 -0.256464 -1.915342 6.372389 -0.264157 -1.915344 6.359235 -0.271180 -1.915347 6.345710 -0.277477 -1.915351 6.331920 -0.384111 -1.915266 6.330924 -0.378669 -1.915260 6.347469 -0.372487 -1.915254 6.363825 -0.365603 -1.915249 6.379899 -0.283057 -1.915356 6.317824 -0.287944 -1.915361 6.303390 -0.292101 -1.915368 6.288729 -0.295494 -1.915375 6.273955 -0.398541 -1.915299 6.262708 -0.396055 -1.915290 6.279947 -0.392807 -1.915281 6.297128 -0.388819 -1.915273 6.314153 -0.298123 -1.915382 6.259024 -0.300004 -1.915390 6.243902 -0.301124 -1.915399 6.228704 -0.301474 -1.915409 6.213548 -0.400906 -1.915343 6.193023 -0.401451 -1.915331 6.210433 -0.401236 -1.915320 6.227916 -0.400264 -1.915309 6.245376 -0.301043 -1.915419 6.198395 -0.299841 -1.915430 6.183203 -0.297880 -1.915441 6.168091 -0.295172 -1.915453 6.153176 -0.391134 -1.915395 6.123987 -0.394694 -1.915381 6.141037 -0.397518 -1.915368 6.158293 -0.399593 -1.915355 6.175655 -0.291700 -1.915466 6.138419 -0.287464 -1.915479 6.123781 -0.282501 -1.915492 6.109373 -0.276845 -1.915506 6.095307 -0.369523 -1.915456 6.057696 -0.375990 -1.915440 6.073869 -0.381768 -1.915425 6.090372 -0.386827 -1.915410 6.107110 -0.336729 -1.915522 5.996165 -0.345906 -1.915505 6.010970 -0.354462 -1.915488 6.026219 -0.362350 -1.915472 6.041824 -0.270475 -1.915520 6.081551 -0.263380 -1.915534 6.068065 -0.255617 -1.915549 6.054950 -0.247246 -1.915564 6.042312 -0.293749 -1.915592 5.941264 -0.305356 -1.915575 5.954250 -0.316430 -1.915557 5.967782 -0.326909 -1.915539 5.981780 -0.238235 -1.915579 6.030122 -0.228570 -1.915594 6.018339 -0.218328 -1.915610 6.007056 -0.207583 -1.915626 5.996361 -0.241887 -1.915664 5.894660 -0.255575 -1.915646 5.905432 -0.268830 -1.915628 5.916835 -0.281580 -1.915610 5.928802 -0.196304 -1.915641 5.986232 -0.184466 -1.915657 5.976637 -0.172161 -1.915673 5.967647 -0.159484 -1.915688 5.959334 -0.182721 -1.915736 5.857769 -0.198071 -1.915718 5.866002 -0.213105 -1.915700 5.874930 -0.227739 -1.915682 5.884501 -0.146396 -1.915704 5.951683 -0.132868 -1.915719 5.944668 -0.119006 -1.915734 5.938339 -0.104915 -1.915749 5.932748 -0.118048 -1.915804 5.831714 -0.134594 -1.915788 5.837156 -0.150950 -1.915770 5.843338 -0.167023 -1.915753 5.850222 -0.090555 -1.915764 5.927888 -0.075892 -1.915778 5.923738 -0.061040 -1.915793 5.920329 -0.046112 -1.915806 5.917689 -0.067073 -1.915853 5.819770 -0.084254 -1.915837 5.823019 -0.101279 -1.915821 5.827007 -0.031068 -1.915820 5.915821 -0.015869 -1.915833 5.914709 -0.000635 -1.915845 5.914359 -0.000703 -2.000842 5.914413 -0.016006 -2.085832 5.914818 -0.031273 -2.170823 5.915985 0.059668 -2.000886 5.920724 0.044607 -2.085879 5.918054 0.029428 -2.170871 5.916139 0.117533 -2.000921 5.939057 0.103326 -2.085916 5.933426 0.088853 -2.170911 5.928508 0.170522 -2.000944 5.968663 0.157750 -2.085942 5.960302 0.144573 -2.170940 5.952588 0.216468 -2.000955 6.008330 0.205650 -2.085957 5.997584 0.194305 -2.170957 5.987390 0.253488 -2.000954 6.056434 0.245064 -2.085958 6.043745 0.236013 -2.170962 6.031491 0.280067 -2.000939 6.111005 0.274380 -2.085947 6.096895 0.267990 -2.170954 6.083085 0.295117 -2.000913 6.169809 0.292396 -2.085924 6.154858 0.288927 -2.170934 6.140059 0.298021 -2.000876 6.230439 0.298376 -2.085890 6.215262 0.297966 -2.170902 6.200082 0.288661 -2.000830 6.290413 0.292073 -2.085845 6.275632 0.294738 -2.170860 6.260695 0.267420 -2.000776 6.347274 0.273748 -2.085793 6.333499 0.279374 -2.170810 6.319419 0.235169 -2.000716 6.398697 0.244149 -2.085735 6.386491 0.252504 -2.170753 6.373848 0.193226 -2.000654 6.442575 0.204488 -2.085673 6.432440 0.215228 -2.170692 6.421753 0.143308 -2.000592 6.477111 0.156391 -2.085610 6.469466 0.169071 -2.170629 6.461174 0.087461 -2.000531 6.500891 0.101824 -2.085549 6.496051 0.115924 -2.170567 6.490496 0.027970 -2.000476 6.512944 0.043023 -2.085492 6.511109 0.057963 -2.170509 6.508521 -0.032729 -2.000427 6.512773 -0.017605 -2.085442 6.514022 -0.002441 -2.170457 6.514508 -0.092152 -2.000387 6.500388 -0.077579 -2.085399 6.504670 -0.062813 -2.170412 6.508214 -0.147865 -2.000358 6.476294 -0.134443 -2.085368 6.483436 -0.120683 -2.170378 6.489896 -0.197588 -2.000341 6.441478 -0.185869 -2.085347 6.451193 -0.173681 -2.170354 6.460303 -0.239284 -2.000336 6.397367 -0.229750 -2.085339 6.409256 -0.219636 -2.170343 6.420648 -0.271248 -2.000344 6.345765 -0.264293 -2.085344 6.359344 -0.256669 -2.170345 6.372554 -0.292169 -2.000364 6.288785 -0.288081 -2.085361 6.303501 -0.283262 -2.170359 6.317991 -0.301193 -2.000396 6.228759 -0.300140 -2.085390 6.244013 -0.298328 -2.170385 6.259190 -0.297949 -2.000438 6.168147 -0.299978 -2.085430 6.183314 -0.301248 -2.170422 6.198561 -0.282570 -2.000489 6.109428 -0.287601 -2.085479 6.123891 -0.291905 -2.170469 6.138585 -0.255686 -2.000546 6.055006 -0.263515 -2.085534 6.068176 -0.270679 -2.170523 6.081718 -0.218396 -2.000607 6.007111 -0.228708 -2.085594 6.018449 -0.238440 -2.170582 6.030286 -0.172229 -2.000669 5.967703 -0.184602 -2.085657 5.976748 -0.196509 -2.170644 5.986398 -0.119074 -2.000731 5.938393 -0.133004 -2.085719 5.944778 -0.146601 -2.170707 5.951849 -0.061108 -2.000789 5.920385 -0.076029 -2.085778 5.923849 -0.090760 -2.170767 5.928054 -1.098292 -2.329823 6.126774 -1.095622 -2.404847 6.097644 -1.092177 -2.479872 6.068596 -1.087967 -2.554891 6.039694 -1.092237 -2.554869 6.068644 -1.095742 -2.554847 6.097741 -1.098473 -2.554826 6.126920 -1.100424 -2.554805 6.156118 -1.101417 -2.329744 6.243821 -1.101864 -2.404766 6.214565 -1.101533 -2.479788 6.185310 -1.101593 -2.554785 6.185359 -1.101984 -2.554766 6.214662 -1.101598 -2.554747 6.243967 -1.100435 -2.554729 6.273207 -1.092084 -2.329676 6.360536 -1.095643 -2.404695 6.331488 -1.098429 -2.479714 6.302357 -1.098490 -2.554712 6.302405 -1.095764 -2.554695 6.331587 -1.092265 -2.554679 6.360683 -1.087999 -2.554663 6.389635 -1.070398 -2.329619 6.475599 -1.077030 -2.404635 6.447087 -1.082902 -2.479652 6.418411 -1.082962 -2.554649 6.418460 -1.077150 -2.554635 6.447184 -1.070578 -2.554622 6.475745 -1.063260 -2.554609 6.504079 -1.036603 -2.329573 6.587705 -1.046234 -2.404586 6.560054 -1.055126 -2.479600 6.532158 -1.055187 -2.554597 6.532206 -1.046354 -2.554586 6.560151 -1.036784 -2.554576 6.587851 -1.026496 -2.554566 6.615246 -0.991085 -2.329539 6.695583 -1.003605 -2.404549 6.669107 -1.015418 -2.479560 6.642308 -1.015479 -2.554557 6.642357 -1.003727 -2.554549 6.669203 -0.991266 -2.554542 6.695730 -0.978123 -2.554536 6.721876 -0.934358 -2.329518 6.798012 -0.949627 -2.404525 6.773010 -0.964226 -2.479533 6.747613 -0.964287 -2.554530 6.747661 -0.949747 -2.554525 6.773107 -0.934538 -2.554521 6.798158 -0.918691 -2.554518 6.822759 -0.867063 -2.329510 6.893831 -0.884909 -2.404514 6.870588 -0.902131 -2.479518 6.846880 -0.902192 -2.554515 6.846928 -0.885030 -2.554514 6.870684 -0.867243 -2.554513 6.893977 -0.848872 -2.554513 6.916754 -0.789965 -2.329515 6.981954 -0.810187 -2.404515 6.960733 -0.829837 -2.479516 6.938985 -0.829899 -2.554514 6.939034 -0.810309 -2.554515 6.960832 -0.790148 -2.554517 6.982103 -0.769457 -2.554520 7.002796 -0.703937 -2.329532 7.061383 -0.726306 -2.404529 7.042425 -0.748161 -2.479527 7.022883 -0.748220 -2.554524 7.022929 -0.726425 -2.554529 7.042521 -0.704118 -2.554535 7.061529 -0.681347 -2.554541 7.079909 -0.609955 -2.329562 7.131219 -0.634216 -2.404556 7.114740 -0.658031 -2.479551 7.097624 -0.658092 -2.554548 7.097672 -0.634338 -2.554556 7.114838 -0.610136 -2.554565 7.131366 -0.585539 -2.554574 7.147218 -0.509081 -2.329604 7.190668 -0.534963 -2.404595 7.176855 -0.560468 -2.479587 7.162361 -0.560526 -2.554585 7.162409 -0.535083 -2.554596 7.176952 -0.509262 -2.554607 7.190815 -0.483119 -2.554620 7.203964 -0.402459 -2.329659 7.239058 -0.429668 -2.404647 7.228069 -0.456574 -2.479636 7.216362 -0.456634 -2.554633 7.216409 -0.429788 -2.554647 7.228166 -0.402640 -2.554661 7.239205 -0.375249 -2.554677 7.249501 -0.291299 -2.329724 7.275840 -0.319527 -2.404709 7.267799 -0.347531 -2.479695 7.259013 -0.347590 -2.554693 7.259061 -0.319647 -2.554709 7.267896 -0.291479 -2.554727 7.275988 -0.263148 -2.554745 7.283313 -0.176857 -2.329800 7.300600 -0.205786 -2.404783 7.295598 -0.234570 -2.479766 7.289833 -0.234631 -2.554763 7.289880 -0.205906 -2.554782 7.295695 -0.177038 -2.554802 7.300747 -0.148089 -2.554823 7.305020 -0.060433 -2.329885 7.313055 -0.089735 -2.404866 7.311150 -0.118975 -2.479847 7.308470 -0.119035 -2.554844 7.308517 -0.089856 -2.554866 7.311247 -0.060613 -2.554888 7.313201 -0.031374 -2.554910 7.314374 0.056655 -2.329979 7.313062 0.027311 -2.404958 7.314277 -0.002053 -2.479937 7.314715 -0.002113 -2.554934 7.314764 0.027191 -2.554957 7.314376 0.056474 -2.554982 7.313209 0.085673 -2.555007 7.311267 0.173081 -2.330081 7.300626 0.144027 -2.405057 7.304947 0.114870 -2.480034 7.308497 0.114810 -2.555032 7.308546 0.143906 -2.555057 7.305043 0.172900 -2.555083 7.300770 0.201727 -2.555110 7.295738 0.287526 -2.330189 7.275884 0.259090 -2.405164 7.283262 0.230470 -2.480139 7.289885 0.230410 -2.555137 7.289935 0.258969 -2.555164 7.283359 0.287345 -2.555191 7.276029 0.315474 -2.555219 7.267960 0.398692 -2.330302 7.239117 0.371197 -2.405276 7.249470 0.343437 -2.480250 7.259092 0.343377 -2.555247 7.259142 0.371075 -2.555276 7.249567 0.398511 -2.555304 7.239262 0.425623 -2.555333 7.228249 0.505321 -2.330419 7.190742 0.479076 -2.405392 7.203953 0.452490 -2.480365 7.216466 0.452431 -2.555363 7.216515 0.478955 -2.555392 7.204052 0.505140 -2.555421 7.190888 0.530927 -2.555451 7.177056 0.606203 -2.330538 7.131308 0.581505 -2.405511 7.147228 0.556395 -2.480484 7.162489 0.556336 -2.555481 7.162539 0.581385 -2.555511 7.147326 0.606023 -2.555541 7.131454 0.630193 -2.555571 7.114958 0.700196 -2.330659 7.061488 0.677325 -2.405632 7.079936 0.653974 -2.480604 7.097773 0.653914 -2.555601 7.097822 0.677205 -2.555632 7.080034 0.700015 -2.555662 7.061633 0.722296 -2.555692 7.042661 0.786236 -2.330780 6.982072 0.765450 -2.405753 7.002841 0.744121 -2.480725 7.023052 0.744062 -2.555722 7.023102 0.765330 -2.555753 7.002939 0.786056 -2.555783 6.982218 0.806193 -2.555813 6.960985 0.863347 -2.330899 6.893960 0.844880 -2.405872 6.916815 0.825815 -2.480845 6.939172 0.825754 -2.555842 6.939220 0.844760 -2.555872 6.916912 0.863166 -2.555902 6.894106 0.880932 -2.555931 6.870853 0.930655 -2.331015 6.798151 0.914717 -2.405989 6.822833 0.898131 -2.480963 6.847085 0.898070 -2.555960 6.847133 0.914596 -2.555989 6.822929 0.930474 -2.556018 6.798297 0.945668 -2.556047 6.773287 0.987398 -2.331128 6.695731 0.974168 -2.406103 6.721961 0.960249 -2.481078 6.747831 0.960189 -2.556075 6.747881 0.974048 -2.556103 6.722058 0.987217 -2.556130 6.695877 0.999666 -2.556158 6.669393 1.032932 -2.331234 6.587858 1.022561 -2.406211 6.615341 1.011465 -2.481187 6.642538 1.011404 -2.556184 6.642586 1.022441 -2.556211 6.615438 1.032753 -2.556237 6.588005 1.042317 -2.556263 6.560348 1.066744 -2.331334 6.475758 1.059346 -2.406313 6.504180 1.051198 -2.481291 6.532398 1.051137 -2.556288 6.532446 1.059226 -2.556313 6.504277 1.066564 -2.556337 6.475904 1.073133 -2.556361 6.447387 1.088448 -2.331427 6.360698 1.084108 -2.406407 6.389740 1.078999 -2.481387 6.418657 1.078938 -2.556384 6.418706 1.083987 -2.556407 6.389837 1.088267 -2.556429 6.360844 1.091769 -2.556451 6.331792 1.097798 -2.331510 6.243984 1.096564 -2.406493 6.273316 1.094553 -2.481475 6.302606 1.094492 -2.556472 6.302655 1.096441 -2.556493 6.273413 1.097616 -2.556513 6.244130 1.098012 -2.556532 6.214870 1.094689 -2.331584 6.126936 1.096574 -2.406569 6.156228 1.097683 -2.481554 6.185560 1.097623 -2.556551 6.185609 1.096454 -2.556569 6.156325 1.094508 -2.556586 6.127083 1.091790 -2.556603 6.097946 1.079157 -2.331647 6.010883 1.084139 -2.406635 6.039801 1.088354 -2.481622 6.068844 1.088295 -2.556619 6.068892 1.084020 -2.556634 6.039899 1.078977 -2.556649 6.011029 1.073177 -2.556663 5.982346 1.051378 -2.331698 5.897138 1.059400 -2.406689 5.925356 1.066672 -2.481679 5.953780 1.066612 -2.556676 5.953829 1.059280 -2.556689 5.925453 1.051197 -2.556701 5.897284 1.042380 -2.556712 5.869380 1.011665 -2.331738 5.786989 1.022636 -2.406732 5.814190 1.032882 -2.481725 5.841673 1.032822 -2.556722 5.841721 1.022515 -2.556732 5.814287 1.011484 -2.556741 5.787135 0.999751 -2.556749 5.760327 0.960468 -2.331765 5.681685 0.974263 -2.406762 5.707560 0.987367 -2.481759 5.733793 0.987307 -2.556756 5.733842 0.974142 -2.556762 5.707658 0.960287 -2.556768 5.681832 0.945773 -2.556773 5.656422 0.898369 -2.331780 5.582421 0.914830 -2.406780 5.606677 0.930644 -2.481780 5.631362 0.930584 -2.556777 5.631410 0.914711 -2.556780 5.606774 0.898188 -2.556783 5.582568 0.881055 -2.556784 5.558844 0.826071 -2.331782 5.490320 0.845012 -2.406785 5.512683 0.863353 -2.481788 5.535540 0.863293 -2.556785 5.535588 0.844892 -2.556785 5.512779 0.825891 -2.556784 5.490466 0.806332 -2.556783 5.468699 0.744393 -2.331771 5.406425 0.765597 -2.406777 5.426641 0.786259 -2.481783 5.447414 0.786198 -2.556781 5.447464 0.765476 -2.556777 5.426738 0.744212 -2.556773 5.406571 0.722450 -2.556769 5.387006 0.654259 -2.331747 5.331688 0.677488 -2.406757 5.349529 0.700235 -2.481766 5.367982 0.700174 -2.556763 5.368030 0.677367 -2.556757 5.349624 0.654080 -2.556750 5.331833 0.630361 -2.556742 5.314692 0.556693 -2.331711 5.266954 0.581680 -2.406724 5.282219 0.606254 -2.481736 5.298143 0.606193 -2.556733 5.298193 0.581559 -2.556724 5.282316 0.556513 -2.556713 5.267098 0.531107 -2.556702 5.252577 0.452798 -2.331662 5.212957 0.479261 -2.406679 5.225474 0.505383 -2.481694 5.238689 0.505322 -2.556691 5.238740 0.479139 -2.556678 5.225572 0.452617 -2.556665 5.213102 0.425812 -2.556651 5.201364 0.343753 -2.331603 5.170311 0.371390 -2.406621 5.179937 0.398763 -2.481639 5.190295 0.398703 -2.556637 5.190345 0.371269 -2.556621 5.180034 0.343572 -2.556605 5.170455 0.315671 -2.556589 5.161631 0.230791 -2.331532 5.139496 0.259290 -2.406553 5.146124 0.287604 -2.481574 5.153508 0.287543 -2.556571 5.153558 0.259169 -2.556553 5.146223 0.230610 -2.556535 5.139641 0.201929 -2.556516 5.133833 0.115194 -2.331451 5.120863 0.144231 -2.406475 5.124418 0.173164 -2.481498 5.128744 0.173103 -2.556495 5.128792 0.144110 -2.556475 5.124515 0.115014 -2.556454 5.121009 0.085878 -2.556432 5.118281 -0.001727 -2.331361 5.114622 0.027517 -2.406387 5.115065 0.056740 -2.481413 5.116285 0.056680 -2.556410 5.116335 0.027397 -2.556387 5.115164 -0.001908 -2.556364 5.114770 -0.031169 -2.556341 5.115153 -0.118650 -2.331264 5.120846 -0.089530 -2.406292 5.118170 -0.060348 -2.481319 5.116272 -0.060408 -2.556316 5.116320 -0.089651 -2.556291 5.118269 -0.118830 -2.556266 5.120992 -0.147885 -2.556241 5.124485 -0.234249 -2.331159 5.139460 -0.205584 -2.406188 5.133701 -0.176775 -2.481217 5.128705 -0.176835 -2.556215 5.128752 -0.205704 -2.556188 5.133798 -0.234430 -2.556161 5.139608 -0.262949 -2.556134 5.146168 -0.347215 -2.331048 5.170259 -0.319330 -2.406079 5.161478 -0.291221 -2.481109 5.153442 -0.291281 -2.556107 5.153490 -0.319450 -2.556079 5.161576 -0.347395 -2.556051 5.170406 -0.375054 -2.556022 5.179962 -0.456267 -2.330933 5.212890 -0.429479 -2.405965 5.201189 -0.402389 -2.480996 5.190203 -0.402449 -2.555994 5.190252 -0.429599 -2.555965 5.201286 -0.456447 -2.555935 5.213037 -0.482935 -2.555906 5.225477 -0.560170 -2.330814 5.266871 -0.534783 -2.405847 5.252383 -0.509019 -2.480879 5.238574 -0.509080 -2.555877 5.238621 -0.534903 -2.555847 5.252478 -0.560350 -2.555817 5.267017 -0.585365 -2.555787 5.282203 -0.657746 -2.330694 5.331590 -0.634048 -2.405727 5.314480 -0.609903 -2.480760 5.298005 -0.609963 -2.555757 5.298053 -0.634167 -2.555727 5.314579 -0.657925 -2.555697 5.331738 -0.681185 -2.555666 5.349496 -0.747890 -2.330573 5.406315 -0.726151 -2.405606 5.386776 -0.703900 -2.480639 5.367821 -0.703962 -2.555636 5.367868 -0.726273 -2.555606 5.386871 -0.748072 -2.555575 5.406460 -0.769310 -2.555545 5.426592 -0.829581 -2.330453 5.490198 -0.810047 -2.405485 5.468452 -0.789943 -2.480518 5.447235 -0.790002 -2.555515 5.447284 -0.810168 -2.555485 5.468549 -0.829762 -2.555455 5.490344 -0.848741 -2.555426 5.512618 -0.901893 -2.330335 5.582287 -0.884787 -2.405367 5.558584 -0.867057 -2.480399 5.535343 -0.867116 -2.555396 5.535392 -0.884907 -2.555367 5.558681 -0.902073 -2.555337 5.582435 -0.918577 -2.555308 5.606600 -0.964007 -2.330220 5.681544 -0.949522 -2.405251 5.656149 -0.934368 -2.480283 5.631149 -0.934429 -2.555280 5.631199 -0.949643 -2.555251 5.656247 -0.964187 -2.555223 5.681690 -0.978028 -2.555195 5.707473 -1.015218 -2.330111 5.786839 -1.003520 -2.405140 5.760043 -0.991116 -2.480171 5.733568 -0.991176 -2.555168 5.733617 -1.003641 -2.555140 5.760140 -1.015398 -2.555113 5.786985 -1.026420 -2.555087 5.814093 -1.054946 -2.330007 5.896982 -1.046169 -2.405035 5.869087 -1.036654 -2.480064 5.841438 -1.036714 -2.555061 5.841487 -1.046290 -2.555035 5.869184 -1.055127 -2.555010 5.897128 -1.063206 -2.554985 5.925254 -1.082743 -2.329911 6.010723 -1.076986 -2.404937 5.982047 -1.070469 -2.479964 5.953538 -1.070529 -2.554961 5.953586 -1.077107 -2.554937 5.982145 -1.082924 -2.554914 6.010869 -0.151952 -2.555527 6.217418 -0.151365 -2.555520 6.228165 -0.150030 -2.555514 6.238844 -0.147961 -2.555509 6.249292 -0.143454 -2.555568 6.164893 -0.146625 -2.555559 6.175062 -0.149090 -2.555550 6.185538 -0.150817 -2.555542 6.196160 -0.123674 -2.555608 6.127057 -0.129580 -2.555598 6.135922 -0.134897 -2.555587 6.145279 -0.139547 -2.555577 6.154984 -0.094034 -2.555652 6.096328 -0.102200 -2.555641 6.103167 -0.109937 -2.555630 6.110648 -0.117132 -2.555619 6.118650 -0.145131 -2.555505 6.259561 -0.141540 -2.555501 6.269706 -0.137250 -2.555498 6.279576 -0.132321 -2.555496 6.289019 -0.126712 -2.555495 6.298074 -0.120410 -2.555494 6.306798 -0.113513 -2.555494 6.315058 -0.106122 -2.555495 6.322730 -0.098188 -2.555497 6.329838 -0.089683 -2.555499 6.336432 -0.080739 -2.555503 6.342416 -0.071487 -2.555507 6.347694 -0.061872 -2.555512 6.352279 -0.051854 -2.555517 6.356210 -0.041586 -2.555523 6.359432 -0.031221 -2.555530 6.361891 -0.020705 -2.555537 6.363580 0.000775 -2.555554 6.364727 0.011412 -2.555563 6.364166 0.021979 -2.555572 6.362825 0.032532 -2.555582 6.360716 0.042912 -2.555592 6.357875 0.052960 -2.555602 6.354339 0.062721 -2.555613 6.350075 0.072252 -2.555624 6.345078 0.081411 -2.555635 6.339428 0.090057 -2.555646 6.333204 0.098222 -2.555657 6.326363 0.105959 -2.555668 6.318884 0.113155 -2.555679 6.310882 0.119696 -2.555690 6.302475 0.125603 -2.555700 6.293611 0.130919 -2.555710 6.284254 0.135569 -2.555721 6.274548 0.139477 -2.555730 6.264640 0.142647 -2.555739 6.254470 0.145112 -2.555748 6.243994 0.146839 -2.555756 6.233372 0.147974 -2.555771 6.212113 0.147388 -2.555778 6.201367 0.146052 -2.555784 6.190689 0.143984 -2.555789 6.180240 0.141153 -2.555793 6.169971 0.137562 -2.555797 6.159826 0.133273 -2.555800 6.149956 0.128343 -2.555802 6.140513 0.122734 -2.555803 6.131458 0.116432 -2.555804 6.122735 0.109535 -2.555804 6.114472 0.102144 -2.555803 6.106802 0.094210 -2.555801 6.099695 0.085705 -2.555798 6.093100 0.076761 -2.555795 6.087116 0.067510 -2.555791 6.081838 0.057895 -2.555786 6.077253 0.047877 -2.555781 6.073322 0.037608 -2.555775 6.070100 0.027244 -2.555768 6.067642 0.016727 -2.555761 6.065952 -0.004753 -2.555744 6.064806 -0.015390 -2.555735 6.065366 -0.025957 -2.555726 6.066706 -0.036509 -2.555716 6.068817 -0.046889 -2.555706 6.071659 -0.056938 -2.555696 6.075193 -0.066699 -2.555685 6.079456 -0.076230 -2.555674 6.084454 -0.085388 -2.555663 6.090105 0.037151 -2.000936 5.816286 0.054445 -2.085952 5.818417 0.071633 -2.170967 5.821297 -0.032569 -2.000881 5.815615 -0.015179 -2.085898 5.814700 0.002237 -2.170915 5.814540 -0.101347 -2.000818 5.827062 -0.084391 -2.085837 5.823128 -0.067277 -2.170856 5.819936 -0.167092 -2.000750 5.850277 -0.151088 -2.085770 5.843448 -0.134799 -2.170791 5.837322 -0.227807 -2.000679 5.884556 -0.213241 -2.085700 5.875041 -0.198276 -2.170721 5.866168 -0.281648 -2.000607 5.928858 -0.268966 -2.085628 5.916947 -0.255778 -2.170649 5.905599 -0.326977 -2.000536 5.981835 -0.316567 -2.085557 5.967892 -0.305561 -2.170578 5.954415 -0.362418 -2.000469 6.041879 -0.354598 -2.085488 6.026330 -0.346110 -2.170508 6.011135 -0.386894 -2.000406 6.107166 -0.381904 -2.085424 6.090482 -0.376194 -2.170443 6.074035 -0.399663 -2.000352 6.175710 -0.397655 -2.085368 6.158404 -0.394898 -2.170384 6.141203 -0.400333 -2.000306 6.245432 -0.401373 -2.085320 6.228027 -0.401656 -2.170334 6.210599 -0.388887 -2.000270 6.314210 -0.392943 -2.085281 6.297240 -0.396259 -2.170293 6.280113 -0.365672 -2.000246 6.379954 -0.372623 -2.085254 6.363935 -0.378874 -2.170263 6.347635 -0.331392 -2.000234 6.440669 -0.341031 -2.085239 6.426090 -0.350028 -2.170245 6.411112 -0.287091 -2.000235 6.494508 -0.299125 -2.085237 6.481815 -0.310597 -2.170239 6.468614 -0.234113 -2.000248 6.539839 -0.248179 -2.085247 6.529416 -0.261780 -2.170246 6.518397 -0.174069 -2.000273 6.575280 -0.189742 -2.085269 6.567447 -0.205060 -2.170265 6.558946 -0.108783 -2.000310 6.599757 -0.125589 -2.085302 6.594753 -0.142160 -2.170296 6.589031 -0.040238 -2.000356 6.612524 -0.057668 -2.085347 6.610504 -0.074992 -2.170338 6.607734 0.029483 -2.000412 6.613195 0.011956 -2.085400 6.614221 -0.005596 -2.170389 6.614492 0.098260 -2.000474 6.601749 0.081167 -2.085461 6.605792 0.063918 -2.170448 6.609095 0.164005 -2.000542 6.578534 0.147864 -2.085528 6.585473 0.131439 -2.170514 6.591710 0.224721 -2.000613 6.544255 0.210018 -2.085599 6.553880 0.194916 -2.170584 6.562863 0.278561 -2.000685 6.499952 0.265743 -2.085671 6.511974 0.252419 -2.170656 6.523432 0.323891 -2.000756 6.446975 0.313344 -2.085742 6.461029 0.302201 -2.170727 6.474615 0.359332 -2.000824 6.386931 0.351375 -2.085810 6.402591 0.342751 -2.170797 6.417896 0.383808 -2.000886 6.321644 0.378681 -2.085874 6.338437 0.372835 -2.170862 6.354996 0.396576 -2.000941 6.253100 0.394432 -2.085931 6.270517 0.391539 -2.170920 6.287828 0.397247 -2.000986 6.183379 0.398150 -2.085979 6.200893 0.398296 -2.170971 6.218432 0.385801 -2.001022 6.114602 0.389720 -2.086017 6.131682 0.392900 -2.171012 6.148918 0.362585 -2.001046 6.048856 0.369401 -2.086044 6.064986 0.375514 -2.171042 6.081397 0.328306 -2.001058 5.988142 0.337808 -2.086059 6.002830 0.346667 -2.171060 6.017920 0.284004 -2.001057 5.934301 0.295901 -2.086062 5.947106 0.307237 -2.171066 5.960417 0.231026 -2.001044 5.888971 0.244957 -2.086052 5.899505 0.258420 -2.171059 5.910635 0.170983 -2.001019 5.853531 0.186519 -2.086030 5.861474 0.201700 -2.171040 5.870084 0.105696 -2.000983 5.829054 0.122366 -2.085996 5.834167 0.138800 -2.171009 5.840001</float_array>
          <technique_common>
            <accessor source="#Part3_Centro_001-mesh-positions-array" count="3613" stride="3">
              <param name="X" type="float" />
              <param name="Y" type="float" />
              <param name="Z" type="float" />
            </accessor>
          </technique_common>
        </source>
        <source id="Part3_Centro_001-mesh-normals">
          <float_array id="Part3_Centro_001-mesh-normals-array" count="20814">-0.000449 0.000650 1.000000 -0.000449 0.000651 1.000000 -1.000000 0.000802 -0.000450 -1.000000 0.000801 -0.000450 0.000450 -0.000655 -1.000000 0.000449 -0.000649 -1.000000 1.000000 -0.000803 0.000450 1.000000 -0.000802 0.000450 -0.308589 -0.000371 -0.951195 -0.308589 -0.000371 -0.951195 0.309444 -0.000867 -0.950917 0.309443 -0.000867 -0.950917 0.809283 -0.001031 -0.587419 0.809283 -0.001031 -0.587419 1.000000 -0.000802 0.000448 1.000000 -0.000804 0.000444 0.808751 -0.000268 0.588151 0.808748 -0.000267 0.588155 0.308595 0.000371 0.951194 0.308593 0.000371 0.951194 -0.309443 0.000867 0.950918 -0.309442 0.000867 0.950918 -0.809283 0.001031 0.587418 -0.809280 0.001030 0.587422 -1.000000 0.000801 -0.000444 -1.000000 0.000804 -0.000451 -0.808754 0.000268 -0.588147 -0.808756 0.000267 -0.588144 -0.308590 -0.000370 -0.951195 -0.308590 -0.000370 -0.951195 0.309445 -0.000867 -0.950917 0.309446 -0.000867 -0.950917 0.809281 -0.001031 -0.587421 0.809279 -0.001032 -0.587424 1.000000 -0.000803 0.000448 1.000000 -0.000802 0.000451 0.808750 -0.000267 0.588152 0.808751 -0.000267 0.588151 0.308594 0.000370 0.951194 0.308590 0.000371 0.951195 -0.309443 0.000867 0.950918 -0.309441 0.000867 0.950918 -0.809281 0.001031 0.587421 -0.809281 0.001031 0.587421 -1.000000 0.000802 -0.000448 -1.000000 0.000802 -0.000448 -0.808752 0.000267 -0.588150 -0.808751 0.000268 -0.588151 -0.308593 -0.000371 -0.951194 -0.308592 -0.000370 -0.951195 0.309446 -0.000865 -0.950917 0.309442 -0.000867 -0.950918 0.809282 -0.001031 -0.587419 0.809280 -0.001033 -0.587422 1.000000 -0.000804 0.000448 1.000000 -0.000802 0.000453 0.808752 -0.000267 0.588150 0.808751 -0.000267 0.588151 0.308590 0.000371 0.951195 0.308590 0.000371 0.951195 -0.309443 0.000867 0.950917 -0.309443 0.000867 0.950917 -0.809279 0.001031 0.587423 -0.809279 0.001031 0.587423 -1.000000 0.000802 -0.000453 -1.000000 0.000802 -0.000453 -0.808751 0.000267 -0.588152 -0.808751 0.000267 -0.588152 -0.308594 -0.000360 -0.951194 -0.308603 -0.000369 -0.951191 0.309448 -0.000874 -0.950916 0.309448 -0.000866 -0.950916 0.809283 -0.001029 -0.587419 0.809286 -0.001033 -0.587414 1.000000 -0.000802 0.000448 1.000000 -0.000802 0.000448 0.808753 -0.000270 0.588149 0.808756 -0.000270 0.588145 0.308583 0.000377 0.951198 0.308581 0.000369 0.951198 -0.309440 0.000866 0.950919 -0.309441 0.000874 0.950918 -0.809280 0.001033 0.587422 -0.809276 0.001029 0.587427 -1.000000 0.000802 -0.000448 -1.000000 0.000802 -0.000448 -0.808754 0.000266 -0.588147 -0.808754 0.000270 -0.588147 -0.308589 -0.000371 -0.951196 -0.308591 -0.000371 -0.951195 0.309450 -0.000867 -0.950915 0.309448 -0.000866 -0.950916 0.809279 -0.001032 -0.587424 0.809278 -0.001031 -0.587425 1.000000 -0.000802 0.000448 1.000000 -0.000802 0.000448 0.808752 -0.000267 0.588150 0.808751 -0.000266 0.588151 0.308589 0.000373 0.951195 0.308593 0.000371 0.951194 -0.309450 0.000866 0.950915 -0.309450 0.000867 0.950915 -0.809280 0.001031 0.587423 -0.809280 0.001031 0.587422 -1.000000 0.000802 -0.000454 -1.000000 0.000802 -0.000453 -0.808755 0.000267 -0.588146 -0.808755 0.000267 -0.588145 -0.308595 -0.000373 -0.951194 0.309448 -0.000866 -0.950916 0.309448 -0.000867 -0.950916 0.809283 -0.001031 -0.587418 0.809283 -0.001032 -0.587419 1.000000 -0.000802 0.000448 1.000000 -0.000802 0.000448 0.808752 -0.000267 0.588150 0.808753 -0.000266 0.588149 0.308590 0.000372 0.951195 0.308590 0.000371 0.951195 -0.309439 0.000866 0.950919 -0.309444 0.000869 0.950917 -0.809282 0.001032 0.587420 -0.809280 0.001032 0.587422 -1.000000 0.000802 -0.000448 -1.000000 0.000802 -0.000448 -0.808748 0.000267 -0.588155 -0.808750 0.000266 -0.588153 -0.308574 -0.000373 -0.951201 -0.308575 -0.000373 -0.951200 0.309430 -0.000870 -0.950922 0.309440 -0.000862 -0.950919 0.809282 -0.001029 -0.587419 0.809280 -0.001031 -0.587422 1.000000 -0.000802 0.000454 1.000000 -0.000804 0.000447 0.808754 -0.000268 0.588147 0.808755 -0.000270 0.588147 0.308595 0.000364 0.951194 0.308595 0.000369 0.951193 -0.309448 0.000866 0.950916 -0.309456 0.000866 0.950914 -0.809280 0.001033 0.587422 -0.809280 0.001031 0.587422 -1.000000 0.000802 -0.000459 -1.000000 0.000801 -0.000453 -0.808759 0.000268 -0.588141 -0.808758 0.000266 -0.588141 -0.308582 -0.000369 -0.951198 -0.308584 -0.000373 -0.951197 0.309441 -0.000862 -0.950918 0.309429 -0.000866 -0.950922 0.809280 -0.001033 -0.587422 0.809284 -0.001029 -0.587418 1.000000 -0.000802 0.000453 1.000000 -0.000802 0.000453 0.808754 -0.000268 0.588147 0.808754 -0.000266 0.588147 0.308597 0.000369 0.951193 0.308596 0.000369 0.951193 -0.309438 0.000866 0.950919 -0.309446 0.000866 0.950917 -0.809284 0.001033 0.587417 -0.809280 0.001031 0.587422 -1.000000 0.000802 -0.000453 -1.000000 0.000802 -0.000453 -0.808757 0.000268 -0.588143 -0.808756 0.000266 -0.588144 -1.000000 0.000802 -0.000442 -1.000000 0.000802 -0.000435 -0.998331 0.000839 0.057753 -0.998331 0.000839 0.057753 0.996234 -0.000854 -0.086706 0.996233 -0.000858 -0.086709 0.966042 -0.000945 -0.258384 0.966042 -0.000943 -0.258385 0.906497 -0.001002 -0.422210 0.906497 -0.001002 -0.422211 0.819410 -0.001030 -0.573207 0.819410 -0.001031 -0.573207 0.707424 -0.001027 -0.706789 0.707424 -0.001029 -0.706789 0.573945 -0.000994 -0.818893 0.573944 -0.000994 -0.818894 0.423026 -0.000928 -0.906117 0.423025 -0.000929 -0.906117 0.259252 -0.000836 -0.965809 0.259253 -0.000836 -0.965809 0.087603 -0.000718 -0.996155 0.087603 -0.000718 -0.996155 -0.086708 -0.000578 -0.996234 -0.086708 -0.000579 -0.996234 -0.258385 -0.000421 -0.966042 -0.258386 -0.000420 -0.966042 -0.422210 -0.000250 -0.906498 -0.422211 -0.000250 -0.906498 -0.573208 -0.000072 -0.819410 -0.573207 -0.000072 -0.819410 -0.706790 0.000108 -0.707424 -0.706789 0.000107 -0.707425 -0.818894 0.000284 -0.573945 -0.818894 0.000284 -0.573945 -0.906118 0.000452 -0.423025 -0.906118 0.000452 -0.423024 -0.965809 0.000607 -0.259254 -0.965809 0.000607 -0.259255 -0.996155 0.000743 -0.087603 -0.996155 0.000743 -0.087604 0.998285 -0.000763 0.058541 0.998285 -0.000761 0.058540 0.977762 -0.000919 -0.209718 0.977762 -0.000921 -0.209718 -0.992727 0.000875 0.120382 -0.992727 0.000875 0.120382 -0.942050 0.000975 0.335472 -0.942051 0.000971 0.335470 -0.845378 0.001021 0.534168 -0.845378 0.001025 0.534168 -0.707424 0.001024 0.706789 -0.707421 0.001028 0.706792 -0.534929 0.000978 0.844896 -0.534932 0.000981 0.844894 -0.336310 0.000875 0.941751 -0.336309 0.000881 0.941751 -0.121285 0.000742 0.992618 -0.121285 0.000740 0.992618 0.099686 0.000564 0.995019 0.099686 0.000562 0.995019 0.315767 0.000363 0.948837 0.315768 0.000360 0.948836 0.516440 0.000138 0.856324 0.516442 0.000141 0.856322 0.691900 -0.000086 0.721994 0.691899 -0.000083 0.721994 0.833567 -0.000311 0.552418 0.833567 -0.000307 0.552418 0.934538 -0.000521 0.355863 0.934538 -0.000519 0.355862 0.989876 -0.000703 0.141933 0.989876 -0.000702 0.141934 -0.000803 -1.000000 0.000650 -0.000802 -1.000000 0.000650 -0.000802 -1.000000 0.000650 -0.000803 -1.000000 0.000650 -0.000802 -1.000000 0.000650 -0.000804 -1.000000 0.000650 -0.000803 -1.000000 0.000650 -0.000803 -1.000000 0.000650 -0.000803 -1.000000 0.000650 -0.000802 -1.000000 0.000650 -0.000803 -1.000000 0.000650 -0.000801 -1.000000 0.000650 -0.000803 -1.000000 0.000650 -0.000803 -1.000000 0.000650 -0.000803 -1.000000 0.000650 -0.000803 -1.000000 0.000650 -0.000804 -1.000000 0.000650 -0.000803 -1.000000 0.000650 -0.000802 -1.000000 0.000650 -0.000805 -1.000000 0.000650 -0.000802 -1.000000 0.000650 -0.000807 -1.000000 0.000650 -0.000798 -1.000000 0.000650 -0.000805 -1.000000 0.000650 -0.000800 -1.000000 0.000650 -0.000804 -1.000000 0.000650 -0.000805 -1.000000 0.000650 -0.000803 -1.000000 0.000650 -0.000803 -1.000000 0.000650 -0.000797 -1.000000 0.000650 -0.000805 -1.000000 0.000650 -0.000803 -1.000000 0.000650 -0.000810 -1.000000 0.000650 -0.000802 -1.000000 0.000650 -0.000802 -1.000000 0.000650 -0.000805 -1.000000 0.000650 -0.000803 -1.000000 0.000650 -0.000801 -1.000000 0.000650 -0.000808 -1.000000 0.000650 -0.000799 -1.000000 0.000650 -0.000803 -1.000000 0.000650 -0.000803 -1.000000 0.000649 -0.000803 -1.000000 0.000650 -0.000798 -1.000000 0.000650 -0.000803 -1.000000 0.000650 -0.000805 -1.000000 0.000650 -0.000801 -1.000000 0.000650 -0.000804 -1.000000 0.000650 -0.000803 -1.000000 0.000650 -0.000803 -1.000000 0.000650 -0.000797 -1.000000 0.000650 -0.000800 -1.000000 0.000650 -0.000804 -1.000000 0.000650 -0.000804 -1.000000 0.000650 -0.000802 -1.000000 0.000650 -0.000803 -1.000000 0.000650 -0.000804 -1.000000 0.000650 -0.000801 -1.000000 0.000650 -0.000804 -1.000000 0.000650 -0.000803 -1.000000 0.000650 -0.000803 -1.000000 0.000650 -0.000803 -1.000000 0.000650 -0.000802 -1.000000 0.000650 -0.000808 -1.000000 0.000650 -0.000801 -1.000000 0.000650 -0.000803 -1.000000 0.000650 -0.000801 -1.000000 0.000650 -0.000806 -1.000000 0.000650 -0.000803 -1.000000 0.000650 -0.000803 -1.000000 0.000650 -0.000804 -1.000000 0.000650 -0.000804 -1.000000 0.000650 -0.000801 -1.000000 0.000650 -0.000803 -1.000000 0.000650 -0.000801 -1.000000 0.000650 -0.000803 -1.000000 0.000650 -0.000804 -1.000000 0.000650 -0.000802 -1.000000 0.000650 -0.000808 -1.000000 0.000650 -0.000803 -1.000000 0.000650 -0.000803 -1.000000 0.000650 -0.000801 -1.000000 0.000650 -0.000805 -1.000000 0.000650 -0.000801 -1.000000 0.000650 -0.000804 -1.000000 0.000650 -0.000803 -1.000000 0.000650 -0.000803 -1.000000 0.000650 -0.000802 -1.000000 0.000650 -0.000805 -1.000000 0.000650 -0.000802 -1.000000 0.000650 -0.000804 -1.000000 0.000650 -0.000803 -1.000000 0.000650 -0.000803 -1.000000 0.000650 -0.000803 -1.000000 0.000650 -0.000802 -1.000000 0.000650 -0.000808 -1.000000 0.000650 -0.000803 -1.000000 0.000650 -0.000803 -1.000000 0.000650 -0.000804 -1.000000 0.000650 -0.000809 -1.000000 0.000650 -0.000802 -1.000000 0.000650 -0.000802 -1.000000 0.000650 -0.000803 -1.000000 0.000650 -0.000803 -1.000000 0.000650 -0.000803 -1.000000 0.000650 -0.000803 -1.000000 0.000650 -0.000803 -1.000000 0.000651 -0.000803 -1.000000 0.000651 -0.000803 -1.000000 0.000650 -0.000802 -1.000000 0.000650 -0.000803 -1.000000 0.000650 -0.000803 -1.000000 0.000651 -0.000803 -1.000000 0.000650 -0.000803 -1.000000 0.000650 -0.000803 -1.000000 0.000650 -0.000803 -1.000000 0.000650 -0.000803 -1.000000 0.000646 -0.000803 -1.000000 0.000651 -0.000803 -1.000000 0.000651 -0.000805 -1.000000 0.000650 -0.000803 -1.000000 0.000650 -0.000802 -1.000000 0.000650 -0.000801 -1.000000 0.000650 -0.000803 -1.000000 0.000650 -0.000801 -1.000000 0.000650 -0.000805 -1.000000 0.000650 -0.000802 -1.000000 0.000651 -0.000802 -1.000000 0.000649 -0.001399 -0.999999 0.000623 -0.000798 -1.000000 0.000651 -0.000806 -1.000000 0.000650 -0.000805 -1.000000 0.000650 -0.000686 -1.000000 0.000650 -0.000802 -1.000000 0.000650 -0.000803 -1.000000 0.000650 -0.000802 -1.000000 0.000650 0.000803 1.000000 -0.000650 0.000802 1.000000 -0.000651 0.000803 1.000000 -0.000650 0.000803 1.000000 -0.000650 0.000803 1.000000 -0.000650 0.000803 1.000000 -0.000650 0.000803 1.000000 -0.000650 0.000798 1.000000 -0.000650 0.000803 1.000000 -0.000650 0.000803 1.000000 -0.000650 0.000803 1.000000 -0.000650 0.000805 1.000000 -0.000649 0.000802 1.000000 -0.000651 0.000803 1.000000 -0.000650 0.000803 1.000000 -0.000650 0.000802 1.000000 -0.000650 0.000805 1.000000 -0.000650 0.000803 1.000000 -0.000650 0.000804 1.000000 -0.000650 0.000801 1.000000 -0.000650 0.000803 1.000000 -0.000650 0.000800 1.000000 -0.000650 0.000801 1.000000 -0.000650 0.000807 1.000000 -0.000650 0.000800 1.000000 -0.000650 0.000804 1.000000 -0.000650 0.000804 1.000000 -0.000650 0.000803 1.000000 -0.000650 0.000804 1.000000 -0.000650 0.000802 1.000000 -0.000650 0.000806 1.000000 -0.000650 0.000803 1.000000 -0.000650 0.000803 1.000000 -0.000650 0.000803 1.000000 -0.000650 0.000803 1.000000 -0.000650 0.000802 1.000000 -0.000650 0.000803 1.000000 -0.000650 0.000803 1.000000 -0.000650 0.000804 1.000000 -0.000650 0.000801 1.000000 -0.000650 0.000803 1.000000 -0.000650 0.000803 1.000000 -0.000650 0.000802 1.000000 -0.000650 0.000803 1.000000 -0.000650 0.000802 1.000000 -0.000650 0.000803 1.000000 -0.000650 0.000802 1.000000 -0.000650 0.000805 1.000000 -0.000650 0.000802 1.000000 -0.000650 0.000803 1.000000 -0.000650 0.000803 1.000000 -0.000650 0.000799 1.000000 -0.000651 0.000802 1.000000 -0.000650 0.000803 1.000000 -0.000650 0.000803 1.000000 -0.000650 0.000803 1.000000 -0.000650 0.000800 1.000000 -0.000650 0.000803 1.000000 -0.000650 0.000803 1.000000 -0.000650 0.000803 1.000000 -0.000650 0.000801 1.000000 -0.000650 0.000803 1.000000 -0.000650 0.000803 1.000000 -0.000650 0.000802 1.000000 -0.000650 0.000803 1.000000 -0.000650 0.000802 1.000000 -0.000650 0.000804 1.000000 -0.000650 0.000804 1.000000 -0.000650 0.000803 1.000000 -0.000650 0.000805 1.000000 -0.000650 0.000800 1.000000 -0.000650 0.000803 1.000000 -0.000650 0.000804 1.000000 -0.000650 0.000807 1.000000 -0.000650 0.000802 1.000000 -0.000650 0.000803 1.000000 -0.000650 0.000802 1.000000 -0.000650 0.000803 1.000000 -0.000650 0.000797 1.000000 -0.000650 0.000803 1.000000 -0.000650 0.000803 1.000000 -0.000650 0.000805 1.000000 -0.000650 0.000800 1.000000 -0.000650 0.000803 1.000000 -0.000650 0.000805 1.000000 -0.000650 0.000804 1.000000 -0.000650 0.000803 1.000000 -0.000650 0.000801 1.000000 -0.000650 0.000801 1.000000 -0.000650 0.000810 1.000000 -0.000650 0.000799 1.000000 -0.000650 0.000803 1.000000 -0.000650 0.000803 1.000000 -0.000650 0.000803 1.000000 -0.000650 0.000803 1.000000 -0.000650 0.000802 1.000000 -0.000650 0.000802 1.000000 -0.000650 0.000801 1.000000 -0.000650 0.000803 1.000000 -0.000650 0.000803 1.000000 -0.000651 0.000803 1.000000 -0.000651 0.000803 1.000000 -0.000650 0.000803 1.000000 -0.000650 0.000803 1.000000 -0.000649 0.000803 1.000000 -0.000650 0.000803 1.000000 -0.000650 0.000800 1.000000 -0.000650 0.000803 1.000000 -0.000650 0.000804 1.000000 -0.000650 0.000802 1.000000 -0.000650 0.000803 1.000000 -0.000650 0.000802 1.000000 -0.000650 0.000800 1.000000 -0.000650 0.000803 1.000000 -0.000650 0.000804 1.000000 -0.000650 0.000803 1.000000 -0.000651 0.000803 1.000000 -0.000651 0.000803 1.000000 -0.000650 0.000803 1.000000 -0.000650 0.000803 1.000000 -0.000651 0.000803 1.000000 -0.000649 0.000803 1.000000 -0.000649 0.000804 1.000000 -0.000650 0.000803 1.000000 -0.000650 0.000803 1.000000 -0.000650 0.000801 1.000000 -0.000650 0.000803 1.000000 -0.000650 0.000803 1.000000 -0.000650 0.000823 1.000000 -0.000650 0.000811 1.000000 -0.000650 0.000801 1.000000 -0.000650 0.000808 1.000000 -0.000651 0.000699 1.000000 -0.000678 0.000796 1.000000 -0.000650 0.000804 1.000000 -0.000650 0.000803 1.000000 -0.000650 -0.052801 -0.000607 -0.998605 -0.052772 -0.000607 -0.998606 0.053695 -0.000691 -0.998557 0.053666 -0.000693 -0.998559 0.159505 -0.000770 -0.987197 0.159534 -0.000768 -0.987192 0.263528 -0.000838 -0.964651 0.263527 -0.000835 -0.964652 0.364589 -0.000898 -0.931168 0.364557 -0.000898 -0.931180 0.461490 -0.000950 -0.887145 0.461496 -0.000947 -0.887142 0.553169 -0.000985 -0.833068 0.553182 -0.000985 -0.833060 0.638591 -0.001013 -0.769546 0.638598 -0.001010 -0.769540 0.716768 -0.001027 -0.697311 0.716753 -0.001029 -0.697326 0.786828 -0.001034 -0.617171 0.786833 -0.001032 -0.617166 0.847967 -0.001025 -0.530049 0.847973 -0.001024 -0.530039 0.899516 -0.001004 -0.436886 0.899505 -0.001007 -0.436910 0.940852 -0.000976 -0.338816 0.940857 -0.000975 -0.338804 0.971535 -0.000933 -0.236896 0.971535 -0.000934 -0.236895 0.991213 -0.000881 -0.132275 0.991213 -0.000882 -0.132275 0.999657 -0.000819 -0.026176 0.999657 -0.000819 -0.026174 0.996775 -0.000748 0.080245 0.996775 -0.000748 0.080248 0.982598 -0.000667 0.185747 0.982600 -0.000668 0.185734 0.957305 -0.000581 0.289079 0.957301 -0.000580 0.289093 0.921133 -0.000485 0.389249 0.921137 -0.000486 0.389238 0.874536 -0.000387 0.484961 0.874528 -0.000386 0.484976 0.818043 -0.000281 0.575157 0.818050 -0.000282 0.575147 0.752276 -0.000175 0.658848 0.752277 -0.000175 0.658847 0.677987 -0.000068 0.735074 0.677988 -0.000065 0.735073 0.595993 0.000042 0.802990 0.596012 0.000042 0.802975 0.507271 0.000152 0.861787 0.507271 0.000152 0.861787 0.412820 0.000259 0.910813 0.412789 0.000261 0.910827 0.313638 0.000366 0.949543 0.313642 0.000369 0.949541 0.210938 0.000464 0.977499 0.210966 0.000464 0.977493 0.105839 0.000560 0.994383 0.105837 0.000560 0.994383 -0.000418 0.000649 1.000000 -0.000447 0.000651 1.000000 -0.106764 0.000733 0.994284 -0.106765 0.000733 0.994284 -0.211801 0.000807 0.977313 -0.211798 0.000807 0.977313 -0.314475 0.000870 0.949265 -0.314480 0.000873 0.949264 -0.413647 0.000924 0.910437 -0.413623 0.000924 0.910448 -0.508056 0.000966 0.861324 -0.508055 0.000966 0.861324 -0.596731 0.001001 0.802441 -0.596750 0.001001 0.802427 -0.678639 0.001024 0.734471 -0.678631 0.001022 0.734478 -0.752876 0.001034 0.658162 -0.752876 0.001031 0.658161 -0.818562 0.001031 0.574418 -0.818552 0.001029 0.574431 -0.874969 0.001017 0.484178 -0.874982 0.001018 0.484155 -0.921491 0.000993 0.388399 -0.921486 0.000992 0.388411 -0.957548 0.000956 0.288272 -0.957551 0.000957 0.288261 -0.982767 0.000910 0.184848 -0.982766 0.000909 0.184849 -0.996849 0.000852 0.079319 -0.996848 0.000851 0.079335 -0.999634 0.000784 -0.027059 -0.999633 0.000786 -0.027072 -0.991094 0.000710 -0.133164 -0.991095 0.000709 -0.133154 -0.971318 0.000625 -0.237782 -0.971318 0.000625 -0.237784 -0.940549 0.000534 -0.339658 -0.940547 0.000534 -0.339663 -0.899119 0.000437 -0.437704 -0.899120 0.000436 -0.437703 -0.847498 0.000336 -0.530799 -0.847499 0.000335 -0.530797 -0.786271 0.000230 -0.617881 -0.786279 0.000230 -0.617872 -0.716149 0.000121 -0.697948 -0.716127 0.000121 -0.697970 -0.637880 0.000012 -0.770136 -0.637905 0.000009 -0.770115 -0.552431 -0.000100 -0.833559 -0.552431 -0.000100 -0.833559 -0.460691 -0.000208 -0.887561 -0.460662 -0.000205 -0.887576 -0.363753 -0.000310 -0.931495 -0.363758 -0.000313 -0.931494 -0.262657 -0.000415 -0.964889 -0.262658 -0.000415 -0.964889 -0.158612 -0.000513 -0.987341 -0.158641 -0.000516 -0.987336 -0.000797 -1.000000 0.000701 -0.000799 -1.000000 0.000667 -0.000801 -1.000000 0.000617 -0.000808 -1.000000 0.000660 -0.000802 -1.000000 0.000671 -0.000802 -1.000000 0.000655 -0.000805 -1.000000 0.000639 -0.000802 -1.000000 0.000640 -0.000802 -1.000000 0.000653 -0.000804 -1.000000 0.000654 -0.000802 -1.000000 0.000655 -0.000803 -1.000000 0.000646 -0.000803 -1.000000 0.000651 -0.000803 -1.000000 0.000657 -0.000803 -1.000000 0.000646 -0.000803 -1.000000 0.000651 -0.000804 -1.000000 0.000649 -0.000803 -1.000000 0.000651 -0.000803 -1.000000 0.000652 -0.000803 -1.000000 0.000647 -0.000803 -1.000000 0.000647 -0.000803 -1.000000 0.000647 -0.000803 -1.000000 0.000654 -0.000802 -1.000000 0.000657 -0.000802 -1.000000 0.000649 -0.000803 -1.000000 0.000645 -0.000803 -1.000000 0.000649 -0.000803 -1.000000 0.000650 -0.000802 -1.000000 0.000648 -0.000803 -1.000000 0.000648 -0.000803 -1.000000 0.000654 -0.000803 -1.000000 0.000652 -0.000802 -1.000000 0.000646 -0.000802 -1.000000 0.000655 -0.000803 -1.000000 0.000654 -0.000803 -1.000000 0.000646 -0.000803 -1.000000 0.000650 -0.000803 -1.000000 0.000649 -0.000803 -1.000000 0.000648 -0.000803 -1.000000 0.000655 -0.000802 -1.000000 0.000649 -0.000802 -1.000000 0.000643 -0.000803 -1.000000 0.000647 -0.000803 -1.000000 0.000660 -0.000802 -1.000000 0.000660 -0.000803 -1.000000 0.000642 -0.000802 -1.000000 0.000648 -0.000802 -1.000000 0.000655 -0.000802 -1.000000 0.000653 -0.000803 -1.000000 0.000647 -0.000804 -1.000000 0.000633 -0.000804 -1.000000 0.000645 -0.000805 -1.000000 0.000666 -0.000801 -1.000000 0.000670 -0.000810 -1.000000 0.000625 -0.000805 -1.000000 0.000641 -0.000808 -0.999999 0.000745 -0.000796 -1.000000 0.000650 -0.000798 -1.000000 0.000650 -0.000805 -1.000000 0.000650 -0.000796 -1.000000 0.000650 -0.000802 -1.000000 0.000650 -0.000807 -1.000000 0.000650 -0.000807 -1.000000 0.000650 -0.000810 -1.000000 0.000650 -0.000801 -1.000000 0.000650 -0.000801 -1.000000 0.000650 -0.000804 -1.000000 0.000651 -0.000801 -1.000000 0.000650 -0.000807 -1.000000 0.000650 -0.000805 -1.000000 0.000650 -0.000801 -1.000000 0.000650 -0.000801 -1.000000 0.000650 -0.000810 -1.000000 0.000649 -0.000795 -1.000000 0.000650 -0.000804 -1.000000 0.000650 -0.000811 -1.000000 0.000651 -0.000801 -1.000000 0.000650 -0.000799 -1.000000 0.000651 -0.000804 -1.000000 0.000650 -0.000801 -1.000000 0.000650 -0.000802 -1.000000 0.000651 -0.000804 -1.000000 0.000651 -0.000801 -1.000000 0.000649 -0.000804 -1.000000 0.000651 -0.000804 -1.000000 0.000651 -0.000801 -1.000000 0.000650 -0.000802 -1.000000 0.000648 -0.000801 -1.000000 0.000649 -0.000802 -1.000000 0.000650 -0.000802 -1.000000 0.000650 -0.000803 -1.000000 0.000650 -0.000802 -1.000000 0.000650 -0.000803 -1.000000 0.000652 -0.000803 -1.000000 0.000651 -0.000803 -1.000000 0.000649 -0.000803 -1.000000 0.000648 -0.000803 -1.000000 0.000653 -0.000803 -1.000000 0.000652 -0.000803 -1.000000 0.000650 -0.000803 -1.000000 0.000648 -0.000803 -1.000000 0.000649 -0.000802 -1.000000 0.000649 -0.000803 -1.000000 0.000651 -0.000803 -1.000000 0.000650 -0.000803 -1.000000 0.000650 -0.000803 -1.000000 0.000649 -0.000803 -1.000000 0.000651 -0.000803 -1.000000 0.000650 -0.000803 -1.000000 0.000652 -0.000803 -1.000000 0.000650 -0.000803 -1.000000 0.000649 -0.000803 -1.000000 0.000654 -0.000803 -1.000000 0.000648 -0.000803 -1.000000 0.000650 -0.000804 -1.000000 0.000648 -0.000802 -1.000000 0.000654 -0.000802 -1.000000 0.000639 -0.000803 -1.000000 0.000658 -0.000807 -1.000000 0.000646 -0.000803 -1.000000 0.000653 -0.000803 -1.000000 0.000642 -0.000802 -1.000000 0.000651 -0.000802 -1.000000 0.000652 -0.000803 -1.000000 0.000652 -0.000803 -1.000000 0.000646 -0.000803 -1.000000 0.000653 -0.000803 -1.000000 0.000649 -0.000803 -1.000000 0.000651 -0.000802 -1.000000 0.000650 -0.000801 -1.000000 0.000648 -0.000805 -1.000000 0.000650 -0.000801 -1.000000 0.000650 -0.000805 -1.000000 0.000651 -0.000803 -1.000000 0.000650 -0.000805 -1.000000 0.000650 -0.000802 -1.000000 0.000650 -0.000803 -1.000000 0.000650 -0.000804 -1.000000 0.000651 -0.000803 -1.000000 0.000651 -0.000803 -1.000000 0.000649 -0.000802 -1.000000 0.000652 -0.000802 -1.000000 0.000651 -0.000803 -1.000000 0.000650 -0.000804 -1.000000 0.000649 -0.000801 -1.000000 0.000651 -0.000804 -1.000000 0.000650 -0.000802 -1.000000 0.000649 -0.000803 -1.000000 0.000650 -0.000801 -1.000000 0.000650 -0.000805 -1.000000 0.000651 -0.000802 -1.000000 0.000648 -0.000803 -1.000000 0.000653 -0.000802 -1.000000 0.000651 -0.000804 -1.000000 0.000646 -0.000803 -1.000000 0.000655 -0.000803 -1.000000 0.000646 -0.000803 -1.000000 0.000648 -0.000803 -1.000000 0.000657 -0.000803 -1.000000 0.000640 -0.000802 -1.000000 0.000673 -0.000803 -1.000000 0.000650 -0.000803 -1.000000 0.000651 -0.000804 -1.000000 0.000650 -0.000802 -1.000000 0.000649 -0.000803 -1.000000 0.000650 -0.000804 -1.000000 0.000651 -0.000800 -1.000000 0.000650 -0.000806 -1.000000 0.000650 -0.000802 -1.000000 0.000650 -0.000804 -1.000000 0.000651 -0.000802 -1.000000 0.000649 -0.000801 -1.000000 0.000651 -0.000806 -1.000000 0.000649 -0.000803 -1.000000 0.000651 -0.000806 -1.000000 0.000650 -0.000801 -1.000000 0.000650 -0.000807 -1.000000 0.000650 -0.000806 -1.000000 0.000650 -0.000797 -1.000000 0.000650 -0.000806 -1.000000 0.000650 -0.000803 -1.000000 0.000650 -0.000803 -1.000000 0.000650 -0.000803 -1.000000 0.000651 -0.000803 -1.000000 0.000649 -0.000803 -1.000000 0.000650 -0.000803 -1.000000 0.000650 -0.000803 -1.000000 0.000649 -0.000803 -1.000000 0.000652 -0.000803 -1.000000 0.000652 -0.000803 -1.000000 0.000651 -0.000803 -1.000000 0.000649 -0.000803 -1.000000 0.000648 -0.000803 -1.000000 0.000650 -0.000803 -1.000000 0.000651 -0.000803 -1.000000 0.000649 -0.000803 -1.000000 0.000650 -0.000803 -1.000000 0.000651 -0.000803 -1.000000 0.000651 -0.000803 -1.000000 0.000651 -0.000802 -1.000000 0.000651 -0.000803 -1.000000 0.000647 -0.000802 -1.000000 0.000651 -0.000803 -1.000000 0.000652 -0.000803 -1.000000 0.000649 -0.000803 -1.000000 0.000648 -0.000802 -1.000000 0.000651 -0.000803 -1.000000 0.000653 -0.000802 -1.000000 0.000651 -0.000803 -1.000000 0.000650 -0.000803 -1.000000 0.000650 -0.000803 -1.000000 0.000647 -0.000803 -1.000000 0.000647 -0.000803 -1.000000 0.000651 -0.000803 -1.000000 0.000656 -0.000802 -1.000000 0.000647 -0.000804 -1.000000 0.000644 -0.000803 -1.000000 0.000653 -0.000803 -1.000000 0.000662 -0.000803 -1.000000 0.000657 -0.000805 -1.000000 0.000635 -0.000806 -1.000000 0.000626 -0.000799 -1.000000 0.000650 -0.000795 -1.000000 0.000650 -0.000810 -1.000000 0.000650 -0.000808 -1.000000 0.000650 -0.000802 -1.000000 0.000650 -0.000807 -1.000000 0.000650 -0.000798 -1.000000 0.000650 -0.000799 -1.000000 0.000650 -0.000800 -1.000000 0.000650 -0.000808 -1.000000 0.000650 -0.000802 -1.000000 0.000650 -0.000801 -1.000000 0.000650 -0.000808 -1.000000 0.000650 -0.000799 -1.000000 0.000650 -0.000807 -1.000000 0.000650 -0.000797 -1.000000 0.000650 -0.000805 -1.000000 0.000650 -0.000803 -1.000000 0.000650 -0.000801 -1.000000 0.000650 -0.000806 -1.000000 0.000651 -0.000804 -1.000000 0.000650 -0.000805 -1.000000 0.000650 -0.000804 -1.000000 0.000650 -0.000800 -1.000000 0.000651 -0.000802 -1.000000 0.000649 -0.000804 -1.000000 0.000651 -0.000799 -1.000000 0.000650 -0.000802 -1.000000 0.000651 -0.000807 -1.000000 0.000649 -0.000801 -1.000000 0.000650 -0.000802 -1.000000 0.000652 -0.000796 -1.000000 0.000649 -0.000814 -1.000000 0.000650 -0.000809 -1.000000 0.000648 -0.000790 -1.000000 0.000653 -0.000840 -1.000000 0.000647 -0.000822 -1.000000 0.000652 -0.000803 -1.000000 0.000650 -0.000806 -1.000000 0.000650 -0.000754 -1.000000 0.000654 -0.000803 -1.000000 0.000650 -0.000808 -1.000000 0.000650 -0.000803 -1.000000 0.000650 -0.000803 -1.000000 0.000651 -0.000803 -1.000000 0.000651 -0.000803 -1.000000 0.000650 -0.000807 -1.000000 0.000649 -0.000797 -1.000000 0.000651 -0.000799 -1.000000 0.000650 -0.000800 -1.000000 0.000649 -0.000808 -1.000000 0.000650 -0.000804 -1.000000 0.000650 -0.000805 -1.000000 0.000650 -0.000814 -1.000000 0.000651 -0.000801 -1.000000 0.000648 -0.000810 -1.000000 0.000650 -0.000782 -1.000000 0.000650 -0.000810 -1.000000 0.000649 -0.000803 -1.000000 0.000650 -0.000773 -1.000000 0.000650 -0.000854 -1.000000 0.000648 -0.000779 -1.000000 0.000650 -0.000777 -1.000000 0.000652 -0.000846 -1.000000 0.000648 -0.000799 -1.000000 0.000650 -0.000800 -1.000000 0.000650 -0.000810 -1.000000 0.000649 -0.000793 -1.000000 0.000649 -0.000806 -1.000000 0.000650 -0.000803 -1.000000 0.000651 -0.000801 -1.000000 0.000649 -0.000799 -1.000000 0.000651 -0.000810 -1.000000 0.000649 -0.000794 -1.000000 0.000651 -0.000795 -1.000000 0.000649 -0.000823 -1.000000 0.000651 -0.000769 -1.000000 0.000647 -0.000797 -1.000000 0.000648 -0.000777 -1.000000 0.000653 -0.000845 -1.000000 0.000646 -0.999127 0.000773 -0.041770 -0.999127 0.000773 -0.041770 -0.992264 0.000714 -0.124147 -0.992264 0.000714 -0.124146 -0.978627 0.000650 -0.205640 -0.978625 0.000654 -0.205652 -0.958298 0.000585 -0.285770 -0.958298 0.000587 -0.285770 -0.931425 0.000512 -0.363933 -0.931432 0.000510 -0.363916 -0.898194 0.000433 -0.439599 -0.898190 0.000436 -0.439608 -0.858822 0.000359 -0.512274 -0.858825 0.000358 -0.512270 -0.813584 0.000278 -0.581448 -0.813588 0.000275 -0.581442 -0.762798 0.000192 -0.646637 -0.762797 0.000192 -0.646639 -0.706796 0.000108 -0.707417 -0.706789 0.000108 -0.707424 -0.645949 0.000024 -0.763381 -0.645950 0.000024 -0.763379 -0.580707 -0.000060 -0.814112 -0.580708 -0.000060 -0.814112 -0.511503 -0.000147 -0.859281 -0.511512 -0.000149 -0.859276 -0.438785 -0.000233 -0.898592 -0.438775 -0.000228 -0.898597 -0.363097 -0.000313 -0.931751 -0.363106 -0.000315 -0.931748 -0.284903 -0.000397 -0.958556 -0.284893 -0.000394 -0.958559 -0.204767 -0.000469 -0.978811 -0.204778 -0.000476 -0.978808 -0.123257 -0.000548 -0.992375 -0.123258 -0.000548 -0.992375 -0.040871 -0.000615 -0.999164 -0.040859 -0.000615 -0.999165 0.041758 -0.000683 -0.999128 0.041758 -0.000680 -0.999128 0.124156 -0.000743 -0.992263 0.124145 -0.000745 -0.992264 0.205652 -0.000803 -0.978625 0.205652 -0.000805 -0.978625 0.285758 -0.000853 -0.958301 0.285770 -0.000851 -0.958298 0.363939 -0.000897 -0.931422 0.363930 -0.000899 -0.931426 0.439594 -0.000940 -0.898196 0.439600 -0.000938 -0.898193 0.512267 -0.000969 -0.858826 0.512261 -0.000971 -0.858829 0.581440 -0.000998 -0.813589 0.581453 -0.000995 -0.813580 0.646637 -0.001012 -0.762797 0.646637 -0.001012 -0.762797 0.707429 -0.001024 -0.706784 0.707424 -0.001026 -0.706789 0.763373 -0.001034 -0.645957 0.763373 -0.001031 -0.645957 0.814108 -0.001031 -0.580712 0.814108 -0.001032 -0.580712 0.859293 -0.001023 -0.511482 0.859289 -0.001025 -0.511489 0.898579 -0.001008 -0.438812 0.898581 -0.001007 -0.438807 0.931756 -0.000986 -0.363083 0.931757 -0.000984 -0.363081 0.958558 -0.000956 -0.284895 0.958558 -0.000957 -0.284898 0.978808 -0.000921 -0.204776 0.978808 -0.000920 -0.204777 0.992375 -0.000878 -0.123256 0.992376 -0.000875 -0.123244 0.999164 -0.000827 -0.040869 0.999164 -0.000830 -0.040881 0.000449 -0.000648 -1.000000 0.000449 -0.000652 -1.000000 -1.000000 0.000802 -0.000450 -1.000000 0.000802 -0.000450 -0.029196 -0.000722 -0.999574 -0.028949 -0.000631 -0.999581 0.029846 -0.000672 -0.999554 -0.087644 -0.000485 -0.996152 -0.088346 -0.000756 -0.996090 -0.146026 -0.000354 -0.989281 -0.147215 -0.000791 -0.989104 -0.203904 -0.000208 -0.978991 -0.205539 -0.000832 -0.978649 -0.261103 -0.000069 -0.965311 -0.263141 -0.000853 -0.964757 -0.317352 0.000083 -0.948308 -0.319842 -0.000887 -0.947470 -0.372557 0.000215 -0.928009 -0.375414 -0.000901 -0.926857 -0.426426 0.000360 -0.904522 -0.429666 -0.000935 -0.902988 -0.478860 0.000492 -0.877891 -0.482408 -0.000956 -0.875946 -0.529628 0.000624 -0.848230 -0.533438 -0.000970 -0.845839 -0.578544 0.000766 -0.815651 -0.582617 -0.000983 -0.812746 -0.625489 0.000901 -0.780232 -0.629727 -0.000987 -0.776816 -0.670256 0.001040 -0.742130 -0.674659 -0.001004 -0.738129 -0.712707 0.001175 -0.701461 -0.717192 -0.001018 -0.696875 -0.752692 0.001307 -0.658372 -0.757216 -0.001028 -0.653164 -0.790094 0.001431 -0.612985 -0.794580 -0.001031 -0.607159 -0.824748 0.001563 -0.565499 -0.829160 -0.001038 -0.559010 -0.856548 0.001684 -0.516065 -0.860821 -0.001052 -0.508907 -0.885402 0.001799 -0.464822 -0.889442 -0.001049 -0.457047 -0.911184 0.001929 -0.411995 -0.914974 -0.001062 -0.403511 -0.924729 0.000493 -0.380626 -0.933392 0.001238 -0.358855 -0.937261 -0.000418 -0.348627 -0.952135 0.001449 -0.305675 -0.956268 -0.000515 -0.292492 -0.967855 0.001632 -0.251504 -0.971916 -0.000585 -0.235327 -0.980492 0.001788 -0.196551 -0.984152 -0.000631 -0.177327 -0.990010 0.001912 -0.140983 -0.992927 -0.000653 -0.118721 -0.996383 0.002006 -0.084949 -0.998217 -0.000652 -0.059690 -0.999587 0.002072 -0.028645 -1.000000 -0.000625 -0.000453 -0.999587 0.002196 0.028642 -0.998270 -0.000585 0.058794 -0.996232 0.002227 0.086703 -0.993034 -0.000545 0.117826 -0.989505 0.002252 0.144482 -0.984308 -0.000505 0.176457 -0.979429 0.002267 0.201778 -0.972131 -0.000463 0.234438 -0.966040 0.002280 0.258384 -0.956531 -0.000420 0.291631 -0.949383 0.002283 0.314112 -0.937576 -0.000378 0.347781 -0.929513 0.002279 0.368783 -0.915323 -0.000335 0.402720 -0.906493 0.002265 0.422214 -0.889867 -0.000292 0.456221 -0.880414 0.002248 0.474200 -0.861268 -0.000248 0.508150 -0.851353 0.002221 0.524589 -0.829659 -0.000205 0.558271 -0.819404 0.002188 0.573213 -0.795130 -0.000158 0.606439 -0.784689 0.002150 0.619886 -0.757807 -0.000113 0.652479 -0.747326 0.002103 0.664455 -0.717818 -0.000065 0.696231 -0.707429 0.002046 0.706782 -0.675317 -0.000024 0.737528 -0.665125 0.001982 0.746729 -0.630432 0.000024 0.776244 -0.620590 0.001911 0.784133 -0.583353 0.000069 0.812218 -0.573935 0.001837 0.818899 -0.534193 0.000117 0.845363 -0.525355 0.001753 0.850881 -0.483192 0.000165 0.875515 -0.474994 0.001659 0.879988 -0.430460 0.000213 0.902610 -0.423019 0.001560 0.906119 -0.376265 0.000261 0.926512 -0.369632 0.001455 0.929177 -0.320688 0.000316 0.947185 -0.314975 0.001338 0.949099 -0.264014 0.000361 0.964519 -0.259259 0.001216 0.965807 -0.206426 0.000409 0.978462 -0.202638 0.001093 0.979253 -0.148075 0.000464 0.988976 -0.145382 0.000960 0.989375 -0.089252 0.000512 0.996009 -0.087607 0.000819 0.996155 -0.030070 0.000567 0.999548 -0.029527 0.000672 0.999564 0.028637 0.000624 0.999590 0.029163 0.000526 0.999575 0.086698 0.000683 0.996234 0.088345 0.000375 0.996090 0.144493 0.000729 0.989506 0.147215 0.000223 0.989105 0.201766 0.000767 0.979433 0.205524 0.000079 0.978652 0.258397 0.000806 0.966039 0.263168 -0.000065 0.964750 0.314109 0.000834 0.949387 0.319827 -0.000203 0.947476 0.368792 0.000858 0.929512 0.375428 -0.000344 0.926852 0.422216 0.000879 0.906495 0.429646 -0.000478 0.902997 0.474201 0.000897 0.880416 0.482405 -0.000609 0.875948 0.524599 0.000904 0.851349 0.533453 -0.000743 0.845830 0.573196 0.000914 0.819418 0.582594 -0.000866 0.812763 0.619891 0.000918 0.784687 0.629731 -0.000987 0.776812 0.664454 0.000918 0.747328 0.674674 -0.001111 0.738115 0.706805 0.000906 0.707408 0.717175 -0.001214 0.696893 0.746715 0.000904 0.665144 0.757228 -0.001331 0.653149 0.784142 0.000888 0.620581 0.794577 -0.001434 0.607162 0.818893 0.000874 0.573946 0.829148 -0.001535 0.559027 0.850880 0.000858 0.525360 0.860817 -0.001631 0.508912 0.879996 0.000835 0.474981 0.889453 -0.001719 0.457023 0.906114 0.000811 0.423033 0.914958 -0.001803 0.403546 0.929178 0.000786 0.369631 0.937260 -0.001884 0.348626 0.949105 0.000758 0.314960 0.956267 -0.001955 0.292488 0.965809 0.000730 0.259254 0.971917 -0.002023 0.235313 0.979249 0.000695 0.202661 0.984149 -0.002086 0.177333 0.989375 0.000661 0.145382 0.992925 -0.002142 0.118724 0.996156 0.000625 0.087596 0.998214 -0.002188 0.059706 0.999564 0.000593 0.029524 0.999997 -0.002228 0.000447 0.999615 0.000469 -0.027743 0.998268 -0.002253 -0.058794 0.996463 0.000406 -0.084039 0.993032 -0.002249 -0.117827 0.990139 0.000321 -0.140092 0.984309 -0.002212 -0.176438 0.980668 0.000214 -0.195680 0.972126 -0.002144 -0.234449 0.968079 0.000082 -0.250647 0.956528 -0.002048 -0.291634 0.952413 -0.000078 -0.304811 0.937572 -0.001924 -0.347786 0.933715 -0.000262 -0.358017 0.925097 -0.000989 -0.379731 0.915330 -0.002537 -0.402697 0.911553 0.000463 -0.411182 0.889858 -0.002482 -0.456231 0.885820 0.000383 -0.464029 0.861276 -0.002434 -0.508131 0.857016 0.000314 -0.515290 0.829647 -0.002372 -0.558283 0.825257 0.000233 -0.564758 0.795130 -0.002311 -0.606434 0.790639 0.000166 -0.612283 0.757805 -0.002238 -0.652477 0.753300 0.000094 -0.657678 0.717812 -0.002170 -0.696234 0.713335 0.000026 -0.700824 0.675319 -0.002090 -0.737523 0.670916 -0.000030 -0.741534 0.630428 -0.001998 -0.776246 0.626194 -0.000102 -0.779667 0.583356 -0.001912 -0.812214 0.579290 -0.000160 -0.815122 0.534192 -0.001822 -0.845361 0.530382 -0.000223 -0.847759 0.483187 -0.001726 -0.875515 0.479633 -0.000272 -0.877469 0.430476 -0.001609 -0.902601 0.427273 -0.000338 -0.904123 0.376228 -0.001506 -0.926526 0.373368 -0.000393 -0.927683 0.320701 -0.001396 -0.947179 0.318221 -0.000434 -0.948017 0.264027 -0.001279 -0.964515 0.261967 -0.000485 -0.965077 0.206411 -0.001155 -0.978465 0.204772 -0.000537 -0.978809 0.148105 -0.001025 -0.988971 0.146920 -0.000580 -0.989148 0.089220 -0.000887 -0.996012 0.088543 -0.000635 -0.996072 0.030102 -0.000763 -0.999547 1.000000 -0.000804 0.000450 1.000000 -0.000804 0.000450 0.000451 -0.000652 -1.000000 0.000451 -0.000652 -1.000000 -0.000794 -1.000000 0.000650 -0.000815 -1.000000 0.000650 -0.000774 -1.000000 0.000650 -0.000826 -1.000000 0.000650 -0.000803 -1.000000 0.000650 -0.000804 -1.000000 0.000650 -0.000762 -1.000000 0.000650 -0.000936 -0.999999 0.000650 -0.000803 -1.000000 0.000650 -0.000804 -1.000000 0.000646 -0.000799 -1.000000 0.000650 -0.000917 -1.000000 0.000650 -0.000817 -1.000000 0.000650 -0.000804 -1.000000 0.000650 -0.000835 -1.000000 0.000650 -0.000783 -1.000000 0.000650 -0.000820 -1.000000 0.000650 -0.000798 -1.000000 0.000650 -0.000809 -1.000000 0.000650 -0.000803 -1.000000 0.000648 -0.000803 -1.000000 0.000652 -0.000804 -1.000000 0.000648 -0.000803 -1.000000 0.000650 -0.000803 -1.000000 0.000651 -0.000800 -1.000000 0.000650 -0.000803 -1.000000 0.000649 -0.000805 -1.000000 0.000652 -0.000802 -1.000000 0.000650 -0.000805 -1.000000 0.000649 -0.000800 -1.000000 0.000651 -0.000804 -1.000000 0.000649 -0.000805 -1.000000 0.000651 -0.000801 -1.000000 0.000649 -0.000804 -1.000000 0.000650 -0.000801 -1.000000 0.000651 -0.000799 -1.000000 0.000652 -0.000807 -1.000000 0.000650 -0.000803 -1.000000 0.000643 -0.000803 -1.000000 0.000659 -0.000806 -1.000000 0.000653 -0.000800 -1.000000 0.000650 -0.000804 -1.000000 0.000649 -0.000804 -1.000000 0.000650 -0.000798 -1.000000 0.000649 -0.000808 -1.000000 0.000652 -0.000799 -1.000000 0.000650 -0.000805 -1.000000 0.000650 -0.000803 -1.000000 0.000650 -0.000802 -1.000000 0.000650 -0.000801 -1.000000 0.000650 -0.000806 -1.000000 0.000651 -0.000803 -1.000000 0.000650 -0.000804 -1.000000 0.000651 -0.000803 -1.000000 0.000650 -0.000801 -1.000000 0.000651 -0.000805 -1.000000 0.000650 -0.000802 -1.000000 0.000648 -0.000593 -1.000000 0.000650 -0.000795 -1.000000 0.000650 -0.000802 -1.000000 0.000650 -0.000829 -1.000000 0.000650 -0.000801 -1.000000 0.000650 -0.000811 -1.000000 0.000650 -0.000800 -1.000000 0.000650 -0.000794 -1.000000 0.000650 -0.000807 -1.000000 0.000650 -0.000802 -1.000000 0.000650 -0.000801 -1.000000 0.000651 -0.000804 -1.000000 0.000650 -0.000800 -1.000000 0.000650 -0.000806 -1.000000 0.000650 -0.000805 -1.000000 0.000649 -0.000804 -1.000000 0.000651 -0.000801 -1.000000 0.000649 -0.000803 -1.000000 0.000652 -0.000803 -1.000000 0.000651 -0.000803 -1.000000 0.000651 -0.000804 -1.000000 0.000648 -0.000803 -1.000000 0.000651 -0.000803 -1.000000 0.000648 -0.000803 -1.000000 0.000654 -0.000803 -1.000000 0.000649 -0.000803 -1.000000 0.000637 -0.000803 -1.000000 0.000698 -0.000803 -1.000000 0.000675 -0.000803 -1.000000 0.000642 -0.000803 -1.000000 0.000655 -0.000803 -1.000000 0.000645 -0.000802 -1.000000 0.000651 -0.000803 -1.000000 0.000651 -0.000802 -1.000000 0.000650 -0.000803 -1.000000 0.000651 -0.000803 -1.000000 0.000650 -0.000802 -1.000000 0.000649 -0.000803 -1.000000 0.000649 -0.000805 -1.000000 0.000651 -0.000800 -1.000000 0.000650 -0.000805 -1.000000 0.000650 -0.000805 -1.000000 0.000650 -0.000798 -1.000000 0.000649 -0.000801 -1.000000 0.000651 -0.000804 -1.000000 0.000650 -0.000801 -1.000000 0.000650 -0.000805 -1.000000 0.000650 -0.000810 -1.000000 0.000650 -0.000800 -1.000000 0.000650 -0.000789 -1.000000 0.000650 -0.000801 -1.000000 0.000650 -0.000800 -1.000000 0.000650 -0.000820 -1.000000 0.000650 -0.000816 -1.000000 0.000650 -0.000449 0.000650 1.000000 -0.000449 0.000650 1.000000 -0.000449 0.000651 1.000000 0.000449 -0.000651 -1.000000 0.000449 -0.000650 -1.000000 -0.000803 -1.000000 0.000650 -0.000800 -1.000000 0.000640 -0.000803 -1.000000 0.000649 -0.000802 -1.000000 0.000650 -0.000811 -1.000000 0.000650 -0.000800 -1.000000 0.000648 -0.000803 -1.000000 0.000650 -0.000796 -1.000000 0.000640 -0.000804 -1.000000 0.000649 -0.000803 -1.000000 0.000650 -0.000799 -1.000000 0.000650 -0.000809 -1.000000 0.000648 -0.000800 -1.000000 0.000656 -0.000799 -1.000000 0.000652 -0.000803 -1.000000 0.000650 -0.000803 -1.000000 0.000648 -0.000803 -1.000000 0.000660 -0.000802 -1.000000 0.000648 -0.000803 -1.000000 0.000655 -0.000803 -1.000000 0.000648 -0.000803 -1.000000 0.000649 -0.000803 -1.000000 0.000651 -0.000803 -1.000000 0.000652 -0.000803 -1.000000 0.000652 -0.000803 -1.000000 0.000646 -0.000803 -1.000000 0.000649 -0.000803 -1.000000 0.000647 -0.000803 -1.000000 0.000651 -0.000803 -1.000000 0.000653 -0.000803 -1.000000 0.000649 -0.000803 -1.000000 0.000650 -0.000803 -1.000000 0.000647 -0.000803 -1.000000 0.000651 -0.000803 -1.000000 0.000652 -0.000803 -1.000000 0.000648 -0.000803 -1.000000 0.000650 -0.000803 -1.000000 0.000650 -0.000803 -1.000000 0.000650 -0.000802 -1.000000 0.000650 -0.000803 -1.000000 0.000648 -0.000803 -1.000000 0.000652 -0.000803 -1.000000 0.000651 -0.000803 -1.000000 0.000647 -0.000803 -1.000000 0.000650 -0.000803 -1.000000 0.000649 -0.000803 -1.000000 0.000653 -0.000803 -1.000000 0.000651 -0.000803 -1.000000 0.000647 -0.000803 -1.000000 0.000649 -0.000803 -1.000000 0.000653 -0.000803 -1.000000 0.000652 -0.000803 -1.000000 0.000644 -0.000802 -1.000000 0.000651 -0.000803 -1.000000 0.000649 -0.000803 -1.000000 0.000648 -0.000803 -1.000000 0.000655 -0.000803 -1.000000 0.000649 -0.000803 -1.000000 0.000660 -0.000803 -1.000000 0.000648 -0.000803 -1.000000 0.000650 -0.000803 -1.000000 0.000654 -0.000802 -1.000000 0.000645 -0.000799 -1.000000 0.000649 -0.000807 -1.000000 0.000651 -0.000803 -1.000000 0.000652 -0.000800 -1.000000 0.000648 -0.000805 -1.000000 0.000652 -0.000804 -1.000000 0.000650 -0.000806 -1.000000 0.000647 -0.000799 -1.000000 0.000653 -0.000799 -1.000000 0.000650 -0.000802 -1.000000 0.000652 -0.000805 -1.000000 0.000650 -0.000805 -1.000000 0.000651 -0.000801 -1.000000 0.000649 -0.000803 -1.000000 0.000651 -0.000803 -1.000000 0.000651 -0.000804 -1.000000 0.000649 -0.000800 -1.000000 0.000649 -0.000810 -1.000000 0.000649 -0.000808 -1.000000 0.000654 -0.000800 -1.000000 0.000645 -0.000804 -1.000000 0.000655 -0.000801 -1.000000 0.000646 -0.000808 -1.000000 0.000652 -0.000802 -1.000000 0.000648 -0.000802 -1.000000 0.000652 -0.000805 -1.000000 0.000650 -0.000791 -1.000000 0.000647 -0.000813 -1.000000 0.000653 -0.000808 -1.000000 0.000650 -0.000796 -1.000000 0.000652 -0.000806 -1.000000 0.000650 -0.000801 -1.000000 0.000651 -0.000804 -1.000000 0.000649 -0.000803 -1.000000 0.000651 -0.000803 -1.000000 0.000651 -0.000800 -1.000000 0.000649 -0.000807 -1.000000 0.000649 -0.000802 -1.000000 0.000649 -0.000793 -1.000000 0.000656 -0.000818 -1.000000 0.000652 -0.000803 -1.000000 0.000650 -0.000806 -1.000000 0.000640 -0.000805 -1.000000 0.000663 -0.000803 -1.000000 0.000650 -0.000795 -1.000000 0.000650 -0.000805 -1.000000 0.000651 -0.000803 -1.000000 0.000649 -0.000804 -1.000000 0.000664 -0.000808 -1.000000 0.000649 -0.000803 -1.000000 0.000650 -0.000802 -1.000000 0.000650 -0.000802 -1.000000 0.000651 -0.000797 -1.000000 0.000644 -0.000802 -1.000000 0.000652 -0.000800 -1.000000 0.000649 -0.000811 -1.000000 0.000651 -0.000796 -1.000000 0.000648 -0.000805 -1.000000 0.000652 -0.000802 -1.000000 0.000648 -0.000808 -1.000000 0.000650 -0.000807 -1.000000 0.000651 -0.000793 -1.000000 0.000649 -0.000810 -1.000000 0.000650 -0.000808 -1.000000 0.000652 -0.000794 -1.000000 0.000650 -0.000806 -1.000000 0.000651 -0.000801 -1.000000 0.000649 -0.000808 -1.000000 0.000647 -0.000804 -1.000000 0.000651 -0.000800 -1.000000 0.000649 -0.000799 -1.000000 0.000656 -0.000807 -1.000000 0.000649 -0.000800 -1.000000 0.000642 -0.000809 -1.000000 0.000652 -0.000803 -1.000000 0.000650 -0.000803 -1.000000 0.000647 -0.000803 -1.000000 0.000636 -0.000803 -1.000000 0.000649 -0.000803 -1.000000 0.000655 -0.000802 -1.000000 0.000648 -0.000803 -1.000000 0.000649 -0.000803 -1.000000 0.000651 -0.000803 -1.000000 0.000652 -0.000803 -1.000000 0.000652 -0.000803 -1.000000 0.000646 -0.000803 -1.000000 0.000649 -0.000803 -1.000000 0.000654 -0.000803 -1.000000 0.000651 -0.000803 -1.000000 0.000647 -0.000803 -1.000000 0.000649 -0.000803 -1.000000 0.000650 -0.000803 -1.000000 0.000652 -0.000803 -1.000000 0.000651 -0.000803 -1.000000 0.000647 -0.000803 -1.000000 0.000648 -0.000803 -1.000000 0.000650 -0.000803 -1.000000 0.000650 -0.000803 -1.000000 0.000650 -0.000802 -1.000000 0.000650 -0.000802 -1.000000 0.000653 -0.000803 -1.000000 0.000652 -0.000803 -1.000000 0.000646 -0.000803 -1.000000 0.000652 -0.000803 -1.000000 0.000651 -0.000802 -1.000000 0.000649 -0.000803 -1.000000 0.000653 -0.000803 -1.000000 0.000651 -0.000803 -1.000000 0.000647 -0.000803 -1.000000 0.000649 -0.000803 -1.000000 0.000653 -0.000803 -1.000000 0.000645 -0.000803 -1.000000 0.000652 -0.000803 -1.000000 0.000651 -0.000803 -1.000000 0.000649 -0.000803 -1.000000 0.000648 -0.000803 -1.000000 0.000640 -0.000803 -1.000000 0.000662 -0.000803 -1.000000 0.000660 -0.000803 -1.000000 0.000647 -0.000803 -1.000000 0.000650 -0.000800 -1.000000 0.000656 -0.000815 -1.000000 0.000652 -0.000803 -1.000000 0.000645 -0.000805 -1.000000 0.000653 -0.000802 -1.000000 0.000650 -0.000804 -1.000000 0.000652 -0.000802 -1.000000 0.000648 -0.000803 -1.000000 0.000652 -0.000799 -1.000000 0.000648 -0.000803 -1.000000 0.000650 -0.000804 -1.000000 0.000651 -0.000799 -1.000000 0.000649 -0.000806 -1.000000 0.000650 -0.000802 -1.000000 0.000648 -0.000805 -1.000000 0.000650 -0.000801 -1.000000 0.000651 -0.000804 -1.000000 0.000649 -0.000803 -1.000000 0.000651 -0.000804 -1.000000 0.000651 -0.000804 -1.000000 0.000649 -0.000804 -1.000000 0.000649 -0.000801 -1.000000 0.000649 0.000803 1.000000 -0.000650 0.000797 1.000000 -0.000652 0.000802 1.000000 -0.000649 0.000803 1.000000 -0.000650 0.000805 1.000000 -0.000650 0.000808 1.000000 -0.000651 0.000803 1.000000 -0.000650 0.000803 1.000000 -0.000652 0.000801 1.000000 -0.000649 0.000802 1.000000 -0.000650 0.000803 1.000000 -0.000650 0.000805 1.000000 -0.000651 0.000805 1.000000 -0.000649 0.000802 1.000000 -0.000649 0.000803 1.000000 -0.000652 0.000801 1.000000 -0.000648 0.000803 1.000000 -0.000651 0.000806 1.000000 -0.000649 0.000799 1.000000 -0.000651 0.000800 1.000000 -0.000650 0.000807 1.000000 -0.000650 0.000803 1.000000 -0.000651 0.000804 1.000000 -0.000648 0.000802 1.000000 -0.000651 0.000800 1.000000 -0.000649 0.000802 1.000000 -0.000652 0.000804 1.000000 -0.000648 0.000805 1.000000 -0.000652 0.000803 1.000000 -0.000649 0.000800 1.000000 -0.000650 0.000806 1.000000 -0.000653 0.000802 1.000000 -0.000649 0.000800 1.000000 -0.000649 0.000806 1.000000 -0.000652 0.000803 1.000000 -0.000650 0.000803 1.000000 -0.000648 0.000803 1.000000 -0.000659 0.000803 1.000000 -0.000648 0.000803 1.000000 -0.000649 0.000803 1.000000 -0.000649 0.000803 1.000000 -0.000648 0.000803 1.000000 -0.000652 0.000803 1.000000 -0.000651 0.000803 1.000000 -0.000650 0.000803 1.000000 -0.000649 0.000803 1.000000 -0.000650 0.000803 1.000000 -0.000652 0.000803 1.000000 -0.000650 0.000803 1.000000 -0.000648 0.000802 1.000000 -0.000651 0.000803 1.000000 -0.000652 0.000803 1.000000 -0.000649 0.000803 1.000000 -0.000650 0.000803 1.000000 -0.000651 0.000803 1.000000 -0.000649 0.000803 1.000000 -0.000650 0.000803 1.000000 -0.000650 0.000803 1.000000 -0.000650 0.000803 1.000000 -0.000650 0.000803 1.000000 -0.000649 0.000803 1.000000 -0.000651 0.000803 1.000000 -0.000650 0.000803 1.000000 -0.000649 0.000803 1.000000 -0.000652 0.000803 1.000000 -0.000650 0.000803 1.000000 -0.000648 0.000803 1.000000 -0.000650 0.000803 1.000000 -0.000652 0.000803 1.000000 -0.000650 0.000803 1.000000 -0.000649 0.000803 1.000000 -0.000650 0.000803 1.000000 -0.000651 0.000803 1.000000 -0.000652 0.000803 1.000000 -0.000648 0.000803 1.000000 -0.000649 0.000803 1.000000 -0.000649 0.000803 1.000000 -0.000648 0.000803 1.000000 -0.000659 0.000803 1.000000 -0.000648 0.000803 1.000000 -0.000650 0.000804 1.000000 -0.000649 0.000804 1.000000 -0.000652 0.000805 1.000000 -0.000649 0.000800 1.000000 -0.000649 0.000804 1.000000 -0.000652 0.000804 1.000000 -0.000648 0.000803 1.000000 -0.000651 0.000806 1.000000 -0.000649 0.000799 1.000000 -0.000651 0.000805 1.000000 -0.000650 0.000805 1.000000 -0.000650 0.000803 1.000000 -0.000651 0.000807 1.000000 -0.000648 0.000805 1.000000 -0.000651 0.000800 1.000000 -0.000649 0.000805 1.000000 -0.000652 0.000801 1.000000 -0.000648 0.000803 1.000000 -0.000652 0.000803 1.000000 -0.000649 0.000802 1.000000 -0.000650 0.000806 1.000000 -0.000653 0.000800 1.000000 -0.000649 0.000803 1.000000 -0.000650 0.000806 1.000000 -0.000639 0.000802 1.000000 -0.000656 0.000802 1.000000 -0.000650 0.000805 1.000000 -0.000650 0.000803 1.000000 -0.000649 0.000803 1.000000 -0.000650 0.000798 1.000000 -0.000652 0.000807 1.000000 -0.000649 0.000803 1.000000 -0.000650 0.000803 1.000000 -0.000650 0.000801 1.000000 -0.000651 0.000804 1.000000 -0.000649 0.000799 1.000000 -0.000652 0.000803 1.000000 -0.000650 0.000803 1.000000 -0.000648 0.000803 1.000000 -0.000647 0.000803 1.000000 -0.000648 0.000803 1.000000 -0.000656 0.000803 1.000000 -0.000649 0.000803 1.000000 -0.000648 0.000803 1.000000 -0.000652 0.000803 1.000000 -0.000651 0.000803 1.000000 -0.000650 0.000803 1.000000 -0.000649 0.000803 1.000000 -0.000651 0.000803 1.000000 -0.000652 0.000803 1.000000 -0.000650 0.000803 1.000000 -0.000648 0.000803 1.000000 -0.000650 0.000802 1.000000 -0.000649 0.000803 1.000000 -0.000649 0.000803 1.000000 -0.000652 0.000803 1.000000 -0.000651 0.000803 1.000000 -0.000649 0.000803 1.000000 -0.000650 0.000803 1.000000 -0.000650 0.000803 1.000000 -0.000650 0.000803 1.000000 -0.000650 0.000803 1.000000 -0.000649 0.000802 1.000000 -0.000648 0.000803 1.000000 -0.000650 0.000803 1.000000 -0.000651 0.000803 1.000000 -0.000649 0.000803 1.000000 -0.000650 0.000803 1.000000 -0.000651 0.000803 1.000000 -0.000650 0.000803 1.000000 -0.000652 0.000803 1.000000 -0.000650 0.000803 1.000000 -0.000649 0.000803 1.000000 -0.000650 0.000803 1.000000 -0.000651 0.000802 1.000000 -0.000648 0.000803 1.000000 -0.000648 0.000803 1.000000 -0.000654 0.000803 1.000000 -0.000649 0.000803 1.000000 -0.000648 0.000803 1.000000 -0.000648 0.000803 1.000000 -0.000648 0.000803 1.000000 -0.000650 0.000800 1.000000 -0.000649 0.000805 1.000000 -0.000649 0.000801 1.000000 -0.000652 0.000804 1.000000 -0.000651 0.000803 1.000000 -0.000649 0.000802 1.000000 -0.000649 0.000805 1.000000 -0.000651 0.000803 1.000000 -0.000650 0.000801 1.000000 -0.000650 0.000800 1.000000 -0.000652 0.000800 1.000000 -0.000650 0.000802 1.000000 -0.000651 0.000803 1.000000 -0.000650 0.000804 1.000000 -0.000650 0.000801 1.000000 -0.000650 0.000806 1.000000 -0.000650 0.000801 1.000000 -0.000649 0.000804 1.000000 -0.000650 0.000801 1.000000 -0.000653 0.000804 1.000000 -0.000649 0.000800 1.000000 -0.000649 0.000804 1.000000 -0.000649 0.000800 1.000000 -0.000649 0.000804 1.000000 -0.000651 0.000802 1.000000 -0.000651 0.000800 1.000000 -0.000649 0.000805 1.000000 -0.000651 0.000805 1.000000 -0.000650 0.000802 1.000000 -0.000650 0.000806 1.000000 -0.000650 0.000795 1.000000 -0.000650 0.000802 1.000000 -0.000649 0.000803 1.000000 -0.000650 0.000800 1.000000 -0.000650 0.000807 1.000000 -0.000650 0.000801 1.000000 -0.000650 0.000803 1.000000 -0.000651 0.000804 1.000000 -0.000650 0.000802 1.000000 -0.000649 0.000803 1.000000 -0.000654 0.000804 1.000000 -0.000649 0.000802 1.000000 -0.000640 -0.065835 0.000702 0.997830 -0.065835 0.000702 0.997830 0.064963 0.000592 0.997888 0.064926 0.000602 0.997890 0.194627 0.000483 0.980877 0.194658 0.000478 0.980871 0.321041 0.000355 0.947065 0.321046 0.000360 0.947063 0.441899 0.000223 0.897065 0.441898 0.000228 0.897065 0.555221 0.000096 0.831703 0.555188 0.000096 0.831724 0.658973 -0.000036 0.752167 0.659002 -0.000041 0.752141 0.751571 -0.000173 0.659652 0.751546 -0.000173 0.659681 0.831214 -0.000303 0.555953 0.831234 -0.000308 0.555923 0.896660 -0.000433 0.442719 0.896661 -0.000433 0.442717 0.946795 -0.000554 0.321838 0.946789 -0.000549 0.321855 0.980688 -0.000658 0.195578 0.980695 -0.000663 0.195542 0.997830 -0.000760 0.065834 0.997830 -0.000760 0.065836 0.997888 -0.000845 -0.064961 0.997889 -0.000843 -0.064941 0.980869 -0.000914 -0.194665 0.980873 -0.000912 -0.194646 0.947078 -0.000966 -0.321003 0.947074 -0.000968 -0.321013 0.897065 -0.001007 -0.441898 0.897065 -0.001007 -0.441899 0.831741 -0.001028 -0.555163 0.831741 -0.001028 -0.555163 0.752122 -0.001030 -0.659023 0.752116 -0.001030 -0.659030 0.659701 -0.001021 -0.751528 0.659713 -0.001021 -0.751517 0.555927 -0.000984 -0.831231 0.555918 -0.000984 -0.831236 0.442688 -0.000934 -0.896675 0.442702 -0.000934 -0.896669 0.321887 -0.000870 -0.946778 0.321875 -0.000875 -0.946782 0.195502 -0.000793 -0.980703 0.195470 -0.000793 -0.980709 0.065836 -0.000706 -0.997830 0.065872 -0.000697 -0.997828 -0.064923 -0.000597 -0.997890 -0.064923 -0.000592 -0.997890 -0.194669 -0.000483 -0.980869 -0.194668 -0.000478 -0.980869 -0.321003 -0.000355 -0.947078 -0.321003 -0.000355 -0.947078 -0.441897 -0.000223 -0.897066 -0.441899 -0.000228 -0.897065 -0.555196 -0.000096 -0.831719 -0.555221 -0.000096 -0.831703 -0.658996 0.000036 -0.752146 -0.658972 0.000041 -0.752168 -0.751546 0.000178 -0.659681 -0.751553 0.000173 -0.659672 -0.831225 0.000308 -0.555936 -0.831229 0.000305 -0.555930 -0.896669 0.000431 -0.442702 -0.896661 0.000433 -0.442718 -0.946790 0.000551 -0.321850 -0.946788 0.000551 -0.321857 -0.980700 0.000661 -0.195517 -0.980700 0.000662 -0.195517 -0.997826 0.000759 -0.065891 -0.997828 0.000756 -0.065873 -0.997886 0.000842 0.064979 -0.997888 0.000844 0.064959 -0.980873 0.000916 0.194645 -0.980871 0.000911 0.194655 -0.947065 0.000968 0.321041 -0.947071 0.000971 0.321024 -0.897079 0.001009 0.441869 -0.897079 0.001009 0.441868 -0.831725 0.001027 0.555187 -0.831717 0.001030 0.555199 -0.752133 0.001034 0.659011 -0.752125 0.001030 0.659020 -0.659692 0.001021 0.751536 -0.659701 0.001016 0.751528 -0.555919 0.000989 0.831236 -0.555918 0.000984 0.831236 -0.442704 0.000934 0.896667 -0.442729 0.000943 0.896655 -0.321877 0.000875 0.946781 -0.321843 0.000870 0.946793 -0.195537 0.000797 0.980696 -0.195537 0.000788 0.980696 -0.065834 0.000702 0.997830 -0.065835 0.000697 0.997830 0.064999 0.000597 0.997885 0.064962 0.000601 0.997888 0.194623 0.000483 0.980878 0.194658 0.000478 0.980871 0.321020 0.000355 0.947073 0.320981 0.000360 0.947085 0.441884 0.000232 0.897072 0.441927 0.000228 0.897051 0.555222 0.000096 0.831702 0.555189 0.000096 0.831724 0.658989 -0.000036 0.752152 0.659004 -0.000041 0.752139 0.751551 -0.000178 0.659675 0.751546 -0.000173 0.659681 0.831222 -0.000303 0.555940 0.831213 -0.000303 0.555954 0.896660 -0.000428 0.442720 0.896669 -0.000433 0.442701 0.946784 -0.000549 0.321871 0.946793 -0.000554 0.321844 0.980695 -0.000662 0.195541 0.980692 -0.000661 0.195560 0.997830 -0.000759 0.065834 0.997830 -0.000758 0.065837 0.997889 -0.000843 -0.064943 0.997889 -0.000843 -0.064942 0.980873 -0.000914 -0.194647 0.980869 -0.000916 -0.194666 0.947076 -0.000971 -0.321008 0.947079 -0.000968 -0.321001 0.897065 -0.001007 -0.441898 0.897072 -0.001007 -0.441884 0.831710 -0.001028 -0.555209 0.831702 -0.001032 -0.555222 0.752140 -0.001039 -0.659003 0.752140 -0.001030 -0.659002 0.659692 -0.001021 -0.751536 0.659683 -0.001021 -0.751544 0.555950 -0.000993 -0.831215 0.555961 -0.000989 -0.831207 0.442658 -0.000939 -0.896690 0.442693 -0.000934 -0.896673 0.321888 -0.000875 -0.946777 0.321887 -0.000870 -0.946778 0.195505 -0.000788 -0.980702 0.195467 -0.000797 -0.980710 0.065834 -0.000702 -0.997830 0.065834 -0.000706 -0.997830 -0.064925 -0.000601 -0.997890 -0.064887 -0.000592 -0.997892 -0.194665 -0.000478 -0.980870 -0.194668 -0.000483 -0.980869 -0.321009 -0.000355 -0.947076 -0.321008 -0.000355 -0.947076 -0.441861 -0.000223 -0.897084 -0.441862 -0.000228 -0.897083 -0.555197 -0.000091 -0.831719 -0.555221 -0.000096 -0.831703 -0.659003 0.000041 -0.752141 -0.658981 0.000041 -0.752159 -0.751553 0.000178 -0.659673 -0.751569 0.000173 -0.659655 -0.831214 0.000305 -0.555953 -0.831211 0.000305 -0.555957 -0.896682 0.000431 -0.442675 -0.896676 0.000433 -0.442688 -0.946784 0.000553 -0.321871 -0.946787 0.000551 -0.321860 -0.980697 0.000660 -0.195534 -0.980700 0.000658 -0.195518 -0.997829 0.000756 -0.065857 -0.997827 0.000758 -0.065877 -0.997889 0.000844 0.064940 -0.997888 0.000842 0.064958 -0.980871 0.000914 0.194658 -0.980871 0.000912 0.194659 -0.947069 0.000968 0.321030 -0.947071 0.000968 0.321024 -0.897073 0.001007 0.441881 -0.897072 0.001007 0.441883 -0.831726 0.001027 0.555185 -0.831724 0.001030 0.555188 -0.752124 0.001030 0.659021 -0.752124 0.001030 0.659021 -0.659672 0.001021 0.751553 -0.659680 0.001021 0.751546 -0.555952 0.000984 0.831214 -0.555944 0.000984 0.831219 -0.442672 0.000934 0.896683 -0.442695 0.000939 0.896672 -0.321914 0.000875 0.946769 -0.321886 0.000870 0.946778 -0.195537 0.000793 0.980696 -0.195534 0.000793 0.980697 -0.065833 0.000701 0.997830 -0.065852 0.000702 0.997829 0.064943 0.000597 0.997889 0.064943 0.000597 0.997889 0.194662 0.000482 0.980870 0.194662 0.000481 0.980870 0.321014 0.000358 0.947075 0.321014 0.000359 0.947074 0.441891 0.000228 0.897069 0.441891 0.000229 0.897069 0.555187 0.000095 0.831725 0.555188 0.000096 0.831725 0.659021 -0.000040 0.752125 0.659011 -0.000040 0.752133 0.751544 -0.000173 0.659683 0.751554 -0.000174 0.659671 0.831214 -0.000306 0.555953 0.831207 -0.000305 0.555963 0.896676 -0.000431 0.442688 0.896680 -0.000432 0.442679 0.946784 -0.000551 0.321871 0.946781 -0.000550 0.321878 0.980695 -0.000660 0.195541 0.980696 -0.000660 0.195539 0.997830 -0.000758 0.065837 0.997830 -0.000758 0.065834 0.997887 -0.000844 -0.064962 0.997889 -0.000842 -0.064943 0.980874 -0.000912 -0.194644 0.980871 -0.000914 -0.194656 0.947078 -0.000969 -0.321003 0.947076 -0.000969 -0.321009 0.897075 -0.001008 -0.441876 0.897069 -0.001010 -0.441890 0.831712 -0.001030 -0.555207 0.831719 -0.001029 -0.555197 0.752140 -0.001032 -0.659003 0.752141 -0.001033 -0.659001 0.659671 -0.001018 -0.751554 0.659671 -0.001018 -0.751554 0.555948 -0.000988 -0.831216 0.555948 -0.000987 -0.831217 0.442694 -0.000939 -0.896672 0.442694 -0.000939 -0.896672 0.321864 -0.000875 -0.946785 0.321864 -0.000874 -0.946785 0.195537 -0.000794 -0.980696 0.195537 -0.000795 -0.980696 0.065834 -0.000702 -0.997830 0.065834 -0.000702 -0.997830 -0.064943 -0.000597 -0.997889 -0.064943 -0.000597 -0.997889 -0.194648 -0.000481 -0.980873 -0.194647 -0.000482 -0.980873 -0.321009 -0.000358 -0.947076 -0.320993 -0.000358 -0.947082 -0.441891 -0.000227 -0.897069 -0.441905 -0.000229 -0.897062 -0.555210 -0.000095 -0.831711 -0.555208 -0.000096 -0.831712 -0.658993 0.000040 -0.752150 -0.658993 0.000040 -0.752149 -0.751543 0.000174 -0.659685 -0.751546 0.000174 -0.659681 -0.831220 0.000306 -0.555943 -0.831217 0.000307 -0.555948 -0.896672 0.000433 -0.442695 -0.896671 0.000432 -0.442698 -0.946791 0.000552 -0.321849 -0.946793 0.000551 -0.321844 -0.980693 0.000660 -0.195551 -0.980692 0.000660 -0.195558 -0.997830 0.000758 -0.065837 -0.997830 0.000758 -0.065839 -0.997888 0.000844 0.064958 -0.997888 0.000843 0.064958 -0.980876 0.000914 0.194630 -0.980874 0.000912 0.194641 -0.947074 0.000967 0.321014 -0.947074 0.000967 0.321015 -0.897065 0.001006 0.441898 -0.897072 0.001008 0.441883 -0.831719 0.001029 0.555196 -0.831719 0.001029 0.555196 -0.752132 0.001033 0.659011 -0.752132 0.001033 0.659012 -0.659684 0.001018 0.751543 -0.659691 0.001021 0.751536 -0.555963 0.000988 0.831206 -0.555944 0.000987 0.831219 -0.442696 0.000938 0.896671 -0.442694 0.000936 0.896673 -0.321854 0.000873 0.946789 -0.321855 0.000873 0.946789 -0.195536 0.000793 0.980696 -0.195538 0.000792 0.980696 -0.065853 0.000702 0.997829 -0.065853 0.000702 0.997829 0.064961 0.000597 0.997888 0.064961 0.000597 0.997888 0.194644 0.000482 0.980874 0.194644 0.000483 0.980874 0.320992 0.000359 0.947082 0.321009 0.000355 0.947076 0.441911 0.000227 0.897059 0.441892 0.000230 0.897068 0.555186 0.000096 0.831726 0.555197 0.000096 0.831719 0.659022 -0.000040 0.752123 0.659024 -0.000041 0.752122 0.751537 -0.000174 0.659691 0.751537 -0.000174 0.659691 0.831208 -0.000306 0.555961 0.831208 -0.000306 0.555961 0.896687 -0.000432 0.442665 0.896686 -0.000432 0.442668 0.946783 -0.000551 0.321871 0.980697 -0.000660 0.195533 0.980696 -0.000660 0.195538 0.997829 -0.000758 0.065857 0.997829 -0.000758 0.065851 0.997887 -0.000844 -0.064963 0.997888 -0.000844 -0.064961 0.980873 -0.000914 -0.194648 0.980874 -0.000914 -0.194640 0.947071 -0.000969 -0.321024 0.947072 -0.000969 -0.321019 0.897079 -0.001007 -0.441869 0.897075 -0.001008 -0.441876 0.831721 -0.001029 -0.555193 0.831717 -0.001029 -0.555198 0.752132 -0.001033 -0.659011 0.752132 -0.001032 -0.659012 0.659681 -0.001020 -0.751545 0.659683 -0.001017 -0.751543 0.555940 -0.000988 -0.831222 0.555951 -0.000985 -0.831214 0.442687 -0.000938 -0.896676 0.442688 -0.000936 -0.896675 0.321852 -0.000873 -0.946790 0.321838 -0.000874 -0.946794 0.195555 -0.000794 -0.980693 0.195572 -0.000794 -0.980689 0.065853 -0.000699 -0.997829 0.065835 -0.000702 -0.997830 -0.064942 -0.000597 -0.997889 -0.064942 -0.000597 -0.997889 -0.194662 -0.000482 -0.980870 -0.194662 -0.000481 -0.980870 -0.321014 -0.000359 -0.947075 -0.321013 -0.000359 -0.947075 -0.441891 -0.000228 -0.897069 -0.441891 -0.000229 -0.897069 -0.555188 -0.000096 -0.831725 -0.555196 -0.000096 -0.831720 -0.659001 0.000039 -0.752142 -0.658993 0.000040 -0.752150 -0.751545 0.000174 -0.659682 -0.751554 0.000173 -0.659671 -0.831228 0.000305 -0.555932 -0.831219 0.000305 -0.555946 -0.896672 0.000432 -0.442695 -0.896669 0.000433 -0.442701 -0.946785 0.000551 -0.321867 -0.946787 0.000551 -0.321860 -0.980696 0.000660 -0.195538 -0.980699 0.000659 -0.195524 -0.997830 0.000757 -0.065835 -0.997830 0.000757 -0.065837 -0.997888 0.000842 0.064961 -0.997889 0.000843 0.064942 -0.980874 0.000914 0.194644 -0.980874 0.000914 0.194642 -0.947072 0.000968 0.321019 -0.947074 0.000969 0.321014 -0.897077 0.001008 0.441874 -0.897075 0.001008 0.441877 -0.831706 0.001029 0.555216 -0.831705 0.001029 0.555217 -0.752140 0.001033 0.659003 -0.752141 0.001032 0.659001 -0.659700 0.001018 0.751528 -0.659691 0.001017 0.751537 -0.555940 0.000985 0.831222 -0.555944 0.000987 0.831219 -0.442687 0.000938 0.896676 -0.442695 0.000940 0.896672 -0.321870 0.000874 0.946784 -0.321848 0.000871 0.946791 -0.195520 0.000793 0.980699 -0.195541 0.000795 0.980695 0.000449 -0.000651 -1.000000 0.000449 -0.000650 -1.000000 -0.000449 0.000646 1.000000 -0.000449 0.000650 1.000000 -0.000449 0.000651 1.000000 -0.000450 0.000650 1.000000 1.000000 -0.000803 0.000450 1.000000 -0.000803 0.000450 1.000000 -0.000802 0.000450 1.000000 -0.000801 0.000448 1.000000 -0.000802 0.000450 1.000000 -0.000801 0.000450 1.000000 -0.000803 0.000450 1.000000 -0.000802 0.000450 1.000000 -0.000803 0.000450 1.000000 -0.000803 0.000450 1.000000 -0.000801 0.000449 0.000449 -0.000651 -1.000000 0.000449 -0.000650 -1.000000 -1.000000 0.000803 -0.000450 -1.000000 0.000803 -0.000450 -1.000000 0.000802 -0.000450 -1.000000 0.000802 -0.000450 -1.000000 0.000803 -0.000450 -1.000000 0.000802 -0.000450 -1.000000 0.000803 -0.000450 -1.000000 0.000803 -0.000450 -1.000000 0.000802 -0.000449 -1.000000 0.000802 -0.000450 -1.000000 0.000803 -0.000450 0.000803 1.000000 -0.000650 0.000803 1.000000 -0.000650 -0.308637 -0.000371 -0.951180 -0.308637 -0.000371 -0.951180 0.309388 -0.000867 -0.950936 0.309388 -0.000867 -0.950936 0.809249 -0.001031 -0.587465 0.809249 -0.001031 -0.587465 1.000000 -0.000802 0.000391 1.000000 -0.000802 0.000392 0.808786 -0.000266 0.588103 0.808787 -0.000267 0.588102 0.308646 0.000371 0.951177 0.308648 0.000370 0.951176 -0.309393 0.000867 0.950934 -0.309391 0.000867 0.950935 -0.809248 0.001031 0.587466 -0.809246 0.001030 0.587469 -1.000000 0.000801 -0.000390 -1.000000 0.000802 -0.000397 -0.808787 0.000267 -0.588102 -0.808786 0.000267 -0.588102 -0.308641 -0.000371 -0.951179 -0.308642 -0.000371 -0.951178 0.309389 -0.000867 -0.950935 0.309389 -0.000867 -0.950935 0.809247 -0.001031 -0.587468 0.809246 -0.001031 -0.587469 1.000000 -0.000802 0.000396 1.000000 -0.000802 0.000395 0.808785 -0.000267 0.588105 0.808788 -0.000268 0.588100 0.308644 0.000370 0.951178 0.308644 0.000370 0.951178 -0.309390 0.000867 0.950935 -0.309389 0.000867 0.950935 -0.809249 0.001031 0.587464 -0.809247 0.001030 0.587468 -1.000000 0.000801 -0.000391 -1.000000 0.000802 -0.000396 -0.808784 0.000267 -0.588106 -0.808786 0.000267 -0.588104 -0.308641 -0.000371 -0.951179 -0.308637 -0.000370 -0.951180 0.309386 -0.000867 -0.950936 0.309386 -0.000867 -0.950936 0.809246 -0.001033 -0.587468 0.809252 -0.001030 -0.587460 1.000000 -0.000801 0.000397 1.000000 -0.000802 0.000391 0.808786 -0.000267 0.588104 0.808786 -0.000267 0.588103 0.308646 0.000371 0.951177 0.308646 0.000371 0.951177 -0.309392 0.000867 0.950934 -0.309393 0.000867 0.950934 -0.809248 0.001031 0.587466 -0.809248 0.001031 0.587467 -1.000000 0.000802 -0.000391 -1.000000 0.000802 -0.000392 -0.808786 0.000267 -0.588103 -0.808787 0.000266 -0.588102 -0.308640 -0.000360 -0.951179 -0.308640 -0.000369 -0.951179 0.309392 -0.000866 -0.950934 0.309383 -0.000874 -0.950937 0.809250 -0.001029 -0.587463 0.809249 -0.001037 -0.587464 1.000000 -0.000802 0.000391 1.000000 -0.000801 0.000397 0.808787 -0.000270 0.588102 0.808786 -0.000261 0.588104 0.308635 0.000369 0.951180 0.308637 0.000369 0.951180 -0.309396 0.000866 0.950933 -0.309386 0.000874 0.950936 -0.809246 0.001033 0.587469 -0.809247 0.001037 0.587467 -1.000000 0.000802 -0.000402 -1.000000 0.000802 -0.000402 -0.808793 0.000266 -0.588094 -0.808793 0.000266 -0.588093 -1.000000 0.000803 -0.000359 -1.000000 0.000802 -0.000374 -0.998327 0.000839 0.057809 -0.998327 0.000839 0.057809 0.999612 -0.000783 0.027843 0.999612 -0.000786 0.027839 0.988808 -0.000892 -0.149192 0.988808 -0.000891 -0.149193 0.946898 -0.000969 -0.321532 0.946899 -0.000971 -0.321530 0.875203 -0.001019 -0.483755 0.875201 -0.001015 -0.483758 0.775973 -0.001032 -0.630765 0.775975 -0.001034 -0.630763 0.652337 -0.001018 -0.757929 0.652337 -0.001017 -0.757929 0.508178 -0.000969 -0.861252 0.508177 -0.000968 -0.861252 0.348034 -0.000889 -0.937481 0.348034 -0.000888 -0.937482 0.176940 -0.000782 -0.984221 0.176942 -0.000782 -0.984221 0.000282 -0.000653 -1.000000 0.000282 -0.000650 -1.000000 -0.176385 -0.000499 -0.984321 -0.176385 -0.000499 -0.984321 -0.347505 -0.000331 -0.937678 -0.347505 -0.000330 -0.937678 -0.507693 -0.000152 -0.861538 -0.507692 -0.000153 -0.861539 -0.651908 0.000030 -0.758298 -0.651908 0.000030 -0.758298 -0.775618 0.000212 -0.631202 -0.775619 0.000212 -0.631202 -0.874929 0.000387 -0.484251 -0.874929 0.000388 -0.484251 -0.946717 0.000551 -0.322067 -0.946717 0.000551 -0.322068 -0.988724 0.000696 -0.149751 -0.988724 0.000697 -0.149751 -0.999628 0.000821 0.027276 -0.999628 0.000820 0.027276 0.998288 -0.000762 0.058484 0.998288 -0.000762 0.058484 -0.991924 0.000879 0.126831 -0.991924 0.000878 0.126831 -0.940620 0.000977 0.339459 -0.940619 0.000977 0.339462 -0.844315 0.001032 0.535846 -0.844317 0.001023 0.535842 -0.707615 0.001023 0.706597 -0.707615 0.001029 0.706597 -0.537059 0.000982 0.843544 -0.537059 0.000978 0.843545 -0.340824 0.000884 0.940127 -0.340824 0.000880 0.940127 -0.128263 0.000750 0.991740 -0.128263 0.000749 0.991740 0.090425 0.000570 0.995903 0.090425 0.000574 0.995903 0.304787 0.000372 0.952421 0.304787 0.000376 0.952421 0.504570 0.000157 0.863371 0.504569 0.000153 0.863371 0.680210 -0.000070 0.733017 0.680211 -0.000073 0.733016 0.823308 -0.000291 0.567595 0.823308 -0.000287 0.567595 0.927018 -0.000500 0.375016 0.927018 -0.000498 0.375017 0.986377 -0.000685 0.164497 0.986378 -0.000684 0.164495 -0.000807 -1.000000 0.000650 -0.000803 -1.000000 0.000650 -0.000799 -1.000000 0.000650 -0.000803 -1.000000 0.000650 -0.000803 -1.000000 0.000650 -0.000803 -1.000000 0.000650 -0.000803 -1.000000 0.000650 -0.000811 -1.000000 0.000649 -0.000802 -1.000000 0.000650 -0.000804 -1.000000 0.000650 -0.000802 -1.000000 0.000650 -0.000799 -1.000000 0.000650 -0.000806 -1.000000 0.000650 -0.000803 -1.000000 0.000650 -0.000799 -1.000000 0.000650 -0.000803 -1.000000 0.000650 -0.000803 -1.000000 0.000650 -0.000803 -1.000000 0.000650 -0.000802 -1.000000 0.000650 -0.000803 -1.000000 0.000651 -0.000802 -1.000000 0.000650 -0.000805 -1.000000 0.000650 -0.000799 -1.000000 0.000650 -0.000804 -1.000000 0.000650 -0.000803 -1.000000 0.000650 -0.000803 -1.000000 0.000650 -0.000802 -1.000000 0.000650 -0.000802 -1.000000 0.000650 -0.000803 -1.000000 0.000650 -0.000803 -1.000000 0.000650 -0.000802 -1.000000 0.000650 -0.000806 -1.000000 0.000650 -0.000802 -1.000000 0.000650 -0.000804 -1.000000 0.000650 -0.000803 -1.000000 0.000650 -0.000803 -1.000000 0.000650 -0.000802 -1.000000 0.000650 -0.000807 -1.000000 0.000650 -0.000803 -1.000000 0.000650 -0.000800 -1.000000 0.000650 -0.000803 -1.000000 0.000650 -0.000803 -1.000000 0.000650 -0.000798 -1.000000 0.000650 -0.000803 -1.000000 0.000650 -0.000802 -1.000000 0.000650 -0.000803 -1.000000 0.000650 -0.000803 -1.000000 0.000650 -0.000803 -1.000000 0.000650 -0.000806 -1.000000 0.000650 -0.000790 -1.000000 0.000650 -0.000803 -1.000000 0.000650 -0.000803 -1.000000 0.000650 -0.000801 -1.000000 0.000650 -0.000802 -1.000000 0.000650 -0.000808 -1.000000 0.000650 -0.000802 -1.000000 0.000650 -0.000802 -1.000000 0.000650 -0.000806 -1.000000 0.000650 -0.000802 -1.000000 0.000650 -0.000806 -1.000000 0.000650 -0.000802 -1.000000 0.000650 -0.000803 -1.000000 0.000650 -0.000803 -1.000000 0.000650 -0.000803 -1.000000 0.000650 -0.000790 -1.000000 0.000649 -0.000803 -1.000000 0.000650 -0.000802 -1.000000 0.000650 -0.000803 -1.000000 0.000650 -0.000800 -1.000000 0.000650 -0.000799 -1.000000 0.000651 -0.000818 -1.000000 0.000650 -0.000802 -1.000000 0.000650 -0.000802 -1.000000 0.000650 -0.000802 -1.000000 0.000650 -0.000805 -1.000000 0.000650 -0.000802 -1.000000 0.000650 -0.000804 -1.000000 0.000650 -0.000658 -1.000000 0.000650 -0.000803 -1.000000 0.000650 -0.000803 -1.000000 0.000650 -0.000802 -1.000000 0.000650 -0.000801 -1.000000 0.000650 0.000803 1.000000 -0.000650 0.000803 1.000000 -0.000650 0.000802 1.000000 -0.000650 0.000803 1.000000 -0.000650 0.000810 1.000000 -0.000649 0.000802 1.000000 -0.000650 0.000803 1.000000 -0.000650 0.000802 1.000000 -0.000650 0.000802 1.000000 -0.000650 0.000806 1.000000 -0.000650 0.000801 1.000000 -0.000650 0.000802 1.000000 -0.000650 0.000803 1.000000 -0.000650 0.000810 1.000000 -0.000650 0.000804 1.000000 -0.000650 0.000804 1.000000 -0.000650 0.000803 1.000000 -0.000650 0.000803 1.000000 -0.000650 0.000803 1.000000 -0.000650 0.000808 1.000000 -0.000650 0.000794 1.000000 -0.000650 0.000803 1.000000 -0.000650 0.000807 1.000000 -0.000650 0.000803 1.000000 -0.000650 0.000790 1.000000 -0.000650 0.000803 1.000000 -0.000650 0.000803 1.000000 -0.000650 0.000807 1.000000 -0.000650 0.000802 1.000000 -0.000650 0.000801 1.000000 -0.000650 0.000803 1.000000 -0.000650 0.000803 1.000000 -0.000650 0.000807 1.000000 -0.000650 0.000797 1.000000 -0.000650 0.000803 1.000000 -0.000650 0.000798 1.000000 -0.000650 0.000803 1.000000 -0.000650 0.000803 1.000000 -0.000650 0.000803 1.000000 -0.000650 0.000803 1.000000 -0.000650 0.000811 1.000000 -0.000650 0.000803 1.000000 -0.000650 0.000799 1.000000 -0.000650 0.000803 1.000000 -0.000650 0.000802 1.000000 -0.000650 0.000805 1.000000 -0.000650 0.000803 1.000000 -0.000650 0.000803 1.000000 -0.000650 0.000803 1.000000 -0.000650 0.000803 1.000000 -0.000650 0.000803 1.000000 -0.000650 0.000803 1.000000 -0.000650 0.000803 1.000000 -0.000650 0.000802 1.000000 -0.000650 0.000803 1.000000 -0.000650 0.000801 1.000000 -0.000650 0.000804 1.000000 -0.000650 0.000795 1.000000 -0.000650 0.000810 1.000000 -0.000650 0.000802 1.000000 -0.000650 0.000807 1.000000 -0.000650 0.000801 1.000000 -0.000650 0.000807 1.000000 -0.000650 0.000804 1.000000 -0.000650 0.000812 1.000000 -0.000650 0.000802 1.000000 -0.000650 0.000803 1.000000 -0.000650 0.000802 1.000000 -0.000650 0.000806 1.000000 -0.000651 0.000817 1.000000 -0.000650 0.000823 1.000000 -0.000650 0.000814 1.000000 -0.000650 0.000802 1.000000 -0.000650 0.000803 1.000000 -0.000650 0.000802 1.000000 -0.000650 0.000799 1.000000 -0.000650 0.000803 1.000000 -0.000650 0.000792 1.000000 -0.000651 0.000803 1.000000 -0.000650 0.000799 1.000000 -0.000650 0.000811 1.000000 -0.000650 0.000795 1.000000 -0.000650 0.562133 0.000085 0.827047 0.562131 0.000085 0.827048 0.962230 -0.000594 0.272238 0.962232 -0.000598 0.272230 0.912098 -0.000999 -0.409971 0.912098 -0.000999 -0.409971 0.435175 -0.000929 -0.900345 0.435183 -0.000937 -0.900342 -0.245358 -0.000426 -0.969432 -0.245367 -0.000434 -0.969430 -0.811098 0.000267 -0.584910 -0.811096 0.000271 -0.584914 -0.997310 0.000848 0.073292 -0.997310 0.000848 0.073292 -0.716874 0.001030 0.697203 -0.716874 0.001026 0.697202 -0.100994 0.000728 0.994887 -0.100994 0.000720 0.994887 -0.914983 0.000472 -0.403493 -0.914983 0.000470 -0.403492 -0.671760 0.000055 -0.740769 -0.671759 0.000059 -0.740770 -0.312387 -0.000361 -0.949955 -0.312389 -0.000376 -0.949954 0.101001 -0.000729 -0.994886 0.101001 -0.000729 -0.994886 0.496926 -0.000968 -0.867792 0.496925 -0.000964 -0.867793 0.806927 -0.001035 -0.590650 0.806927 -0.001031 -0.590650 0.977404 -0.000923 -0.211379 0.977404 -0.000923 -0.211377 0.978878 -0.000651 0.204443 0.978878 -0.000653 0.204442 0.811096 -0.000271 0.584913 0.811096 -0.000271 0.584914 0.503067 0.000157 0.864247 0.503068 0.000157 0.864247 0.108054 0.000557 0.994145 0.108054 0.000557 0.994145 -0.305642 0.000870 0.952146 -0.305643 0.000855 0.952146 -0.666490 0.001023 0.745513 -0.666489 0.001019 0.745515 -0.912097 0.001000 0.409973 -0.912098 0.001000 0.409971 -0.999993 0.000807 0.003543 -0.999993 0.000805 0.003544 0.000805 1.000000 -0.000650 0.000803 1.000000 -0.000650 0.000803 1.000000 -0.000650 0.000803 1.000000 -0.000650 0.000803 1.000000 -0.000650 0.000803 1.000000 -0.000650 0.000803 1.000000 -0.000650 0.000803 1.000000 -0.000651 0.000803 1.000000 -0.000650 0.000803 1.000000 -0.000650 0.000803 1.000000 -0.000650 0.000803 1.000000 -0.000650 0.000802 1.000000 -0.000650 0.000803 1.000000 -0.000650 0.000803 1.000000 -0.000650 0.000803 1.000000 -0.000650 0.000803 1.000000 -0.000650 0.000803 1.000000 -0.000650 0.000802 1.000000 -0.000650 0.000803 1.000000 -0.000650 0.000803 1.000000 -0.000650 0.000803 1.000000 -0.000650 0.000803 1.000000 -0.000650 0.000803 1.000000 -0.000651 -0.000803 -1.000000 0.000651 -0.000803 -1.000000 0.000650 -0.000803 -1.000000 0.000650 -0.000803 -1.000000 0.000650 -0.000802 -1.000000 0.000650 -0.000803 -1.000000 0.000650 -0.000803 -1.000000 0.000650 -0.000802 -1.000000 0.000650 -0.000803 -1.000000 0.000650 -0.000802 -1.000000 0.000650 -0.000804 -1.000000 0.000650 -0.000803 -1.000000 0.000650 -0.000800 -1.000000 0.000650 -0.000804 -1.000000 0.000650 -0.000803 -1.000000 0.000650 -0.000803 -1.000000 0.000651 -0.000803 -1.000000 0.000650 -0.000803 -1.000000 0.000650 -0.000803 -1.000000 0.000650 -0.000803 -1.000000 0.000650 -0.000800 -1.000000 0.000650 -0.000803 -1.000000 0.000650 -0.000802 -1.000000 0.000650 -0.000801 -1.000000 0.000650 0.692041 -0.000089 0.721858 0.692041 -0.000089 0.721858 0.994135 -0.000729 0.108144 0.994135 -0.000728 0.108143 0.831069 -0.001030 -0.556168 0.831066 -0.001030 -0.556173 0.279113 -0.000852 -0.960258 0.279121 -0.000844 -0.960256 -0.403419 -0.000271 -0.915015 -0.403421 -0.000271 -0.915015 -0.897195 0.000430 -0.441636 -0.897194 0.000434 -0.441636 -0.971167 0.000935 0.238400 -0.971167 0.000935 0.238399 -0.590719 0.001003 0.806877 -0.590720 0.000995 0.806876 0.066131 0.000589 0.997811 0.066131 0.000596 0.997811 -0.969411 0.000621 -0.245443 -0.969411 0.000619 -0.245442 -0.785771 0.000227 -0.618517 -0.785770 0.000235 -0.618519 -0.466262 -0.000196 -0.884647 -0.466263 -0.000204 -0.884647 -0.066132 -0.000588 -0.997811 -0.066134 -0.000596 -0.997811 0.345430 -0.000886 -0.938444 0.345432 -0.000886 -0.938443 0.697265 -0.001023 -0.716813 0.697263 -0.001027 -0.716815 0.928538 -0.000988 -0.371236 0.928538 -0.000986 -0.371236 0.999257 -0.000778 0.038531 0.999257 -0.000779 0.038531 0.897195 -0.000431 0.441634 0.897195 -0.000431 0.441634 0.640003 -0.000016 0.768373 0.640002 -0.000016 0.768373 0.272145 0.000408 0.962256 0.272144 0.000408 0.962257 -0.142768 0.000753 0.989756 -0.142766 0.000753 0.989756 -0.532995 0.000980 0.846118 -0.532994 0.000972 0.846119 -0.831062 0.001027 0.556178 -0.831064 0.001031 0.556176 -0.985432 0.000904 0.170069 -0.985432 0.000903 0.170070 0.000802 1.000000 -0.000650 0.000802 1.000000 -0.000650 0.000803 1.000000 -0.000650 0.000803 1.000000 -0.000650 0.000803 1.000000 -0.000650 0.000803 1.000000 -0.000650 0.000802 1.000000 -0.000650 0.000803 1.000000 -0.000650 0.000803 1.000000 -0.000650 0.000803 1.000000 -0.000650 0.000804 1.000000 -0.000649 0.000803 1.000000 -0.000650 0.000803 1.000000 -0.000651 0.000803 1.000000 -0.000650 0.000802 1.000000 -0.000650 0.000805 1.000000 -0.000650 0.000803 1.000000 -0.000650 0.000803 1.000000 -0.000650 0.000804 1.000000 -0.000650 0.000802 1.000000 -0.000650 0.000801 1.000000 -0.000650 0.000803 1.000000 -0.000650 0.000803 1.000000 -0.000650 0.000803 1.000000 -0.000650 -0.000803 -1.000000 0.000650 -0.000803 -1.000000 0.000650 -0.000803 -1.000000 0.000650 -0.000806 -1.000000 0.000650 -0.000803 -1.000000 0.000650 -0.000803 -1.000000 0.000650 -0.000803 -1.000000 0.000650 -0.000800 -1.000000 0.000650 -0.000803 -1.000000 0.000650 -0.000803 -1.000000 0.000650 -0.000803 -1.000000 0.000651 -0.000803 -1.000000 0.000650 -0.000802 -1.000000 0.000650 -0.000802 -1.000000 0.000650 -0.000803 -1.000000 0.000650 -0.000803 -1.000000 0.000649 -0.000803 -1.000000 0.000650 -0.000803 -1.000000 0.000650 -0.000805 -1.000000 0.000650 -0.000803 -1.000000 0.000650 -0.000800 -1.000000 0.000650 -0.000803 -1.000000 0.000650 -0.000803 -1.000000 0.000650 -0.000802 -1.000000 0.000650 0.000829 1.000000 -0.000651 0.000806 1.000000 -0.000650 0.000805 1.000000 -0.000650 0.000819 1.000000 -0.000650 0.000745 1.000000 -0.000652 0.000822 1.000000 -0.000651 0.000827 1.000000 -0.000650 0.000794 1.000000 -0.000650 0.000819 1.000000 -0.000652 0.000802 1.000000 -0.000651 0.000775 1.000000 -0.000650 0.000809 1.000000 -0.000651 0.000778 1.000000 -0.000645 0.000806 1.000000 -0.000654 0.000783 1.000000 -0.000651 0.000817 1.000000 -0.000650 0.000815 1.000000 -0.000651 0.000785 1.000000 -0.000652 0.000803 1.000000 -0.000651 0.000829 1.000000 -0.000650 0.000804 1.000000 -0.000645 0.000805 1.000000 -0.000648 0.000816 1.000000 -0.000659 0.000782 1.000000 -0.000651 0.000793 1.000000 -0.000647 0.000826 1.000000 -0.000647 0.000804 1.000000 -0.000645 0.000766 1.000000 -0.000654 0.000793 1.000000 -0.000655 0.000815 1.000000 -0.000647 0.000809 1.000000 -0.000650 0.000814 1.000000 -0.000652 0.000797 1.000000 -0.000649 0.000828 1.000000 -0.000644 0.000778 1.000000 -0.000657 0.000801 1.000000 -0.000653 0.000795 1.000000 -0.000652 0.000789 1.000000 -0.000655 0.000815 1.000000 -0.000647 0.000798 1.000000 -0.000650 0.000808 1.000000 -0.000654 0.000801 1.000000 -0.000655 0.000812 1.000000 -0.000643 0.000799 1.000000 -0.000647 0.000799 1.000000 -0.000646 0.000798 1.000000 -0.000639 0.000804 1.000000 -0.000659 0.000816 1.000000 -0.000640 0.000805 1.000000 -0.000639 0.000801 1.000000 -0.000650 0.000806 1.000000 -0.000649 0.000789 1.000000 -0.000651 0.000804 1.000000 -0.000661 0.000808 1.000000 -0.000659 0.000804 1.000000 -0.000643 0.000798 1.000000 -0.000658 0.000803 1.000000 -0.000647 0.000805 1.000000 -0.000651 0.000803 1.000000 -0.000644 0.000803 1.000000 -0.000658 0.000804 1.000000 -0.000647 0.000803 1.000000 -0.000655 0.000804 1.000000 -0.000630 0.000803 1.000000 -0.000664 0.000805 1.000000 -0.000652 0.000804 1.000000 -0.000647 0.000802 1.000000 -0.000649 0.000802 1.000000 -0.000657 0.000805 1.000000 -0.000646 0.000802 1.000000 -0.000647 0.000811 1.000000 -0.000654 0.000800 1.000000 -0.000654 0.000804 1.000000 -0.000647 0.000773 1.000000 -0.000648 0.000809 1.000000 -0.000661 0.000806 1.000000 -0.000648 0.000807 1.000000 -0.000646 0.000802 1.000000 -0.000651 0.000787 1.000000 -0.000650 0.000821 1.000000 -0.000656 0.000806 1.000000 -0.000651 0.000777 1.000000 -0.000649 0.000823 1.000000 -0.000642 0.000773 1.000000 -0.000647 0.000828 1.000000 -0.000653 0.000779 1.000000 -0.000640 0.000801 1.000000 -0.000655 0.000821 1.000000 -0.000651 0.000800 1.000000 -0.000649 0.000807 1.000000 -0.000655 0.000806 1.000000 -0.000645 0.000787 1.000000 -0.000654 0.000821 1.000000 -0.000650 0.000789 1.000000 -0.000649 0.000795 1.000000 -0.000653 0.000848 1.000000 -0.000655 0.000800 1.000000 -0.000649 0.000787 1.000000 -0.000650 0.000797 1.000000 -0.000650 0.000801 1.000000 -0.000653 0.000830 1.000000 -0.000648 0.000761 1.000000 -0.000652 0.000830 1.000000 -0.000648 0.000793 1.000000 -0.000649 0.000771 1.000000 -0.000651 0.000818 1.000000 -0.000651 0.000834 1.000000 -0.000652 0.000775 1.000000 -0.000651 0.000845 1.000000 -0.000651 0.000761 1.000000 -0.000649 0.000814 1.000000 -0.000653 0.000851 1.000000 -0.000651 0.000815 1.000000 -0.000650 0.000821 1.000000 -0.000650 0.000770 1.000000 -0.000650 0.000786 1.000000 -0.000650 0.000781 1.000000 -0.000648 0.000851 1.000000 -0.000648 0.000784 1.000000 -0.000651 0.000789 1.000000 -0.000649 0.000799 1.000000 -0.000652 0.000820 1.000000 -0.000648 0.000795 1.000000 -0.000650 0.000821 1.000000 -0.000649 0.000805 1.000000 -0.000649 0.000783 1.000000 -0.000650 0.000806 1.000000 -0.000650 0.000792 1.000000 -0.000649 0.000805 1.000000 -0.000660 0.000814 1.000000 -0.000648 0.000793 1.000000 -0.000647 0.000794 1.000000 -0.000653 0.000809 1.000000 -0.000650 0.000806 1.000000 -0.000653 0.000797 1.000000 -0.000655 0.000803 1.000000 -0.000649 0.000790 1.000000 -0.000661 0.000803 1.000000 -0.000652 0.000807 1.000000 -0.000643 0.000819 1.000000 -0.000646 0.000820 1.000000 -0.000649 0.000786 1.000000 -0.000644 0.000794 1.000000 -0.000658 0.000815 1.000000 -0.000654 0.000800 1.000000 -0.000660 0.000802 1.000000 -0.000648 0.000814 1.000000 -0.000651 0.000794 1.000000 -0.000643 0.000809 1.000000 -0.000647 0.000807 1.000000 -0.000641 0.000803 1.000000 -0.000659 0.000799 1.000000 -0.000641 0.000797 1.000000 -0.000652 0.000805 1.000000 -0.000651 0.000805 1.000000 -0.000637 0.000805 1.000000 -0.000655 0.000805 1.000000 -0.000648 0.000805 1.000000 -0.000655 0.000801 1.000000 -0.000652 0.000802 1.000000 -0.000652 0.000800 1.000000 -0.000661 0.000802 1.000000 -0.000636 0.000803 1.000000 -0.000665 0.000804 1.000000 -0.000636 0.000790 1.000000 -0.000653 0.000803 1.000000 -0.000653 0.000805 1.000000 -0.000643 0.000806 1.000000 -0.000654 0.000807 1.000000 -0.000647 0.000811 1.000000 -0.000655 0.000798 1.000000 -0.000653 0.000807 1.000000 -0.000641 0.000809 1.000000 -0.000645 0.000799 1.000000 -0.000650 0.000795 1.000000 -0.000648 0.000802 1.000000 -0.000652 0.000807 1.000000 -0.000667 0.000790 1.000000 -0.000647 0.000810 1.000000 -0.000641 0.000797 1.000000 -0.000649 0.000794 1.000000 -0.000642 0.000802 1.000000 -0.000652 0.000796 1.000000 -0.000655 0.000810 1.000000 -0.000651 0.000820 1.000000 -0.000647 0.000809 1.000000 -0.000648 0.000801 1.000000 -0.000654 0.000806 1.000000 -0.000655 0.000763 1.000000 -0.000651 0.000815 1.000000 -0.000649 0.000798 1.000000 -0.000658 0.000825 1.000000 -0.000647 0.000796 1.000000 -0.000647 0.000800 1.000000 -0.000651 0.000820 1.000000 -0.000650 0.000782 1.000000 -0.000654 0.000795 1.000000 -0.000649 0.000820 1.000000 -0.000647 0.000805 1.000000 -0.000654 0.000803 1.000000 -0.000643 0.000780 1.000000 -0.000647 0.000802 1.000000 -0.000652 0.000837 1.000000 -0.000654 0.000770 1.000000 -0.000651 0.000825 1.000000 -0.000651 0.000770 1.000000 -0.000651 0.000812 1.000000 -0.000652 0.000826 1.000000 -0.000652 0.000819 1.000000 -0.000649 0.000800 1.000000 -0.000649 0.000801 1.000000 -0.000648 0.000761 1.000000 -0.000648 0.999863 -0.000790 0.016563 0.998514 -0.000835 -0.054496 0.998514 -0.000838 -0.054482 0.992279 -0.000880 -0.124022 0.992278 -0.000878 -0.124033 0.980938 -0.000915 -0.194319 0.980934 -0.000914 -0.194340 0.980947 -0.000906 -0.194272 0.992274 -0.000870 -0.124063 0.992279 -0.000875 -0.124022 0.998514 -0.000835 -0.054498 0.998516 -0.000837 -0.054461 0.999863 -0.000792 0.016552 0.999863 -0.000792 0.016554 0.954676 -0.000570 0.297647 0.973417 -0.000630 0.229040 0.973415 -0.000631 0.229049 0.987037 -0.000687 0.160493 0.987034 -0.000689 0.160508 0.995938 -0.000741 0.090039 0.995942 -0.000741 0.090001 0.995943 -0.000745 0.089981 0.987030 -0.000690 0.160535 0.987033 -0.000688 0.160518 0.973422 -0.000632 0.229020 0.973418 -0.000634 0.229034 0.954675 -0.000574 0.297651 0.954679 -0.000574 0.297638 0.832205 -0.000310 0.554468 0.869413 -0.000379 0.494085 0.869434 -0.000380 0.494049 0.901849 -0.000443 0.432051 0.901850 -0.000443 0.432049 0.930285 -0.000507 0.366836 0.930271 -0.000508 0.366873 0.930286 -0.000513 0.366834 0.901846 -0.000448 0.432057 0.901860 -0.000445 0.432028 0.869429 -0.000383 0.494059 0.869437 -0.000376 0.494044 0.832162 -0.000308 0.554532 0.832188 -0.000307 0.554494 0.642141 0.000005 0.766587 0.695107 -0.000074 0.718906 0.695056 -0.000087 0.718955 0.743559 -0.000157 0.668671 0.743547 -0.000162 0.668683 0.789240 -0.000233 0.614085 0.789231 -0.000234 0.614096 0.789259 -0.000244 0.614061 0.743597 -0.000166 0.668628 0.743584 -0.000169 0.668642 0.695087 -0.000097 0.718925 0.695096 -0.000097 0.718917 0.642139 -0.000022 0.766588 0.642214 -0.000019 0.766526 0.400306 0.000267 0.916381 0.464375 0.000194 0.885638 0.464371 0.000198 0.885641 0.525114 0.000125 0.851032 0.525103 0.000127 0.851039 0.584157 0.000053 0.811641 0.584244 0.000056 0.811578 0.584161 0.000073 0.811638 0.525054 0.000148 0.851069 0.525016 0.000139 0.851092 0.464468 0.000212 0.885590 0.464346 0.000202 0.885654 0.400288 0.000270 0.916389 0.400298 0.000274 0.916385 0.125887 0.000559 0.992044 0.196031 0.000480 0.980598 0.196065 0.000482 0.980591 0.264067 0.000415 0.964504 0.264055 0.000422 0.964507 0.331883 0.000351 0.943321 0.331809 0.000346 0.943347 0.331805 0.000348 0.943348 0.264078 0.000425 0.964502 0.264078 0.000407 0.964501 0.196031 0.000480 0.980598 0.196076 0.000483 0.980589 0.125876 0.000553 0.992046 0.125864 0.000542 0.992047 -0.158734 0.000765 0.987321 -0.088090 0.000702 0.996112 -0.088131 0.000712 0.996109 -0.018520 0.000655 0.999828 -0.018372 0.000670 0.999831 0.052644 0.000609 0.998613 0.052624 0.000610 0.998614 0.052644 0.000597 0.998613 -0.018432 0.000665 0.999830 -0.018387 0.000670 0.999831 -0.088178 0.000720 0.996104 -0.088205 0.000721 0.996102 -0.158646 0.000771 0.987335 -0.158735 0.000768 0.987321 -0.430542 0.000931 0.902570 -0.365194 0.000895 0.930931 -0.365161 0.000898 0.930944 -0.299444 0.000863 0.954114 -0.299440 0.000866 0.954115 -0.230634 0.000824 0.973040 -0.230732 0.000815 0.973017 -0.230731 0.000813 0.973017 -0.299347 0.000868 0.954144 -0.299373 0.000850 0.954136 -0.365270 0.000891 0.930901 -0.365164 0.000903 0.930943 -0.430468 0.000933 0.902605 -0.430539 0.000931 0.902572 -0.667274 0.001010 0.744812 -0.612756 0.000997 0.790272 -0.612715 0.001005 0.790303 -0.556071 0.000983 0.831134 -0.556061 0.000986 0.831141 -0.495464 0.000964 0.868628 -0.495468 0.000960 0.868626 -0.495477 0.000963 0.868621 -0.556133 0.000988 0.831093 -0.556094 0.000993 0.831119 -0.612652 0.001015 0.790353 -0.612727 0.001004 0.790294 -0.667322 0.001023 0.744769 -0.667337 0.001019 0.744756 -0.850127 0.001029 0.526577 -0.810597 0.001043 0.585603 -0.810577 0.001036 0.585632 -0.767667 0.001039 0.640848 -0.767680 0.001037 0.640833 -0.720098 0.001035 0.693872 -0.720182 0.001028 0.693785 -0.720129 0.001022 0.693839 -0.767662 0.001015 0.640854 -0.767640 0.001030 0.640881 -0.810562 0.001025 0.585653 -0.810539 0.001030 0.585684 -0.850140 0.001023 0.526556 -0.850112 0.001024 0.526601 -0.964053 0.000954 0.265708 -0.942698 0.000979 0.333646 -0.942708 0.000974 0.333618 -0.917118 0.000997 0.398616 -0.917116 0.000996 0.398620 -0.886482 0.001014 0.462761 -0.886497 0.001013 0.462734 -0.886482 0.001008 0.462762 -0.917118 0.000992 0.398614 -0.917110 0.000996 0.398634 -0.942702 0.000972 0.333635 -0.942710 0.000973 0.333612 -0.964046 0.000945 0.265735 -0.964037 0.000946 0.265768 -0.999863 0.000790 -0.016545 -0.998514 0.000835 0.054486 -0.998514 0.000835 0.054485 -0.992273 0.000876 0.124075 -0.992275 0.000875 0.124055 -0.980947 0.000912 0.194272 -0.980940 0.000913 0.194309 -0.980953 0.000920 0.194246 -0.992273 0.000882 0.124071 -0.992277 0.000879 0.124039 -0.998516 0.000839 0.054448 -0.998515 0.000839 0.054478 -0.999863 0.000794 -0.016524 -0.999862 0.000792 -0.016581 -0.954681 0.000575 -0.297632 -0.973455 0.000632 -0.228878 -0.973446 0.000626 -0.228915 -0.987031 0.000683 -0.160529 -0.987032 0.000683 -0.160525 -0.995938 0.000736 -0.090035 -0.995947 0.000741 -0.089940 -0.995939 0.000754 -0.090027 -0.987036 0.000702 -0.160499 -0.987023 0.000690 -0.160578 -0.973432 0.000635 -0.228978 -0.973434 0.000636 -0.228967 -0.954700 0.000575 -0.297570 -0.954670 0.000572 -0.297665 -0.832135 0.000311 -0.554574 -0.869473 0.000388 -0.493980 -0.869480 0.000379 -0.493968 -0.901828 0.000445 -0.432094 -0.901819 0.000442 -0.432113 -0.930256 0.000507 -0.366912 -0.930255 0.000508 -0.366912 -0.930261 0.000504 -0.366898 -0.901815 0.000443 -0.432121 -0.901815 0.000442 -0.432123 -0.869472 0.000378 -0.493982 -0.869486 0.000377 -0.493958 -0.832163 0.000308 -0.554532 -0.832133 0.000306 -0.554576 -0.642189 0.000026 -0.766547 -0.695060 0.000102 -0.718952 -0.695050 0.000095 -0.718961 -0.743639 0.000166 -0.668581 -0.743583 0.000163 -0.668644 -0.789206 0.000236 -0.614128 -0.789176 0.000233 -0.614167 -0.789209 0.000228 -0.614124 -0.743595 0.000148 -0.668631 -0.743628 0.000159 -0.668593 -0.695048 0.000088 -0.718964 -0.695083 0.000090 -0.718929 -0.642192 0.000019 -0.766544 -0.642223 0.000018 -0.766518 -0.400290 -0.000280 -0.916389 -0.464360 -0.000203 -0.885647 -0.464376 -0.000204 -0.885638 -0.525150 -0.000134 -0.851010 -0.525116 -0.000135 -0.851031 -0.584099 -0.000062 -0.811683 -0.584189 -0.000055 -0.811618 -0.584118 -0.000049 -0.811669 -0.525219 -0.000120 -0.850967 -0.525110 -0.000134 -0.851035 -0.464361 -0.000208 -0.885646 -0.464390 -0.000203 -0.885631 -0.400213 -0.000274 -0.916422 -0.400272 -0.000274 -0.916396 -0.125787 -0.000540 -0.992057 -0.196116 -0.000480 -0.980581 -0.196119 -0.000482 -0.980580 -0.263996 -0.000415 -0.964524 -0.264001 -0.000412 -0.964522 -0.331883 -0.000348 -0.943321 -0.331879 -0.000344 -0.943322 -0.331959 -0.000351 -0.943294 -0.264004 -0.000425 -0.964521 -0.264051 -0.000417 -0.964509 -0.196100 -0.000489 -0.980584 -0.196141 -0.000479 -0.980576 -0.125704 -0.000547 -0.992068 -0.125785 -0.000544 -0.992058 0.158647 -0.000765 -0.987335 0.087998 -0.000720 -0.996120 0.088084 -0.000727 -0.996113 0.018521 -0.000683 -0.999828 0.018402 -0.000665 -0.999830 -0.052644 -0.000609 -0.998613 -0.052735 -0.000603 -0.998608 -0.052644 -0.000587 -0.998613 0.018433 -0.000665 -0.999830 0.018476 -0.000652 -0.999829 0.088086 -0.000702 -0.996113 0.088173 -0.000717 -0.996105 0.158647 -0.000765 -0.987335 0.158651 -0.000770 -0.987335 0.430393 -0.000936 -0.902641 0.365267 -0.000905 -0.930902 0.365264 -0.000896 -0.930904 0.299350 -0.000868 -0.954143 0.299347 -0.000859 -0.954144 0.230812 -0.000808 -0.972998 0.230815 -0.000820 -0.972997 0.230803 -0.000812 -0.973000 0.299350 -0.000868 -0.954143 0.299341 -0.000852 -0.954146 0.365286 -0.000905 -0.930895 0.365270 -0.000892 -0.930901 0.430394 -0.000926 -0.902641 0.430408 -0.000932 -0.902634 0.667206 -0.001031 -0.744873 0.612714 -0.001006 -0.790304 0.612690 -0.001012 -0.790323 0.556088 -0.000992 -0.831123 0.556041 -0.000990 -0.831154 0.495594 -0.000967 -0.868554 0.495528 -0.000961 -0.868591 0.495528 -0.000960 -0.868591 0.556069 -0.000979 -0.831135 0.556066 -0.000986 -0.831138 0.612756 -0.001002 -0.790272 0.612738 -0.001004 -0.790286 0.667230 -0.001016 -0.744851 0.667268 -0.001018 -0.744817 0.850090 -0.001022 -0.526636 0.810558 -0.001015 -0.585657 0.810579 -0.001027 -0.585629 0.767679 -0.001029 -0.640833 0.767691 -0.001028 -0.640820 0.720167 -0.001026 -0.693800 0.720209 -0.001029 -0.693756 0.720119 -0.001041 -0.693850 0.767683 -0.001043 -0.640829 0.767644 -0.001039 -0.640876 0.810592 -0.001038 -0.585611 0.810553 -0.001034 -0.585665 0.850118 -0.001026 -0.526591 0.850067 -0.001021 -0.526674 0.964048 -0.000946 -0.265725 0.942717 -0.000974 -0.333592 0.942715 -0.000971 -0.333599 0.917103 -0.000992 -0.398649 0.917116 -0.000996 -0.398620 0.886519 -0.001013 -0.462691 0.886505 -0.001010 -0.462718 0.886482 -0.001015 -0.462762 0.917105 -0.000997 -0.398646 0.917106 -0.000997 -0.398643 0.942712 -0.000976 -0.333608 0.942706 -0.000975 -0.333624 0.964049 -0.000948 -0.265724 0.964047 -0.000947 -0.265730 0.999862 -0.000794 0.016602 0.998512 -0.000838 -0.054519 0.998513 -0.000839 -0.054514 0.992276 -0.000880 -0.124049 0.992273 -0.000878 -0.124069 0.980950 -0.000915 -0.194259 0.980950 -0.000914 -0.194260 0.980949 -0.000913 -0.194262 0.992275 -0.000872 -0.124054 0.992278 -0.000876 -0.124031 0.998513 -0.000835 -0.054517 0.998513 -0.000836 -0.054506 0.999863 -0.000791 0.016550 0.999862 -0.000793 0.016602 0.954686 -0.000576 0.297615 0.973418 -0.000635 0.229037 0.973424 -0.000632 0.229012 0.987034 -0.000688 0.160511 0.987031 -0.000689 0.160532 0.995944 -0.000742 0.089977 0.995943 -0.000742 0.089979 0.995942 -0.000739 0.090001 0.987033 -0.000688 0.160517 0.987031 -0.000688 0.160529 0.973419 -0.000634 0.229032 0.973421 -0.000632 0.229021 0.954697 -0.000572 0.297580 0.954679 -0.000574 0.297638 0.832152 -0.000313 0.554548 0.869465 -0.000369 0.493994 0.869467 -0.000377 0.493990 0.901821 -0.000443 0.432109 0.901819 -0.000442 0.432113 0.930277 -0.000508 0.366858 0.930271 -0.000509 0.366873 0.930255 -0.000508 0.366914 0.901833 -0.000438 0.432085 0.901822 -0.000445 0.432109 0.869468 -0.000378 0.493990 0.869469 -0.000377 0.493988 0.832124 -0.000308 0.554590 0.832147 -0.000305 0.554555 0.642192 0.000001 0.766544 0.695072 -0.000065 0.718941 0.695037 -0.000079 0.718974 0.743571 -0.000152 0.668657 0.743500 -0.000158 0.668736 0.789263 -0.000233 0.614056 0.789236 -0.000233 0.614090 0.789295 -0.000241 0.614015 0.743548 -0.000175 0.668682 0.743560 -0.000172 0.668670 0.695101 -0.000102 0.718912 0.695123 -0.000099 0.718890 0.642191 -0.000025 0.766545 0.642294 -0.000017 0.766458 0.400228 0.000277 0.916416 0.464431 0.000212 0.885610 0.464359 0.000198 0.885647 0.525061 0.000129 0.851065 0.525077 0.000128 0.851055 0.584168 0.000056 0.811633 0.584182 0.000057 0.811623 0.584115 0.000065 0.811671 0.525128 0.000138 0.851023 0.525062 0.000134 0.851064 0.464359 0.000203 0.885647 0.464353 0.000203 0.885651 0.400232 0.000274 0.916414 0.400275 0.000277 0.916395 0.125880 0.000528 0.992045 0.196116 0.000480 0.980581 0.196120 0.000477 0.980580 0.263996 0.000415 0.964524 0.263997 0.000414 0.964523 0.331876 0.000345 0.943323 0.331933 0.000346 0.943303 0.331966 0.000347 0.943291 0.263981 0.000415 0.964528 0.263996 0.000413 0.964524 0.196114 0.000480 0.980581 0.196117 0.000479 0.980580 0.125792 0.000541 0.992057 0.125855 0.000546 0.992048 -0.158647 0.000773 0.987335 -0.088179 0.000720 0.996104 -0.088174 0.000718 0.996105 -0.018431 0.000665 0.999830 -0.018431 0.000661 0.999830 0.052646 0.000609 0.998613 0.052712 0.000610 0.998610 0.052735 0.000604 0.998608 -0.018520 0.000665 0.999828 -0.018476 0.000676 0.999829 -0.088085 0.000729 0.996113 -0.088176 0.000714 0.996105 -0.158654 0.000771 0.987334 -0.158655 0.000768 0.987334 -0.430372 0.000929 0.902651 -0.365272 0.000895 0.930901 -0.365271 0.000897 0.930901 -0.299349 0.000858 0.954143 -0.299341 0.000859 0.954146 -0.230804 0.000818 0.973000 -0.230808 0.000815 0.972999 -0.230805 0.000824 0.973000 -0.299427 0.000868 0.954119 -0.299382 0.000867 0.954133 -0.365209 0.000905 0.930925 -0.365279 0.000897 0.930898 -0.430355 0.000933 0.902659 -0.430379 0.000930 0.902648 -0.667234 0.001007 0.744848 -0.612714 0.000988 0.790304 -0.612620 0.001009 0.790377 -0.556088 0.000988 0.831123 -0.556071 0.000989 0.831134 -0.495570 0.000964 0.868567 -0.495643 0.000961 0.868526 -0.495633 0.000959 0.868532 -0.556027 0.000979 0.831164 -0.556041 0.000982 0.831154 -0.612711 0.001002 0.790307 -0.612634 0.001007 0.790366 -0.667280 0.001026 0.744807 -0.667325 0.001020 0.744766 -0.850144 0.001036 0.526549 -0.810585 0.001043 0.585620 -0.810593 0.001038 0.585608 -0.767649 0.001043 0.640870 -0.767674 0.001035 0.640840 -0.720167 0.001035 0.693800 -0.720201 0.001029 0.693765 -0.720125 0.001015 0.693843 -0.767683 0.001015 0.640829 -0.767639 0.001027 0.640882 -0.810578 0.001025 0.585630 -0.810557 0.001026 0.585659 -0.850126 0.001020 0.526578 -0.850103 0.001025 0.526615 -0.964039 0.000956 0.265759 -0.942699 0.000983 0.333643 -0.942718 0.000974 0.333589 -0.917137 0.000997 0.398571 -0.917120 0.000998 0.398611 -0.886445 0.001016 0.462832 -0.886489 0.001011 0.462748 -0.886481 0.001010 0.462764 -0.917122 0.000992 0.398605 -0.917113 0.000995 0.398627 -0.942700 0.000974 0.333640 -0.942711 0.000972 0.333608 -0.964049 0.000943 0.265724 -0.964027 0.000948 0.265802 -0.999863 0.000790 -0.016556 -0.998514 0.000834 0.054500 -0.998513 0.000835 0.054503 -0.992274 0.000876 0.124065 -0.992274 0.000876 0.124063 -0.980961 0.000912 0.194204 -0.980948 0.000916 0.194269 -0.980953 0.000918 0.194244 -0.992273 0.000882 0.124072 -0.992276 0.000878 0.124049 -0.998514 0.000838 0.054489 -0.998514 0.000838 0.054488 -0.999863 0.000792 -0.016550 -0.999862 0.000792 -0.016581 -0.954687 0.000573 -0.297613 -0.973425 0.000632 -0.229004 -0.973425 0.000630 -0.229004 -0.987031 0.000687 -0.160528 -0.987034 0.000689 -0.160509 -0.995944 0.000741 -0.089970 -0.995943 0.000741 -0.089986 -0.995944 0.000740 -0.089973 -0.987031 0.000688 -0.160526 -0.987034 0.000689 -0.160511 -0.973430 0.000635 -0.228985 -0.973425 0.000632 -0.229005 -0.954689 0.000572 -0.297605 -0.954689 0.000572 -0.297606 -0.832182 0.000310 -0.554503 -0.869495 0.000378 -0.493942 -0.869497 0.000376 -0.493939 -0.901814 0.000441 -0.432123 -0.901814 0.000442 -0.432123 -0.930255 0.000507 -0.366913 -0.930256 0.000508 -0.366911 -0.930242 0.000517 -0.366948 -0.901851 0.000448 -0.432048 -0.901823 0.000439 -0.432106 -0.869455 0.000369 -0.494013 -0.869491 0.000379 -0.493948 -0.832207 0.000311 -0.554465 -0.832182 0.000305 -0.554502 -0.642193 0.000025 -0.766543 -0.695034 0.000102 -0.718976 -0.695009 0.000097 -0.719001 -0.743614 0.000166 -0.668609 -0.743597 0.000168 -0.668628 -0.789229 0.000239 -0.614099 -0.789154 0.000233 -0.614196 -0.789231 0.000215 -0.614096 -0.743579 0.000148 -0.668648 -0.743641 0.000156 -0.668579 -0.695105 0.000088 -0.718909 -0.695076 0.000082 -0.718937 -0.642139 0.000006 -0.766588 -0.642266 0.000019 -0.766482 -0.400182 -0.000275 -0.916435 -0.464446 -0.000212 -0.885602 -0.464413 -0.000205 -0.885619 -0.525092 -0.000143 -0.851046 -0.525098 -0.000134 -0.851042 -0.584098 -0.000062 -0.811684 -0.584177 -0.000059 -0.811626 -0.584159 -0.000055 -0.811640 -0.525054 -0.000129 -0.851069 -0.525053 -0.000129 -0.851069 -0.464468 -0.000198 -0.885590 -0.464395 -0.000205 -0.885628 -0.400194 -0.000280 -0.916431 -0.400203 -0.000276 -0.916427 -0.125887 -0.000552 -0.992044 -0.196023 -0.000462 -0.980599 -0.196028 -0.000481 -0.980598 -0.264077 -0.000415 -0.964502 -0.264034 -0.000416 -0.964513 -0.331895 -0.000348 -0.943316 -0.331917 -0.000349 -0.943309 -0.331867 -0.000343 -0.943326 -0.264007 -0.000406 -0.964521 -0.263996 -0.000418 -0.964524 -0.196108 -0.000480 -0.980582 -0.196046 -0.000483 -0.980595 -0.125886 -0.000547 -0.992045 -0.125901 -0.000544 -0.992043 0.158661 -0.000786 -0.987333 0.088170 -0.000738 -0.996105 0.088125 -0.000720 -0.996109 0.018432 -0.000665 -0.999830 0.018344 -0.000664 -0.999832 -0.052644 -0.000609 -0.998613 -0.052576 -0.000608 -0.998617 -0.052555 -0.000605 -0.998618 0.018343 -0.000665 -0.999832 0.018344 -0.000663 -0.999832 0.088262 -0.000720 -0.996097 0.088199 -0.000715 -0.996103 0.158648 -0.000765 -0.987335 0.158744 -0.000769 -0.987320 0.430386 -0.000951 -0.902644 0.365335 -0.000923 -0.930875 0.365193 -0.000904 -0.930931 0.299363 -0.000859 -0.954139 0.299347 -0.000860 -0.954144 0.230719 -0.000814 -0.973020 0.230714 -0.000817 -0.973021 0.230646 -0.000828 -0.973038 0.299439 -0.000868 -0.954115 0.299367 -0.000856 -0.954138 0.365252 -0.000886 -0.930909 0.365236 -0.000891 -0.930915 0.430459 -0.000926 -0.902610 0.430524 -0.000933 -0.902578 0.667280 -0.001027 -0.744806 0.612711 -0.001015 -0.790306 0.612718 -0.001007 -0.790301 0.556071 -0.000992 -0.831134 0.556011 -0.000987 -0.831175 0.495560 -0.000961 -0.868573 0.495543 -0.000960 -0.868583 0.495487 -0.000967 -0.868615 0.556072 -0.000988 -0.831133 0.556019 -0.000984 -0.831169 0.612774 -0.001001 -0.790257 0.612757 -0.001004 -0.790271 0.667222 -0.001020 -0.744858 0.667285 -0.001021 -0.744802 0.850137 -0.001021 -0.526561 0.810534 -0.001034 -0.585691 0.810538 -0.001027 -0.585685 0.767702 -0.001025 -0.640806 0.767692 -0.001030 -0.640818 0.720118 -0.001023 -0.693851 0.720213 -0.001031 -0.693752 0.720118 -0.001045 -0.693851 0.767689 -0.001052 -0.640822 0.767639 -0.001040 -0.640881 0.810535 -0.001038 -0.585689 0.810521 -0.001036 -0.585708 0.850140 -0.001026 -0.526556 0.850114 -0.001025 -0.526598 0.964024 -0.000943 -0.265812 0.942731 -0.000974 -0.333551 0.942729 -0.000973 -0.333559 0.917095 -0.000992 -0.398667 0.917120 -0.000997 -0.398609 0.886506 -0.001013 -0.462716 0.886488 -0.001013 -0.462751 0.886494 -0.001012 -0.462739 0.917103 -0.000997 -0.398650 0.917116 -0.000997 -0.398619 0.942729 -0.000976 -0.333559 0.942722 -0.000974 -0.333579 0.964023 -0.000948 -0.265817 0.964026 -0.000947 -0.265808 0.000802 1.000000 -0.000653 0.000803 1.000000 -0.000648 0.000802 1.000000 -0.000645 0.000806 1.000000 -0.000652 0.000794 1.000000 -0.000662 0.000817 1.000000 -0.000659 0.000798 1.000000 -0.000643 0.000810 1.000000 -0.000658 0.000800 1.000000 -0.000647 0.000803 1.000000 -0.000655 0.000805 1.000000 -0.000630 0.000804 1.000000 -0.000665 0.000799 1.000000 -0.000646 0.000807 1.000000 -0.000640 0.000799 1.000000 -0.000659 0.000797 1.000000 -0.000640 0.000803 1.000000 -0.000650 0.000802 1.000000 -0.000655 0.000811 1.000000 -0.000646 0.000784 1.000000 -0.000653 0.000789 1.000000 -0.000650 0.000805 1.000000 -0.000644 0.000777 1.000000 -0.000658 0.000841 0.999999 -0.000654 0.000814 1.000000 -0.000644 0.000793 1.000000 -0.000645 0.000811 1.000000 -0.000642 0.000819 1.000000 -0.000657 0.000805 1.000000 -0.000645 0.000806 1.000000 -0.000652 0.000799 1.000000 -0.000652 0.000794 1.000000 -0.000653 0.000847 1.000000 -0.000633 0.000763 1.000000 -0.000666 0.000819 1.000000 -0.000651 0.000799 1.000000 -0.000649 0.000800 1.000000 -0.000647 0.000802 1.000000 -0.000654 0.000814 1.000000 -0.000648 0.000812 1.000000 -0.000650 0.000801 1.000000 -0.000657 0.000810 1.000000 -0.000645 0.000838 1.000000 -0.000643 0.000745 1.000000 -0.000661 0.000804 1.000000 -0.000651 0.000804 1.000000 -0.000647 0.000797 1.000000 -0.000653 0.000795 1.000000 -0.000650 0.000847 1.000000 -0.000642 0.000813 1.000000 -0.000646 0.000782 1.000000 -0.000654 0.000833 1.000000 -0.000653 0.000792 1.000000 -0.000652 0.000820 1.000000 -0.000648 0.000782 1.000000 -0.000650 0.000800 1.000000 -0.000651 0.000803 1.000000 -0.000650 0.000815 1.000000 -0.000648 0.000793 1.000000 -0.000650 0.000807 1.000000 -0.000653 0.000803 1.000000 -0.000649 0.000791 1.000000 -0.000659 0.000820 1.000000 -0.000645 0.000793 1.000000 -0.000653 0.000805 1.000000 -0.000650 0.000799 1.000000 -0.000651 0.000796 1.000000 -0.000647 0.000821 1.000000 -0.000649 0.000792 1.000000 -0.000651 0.000803 1.000000 -0.000654 0.000803 1.000000 -0.000650 0.000807 1.000000 -0.000646 0.000793 1.000000 -0.000653 0.000805 1.000000 -0.000647 0.000802 1.000000 -0.000655 0.000798 1.000000 -0.000645 0.000814 1.000000 -0.000651 0.000807 1.000000 -0.000649 0.000792 1.000000 -0.000651 0.000813 1.000000 -0.000647 0.000792 1.000000 -0.000653 0.000811 1.000000 -0.000649 0.000799 1.000000 -0.000650 0.000813 1.000000 -0.000651 0.000806 1.000000 -0.000651 0.000782 1.000000 -0.000650 0.000804 1.000000 -0.000651 0.000816 1.000000 -0.000650 0.000778 1.000000 -0.000649 0.000810 1.000000 -0.000647 0.000817 1.000000 -0.000651 0.000791 1.000000 -0.000651 0.000799 1.000000 -0.000648 0.000786 1.000000 -0.000650 0.000818 1.000000 -0.000648 0.000789 1.000000 -0.000654 0.000820 1.000000 -0.000649 0.000815 1.000000 -0.000650 0.000796 1.000000 -0.000650 0.000798 1.000000 -0.000652 0.000812 1.000000 -0.000649 0.000800 1.000000 -0.000650 0.000798 1.000000 -0.000650 0.000804 1.000000 -0.000651 0.000808 1.000000 -0.000650 0.000826 1.000000 -0.000650 0.000800 1.000000 -0.000650 0.000787 1.000000 -0.000651 0.000803 1.000000 -0.000650 0.000790 1.000000 -0.000651 0.000818 1.000000 -0.000650 0.000794 1.000000 -0.000650 0.000812 1.000000 -0.000650 0.000786 1.000000 -0.000650 0.000807 1.000000 -0.000650 0.000820 1.000000 -0.000650 0.000790 1.000000 -0.000649 0.000807 1.000000 -0.000650 0.000810 1.000000 -0.000651 0.000796 1.000000 -0.000649 0.000808 1.000000 -0.000650 0.000792 1.000000 -0.000650 0.000807 1.000000 -0.000650 0.000787 1.000000 -0.000650 0.000814 1.000000 -0.000651 0.000773 1.000000 -0.000650 0.000803 1.000000 -0.000650 0.000827 1.000000 -0.000651 0.000793 1.000000 -0.000651 0.000824 1.000000 -0.000651 0.000794 1.000000 -0.000650 0.000808 1.000000 -0.000649 0.000798 1.000000 -0.000651 0.000805 1.000000 -0.000650 0.000785 1.000000 -0.000649 0.000816 1.000000 -0.000652 0.000808 1.000000 -0.000649 0.000816 1.000000 -0.000653 0.000799 1.000000 -0.000645 0.000795 1.000000 -0.000651 0.000802 1.000000 -0.000653 0.000798 1.000000 -0.000649 0.000808 1.000000 -0.000653 0.000797 1.000000 -0.000650 0.000801 1.000000 -0.000648 0.000803 1.000000 -0.000654 0.000780 1.000000 -0.000648 0.000819 1.000000 -0.000650 0.000805 1.000000 -0.000649 0.000812 1.000000 -0.000653 0.000789 1.000000 -0.000647 0.000824 1.000000 -0.000653 0.000800 1.000000 -0.000649 0.000799 1.000000 -0.000652 0.000805 1.000000 -0.000646 0.000797 1.000000 -0.000650 0.000797 1.000000 -0.000652 0.000788 1.000000 -0.000650 0.000822 1.000000 -0.000645 0.000797 1.000000 -0.000653 0.000808 1.000000 -0.000646 0.000797 1.000000 -0.000652 0.000818 1.000000 -0.000647 0.000798 1.000000 -0.000654 0.000797 1.000000 -0.000646 0.000802 1.000000 -0.000650 0.000835 1.000000 -0.000651 0.000804 1.000000 -0.000648 0.000798 1.000000 -0.000652 0.000811 1.000000 -0.000649 0.000834 1.000000 -0.000649 0.000803 1.000000 -0.000652 0.000759 1.000000 -0.000650 0.000811 1.000000 -0.000651 0.000791 1.000000 -0.000649 0.000801 1.000000 -0.000651 0.000797 1.000000 -0.000651 0.000811 1.000000 -0.000649 0.000767 1.000000 -0.000647 0.000821 1.000000 -0.000653 0.000755 1.000000 -0.000645 0.000844 1.000000 -0.000652 0.000820 1.000000 -0.000649 0.000790 1.000000 -0.000650 0.000806 1.000000 -0.000651 0.000807 1.000000 -0.000649 0.000829 1.000000 -0.000656 0.000738 1.000000 -0.000642 0.000810 1.000000 -0.000647 0.000837 1.000000 -0.000661 0.000816 1.000000 -0.000652 0.000788 1.000000 -0.000649 0.000804 1.000000 -0.000647 0.000806 1.000000 -0.000653 0.000806 1.000000 -0.000664 0.000812 1.000000 -0.000646 0.000806 1.000000 -0.000655 0.000787 1.000000 -0.000641 0.000817 1.000000 -0.000652 0.000791 1.000000 -0.000650 0.000795 1.000000 -0.000650 0.000807 1.000000 -0.000651 0.000801 1.000000 -0.000651 0.000823 1.000000 -0.000649 0.000779 1.000000 -0.000640 0.000818 1.000000 -0.000647 0.000800 1.000000 -0.000652 0.000798 1.000000 -0.000644 0.000810 1.000000 -0.000654 0.000804 1.000000 -0.000650 0.000802 1.000000 -0.000646 0.000801 1.000000 -0.000647 0.000805 1.000000 -0.000665 0.000806 1.000000 -0.000648 0.000802 1.000000 -0.000647 0.000784 1.000000 -0.000655 0.000817 1.000000 -0.000653 0.000798 1.000000 -0.000641 0.000804 1.000000 -0.000645 0.000800 1.000000 -0.000656 0.000803 1.000000 -0.000644 0.000804 1.000000 -0.000657 0.000803 1.000000 -0.000638 0.000810 1.000000 -0.000658 0.000800 1.000000 -0.000643 0.000797 1.000000 -0.000658 0.000791 1.000000 -0.000646 0.000807 1.000000 -0.000664 0.000808 1.000000 -0.000637 0.000800 1.000000 -0.000663 0.000807 1.000000 -0.000646 0.000801 1.000000 -0.000651 0.000807 1.000000 -0.000649 0.000803 1.000000 -0.000648 0.000804 1.000000 -0.000649 0.000796 1.000000 -0.000665 0.000804 1.000000 -0.000638 0.000799 1.000000 -0.000654 0.000799 1.000000 -0.000654 0.000797 1.000000 -0.000653 0.000812 1.000000 -0.000645 0.000795 1.000000 -0.000652 0.000813 1.000000 -0.000645 0.000772 1.000000 -0.000646 0.000824 1.000000 -0.000661 0.000815 1.000000 -0.000639 0.000801 1.000000 -0.000653 0.000806 1.000000 -0.000646 0.000802 1.000000 -0.000653 0.000807 1.000000 -0.000648 0.000796 1.000000 -0.000653 0.000838 1.000000 -0.000647 0.000794 1.000000 -0.000650 0.000793 1.000000 -0.000648 0.000808 1.000000 -0.000655 0.000801 1.000000 -0.000650 0.000800 1.000000 -0.000651 0.000793 1.000000 -0.000647 0.000838 1.000000 -0.000655 0.000803 1.000000 -0.000646 0.000749 1.000000 -0.000656 0.000841 1.000000 -0.000648 0.000799 1.000000 -0.000648 0.000794 1.000000 -0.000650 0.000800 1.000000 -0.000651 0.000804 1.000000 -0.000652 0.000867 0.999999 -0.000644 0.000821 1.000000 -0.000658 0.000744 1.000000 -0.000643 0.000851 1.000000 -0.000652 0.000781 1.000000 -0.000650 0.000799 1.000000 -0.000648 0.000804 1.000000 -0.000652 0.000829 1.000000 -0.000650 0.000802 1.000000 -0.000650 0.000798 1.000000 -0.000646 0.000811 1.000000 -0.000655 0.000807 1.000000 -0.000651 0.000799 1.000000 -0.000647 0.000825 1.000000 -0.000648 0.000785 1.000000 -0.000645 0.000819 1.000000 -0.000653 0.000786 1.000000 -0.000650 0.000800 1.000000 -0.000650 0.000798 1.000000 -0.000652 0.000805 1.000000 -0.000648 0.000808 1.000000 -0.000650 0.000792 1.000000 -0.000652 0.000809 1.000000 -0.000648 0.000800 1.000000 -0.000654 0.000817 1.000000 -0.000646 0.000817 1.000000 -0.000655 0.000789 1.000000 -0.000647 0.000779 1.000000 -0.000653 0.000813 1.000000 -0.000651 0.000797 1.000000 -0.000652 0.000806 1.000000 -0.000648 0.000793 1.000000 -0.000654 0.000808 1.000000 -0.000650 0.000798 1.000000 -0.000649 0.000797 1.000000 -0.000650 0.000800 1.000000 -0.000650 0.000812 1.000000 -0.000649 0.000816 1.000000 -0.000646 0.000800 1.000000 -0.000651 0.000792 1.000000 -0.000651 0.000814 1.000000 -0.000651 0.000795 1.000000 -0.000648 0.000805 1.000000 -0.000651 0.000805 1.000000 -0.000650 0.000805 1.000000 -0.000650 0.000806 1.000000 -0.000650 0.000782 1.000000 -0.000652 0.000788 1.000000 -0.000649 0.000824 1.000000 -0.000649 0.000812 1.000000 -0.000649 0.000790 1.000000 -0.000651 0.000808 1.000000 -0.000650 0.000798 1.000000 -0.000650 0.000821 1.000000 -0.000650 0.000793 1.000000 -0.000649 0.000819 1.000000 -0.000651 0.000801 1.000000 -0.000649 0.000797 1.000000 -0.000651 0.000796 1.000000 -0.000650 0.000804 1.000000 -0.000649 0.000813 1.000000 -0.000651 0.000788 1.000000 -0.000650 0.000813 1.000000 -0.000650 0.000783 1.000000 -0.000650 0.000815 1.000000 -0.000650 0.000789 1.000000 -0.000650 0.000807 1.000000 -0.000650 0.000803 1.000000 -0.000650 0.000817 1.000000 -0.000650 0.000802 1.000000 -0.000650 0.000815 1.000000 -0.000650 0.000779 1.000000 -0.000650 0.000809 1.000000 -0.000650 0.000815 1.000000 -0.000651 0.000799 1.000000 -0.000650 0.000795 1.000000 -0.000649 0.000815 1.000000 -0.000650 0.000793 1.000000 -0.000649 0.000796 1.000000 -0.000649 0.000824 1.000000 -0.000651 0.000794 1.000000 -0.000651 0.000801 1.000000 -0.000649 0.000798 1.000000 -0.000650 0.000823 1.000000 -0.000652 0.000792 1.000000 -0.000649 0.000816 1.000000 -0.000648 0.000819 1.000000 -0.000651 0.000793 1.000000 -0.000650 0.000794 1.000000 -0.000652 0.000804 1.000000 -0.000649 0.000784 1.000000 -0.000651 0.000816 1.000000 -0.000649 0.000799 1.000000 -0.000650 0.000800 1.000000 -0.000651 0.000811 1.000000 -0.000651 0.000796 1.000000 -0.000649 0.000803 1.000000 -0.000652 0.000793 1.000000 -0.000648 0.000816 1.000000 -0.000654 0.000816 1.000000 -0.000650 0.000796 1.000000 -0.000649 0.000805 1.000000 -0.000650 0.000794 1.000000 -0.000648 0.000795 1.000000 -0.000651 0.000818 1.000000 -0.000651 0.000802 1.000000 -0.000651 0.000803 1.000000 -0.000650 0.000793 1.000000 -0.000645 0.000820 1.000000 -0.000654 0.000798 1.000000 -0.000651 0.000813 1.000000 -0.000654 0.000796 1.000000 -0.000653 0.000786 1.000000 -0.000645 0.000811 1.000000 -0.000650 0.000794 1.000000 -0.000651 0.000801 1.000000 -0.000648 0.000812 1.000000 -0.000652 0.000802 1.000000 -0.000650 0.000811 1.000000 -0.000650 0.000804 1.000000 -0.000649 0.000800 1.000000 -0.000651 0.000799 1.000000 -0.000648 0.000799 1.000000 -0.000648 0.000802 1.000000 -0.000652 0.000778 1.000000 -0.000650 0.000804 1.000000 -0.000652 0.000808 1.000000 -0.000652 0.000800 1.000000 -0.000648 0.000819 1.000000 -0.000653 0.000798 1.000000 -0.000646 0.000782 1.000000 -0.000658 0.000804 1.000000 -0.000642 0.000820 1.000000 -0.000658 0.000754 1.000000 -0.000654 0.000813 1.000000 -0.000652 0.000817 1.000000 -0.000649 0.000796 1.000000 -0.000652 0.000801 1.000000 -0.000650 0.000775 1.000000 -0.000643 0.000798 1.000000 -0.000655 0.000798 1.000000 -0.000645 0.000785 1.000000 -0.000646 0.000824 1.000000 -0.000654 0.000793 1.000000 -0.000645 0.000802 1.000000 -0.000650 0.000803 1.000000 -0.000651 0.000826 1.000000 -0.000649 0.000809 1.000000 -0.000666 0.000808 1.000000 -0.000634 0.000797 1.000000 -0.000663 0.000836 1.000000 -0.000651 0.000766 1.000000 -0.000649 0.000821 1.000000 -0.000643 0.000763 1.000000 -0.000648 0.000801 1.000000 -0.000651 0.000803 1.000000 -0.000650 0.000802 1.000000 -0.000651 0.000809 1.000000 -0.000653 0.000800 1.000000 -0.000646 0.000810 1.000000 -0.000647 0.000803 1.000000 -0.000662 0.000799 1.000000 -0.000648 0.000802 1.000000 -0.000648 0.000806 1.000000 -0.000649 0.000807 1.000000 -0.000652 0.000802 1.000000 -0.000649 0.000800 1.000000 -0.000645 0.000812 1.000000 -0.000661 0.000794 1.000000 -0.000646 0.000812 1.000000 -0.000639 0.000802 1.000000 -0.000679 0.000793 1.000000 -0.000644 0.000811 1.000000 -0.000640 0.000806 1.000000 -0.000660 0.000803 1.000000 -0.000643 0.000805 1.000000 -0.000648 0.000800 1.000000 -0.000660 0.000800 1.000000 -0.000645 0.000803 1.000000 -0.000650 0.000804 1.000000 -0.000642 0.000804 1.000000 -0.000662 0.000805 1.000000 -0.000630 0.000804 1.000000 -0.000657 0.000801 1.000000 -0.000641 0.000801 1.000000 -0.000658 0.000801 1.000000 -0.000652 0.000807 1.000000 -0.000672 0.000802 1.000000 -0.000639 0.000803 1.000000 -0.000660 0.000802 1.000000 -0.000639 0.000806 1.000000 -0.000653 0.000799 1.000000 -0.000646 0.000803 1.000000 -0.000656 0.000804 1.000000 -0.000643 0.000812 1.000000 -0.000661 0.000799 1.000000 -0.000636 0.000800 1.000000 -0.000665 0.000801 1.000000 -0.000636 0.000802 1.000000 -0.000647 0.000803 1.000000 -0.000655 0.000805 1.000000 -0.000653 0.000802 1.000000 -0.000640 0.000800 1.000000 -0.000644 0.000804 1.000000 -0.000659 0.000804 1.000000 -0.000651 0.000804 1.000000 -0.000646 0.000799 1.000000 -0.000669 0.000806 1.000000 -0.000647 0.000800 1.000000 -0.000640 0.000804 1.000000 -0.000649 0.000803 1.000000 -0.000637 0.000804 1.000000 -0.000650 0.000803 1.000000 -0.000651 0.000801 1.000000 -0.000655 0.000801 1.000000 -0.000651 0.000800 1.000000 -0.000649 0.000798 1.000000 -0.000665 0.000814 1.000000 -0.000645 0.000799 1.000000 -0.000643 0.000811 1.000000 -0.000656 0.000799 1.000000 -0.000654 0.000804 1.000000 -0.000653 0.000794 1.000000 -0.000648 0.000803 1.000000 -0.000643 0.000806 1.000000 -0.000659 0.000795 1.000000 -0.000632 0.000795 1.000000 -0.000642 0.000808 1.000000 -0.000656 0.000806 1.000000 -0.000651 0.000806 1.000000 -0.000648 0.000802 1.000000 -0.000638 0.000808 1.000000 -0.000659 0.000798 1.000000 -0.000643 0.000803 1.000000 -0.000658 0.000804 1.000000 -0.000647 0.000802 1.000000 -0.000655 0.000805 1.000000 -0.000653 0.000802 1.000000 -0.000640 0.000803 1.000000 -0.000658 0.000803 1.000000 -0.000645 0.000804 1.000000 -0.000651 0.000804 1.000000 -0.000646 0.000803 1.000000 -0.000646 0.000801 1.000000 -0.000648 0.000802 1.000000 -0.000665 0.000802 1.000000 -0.000649 0.000813 1.000000 -0.000652 0.000799 1.000000 -0.000650 0.000804 1.000000 -0.000651 0.000802 1.000000 -0.000641 0.000796 1.000000 -0.000651 0.000804 1.000000 -0.000649 0.000798 1.000000 -0.000638 0.000809 1.000000 -0.000676 0.000803 1.000000 -0.000661 0.000800 1.000000 -0.000640 0.000805 1.000000 -0.000654 0.000804 1.000000 -0.000653 0.000807 1.000000 -0.000648 0.000797 1.000000 -0.000643 0.000807 1.000000 -0.000659 0.000796 1.000000 -0.000632 0.000823 1.000000 -0.000664 0.000794 1.000000 -0.000636 0.000807 1.000000 -0.000651 0.000802 1.000000 -0.000648 0.000806 1.000000 -0.000645 0.000807 1.000000 -0.000661 0.000797 1.000000 -0.000646 0.000799 1.000000 -0.000661 0.000799 1.000000 -0.000641 0.000801 1.000000 -0.000643 0.000802 1.000000 -0.000670 0.000806 1.000000 -0.000631 0.000803 1.000000 -0.000644 0.000799 1.000000 -0.000664 0.000807 1.000000 -0.000644 0.000800 1.000000 -0.000646 0.000800 1.000000 -0.000679 0.000806 1.000000 -0.000642 0.000805 1.000000 -0.000636 0.000804 1.000000 -0.000655 0.000802 1.000000 -0.000657 0.000804 1.000000 -0.000655 0.000803 1.000000 -0.000643 0.000801 1.000000 -0.000652 0.000801 1.000000 -0.000646 0.000804 1.000000 -0.000663 0.000802 1.000000 -0.000636 0.000803 1.000000 -0.000662 0.000804 1.000000 -0.000653 0.000799 1.000000 -0.000646 0.000803 1.000000 -0.000656 0.000802 1.000000 -0.000643 0.999803 -0.000788 0.019811 0.998965 -0.000830 -0.045468 0.998967 -0.000833 -0.045444 0.993990 -0.000870 -0.109471 0.993988 -0.000869 -0.109488 0.984755 -0.000904 -0.173947 0.984752 -0.000903 -0.173964 0.984755 -0.000901 -0.173947 0.993985 -0.000867 -0.109518 0.993987 -0.000870 -0.109494 0.998970 -0.000833 -0.045371 0.998968 -0.000830 -0.045422 0.999804 -0.000788 0.019763 0.999804 -0.000790 0.019800 0.960605 -0.000598 0.277918 0.976682 -0.000650 0.214689 0.976690 -0.000646 0.214653 0.988449 -0.000697 0.151553 0.988456 -0.000692 0.151508 0.996230 -0.000742 0.086745 0.996227 -0.000743 0.086782 0.996230 -0.000748 0.086745 0.988449 -0.000700 0.151551 0.988456 -0.000694 0.151506 0.976683 -0.000644 0.214688 0.976685 -0.000642 0.214676 0.960606 -0.000586 0.277915 0.960593 -0.000590 0.277959 0.855921 -0.000349 0.517106 0.887830 -0.000408 0.460172 0.887810 -0.000417 0.460209 0.915561 -0.000474 0.402179 0.915570 -0.000475 0.402158 0.939813 -0.000534 0.341688 0.939831 -0.000532 0.341640 0.906163 -0.001007 -0.422927 0.931784 -0.000988 -0.363013 0.931768 -0.000986 -0.363053 0.953182 -0.000963 -0.302395 0.953183 -0.000963 -0.302394 0.970855 -0.000935 -0.239664 0.970844 -0.000935 -0.239709 0.970849 -0.000934 -0.239688 0.953174 -0.000963 -0.302421 0.953174 -0.000958 -0.302420 0.931769 -0.000982 -0.363050 0.931767 -0.000981 -0.363054 0.906145 -0.001000 -0.422967 0.906162 -0.001001 -0.422929 0.765749 -0.001016 -0.643138 0.806012 -0.001018 -0.591898 0.806098 -0.001028 -0.591781 0.842391 -0.001023 -0.538865 0.842446 -0.001023 -0.538780 0.875776 -0.001016 -0.482717 0.875770 -0.001017 -0.482727 0.875771 -0.001013 -0.482727 0.842403 -0.001028 -0.538848 0.842496 -0.001035 -0.538702 0.806116 -0.001043 -0.591756 0.806042 -0.001033 -0.591858 0.765845 -0.001037 -0.643025 0.765752 -0.001030 -0.643135 0.573229 -0.000996 -0.819394 0.625417 -0.000998 -0.780290 0.625520 -0.001014 -0.780207 0.674295 -0.001028 -0.738462 0.674280 -0.001025 -0.738476 0.721002 -0.001033 -0.692932 0.720898 -0.001028 -0.693041 0.720897 -0.001015 -0.693041 0.674177 -0.001008 -0.738569 0.674333 -0.001017 -0.738427 0.625424 -0.001008 -0.780284 0.625485 -0.001010 -0.780235 0.573271 -0.000993 -0.819365 0.573206 -0.000991 -0.819411 0.341641 -0.000889 -0.939830 0.402193 -0.000917 -0.915554 0.402193 -0.000917 -0.915555 0.460190 -0.000947 -0.887820 0.460226 -0.000950 -0.887801 0.517093 -0.000972 -0.855929 0.516990 -0.000970 -0.855991 0.517061 -0.000971 -0.855948 0.460170 -0.000937 -0.887830 0.460226 -0.000952 -0.887802 0.402208 -0.000922 -0.915548 0.402193 -0.000919 -0.915554 0.341654 -0.000884 -0.939825 0.341571 -0.000886 -0.939856 0.084317 -0.000710 -0.996439 0.151504 -0.000766 -0.988456 0.151606 -0.000770 -0.988441 0.214726 -0.000811 -0.976674 0.214676 -0.000809 -0.976685 0.277936 -0.000847 -0.960599 0.277825 -0.000847 -0.960631 0.277812 -0.000837 -0.960635 0.214584 -0.000796 -0.976705 0.214769 -0.000807 -0.976665 0.151504 -0.000756 -0.988456 0.151504 -0.000763 -0.988456 0.084317 -0.000712 -0.996439 0.084321 -0.000717 -0.996439 -0.173903 -0.000520 -0.984763 -0.109312 -0.000564 -0.994008 -0.109519 -0.000560 -0.993985 -0.045473 -0.000605 -0.998965 -0.045474 -0.000609 -0.998965 0.022251 -0.000664 -0.999752 0.022250 -0.000665 -0.999752 0.022251 -0.000674 -0.999752 -0.045471 -0.000605 -0.998966 -0.045472 -0.000612 -0.998965 -0.109412 -0.000554 -0.993996 -0.109423 -0.000557 -0.993995 -0.174012 -0.000502 -0.984743 -0.173997 -0.000497 -0.984746 -0.422850 -0.000251 -0.906200 -0.363070 -0.000302 -0.931762 -0.363069 -0.000318 -0.931762 -0.302511 -0.000378 -0.953146 -0.302451 -0.000377 -0.953165 -0.239538 -0.000440 -0.970887 -0.239642 -0.000438 -0.970861 -0.239562 -0.000442 -0.970881 -0.302511 -0.000373 -0.953146 -0.302525 -0.000376 -0.953141 -0.363078 -0.000312 -0.931759 -0.362985 -0.000315 -0.931795 -0.422828 -0.000251 -0.906210 -0.422849 -0.000252 -0.906200 -0.642979 0.000003 -0.765884 -0.591686 -0.000060 -0.806169 -0.591860 -0.000047 -0.806041 -0.538883 -0.000116 -0.842381 -0.538884 -0.000114 -0.842380 -0.482819 -0.000183 -0.875720 -0.482766 -0.000183 -0.875750 -0.482840 -0.000172 -0.875709 -0.538907 -0.000111 -0.842365 -0.538861 -0.000115 -0.842395 -0.591771 -0.000045 -0.806106 -0.591821 -0.000048 -0.806070 -0.643074 0.000020 -0.765804 -0.643035 0.000019 -0.765837 -0.819389 0.000282 -0.573238 -0.780302 0.000222 -0.625403 -0.780278 0.000224 -0.625432 -0.738463 0.000161 -0.674294 -0.738473 0.000158 -0.674283 -0.692983 0.000091 -0.720954 -0.692940 0.000088 -0.720995 -0.692888 0.000074 -0.721046 -0.738383 0.000141 -0.674381 -0.738473 0.000148 -0.674284 -0.780260 0.000217 -0.625456 -0.780317 0.000218 -0.625385 -0.819365 0.000285 -0.573272 -0.819354 0.000284 -0.573288 -0.939803 0.000534 -0.341718 -0.915533 0.000474 -0.402243 -0.915538 0.000472 -0.402231 -0.887869 0.000411 -0.460097 -0.887892 0.000415 -0.460052 -0.855977 0.000349 -0.517014 -0.855944 0.000352 -0.517069 -0.855991 0.000356 -0.516991 -0.887892 0.000418 -0.460052 -0.887851 0.000412 -0.460131 -0.915534 0.000471 -0.402239 -0.915536 0.000474 -0.402235 -0.939805 0.000532 -0.341712 -0.939814 0.000533 -0.341685 -0.996225 0.000748 -0.086801 -0.988466 0.000700 -0.151442 -0.988457 0.000692 -0.151499 -0.976683 0.000641 -0.214685 -0.976687 0.000643 -0.214666 -0.960605 0.000588 -0.277918 -0.960615 0.000592 -0.277882 -0.960618 0.000589 -0.277872 -0.976687 0.000642 -0.214669 -0.976687 0.000644 -0.214667 -0.988456 0.000693 -0.151506 -0.988457 0.000694 -0.151503 -0.996225 0.000742 -0.086800 -0.996229 0.000743 -0.086765 -0.984740 0.000905 0.174028 -0.993985 0.000869 0.109516 -0.993985 0.000868 0.109511 -0.998967 0.000830 0.045426 -0.998966 0.000832 0.045452 -0.999803 0.000790 -0.019860 -0.999802 0.000790 -0.019871 -0.999803 0.000788 -0.019859 -0.998968 0.000830 0.045421 -0.998966 0.000833 0.045446 -0.993979 0.000870 0.109566 -0.993985 0.000867 0.109518 -0.984749 0.000902 0.173977 -0.984740 0.000904 0.174029 -0.906144 0.000999 0.422969 -0.931804 0.000983 0.362960 -0.931804 0.000983 0.362961 -0.953178 0.000960 0.302408 -0.953170 0.000961 0.302435 -0.970865 0.000934 0.239625 -0.970855 0.000936 0.239664 -0.970867 0.000933 0.239617 -0.953177 0.000962 0.302413 -0.953168 0.000962 0.302439 -0.931799 0.000985 0.362974 -0.931788 0.000985 0.363003 -0.906132 0.001005 0.422995 -0.906144 0.001003 0.422968 -0.765727 0.001057 0.643165 -0.805998 0.001048 0.591917 -0.806076 0.001037 0.591811 -0.842395 0.001033 0.538859 -0.842453 0.001027 0.538770 -0.875778 0.001018 0.482713 -0.875792 0.001018 0.482687 -0.875792 0.001014 0.482687 -0.842429 0.001028 0.538807 -0.842451 0.001022 0.538771 -0.806089 0.001028 0.591793 -0.806111 0.001026 0.591763 -0.765837 0.001023 0.643034 -0.765727 0.001032 0.643165 -0.573255 0.000994 0.819377 -0.625459 0.001008 0.780256 -0.625461 0.001004 0.780255 -0.674307 0.001023 0.738451 -0.674308 0.001017 0.738450 -0.720948 0.001027 0.692988 -0.720922 0.001028 0.693015 -0.720922 0.001031 0.693016 -0.674284 0.001028 0.738471 -0.674231 0.001027 0.738520 -0.625408 0.001013 0.780297 -0.625483 0.001014 0.780237 -0.573223 0.000996 0.819399 -0.573229 0.000993 0.819395 -0.341641 0.000886 0.939830 -0.402203 0.000927 0.915550 -0.402112 0.000929 0.915590 -0.460073 0.000957 0.887880 -0.460283 0.000947 0.887772 -0.517075 0.000969 0.855939 -0.516990 0.000974 0.855991 -0.517083 0.000972 0.855935 -0.460148 0.000937 0.887842 -0.460206 0.000939 0.887812 -0.402271 0.000912 0.915520 -0.402175 0.000916 0.915562 -0.341671 0.000881 0.939819 -0.341657 0.000884 0.939824 -0.086852 0.000722 0.996221 -0.151503 0.000766 0.988457 -0.151504 0.000761 0.988456 -0.214696 0.000806 0.976681 -0.214779 0.000803 0.976662 -0.277927 0.000844 0.960602 -0.277812 0.000846 0.960635 -0.277723 0.000868 0.960661 -0.214511 0.000827 0.976721 -0.214778 0.000813 0.976663 -0.151453 0.000771 0.988464 -0.151504 0.000765 0.988456 -0.086819 0.000718 0.996224 -0.086848 0.000718 0.996221 0.173989 0.000491 0.984747 0.109514 0.000564 0.993985 0.109423 0.000549 0.993995 0.045324 0.000605 0.998972 0.045472 0.000611 0.998965 -0.019810 0.000664 0.999804 -0.019711 0.000667 0.999806 -0.019809 0.000662 0.999804 0.045371 0.000615 0.998970 0.045472 0.000616 0.998965 0.109567 0.000564 0.993979 0.109519 0.000560 0.993985 0.174029 0.000505 0.984740 0.173895 0.000497 0.984764 0.422909 0.000238 0.906172 0.362937 0.000312 0.931814 0.363086 0.000318 0.931756 0.302393 0.000378 0.953183 0.302437 0.000385 0.953169 0.239830 0.000447 0.970815 0.239573 0.000436 0.970878 0.239572 0.000413 0.970879 0.302158 0.000353 0.953258 0.302424 0.000368 0.953173 0.362911 0.000307 0.931824 0.363203 0.000317 0.931710 0.422987 0.000258 0.906136 0.422891 0.000251 0.906181 0.643085 -0.000017 0.765795 0.591839 0.000050 0.806056 0.591796 0.000043 0.806088 0.538841 0.000111 0.842407 0.538861 0.000111 0.842395 0.482676 0.000176 0.875799 0.482786 0.000183 0.875738 0.482691 0.000184 0.875791 0.538862 0.000111 0.842394 0.538883 0.000117 0.842381 0.591853 0.000055 0.806046 0.591797 0.000047 0.806087 0.643075 -0.000020 0.765803 0.643059 -0.000020 0.765817 0.819413 -0.000281 0.573204 0.780242 -0.000212 0.625477 0.780339 -0.000209 0.625357 0.738531 -0.000141 0.674220 0.738449 -0.000151 0.674310 0.693048 -0.000081 0.720891 0.692866 -0.000089 0.721067 0.692917 -0.000106 0.721018 0.738381 -0.000171 0.674384 0.738496 -0.000164 0.674258 0.780211 -0.000222 0.625516 0.780292 -0.000221 0.625416 0.819405 -0.000285 0.573215 0.819433 -0.000284 0.573175 0.939818 -0.000532 0.341675 0.915568 -0.000469 0.402162 0.915586 -0.000472 0.402123 0.887841 -0.000411 0.460149 0.887810 -0.000412 0.460209 0.855922 -0.000349 0.517106 0.855923 -0.000350 0.517104 0.000810 1.000000 -0.000651 0.000789 1.000000 -0.000650 0.000814 1.000000 -0.000647 0.000792 1.000000 -0.000650 0.000811 1.000000 -0.000652 0.000800 1.000000 -0.000650 0.000804 1.000000 -0.000649 0.000803 1.000000 -0.000651 0.000790 1.000000 -0.000650 0.000807 1.000000 -0.000650 0.000806 1.000000 -0.000648 0.000794 1.000000 -0.000654 0.000796 1.000000 -0.000649 0.000812 1.000000 -0.000653 0.000787 1.000000 -0.000648 0.000819 1.000000 -0.000650 0.000808 1.000000 -0.000651 0.000810 1.000000 -0.000650 0.000796 1.000000 -0.000651 0.000792 1.000000 -0.000650 0.000788 1.000000 -0.000654 0.000807 1.000000 -0.000651 0.000816 1.000000 -0.000651 0.000806 1.000000 -0.000650 0.000812 1.000000 -0.000649 0.000804 1.000000 -0.000649 0.000796 1.000000 -0.000648 0.000803 1.000000 -0.000650 0.000797 1.000000 -0.000651 0.000818 1.000000 -0.000649 0.000782 1.000000 -0.000651 0.000822 1.000000 -0.000648 0.000792 1.000000 -0.000654 0.000791 1.000000 -0.000651 0.000832 1.000000 -0.000648 0.000803 1.000000 -0.000649 0.000795 1.000000 -0.000649 0.000815 1.000000 -0.000647 0.000786 1.000000 -0.000650 0.000802 1.000000 -0.000652 0.000800 1.000000 -0.000650 0.000813 1.000000 -0.000652 0.000798 1.000000 -0.000649 0.000799 1.000000 -0.000651 0.000809 1.000000 -0.000649 0.000813 1.000000 -0.000651 0.000787 1.000000 -0.000648 0.000807 1.000000 -0.000651 0.000791 1.000000 -0.000647 0.000811 1.000000 -0.000650 0.000793 1.000000 -0.000654 0.000814 1.000000 -0.000647 0.000796 1.000000 -0.000653 0.000806 1.000000 -0.000647 0.000802 1.000000 -0.000654 0.000796 1.000000 -0.000651 0.000801 1.000000 -0.000655 0.000807 1.000000 -0.000651 0.000804 1.000000 -0.000650 0.000808 1.000000 -0.000645 0.000807 1.000000 -0.000652 0.000801 1.000000 -0.000649 0.000801 1.000000 -0.000650 0.000800 1.000000 -0.000655 0.000793 1.000000 -0.000653 0.000810 1.000000 -0.000651 0.000804 1.000000 -0.000652 0.000805 1.000000 -0.000644 0.000806 1.000000 -0.000650 0.000803 1.000000 -0.000644 0.000802 1.000000 -0.000651 0.000799 1.000000 -0.000655 0.000801 1.000000 -0.000650 0.000806 1.000000 -0.000649 0.000806 1.000000 -0.000652 0.000800 1.000000 -0.000646 0.000809 1.000000 -0.000649 0.000800 1.000000 -0.000649 0.000799 1.000000 -0.000648 0.000802 1.000000 -0.000652 0.000813 1.000000 -0.000652 0.000805 1.000000 -0.000651 0.000797 1.000000 -0.000648 0.000801 1.000000 -0.000650 0.000796 1.000000 -0.000654 0.000797 1.000000 -0.000647 0.000810 1.000000 -0.000654 0.000799 1.000000 -0.000645 0.000798 1.000000 -0.000647 0.000806 1.000000 -0.000651 0.000793 1.000000 -0.000649 0.000807 1.000000 -0.000651 0.000813 1.000000 -0.000649 0.000794 1.000000 -0.000650 0.000802 1.000000 -0.000652 0.000812 1.000000 -0.000653 0.000805 1.000000 -0.000650 0.000801 1.000000 -0.000648 0.000794 1.000000 -0.000651 0.000807 1.000000 -0.000653 0.000808 1.000000 -0.000651 0.000796 1.000000 -0.000647 0.000803 1.000000 -0.000651 0.000804 1.000000 -0.000647 0.000811 1.000000 -0.000651 0.000805 1.000000 -0.000653 0.000810 1.000000 -0.000649 0.000798 1.000000 -0.000651 0.000796 1.000000 -0.000650 0.000814 1.000000 -0.000650 0.000805 1.000000 -0.000651 0.000784 1.000000 -0.000648 0.000807 1.000000 -0.000650 0.000793 1.000000 -0.000649 0.000812 1.000000 -0.000649 0.000792 1.000000 -0.000651 0.000802 1.000000 -0.000650 0.000816 1.000000 -0.000650 0.000789 1.000000 -0.000651 0.000811 1.000000 -0.000650 0.000800 1.000000 -0.000651 0.000808 1.000000 -0.000651 0.000814 1.000000 -0.000651 0.000780 1.000000 -0.000651 0.000805 1.000000 -0.000650 0.000791 1.000000 -0.000650 0.000789 1.000000 -0.000650 0.000827 1.000000 -0.000651 0.000804 1.000000 -0.000650 0.000810 1.000000 -0.000651 0.000796 1.000000 -0.000651 0.000810 1.000000 -0.000650 0.000805 1.000000 -0.000650 0.000809 1.000000 -0.000650 0.000800 1.000000 -0.000650 0.000796 1.000000 -0.000649 0.000799 1.000000 -0.000652 0.000804 1.000000 -0.000649 0.000796 1.000000 -0.000650 0.000809 1.000000 -0.000651 0.000800 1.000000 -0.000649 0.000806 1.000000 -0.000651 0.000801 1.000000 -0.000650 0.000806 1.000000 -0.000650 0.000797 1.000000 -0.000649 0.000822 1.000000 -0.000650 0.000791 1.000000 -0.000650 0.000808 1.000000 -0.000650 0.000794 1.000000 -0.000652 0.000794 1.000000 -0.000649 0.000810 1.000000 -0.000650 0.000803 1.000000 -0.000650 0.000805 1.000000 -0.000648 0.000810 1.000000 -0.000650 0.000803 1.000000 -0.000650 0.000804 1.000000 -0.000649 0.000803 1.000000 -0.000648 0.000805 1.000000 -0.000650 0.000795 1.000000 -0.000650 0.000803 1.000000 -0.000649 0.000810 1.000000 -0.000651 0.000794 1.000000 -0.000651 0.000818 1.000000 -0.000650 0.000792 1.000000 -0.000650 0.000804 1.000000 -0.000650 0.000799 1.000000 -0.000649 0.000814 1.000000 -0.000650 0.000794 1.000000 -0.000650 0.000796 1.000000 -0.000649 0.000803 1.000000 -0.000653 0.000805 1.000000 -0.000650 0.000798 1.000000 -0.000648 0.000801 1.000000 -0.000653 0.000808 1.000000 -0.000648 0.000801 1.000000 -0.000651 0.000813 1.000000 -0.000647 0.000804 1.000000 -0.000648 0.000798 1.000000 -0.000651 0.000797 1.000000 -0.000654 0.000805 1.000000 -0.000646 0.000805 1.000000 -0.000656 0.000802 1.000000 -0.000651 0.000804 1.000000 -0.000647 0.000803 1.000000 -0.000651 0.000801 1.000000 -0.000646 0.000804 1.000000 -0.000653 0.000808 1.000000 -0.000648 0.000798 1.000000 -0.000651 0.000803 1.000000 -0.000648 0.000800 1.000000 -0.000652 0.000809 1.000000 -0.000650 0.000801 1.000000 -0.000652 0.000805 1.000000 -0.000648 0.000802 1.000000 -0.000651 0.000801 1.000000 -0.000650 0.000803 1.000000 -0.000652 0.000802 1.000000 -0.000644 0.000803 1.000000 -0.000652 0.000800 1.000000 -0.000648 0.000796 1.000000 -0.000656 0.000804 1.000000 -0.000653 0.000802 1.000000 -0.000644 0.000802 1.000000 -0.000652 0.000805 1.000000 -0.000651 0.000804 1.000000 -0.000646 0.000804 1.000000 -0.000651 0.000803 1.000000 -0.000653 0.000804 1.000000 -0.000645 0.000805 1.000000 -0.000650 0.000804 1.000000 -0.000649 0.000806 1.000000 -0.000646 0.000802 1.000000 -0.000653 0.000805 1.000000 -0.000651 0.000803 1.000000 -0.000655 0.000804 1.000000 -0.000650 0.000807 1.000000 -0.000643 0.000802 1.000000 -0.000645 0.000804 1.000000 -0.000651 0.000803 1.000000 -0.000655 0.000805 1.000000 -0.000650 0.000813 1.000000 -0.000652 0.000793 1.000000 -0.000651 0.000804 1.000000 -0.000649 0.000800 1.000000 -0.000651 0.000799 1.000000 -0.000651 0.000810 1.000000 -0.000654 0.000799 1.000000 -0.000645 0.000805 1.000000 -0.000655 0.000803 1.000000 -0.000650 0.000797 1.000000 -0.000653 0.000809 1.000000 -0.000650 0.000798 1.000000 -0.000646 0.000794 1.000000 -0.000650 0.000815 1.000000 -0.000649 0.000804 1.000000 -0.000653 0.000805 1.000000 -0.000646 0.000797 1.000000 -0.000651 0.000806 1.000000 -0.000649 0.000791 1.000000 -0.000650 0.000805 1.000000 -0.000651 0.000813 1.000000 -0.000653 0.000806 1.000000 -0.000650 0.000801 1.000000 -0.000650 0.000807 1.000000 -0.000646 0.000792 1.000000 -0.000652 0.000814 1.000000 -0.000648 0.000786 1.000000 -0.000652 0.000812 1.000000 -0.000652 0.000817 1.000000 -0.000651 0.000801 1.000000 -0.000652 0.000800 1.000000 -0.000647 0.000794 1.000000 -0.000654 0.000815 1.000000 -0.000649 0.000800 1.000000 -0.000650 0.000792 1.000000 -0.000647 0.000810 1.000000 -0.000651 0.000796 1.000000 -0.000649 0.000798 1.000000 -0.000649 0.000798 1.000000 -0.000651 0.000814 1.000000 -0.000650 0.000815 1.000000 -0.000649 0.000790 1.000000 -0.000651 0.000794 1.000000 -0.000649 0.000819 1.000000 -0.000652 0.000794 1.000000 -0.000649 0.000808 1.000000 -0.000651 0.000801 1.000000 -0.000648 0.000813 1.000000 -0.000651 -0.027553 0.000660 0.999620 0.022969 0.000621 0.999736 0.022999 0.000625 0.999735 0.072968 0.000587 0.997334 0.072949 0.000582 0.997336 0.123238 0.000540 0.992377 0.123363 0.000548 0.992362 0.123295 0.000558 0.992370 0.072969 0.000610 0.997334 0.072905 0.000588 0.997339 0.022969 0.000633 0.999736 0.022968 0.000632 0.999736 -0.027615 0.000671 0.999618 -0.027615 0.000674 0.999618 -0.228173 0.000800 0.973620 -0.178797 0.000771 0.983886 -0.178764 0.000775 0.983892 -0.129293 0.000742 0.991606 -0.129272 0.000744 0.991609 -0.079014 0.000709 0.996873 -0.078949 0.000714 0.996878 -0.079015 0.000716 0.996873 -0.129293 0.000759 0.991606 -0.129326 0.000758 0.991602 -0.178741 0.000788 0.983896 -0.178800 0.000786 0.983885 -0.228225 0.000817 0.973608 -0.228239 0.000817 0.973605 -0.419548 0.000931 0.907733 -0.373169 0.000897 0.927763 -0.373163 0.000902 0.927765 -0.326300 0.000874 0.945266 -0.326304 0.000879 0.945265 -0.277984 0.000852 0.960585 -0.277992 0.000846 0.960583 -0.277984 0.000856 0.960585 -0.326246 0.000874 0.945285 -0.326268 0.000872 0.945277 -0.373235 0.000897 0.927736 -0.373163 0.000903 0.927765 -0.419548 0.000925 0.907733 -0.419551 0.000929 0.907731 -0.593716 0.001001 0.804674 -0.552284 0.000978 0.833655 -0.552285 0.000987 0.833655 -0.509859 0.000966 0.860258 -0.509857 0.000968 0.860259 -0.465699 0.000948 0.884943 -0.465690 0.000950 0.884948 -0.465685 0.000946 0.884950 -0.509858 0.000966 0.860258 -0.509860 0.000968 0.860257 -0.552300 0.000989 0.833645 -0.552291 0.000983 0.833651 -0.593716 0.001002 0.804674 -0.593718 0.001000 0.804672 -0.743574 0.001035 0.668653 -0.708796 0.001035 0.705413 -0.708803 0.001026 0.705406 -0.672589 0.001029 0.740016 -0.672581 0.001024 0.740023 -0.634268 0.001018 0.773113 -0.634293 0.001012 0.773092 -0.634252 0.000998 0.773126 -0.672570 0.001012 0.740033 -0.672553 0.001017 0.740049 -0.708825 0.001024 0.705384 -0.708794 0.001029 0.705415 -0.743558 0.001033 0.668670 -0.743559 0.001031 0.668670 -0.862930 0.001021 0.505323 -0.836276 0.001030 0.548307 -0.836286 0.001023 0.548292 -0.807771 0.001027 0.589495 -0.807750 0.001032 0.589525 -0.776940 0.001033 0.629574 -0.776940 0.001033 0.629574 -0.776955 0.001035 0.629555 -0.807750 0.001035 0.589525 -0.807757 0.001032 0.589515 -0.836294 0.001029 0.548280 -0.836301 0.001031 0.548270 -0.862915 0.001022 0.505349 -0.862931 0.001021 0.505322 -0.946988 0.000970 0.321268 -0.929553 0.000984 0.368688 -0.929549 0.000988 0.368698 -0.909873 0.001001 0.414886 -0.909886 0.000999 0.414857 -0.887775 0.001012 0.460276 -0.887777 0.001013 0.460273 -0.887777 0.001013 0.460274 -0.909874 0.001001 0.414884 -0.909880 0.000997 0.414870 -0.929544 0.000984 0.368709 -0.929539 0.000984 0.368722 -0.947002 0.000968 0.321225 -0.946990 0.000970 0.321263 -0.992278 0.000883 0.124026 -0.984727 0.000909 0.174100 -0.984733 0.000903 0.174071 -0.974780 0.000928 0.223168 -0.974780 0.000927 0.223169 -0.962253 0.000949 0.272156 -0.962247 0.000951 0.272177 -0.962253 0.000954 0.272154 -0.974779 0.000932 0.223169 -0.974783 0.000930 0.223151 -0.984727 0.000907 0.174102 -0.984733 0.000903 0.174070 -0.992278 0.000877 0.124034 -0.992275 0.000878 0.124055 -0.996935 0.000750 -0.078230 -0.999617 0.000784 -0.027661 -0.999616 0.000775 -0.027708 -0.999749 0.000808 0.022370 -0.999748 0.000815 0.022447 -0.997343 0.000846 0.072848 -0.997339 0.000849 0.072896 -0.997341 0.000853 0.072874 -0.999749 0.000822 0.022370 -0.999749 0.000825 0.022389 -0.999616 0.000793 -0.027696 -0.999614 0.000786 -0.027768 -0.996936 0.000751 -0.078223 -0.996935 0.000750 -0.078233 -0.960777 0.000594 -0.277323 -0.973577 0.000638 -0.228358 -0.973570 0.000632 -0.228388 -0.983784 0.000672 -0.179359 -0.983787 0.000675 -0.179338 -0.991603 0.000713 -0.129317 -0.991603 0.000713 -0.129320 -0.991603 0.000713 -0.129314 -0.983789 0.000673 -0.179329 -0.983789 0.000672 -0.179328 -0.973570 0.000631 -0.228389 -0.973569 0.000633 -0.228390 -0.960785 0.000590 -0.277295 -0.960785 0.000591 -0.277295 -0.885329 0.000405 -0.464964 -0.907678 0.000460 -0.419668 -0.907665 0.000449 -0.419694 -0.927543 0.000498 -0.373716 -0.927570 0.000502 -0.373650 -0.945264 0.000547 -0.326307 -0.945254 0.000545 -0.326335 -0.945247 0.000550 -0.326356 -0.927553 0.000506 -0.373692 -0.927558 0.000509 -0.373678 -0.907689 0.000463 -0.419644 -0.907655 0.000454 -0.419718 -0.885315 0.000409 -0.464992 -0.885326 0.000409 -0.464971 -0.773563 0.000213 -0.633720 -0.804588 0.000259 -0.593834 -0.804580 0.000262 -0.593845 -0.833343 0.000311 -0.552757 -0.833347 0.000313 -0.552750 -0.860225 0.000362 -0.509915 -0.860209 0.000359 -0.509942 -0.860223 0.000357 -0.509918 -0.833346 0.000299 -0.552752 -0.833358 0.000310 -0.552734 -0.804587 0.000259 -0.593835 -0.804588 0.000258 -0.593834 -0.773578 0.000208 -0.633701 -0.773576 0.000209 -0.633703 -0.630113 -0.000004 -0.776503 -0.668595 0.000046 -0.743626 -0.668651 0.000061 -0.743576 -0.705055 0.000109 -0.709153 -0.704975 0.000104 -0.709233 -0.739976 0.000158 -0.672634 -0.739976 0.000154 -0.672633 -0.739973 0.000158 -0.672637 -0.705039 0.000092 -0.709169 -0.705008 0.000098 -0.709199 -0.668609 0.000046 -0.743614 -0.668687 0.000051 -0.743544 -0.630110 0.000000 -0.776506 -0.630097 0.000001 -0.776517 -0.460938 -0.000205 -0.887433 -0.505231 -0.000150 -0.862984 -0.505254 -0.000150 -0.862971 -0.547893 -0.000104 -0.836548 -0.547813 -0.000110 -0.836601 -0.589379 -0.000058 -0.807857 -0.589435 -0.000053 -0.807816 -0.589338 -0.000024 -0.807887 -0.547893 -0.000081 -0.836549 -0.547792 -0.000103 -0.836614 -0.505276 -0.000161 -0.862958 -0.505277 -0.000156 -0.862957 -0.460938 -0.000204 -0.887432 -0.460938 -0.000209 -0.887432 -0.272835 -0.000409 -0.962061 -0.321227 -0.000368 -0.947002 -0.321227 -0.000355 -0.947002 -0.368173 -0.000311 -0.929757 -0.368173 -0.000308 -0.929757 -0.414753 -0.000262 -0.909934 -0.414754 -0.000257 -0.909934 -0.414753 -0.000269 -0.909934 -0.368159 -0.000311 -0.929763 -0.368169 -0.000308 -0.929759 -0.321237 -0.000357 -0.946999 -0.321227 -0.000360 -0.947002 -0.272835 -0.000405 -0.962061 -0.272835 -0.000408 -0.962061 -0.073604 -0.000586 -0.997287 -0.123974 -0.000541 -0.992285 -0.124004 -0.000537 -0.992282 -0.173541 -0.000495 -0.984827 -0.173481 -0.000503 -0.984837 -0.223134 -0.000455 -0.974788 -0.223134 -0.000454 -0.974788 -0.223129 -0.000459 -0.974789 -0.173542 -0.000495 -0.984827 -0.173508 -0.000506 -0.984832 -0.123978 -0.000552 -0.992285 -0.124035 -0.000548 -0.992278 -0.073541 -0.000590 -0.997292 -0.073587 -0.000588 -0.997289 0.128523 -0.000767 -0.991706 0.078411 -0.000748 -0.996921 0.078289 -0.000711 -0.996931 0.028224 -0.000673 -0.999601 0.028266 -0.000677 -0.999600 -0.022207 -0.000640 -0.999753 -0.022317 -0.000629 -0.999751 -0.022270 -0.000619 -0.999752 0.028287 -0.000667 -0.999600 0.028318 -0.000664 -0.999599 0.078349 -0.000713 -0.996926 0.078330 -0.000701 -0.996927 0.128586 -0.000740 -0.991698 0.128659 -0.000745 -0.991689 0.325620 -0.000876 -0.945500 0.277364 -0.000851 -0.960765 0.277365 -0.000848 -0.960764 0.228986 -0.000817 -0.973429 0.228942 -0.000814 -0.973440 0.179350 -0.000779 -0.983785 0.179370 -0.000781 -0.983781 0.179290 -0.000804 -0.983796 0.228979 -0.000828 -0.973431 0.228916 -0.000818 -0.973446 0.277373 -0.000851 -0.960762 0.277364 -0.000846 -0.960765 0.325620 -0.000875 -0.945500 0.325620 -0.000878 -0.945500 0.509230 -0.000969 -0.860630 0.465087 -0.000943 -0.885265 0.465073 -0.000948 -0.885272 0.420255 -0.000926 -0.907405 0.420230 -0.000925 -0.907417 0.373753 -0.000902 -0.927528 0.373797 -0.000903 -0.927510 0.373797 -0.000899 -0.927510 0.420214 -0.000920 -0.907424 0.420216 -0.000927 -0.907424 0.465072 -0.000949 -0.885273 0.465072 -0.000952 -0.885272 0.509244 -0.000968 -0.860622 0.509245 -0.000970 -0.860621 0.672054 -0.001028 -0.740502 0.633811 -0.001012 -0.773488 0.633801 -0.001015 -0.773496 0.594248 -0.001001 -0.804281 0.594241 -0.001004 -0.804287 0.552870 -0.000987 -0.833267 0.552855 -0.000987 -0.833277 0.552870 -0.000983 -0.833267 0.594246 -0.001001 -0.804283 0.594253 -0.000997 -0.804277 0.633810 -0.001012 -0.773488 0.633814 -0.001010 -0.773485 0.672055 -0.001021 -0.740501 0.672071 -0.001022 -0.740486 0.807365 -0.001034 -0.590051 0.776568 -0.001030 -0.630032 0.776547 -0.001028 -0.630058 0.743967 -0.001024 -0.668216 0.743994 -0.001030 -0.668186 0.709241 -0.001025 -0.704965 0.709274 -0.001028 -0.704932 0.709256 -0.001024 -0.704950 0.743941 -0.001035 -0.668244 0.743956 -0.001039 -0.668228 0.776567 -0.001041 -0.630035 0.776522 -0.001034 -0.630090 0.807388 -0.001035 -0.590020 0.807368 -0.001031 -0.590048 0.909648 -0.000989 -0.415380 0.887463 -0.001001 -0.460877 0.887477 -0.001009 -0.460852 0.863230 -0.001015 -0.504810 0.863261 -0.001022 -0.504756 0.836655 -0.001029 -0.547730 0.836655 -0.001027 -0.547730 0.836652 -0.001025 -0.547734 0.863247 -0.001024 -0.504781 0.863254 -0.001021 -0.504768 0.887463 -0.001012 -0.460877 0.887458 -0.001014 -0.460887 0.909636 -0.001000 -0.415404 0.909625 -0.001000 -0.415430 0.974633 -0.000927 -0.223808 0.962072 -0.000949 -0.272794 0.962076 -0.000951 -0.272780 0.947180 -0.000969 -0.320702 0.947182 -0.000972 -0.320696 0.929801 -0.000987 -0.368060 0.929784 -0.000986 -0.368105 0.929790 -0.000983 -0.368088 0.947190 -0.000966 -0.320671 0.947190 -0.000966 -0.320670 0.962072 -0.000945 -0.272795 0.962081 -0.000950 -0.272763 0.974633 -0.000927 -0.223809 0.974633 -0.000927 -0.223809 0.999734 -0.000823 -0.023057 0.997293 -0.000853 -0.073532 0.997290 -0.000848 -0.073564 0.992355 -0.000876 -0.123411 0.992358 -0.000878 -0.123390 0.984846 -0.000905 -0.173427 0.984841 -0.000903 -0.173460 0.984841 -0.000904 -0.173458 0.992359 -0.000876 -0.123381 0.992359 -0.000876 -0.123378 0.997290 -0.000848 -0.073561 0.997290 -0.000848 -0.073562 0.999734 -0.000817 -0.023058 0.999734 -0.000818 -0.023033 0.983910 -0.000678 0.178664 0.991687 -0.000716 0.128671 0.991687 -0.000718 0.128671 0.996881 -0.000754 0.078911 0.996885 -0.000750 0.078871 0.999596 -0.000785 0.028406 0.999596 -0.000785 0.028397 0.999595 -0.000778 0.028436 0.996881 -0.000743 0.078916 0.996881 -0.000743 0.078911 0.991691 -0.000706 0.128641 0.991683 -0.000712 0.128703 0.983909 -0.000673 0.178666 0.983906 -0.000675 0.178685 0.927805 -0.000506 0.373064 0.945472 -0.000552 0.325704 0.945478 -0.000549 0.325684 0.960591 -0.000591 0.277966 0.960596 -0.000589 0.277947 0.973430 -0.000631 0.228985 0.973425 -0.000633 0.229007 0.973423 -0.000632 0.229015 0.960596 -0.000590 0.277947 0.960596 -0.000590 0.277947 0.945466 -0.000546 0.325722 0.945472 -0.000545 0.325702 0.927814 -0.000499 0.373042 0.927796 -0.000503 0.373086 0.833680 -0.000308 0.552248 0.860560 -0.000362 0.509348 0.860582 -0.000350 0.509312 0.884999 -0.000400 0.465593 0.884977 -0.000403 0.465636 0.907413 -0.000451 0.420239 0.907382 -0.000456 0.420306 0.907403 -0.000464 0.420262 0.885000 -0.000420 0.465590 0.885006 -0.000414 0.465580 0.860560 -0.000365 0.509349 0.860603 -0.000361 0.509277 0.833693 -0.000310 0.552227 0.833680 -0.000310 0.552248 0.705454 -0.000096 0.708756 0.740422 -0.000155 0.672142 0.740405 -0.000161 0.672161 0.773164 -0.000210 0.634207 0.773178 -0.000210 0.634189 0.804185 -0.000260 0.594379 0.804197 -0.000259 0.594363 0.804192 -0.000255 0.594369 0.773152 -0.000207 0.634221 0.773160 -0.000207 0.634211 0.740421 -0.000155 0.672143 0.740395 -0.000157 0.672172 0.705485 -0.000104 0.708725 0.705464 -0.000108 0.708745 0.548370 0.000108 0.836236 0.589904 0.000058 0.807473 0.589932 0.000058 0.807453 0.629689 0.000006 0.776847 0.629625 0.000001 0.776899 0.668155 -0.000054 0.744022 0.668132 -0.000054 0.744043 0.668121 -0.000055 0.744053 0.629688 0.000000 0.776848 0.629656 -0.000009 0.776875 0.589890 0.000046 0.807483 0.589960 0.000054 0.807433 0.548384 0.000104 0.836227 0.548373 0.000103 0.836234 0.368840 0.000296 0.929493 0.415305 0.000242 0.909682 0.415356 0.000258 0.909659 0.460345 0.000207 0.887740 0.460344 0.000207 0.887740 0.504712 0.000158 0.863288 0.504703 0.000157 0.863293 0.504695 0.000151 0.863298 0.460347 0.000207 0.887739 0.460344 0.000208 0.887741 0.415357 0.000259 0.909658 0.415356 0.000262 0.909659 0.368840 0.000308 0.929493 0.368800 0.000306 0.929509 0.174134 0.000514 0.984722 0.223737 0.000472 0.974649 0.223674 0.000453 0.974664 0.272289 0.000403 0.962215 0.272294 0.000410 0.962214 0.320565 0.000355 0.947227 0.320532 0.000358 0.947238 0.320508 0.000357 0.947245 0.272288 0.000403 0.962216 0.272287 0.000408 0.962216 0.223738 0.000454 0.974649 0.223691 0.000452 0.974660 0.174139 0.000497 0.984721 0.174196 0.000502 0.984711 -0.997775 0.000760 -0.066667 -0.995649 0.000741 -0.093185 -0.995648 0.000742 -0.093190 -0.992823 0.000722 -0.119588 -0.992824 0.000722 -0.119581 -0.989298 0.000703 -0.145910 -0.989294 0.000699 -0.145936 -0.989298 0.000688 -0.145907 -0.992823 0.000708 -0.119592 -0.992826 0.000716 -0.119567 -0.995649 0.000736 -0.093181 -0.995649 0.000738 -0.093176 -0.997775 0.000757 -0.066673 -0.997775 0.000758 -0.066665 -0.999209 0.000830 0.039754 -0.999913 0.000813 0.013173 -0.999913 0.000813 0.013172 -0.999911 0.000796 -0.013342 -0.999911 0.000794 -0.013346 -0.999201 0.000777 -0.039958 -0.999201 0.000776 -0.039955 -0.999201 0.000775 -0.039957 -0.999911 0.000792 -0.013343 -0.999911 0.000792 -0.013342 -0.999913 0.000810 0.013172 -0.999913 0.000810 0.013179 -0.999210 0.000826 0.039744 -0.999209 0.000828 0.039753 -0.989320 0.000891 0.145758 -0.992848 0.000876 0.119385 -0.992848 0.000875 0.119381 -0.995664 0.000860 0.093024 -0.995665 0.000855 0.093003 -0.997789 0.000839 0.066454 -0.997787 0.000844 0.066495 -0.997789 0.000861 0.066453 -0.995664 0.000875 0.093018 -0.995668 0.000862 0.092979 -0.992846 0.000877 0.119401 -0.992848 0.000874 0.119380 -0.989318 0.000889 0.145772 -0.989320 0.000888 0.145757 -0.968225 0.000944 0.250077 -0.974533 0.000932 0.224242 -0.974536 0.000931 0.224228 -0.980139 0.000919 0.198311 -0.980140 0.000915 0.198302 -0.985071 0.000903 0.172143 -0.985071 0.000902 0.172149 -0.985073 0.000904 0.172135 -0.980137 0.000919 0.198319 -0.980139 0.000914 0.198311 -0.974534 0.000927 0.224240 -0.974532 0.000926 0.224248 -0.968225 0.000938 0.250078 -0.968221 0.000939 0.250094 -0.936164 0.000983 0.351562 -0.945169 0.000976 0.326580 -0.945174 0.000970 0.326565 -0.953503 0.000961 0.301381 -0.953509 0.000959 0.301363 -0.961198 0.000948 0.275859 -0.961191 0.000951 0.275883 -0.961197 0.000958 0.275861 -0.953504 0.000969 0.301378 -0.953507 0.000959 0.301369 -0.945174 0.000968 0.326565 -0.945173 0.000970 0.326567 -0.936162 0.000980 0.351567 -0.936155 0.000981 0.351586 -0.893469 0.001003 0.449123 -0.905104 0.000990 0.425189 -0.905102 0.000994 0.425194 -0.916080 0.000990 0.400994 -0.916071 0.000993 0.401016 -0.926427 0.000984 0.376473 -0.926417 0.000990 0.376499 -0.926428 0.000995 0.376472 -0.916074 0.000997 0.401009 -0.916080 0.001005 0.400994 -0.905103 0.001007 0.425192 -0.905111 0.001007 0.425174 -0.893473 0.001012 0.449116 -0.893482 0.001008 0.449099 -0.840688 0.001035 0.541519 -0.854790 0.001037 0.518973 -0.854800 0.001024 0.518956 -0.868262 0.001020 0.496104 -0.868258 0.001021 0.496112 -0.881147 0.001014 0.472841 -0.881152 0.001015 0.472832 -0.881154 0.001014 0.472828 -0.868249 0.001024 0.496127 -0.868255 0.001017 0.496117 -0.854802 0.001020 0.518954 -0.854797 0.001022 0.518962 -0.840678 0.001025 0.541535 -0.840671 0.001027 0.541545 -0.778383 0.001043 0.627789 -0.794778 0.001037 0.606899 -0.794783 0.001041 0.606893 -0.810594 0.001037 0.585607 -0.810618 0.001032 0.585575 -0.825902 0.001027 0.563813 -0.825901 0.001030 0.563815 -0.825905 0.001034 0.563808 -0.810600 0.001044 0.585600 -0.810612 0.001025 0.585583 -0.794774 0.001030 0.606905 -0.794770 0.001030 0.606911 -0.778377 0.001032 0.627796 -0.778363 0.001034 0.627813 -0.707156 0.000988 0.707057 -0.725769 0.000990 0.687938 -0.725737 0.001013 0.687972 -0.743792 0.001017 0.668410 -0.743753 0.001024 0.668454 -0.761339 0.001023 0.648354 -0.761298 0.001033 0.648401 -0.761339 0.001060 0.648353 -0.743784 0.001058 0.668419 -0.743797 0.001044 0.668405 -0.725774 0.001044 0.687932 -0.725796 0.001042 0.687909 -0.707140 0.001037 0.707073 -0.707219 0.001027 0.706994 -0.628060 0.001002 0.778165 -0.648581 0.001017 0.761145 -0.648559 0.001026 0.761163 -0.668513 0.001030 0.743700 -0.668512 0.001033 0.743700 -0.687994 0.001036 0.725716 -0.688070 0.001020 0.725644 -0.688001 0.000987 0.725709 -0.668521 0.000976 0.743693 -0.668469 0.001012 0.743740 -0.648567 0.001010 0.761157 -0.648532 0.001011 0.761186 -0.628096 0.001005 0.778135 -0.628066 0.001013 0.778159 -0.541718 0.000957 0.840560 -0.563984 0.000976 0.825785 -0.563938 0.000982 0.825816 -0.585703 0.000990 0.810525 -0.585686 0.000993 0.810538 -0.607047 0.001000 0.794666 -0.607021 0.001007 0.794685 -0.607016 0.001000 0.794689 -0.585732 0.000990 0.810504 -0.585712 0.001009 0.810519 -0.563954 0.000997 0.825806 -0.563967 0.000998 0.825797 -0.541719 0.000987 0.840559 -0.541776 0.000980 0.840522 -0.449344 0.000932 0.893358 -0.473023 0.000949 0.881050 -0.472998 0.000958 0.881063 -0.496220 0.000969 0.868197 -0.496222 0.000971 0.868195 -0.519070 0.000978 0.854731 -0.519115 0.000972 0.854704 -0.519070 0.000950 0.854731 -0.496246 0.000949 0.868181 -0.496208 0.000957 0.868204 -0.473018 0.000949 0.881052 -0.472992 0.000957 0.881066 -0.449344 0.000946 0.893358 -0.449357 0.000942 0.893352 -0.351839 0.000884 0.936060 -0.376667 0.000908 0.926348 -0.376647 0.000911 0.926357 -0.401150 0.000922 0.916012 -0.401143 0.000924 0.916015 -0.425292 0.000932 0.905056 -0.425326 0.000932 0.905040 -0.425293 0.000913 0.905055 -0.401148 0.000908 0.916013 -0.401123 0.000916 0.916024 -0.376669 0.000908 0.926347 -0.376643 0.000905 0.926358 -0.351844 0.000896 0.936058 -0.351854 0.000894 0.936055 -0.250325 0.000803 0.968162 -0.276108 0.000827 0.961126 -0.276049 0.000843 0.961143 -0.301498 0.000861 0.953467 -0.301468 0.000866 0.953476 -0.326698 0.000878 0.945128 -0.326712 0.000878 0.945123 -0.326668 0.000868 0.945139 -0.301488 0.000854 0.953470 -0.301452 0.000857 0.953481 -0.276108 0.000847 0.961126 -0.276068 0.000853 0.961138 -0.250325 0.000833 0.968162 -0.250387 0.000831 0.968145 -0.146000 0.000746 0.989284 -0.172404 0.000759 0.985026 -0.172352 0.000784 0.985035 -0.198400 0.000800 0.980121 -0.198392 0.000803 0.980123 -0.224374 0.000819 0.974503 -0.224435 0.000809 0.974489 -0.224412 0.000815 0.974494 -0.198395 0.000786 0.980122 -0.198371 0.000798 0.980127 -0.172369 0.000773 0.985032 -0.172346 0.000781 0.985036 -0.146034 0.000760 0.989279 -0.146043 0.000763 0.989278 -0.040085 0.000694 0.999196 -0.066675 0.000719 0.997775 -0.066675 0.000710 0.997775 -0.093099 0.000732 0.995657 -0.093120 0.000726 0.995655 -0.119536 0.000747 0.992830 -0.119579 0.000741 0.992824 -0.119505 0.000716 0.992833 -0.093132 0.000692 0.995653 -0.093082 0.000719 0.995658 -0.066674 0.000698 0.997775 -0.066643 0.000700 0.997777 -0.040085 0.000679 0.999196 -0.040060 0.000685 0.999197 0.066352 0.000585 0.997796 0.039798 0.000610 0.999208 0.039798 0.000614 0.999208 0.013277 0.000637 0.999912 0.013277 0.000640 0.999912 -0.013361 0.000661 0.999911 -0.013337 0.000663 0.999911 -0.013329 0.000649 0.999911 0.013245 0.000637 0.999912 0.013261 0.000640 0.999912 0.039799 0.000624 0.999208 0.039788 0.000624 0.999208 0.066383 0.000597 0.997794 0.066352 0.000596 0.997796 0.171943 0.000546 0.985107 0.145782 0.000569 0.989317 0.145720 0.000539 0.989326 0.119556 0.000556 0.992827 0.119490 0.000547 0.992835 0.092979 0.000575 0.995668 0.092978 0.000568 0.995668 0.092978 0.000580 0.995668 0.119526 0.000542 0.992831 0.119509 0.000546 0.992833 0.145814 0.000515 0.989312 0.145786 0.000512 0.989316 0.171944 0.000489 0.985107 0.172040 0.000498 0.985090 0.275771 0.000418 0.961224 0.250109 0.000447 0.968218 0.250073 0.000424 0.968227 0.224374 0.000447 0.974503 0.224348 0.000445 0.974509 0.198303 0.000471 0.980141 0.198338 0.000476 0.980133 0.198306 0.000485 0.980140 0.224371 0.000461 0.974504 0.224337 0.000456 0.974511 0.250108 0.000427 0.968218 0.250087 0.000425 0.968223 0.275741 0.000394 0.961232 0.275800 0.000407 0.961215 0.376377 0.000315 0.926467 0.351602 0.000339 0.936149 0.351594 0.000333 0.936153 0.326712 0.000359 0.945124 0.326652 0.000345 0.945145 0.301323 0.000371 0.953522 0.301377 0.000381 0.953505 0.301351 0.000387 0.953513 0.326712 0.000366 0.945124 0.326661 0.000343 0.945141 0.351602 0.000312 0.936149 0.351626 0.000322 0.936141 0.376348 0.000294 0.926478 0.376397 0.000302 0.926458 0.472671 0.000210 0.881239 0.449167 0.000244 0.893448 0.449130 0.000222 0.893466 0.425312 0.000244 0.905047 0.425274 0.000241 0.905065 0.400946 0.000267 0.916102 0.401008 0.000275 0.916075 0.400975 0.000296 0.916089 0.425281 0.000271 0.905061 0.425250 0.000245 0.905076 0.449165 0.000230 0.893449 0.449136 0.000215 0.893464 0.472677 0.000190 0.881236 0.472705 0.000196 0.881221 0.563707 0.000077 0.825975 0.541567 0.000095 0.840658 0.541555 0.000108 0.840665 0.519061 0.000129 0.854737 0.519064 0.000129 0.854736 0.496082 0.000158 0.868276 0.496143 0.000167 0.868241 0.496082 0.000199 0.868276 0.519082 0.000163 0.854724 0.519035 0.000144 0.854753 0.541565 0.000115 0.840659 0.541546 0.000111 0.840672 0.563713 0.000081 0.825971 0.563705 0.000085 0.825976 0.648300 -0.000009 0.761385 0.627850 0.000027 0.778334 0.627820 0.000002 0.778358 0.606978 0.000027 0.794719 0.606973 0.000031 0.794722 0.585607 0.000054 0.810595 0.585606 0.000055 0.810596 0.585601 0.000056 0.810599 0.606958 0.000027 0.794734 0.606963 0.000028 0.794730 0.627867 0.000007 0.778321 0.627835 -0.000005 0.778347 0.648300 -0.000032 0.761385 0.648329 -0.000027 0.761361 0.725615 -0.000147 0.688102 0.707020 -0.000108 0.707193 0.707024 -0.000117 0.707190 0.687989 -0.000088 0.725721 0.687997 -0.000088 0.725714 0.668402 -0.000063 0.743800 0.668440 -0.000054 0.743766 0.668403 -0.000036 0.743799 0.687989 -0.000054 0.725721 0.687969 -0.000076 0.725740 0.707020 -0.000102 0.707194 0.707002 -0.000107 0.707211 0.725598 -0.000131 0.688119 0.725588 -0.000132 0.688129 0.794624 -0.000248 0.607102 0.778173 -0.000217 0.628050 0.778175 -0.000222 0.628048 0.761211 -0.000190 0.648504 0.761229 -0.000184 0.648483 0.743730 -0.000158 0.668480 0.743721 -0.000163 0.668491 0.743752 -0.000180 0.668456 0.761204 -0.000203 0.648513 0.761235 -0.000196 0.648476 0.778172 -0.000217 0.628052 0.778176 -0.000214 0.628046 0.794619 -0.000242 0.607109 0.794613 -0.000243 0.607116 0.854641 -0.000344 0.519220 0.840518 -0.000312 0.541783 0.840519 -0.000316 0.541782 0.825853 -0.000292 0.563886 0.825847 -0.000292 0.563895 0.810572 -0.000265 0.585639 0.810550 -0.000271 0.585669 0.810555 -0.000273 0.585663 0.825869 -0.000298 0.563863 0.825864 -0.000306 0.563869 0.840512 -0.000332 0.541794 0.840527 -0.000322 0.541770 0.854639 -0.000351 0.519222 0.854647 -0.000347 0.519210 0.904998 -0.000446 0.425417 0.893364 -0.000420 0.449333 0.893354 -0.000425 0.449353 0.881101 -0.000403 0.472928 0.881102 -0.000401 0.472926 0.868206 -0.000376 0.496203 0.868213 -0.000373 0.496193 0.868206 -0.000372 0.496204 0.881114 -0.000393 0.472903 0.881105 -0.000404 0.472920 0.893348 -0.000427 0.449365 0.893353 -0.000427 0.449356 0.904997 -0.000450 0.425417 0.905002 -0.000448 0.425407 0.945084 -0.000564 0.326827 0.936051 -0.000542 0.351864 0.936065 -0.000522 0.351827 0.926383 -0.000498 0.376582 0.926383 -0.000500 0.376583 0.916035 -0.000475 0.401099 0.916033 -0.000473 0.401102 0.916040 -0.000480 0.401087 0.926377 -0.000502 0.376596 0.926383 -0.000498 0.376583 0.936054 -0.000519 0.351855 0.936060 -0.000519 0.351841 0.945086 -0.000541 0.326820 0.945072 -0.000546 0.326862 0.974479 -0.000640 0.224478 0.968148 -0.000617 0.250378 0.968149 -0.000619 0.250374 0.961156 -0.000598 0.276006 0.961164 -0.000590 0.275975 0.953492 -0.000568 0.301418 0.953486 -0.000569 0.301437 0.953492 -0.000580 0.301420 0.961160 -0.000600 0.275991 0.961166 -0.000591 0.275972 0.968146 -0.000614 0.250387 0.968145 -0.000614 0.250391 0.974477 -0.000636 0.224485 0.974476 -0.000635 0.224492 0.992815 -0.000724 0.119657 0.989278 -0.000703 0.146042 0.989279 -0.000701 0.146035 0.985045 -0.000681 0.172295 0.985051 -0.000674 0.172260 0.980126 -0.000654 0.198376 0.980120 -0.000657 0.198402 0.980126 -0.000670 0.198376 0.985050 -0.000692 0.172270 0.985054 -0.000681 0.172245 0.989275 -0.000701 0.146061 0.989278 -0.000698 0.146044 0.992815 -0.000718 0.119657 0.992814 -0.000719 0.119663 0.999909 -0.000779 0.013505 0.999196 -0.000761 0.040086 0.999196 -0.000762 0.040093 0.997784 -0.000744 0.066536 0.997781 -0.000754 0.066583 0.995662 -0.000735 0.093041 0.995659 -0.000738 0.093070 0.995662 -0.000751 0.093038 0.997784 -0.000769 0.066529 0.997783 -0.000772 0.066541 0.999196 -0.000790 0.040079 0.999198 -0.000783 0.040034 0.999908 -0.000801 0.013525 0.999909 -0.000794 0.013470 0.995677 -0.000851 -0.092881 0.997793 -0.000835 -0.066401 0.997795 -0.000846 -0.066368 0.999204 -0.000830 -0.039895 0.999204 -0.000830 -0.039894 0.999912 -0.000814 -0.013266 0.999912 -0.000811 -0.013280 0.999912 -0.000803 -0.013267 0.999204 -0.000820 -0.039891 0.999204 -0.000826 -0.039883 0.997793 -0.000842 -0.066403 0.997794 -0.000847 -0.066376 0.995677 -0.000862 -0.092879 0.995675 -0.000860 -0.092901 0.980159 -0.000911 -0.198213 0.985080 -0.000902 -0.172093 0.985084 -0.000911 -0.172071 0.989305 -0.000897 -0.145859 0.989302 -0.000893 -0.145880 0.992841 -0.000879 -0.119443 0.992836 -0.000875 -0.119482 0.992841 -0.000860 -0.119438 0.989304 -0.000875 -0.145864 0.989306 -0.000881 -0.145851 0.985080 -0.000895 -0.172095 0.985088 -0.000902 -0.172050 0.980162 -0.000917 -0.198196 0.980159 -0.000914 -0.198211 0.953531 -0.000963 -0.301294 0.961218 -0.000949 -0.275788 0.961215 -0.000949 -0.275799 0.968195 -0.000939 -0.250193 0.968200 -0.000941 -0.250176 0.974516 -0.000929 -0.224317 0.974510 -0.000926 -0.224342 0.974510 -0.000927 -0.224342 0.968197 -0.000936 -0.250186 0.968199 -0.000941 -0.250179 0.961217 -0.000951 -0.275794 0.961213 -0.000952 -0.275805 0.953537 -0.000962 -0.301276 0.953535 -0.000961 -0.301279 0.916116 -0.000996 -0.400912 0.926457 -0.000990 -0.376399 0.926462 -0.000988 -0.376387 0.936120 -0.000980 -0.351680 0.936121 -0.000981 -0.351679 0.945149 -0.000971 -0.326639 0.945147 -0.000971 -0.326644 0.945148 -0.000968 -0.326641 0.936117 -0.000980 -0.351689 0.936118 -0.000981 -0.351686 0.926465 -0.000986 -0.376380 0.926463 -0.000988 -0.376385 0.916105 -0.000996 -0.400938 0.916111 -0.000997 -0.400923 0.868321 -0.001004 -0.496001 0.881205 -0.000997 -0.472734 0.881215 -0.001012 -0.472716 0.893429 -0.001000 -0.449204 0.893439 -0.001010 -0.449184 0.905059 -0.001000 -0.425286 0.905068 -0.001006 -0.425266 0.905072 -0.001005 -0.425257 0.893427 -0.001003 -0.449208 0.893433 -0.001017 -0.449196 0.881211 -0.001024 -0.472723 0.881205 -0.001017 -0.472733 0.868322 -0.001023 -0.496001 0.868304 -0.001019 -0.496032 0.810666 -0.001025 -0.585509 0.825949 -0.001024 -0.563744 0.825958 -0.001032 -0.563732 0.840621 -0.001030 -0.541623 0.840615 -0.001029 -0.541631 0.854745 -0.001025 -0.519048 0.854736 -0.001023 -0.519062 0.854736 -0.001025 -0.519063 0.840630 -0.001030 -0.541609 0.840626 -0.001022 -0.541616 0.825941 -0.001027 -0.563756 0.825956 -0.001031 -0.563734 0.810678 -0.001034 -0.585491 0.810667 -0.001030 -0.585507 0.743820 -0.001046 -0.668379 0.761367 -0.001051 -0.648320 0.761352 -0.001039 -0.648338 0.778300 -0.001041 -0.627892 0.778293 -0.001035 -0.627900 0.794736 -0.001036 -0.606954 0.794715 -0.001032 -0.606982 0.794737 -0.001018 -0.606953 0.778300 -0.001017 -0.627892 0.778308 -0.001025 -0.627882 0.761352 -0.001027 -0.648338 0.761367 -0.001028 -0.648321 0.743815 -0.001030 -0.668385 0.743845 -0.001033 -0.668351 0.668594 -0.001017 -0.743627 0.688154 -0.001017 -0.725564 0.688150 -0.001020 -0.725568 0.707138 -0.001024 -0.707075 0.707141 -0.001024 -0.707072 0.725677 -0.001027 -0.688035 0.725708 -0.001031 -0.688002 0.725685 -0.001046 -0.688026 0.707156 -0.001044 -0.707057 0.707130 -0.001029 -0.707083 0.688155 -0.001024 -0.725563 0.688147 -0.001024 -0.725571 0.668583 -0.001018 -0.743637 0.668588 -0.001020 -0.743632 0.585725 -0.001008 -0.810509 0.607093 -0.001017 -0.794631 0.607082 -0.001013 -0.794639 0.628023 -0.001017 -0.778194 0.627980 -0.001009 -0.778229 0.648447 -0.001014 -0.761259 0.648451 -0.001015 -0.761256 0.648456 -0.001017 -0.761251 0.628023 -0.001003 -0.778194 0.628003 -0.001000 -0.778210 0.607094 -0.000990 -0.794630 0.607114 -0.000998 -0.794614 0.585719 -0.000991 -0.810513 0.585757 -0.000998 -0.810486 0.496232 -0.000993 -0.868189 0.519228 -0.001003 -0.854635 0.519184 -0.000976 -0.854662 0.541763 -0.000983 -0.840531 0.541712 -0.000973 -0.840564 0.563835 -0.000982 -0.825887 0.563875 -0.000991 -0.825859 0.563840 -0.001004 -0.825883 0.541741 -0.000990 -0.840545 0.541702 -0.000985 -0.840570 0.519254 -0.000969 -0.854619 0.519217 -0.000964 -0.854642 0.496232 -0.000951 -0.868190 0.496295 -0.000964 -0.868153 0.401157 -0.000917 -0.916009 0.425463 -0.000936 -0.904975 0.425439 -0.000923 -0.904987 0.449321 -0.000942 -0.893370 0.449288 -0.000927 -0.893386 0.472843 -0.000941 -0.881146 0.472906 -0.000951 -0.881112 0.472846 -0.000984 -0.881145 0.449296 -0.000976 -0.893382 0.449248 -0.000952 -0.893407 0.425490 -0.000936 -0.904963 0.425440 -0.000928 -0.904986 0.401129 -0.000914 -0.916021 0.401172 -0.000921 -0.916003 0.301516 -0.000880 -0.953461 0.326843 -0.000895 -0.945078 0.326796 -0.000881 -0.945094 0.351806 -0.000895 -0.936072 0.351767 -0.000891 -0.936087 0.376560 -0.000901 -0.926392 0.376590 -0.000908 -0.926380 0.376565 -0.000907 -0.926390 0.351798 -0.000895 -0.936075 0.351767 -0.000888 -0.936087 0.326872 -0.000875 -0.945068 0.326835 -0.000867 -0.945081 0.301514 -0.000851 -0.953461 0.301578 -0.000861 -0.953441 0.198537 -0.000803 -0.980093 0.224531 -0.000814 -0.974467 0.224511 -0.000801 -0.974471 0.250299 -0.000820 -0.968168 0.250319 -0.000823 -0.968163 0.275904 -0.000842 -0.961185 0.275933 -0.000844 -0.961176 0.275872 -0.000872 -0.961194 0.250296 -0.000854 -0.968169 0.250275 -0.000845 -0.968175 0.224561 -0.000820 -0.974460 0.224492 -0.000813 -0.974476 0.198502 -0.000797 -0.980100 0.198528 -0.000796 -0.980095 0.093204 -0.000718 -0.995647 0.119621 -0.000732 -0.992819 0.119635 -0.000749 -0.992818 0.145978 -0.000766 -0.989288 0.145947 -0.000759 -0.989292 0.172202 -0.000779 -0.985062 0.172227 -0.000779 -0.985057 0.172235 -0.000774 -0.985056 0.145945 -0.000759 -0.989292 0.145946 -0.000758 -0.989292 0.119653 -0.000739 -0.992816 0.119652 -0.000740 -0.992816 0.093204 -0.000720 -0.995647 0.093206 -0.000723 -0.995647 -0.013134 -0.000622 -0.999914 0.013439 -0.000651 -0.999910 0.013471 -0.000662 -0.999909 0.039960 -0.000678 -0.999201 0.039959 -0.000681 -0.999201 0.066549 -0.000697 -0.997783 0.066548 -0.000703 -0.997783 0.066515 -0.000714 -0.997785 0.039960 -0.000692 -0.999201 0.039943 -0.000686 -0.999202 0.013439 -0.000664 -0.999910 0.013449 -0.000667 -0.999909 -0.013102 -0.000647 -0.999914 -0.013167 -0.000637 -0.999913 -0.119343 -0.000556 -0.992853 -0.092936 -0.000569 -0.995672 -0.092937 -0.000569 -0.995672 -0.066481 -0.000590 -0.997788 -0.066459 -0.000598 -0.997789 -0.039859 -0.000620 -0.999205 -0.039890 -0.000616 -0.999204 -0.039891 -0.000615 -0.999204 -0.066481 -0.000597 -0.997788 -0.066465 -0.000606 -0.997789 -0.092939 -0.000583 -0.995672 -0.092948 -0.000574 -0.995671 -0.119341 -0.000552 -0.992853 -0.119351 -0.000549 -0.992852 -0.224210 -0.000441 -0.974541 -0.198240 -0.000461 -0.980154 -0.198192 -0.000485 -0.980163 -0.172171 -0.000502 -0.985067 -0.172161 -0.000508 -0.985069 -0.145841 -0.000534 -0.989308 -0.145881 -0.000527 -0.989302 -0.145841 -0.000519 -0.989308 -0.172172 -0.000488 -0.985067 -0.172141 -0.000501 -0.985072 -0.198237 -0.000475 -0.980154 -0.198198 -0.000485 -0.980162 -0.224182 -0.000462 -0.974547 -0.224243 -0.000449 -0.974533 -0.326514 -0.000342 -0.945192 -0.301292 -0.000366 -0.953532 -0.301282 -0.000370 -0.953535 -0.275917 -0.000386 -0.961181 -0.275860 -0.000408 -0.961198 -0.250197 -0.000430 -0.968195 -0.250226 -0.000426 -0.968187 -0.250198 -0.000414 -0.968194 -0.275910 -0.000393 -0.961183 -0.275867 -0.000406 -0.961196 -0.301302 -0.000386 -0.953529 -0.301311 -0.000381 -0.953526 -0.326543 -0.000358 -0.945183 -0.326551 -0.000353 -0.945180 -0.425096 -0.000224 -0.905148 -0.401003 -0.000258 -0.916077 -0.400945 -0.000278 -0.916102 -0.376503 -0.000305 -0.926416 -0.376509 -0.000304 -0.926413 -0.351642 -0.000330 -0.936135 -0.351643 -0.000329 -0.936134 -0.351637 -0.000329 -0.936136 -0.376502 -0.000298 -0.926416 -0.376501 -0.000296 -0.926416 -0.400974 -0.000271 -0.916089 -0.400950 -0.000277 -0.916100 -0.425088 -0.000253 -0.905152 -0.425135 -0.000246 -0.905130 -0.518953 -0.000152 -0.854803 -0.496055 -0.000176 -0.868291 -0.496058 -0.000178 -0.868290 -0.472838 -0.000203 -0.881149 -0.472862 -0.000200 -0.881137 -0.449154 -0.000226 -0.893454 -0.449217 -0.000219 -0.893423 -0.449182 -0.000203 -0.893440 -0.472827 -0.000176 -0.881155 -0.472819 -0.000182 -0.881160 -0.496078 -0.000156 -0.868278 -0.496029 -0.000164 -0.868306 -0.518947 -0.000140 -0.854807 -0.518926 -0.000139 -0.854819 -0.606838 -0.000006 -0.794826 -0.585512 -0.000041 -0.810664 -0.585493 -0.000043 -0.810678 -0.563843 -0.000075 -0.825882 -0.563796 -0.000080 -0.825914 -0.541674 -0.000109 -0.840589 -0.541655 -0.000112 -0.840601 -0.541654 -0.000116 -0.840602 -0.563864 -0.000081 -0.825868 -0.563833 -0.000104 -0.825889 -0.585510 -0.000075 -0.810665 -0.585541 -0.000064 -0.810643 -0.606815 -0.000041 -0.794844 -0.606880 -0.000028 -0.794794 -0.687970 0.000062 -0.725739 -0.668402 0.000027 -0.743800 -0.668406 0.000034 -0.743796 -0.648400 0.000007 -0.761300 -0.648428 0.000010 -0.761277 -0.627812 -0.000014 -0.778365 -0.627903 -0.000001 -0.778292 -0.627825 0.000038 -0.778355 -0.648409 0.000061 -0.761292 -0.648366 0.000047 -0.761328 -0.668385 0.000071 -0.743815 -0.668350 0.000061 -0.743847 -0.687966 0.000091 -0.725743 -0.687925 0.000081 -0.725782 -0.761161 0.000188 -0.648563 -0.743646 0.000163 -0.668573 -0.743644 0.000161 -0.668575 -0.725625 0.000139 -0.688091 -0.725643 0.000140 -0.688072 -0.707106 0.000111 -0.707108 -0.707089 0.000110 -0.707125 -0.707124 0.000088 -0.707090 -0.725607 0.000122 -0.688109 -0.725646 0.000136 -0.688068 -0.743646 0.000163 -0.668574 -0.743643 0.000164 -0.668577 -0.761160 0.000190 -0.648564 -0.761156 0.000192 -0.648568 -0.825775 0.000314 -0.563999 -0.810504 0.000285 -0.585733 -0.810489 0.000271 -0.585754 -0.794667 0.000244 -0.607045 -0.794672 0.000248 -0.607040 -0.778256 0.000220 -0.627947 -0.778246 0.000218 -0.627959 -0.778271 0.000200 -0.627928 -0.794658 0.000231 -0.607058 -0.794676 0.000243 -0.607034 -0.810514 0.000268 -0.585719 -0.810496 0.000265 -0.585744 -0.825774 0.000292 -0.564000 -0.825800 0.000295 -0.563963 -0.881075 0.000398 -0.472976 -0.868166 0.000373 -0.496274 -0.868168 0.000374 -0.496271 -0.854691 0.000349 -0.519137 -0.854695 0.000351 -0.519130 -0.840584 0.000324 -0.541681 -0.840581 0.000323 -0.541686 -0.840587 0.000317 -0.541677 -0.854698 0.000346 -0.519125 -0.854697 0.000347 -0.519127 -0.868160 0.000373 -0.496284 -0.868167 0.000375 -0.496272 -0.881073 0.000401 -0.472981 -0.881069 0.000400 -0.472988 -0.926359 0.000500 -0.376642 -0.915991 0.000468 -0.401198 -0.915995 0.000476 -0.401190 -0.905032 0.000451 -0.425344 -0.905034 0.000452 -0.425340 -0.893394 0.000428 -0.449274 -0.893392 0.000427 -0.449279 -0.893395 0.000419 -0.449271 -0.905031 0.000441 -0.425346 -0.905034 0.000451 -0.425339 -0.915993 0.000475 -0.401194 -0.915994 0.000477 -0.401193 -0.926359 0.000498 -0.376641 -0.926359 0.000500 -0.376641 -0.961140 0.000585 -0.276061 -0.953450 0.000563 -0.301552 -0.953456 0.000570 -0.301531 -0.945118 0.000547 -0.326730 -0.945114 0.000545 -0.326740 -0.936083 0.000523 -0.351778 -0.936086 0.000524 -0.351771 -0.936089 0.000520 -0.351763 -0.945112 0.000546 -0.326746 -0.945116 0.000547 -0.326735 -0.953453 0.000568 -0.301543 -0.953456 0.000571 -0.301534 -0.961139 0.000593 -0.276064 -0.961134 0.000593 -0.276082 -0.985041 0.000670 -0.172321 -0.980102 0.000647 -0.198495 -0.980107 0.000657 -0.198467 -0.974489 0.000637 -0.224435 -0.974487 0.000634 -0.224444 -0.968173 0.000612 -0.250281 -0.968178 0.000615 -0.250261 -0.968177 0.000618 -0.250264 -0.974485 0.000637 -0.224450 -0.974485 0.000636 -0.224450 -0.980102 0.000659 -0.198493 -0.980104 0.000660 -0.198482 -0.985039 0.000681 -0.172327 -0.985036 0.000679 -0.172347 -0.000801 -1.000000 0.000658 -0.000805 -1.000000 0.000643 -0.000799 -1.000000 0.000659 -0.000804 -1.000000 0.000638 -0.000806 -1.000000 0.000658 -0.000799 -1.000000 0.000643 -0.000804 -1.000000 0.000659 -0.000798 -1.000000 0.000638 -0.000802 -1.000000 0.000641 -0.000800 -1.000000 0.000653 -0.000805 -1.000000 0.000655 -0.000807 -1.000000 0.000647 -0.000803 -1.000000 0.000663 -0.000802 -1.000000 0.000636 -0.000800 -1.000000 0.000664 -0.000807 -1.000000 0.000646 -0.000801 -1.000000 0.000648 -0.000805 -1.000000 0.000664 -0.000802 -1.000000 0.000647 -0.000804 -1.000000 0.000646 -0.000803 -1.000000 0.000655 -0.000804 -1.000000 0.000634 -0.000805 -1.000000 0.000672 -0.000804 -1.000000 0.000649 -0.000805 -1.000000 0.000646 -0.000799 -1.000000 0.000637 -0.000807 -1.000000 0.000649 -0.000799 -1.000000 0.000651 -0.000802 -1.000000 0.000650 -0.000809 -1.000000 0.000652 -0.000781 -1.000000 0.000646 -0.000815 -1.000000 0.000652 -0.000808 -1.000000 0.000650 -0.000805 -1.000000 0.000664 -0.000802 -1.000000 0.000631 -0.000800 -1.000000 0.000655 -0.000805 -1.000000 0.000647 -0.000807 -1.000000 0.000663 -0.000800 -1.000000 0.000636 -0.000809 -1.000000 0.000664 -0.000800 -1.000000 0.000646 -0.000802 -1.000000 0.000648 -0.000805 -1.000000 0.000664 -0.000801 -1.000000 0.000647 -0.000801 -1.000000 0.000646 -0.000801 -1.000000 0.000656 -0.000802 -1.000000 0.000634 -0.000806 -1.000000 0.000672 -0.000800 -1.000000 0.000649 -0.000799 -1.000000 0.000646 -0.000805 -1.000000 0.000637 -0.000801 -1.000000 0.000649 -0.000805 -1.000000 0.000651 -0.000802 -1.000000 0.000650 -0.000820 -1.000000 0.000651 -0.000792 -1.000000 0.000650 -0.000806 -1.000000 0.000651 -0.000796 -1.000000 0.000650 -0.000814 -1.000000 0.000648 -0.000806 -1.000000 0.000652 -0.000801 -1.000000 0.000650 -0.000803 -1.000000 0.000648 -0.000817 -1.000000 0.000641 -0.000755 -1.000000 0.000659 -0.000844 -1.000000 0.000647 -0.000784 -1.000000 0.000647 -0.000817 -1.000000 0.000648 -0.000792 -1.000000 0.000652 -0.000805 -1.000000 0.000651 -0.000805 -1.000000 0.000649 -0.000800 -1.000000 0.000651 -0.000794 -1.000000 0.000651 -0.000812 -1.000000 0.000650 -0.000793 -1.000000 0.000649 -0.000808 -1.000000 0.000651 -0.000788 -1.000000 0.000651 -0.000814 -1.000000 0.000648 -0.000802 -1.000000 0.000651 -0.000804 -1.000000 0.000649 -0.000838 -1.000000 0.000650 -0.000758 -1.000000 0.000649 -0.000771 -1.000000 0.000652 -0.000792 -1.000000 0.000651 -0.000811 -1.000000 0.000650 -0.000801 -1.000000 0.000650 -0.000820 -1.000000 0.000650 -0.000824 -1.000000 0.000650 -0.000809 -1.000000 0.000649 -0.000787 -1.000000 0.000650 -0.000809 -1.000000 0.000650 -0.000786 -1.000000 0.000650 -0.000819 -1.000000 0.000650 -0.000792 -1.000000 0.000650 -0.000799 -1.000000 0.000650 -0.000804 -1.000000 0.000650 -0.000776 -1.000000 0.000650 -0.000818 -1.000000 0.000650 -0.000815 -1.000000 0.000650 -0.000797 -1.000000 0.000650 -0.000804 -1.000000 0.000650 -0.000807 -1.000000 0.000650 -0.000797 -1.000000 0.000650 -0.000817 -1.000000 0.000650 -0.000797 -1.000000 0.000650 -0.000802 -1.000000 0.000651 -0.000817 -1.000000 0.000650 -0.000758 -1.000000 0.000649 -0.000813 -1.000000 0.000653 -0.000809 -1.000000 0.000647 -0.000794 -1.000000 0.000652 -0.000788 -1.000000 0.000651 -0.000812 -1.000000 0.000651 -0.000799 -1.000000 0.000650 -0.000804 -1.000000 0.000650 -0.000821 -1.000000 0.000652 -0.000799 -1.000000 0.000649 -0.000784 -1.000000 0.000649 -0.000823 -1.000000 0.000650 -0.000826 -1.000000 0.000652 -0.000794 -1.000000 0.000650 -0.000797 -1.000000 0.000649 -0.000791 -1.000000 0.000649 -0.000758 -1.000000 0.000645 -0.000850 -1.000000 0.000653 -0.000784 -1.000000 0.000647 -0.000794 -1.000000 0.000649 -0.000819 -1.000000 0.000653 -0.000780 -1.000000 0.000649 -0.000828 -1.000000 0.000651 -0.000786 -1.000000 0.000649 -0.000803 -1.000000 0.000650 -0.000789 -1.000000 0.000650 -0.000798 -1.000000 0.000650 -0.000816 -1.000000 0.000650 -0.000788 -1.000000 0.000650 -0.000840 -1.000000 0.000650 -0.000809 -1.000000 0.000650 -0.000786 -1.000000 0.000650 -0.000828 -1.000000 0.000650 -0.000822 -1.000000 0.000651 -0.000787 -1.000000 0.000650 -0.000816 -1.000000 0.000651 -0.000787 -1.000000 0.000650 -0.000825 -1.000000 0.000650 -0.000788 -1.000000 0.000650 -0.000800 -1.000000 0.000651 -0.000794 -1.000000 0.000650 -0.000798 -1.000000 0.000642 -0.000804 -1.000000 0.000658 -0.000759 -1.000000 0.000645 -0.000792 -1.000000 0.000649 -0.000800 -1.000000 0.000649 -0.000809 -1.000000 0.000651 -0.000789 -1.000000 0.000648 -0.000819 -1.000000 0.000652 -0.000830 -1.000000 0.000652 -0.000764 -1.000000 0.000655 -0.000830 -1.000000 0.000644 -0.000815 -1.000000 0.000656 -0.000820 -1.000000 0.000655 -0.000780 -1.000000 0.000647 -0.000811 -1.000000 0.000650 -0.000801 -1.000000 0.000653 -0.000833 -1.000000 0.000646 -0.000757 -1.000000 0.000646 -0.000842 -1.000000 0.000653 -0.000811 -1.000000 0.000656 -0.000805 -1.000000 0.000653 -0.000802 -1.000000 0.000653 -0.000804 -1.000000 0.000649 -0.000787 -1.000000 0.000647 -0.000792 -1.000000 0.000641 -0.000806 -1.000000 0.000655 -0.000803 -1.000000 0.000646 -0.000796 -1.000000 0.000649 -0.000805 -1.000000 0.000651 -0.000795 -1.000000 0.000650 -0.000802 -1.000000 0.000650 -0.000805 -1.000000 0.000645 -0.000826 -1.000000 0.000647 -0.000785 -1.000000 0.000662 -0.000812 -1.000000 0.000650 -0.000801 -1.000000 0.000652 -0.000804 -1.000000 0.000650 -0.000801 -1.000000 0.000646 -0.000804 -1.000000 0.000652 -0.000803 -1.000000 0.000652 -0.000803 -1.000000 0.000649 -0.000802 -1.000000 0.000640 -0.000801 -1.000000 0.000647 -0.000807 -1.000000 0.000646 -0.000807 -1.000000 0.000663 -0.000801 -1.000000 0.000653 -0.000805 -1.000000 0.000655 -0.000811 -1.000000 0.000647 -0.000804 -1.000000 0.000678 -0.000804 -1.000000 0.000637 -0.000797 -1.000000 0.000649 -0.000806 -1.000000 0.000651 -0.000804 -1.000000 0.000656 -0.000806 -1.000000 0.000663 -0.000798 -1.000000 0.000641 -0.000803 -1.000000 0.000649 -0.000802 -1.000000 0.000648 -0.000801 -1.000000 0.000640 -0.000809 -1.000000 0.000671 -0.000801 -1.000000 0.000646 -0.000806 -1.000000 0.000639 -0.000803 -1.000000 0.000660 -0.000801 -1.000000 0.000638 -0.000799 -1.000000 0.000646 -0.000798 -1.000000 0.000641 -0.000806 -1.000000 0.000653 -0.000803 -1.000000 0.000655 -0.000796 -1.000000 0.000647 -0.000802 -1.000000 0.000658 -0.000806 -1.000000 0.000643 -0.000798 -1.000000 0.000659 -0.000815 -1.000000 0.000661 -0.000806 -1.000000 0.000658 -0.000799 -1.000000 0.000643 -0.000808 -1.000000 0.000659 -0.000797 -1.000000 0.000638 -0.000802 -1.000000 0.000664 -0.000805 -1.000000 0.000653 -0.000802 -1.000000 0.000633 -0.000803 -1.000000 0.000647 -0.000803 -1.000000 0.000663 -0.000803 -1.000000 0.000636 -0.000800 -1.000000 0.000664 -0.000807 -1.000000 0.000646 -0.000800 -1.000000 0.000674 -0.000803 -1.000000 0.000640 -0.000803 -1.000000 0.000647 -0.000802 -1.000000 0.000646 -0.000803 -1.000000 0.000655 -0.000802 -1.000000 0.000634 -0.000807 -1.000000 0.000641 -0.000805 -1.000000 0.000650 -0.000803 -1.000000 0.000645 -0.000802 -1.000000 0.000636 -0.000803 -1.000000 0.000676 -0.000796 -1.000000 0.000625 -0.000803 -1.000000 0.000650 -0.000810 -1.000000 0.000650 -0.000801 -1.000000 0.000651 -0.000812 -1.000000 0.000649 -0.000801 -1.000000 0.000650 -0.000802 -1.000000 0.000651 -0.000799 -1.000000 0.000650 -0.000802 -1.000000 0.000648 -0.000805 -1.000000 0.000652 -0.000798 -1.000000 0.000654 -0.000840 -1.000000 0.000646 -0.000762 -1.000000 0.000660 -0.000800 -1.000000 0.000647 -0.000800 -1.000000 0.000650 -0.000814 -1.000000 0.000649 -0.000800 -1.000000 0.000649 -0.000804 -1.000000 0.000652 -0.000781 -1.000000 0.000651 -0.000801 -1.000000 0.000648 -0.000802 -1.000000 0.000651 -0.000814 -1.000000 0.000650 -0.000814 -1.000000 0.000650 -0.000790 -1.000000 0.000651 -0.000801 -1.000000 0.000651 -0.000817 -1.000000 0.000651 -0.000843 -1.000000 0.000649 -0.000777 -1.000000 0.000650 -0.000795 -1.000000 0.000649 -0.000777 -1.000000 0.000652 -0.000797 -1.000000 0.000651 -0.000813 -1.000000 0.000650 -0.000811 -1.000000 0.000649 -0.000795 -1.000000 0.000649 -0.000813 -1.000000 0.000650 -0.000797 -1.000000 0.000650 -0.000785 -1.000000 0.000650 -0.000813 -1.000000 0.000649 -0.000827 -1.000000 0.000650 -0.000784 -1.000000 0.000651 -0.000795 -1.000000 0.000650 -0.000819 -1.000000 0.000651 -0.000801 -1.000000 0.000650 -0.000818 -1.000000 0.000650 -0.000788 -1.000000 0.000650 -0.000805 -1.000000 0.000650 -0.000787 -1.000000 0.000650 -0.000811 -1.000000 0.000650 -0.000797 -1.000000 0.000650 -0.000809 -1.000000 0.000650 -0.000793 -1.000000 0.000648 -0.000819 -1.000000 0.000651 -0.000799 -1.000000 0.000650 -0.000807 -1.000000 0.000650 -0.000838 -1.000000 0.000655 -0.000750 -1.000000 0.000649 -0.000859 -1.000000 0.000652 -0.000744 -1.000000 0.000648 -0.000798 -1.000000 0.000650 -0.000798 -1.000000 0.000650 -0.000805 -1.000000 0.000650 -0.000814 -1.000000 0.000651 -0.000815 -1.000000 0.000650 -0.000792 -1.000000 0.000649 -0.000818 -1.000000 0.000652 -0.000800 -1.000000 0.000649 -0.000826 -1.000000 0.000652 -0.000800 -1.000000 0.000649 -0.000794 -1.000000 0.000651 -0.000793 -1.000000 0.000651 -0.000776 -1.000000 0.000656 -0.000762 -1.000000 0.000642 -0.000847 -1.000000 0.000647 -0.000791 -1.000000 0.000661 -0.000794 -1.000000 0.000649 -0.000803 -1.000000 0.000652 -0.000807 -1.000000 0.000648 -0.000801 -1.000000 0.000653 -0.000816 -1.000000 0.000636 -0.000803 -1.000000 0.000665 -0.000801 -1.000000 0.000636 -0.000800 -1.000000 0.000661 -0.000802 -1.000000 0.000639 -0.000806 -1.000000 0.000660 -0.000800 -1.000000 0.000638 -0.000793 -1.000000 0.000646 -0.000797 -1.000000 0.000648 -0.000804 -1.000000 0.000649 -0.000807 -1.000000 0.000651 -0.000804 -1.000000 0.000654 -0.000829 -1.000000 0.000654 -0.000789 -1.000000 0.000659 -0.000792 -1.000000 0.000643 -0.000804 -1.000000 0.000650 -0.000800 -1.000000 0.000652 -0.000812 -1.000000 0.000652 -0.000795 -1.000000 0.000653 -0.000805 -1.000000 0.000647 -0.000808 -1.000000 0.000656 -0.000786 -1.000000 0.000645 -0.000802 -1.000000 0.000647 -0.000804 -1.000000 0.000666 -0.000789 -1.000000 0.000654 -0.000808 -1.000000 0.000646 -0.000819 -1.000000 0.000652 -0.000796 -1.000000 0.000645 -0.000818 -1.000000 0.000648 -0.000806 -1.000000 0.000650 -0.000751 -1.000000 0.000647 -0.000808 -1.000000 0.000653 -0.000818 -1.000000 0.000652 -0.000783 -1.000000 0.000651 -0.000805 -1.000000 0.000649 -0.000817 -1.000000 0.000649 -0.000796 -1.000000 0.000648 -0.000808 -1.000000 0.000645 -0.000825 -1.000000 0.000659 -0.000752 -1.000000 0.000641 -0.000805 -1.000000 0.000649 -0.000810 -1.000000 0.000651 -0.000783 -1.000000 0.000650 -0.000831 -1.000000 0.000649 -0.000819 -1.000000 0.000652 -0.000787 -1.000000 0.000653 -0.000821 -1.000000 0.000647 -0.000767 -1.000000 0.000656 -0.000818 -1.000000 0.000650 -0.000780 -1.000000 0.000649 -0.000823 -1.000000 0.000651 -0.000794 -1.000000 0.000650 -0.000818 -1.000000 0.000651 -0.000798 -1.000000 0.000650 -0.000797 -1.000000 0.000649 -0.000797 -1.000000 0.000651 -0.000783 -1.000000 0.000649 -0.000826 -1.000000 0.000649 -0.000789 -1.000000 0.000651 -0.000789 -1.000000 0.000651 -0.000807 -1.000000 0.000640 -0.000800 -1.000000 0.000653 -0.000800 -1.000000 0.000655 -0.000800 -1.000000 0.000647 -0.000798 -1.000000 0.000636 -0.000800 -1.000000 0.000665 -0.000802 -1.000000 0.000636 -0.000822 -1.000000 0.000662 -0.000796 -1.000000 0.000652 -0.000806 -1.000000 0.000653 -0.000800 -1.000000 0.000648 -0.000802 -1.000000 0.000653 -0.000823 -1.000000 0.000640 -0.000810 -1.000000 0.000659 -0.000799 -1.000000 0.000640 -0.000790 -1.000000 0.000670 -0.000813 -1.000000 0.000646 -0.000797 -1.000000 0.000653 -0.000805 -1.000000 0.000647 -0.000806 -1.000000 0.000650 -0.000802 -1.000000 0.000636 -0.000812 -1.000000 0.000658 -0.000823 -1.000000 0.000644 -0.000798 -1.000000 0.000650 -0.000778 -1.000000 0.000657 -0.000803 -1.000000 0.000642 -0.000822 -1.000000 0.000646 -0.000791 -1.000000 0.000670 -0.000794 -1.000000 0.000653 -0.000810 -1.000000 0.000645 -0.000810 -1.000000 0.000652 -0.000792 -1.000000 0.000653 -0.000796 -1.000000 0.000648 -0.000798 -1.000000 0.000650 -0.000843 -1.000000 0.000646 -0.000786 -1.000000 0.000654 -0.000815 -1.000000 0.000650 -0.000785 -1.000000 0.000648 -0.000824 -1.000000 0.000647 -0.000790 -1.000000 0.000653 -0.000800 -1.000000 0.000647 -0.000797 -1.000000 0.000657 -0.000792 -1.000000 0.000644 -0.000780 -1.000000 0.000656 -0.000784 -1.000000 0.000650 -0.000811 -1.000000 0.000648 -0.000797 -1.000000 0.000652 -0.000808 -1.000000 0.000651 -0.000839 -1.000000 0.000641 -0.000829 -1.000000 0.000654 -0.000742 -1.000000 0.000646 -0.000825 -1.000000 0.000658 -0.000793 -1.000000 0.000651 -0.000815 -1.000000 0.000650 -0.000794 -1.000000 0.000648 -0.000807 -1.000000 0.000651 -0.000795 -1.000000 0.000649 -0.000810 -1.000000 0.000649 -0.000810 -1.000000 0.000650 -0.000800 -1.000000 0.000652 -0.000802 -1.000000 0.000648 -0.000806 -1.000000 0.000654 -0.000804 -1.000000 0.000645 -0.000833 -1.000000 0.000651 -0.000791 -1.000000 0.000650 -0.000800 -1.000000 0.000650 -0.000817 -1.000000 0.000650 -0.000819 -1.000000 0.000650 -0.000856 -1.000000 0.000653 -0.000741 -1.000000 0.000648 -0.000814 -1.000000 0.000651 -0.000789 -1.000000 0.000651 -0.000783 -1.000000 0.000649 -0.000846 -1.000000 0.000651 -0.000780 -1.000000 0.000650 -0.000822 -1.000000 0.000650 -0.000838 -1.000000 0.000652 -0.000776 -1.000000 0.000648 -0.000805 -1.000000 0.000652 -0.000803 -1.000000 0.000650 -0.000819 -1.000000 0.000652 -0.000788 -1.000000 0.000650 -0.000794 -1.000000 0.000642 -0.000787 -1.000000 0.000657 -0.000811 -1.000000 0.000651 -0.000795 -1.000000 0.000649 -0.000812 -1.000000 0.000652 -0.000793 -1.000000 0.000649 -0.000731 -1.000000 0.000637 -0.000852 -1.000000 0.000657 -0.000830 -1.000000 0.000654 -0.000757 -1.000000 0.000646 -0.000796 -1.000000 0.000650 -0.000810 -1.000000 0.000651 -0.000794 -1.000000 0.000654 -0.000812 -1.000000 0.000647 -0.000806 -1.000000 0.000645 -0.000838 -0.999999 0.000662 -0.000763 -1.000000 0.000639 -0.000816 -1.000000 0.000658 -0.000798 -1.000000 0.000651 -0.000806 -1.000000 0.000650 -0.000806 -1.000000 0.000652 -0.000803 -1.000000 0.000648 -0.000781 -1.000000 0.000637 -0.000832 -1.000000 0.000656 -0.000800 -1.000000 0.000645 -0.000778 -1.000000 0.000648 -0.000811 -1.000000 0.000647 -0.000836 -1.000000 0.000659 -0.000761 -1.000000 0.000649 -0.000816 -1.000000 0.000651 -0.000803 -1.000000 0.000653 -0.000799 -1.000000 0.000651 -0.000797 -1.000000 0.000650 -0.000810 -1.000000 0.000644 -0.000805 -1.000000 0.000649 -0.000805 -1.000000 0.000641 -0.000804 -1.000000 0.000647 -0.000827 -1.000000 0.000666 -0.000802 -1.000000 0.000649 -0.000797 -1.000000 0.000652 -0.000802 -1.000000 0.000649 -0.000789 -1.000000 0.000648 0.075394 -0.000701 -0.997154 0.118679 -0.000722 -0.992932 0.118736 -0.000743 -0.992926 0.161550 -0.000772 -0.986864 0.161550 -0.000771 -0.986864 0.204332 -0.000798 -0.978901 0.204332 -0.000801 -0.978901 0.204326 -0.000807 -0.978903 0.161554 -0.000772 -0.986864 0.161550 -0.000776 -0.986864 0.118733 -0.000737 -0.992926 0.118735 -0.000742 -0.992926 0.075339 -0.000711 -0.997158 0.075337 -0.000708 -0.997158 -0.098883 -0.000561 -0.995099 -0.055578 -0.000592 -0.998454 -0.055523 -0.000607 -0.998457 -0.012272 -0.000642 -0.999925 -0.012309 -0.000636 -0.999924 0.031209 -0.000671 -0.999513 0.031263 -0.000676 -0.999511 0.031263 -0.000680 -0.999511 -0.012327 -0.000642 -0.999924 -0.012327 -0.000640 -0.999924 -0.055578 -0.000602 -0.998454 -0.055540 -0.000607 -0.998456 -0.098881 -0.000570 -0.995099 -0.098937 -0.000568 -0.995094 -0.270256 -0.000408 -0.962789 -0.228092 -0.000441 -0.973640 -0.228120 -0.000447 -0.973633 -0.185817 -0.000486 -0.982584 -0.185724 -0.000496 -0.982602 -0.142744 -0.000537 -0.989760 -0.142800 -0.000529 -0.989752 -0.142743 -0.000511 -0.989760 -0.185820 -0.000481 -0.982584 -0.185735 -0.000492 -0.982600 -0.228033 -0.000456 -0.973653 -0.228129 -0.000446 -0.973631 -0.270264 -0.000403 -0.962786 -0.270244 -0.000409 -0.962792 -0.433264 -0.000225 -0.901267 -0.393718 -0.000271 -0.919231 -0.393678 -0.000283 -0.919249 -0.353549 -0.000326 -0.935416 -0.353521 -0.000323 -0.935426 -0.312423 -0.000366 -0.949943 -0.312460 -0.000366 -0.949931 -0.312422 -0.000353 -0.949943 -0.353587 -0.000311 -0.935402 -0.353532 -0.000328 -0.935422 -0.393672 -0.000286 -0.919251 -0.393693 -0.000281 -0.919242 -0.433309 -0.000238 -0.901246 -0.433316 -0.000239 -0.901242 -0.583238 -0.000057 -0.812301 -0.547366 -0.000100 -0.836894 -0.547361 -0.000109 -0.836897 -0.510601 -0.000150 -0.859818 -0.510621 -0.000147 -0.859806 -0.472676 -0.000195 -0.881236 -0.472672 -0.000194 -0.881238 -0.472677 -0.000192 -0.881236 -0.510574 -0.000150 -0.859834 -0.510599 -0.000142 -0.859819 -0.547366 -0.000100 -0.836894 -0.547341 -0.000103 -0.836909 -0.583262 -0.000057 -0.812284 -0.583235 -0.000060 -0.812303 -0.715463 0.000119 -0.698651 -0.684364 0.000070 -0.729140 -0.684336 0.000068 -0.729167 -0.652146 0.000020 -0.758093 -0.652167 0.000025 -0.758075 -0.618479 -0.000023 -0.785802 -0.618550 -0.000013 -0.785745 -0.618480 -0.000003 -0.785801 -0.652149 0.000050 -0.758091 -0.652111 0.000039 -0.758124 -0.684377 0.000085 -0.729128 -0.684308 0.000072 -0.729194 -0.715461 0.000121 -0.698652 -0.715461 0.000118 -0.698653 -0.825898 0.000297 -0.563820 -0.800549 0.000251 -0.599267 -0.800550 0.000254 -0.599267 -0.773868 0.000211 -0.633347 -0.773902 0.000211 -0.633306 -0.745585 0.000171 -0.666411 -0.745533 0.000164 -0.666469 -0.745571 0.000156 -0.666426 -0.773883 0.000201 -0.633329 -0.773917 0.000212 -0.633287 -0.800550 0.000256 -0.599266 -0.800550 0.000251 -0.599266 -0.825883 0.000295 -0.563841 -0.825894 0.000297 -0.563825 -0.911261 0.000455 -0.411829 -0.892444 0.000421 -0.451157 -0.892455 0.000422 -0.451136 -0.872108 0.000381 -0.489313 -0.872116 0.000383 -0.489299 -0.849973 0.000341 -0.526826 -0.849967 0.000340 -0.526836 -0.849958 0.000346 -0.526850 -0.872133 0.000386 -0.489269 -0.872121 0.000381 -0.489290 -0.892444 0.000424 -0.451158 -0.892450 0.000424 -0.451145 -0.911252 0.000463 -0.411849 -0.911249 0.000465 -0.411855 -0.968942 0.000603 -0.247288 -0.957237 0.000566 -0.289305 -0.957254 0.000579 -0.289248 -0.943814 0.000541 -0.330477 -0.943814 0.000542 -0.330476 -0.928535 0.000503 -0.371246 -0.928542 0.000505 -0.371228 -0.928544 0.000501 -0.371222 -0.943805 0.000541 -0.330502 -0.943811 0.000546 -0.330486 -0.957242 0.000581 -0.289286 -0.957249 0.000585 -0.289266 -0.968942 0.000621 -0.247288 -0.968925 0.000616 -0.247354 -0.997155 0.000768 -0.075368 -0.992935 0.000736 -0.118658 -0.992927 0.000722 -0.118723 -0.986865 0.000689 -0.161544 -0.986861 0.000687 -0.161570 -0.978894 0.000652 -0.204369 -0.978894 0.000653 -0.204367 -0.978893 0.000652 -0.204373 -0.986866 0.000687 -0.161540 -0.986864 0.000684 -0.161554 -0.992935 0.000716 -0.118659 -0.992932 0.000714 -0.118683 -0.997154 0.000746 -0.075391 -0.997161 0.000752 -0.075295 -0.995096 0.000868 0.098913 -0.998455 0.000843 0.055571 -0.998455 0.000840 0.055554 -0.999924 0.000813 0.012302 -0.999924 0.000812 0.012289 -0.999510 0.000783 -0.031294 -0.999510 0.000783 -0.031302 -0.999510 0.000781 -0.031293 -0.999924 0.000810 0.012327 -0.999924 0.000807 0.012312 -0.998456 0.000835 0.055552 -0.998454 0.000837 0.055573 -0.995093 0.000863 0.098941 -0.995093 0.000862 0.098940 -0.962790 0.000952 0.270250 -0.973636 0.000932 0.228107 -0.973640 0.000928 0.228087 -0.982599 0.000907 0.185738 -0.982603 0.000905 0.185716 -0.989759 0.000883 0.142745 -0.989752 0.000887 0.142795 -0.989760 0.000898 0.142740 -0.982604 0.000920 0.185712 -0.982611 0.000913 0.185675 -0.973634 0.000934 0.228113 -0.973642 0.000931 0.228079 -0.962780 0.000949 0.270287 -0.962786 0.000947 0.270264 -0.901230 0.001008 0.433339 -0.919255 0.001003 0.393662 -0.919265 0.000993 0.393638 -0.935407 0.000980 0.353570 -0.935406 0.000981 0.353574 -0.949933 0.000966 0.312453 -0.949936 0.000964 0.312444 -0.949946 0.000972 0.312413 -0.935397 0.000988 0.353598 -0.935407 0.000980 0.353571 -0.919246 0.000993 0.393683 -0.919258 0.000991 0.393654 -0.901241 0.001001 0.433318 -0.901220 0.001005 0.433361 -0.812323 0.001032 0.583206 -0.836901 0.001033 0.547353 -0.836914 0.001027 0.547333 -0.859805 0.001023 0.510622 -0.859794 0.001023 0.510640 -0.881248 0.001016 0.472652 -0.881260 0.001015 0.472631 -0.881258 0.001014 0.472634 -0.859792 0.001023 0.510643 -0.859791 0.001023 0.510645 -0.836901 0.001030 0.547354 -0.836909 0.001026 0.547341 -0.812322 0.001027 0.583208 -0.812311 0.001031 0.583225 -0.698637 0.001013 0.715476 -0.729167 0.001013 0.684334 -0.729135 0.001031 0.684369 -0.758104 0.001028 0.652133 -0.758090 0.001034 0.652149 -0.785767 0.001033 0.618522 -0.785767 0.001032 0.618521 -0.785778 0.001032 0.618508 -0.758090 0.001043 0.652149 -0.758098 0.001032 0.652139 -0.729167 0.001033 0.684335 -0.729155 0.001035 0.684348 -0.698639 0.001027 0.715474 -0.698679 0.001028 0.715434 -0.563790 0.000983 0.825918 -0.599262 0.001003 0.800552 -0.599267 0.000996 0.800549 -0.633316 0.001008 0.773893 -0.633304 0.001008 0.773902 -0.666471 0.001016 0.745530 -0.666440 0.001020 0.745558 -0.666441 0.001018 0.745557 -0.633330 0.001013 0.773881 -0.633323 0.001014 0.773887 -0.599283 0.001003 0.800537 -0.599289 0.001003 0.800533 -0.563789 0.000990 0.825918 -0.563801 0.000991 0.825910 -0.411795 0.000916 0.911276 -0.451157 0.000932 0.892444 -0.451120 0.000943 0.892463 -0.489333 0.000962 0.872097 -0.489337 0.000961 0.872094 -0.526825 0.000973 0.849973 -0.526837 0.000977 0.849966 -0.526822 0.000971 0.849975 -0.489333 0.000952 0.872096 -0.489329 0.000959 0.872099 -0.451158 0.000942 0.892444 -0.451124 0.000945 0.892461 -0.411805 0.000926 0.911272 -0.411832 0.000923 0.911260 -0.247318 0.000833 0.968934 -0.289334 0.000852 0.957228 -0.289329 0.000855 0.957229 -0.330468 0.000877 0.943817 -0.330439 0.000885 0.943827 -0.371229 0.000906 0.928541 -0.371279 0.000902 0.928521 -0.371219 0.000894 0.928545 -0.330427 0.000862 0.943831 -0.330394 0.000874 0.943843 -0.289383 0.000852 0.957213 -0.289328 0.000856 0.957229 -0.247311 0.000829 0.968936 -0.247318 0.000829 0.968934 -0.075341 0.000714 0.997158 -0.118682 0.000742 0.992932 -0.118682 0.000744 0.992932 -0.161545 0.000777 0.986865 -0.161546 0.000771 0.986865 -0.204337 0.000802 0.978900 -0.204337 0.000801 0.978900 -0.204338 0.000802 0.978900 -0.161545 0.000772 0.986865 -0.161546 0.000770 0.986865 -0.118685 0.000742 0.992932 -0.118683 0.000740 0.992932 -0.075339 0.000711 0.997158 -0.075341 0.000708 0.997158 0.098995 0.000574 0.995088 0.055523 0.000612 0.998457 0.055522 0.000603 0.998457 0.012327 0.000642 0.999924 0.012327 0.000639 0.999924 -0.031317 0.000678 0.999509 -0.031317 0.000676 0.999509 -0.031317 0.000670 0.999509 0.012327 0.000642 0.999924 0.012327 0.000640 0.999924 0.055523 0.000607 0.998457 0.055522 0.000604 0.998457 0.098995 0.000567 0.995088 0.098997 0.000568 0.995088 0.270315 0.000403 0.962772 0.228033 0.000451 0.973653 0.228040 0.000449 0.973652 0.185764 0.000486 0.982594 0.185764 0.000493 0.982594 0.142740 0.000530 0.989760 0.142740 0.000529 0.989760 0.142740 0.000535 0.989760 0.185770 0.000491 0.982593 0.185766 0.000487 0.982594 0.228034 0.000451 0.973653 0.228039 0.000449 0.973652 0.270308 0.000409 0.962774 0.270307 0.000411 0.962774 0.433318 0.000252 0.901241 0.393738 0.000291 0.919223 0.393683 0.000283 0.919246 0.353532 0.000326 0.935423 0.353531 0.000324 0.935423 0.312423 0.000366 0.949943 0.312423 0.000369 0.949943 0.312423 0.000363 0.949943 0.353540 0.000331 0.935419 0.353535 0.000326 0.935421 0.393729 0.000281 0.919227 0.393701 0.000277 0.919239 0.433319 0.000235 0.901241 0.433374 0.000238 0.901214 0.583274 0.000068 0.812276 0.547302 0.000100 0.836935 0.547303 0.000109 0.836934 0.510624 0.000150 0.859804 0.510589 0.000143 0.859825 0.472611 0.000191 0.881271 0.472664 0.000192 0.881243 0.472622 0.000212 0.881265 0.510612 0.000160 0.859811 0.510572 0.000151 0.859835 0.547315 0.000105 0.836927 0.547307 0.000102 0.836932 0.583262 0.000060 0.812284 0.583274 0.000058 0.812275 0.715461 -0.000129 0.698652 0.684378 -0.000090 0.729128 0.684392 -0.000084 0.729115 0.652145 -0.000040 0.758094 0.652168 -0.000035 0.758075 0.618479 0.000010 0.785802 0.618540 0.000015 0.785754 0.618490 0.000027 0.785793 0.652148 -0.000020 0.758091 0.652123 -0.000023 0.758113 0.684364 -0.000065 0.729141 0.684350 -0.000069 0.729153 0.715461 -0.000114 0.698653 0.715420 -0.000121 0.698694 0.825940 -0.000297 0.563758 0.800537 -0.000251 0.599283 0.800549 -0.000254 0.599267 0.773868 -0.000206 0.633346 0.773855 -0.000211 0.633363 0.745571 -0.000168 0.666426 0.745596 -0.000166 0.666398 0.745612 -0.000163 0.666380 0.773832 -0.000221 0.633391 0.773846 -0.000207 0.633374 0.800550 -0.000256 0.599267 0.800548 -0.000251 0.599268 0.825927 -0.000297 0.563777 0.825927 -0.000295 0.563777 0.911261 -0.000462 0.411829 0.892455 -0.000421 0.451136 0.892455 -0.000421 0.451136 0.872084 -0.000381 0.489356 0.872101 -0.000378 0.489326 0.849969 -0.000336 0.526833 0.849946 -0.000339 0.526870 0.849968 -0.000349 0.526835 0.872097 -0.000391 0.489332 0.872113 -0.000385 0.489304 0.892455 -0.000426 0.451137 0.892460 -0.000425 0.451127 0.911272 -0.000465 0.411804 0.911266 -0.000466 0.411819 0.968942 -0.000622 0.247288 0.957237 -0.000582 0.289305 0.957232 -0.000587 0.289321 0.943812 -0.000549 0.330482 0.943834 -0.000541 0.330419 0.928535 -0.000503 0.371244 0.928522 -0.000506 0.371276 0.928519 -0.000502 0.371285 0.943820 -0.000541 0.330458 0.943828 -0.000538 0.330438 0.957234 -0.000574 0.289314 0.957223 -0.000580 0.289350 0.968936 -0.000616 0.247311 0.968936 -0.000617 0.247312 0.997158 -0.000751 0.075342 0.992929 -0.000719 0.118706 0.992931 -0.000717 0.118690 0.986862 -0.000684 0.161561 0.986862 -0.000685 0.161562 0.978899 -0.000651 0.204343 0.978893 -0.000653 0.204372 0.978899 -0.000658 0.204345 0.986864 -0.000692 0.161553 0.986866 -0.000690 0.161538 0.992932 -0.000722 0.118683 0.992933 -0.000721 0.118674 0.997158 -0.000753 0.075341 0.997158 -0.000753 0.075338 0.995091 -0.000856 -0.098962 0.998456 -0.000831 -0.055549 0.998456 -0.000834 -0.055536 0.999924 -0.000807 -0.012298 0.999924 -0.000810 -0.012272 0.999511 -0.000782 0.031264 0.999510 -0.000783 0.031279 0.999511 -0.000787 0.031266 0.999924 -0.000816 -0.012303 0.999924 -0.000816 -0.012302 0.998457 -0.000843 -0.055522 0.998455 -0.000839 -0.055559 0.995089 -0.000865 -0.098980 0.995087 -0.000864 -0.099002 0.962789 -0.000944 -0.270252 0.973641 -0.000925 -0.228083 0.973648 -0.000929 -0.228055 0.982589 -0.000910 -0.185791 0.982594 -0.000912 -0.185762 0.989767 -0.000890 -0.142692 0.989762 -0.000888 -0.142725 0.989765 -0.000882 -0.142701 0.982595 -0.000905 -0.185760 0.982598 -0.000908 -0.185743 0.973641 -0.000930 -0.228084 0.973645 -0.000931 -0.228069 0.962790 -0.000949 -0.270248 0.962783 -0.000948 -0.270274 0.901230 -0.000999 -0.433340 0.919245 -0.000993 -0.393684 0.919255 -0.000992 -0.393662 0.935406 -0.000980 -0.353574 0.935413 -0.000983 -0.353556 0.949940 -0.000968 -0.312430 0.949933 -0.000966 -0.312452 0.949932 -0.000964 -0.312456 0.935416 -0.000978 -0.353547 0.935414 -0.000980 -0.353553 0.919245 -0.000995 -0.393684 0.919251 -0.000995 -0.393670 0.901220 -0.001006 -0.433362 0.901216 -0.001006 -0.433368 0.812284 -0.001034 -0.583261 0.836909 -0.001028 -0.547341 0.836909 -0.001027 -0.547341 0.859806 -0.001020 -0.510620 0.859821 -0.001026 -0.510594 0.881259 -0.001018 -0.472633 0.881244 -0.001015 -0.472660 0.881260 -0.001011 -0.472631 0.859817 -0.001018 -0.510601 0.859830 -0.001021 -0.510580 0.836897 -0.001030 -0.547360 0.836905 -0.001030 -0.547347 0.812315 -0.001033 -0.583217 0.812290 -0.001029 -0.583253 0.698640 -0.001026 -0.715473 0.729153 -0.001033 -0.684350 0.729153 -0.001039 -0.684350 0.758096 -0.001043 -0.652142 0.758050 -0.001035 -0.652196 0.785814 -0.001033 -0.618462 0.785783 -0.001031 -0.618501 0.785783 -0.001032 -0.618502 0.758094 -0.001023 -0.652145 0.758074 -0.001028 -0.652168 0.729166 -0.001023 -0.684337 0.729188 -0.001030 -0.684312 0.698638 -0.001027 -0.715475 0.698667 -0.001026 -0.715446 0.563790 -0.000996 -0.825917 0.599271 -0.001003 -0.800546 0.599265 -0.001003 -0.800550 0.633343 -0.001013 -0.773871 0.633330 -0.001015 -0.773881 0.666423 -0.001017 -0.745573 0.666424 -0.001020 -0.745573 0.666425 -0.001018 -0.745572 0.633363 -0.001013 -0.773854 0.633345 -0.001005 -0.773869 0.599248 -0.000998 -0.800563 0.599275 -0.001001 -0.800543 0.563789 -0.000990 -0.825918 0.563801 -0.000989 -0.825910 0.411816 -0.000931 -0.911267 0.451157 -0.000952 -0.892444 0.451136 -0.000944 -0.892455 0.489334 -0.000962 -0.872096 0.489305 -0.000957 -0.872112 0.526825 -0.000973 -0.849973 0.526865 -0.000976 -0.849948 0.526816 -0.000992 -0.849979 0.489387 -0.000963 -0.872066 0.489314 -0.000955 -0.872107 0.451113 -0.000937 -0.892467 0.451143 -0.000941 -0.892451 0.411805 -0.000923 -0.911272 0.411838 -0.000924 -0.911257 0.247318 -0.000833 -0.968934 0.289349 -0.000852 -0.957223 0.289312 -0.000848 -0.957235 0.330459 -0.000877 -0.943820 0.330484 -0.000876 -0.943811 0.371211 -0.000899 -0.928548 0.371264 -0.000902 -0.928527 0.371261 -0.000904 -0.928528 0.330468 -0.000882 -0.943817 0.330464 -0.000877 -0.943818 0.289291 -0.000857 -0.957241 0.289283 -0.000855 -0.957243 0.247325 -0.000829 -0.968932 0.247325 -0.000830 -0.968932</float_array>
          <technique_common>
            <accessor source="#Part3_Centro_001-mesh-normals-array" count="6938" stride="3">
              <param name="X" type="float" />
              <param name="Y" type="float" />
              <param name="Z" type="float" />
            </accessor>
          </technique_common>
        </source>
        <vertices id="Part3_Centro_001-mesh-vertices">
          <input semantic="POSITION" source="#Part3_Centro_001-mesh-positions" />
        </vertices>
        <triangles count="6940">
          <input semantic="VERTEX" source="#Part3_Centro_001-mesh-vertices" offset="0" />
          <input semantic="NORMAL" source="#Part3_Centro_001-mesh-normals" offset="1" />
          <p>0 0 1 0 2 0 2 1 1 1 3 1 1 2 4 2 3 2 3 3 4 3 5 3 4 4 6 4 5 4 5 5 6 5 7 5 6 6 0 6 7 6 7 7 0 7 2 7 8 8 9 8 10 8 10 9 9 9 11 9 10 10 11 10 12 10 12 11 11 11 13 11 12 12 13 12 14 12 14 13 13 13 15 13 14 14 15 14 16 14 16 15 15 15 17 15 16 16 17 16 18 16 18 17 17 17 19 17 18 18 19 18 20 18 20 19 19 19 21 19 20 20 21 20 22 20 22 21 21 21 23 21 22 22 23 22 24 22 24 23 23 23 25 23 24 24 25 24 26 24 26 25 25 25 27 25 26 26 27 26 8 26 8 27 27 27 9 27 28 28 29 28 30 28 30 29 29 29 31 29 30 30 31 30 32 30 32 31 31 31 33 31 32 32 33 32 34 32 34 33 33 33 35 33 34 34 35 34 36 34 36 35 35 35 37 35 36 36 37 36 38 36 38 37 37 37 39 37 38 38 39 38 40 38 40 39 39 39 41 39 40 40 41 40 42 40 42 41 41 41 43 41 42 42 43 42 44 42 44 43 43 43 45 43 44 44 45 44 46 44 46 45 45 45 47 45 46 46 47 46 28 46 28 47 47 47 29 47 48 48 49 48 50 48 50 49 49 49 51 49 50 50 51 50 52 50 52 51 51 51 53 51 52 52 53 52 54 52 54 53 53 53 55 53 54 54 55 54 56 54 56 55 55 55 57 55 56 56 57 56 58 56 58 57 57 57 59 57 58 58 59 58 60 58 60 59 59 59 61 59 60 60 61 60 62 60 62 61 61 61 63 61 62 62 63 62 64 62 64 63 63 63 65 63 64 64 65 64 66 64 66 65 65 65 67 65 66 66 67 66 48 66 48 67 67 67 49 67 68 68 69 68 70 68 70 69 69 69 71 69 70 70 71 70 72 70 72 71 71 71 73 71 72 72 73 72 74 72 74 73 73 73 75 73 74 74 75 74 76 74 76 75 75 75 77 75 76 76 77 76 78 76 78 77 77 77 79 77 78 78 79 78 80 78 80 79 79 79 81 79 80 80 81 80 82 80 82 81 81 81 83 81 82 82 83 82 84 82 84 83 83 83 85 83 84 84 85 84 86 84 86 85 85 85 87 85 86 86 87 86 68 86 68 87 87 87 69 87 88 88 89 88 90 88 90 89 89 89 91 89 90 90 91 90 92 90 92 91 91 91 93 91 92 92 93 92 94 92 94 93 93 93 95 93 94 94 95 94 96 94 96 95 95 95 97 95 96 96 97 96 98 96 98 97 97 97 99 97 98 98 99 98 100 98 100 99 99 99 101 99 100 100 101 100 102 100 102 101 101 101 103 101 102 102 103 102 104 102 104 103 103 103 105 103 104 104 105 104 106 104 106 105 105 105 107 105 106 106 107 106 88 106 88 107 107 107 89 107 108 108 109 108 110 108 110 89 109 89 111 89 110 109 111 109 112 109 112 110 111 110 113 110 112 111 113 111 114 111 114 112 113 112 115 112 114 113 115 113 116 113 116 114 115 114 117 114 116 115 117 115 118 115 118 116 117 116 119 116 118 117 119 117 120 117 120 118 119 118 121 118 120 119 121 119 122 119 122 120 121 120 123 120 122 121 123 121 124 121 124 122 123 122 125 122 124 123 125 123 126 123 126 124 125 124 127 124 126 125 127 125 108 125 108 126 127 126 109 126 128 127 129 127 130 127 130 128 129 128 131 128 130 129 131 129 132 129 132 130 131 130 133 130 132 131 133 131 134 131 134 132 133 132 135 132 134 133 135 133 136 133 136 134 135 134 137 134 136 135 137 135 138 135 138 136 137 136 139 136 138 137 139 137 140 137 140 138 139 138 141 138 140 139 141 139 142 139 142 140 141 140 143 140 142 141 143 141 144 141 144 142 143 142 145 142 144 143 145 143 146 143 146 144 145 144 147 144 146 145 147 145 128 145 128 146 147 146 129 146 148 147 149 147 150 147 150 148 149 148 151 148 150 149 151 149 152 149 152 150 151 150 153 150 152 151 153 151 154 151 154 152 153 152 155 152 154 153 155 153 156 153 156 154 155 154 157 154 156 155 157 155 158 155 158 156 157 156 159 156 158 157 159 157 160 157 160 158 159 158 161 158 160 159 161 159 162 159 162 160 161 160 163 160 162 161 163 161 164 161 164 162 163 162 165 162 164 163 165 163 166 163 166 164 165 164 167 164 166 165 167 165 148 165 148 166 167 166 149 166 168 167 169 167 170 167 170 168 169 168 171 168 172 169 168 169 173 169 173 170 168 170 170 170 174 171 175 171 176 171 176 172 175 172 177 172 176 173 177 173 178 173 176 174 178 174 179 174 179 175 178 175 180 175 179 176 180 176 181 176 181 177 180 177 182 177 181 178 182 178 183 178 183 179 182 179 184 179 183 180 184 180 185 180 185 181 184 181 186 181 185 182 186 182 187 182 187 183 186 183 188 183 187 184 188 184 189 184 189 185 188 185 190 185 189 186 190 186 191 186 191 187 190 187 192 187 191 188 192 188 193 188 193 189 192 189 194 189 193 190 194 190 195 190 195 191 194 191 196 191 195 192 196 192 197 192 197 193 196 193 198 193 197 194 198 194 199 194 199 195 198 195 200 195 199 196 200 196 201 196 201 197 200 197 202 197 201 198 202 198 203 198 203 199 202 199 204 199 203 200 204 200 205 200 205 201 204 201 206 201 205 202 206 202 207 202 207 203 206 203 208 203 207 204 208 204 209 204 209 205 208 205 172 205 209 206 172 206 173 206 210 207 175 207 211 207 211 208 175 208 174 208 212 209 210 209 213 209 213 210 210 210 211 210 171 211 169 211 214 211 214 212 169 212 215 212 214 213 215 213 216 213 214 214 216 214 217 214 217 215 216 215 218 215 217 216 218 216 219 216 219 217 218 217 220 217 219 218 220 218 221 218 221 219 220 219 222 219 221 220 222 220 223 220 223 221 222 221 224 221 223 222 224 222 225 222 225 223 224 223 226 223 225 224 226 224 227 224 227 225 226 225 228 225 227 226 228 226 229 226 229 227 228 227 230 227 229 228 230 228 231 228 231 229 230 229 232 229 231 230 232 230 233 230 233 231 232 231 234 231 233 232 234 232 235 232 235 233 234 233 236 233 235 234 236 234 237 234 237 235 236 235 238 235 237 236 238 236 239 236 239 237 238 237 212 237 239 238 212 238 213 238 0 239 91 239 1 239 1 240 91 240 89 240 1 241 89 241 107 241 6 242 172 242 0 242 0 243 172 243 204 243 0 244 204 244 35 244 35 245 204 245 202 245 35 246 202 246 37 246 37 247 202 247 200 247 37 248 200 248 198 248 4 249 141 249 6 249 6 250 141 250 139 250 6 251 139 251 137 251 1 252 175 252 4 252 4 253 175 253 210 253 4 254 210 254 167 254 167 255 210 255 149 255 149 256 210 256 234 256 149 257 234 257 232 257 9 258 1 258 11 258 11 259 1 259 105 259 11 260 105 260 13 260 13 261 105 261 103 261 13 262 103 262 15 262 15 263 103 263 101 263 15 264 101 264 99 264 9 265 27 265 1 265 1 266 27 266 180 266 1 267 180 267 175 267 175 268 180 268 178 268 175 269 178 269 177 269 180 270 27 270 182 270 182 271 27 271 25 271 182 272 25 272 184 272 184 273 25 273 186 273 186 274 25 274 23 274 186 275 23 275 21 275 186 276 21 276 188 276 188 277 21 277 19 277 188 278 19 278 17 278 15 279 67 279 17 279 17 280 67 280 65 280 17 281 65 281 190 281 190 282 65 282 63 282 190 283 63 283 192 283 192 284 63 284 61 284 192 285 61 285 59 285 29 286 117 286 31 286 31 287 117 287 0 287 31 288 0 288 33 288 33 289 0 289 35 289 117 290 29 290 119 290 119 291 29 291 47 291 119 292 47 292 121 292 121 293 47 293 123 293 123 294 47 294 55 294 123 295 55 295 125 295 125 296 55 296 53 296 125 297 53 297 51 297 55 298 47 298 57 298 57 299 47 299 45 299 57 300 45 300 194 300 194 301 45 301 196 301 196 302 45 302 43 302 196 303 43 303 41 303 196 304 41 304 198 304 198 305 41 305 39 305 198 306 39 306 37 306 125 307 51 307 97 307 97 308 51 308 49 308 97 309 49 309 67 309 192 310 59 310 194 310 194 311 59 311 57 311 73 312 71 312 226 312 226 313 71 313 69 313 226 314 69 314 228 314 228 315 69 315 87 315 228 316 87 316 230 316 230 317 87 317 85 317 230 318 85 318 232 318 232 319 85 319 149 319 83 320 153 320 85 320 85 321 153 321 151 321 85 322 151 322 149 322 153 323 83 323 155 323 155 324 83 324 81 324 155 325 81 325 147 325 147 326 81 326 79 326 147 327 79 327 129 327 129 328 79 328 77 328 129 329 77 329 131 329 131 330 77 330 133 330 133 331 77 331 220 331 133 332 220 332 218 332 220 333 77 333 222 333 222 334 77 334 75 334 222 335 75 335 224 335 224 336 75 336 73 336 224 337 73 337 226 337 107 338 105 338 1 338 15 339 99 339 67 339 67 340 99 340 97 340 125 341 97 341 127 341 127 342 97 342 95 342 127 343 95 343 109 343 109 344 95 344 93 344 109 345 93 345 111 345 111 346 93 346 91 346 111 347 91 347 0 347 117 348 115 348 0 348 0 349 115 349 113 349 0 350 113 350 111 350 155 351 147 351 157 351 157 352 147 352 145 352 157 353 145 353 159 353 159 354 145 354 143 354 159 355 143 355 161 355 161 356 143 356 141 356 161 357 141 357 4 357 137 358 135 358 6 358 6 359 135 359 168 359 6 360 168 360 172 360 135 361 133 361 168 361 168 362 133 362 218 362 168 363 218 363 216 363 167 364 165 364 4 364 4 365 165 365 163 365 4 366 163 366 161 366 212 367 238 367 210 367 210 368 238 368 236 368 210 369 236 369 234 369 216 370 215 370 168 370 168 371 215 371 169 371 208 372 206 372 172 372 172 373 206 373 204 373 190 374 188 374 17 374 3 375 110 375 2 375 2 376 110 376 112 376 2 377 112 377 114 377 5 378 174 378 3 378 3 379 174 379 181 379 3 380 181 380 26 380 26 381 181 381 183 381 26 382 183 382 24 382 24 383 183 383 185 383 24 384 185 384 187 384 7 385 160 385 5 385 5 386 160 386 162 386 5 387 162 387 164 387 2 388 173 388 7 388 7 389 173 389 170 389 7 390 170 390 134 390 134 391 170 391 132 391 132 392 170 392 219 392 132 393 219 393 221 393 12 394 104 394 10 394 10 395 104 395 3 395 10 396 3 396 8 396 8 397 3 397 26 397 104 398 12 398 102 398 102 399 12 399 14 399 102 400 14 400 100 400 100 401 14 401 98 401 98 402 14 402 66 402 98 403 66 403 96 403 96 404 66 404 48 404 96 405 48 405 50 405 66 406 14 406 64 406 64 407 14 407 16 407 64 408 16 408 191 408 191 409 16 409 189 409 189 410 16 410 18 410 189 411 18 411 20 411 189 412 20 412 187 412 187 413 20 413 22 413 187 414 22 414 24 414 32 415 2 415 30 415 30 416 2 416 116 416 30 417 116 417 28 417 28 418 116 418 118 418 28 419 118 419 46 419 46 420 118 420 120 420 46 421 120 421 122 421 32 422 34 422 2 422 2 423 34 423 205 423 2 424 205 424 173 424 173 425 205 425 207 425 173 426 207 426 209 426 205 427 34 427 203 427 203 428 34 428 36 428 203 429 36 429 201 429 201 430 36 430 199 430 199 431 36 431 38 431 199 432 38 432 40 432 199 433 40 433 197 433 197 434 40 434 42 434 197 435 42 435 44 435 46 436 54 436 44 436 44 437 54 437 56 437 44 438 56 438 195 438 195 439 56 439 58 439 195 440 58 440 193 440 193 441 58 441 60 441 193 442 60 442 62 442 96 443 50 443 124 443 124 444 50 444 52 444 124 445 52 445 54 445 193 446 62 446 191 446 191 447 62 447 64 447 68 448 70 448 227 448 227 449 70 449 72 449 227 450 72 450 225 450 225 451 72 451 74 451 225 452 74 452 223 452 223 453 74 453 76 453 223 454 76 454 221 454 221 455 76 455 132 455 78 456 128 456 76 456 76 457 128 457 130 457 76 458 130 458 132 458 128 459 78 459 146 459 146 460 78 460 80 460 146 461 80 461 154 461 154 462 80 462 82 462 154 463 82 463 152 463 152 464 82 464 84 464 152 465 84 465 150 465 150 466 84 466 148 466 148 467 84 467 233 467 148 468 233 468 235 468 233 469 84 469 231 469 231 470 84 470 86 470 231 471 86 471 229 471 229 472 86 472 68 472 229 473 68 473 227 473 92 474 108 474 90 474 90 475 108 475 110 475 90 476 110 476 3 476 108 477 92 477 126 477 126 478 92 478 94 478 126 479 94 479 124 479 124 480 94 480 96 480 104 481 106 481 3 481 3 482 106 482 88 482 3 483 88 483 90 483 114 484 116 484 2 484 46 485 122 485 54 485 54 486 122 486 124 486 134 487 136 487 7 487 7 488 136 488 138 488 7 489 138 489 140 489 142 490 158 490 140 490 140 491 158 491 160 491 140 492 160 492 7 492 158 493 142 493 156 493 156 494 142 494 144 494 156 495 144 495 154 495 154 496 144 496 146 496 164 497 166 497 5 497 5 498 166 498 211 498 5 499 211 499 174 499 166 500 148 500 211 500 211 501 148 501 235 501 211 502 235 502 237 502 171 503 214 503 170 503 170 504 214 504 217 504 170 505 217 505 219 505 237 506 239 506 211 506 211 507 239 507 213 507 176 508 179 508 174 508 174 509 179 509 181 509 195 510 197 510 44 510 240 511 241 511 242 511 242 512 241 512 243 512 242 513 243 513 244 513 244 514 243 514 245 514 244 515 245 515 246 515 246 516 245 516 247 516 246 517 247 517 248 517 248 518 247 518 249 518 248 519 249 519 250 519 250 520 249 520 251 520 250 521 251 521 252 521 252 522 251 522 253 522 252 523 253 523 254 523 254 524 253 524 255 524 254 525 255 525 256 525 256 526 255 526 257 526 256 527 257 527 258 527 258 528 257 528 259 528 258 529 259 529 260 529 260 530 259 530 261 530 260 531 261 531 262 531 262 532 261 532 263 532 262 533 263 533 264 533 264 534 263 534 265 534 264 535 265 535 266 535 266 536 265 536 267 536 266 537 267 537 268 537 268 538 267 538 269 538 268 539 269 539 270 539 270 540 269 540 271 540 270 541 271 541 272 541 272 542 271 542 273 542 272 543 273 543 274 543 274 544 273 544 275 544 274 545 275 545 276 545 276 546 275 546 277 546 276 547 277 547 278 547 278 548 277 548 279 548 278 549 279 549 280 549 280 550 279 550 281 550 280 551 281 551 282 551 282 552 281 552 283 552 282 553 283 553 284 553 284 554 283 554 285 554 284 555 285 555 286 555 286 556 285 556 287 556 286 557 287 557 288 557 288 558 287 558 289 558 288 559 289 559 290 559 290 560 289 560 291 560 290 561 291 561 292 561 292 562 291 562 293 562 292 563 293 563 294 563 294 564 293 564 295 564 294 565 295 565 296 565 296 566 295 566 297 566 296 567 297 567 298 567 298 568 297 568 299 568 298 569 299 569 300 569 300 570 299 570 301 570 300 571 301 571 302 571 302 572 301 572 303 572 302 573 303 573 304 573 304 574 303 574 305 574 304 575 305 575 306 575 306 576 305 576 307 576 306 577 307 577 308 577 308 578 307 578 309 578 308 579 309 579 310 579 310 580 309 580 311 580 310 581 311 581 312 581 312 582 311 582 313 582 312 583 313 583 314 583 314 584 313 584 315 584 314 585 315 585 316 585 316 586 315 586 317 586 316 587 317 587 318 587 318 588 317 588 319 588 318 589 319 589 320 589 320 590 319 590 321 590 320 591 321 591 322 591 322 592 321 592 323 592 322 593 323 593 324 593 324 594 323 594 325 594 324 595 325 595 326 595 326 596 325 596 327 596 326 597 327 597 328 597 328 598 327 598 329 598 328 599 329 599 330 599 330 600 329 600 331 600 330 601 331 601 332 601 332 602 331 602 333 602 332 603 333 603 334 603 334 604 333 604 335 604 334 605 335 605 336 605 336 606 335 606 337 606 336 607 337 607 338 607 338 608 337 608 339 608 338 609 339 609 340 609 340 610 339 610 341 610 340 611 341 611 342 611 342 612 341 612 343 612 342 613 343 613 344 613 344 614 343 614 345 614 344 615 345 615 346 615 346 616 345 616 347 616 346 617 347 617 348 617 348 618 347 618 349 618 348 619 349 619 350 619 350 620 349 620 351 620 350 621 351 621 352 621 352 622 351 622 353 622 352 623 353 623 354 623 354 624 353 624 355 624 354 625 355 625 356 625 356 626 355 626 357 626 356 627 357 627 240 627 240 628 357 628 241 628 242 629 244 629 240 629 240 630 244 630 356 630 356 631 244 631 246 631 356 632 246 632 354 632 354 633 246 633 248 633 354 634 248 634 352 634 352 635 248 635 250 635 352 636 250 636 350 636 350 637 250 637 252 637 350 638 252 638 348 638 348 639 252 639 254 639 348 640 254 640 346 640 346 641 254 641 256 641 346 642 256 642 344 642 344 643 256 643 258 643 344 644 258 644 342 644 342 645 258 645 260 645 342 646 260 646 340 646 340 647 260 647 262 647 340 648 262 648 338 648 338 649 262 649 264 649 338 650 264 650 336 650 336 651 264 651 266 651 336 652 266 652 334 652 334 653 266 653 268 653 334 654 268 654 332 654 332 655 268 655 270 655 332 656 270 656 330 656 330 657 270 657 272 657 330 658 272 658 328 658 328 659 272 659 274 659 328 660 274 660 326 660 326 661 274 661 276 661 326 662 276 662 324 662 324 663 276 663 278 663 324 664 278 664 322 664 322 665 278 665 280 665 322 666 280 666 320 666 320 667 280 667 282 667 320 668 282 668 318 668 318 669 282 669 284 669 318 670 284 670 316 670 316 671 284 671 286 671 316 672 286 672 314 672 314 673 286 673 288 673 314 674 288 674 312 674 312 675 288 675 290 675 312 676 290 676 310 676 310 677 290 677 292 677 310 678 292 678 308 678 308 679 292 679 294 679 308 680 294 680 306 680 306 681 294 681 296 681 306 682 296 682 304 682 304 683 296 683 298 683 304 684 298 684 302 684 302 685 298 685 300 685 241 686 358 686 243 686 243 687 358 687 359 687 243 688 359 688 360 688 357 689 361 689 241 689 241 690 361 690 362 690 241 691 362 691 358 691 361 692 357 692 363 692 363 693 357 693 355 693 363 694 355 694 364 694 364 695 355 695 365 695 365 696 355 696 353 696 365 697 353 697 366 697 366 698 353 698 367 698 367 699 353 699 351 699 367 700 351 700 368 700 368 701 351 701 369 701 369 702 351 702 349 702 369 703 349 703 370 703 370 704 349 704 371 704 371 705 349 705 347 705 371 706 347 706 372 706 372 707 347 707 345 707 372 708 345 708 373 708 373 709 345 709 374 709 374 710 345 710 343 710 374 711 343 711 375 711 375 712 343 712 376 712 376 713 343 713 341 713 376 714 341 714 377 714 377 715 341 715 378 715 378 716 341 716 339 716 378 717 339 717 379 717 379 718 339 718 380 718 380 719 339 719 381 719 381 720 339 720 382 720 382 721 339 721 383 721 383 722 339 722 384 722 384 723 339 723 337 723 384 724 337 724 335 724 384 725 335 725 385 725 385 726 335 726 333 726 385 727 333 727 386 727 386 728 333 728 331 728 386 729 331 729 329 729 386 730 329 730 387 730 387 731 329 731 327 731 387 732 327 732 325 732 387 733 325 733 388 733 388 734 325 734 323 734 388 735 323 735 321 735 388 736 321 736 389 736 389 737 321 737 319 737 389 738 319 738 317 738 389 739 317 739 390 739 390 740 317 740 315 740 390 741 315 741 313 741 313 742 311 742 390 742 390 743 311 743 391 743 391 744 311 744 309 744 391 745 309 745 307 745 307 746 305 746 391 746 391 747 305 747 303 747 391 748 303 748 301 748 391 749 301 749 392 749 392 750 301 750 299 750 392 751 299 751 297 751 297 752 295 752 392 752 392 753 295 753 293 753 392 754 293 754 291 754 291 755 289 755 392 755 392 756 289 756 287 756 392 757 287 757 285 757 285 758 283 758 392 758 392 759 283 759 281 759 392 760 281 760 279 760 392 761 279 761 393 761 393 762 279 762 277 762 393 763 277 763 394 763 394 764 277 764 275 764 394 765 275 765 395 765 395 766 275 766 396 766 396 767 275 767 273 767 396 768 273 768 397 768 397 769 273 769 398 769 398 770 273 770 271 770 398 771 271 771 399 771 399 772 271 772 400 772 400 773 271 773 269 773 400 774 269 774 401 774 401 775 269 775 402 775 402 776 269 776 267 776 402 777 267 777 403 777 403 778 267 778 265 778 403 779 265 779 263 779 263 780 261 780 403 780 403 781 261 781 259 781 403 782 259 782 257 782 257 783 255 783 403 783 403 784 255 784 253 784 403 785 253 785 251 785 251 786 249 786 403 786 403 787 249 787 247 787 403 788 247 788 245 788 245 789 243 789 403 789 403 790 243 790 404 790 404 791 243 791 405 791 405 792 243 792 406 792 406 793 243 793 407 793 407 794 243 794 408 794 408 795 243 795 409 795 409 796 243 796 410 796 410 797 243 797 411 797 411 798 243 798 412 798 412 799 243 799 413 799 413 800 243 800 414 800 414 801 243 801 415 801 415 802 243 802 416 802 416 803 243 803 417 803 417 804 243 804 418 804 418 805 243 805 419 805 419 806 243 806 420 806 420 807 243 807 421 807 421 808 243 808 422 808 422 809 243 809 360 809 391 810 392 810 423 810 423 811 392 811 424 811 423 812 424 812 425 812 425 813 424 813 426 813 425 814 426 814 427 814 427 815 426 815 428 815 427 816 428 816 429 816 429 817 428 817 430 817 429 818 430 818 431 818 431 819 430 819 432 819 431 820 432 820 433 820 433 821 432 821 434 821 433 822 434 822 435 822 435 823 434 823 436 823 435 824 436 824 437 824 437 825 436 825 438 825 437 826 438 826 439 826 439 827 438 827 440 827 439 828 440 828 441 828 441 829 440 829 442 829 441 830 442 830 443 830 443 831 442 831 444 831 443 832 444 832 445 832 445 833 444 833 446 833 445 834 446 834 447 834 447 835 446 835 448 835 447 836 448 836 449 836 449 837 448 837 450 837 449 838 450 838 451 838 451 839 450 839 452 839 451 840 452 840 453 840 453 841 452 841 454 841 453 842 454 842 455 842 455 843 454 843 456 843 455 844 456 844 457 844 457 845 456 845 458 845 457 846 458 846 459 846 459 847 458 847 460 847 459 848 460 848 461 848 461 849 460 849 462 849 461 850 462 850 463 850 464 851 465 851 466 851 466 852 465 852 467 852 466 853 467 853 468 853 468 854 469 854 466 854 466 855 469 855 470 855 466 856 470 856 471 856 471 857 472 857 466 857 466 858 472 858 473 858 466 859 473 859 474 859 474 860 475 860 466 860 466 861 475 861 476 861 466 862 476 862 477 862 477 863 478 863 466 863 466 864 478 864 479 864 466 865 479 865 480 865 480 866 481 866 466 866 466 867 481 867 482 867 466 868 482 868 483 868 483 869 484 869 466 869 466 870 484 870 485 870 466 871 485 871 486 871 486 872 487 872 466 872 466 873 487 873 488 873 466 874 488 874 489 874 489 875 490 875 466 875 466 876 490 876 491 876 466 877 491 877 492 877 492 878 493 878 466 878 466 879 493 879 494 879 466 880 494 880 495 880 495 881 496 881 466 881 466 882 496 882 497 882 466 883 497 883 498 883 498 884 499 884 466 884 466 885 499 885 500 885 466 886 500 886 501 886 501 887 502 887 466 887 466 888 502 888 503 888 503 889 502 889 504 889 503 890 504 890 505 890 503 891 505 891 506 891 506 892 505 892 507 892 506 893 507 893 508 893 503 894 506 894 509 894 509 895 506 895 510 895 509 896 510 896 511 896 511 897 510 897 512 897 512 898 510 898 513 898 513 899 510 899 514 899 514 900 510 900 515 900 515 901 510 901 516 901 516 902 510 902 517 902 517 903 510 903 518 903 518 904 510 904 519 904 519 905 510 905 520 905 520 906 510 906 521 906 521 907 510 907 522 907 522 908 510 908 523 908 523 909 510 909 524 909 524 910 510 910 525 910 525 911 510 911 526 911 526 912 510 912 527 912 527 913 510 913 528 913 528 914 510 914 529 914 511 915 530 915 509 915 509 916 530 916 531 916 509 917 531 917 532 917 532 918 533 918 509 918 509 919 533 919 534 919 509 920 534 920 535 920 535 921 536 921 509 921 509 922 536 922 537 922 509 923 537 923 538 923 538 924 539 924 509 924 509 925 539 925 540 925 509 926 540 926 541 926 541 927 542 927 509 927 509 928 542 928 543 928 509 929 543 929 544 929 544 930 545 930 509 930 506 931 546 931 510 931 510 932 546 932 547 932 510 933 547 933 529 933 529 934 547 934 548 934 529 935 548 935 528 935 528 936 548 936 549 936 528 937 549 937 527 937 527 938 549 938 550 938 527 939 550 939 526 939 526 940 550 940 551 940 526 941 551 941 525 941 525 942 551 942 552 942 525 943 552 943 524 943 524 944 552 944 553 944 524 945 553 945 523 945 523 946 553 946 554 946 523 947 554 947 522 947 522 948 554 948 555 948 522 949 555 949 521 949 521 950 555 950 556 950 521 951 556 951 520 951 520 952 556 952 557 952 520 953 557 953 519 953 519 954 557 954 558 954 519 955 558 955 518 955 518 956 558 956 559 956 518 957 559 957 517 957 517 958 559 958 560 958 517 959 560 959 516 959 516 960 560 960 561 960 516 961 561 961 515 961 515 962 561 962 562 962 515 963 562 963 514 963 514 964 562 964 563 964 514 965 563 965 513 965 513 966 563 966 564 966 513 967 564 967 512 967 512 968 564 968 565 968 512 969 565 969 511 969 511 970 565 970 566 970 511 971 566 971 530 971 530 972 566 972 567 972 530 973 567 973 531 973 531 974 567 974 568 974 531 975 568 975 532 975 532 976 568 976 569 976 532 977 569 977 533 977 533 978 569 978 570 978 533 979 570 979 534 979 534 980 570 980 571 980 534 981 571 981 535 981 535 982 571 982 572 982 535 983 572 983 536 983 536 984 572 984 573 984 536 985 573 985 537 985 537 986 573 986 574 986 537 987 574 987 538 987 538 988 574 988 575 988 538 989 575 989 539 989 539 990 575 990 576 990 539 991 576 991 540 991 540 992 576 992 577 992 540 993 577 993 541 993 541 994 577 994 578 994 541 995 578 995 542 995 542 996 578 996 579 996 542 997 579 997 543 997 543 998 579 998 580 998 543 999 580 999 544 999 544 1000 580 1000 581 1000 544 1001 581 1001 545 1001 545 1002 581 1002 582 1002 545 1003 582 1003 509 1003 509 1004 582 1004 583 1004 509 1005 583 1005 503 1005 503 1006 583 1006 584 1006 585 1007 546 1007 508 1007 508 1008 546 1008 506 1008 586 1009 585 1009 507 1009 507 1010 585 1010 508 1010 358 1011 486 1011 359 1011 359 1012 486 1012 485 1012 359 1013 485 1013 484 1013 486 1014 358 1014 487 1014 487 1015 358 1015 362 1015 487 1016 362 1016 488 1016 488 1017 362 1017 361 1017 488 1018 361 1018 489 1018 489 1019 361 1019 363 1019 489 1020 363 1020 490 1020 490 1021 363 1021 364 1021 490 1022 364 1022 491 1022 491 1023 364 1023 365 1023 491 1024 365 1024 492 1024 492 1025 365 1025 366 1025 492 1026 366 1026 493 1026 493 1027 366 1027 367 1027 493 1028 367 1028 494 1028 494 1029 367 1029 368 1029 494 1030 368 1030 495 1030 495 1031 368 1031 369 1031 495 1032 369 1032 496 1032 496 1033 369 1033 370 1033 496 1034 370 1034 497 1034 497 1035 370 1035 371 1035 497 1036 371 1036 498 1036 498 1037 371 1037 372 1037 498 1038 372 1038 499 1038 499 1039 372 1039 373 1039 499 1040 373 1040 500 1040 500 1041 373 1041 374 1041 500 1042 374 1042 501 1042 501 1043 374 1043 375 1043 501 1044 375 1044 502 1044 502 1045 375 1045 376 1045 502 1046 376 1046 504 1046 504 1047 376 1047 377 1047 504 1048 377 1048 505 1048 505 1049 377 1049 378 1049 505 1050 378 1050 507 1050 507 1051 378 1051 379 1051 507 1052 379 1052 586 1052 586 1053 379 1053 587 1053 587 1054 379 1054 380 1054 587 1055 380 1055 588 1055 588 1056 380 1056 381 1056 588 1057 381 1057 589 1057 589 1058 381 1058 382 1058 589 1059 382 1059 590 1059 590 1060 382 1060 383 1060 590 1061 383 1061 591 1061 591 1062 383 1062 384 1062 591 1063 384 1063 592 1063 592 1064 384 1064 385 1064 592 1065 385 1065 593 1065 593 1066 385 1066 386 1066 593 1067 386 1067 594 1067 594 1068 386 1068 387 1068 594 1069 387 1069 595 1069 595 1070 387 1070 388 1070 595 1071 388 1071 596 1071 596 1072 388 1072 389 1072 596 1073 389 1073 597 1073 597 1074 389 1074 390 1074 597 1075 390 1075 598 1075 598 1076 390 1076 391 1076 598 1077 391 1077 599 1077 599 1078 391 1078 423 1078 599 1079 423 1079 600 1079 600 1080 423 1080 425 1080 600 1081 425 1081 601 1081 601 1082 425 1082 427 1082 601 1083 427 1083 602 1083 602 1084 427 1084 429 1084 602 1085 429 1085 603 1085 603 1086 429 1086 431 1086 603 1087 431 1087 604 1087 604 1088 431 1088 433 1088 604 1089 433 1089 605 1089 605 1090 433 1090 435 1090 605 1091 435 1091 606 1091 606 1092 435 1092 437 1092 606 1093 437 1093 607 1093 607 1094 437 1094 439 1094 607 1095 439 1095 608 1095 608 1096 439 1096 441 1096 608 1097 441 1097 609 1097 609 1098 441 1098 443 1098 609 1099 443 1099 610 1099 610 1100 443 1100 445 1100 610 1101 445 1101 611 1101 611 1102 445 1102 447 1102 611 1103 447 1103 612 1103 612 1104 447 1104 449 1104 612 1105 449 1105 613 1105 613 1106 449 1106 451 1106 613 1107 451 1107 614 1107 614 1108 451 1108 453 1108 614 1109 453 1109 615 1109 615 1110 453 1110 455 1110 615 1111 455 1111 616 1111 616 1112 455 1112 457 1112 616 1113 457 1113 617 1113 617 1114 457 1114 459 1114 617 1115 459 1115 618 1115 618 1116 459 1116 461 1116 618 1117 461 1117 619 1117 619 1118 461 1118 463 1118 619 1119 463 1119 620 1119 620 1120 463 1120 621 1120 621 1121 463 1121 462 1121 621 1122 462 1122 622 1122 622 1123 462 1123 460 1123 622 1124 460 1124 623 1124 623 1125 460 1125 458 1125 623 1126 458 1126 624 1126 624 1127 458 1127 456 1127 624 1128 456 1128 625 1128 625 1129 456 1129 454 1129 625 1130 454 1130 626 1130 626 1131 454 1131 452 1131 626 1132 452 1132 627 1132 627 1133 452 1133 450 1133 627 1134 450 1134 628 1134 628 1135 450 1135 448 1135 628 1136 448 1136 629 1136 629 1137 448 1137 446 1137 629 1138 446 1138 630 1138 630 1139 446 1139 444 1139 630 1140 444 1140 631 1140 631 1141 444 1141 442 1141 631 1142 442 1142 632 1142 632 1143 442 1143 440 1143 632 1144 440 1144 633 1144 633 1145 440 1145 438 1145 633 1146 438 1146 634 1146 634 1147 438 1147 436 1147 634 1148 436 1148 635 1148 635 1149 436 1149 434 1149 635 1150 434 1150 636 1150 636 1151 434 1151 432 1151 636 1152 432 1152 637 1152 637 1153 432 1153 430 1153 637 1154 430 1154 638 1154 638 1155 430 1155 428 1155 638 1156 428 1156 639 1156 639 1157 428 1157 426 1157 639 1158 426 1158 640 1158 640 1159 426 1159 424 1159 640 1160 424 1160 641 1160 641 1161 424 1161 392 1161 641 1162 392 1162 642 1162 642 1163 392 1163 393 1163 642 1164 393 1164 643 1164 643 1165 393 1165 394 1165 643 1166 394 1166 644 1166 644 1167 394 1167 395 1167 644 1168 395 1168 645 1168 645 1169 395 1169 396 1169 645 1170 396 1170 646 1170 646 1171 396 1171 397 1171 646 1172 397 1172 647 1172 647 1173 397 1173 398 1173 647 1174 398 1174 648 1174 648 1175 398 1175 399 1175 648 1176 399 1176 649 1176 649 1177 399 1177 400 1177 649 1178 400 1178 650 1178 650 1179 400 1179 401 1179 650 1180 401 1180 651 1180 651 1181 401 1181 402 1181 651 1182 402 1182 652 1182 652 1183 402 1183 403 1183 652 1184 403 1184 653 1184 653 1185 403 1185 404 1185 653 1186 404 1186 654 1186 654 1187 404 1187 464 1187 464 1188 404 1188 405 1188 464 1189 405 1189 465 1189 465 1190 405 1190 406 1190 465 1191 406 1191 467 1191 467 1192 406 1192 407 1192 467 1193 407 1193 468 1193 468 1194 407 1194 408 1194 468 1195 408 1195 469 1195 469 1196 408 1196 409 1196 469 1197 409 1197 470 1197 470 1198 409 1198 410 1198 470 1199 410 1199 471 1199 471 1200 410 1200 411 1200 471 1201 411 1201 472 1201 472 1202 411 1202 412 1202 472 1203 412 1203 473 1203 473 1204 412 1204 413 1204 473 1205 413 1205 474 1205 474 1206 413 1206 414 1206 474 1207 414 1207 475 1207 475 1208 414 1208 415 1208 475 1209 415 1209 476 1209 476 1210 415 1210 416 1210 476 1211 416 1211 477 1211 477 1212 416 1212 417 1212 477 1213 417 1213 478 1213 478 1214 417 1214 418 1214 478 1215 418 1215 479 1215 479 1216 418 1216 419 1216 479 1217 419 1217 480 1217 480 1218 419 1218 420 1218 480 1219 420 1219 481 1219 481 1220 420 1220 421 1220 481 1221 421 1221 482 1221 482 1222 421 1222 422 1222 482 1223 422 1223 483 1223 483 1224 422 1224 360 1224 483 1225 360 1225 484 1225 484 1226 360 1226 359 1226 655 1227 654 1227 466 1227 466 1228 654 1228 464 1228 584 1229 655 1229 503 1229 503 1230 655 1230 466 1230 586 1231 587 1231 585 1231 585 1232 587 1232 588 1232 585 1233 588 1233 589 1233 589 1234 590 1234 585 1234 585 1235 590 1235 591 1235 585 1236 591 1236 656 1236 656 1237 591 1237 592 1237 656 1238 592 1238 593 1238 657 1239 565 1239 656 1239 656 1240 565 1240 564 1240 656 1241 564 1241 563 1241 647 1242 648 1242 657 1242 657 1243 648 1243 649 1243 657 1244 649 1244 655 1244 655 1245 649 1245 650 1245 655 1246 650 1246 651 1246 651 1247 652 1247 655 1247 655 1248 652 1248 653 1248 655 1249 653 1249 654 1249 584 1250 583 1250 655 1250 655 1251 583 1251 582 1251 655 1252 582 1252 581 1252 655 1253 581 1253 657 1253 657 1254 581 1254 580 1254 657 1255 580 1255 579 1255 579 1256 578 1256 657 1256 657 1257 578 1257 577 1257 657 1258 577 1258 576 1258 576 1259 575 1259 657 1259 657 1260 575 1260 574 1260 657 1261 574 1261 573 1261 573 1262 572 1262 657 1262 657 1263 572 1263 571 1263 657 1264 571 1264 570 1264 570 1265 569 1265 657 1265 657 1266 569 1266 568 1266 657 1267 568 1267 567 1267 567 1268 566 1268 657 1268 657 1269 566 1269 565 1269 563 1270 562 1270 656 1270 656 1271 562 1271 561 1271 656 1272 561 1272 560 1272 560 1273 559 1273 656 1273 656 1274 559 1274 558 1274 656 1275 558 1275 557 1275 557 1276 556 1276 656 1276 656 1277 556 1277 555 1277 656 1278 555 1278 554 1278 554 1279 553 1279 656 1279 656 1280 553 1280 552 1280 656 1281 552 1281 551 1281 551 1282 550 1282 656 1282 656 1283 550 1283 549 1283 656 1284 549 1284 585 1284 585 1285 549 1285 548 1285 585 1286 548 1286 547 1286 547 1287 546 1287 585 1287 593 1288 594 1288 658 1288 658 1289 594 1289 595 1289 658 1290 595 1290 596 1290 596 1291 597 1291 658 1291 658 1292 597 1292 598 1292 658 1293 598 1293 599 1293 599 1294 600 1294 658 1294 658 1295 600 1295 601 1295 658 1296 601 1296 602 1296 602 1297 603 1297 658 1297 658 1298 603 1298 604 1298 658 1299 604 1299 605 1299 605 1300 606 1300 658 1300 658 1301 606 1301 607 1301 658 1302 607 1302 608 1302 608 1303 609 1303 658 1303 658 1304 609 1304 610 1304 658 1305 610 1305 611 1305 611 1306 612 1306 658 1306 658 1307 612 1307 613 1307 658 1308 613 1308 614 1308 614 1309 615 1309 658 1309 658 1310 615 1310 616 1310 658 1311 616 1311 617 1311 617 1312 618 1312 658 1312 658 1313 618 1313 619 1313 658 1314 619 1314 620 1314 620 1315 621 1315 659 1315 659 1316 621 1316 622 1316 659 1317 622 1317 623 1317 623 1318 624 1318 659 1318 659 1319 624 1319 625 1319 659 1320 625 1320 626 1320 626 1321 627 1321 659 1321 659 1322 627 1322 628 1322 659 1323 628 1323 629 1323 629 1324 630 1324 659 1324 659 1325 630 1325 631 1325 659 1326 631 1326 632 1326 632 1327 633 1327 659 1327 659 1328 633 1328 634 1328 659 1329 634 1329 635 1329 635 1330 636 1330 659 1330 659 1331 636 1331 637 1331 659 1332 637 1332 638 1332 638 1333 639 1333 659 1333 659 1334 639 1334 640 1334 659 1335 640 1335 641 1335 641 1336 642 1336 659 1336 659 1337 642 1337 643 1337 659 1338 643 1338 644 1338 644 1339 645 1339 659 1339 659 1340 645 1340 646 1340 659 1341 646 1341 647 1341 659 1342 660 1342 620 1342 620 1343 660 1343 661 1343 620 1344 661 1344 658 1344 662 1345 3 1345 656 1345 656 1346 3 1346 657 1346 660 1347 663 1347 661 1347 661 1348 663 1348 664 1348 661 1349 664 1349 665 1349 666 1350 667 1350 660 1350 660 1351 667 1351 668 1351 660 1352 668 1352 669 1352 670 1353 671 1353 666 1353 666 1354 671 1354 672 1354 666 1355 672 1355 673 1355 661 1356 674 1356 670 1356 670 1357 674 1357 675 1357 670 1358 675 1358 676 1358 677 1359 678 1359 660 1359 660 1360 678 1360 679 1360 660 1361 679 1361 663 1361 663 1362 679 1362 680 1362 680 1363 679 1363 681 1363 680 1364 681 1364 682 1364 682 1365 681 1365 683 1365 682 1366 683 1366 684 1366 684 1367 683 1367 685 1367 684 1368 685 1368 686 1368 686 1369 685 1369 687 1369 686 1370 687 1370 688 1370 688 1371 687 1371 689 1371 688 1372 689 1372 690 1372 690 1373 689 1373 691 1373 690 1374 691 1374 692 1374 692 1375 691 1375 693 1375 692 1376 693 1376 694 1376 694 1377 693 1377 695 1377 694 1378 695 1378 696 1378 696 1379 695 1379 697 1379 696 1380 697 1380 698 1380 698 1381 697 1381 699 1381 698 1382 699 1382 700 1382 700 1383 699 1383 701 1383 700 1384 701 1384 702 1384 702 1385 701 1385 703 1385 702 1386 703 1386 704 1386 704 1387 703 1387 705 1387 704 1388 705 1388 706 1388 706 1389 705 1389 707 1389 706 1390 707 1390 708 1390 708 1391 707 1391 709 1391 708 1392 709 1392 710 1392 710 1393 709 1393 711 1393 710 1394 711 1394 712 1394 712 1395 711 1395 713 1395 712 1396 713 1396 714 1396 714 1397 713 1397 715 1397 714 1398 715 1398 716 1398 716 1399 715 1399 717 1399 716 1400 717 1400 718 1400 718 1401 717 1401 719 1401 718 1402 719 1402 720 1402 720 1403 719 1403 721 1403 720 1404 721 1404 722 1404 722 1405 721 1405 671 1405 722 1406 671 1406 670 1406 673 1407 723 1407 666 1407 666 1408 723 1408 724 1408 666 1409 724 1409 725 1409 725 1410 726 1410 666 1410 666 1411 726 1411 727 1411 666 1412 727 1412 728 1412 728 1413 729 1413 666 1413 666 1414 729 1414 730 1414 666 1415 730 1415 731 1415 731 1416 732 1416 666 1416 666 1417 732 1417 667 1417 669 1418 733 1418 660 1418 660 1419 733 1419 734 1419 660 1420 734 1420 735 1420 735 1421 736 1421 660 1421 660 1422 736 1422 737 1422 660 1423 737 1423 738 1423 738 1424 739 1424 660 1424 660 1425 739 1425 740 1425 660 1426 740 1426 677 1426 665 1427 741 1427 661 1427 661 1428 741 1428 742 1428 661 1429 742 1429 743 1429 743 1430 744 1430 661 1430 661 1431 744 1431 745 1431 661 1432 745 1432 746 1432 746 1433 747 1433 661 1433 661 1434 747 1434 748 1434 661 1435 748 1435 749 1435 749 1436 750 1436 661 1436 661 1437 750 1437 674 1437 676 1438 751 1438 670 1438 670 1439 751 1439 752 1439 670 1440 752 1440 753 1440 753 1441 754 1441 670 1441 670 1442 754 1442 755 1442 670 1443 755 1443 756 1443 756 1444 757 1444 670 1444 670 1445 757 1445 758 1445 670 1446 758 1446 759 1446 759 1447 760 1447 670 1447 670 1448 760 1448 722 1448 662 1449 761 1449 3 1449 3 1450 761 1450 762 1450 3 1451 762 1451 763 1451 764 1452 765 1452 662 1452 662 1453 765 1453 766 1453 662 1454 766 1454 767 1454 768 1455 769 1455 764 1455 764 1456 769 1456 770 1456 764 1457 770 1457 771 1457 3 1458 772 1458 768 1458 768 1459 772 1459 773 1459 768 1460 773 1460 774 1460 771 1461 775 1461 764 1461 764 1462 775 1462 776 1462 764 1463 776 1463 777 1463 777 1464 778 1464 764 1464 764 1465 778 1465 779 1465 764 1466 779 1466 780 1466 780 1467 781 1467 764 1467 764 1468 781 1468 782 1468 764 1469 782 1469 783 1469 783 1470 784 1470 764 1470 764 1471 784 1471 765 1471 767 1472 785 1472 662 1472 662 1473 785 1473 786 1473 662 1474 786 1474 787 1474 787 1475 788 1475 662 1475 662 1476 788 1476 789 1476 662 1477 789 1477 790 1477 790 1478 791 1478 662 1478 662 1479 791 1479 792 1479 662 1480 792 1480 793 1480 793 1481 794 1481 662 1481 662 1482 794 1482 795 1482 662 1483 795 1483 761 1483 761 1484 795 1484 796 1484 796 1485 795 1485 797 1485 796 1486 797 1486 798 1486 798 1487 797 1487 799 1487 798 1488 799 1488 800 1488 800 1489 799 1489 801 1489 800 1490 801 1490 802 1490 802 1491 801 1491 803 1491 802 1492 803 1492 804 1492 804 1493 803 1493 805 1493 804 1494 805 1494 806 1494 806 1495 805 1495 807 1495 806 1496 807 1496 808 1496 808 1497 807 1497 809 1497 808 1498 809 1498 810 1498 810 1499 809 1499 811 1499 810 1500 811 1500 812 1500 812 1501 811 1501 813 1501 812 1502 813 1502 814 1502 814 1503 813 1503 815 1503 814 1504 815 1504 816 1504 816 1505 815 1505 817 1505 816 1506 817 1506 818 1506 818 1507 817 1507 819 1507 818 1508 819 1508 820 1508 820 1509 819 1509 821 1509 820 1510 821 1510 822 1510 822 1511 821 1511 823 1511 822 1512 823 1512 824 1512 824 1513 823 1513 825 1513 824 1514 825 1514 826 1514 826 1515 825 1515 827 1515 826 1516 827 1516 828 1516 828 1517 827 1517 829 1517 828 1518 829 1518 830 1518 830 1519 829 1519 831 1519 830 1520 831 1520 832 1520 832 1521 831 1521 833 1521 832 1522 833 1522 834 1522 834 1523 833 1523 835 1523 834 1524 835 1524 836 1524 836 1525 835 1525 837 1525 836 1526 837 1526 838 1526 838 1527 837 1527 769 1527 838 1528 769 1528 768 1528 839 1529 840 1529 768 1529 768 1530 840 1530 838 1530 763 1531 841 1531 3 1531 3 1532 841 1532 842 1532 3 1533 842 1533 843 1533 843 1534 844 1534 3 1534 3 1535 844 1535 845 1535 3 1536 845 1536 846 1536 846 1537 847 1537 3 1537 3 1538 847 1538 848 1538 3 1539 848 1539 849 1539 849 1540 850 1540 3 1540 3 1541 850 1541 772 1541 774 1542 851 1542 768 1542 768 1543 851 1543 852 1543 768 1544 852 1544 853 1544 853 1545 854 1545 768 1545 768 1546 854 1546 855 1546 768 1547 855 1547 856 1547 856 1548 857 1548 768 1548 768 1549 857 1549 858 1549 768 1550 858 1550 839 1550 859 1551 860 1551 861 1551 861 1552 860 1552 862 1552 861 1553 862 1553 863 1553 864 1554 865 1554 859 1554 859 1555 865 1555 866 1555 859 1556 866 1556 867 1556 868 1557 869 1557 864 1557 864 1558 869 1558 870 1558 864 1559 870 1559 871 1559 861 1560 872 1560 868 1560 868 1561 872 1561 873 1561 868 1562 873 1562 874 1562 871 1563 875 1563 864 1563 864 1564 875 1564 876 1564 864 1565 876 1565 877 1565 877 1566 878 1566 864 1566 864 1567 878 1567 879 1567 864 1568 879 1568 880 1568 880 1569 881 1569 864 1569 864 1570 881 1570 882 1570 864 1571 882 1571 883 1571 883 1572 884 1572 864 1572 864 1573 884 1573 865 1573 867 1574 885 1574 859 1574 859 1575 885 1575 886 1575 859 1576 886 1576 887 1576 887 1577 888 1577 859 1577 859 1578 888 1578 889 1578 859 1579 889 1579 890 1579 890 1580 891 1580 859 1580 859 1581 891 1581 892 1581 859 1582 892 1582 893 1582 893 1583 894 1583 859 1583 859 1584 894 1584 895 1584 859 1585 895 1585 860 1585 860 1586 895 1586 896 1586 896 1587 895 1587 897 1587 896 1588 897 1588 898 1588 898 1589 897 1589 899 1589 898 1590 899 1590 900 1590 900 1591 899 1591 901 1591 900 1592 901 1592 902 1592 902 1593 901 1593 903 1593 902 1594 903 1594 904 1594 904 1595 903 1595 905 1595 904 1596 905 1596 906 1596 906 1597 905 1597 907 1597 906 1598 907 1598 908 1598 908 1599 907 1599 909 1599 908 1600 909 1600 910 1600 910 1601 909 1601 911 1601 910 1602 911 1602 912 1602 912 1603 911 1603 913 1603 912 1604 913 1604 914 1604 914 1605 913 1605 915 1605 914 1606 915 1606 916 1606 916 1607 915 1607 917 1607 916 1608 917 1608 918 1608 918 1609 917 1609 919 1609 918 1610 919 1610 920 1610 920 1611 919 1611 921 1611 920 1612 921 1612 922 1612 922 1613 921 1613 923 1613 922 1614 923 1614 924 1614 924 1615 923 1615 925 1615 924 1616 925 1616 926 1616 926 1617 925 1617 927 1617 926 1618 927 1618 928 1618 928 1619 927 1619 929 1619 928 1620 929 1620 930 1620 930 1621 929 1621 931 1621 930 1622 931 1622 932 1622 932 1623 931 1623 933 1623 932 1624 933 1624 934 1624 934 1625 933 1625 935 1625 934 1626 935 1626 936 1626 936 1627 935 1627 937 1627 936 1628 937 1628 938 1628 938 1629 937 1629 869 1629 938 1630 869 1630 868 1630 939 1631 940 1631 868 1631 868 1632 940 1632 938 1632 863 1633 941 1633 861 1633 861 1634 941 1634 942 1634 861 1635 942 1635 943 1635 943 1636 944 1636 861 1636 861 1637 944 1637 945 1637 861 1638 945 1638 946 1638 946 1639 947 1639 861 1639 861 1640 947 1640 948 1640 861 1641 948 1641 949 1641 949 1642 950 1642 861 1642 861 1643 950 1643 872 1643 874 1644 951 1644 868 1644 868 1645 951 1645 952 1645 868 1646 952 1646 953 1646 953 1647 954 1647 868 1647 868 1648 954 1648 955 1648 868 1649 955 1649 956 1649 956 1650 957 1650 868 1650 868 1651 957 1651 958 1651 868 1652 958 1652 939 1652 959 1653 960 1653 961 1653 961 1654 960 1654 962 1654 961 1655 962 1655 963 1655 964 1656 965 1656 959 1656 959 1657 965 1657 966 1657 959 1658 966 1658 967 1658 968 1659 969 1659 964 1659 964 1660 969 1660 970 1660 964 1661 970 1661 971 1661 961 1662 972 1662 968 1662 968 1663 972 1663 973 1663 968 1664 973 1664 974 1664 975 1665 976 1665 959 1665 959 1666 976 1666 977 1666 959 1667 977 1667 960 1667 960 1668 977 1668 978 1668 978 1669 977 1669 979 1669 978 1670 979 1670 980 1670 980 1671 979 1671 981 1671 980 1672 981 1672 982 1672 982 1673 981 1673 983 1673 982 1674 983 1674 984 1674 984 1675 983 1675 985 1675 984 1676 985 1676 986 1676 986 1677 985 1677 987 1677 986 1678 987 1678 988 1678 988 1679 987 1679 989 1679 988 1680 989 1680 990 1680 990 1681 989 1681 991 1681 990 1682 991 1682 992 1682 992 1683 991 1683 993 1683 992 1684 993 1684 994 1684 994 1685 993 1685 995 1685 994 1686 995 1686 996 1686 996 1687 995 1687 997 1687 996 1688 997 1688 998 1688 998 1689 997 1689 999 1689 998 1690 999 1690 1000 1690 1000 1691 999 1691 1001 1691 1000 1692 1001 1692 1002 1692 1002 1693 1001 1693 1003 1693 1002 1694 1003 1694 1004 1694 1004 1695 1003 1695 1005 1695 1004 1696 1005 1696 1006 1696 1006 1697 1005 1697 1007 1697 1006 1698 1007 1698 1008 1698 1008 1699 1007 1699 1009 1699 1008 1700 1009 1700 1010 1700 1010 1701 1009 1701 1011 1701 1010 1702 1011 1702 1012 1702 1012 1703 1011 1703 1013 1703 1012 1704 1013 1704 1014 1704 1014 1705 1013 1705 1015 1705 1014 1706 1015 1706 1016 1706 1016 1707 1015 1707 1017 1707 1016 1708 1017 1708 1018 1708 1018 1709 1017 1709 1019 1709 1018 1710 1019 1710 1020 1710 1020 1711 1019 1711 969 1711 1020 1712 969 1712 968 1712 971 1713 1021 1713 964 1713 964 1714 1021 1714 1022 1714 964 1715 1022 1715 1023 1715 1023 1716 1024 1716 964 1716 964 1717 1024 1717 1025 1717 964 1718 1025 1718 1026 1718 1026 1719 1027 1719 964 1719 964 1720 1027 1720 1028 1720 964 1721 1028 1721 1029 1721 1029 1722 1030 1722 964 1722 964 1723 1030 1723 965 1723 967 1724 1031 1724 959 1724 959 1725 1031 1725 1032 1725 959 1726 1032 1726 1033 1726 1033 1727 1034 1727 959 1727 959 1728 1034 1728 1035 1728 959 1729 1035 1729 1036 1729 1036 1730 1037 1730 959 1730 959 1731 1037 1731 1038 1731 959 1732 1038 1732 975 1732 963 1733 1039 1733 961 1733 961 1734 1039 1734 1040 1734 961 1735 1040 1735 1041 1735 1041 1736 1042 1736 961 1736 961 1737 1042 1737 1043 1737 961 1738 1043 1738 1044 1738 1044 1739 1045 1739 961 1739 961 1740 1045 1740 1046 1740 961 1741 1046 1741 1047 1741 1047 1742 1048 1742 961 1742 961 1743 1048 1743 972 1743 974 1744 1049 1744 968 1744 968 1745 1049 1745 1050 1745 968 1746 1050 1746 1051 1746 1051 1747 1052 1747 968 1747 968 1748 1052 1748 1053 1748 968 1749 1053 1749 1054 1749 1054 1750 1055 1750 968 1750 968 1751 1055 1751 1056 1751 968 1752 1056 1752 1057 1752 1057 1753 1058 1753 968 1753 968 1754 1058 1754 1020 1754 677 1755 963 1755 678 1755 678 1756 963 1756 962 1756 678 1757 962 1757 679 1757 679 1758 962 1758 960 1758 679 1759 960 1759 681 1759 681 1760 960 1760 978 1760 681 1761 978 1761 683 1761 683 1762 978 1762 980 1762 683 1763 980 1763 685 1763 685 1764 980 1764 982 1764 685 1765 982 1765 687 1765 687 1766 982 1766 984 1766 687 1767 984 1767 689 1767 689 1768 984 1768 986 1768 689 1769 986 1769 691 1769 691 1770 986 1770 988 1770 691 1771 988 1771 693 1771 693 1772 988 1772 990 1772 693 1773 990 1773 695 1773 695 1774 990 1774 992 1774 695 1775 992 1775 697 1775 697 1776 992 1776 994 1776 697 1777 994 1777 699 1777 699 1778 994 1778 996 1778 699 1779 996 1779 701 1779 701 1780 996 1780 998 1780 701 1781 998 1781 703 1781 703 1782 998 1782 1000 1782 703 1783 1000 1783 705 1783 705 1784 1000 1784 1002 1784 705 1785 1002 1785 707 1785 707 1786 1002 1786 1004 1786 707 1787 1004 1787 709 1787 709 1788 1004 1788 1006 1788 709 1789 1006 1789 711 1789 711 1790 1006 1790 1008 1790 711 1791 1008 1791 713 1791 713 1792 1008 1792 1010 1792 713 1793 1010 1793 715 1793 715 1794 1010 1794 1012 1794 715 1795 1012 1795 717 1795 717 1796 1012 1796 1014 1796 717 1797 1014 1797 719 1797 719 1798 1014 1798 1016 1798 719 1799 1016 1799 721 1799 721 1800 1016 1800 1018 1800 721 1801 1018 1801 671 1801 671 1802 1018 1802 1020 1802 671 1803 1020 1803 672 1803 672 1804 1020 1804 1058 1804 672 1805 1058 1805 673 1805 673 1806 1058 1806 1057 1806 673 1807 1057 1807 723 1807 723 1808 1057 1808 1056 1808 723 1809 1056 1809 724 1809 724 1810 1056 1810 1055 1810 724 1811 1055 1811 725 1811 725 1812 1055 1812 1054 1812 725 1813 1054 1813 726 1813 726 1814 1054 1814 1053 1814 726 1815 1053 1815 727 1815 727 1816 1053 1816 1052 1816 727 1817 1052 1817 728 1817 728 1818 1052 1818 1051 1818 728 1819 1051 1819 729 1819 729 1820 1051 1820 1050 1820 729 1821 1050 1821 730 1821 730 1822 1050 1822 1049 1822 730 1823 1049 1823 731 1823 731 1824 1049 1824 974 1824 731 1825 974 1825 732 1825 732 1826 974 1826 973 1826 732 1827 973 1827 667 1827 667 1828 973 1828 972 1828 667 1829 972 1829 668 1829 668 1830 972 1830 1048 1830 668 1831 1048 1831 669 1831 669 1832 1048 1832 1047 1832 669 1833 1047 1833 733 1833 733 1834 1047 1834 1046 1834 733 1835 1046 1835 734 1835 734 1836 1046 1836 1045 1836 734 1837 1045 1837 735 1837 735 1838 1045 1838 1044 1838 735 1839 1044 1839 736 1839 736 1840 1044 1840 1043 1840 736 1841 1043 1841 737 1841 737 1842 1043 1842 1042 1842 737 1843 1042 1843 738 1843 738 1844 1042 1844 1041 1844 738 1845 1041 1845 739 1845 739 1846 1041 1846 1040 1846 739 1847 1040 1847 740 1847 740 1848 1040 1848 1039 1848 740 1849 1039 1849 677 1849 677 1850 1039 1850 963 1850 663 1851 977 1851 664 1851 664 1852 977 1852 976 1852 664 1853 976 1853 665 1853 665 1854 976 1854 975 1854 665 1855 975 1855 741 1855 741 1856 975 1856 1038 1856 741 1857 1038 1857 742 1857 742 1858 1038 1858 1037 1858 742 1859 1037 1859 743 1859 743 1860 1037 1860 1036 1860 743 1861 1036 1861 744 1861 744 1862 1036 1862 1035 1862 744 1863 1035 1863 745 1863 745 1864 1035 1864 1034 1864 745 1865 1034 1865 746 1865 746 1866 1034 1866 1033 1866 746 1867 1033 1867 747 1867 747 1868 1033 1868 1032 1868 747 1869 1032 1869 748 1869 748 1870 1032 1870 1031 1870 748 1871 1031 1871 749 1871 749 1872 1031 1872 967 1872 749 1873 967 1873 750 1873 750 1874 967 1874 966 1874 750 1875 966 1875 674 1875 674 1876 966 1876 965 1876 674 1877 965 1877 675 1877 675 1878 965 1878 1030 1878 675 1879 1030 1879 676 1879 676 1880 1030 1880 1029 1880 676 1881 1029 1881 751 1881 751 1882 1029 1882 1028 1882 751 1883 1028 1883 752 1883 752 1884 1028 1884 1027 1884 752 1885 1027 1885 753 1885 753 1886 1027 1886 1026 1886 753 1887 1026 1887 754 1887 754 1888 1026 1888 1025 1888 754 1889 1025 1889 755 1889 755 1890 1025 1890 1024 1890 755 1891 1024 1891 756 1891 756 1892 1024 1892 1023 1892 756 1893 1023 1893 757 1893 757 1894 1023 1894 1022 1894 757 1895 1022 1895 758 1895 758 1896 1022 1896 1021 1896 758 1897 1021 1897 759 1897 759 1898 1021 1898 971 1898 759 1899 971 1899 760 1899 760 1900 971 1900 970 1900 760 1901 970 1901 722 1901 722 1902 970 1902 969 1902 722 1903 969 1903 720 1903 720 1904 969 1904 1019 1904 720 1905 1019 1905 718 1905 718 1906 1019 1906 1017 1906 718 1907 1017 1907 716 1907 716 1908 1017 1908 1015 1908 716 1909 1015 1909 714 1909 714 1910 1015 1910 1013 1910 714 1911 1013 1911 712 1911 712 1912 1013 1912 1011 1912 712 1913 1011 1913 710 1913 710 1914 1011 1914 1009 1914 710 1915 1009 1915 708 1915 708 1916 1009 1916 1007 1916 708 1917 1007 1917 706 1917 706 1918 1007 1918 1005 1918 706 1919 1005 1919 704 1919 704 1920 1005 1920 1003 1920 704 1921 1003 1921 702 1921 702 1922 1003 1922 1001 1922 702 1923 1001 1923 700 1923 700 1924 1001 1924 999 1924 700 1925 999 1925 698 1925 698 1926 999 1926 997 1926 698 1927 997 1927 696 1927 696 1928 997 1928 995 1928 696 1929 995 1929 694 1929 694 1930 995 1930 993 1930 694 1931 993 1931 692 1931 692 1932 993 1932 991 1932 692 1933 991 1933 690 1933 690 1934 991 1934 989 1934 690 1935 989 1935 688 1935 688 1936 989 1936 987 1936 688 1937 987 1937 686 1937 686 1938 987 1938 985 1938 686 1939 985 1939 684 1939 684 1940 985 1940 983 1940 684 1941 983 1941 682 1941 682 1942 983 1942 981 1942 682 1943 981 1943 680 1943 680 1944 981 1944 979 1944 680 1945 979 1945 663 1945 663 1946 979 1946 977 1946 839 1947 871 1947 840 1947 840 1948 871 1948 870 1948 840 1949 870 1949 838 1949 838 1950 870 1950 869 1950 838 1951 869 1951 836 1951 836 1952 869 1952 937 1952 836 1953 937 1953 834 1953 834 1954 937 1954 935 1954 834 1955 935 1955 832 1955 832 1956 935 1956 933 1956 832 1957 933 1957 830 1957 830 1958 933 1958 931 1958 830 1959 931 1959 828 1959 828 1960 931 1960 929 1960 828 1961 929 1961 826 1961 826 1962 929 1962 927 1962 826 1963 927 1963 824 1963 824 1964 927 1964 925 1964 824 1965 925 1965 822 1965 822 1966 925 1966 923 1966 822 1967 923 1967 820 1967 820 1968 923 1968 921 1968 820 1969 921 1969 818 1969 818 1970 921 1970 919 1970 818 1971 919 1971 816 1971 816 1972 919 1972 917 1972 816 1973 917 1973 814 1973 814 1974 917 1974 915 1974 814 1975 915 1975 812 1975 812 1976 915 1976 913 1976 812 1977 913 1977 810 1977 810 1978 913 1978 911 1978 810 1979 911 1979 808 1979 808 1980 911 1980 909 1980 808 1981 909 1981 806 1981 806 1982 909 1982 907 1982 806 1983 907 1983 804 1983 804 1984 907 1984 905 1984 804 1985 905 1985 802 1985 802 1986 905 1986 903 1986 802 1987 903 1987 800 1987 800 1988 903 1988 901 1988 800 1989 901 1989 798 1989 798 1990 901 1990 899 1990 798 1991 899 1991 796 1991 796 1992 899 1992 897 1992 796 1993 897 1993 761 1993 761 1994 897 1994 895 1994 761 1995 895 1995 762 1995 762 1996 895 1996 894 1996 762 1997 894 1997 763 1997 763 1998 894 1998 893 1998 763 1999 893 1999 841 1999 841 2000 893 2000 892 2000 841 2001 892 2001 842 2001 842 2002 892 2002 891 2002 842 2003 891 2003 843 2003 843 2004 891 2004 890 2004 843 2005 890 2005 844 2005 844 2006 890 2006 889 2006 844 2007 889 2007 845 2007 845 2008 889 2008 888 2008 845 2009 888 2009 846 2009 846 2010 888 2010 887 2010 846 2011 887 2011 847 2011 847 2012 887 2012 886 2012 847 2013 886 2013 848 2013 848 2014 886 2014 885 2014 848 2015 885 2015 849 2015 849 2016 885 2016 867 2016 849 2017 867 2017 850 2017 850 2018 867 2018 866 2018 850 2019 866 2019 772 2019 772 2020 866 2020 865 2020 772 2021 865 2021 773 2021 773 2022 865 2022 884 2022 773 2023 884 2023 774 2023 774 2024 884 2024 883 2024 774 2025 883 2025 851 2025 851 2026 883 2026 882 2026 851 2027 882 2027 852 2027 852 2028 882 2028 881 2028 852 2029 881 2029 853 2029 853 2030 881 2030 880 2030 853 2031 880 2031 854 2031 854 2032 880 2032 879 2032 854 2033 879 2033 855 2033 855 2034 879 2034 878 2034 855 2035 878 2035 856 2035 856 2036 878 2036 877 2036 856 2037 877 2037 857 2037 857 2038 877 2038 876 2038 857 2039 876 2039 858 2039 858 2040 876 2040 875 2040 858 2041 875 2041 839 2041 839 2042 875 2042 871 2042 769 2043 938 2043 770 2043 770 2044 938 2044 940 2044 770 2045 940 2045 771 2045 771 2046 940 2046 939 2046 771 2047 939 2047 775 2047 775 2048 939 2048 958 2048 775 2049 958 2049 776 2049 776 2050 958 2050 957 2050 776 2051 957 2051 777 2051 777 2052 957 2052 956 2052 777 2053 956 2053 778 2053 778 2054 956 2054 955 2054 778 2055 955 2055 779 2055 779 2056 955 2056 954 2056 779 2057 954 2057 780 2057 780 2058 954 2058 953 2058 780 2059 953 2059 781 2059 781 2060 953 2060 952 2060 781 2061 952 2061 782 2061 782 2062 952 2062 951 2062 782 1967 951 1967 783 1967 783 2063 951 2063 874 2063 783 2064 874 2064 784 2064 784 2065 874 2065 873 2065 784 2066 873 2066 765 2066 765 2067 873 2067 872 2067 765 2068 872 2068 766 2068 766 2069 872 2069 950 2069 766 2070 950 2070 767 2070 767 2071 950 2071 949 2071 767 2072 949 2072 785 2072 785 2073 949 2073 948 2073 785 2074 948 2074 786 2074 786 2075 948 2075 947 2075 786 2076 947 2076 787 2076 787 2077 947 2077 946 2077 787 2078 946 2078 788 2078 788 2079 946 2079 945 2079 788 2080 945 2080 789 2080 789 2081 945 2081 944 2081 789 2082 944 2082 790 2082 790 2083 944 2083 943 2083 790 2084 943 2084 791 2084 791 2085 943 2085 942 2085 791 2086 942 2086 792 2086 792 2087 942 2087 941 2087 792 2088 941 2088 793 2088 793 2089 941 2089 863 2089 793 2090 863 2090 794 2090 794 2091 863 2091 862 2091 794 2092 862 2092 795 2092 795 2093 862 2093 860 2093 795 2094 860 2094 797 2094 797 2095 860 2095 896 2095 797 2096 896 2096 799 2096 799 2097 896 2097 898 2097 799 2098 898 2098 801 2098 801 2099 898 2099 900 2099 801 2100 900 2100 803 2100 803 2101 900 2101 902 2101 803 2102 902 2102 805 2102 805 2103 902 2103 904 2103 805 2104 904 2104 807 2104 807 2105 904 2105 906 2105 807 2106 906 2106 809 2106 809 2107 906 2107 908 2107 809 2108 908 2108 811 2108 811 2109 908 2109 910 2109 811 2110 910 2110 813 2110 813 2111 910 2111 912 2111 813 2112 912 2112 815 2112 815 2113 912 2113 914 2113 815 2114 914 2114 817 2114 817 2115 914 2115 916 2115 817 2116 916 2116 819 2116 819 2117 916 2117 918 2117 819 2118 918 2118 821 2118 821 2119 918 2119 920 2119 821 2120 920 2120 823 2120 823 2121 920 2121 922 2121 823 2122 922 2122 825 2122 825 2123 922 2123 924 2123 825 2124 924 2124 827 2124 827 2125 924 2125 926 2125 827 2126 926 2126 829 2126 829 2127 926 2127 928 2127 829 2128 928 2128 831 2128 831 2129 928 2129 930 2129 831 2130 930 2130 833 2130 833 2131 930 2131 932 2131 833 2132 932 2132 835 2132 835 2133 932 2133 934 2133 835 2134 934 2134 837 2134 837 2135 934 2135 936 2135 837 2136 936 2136 769 2136 769 2137 936 2137 938 2137 868 2138 864 2138 764 2138 764 2139 864 2139 768 2139 968 2140 964 2140 666 2140 666 2141 964 2141 670 2141 1059 2142 1060 2142 961 2142 961 2143 1060 2143 959 2143 1061 2144 1059 2144 859 2144 859 2145 1059 2145 961 2145 859 2146 961 2146 647 2146 647 2147 961 2147 660 2147 647 2148 660 2148 659 2148 961 2149 968 2149 660 2149 660 2150 968 2150 666 2150 657 2151 3 2151 647 2151 647 2152 3 2152 859 2152 3 2153 768 2153 859 2153 859 2154 768 2154 864 2154 1062 2155 1061 2155 861 2155 861 2156 1061 2156 859 2156 1060 2157 1062 2157 959 2157 959 2158 1062 2158 861 2158 959 2159 861 2159 593 2159 593 2160 861 2160 662 2160 593 2161 662 2161 656 2161 861 2162 868 2162 662 2162 662 2163 868 2163 764 2163 658 2164 661 2164 593 2164 593 2165 661 2165 959 2165 661 2166 670 2166 959 2166 959 2167 670 2167 964 2167 1060 2168 1059 2168 1062 2168 1062 2169 1059 2169 1061 2169 1063 2170 1064 2170 1065 2170 1065 2171 1064 2171 1066 2171 1065 2172 1066 2172 1067 2172 1067 2173 1066 2173 1068 2173 1067 2174 1068 2174 1069 2174 1069 2175 1068 2175 1070 2175 1069 2176 1070 2176 1071 2176 1071 2177 1070 2177 1072 2177 1071 2178 1072 2178 1073 2178 1073 2179 1072 2179 1074 2179 1073 2180 1074 2180 1075 2180 1075 2181 1074 2181 1076 2181 1075 2182 1076 2182 1077 2182 1077 2183 1076 2183 1078 2183 1077 2184 1078 2184 1079 2184 1079 2185 1078 2185 1080 2185 1079 2186 1080 2186 1081 2186 1081 2187 1080 2187 1082 2187 1081 2188 1082 2188 1063 2188 1063 2189 1082 2189 1064 2189 1083 2190 1084 2190 1085 2190 1085 2191 1084 2191 1086 2191 1085 2192 1086 2192 1087 2192 1087 2193 1086 2193 1088 2193 1087 2194 1088 2194 1089 2194 1089 2195 1088 2195 1090 2195 1089 2196 1090 2196 1091 2196 1091 2197 1090 2197 1092 2197 1091 2198 1092 2198 1093 2198 1093 2199 1092 2199 1094 2199 1093 2200 1094 2200 1095 2200 1095 2201 1094 2201 1096 2201 1095 2202 1096 2202 1097 2202 1097 2203 1096 2203 1098 2203 1097 2204 1098 2204 1099 2204 1099 2205 1098 2205 1100 2205 1099 2206 1100 2206 1101 2206 1101 2207 1100 2207 1102 2207 1101 2208 1102 2208 1083 2208 1083 2209 1102 2209 1084 2209 1103 2210 1104 2210 1105 2210 1105 2211 1104 2211 1106 2211 1105 2212 1106 2212 1107 2212 1107 2213 1106 2213 1108 2213 1107 2214 1108 2214 1109 2214 1109 2215 1108 2215 1110 2215 1109 2216 1110 2216 1111 2216 1111 2217 1110 2217 1112 2217 1111 2218 1112 2218 1113 2218 1113 2219 1112 2219 1114 2219 1113 2220 1114 2220 1115 2220 1115 2221 1114 2221 1116 2221 1115 2222 1116 2222 1117 2222 1117 2223 1116 2223 1118 2223 1117 2224 1118 2224 1119 2224 1119 2225 1118 2225 1120 2225 1119 2226 1120 2226 1121 2226 1121 2227 1120 2227 1122 2227 1121 2228 1122 2228 1103 2228 1103 2229 1122 2229 1104 2229 1123 2230 1124 2230 1125 2230 1125 2231 1124 2231 1126 2231 1125 2232 1126 2232 1127 2232 1127 2233 1126 2233 1128 2233 1127 2234 1128 2234 1129 2234 1129 2235 1128 2235 1130 2235 1129 2236 1130 2236 1131 2236 1131 2237 1130 2237 1132 2237 1131 2238 1132 2238 1133 2238 1133 2239 1132 2239 1134 2239 1133 2240 1134 2240 1135 2240 1135 2241 1134 2241 1136 2241 1135 2242 1136 2242 1137 2242 1137 2243 1136 2243 1138 2243 1137 2244 1138 2244 1139 2244 1139 2245 1138 2245 1140 2245 1139 2246 1140 2246 1141 2246 1141 2247 1140 2247 1142 2247 1141 2248 1142 2248 1123 2248 1123 2249 1142 2249 1124 2249 1143 2250 1144 2250 1145 2250 1145 2251 1144 2251 1146 2251 1147 2252 1143 2252 1148 2252 1148 2253 1143 2253 1145 2253 1149 2254 1150 2254 1151 2254 1151 2255 1150 2255 1152 2255 1151 2256 1152 2256 1153 2256 1151 2257 1153 2257 1154 2257 1154 2258 1153 2258 1155 2258 1154 2259 1155 2259 1156 2259 1156 2260 1155 2260 1157 2260 1156 2261 1157 2261 1158 2261 1158 2262 1157 2262 1159 2262 1158 2263 1159 2263 1160 2263 1160 2264 1159 2264 1161 2264 1160 2265 1161 2265 1162 2265 1162 2266 1161 2266 1163 2266 1162 2267 1163 2267 1164 2267 1164 2268 1163 2268 1165 2268 1164 2269 1165 2269 1166 2269 1166 2270 1165 2270 1167 2270 1166 2271 1167 2271 1168 2271 1168 2272 1167 2272 1169 2272 1168 2273 1169 2273 1170 2273 1170 2274 1169 2274 1171 2274 1170 2275 1171 2275 1172 2275 1172 2276 1171 2276 1173 2276 1172 2277 1173 2277 1174 2277 1174 2278 1173 2278 1175 2278 1174 2279 1175 2279 1176 2279 1176 2280 1175 2280 1177 2280 1176 2281 1177 2281 1178 2281 1178 2282 1177 2282 1179 2282 1178 2283 1179 2283 1180 2283 1180 2284 1179 2284 1181 2284 1180 2285 1181 2285 1182 2285 1182 2286 1181 2286 1183 2286 1182 2287 1183 2287 1184 2287 1184 2288 1183 2288 1185 2288 1184 2289 1185 2289 1186 2289 1186 2290 1185 2290 1147 2290 1186 2291 1147 2291 1148 2291 1187 2292 1150 2292 1188 2292 1188 2293 1150 2293 1149 2293 1146 2294 1144 2294 1189 2294 1189 2295 1144 2295 1190 2295 1189 2296 1190 2296 1191 2296 1189 2297 1191 2297 1192 2297 1192 2298 1191 2298 1193 2298 1192 2299 1193 2299 1194 2299 1194 2300 1193 2300 1195 2300 1194 2301 1195 2301 1196 2301 1196 2302 1195 2302 1197 2302 1196 2303 1197 2303 1198 2303 1198 2304 1197 2304 1199 2304 1198 2305 1199 2305 1200 2305 1200 2306 1199 2306 1201 2306 1200 2307 1201 2307 1202 2307 1202 2308 1201 2308 1203 2308 1202 2309 1203 2309 1204 2309 1204 2310 1203 2310 1205 2310 1204 2311 1205 2311 1206 2311 1206 2312 1205 2312 1207 2312 1206 2313 1207 2313 1208 2313 1208 2314 1207 2314 1209 2314 1208 2315 1209 2315 1210 2315 1210 2316 1209 2316 1211 2316 1210 2317 1211 2317 1212 2317 1212 2318 1211 2318 1213 2318 1212 2319 1213 2319 1214 2319 1214 2320 1213 2320 1187 2320 1214 2321 1187 2321 1188 2321 1064 2322 1187 2322 1066 2322 1066 2323 1187 2323 1140 2323 1066 2324 1140 2324 1138 2324 1187 2325 1064 2325 1150 2325 1150 2326 1064 2326 1082 2326 1150 2327 1082 2327 1157 2327 1157 2328 1082 2328 1159 2328 1159 2329 1082 2329 1080 2329 1159 2330 1080 2330 1161 2330 1161 2331 1080 2331 1078 2331 1161 2332 1078 2332 1163 2332 1163 2333 1078 2333 1076 2333 1163 2334 1076 2334 1074 2334 1163 2335 1074 2335 1165 2335 1165 2336 1074 2336 1072 2336 1165 2337 1072 2337 1120 2337 1120 2338 1072 2338 1122 2338 1122 2339 1072 2339 1070 2339 1122 2340 1070 2340 1104 2340 1104 2341 1070 2341 1068 2341 1104 2342 1068 2342 1138 2342 1138 2343 1068 2343 1066 2343 1084 2344 1134 2344 1086 2344 1086 2345 1134 2345 1132 2345 1086 2346 1132 2346 1143 2346 1143 2347 1132 2347 1193 2347 1143 2348 1193 2348 1191 2348 1102 2349 1110 2349 1084 2349 1084 2350 1110 2350 1108 2350 1084 2351 1108 2351 1134 2351 1134 2352 1108 2352 1136 2352 1136 2353 1108 2353 1106 2353 1136 2354 1106 2354 1138 2354 1138 2355 1106 2355 1104 2355 1110 2356 1102 2356 1112 2356 1112 2357 1102 2357 1100 2357 1112 2358 1100 2358 1171 2358 1171 2359 1100 2359 1098 2359 1171 2360 1098 2360 1173 2360 1173 2361 1098 2361 1096 2361 1173 2362 1096 2362 1094 2362 1173 2363 1094 2363 1175 2363 1175 2364 1094 2364 1092 2364 1175 2365 1092 2365 1177 2365 1177 2366 1092 2366 1090 2366 1177 2367 1090 2367 1179 2367 1179 2368 1090 2368 1147 2368 1179 2369 1147 2369 1181 2369 1181 2370 1147 2370 1183 2370 1183 2371 1147 2371 1185 2371 1090 2372 1088 2372 1147 2372 1147 2373 1088 2373 1143 2373 1143 2374 1088 2374 1086 2374 1165 2375 1120 2375 1167 2375 1167 2376 1120 2376 1118 2376 1167 2377 1118 2377 1116 2377 1167 2378 1116 2378 1169 2378 1169 2379 1116 2379 1114 2379 1169 2380 1114 2380 1112 2380 1128 2381 1126 2381 1201 2381 1201 2382 1126 2382 1124 2382 1201 2383 1124 2383 1203 2383 1203 2384 1124 2384 1142 2384 1203 2385 1142 2385 1205 2385 1205 2386 1142 2386 1140 2386 1205 2387 1140 2387 1207 2387 1207 2388 1140 2388 1209 2388 1209 2389 1140 2389 1187 2389 1209 2390 1187 2390 1211 2390 1211 2391 1187 2391 1213 2391 1130 2392 1197 2392 1132 2392 1132 2393 1197 2393 1195 2393 1132 2394 1195 2394 1193 2394 1197 2395 1130 2395 1199 2395 1199 2396 1130 2396 1128 2396 1199 2397 1128 2397 1201 2397 1191 2398 1190 2398 1143 2398 1143 2399 1190 2399 1144 2399 1171 2400 1169 2400 1112 2400 1157 2401 1155 2401 1150 2401 1150 2402 1155 2402 1153 2402 1150 2403 1153 2403 1152 2403 1067 2404 1137 2404 1065 2404 1065 2405 1137 2405 1139 2405 1065 2406 1139 2406 1188 2406 1188 2407 1139 2407 1210 2407 1188 2408 1210 2408 1212 2408 1069 2409 1121 2409 1067 2409 1067 2410 1121 2410 1103 2410 1067 2411 1103 2411 1137 2411 1137 2412 1103 2412 1105 2412 1137 2413 1105 2413 1135 2413 1135 2414 1105 2414 1107 2414 1135 2415 1107 2415 1133 2415 1133 2416 1107 2416 1083 2416 1133 2417 1083 2417 1085 2417 1121 2418 1069 2418 1119 2418 1119 2419 1069 2419 1071 2419 1119 2420 1071 2420 1166 2420 1166 2421 1071 2421 1073 2421 1166 2422 1073 2422 1164 2422 1164 2423 1073 2423 1075 2423 1164 2424 1075 2424 1077 2424 1164 2425 1077 2425 1162 2425 1162 2426 1077 2426 1079 2426 1162 2427 1079 2427 1160 2427 1160 2428 1079 2428 1081 2428 1160 2429 1081 2429 1158 2429 1158 2430 1081 2430 1149 2430 1158 2431 1149 2431 1156 2431 1156 2432 1149 2432 1154 2432 1154 2433 1149 2433 1151 2433 1081 2434 1063 2434 1149 2434 1149 2435 1063 2435 1188 2435 1188 2436 1063 2436 1065 2436 1087 2437 1145 2437 1085 2437 1085 2438 1145 2438 1131 2438 1085 2439 1131 2439 1133 2439 1145 2440 1087 2440 1148 2440 1148 2441 1087 2441 1089 2441 1148 2442 1089 2442 1180 2442 1180 2443 1089 2443 1178 2443 1178 2444 1089 2444 1091 2444 1178 2445 1091 2445 1176 2445 1176 2446 1091 2446 1093 2446 1176 2447 1093 2447 1174 2447 1174 2448 1093 2448 1095 2448 1174 2449 1095 2449 1097 2449 1174 2450 1097 2450 1172 2450 1172 2451 1097 2451 1099 2451 1172 2452 1099 2452 1111 2452 1111 2453 1099 2453 1109 2453 1109 2454 1099 2454 1101 2454 1109 2455 1101 2455 1107 2455 1107 2456 1101 2456 1083 2456 1172 2457 1111 2457 1170 2457 1170 2458 1111 2458 1113 2458 1170 2459 1113 2459 1115 2459 1170 2460 1115 2460 1168 2460 1168 2461 1115 2461 1117 2461 1168 2462 1117 2462 1119 2462 1123 2463 1125 2463 1202 2463 1202 2464 1125 2464 1127 2464 1202 2465 1127 2465 1200 2465 1200 2466 1127 2466 1129 2466 1200 2467 1129 2467 1198 2467 1198 2468 1129 2468 1131 2468 1198 2469 1131 2469 1196 2469 1196 2470 1131 2470 1194 2470 1194 2471 1131 2471 1145 2471 1194 2472 1145 2472 1192 2472 1192 2473 1145 2473 1189 2473 1189 2474 1145 2474 1146 2474 1141 2475 1206 2475 1139 2475 1139 2476 1206 2476 1208 2476 1139 2477 1208 2477 1210 2477 1206 2478 1141 2478 1204 2478 1204 2479 1141 2479 1123 2479 1204 2480 1123 2480 1202 2480 1212 2481 1214 2481 1188 2481 1166 2482 1168 2482 1119 2482 1180 2483 1182 2483 1148 2483 1148 2484 1182 2484 1184 2484 1148 2485 1184 2485 1186 2485 1215 2486 1216 2486 1217 2486 1217 2487 1216 2487 1218 2487 1217 2488 1218 2488 1219 2488 1219 2489 1218 2489 1220 2489 1219 2490 1220 2490 1221 2490 1221 2491 1220 2491 1222 2491 1221 2492 1222 2492 1223 2492 1223 2493 1222 2493 1224 2493 1223 2494 1224 2494 1225 2494 1225 2495 1224 2495 1226 2495 1225 2496 1226 2496 1227 2496 1227 2497 1226 2497 1228 2497 1227 2498 1228 2498 1229 2498 1229 2499 1228 2499 1230 2499 1229 2500 1230 2500 1231 2500 1231 2501 1230 2501 1232 2501 1231 2502 1232 2502 1215 2502 1215 2503 1232 2503 1216 2503 1233 2504 1234 2504 1235 2504 1235 2505 1234 2505 1236 2505 1235 2506 1236 2506 1237 2506 1237 2507 1236 2507 1238 2507 1237 2508 1238 2508 1239 2508 1239 2509 1238 2509 1240 2509 1239 2510 1240 2510 1241 2510 1241 2511 1240 2511 1242 2511 1241 2512 1242 2512 1243 2512 1243 2513 1242 2513 1244 2513 1243 2514 1244 2514 1245 2514 1245 2515 1244 2515 1246 2515 1245 2516 1246 2516 1247 2516 1247 2517 1246 2517 1248 2517 1247 2518 1248 2518 1249 2518 1249 2519 1248 2519 1250 2519 1249 2520 1250 2520 1251 2520 1251 2521 1250 2521 1252 2521 1251 2522 1252 2522 1253 2522 1253 2523 1252 2523 1254 2523 1253 2524 1254 2524 1255 2524 1255 2525 1254 2525 1256 2525 1255 2526 1256 2526 1257 2526 1257 2527 1256 2527 1258 2527 1257 2528 1258 2528 1259 2528 1259 2529 1258 2529 1260 2529 1259 2530 1260 2530 1261 2530 1261 2531 1260 2531 1262 2531 1261 2532 1262 2532 1233 2532 1233 2533 1262 2533 1234 2533 1216 2534 1238 2534 1218 2534 1218 2535 1238 2535 1236 2535 1218 2536 1236 2536 1234 2536 1232 2537 1242 2537 1216 2537 1216 2538 1242 2538 1240 2538 1216 2539 1240 2539 1238 2539 1242 2540 1232 2540 1244 2540 1244 2541 1232 2541 1230 2541 1244 2542 1230 2542 1246 2542 1246 2543 1230 2543 1248 2543 1248 2544 1230 2544 1228 2544 1248 2545 1228 2545 1250 2545 1250 2546 1228 2546 1226 2546 1250 2547 1226 2547 1252 2547 1252 2548 1226 2548 1254 2548 1254 2549 1226 2549 1224 2549 1254 2550 1224 2550 1256 2550 1256 2551 1224 2551 1258 2551 1258 2552 1224 2552 1222 2552 1258 2553 1222 2553 1260 2553 1260 2554 1222 2554 1220 2554 1260 2555 1220 2555 1262 2555 1262 2556 1220 2556 1234 2556 1234 2557 1220 2557 1218 2557 1219 2558 1233 2558 1217 2558 1217 2559 1233 2559 1235 2559 1217 2560 1235 2560 1237 2560 1221 2561 1259 2561 1219 2561 1219 2562 1259 2562 1261 2562 1219 2563 1261 2563 1233 2563 1259 2564 1221 2564 1257 2564 1257 2565 1221 2565 1223 2565 1257 2566 1223 2566 1255 2566 1255 2567 1223 2567 1253 2567 1253 2568 1223 2568 1225 2568 1253 2569 1225 2569 1251 2569 1251 2570 1225 2570 1227 2570 1251 2571 1227 2571 1249 2571 1249 2572 1227 2572 1247 2572 1247 2573 1227 2573 1229 2573 1247 2574 1229 2574 1245 2574 1245 2575 1229 2575 1243 2575 1243 2576 1229 2576 1231 2576 1243 2577 1231 2577 1241 2577 1241 2578 1231 2578 1215 2578 1241 2579 1215 2579 1239 2579 1239 2580 1215 2580 1237 2580 1237 2581 1215 2581 1217 2581 1263 2582 1264 2582 1265 2582 1265 2583 1264 2583 1266 2583 1265 2584 1266 2584 1267 2584 1267 2585 1266 2585 1268 2585 1267 2586 1268 2586 1269 2586 1269 2587 1268 2587 1270 2587 1269 2588 1270 2588 1271 2588 1271 2589 1270 2589 1272 2589 1271 2590 1272 2590 1273 2590 1273 2591 1272 2591 1274 2591 1273 2592 1274 2592 1275 2592 1275 2593 1274 2593 1276 2593 1275 2594 1276 2594 1277 2594 1277 2595 1276 2595 1278 2595 1277 2596 1278 2596 1279 2596 1279 2597 1278 2597 1280 2597 1279 2598 1280 2598 1263 2598 1263 2599 1280 2599 1264 2599 1281 2600 1282 2600 1283 2600 1283 2601 1282 2601 1284 2601 1283 2602 1284 2602 1285 2602 1285 2603 1284 2603 1286 2603 1285 2604 1286 2604 1287 2604 1287 2605 1286 2605 1288 2605 1287 2606 1288 2606 1289 2606 1289 2607 1288 2607 1290 2607 1289 2608 1290 2608 1291 2608 1291 2609 1290 2609 1292 2609 1291 2610 1292 2610 1293 2610 1293 2611 1292 2611 1294 2611 1293 2612 1294 2612 1295 2612 1295 2613 1294 2613 1296 2613 1295 2614 1296 2614 1297 2614 1297 2615 1296 2615 1298 2615 1297 2616 1298 2616 1299 2616 1299 2617 1298 2617 1300 2617 1299 2618 1300 2618 1301 2618 1301 2619 1300 2619 1302 2619 1301 2620 1302 2620 1303 2620 1303 2621 1302 2621 1304 2621 1303 2622 1304 2622 1305 2622 1305 2623 1304 2623 1306 2623 1305 2624 1306 2624 1307 2624 1307 2625 1306 2625 1308 2625 1307 2626 1308 2626 1309 2626 1309 2627 1308 2627 1310 2627 1309 2628 1310 2628 1281 2628 1281 2629 1310 2629 1282 2629 1264 2630 1286 2630 1266 2630 1266 2631 1286 2631 1284 2631 1266 2632 1284 2632 1282 2632 1280 2633 1290 2633 1264 2633 1264 2634 1290 2634 1288 2634 1264 2635 1288 2635 1286 2635 1290 2636 1280 2636 1292 2636 1292 2637 1280 2637 1278 2637 1292 2638 1278 2638 1294 2638 1294 2639 1278 2639 1296 2639 1296 2640 1278 2640 1276 2640 1296 2641 1276 2641 1298 2641 1298 2642 1276 2642 1274 2642 1298 2643 1274 2643 1300 2643 1300 2644 1274 2644 1302 2644 1302 2645 1274 2645 1272 2645 1302 2646 1272 2646 1304 2646 1304 2647 1272 2647 1306 2647 1306 2648 1272 2648 1270 2648 1306 2649 1270 2649 1308 2649 1308 2650 1270 2650 1268 2650 1308 2651 1268 2651 1310 2651 1310 2652 1268 2652 1282 2652 1282 2653 1268 2653 1266 2653 1267 2654 1281 2654 1265 2654 1265 2655 1281 2655 1283 2655 1265 2656 1283 2656 1285 2656 1269 2657 1307 2657 1267 2657 1267 2658 1307 2658 1309 2658 1267 2659 1309 2659 1281 2659 1307 2660 1269 2660 1305 2660 1305 2661 1269 2661 1271 2661 1305 2662 1271 2662 1303 2662 1303 2663 1271 2663 1301 2663 1301 2664 1271 2664 1273 2664 1301 2665 1273 2665 1299 2665 1299 2666 1273 2666 1275 2666 1299 2667 1275 2667 1297 2667 1297 2668 1275 2668 1295 2668 1295 2669 1275 2669 1277 2669 1295 2670 1277 2670 1293 2670 1293 2671 1277 2671 1291 2671 1291 2672 1277 2672 1279 2672 1291 2673 1279 2673 1289 2673 1289 2674 1279 2674 1263 2674 1289 2675 1263 2675 1287 2675 1287 2676 1263 2676 1285 2676 1285 2677 1263 2677 1265 2677 1311 2678 1312 2678 1313 2678 1311 2679 1313 2679 1314 2679 1311 2680 1314 2680 1315 2680 1311 2681 1315 2681 1316 2681 1312 2682 1311 2682 1317 2682 1312 2683 1317 2683 1318 2683 1312 2684 1318 2684 1319 2684 1312 2685 1319 2685 1320 2685 1320 2686 1321 2686 1322 2686 1320 2687 1322 2687 1323 2687 1320 2688 1323 2688 1324 2688 1320 2689 1324 2689 1312 2689 1321 2690 1320 2690 1325 2690 1321 2691 1325 2691 1326 2691 1321 2692 1326 2692 1327 2692 1321 2693 1327 2693 1328 2693 1328 2694 1329 2694 1330 2694 1328 2695 1330 2695 1331 2695 1328 2696 1331 2696 1332 2696 1328 2697 1332 2697 1321 2697 1328 2698 1333 2698 1334 2698 1328 2699 1334 2699 1335 2699 1328 2700 1335 2700 1336 2700 1328 2701 1336 2701 1329 2701 1333 2702 1328 2702 1337 2702 1333 2703 1337 2703 1338 2703 1333 2704 1338 2704 1339 2704 1333 2705 1339 2705 1340 2705 1340 2706 1341 2706 1342 2706 1340 2707 1342 2707 1343 2707 1340 2708 1343 2708 1344 2708 1340 2709 1344 2709 1333 2709 1341 2710 1340 2710 1345 2710 1341 2711 1345 2711 1346 2711 1341 2712 1346 2712 1347 2712 1341 2713 1347 2713 1348 2713 1348 2714 1349 2714 1350 2714 1348 2715 1350 2715 1351 2715 1348 2716 1351 2716 1352 2716 1348 2717 1352 2717 1341 2717 1348 2718 1353 2718 1354 2718 1348 2719 1354 2719 1355 2719 1348 2720 1355 2720 1356 2720 1348 2721 1356 2721 1349 2721 1353 2722 1348 2722 1357 2722 1353 2723 1357 2723 1358 2723 1353 2724 1358 2724 1359 2724 1353 2725 1359 2725 1360 2725 1360 2726 1361 2726 1362 2726 1360 2727 1362 2727 1363 2727 1360 2728 1363 2728 1364 2728 1360 2729 1364 2729 1353 2729 1361 2730 1360 2730 1365 2730 1361 2731 1365 2731 1366 2731 1361 2732 1366 2732 1367 2732 1361 2733 1367 2733 1368 2733 1368 2734 1369 2734 1370 2734 1368 2735 1370 2735 1371 2735 1368 2736 1371 2736 1372 2736 1368 2737 1372 2737 1361 2737 1369 2738 1368 2738 1373 2738 1369 2739 1373 2739 1374 2739 1369 2740 1374 2740 1375 2740 1369 2741 1375 2741 1376 2741 1376 2742 1377 2742 1378 2742 1376 2743 1378 2743 1379 2743 1376 2744 1379 2744 1380 2744 1376 2745 1380 2745 1369 2745 1376 2746 1381 2746 1382 2746 1376 2747 1382 2747 1383 2747 1376 2748 1383 2748 1384 2748 1376 2749 1384 2749 1377 2749 1381 2750 1376 2750 1385 2750 1381 2751 1385 2751 1386 2751 1381 2752 1386 2752 1387 2752 1381 2753 1387 2753 1388 2753 1388 2754 1389 2754 1390 2754 1388 2755 1390 2755 1391 2755 1388 2756 1391 2756 1392 2756 1388 2757 1392 2757 1381 2757 1389 2758 1388 2758 1393 2758 1389 2759 1393 2759 1394 2759 1389 2760 1394 2760 1395 2760 1389 2761 1395 2761 1396 2761 1396 2762 1397 2762 1398 2762 1396 2763 1398 2763 1399 2763 1396 2764 1399 2764 1400 2764 1396 2765 1400 2765 1389 2765 1396 2766 1401 2766 1402 2766 1396 2767 1402 2767 1403 2767 1396 2768 1403 2768 1404 2768 1396 2769 1404 2769 1397 2769 1401 2770 1396 2770 1405 2770 1401 2771 1405 2771 1406 2771 1401 2772 1406 2772 1407 2772 1401 2773 1407 2773 1408 2773 1408 2774 1409 2774 1410 2774 1408 2775 1410 2775 1411 2775 1408 2776 1411 2776 1412 2776 1408 2777 1412 2777 1401 2777 1409 2778 1408 2778 1413 2778 1409 2779 1413 2779 1414 2779 1409 2780 1414 2780 1415 2780 1409 2781 1415 2781 1416 2781 1416 2782 1417 2782 1418 2782 1416 2783 1418 2783 1419 2783 1416 2784 1419 2784 1420 2784 1416 2785 1420 2785 1409 2785 1417 2786 1416 2786 1421 2786 1417 2787 1421 2787 1422 2787 1417 2788 1422 2788 1423 2788 1417 2789 1423 2789 1424 2789 1424 2790 1425 2790 1426 2790 1424 2791 1426 2791 1427 2791 1424 2792 1427 2792 1428 2792 1424 2793 1428 2793 1417 2793 1424 2794 1429 2794 1430 2794 1424 2795 1430 2795 1431 2795 1424 2796 1431 2796 1432 2796 1424 2797 1432 2797 1425 2797 1429 2798 1424 2798 1433 2798 1429 2799 1433 2799 1434 2799 1429 2800 1434 2800 1435 2800 1429 2801 1435 2801 1436 2801 1436 2802 1437 2802 1438 2802 1436 2803 1438 2803 1439 2803 1436 2804 1439 2804 1440 2804 1436 2805 1440 2805 1429 2805 1437 2806 1436 2806 1441 2806 1437 2807 1441 2807 1442 2807 1437 2808 1442 2808 1443 2808 1437 2809 1443 2809 1444 2809 1444 2810 1445 2810 1446 2810 1444 2811 1446 2811 1447 2811 1444 2812 1447 2812 1448 2812 1444 2813 1448 2813 1437 2813 1444 2814 1449 2814 1450 2814 1444 2815 1450 2815 1451 2815 1444 2816 1451 2816 1452 2816 1444 2817 1452 2817 1445 2817 1449 2818 1444 2818 1453 2818 1449 2819 1453 2819 1454 2819 1449 2820 1454 2820 1455 2820 1449 2821 1455 2821 1456 2821 1456 2822 1457 2822 1458 2822 1456 2823 1458 2823 1459 2823 1456 2824 1459 2824 1460 2824 1456 2825 1460 2825 1449 2825 1457 2826 1456 2826 1461 2826 1457 2827 1461 2827 1462 2827 1457 2828 1462 2828 1463 2828 1457 2829 1463 2829 1464 2829 1464 2830 1465 2830 1466 2830 1464 2831 1466 2831 1467 2831 1464 2832 1467 2832 1468 2832 1464 2833 1468 2833 1457 2833 1464 2834 1469 2834 1470 2834 1464 2835 1470 2835 1471 2835 1464 2836 1471 2836 1472 2836 1464 2837 1472 2837 1465 2837 1469 2838 1464 2838 1473 2838 1469 2839 1473 2839 1474 2839 1469 2840 1474 2840 1475 2840 1469 2841 1475 2841 1476 2841 1476 2842 1477 2842 1478 2842 1476 2843 1478 2843 1479 2843 1476 2844 1479 2844 1480 2844 1476 2845 1480 2845 1469 2845 1477 2846 1476 2846 1481 2846 1477 2847 1481 2847 1482 2847 1477 2848 1482 2848 1483 2848 1477 2849 1483 2849 1484 2849 1484 2850 1485 2850 1486 2850 1484 2851 1486 2851 1487 2851 1484 2852 1487 2852 1488 2852 1484 2853 1488 2853 1477 2853 1485 2854 1484 2854 1489 2854 1485 2855 1489 2855 1490 2855 1485 2856 1490 2856 1491 2856 1485 2857 1491 2857 1492 2857 1492 2858 1493 2858 1494 2858 1492 2859 1494 2859 1495 2859 1492 2860 1495 2860 1496 2860 1492 2861 1496 2861 1485 2861 1492 2862 1497 2862 1498 2862 1492 2863 1498 2863 1499 2863 1492 2864 1499 2864 1500 2864 1492 2865 1500 2865 1493 2865 1497 2866 1492 2866 1501 2866 1497 2867 1501 2867 1502 2867 1497 2868 1502 2868 1503 2868 1497 2869 1503 2869 1504 2869 1504 2870 1505 2870 1506 2870 1504 2871 1506 2871 1507 2871 1504 2872 1507 2872 1508 2872 1504 2873 1508 2873 1497 2873 1505 2874 1504 2874 1509 2874 1505 2875 1509 2875 1510 2875 1505 2876 1510 2876 1511 2876 1505 2877 1511 2877 1512 2877 1512 2878 1513 2878 1514 2878 1512 2879 1514 2879 1515 2879 1512 2880 1515 2880 1516 2880 1512 2881 1516 2881 1505 2881 1512 2882 1316 2882 1517 2882 1512 2883 1517 2883 1518 2883 1512 2884 1518 2884 1519 2884 1512 2885 1519 2885 1513 2885 1316 2886 1512 2886 1520 2886 1316 2887 1520 2887 1521 2887 1316 2888 1521 2888 1522 2888 1316 2889 1522 2889 1311 2889 1523 2890 1524 2890 1525 2890 1524 2891 1526 2891 1525 2891 1525 2892 1526 2892 1527 2892 1526 2893 1528 2893 1527 2893 1527 2894 1528 2894 1529 2894 1528 2895 1530 2895 1529 2895 1529 2896 1530 2896 1531 2896 1531 2897 1532 2897 1529 2897 1532 2898 1533 2898 1529 2898 1529 2899 1533 2899 1527 2899 1533 2900 1534 2900 1527 2900 1527 2901 1534 2901 1525 2901 1534 2902 1535 2902 1525 2902 1525 2903 1535 2903 1523 2903 1536 2904 1537 2904 1538 2904 1537 2905 1539 2905 1538 2905 1538 2906 1539 2906 1540 2906 1539 2907 1541 2907 1540 2907 1540 2908 1541 2908 1542 2908 1541 2909 1523 2909 1542 2909 1542 2910 1523 2910 1535 2910 1535 2911 1543 2911 1542 2911 1543 2912 1544 2912 1542 2912 1542 2913 1544 2913 1540 2913 1544 2914 1545 2914 1540 2914 1540 2915 1545 2915 1538 2915 1545 2916 1546 2916 1538 2916 1538 2917 1546 2917 1536 2917 1547 2918 1548 2918 1549 2918 1548 2919 1550 2919 1549 2919 1549 2920 1550 2920 1551 2920 1550 2921 1552 2921 1551 2921 1551 2922 1552 2922 1553 2922 1552 2923 1536 2923 1553 2923 1553 2924 1536 2924 1546 2924 1546 2925 1554 2925 1553 2925 1554 2926 1555 2926 1553 2926 1553 2927 1555 2927 1551 2927 1555 2928 1556 2928 1551 2928 1551 2929 1556 2929 1549 2929 1556 2930 1557 2930 1549 2930 1549 2931 1557 2931 1547 2931 1558 2932 1559 2932 1560 2932 1559 2933 1561 2933 1560 2933 1560 2934 1561 2934 1562 2934 1561 2935 1563 2935 1562 2935 1562 2936 1563 2936 1564 2936 1563 2937 1547 2937 1564 2937 1564 2938 1547 2938 1557 2938 1557 2939 1565 2939 1564 2939 1565 2940 1566 2940 1564 2940 1564 2941 1566 2941 1562 2941 1566 2942 1567 2942 1562 2942 1562 2943 1567 2943 1560 2943 1567 2944 1568 2944 1560 2944 1560 2945 1568 2945 1558 2945 1569 2946 1570 2946 1571 2946 1570 2947 1572 2947 1571 2947 1571 2948 1572 2948 1573 2948 1572 2949 1574 2949 1573 2949 1573 2950 1574 2950 1575 2950 1574 2951 1558 2951 1575 2951 1575 2952 1558 2952 1568 2952 1568 2953 1576 2953 1575 2953 1576 2954 1577 2954 1575 2954 1575 2955 1577 2955 1573 2955 1577 2956 1578 2956 1573 2956 1573 2957 1578 2957 1571 2957 1578 2958 1579 2958 1571 2958 1571 2959 1579 2959 1569 2959 1580 2960 1581 2960 1582 2960 1581 2961 1583 2961 1582 2961 1582 2962 1583 2962 1584 2962 1583 2963 1585 2963 1584 2963 1584 2964 1585 2964 1586 2964 1585 2965 1569 2965 1586 2965 1586 2966 1569 2966 1579 2966 1579 2967 1587 2967 1586 2967 1587 2968 1588 2968 1586 2968 1586 2969 1588 2969 1584 2969 1588 2970 1589 2970 1584 2970 1584 2971 1589 2971 1582 2971 1589 2972 1590 2972 1582 2972 1582 2973 1590 2973 1580 2973 1591 2974 1592 2974 1593 2974 1592 2975 1594 2975 1593 2975 1593 2976 1594 2976 1595 2976 1594 2977 1596 2977 1595 2977 1595 2978 1596 2978 1597 2978 1596 2979 1580 2979 1597 2979 1597 2980 1580 2980 1590 2980 1590 2981 1598 2981 1597 2981 1598 2982 1599 2982 1597 2982 1597 2983 1599 2983 1595 2983 1599 2984 1600 2984 1595 2984 1595 2985 1600 2985 1593 2985 1600 2986 1601 2986 1593 2986 1593 2987 1601 2987 1591 2987 1602 2988 1603 2988 1604 2988 1603 2989 1605 2989 1604 2989 1604 2990 1605 2990 1606 2990 1605 2991 1607 2991 1606 2991 1606 2992 1607 2992 1608 2992 1607 2993 1591 2993 1608 2993 1608 2994 1591 2994 1601 2994 1601 2995 1609 2995 1608 2995 1609 2996 1610 2996 1608 2996 1608 2997 1610 2997 1606 2997 1610 2998 1611 2998 1606 2998 1606 2999 1611 2999 1604 2999 1611 3000 1612 3000 1604 3000 1604 3001 1612 3001 1602 3001 1613 3002 1614 3002 1615 3002 1614 3003 1616 3003 1615 3003 1615 3004 1616 3004 1617 3004 1616 3005 1618 3005 1617 3005 1617 3006 1618 3006 1619 3006 1618 3007 1602 3007 1619 3007 1619 3008 1602 3008 1612 3008 1612 3009 1620 3009 1619 3009 1620 3010 1621 3010 1619 3010 1619 3011 1621 3011 1617 3011 1621 3012 1622 3012 1617 3012 1617 3013 1622 3013 1615 3013 1622 3014 1623 3014 1615 3014 1615 3015 1623 3015 1613 3015 1624 3016 1625 3016 1626 3016 1625 3017 1627 3017 1626 3017 1626 3018 1627 3018 1628 3018 1627 3019 1629 3019 1628 3019 1628 3020 1629 3020 1630 3020 1629 3021 1613 3021 1630 3021 1630 3022 1613 3022 1623 3022 1623 3023 1631 3023 1630 3023 1631 3024 1632 3024 1630 3024 1630 3025 1632 3025 1628 3025 1632 3026 1633 3026 1628 3026 1628 3027 1633 3027 1626 3027 1633 3028 1634 3028 1626 3028 1626 3029 1634 3029 1624 3029 1635 3030 1636 3030 1637 3030 1636 3031 1638 3031 1637 3031 1637 3032 1638 3032 1639 3032 1638 3033 1640 3033 1639 3033 1639 3034 1640 3034 1641 3034 1640 3035 1624 3035 1641 3035 1641 3036 1624 3036 1634 3036 1634 3037 1642 3037 1641 3037 1642 3038 1643 3038 1641 3038 1641 3039 1643 3039 1639 3039 1643 3040 1644 3040 1639 3040 1639 3041 1644 3041 1637 3041 1644 3042 1645 3042 1637 3042 1637 3043 1645 3043 1635 3043 1646 3044 1647 3044 1648 3044 1647 3045 1649 3045 1648 3045 1648 3046 1649 3046 1650 3046 1649 3047 1651 3047 1650 3047 1650 3048 1651 3048 1652 3048 1651 3049 1635 3049 1652 3049 1652 3050 1635 3050 1645 3050 1645 3051 1653 3051 1652 3051 1653 3052 1654 3052 1652 3052 1652 3053 1654 3053 1650 3053 1654 3054 1655 3054 1650 3054 1650 3055 1655 3055 1648 3055 1655 3056 1656 3056 1648 3056 1648 3057 1656 3057 1646 3057 1657 3058 1658 3058 1659 3058 1658 3059 1660 3059 1659 3059 1659 3060 1660 3060 1661 3060 1660 3061 1662 3061 1661 3061 1661 3062 1662 3062 1663 3062 1662 3063 1646 3063 1663 3063 1663 3064 1646 3064 1656 3064 1656 3065 1664 3065 1663 3065 1664 3066 1665 3066 1663 3066 1663 3067 1665 3067 1661 3067 1665 3068 1666 3068 1661 3068 1661 3069 1666 3069 1659 3069 1666 3070 1667 3070 1659 3070 1659 3071 1667 3071 1657 3071 1668 3072 1669 3072 1670 3072 1669 3073 1671 3073 1670 3073 1670 3074 1671 3074 1672 3074 1671 3075 1673 3075 1672 3075 1672 3076 1673 3076 1674 3076 1673 3077 1657 3077 1674 3077 1674 3078 1657 3078 1667 3078 1667 3079 1675 3079 1674 3079 1675 3080 1676 3080 1674 3080 1674 3081 1676 3081 1672 3081 1676 3082 1677 3082 1672 3082 1672 3083 1677 3083 1670 3083 1677 3084 1678 3084 1670 3084 1670 3085 1678 3085 1668 3085 1679 3086 1680 3086 1681 3086 1680 3087 1682 3087 1681 3087 1681 3088 1682 3088 1683 3088 1682 3089 1684 3089 1683 3089 1683 3090 1684 3090 1685 3090 1684 3091 1668 3091 1685 3091 1685 3092 1668 3092 1678 3092 1678 3093 1686 3093 1685 3093 1686 3094 1687 3094 1685 3094 1685 3095 1687 3095 1683 3095 1687 3096 1688 3096 1683 3096 1683 3097 1688 3097 1681 3097 1688 3098 1689 3098 1681 3098 1681 3099 1689 3099 1679 3099 1690 3100 1691 3100 1692 3100 1691 3101 1693 3101 1692 3101 1692 3102 1693 3102 1694 3102 1693 3103 1695 3103 1694 3103 1694 3104 1695 3104 1696 3104 1695 3105 1679 3105 1696 3105 1696 3106 1679 3106 1689 3106 1689 3107 1697 3107 1696 3107 1697 3108 1698 3108 1696 3108 1696 3109 1698 3109 1694 3109 1698 3110 1699 3110 1694 3110 1694 3111 1699 3111 1692 3111 1699 3112 1700 3112 1692 3112 1692 3113 1700 3113 1690 3113 1701 3114 1702 3114 1703 3114 1702 3115 1704 3115 1703 3115 1703 3116 1704 3116 1705 3116 1704 3117 1706 3117 1705 3117 1705 3118 1706 3118 1707 3118 1706 3119 1690 3119 1707 3119 1707 3120 1690 3120 1700 3120 1700 3121 1708 3121 1707 3121 1708 3122 1709 3122 1707 3122 1707 3123 1709 3123 1705 3123 1709 3124 1710 3124 1705 3124 1705 3125 1710 3125 1703 3125 1710 3126 1711 3126 1703 3126 1703 3127 1711 3127 1701 3127 1712 3128 1713 3128 1714 3128 1713 3129 1715 3129 1714 3129 1714 3130 1715 3130 1716 3130 1715 3131 1717 3131 1716 3131 1716 3132 1717 3132 1718 3132 1717 3133 1701 3133 1718 3133 1718 3134 1701 3134 1711 3134 1711 3135 1719 3135 1718 3135 1719 3136 1720 3136 1718 3136 1718 3137 1720 3137 1716 3137 1720 3138 1721 3138 1716 3138 1716 3139 1721 3139 1714 3139 1721 3140 1722 3140 1714 3140 1714 3141 1722 3141 1712 3141 1723 3142 1724 3142 1725 3142 1724 3143 1726 3143 1725 3143 1725 3144 1726 3144 1727 3144 1726 3145 1728 3145 1727 3145 1727 3146 1728 3146 1729 3146 1728 3147 1712 3147 1729 3147 1729 3148 1712 3148 1722 3148 1722 3149 1730 3149 1729 3149 1730 3150 1731 3150 1729 3150 1729 3151 1731 3151 1727 3151 1731 3152 1732 3152 1727 3152 1727 3153 1732 3153 1725 3153 1732 3154 1733 3154 1725 3154 1725 3155 1733 3155 1723 3155 1734 3156 1735 3156 1736 3156 1735 3157 1737 3157 1736 3157 1736 3158 1737 3158 1738 3158 1737 3159 1739 3159 1738 3159 1738 3160 1739 3160 1740 3160 1739 3161 1723 3161 1740 3161 1740 3162 1723 3162 1733 3162 1733 3163 1741 3163 1740 3163 1741 3164 1742 3164 1740 3164 1740 3165 1742 3165 1738 3165 1742 3166 1743 3166 1738 3166 1738 3167 1743 3167 1736 3167 1743 3168 1744 3168 1736 3168 1736 3169 1744 3169 1734 3169 1745 3170 1746 3170 1747 3170 1746 3171 1748 3171 1747 3171 1747 3172 1748 3172 1749 3172 1748 3173 1750 3173 1749 3173 1749 3174 1750 3174 1751 3174 1750 3175 1734 3175 1751 3175 1751 3176 1734 3176 1744 3176 1744 3177 1752 3177 1751 3177 1752 3178 1753 3178 1751 3178 1751 3179 1753 3179 1749 3179 1753 3180 1754 3180 1749 3180 1749 3181 1754 3181 1747 3181 1754 3182 1755 3182 1747 3182 1747 3183 1755 3183 1745 3183 1530 3184 1756 3184 1757 3184 1756 3185 1758 3185 1757 3185 1757 3186 1758 3186 1759 3186 1758 3187 1760 3187 1759 3187 1759 3188 1760 3188 1761 3188 1760 3189 1745 3189 1761 3189 1761 3190 1745 3190 1755 3190 1755 3191 1762 3191 1761 3191 1762 3192 1763 3192 1761 3192 1761 3193 1763 3193 1759 3193 1763 3194 1764 3194 1759 3194 1759 3195 1764 3195 1757 3195 1764 3196 1531 3196 1757 3196 1757 3197 1531 3197 1530 3197 1765 3198 1766 3198 1767 3198 1766 3199 1768 3199 1767 3199 1767 3200 1768 3200 1769 3200 1768 3201 1770 3201 1769 3201 1769 3202 1770 3202 1771 3202 1770 3203 1772 3203 1771 3203 1771 3204 1772 3204 1773 3204 1773 3205 1774 3205 1771 3205 1774 3206 1775 3206 1771 3206 1771 3207 1775 3207 1769 3207 1775 3208 1776 3208 1769 3208 1769 3209 1776 3209 1767 3209 1776 3210 1777 3210 1767 3210 1767 3211 1777 3211 1765 3211 1778 3212 1779 3212 1780 3212 1779 3213 1781 3213 1780 3213 1780 3214 1781 3214 1782 3214 1781 3215 1783 3215 1782 3215 1782 3216 1783 3216 1784 3216 1783 3217 1765 3217 1784 3217 1784 3218 1765 3218 1777 3218 1777 3219 1785 3219 1784 3219 1785 3220 1786 3220 1784 3220 1784 3221 1786 3221 1782 3221 1786 3222 1787 3222 1782 3222 1782 3223 1787 3223 1780 3223 1787 3224 1788 3224 1780 3224 1780 3225 1788 3225 1778 3225 1789 3226 1790 3226 1791 3226 1790 3227 1792 3227 1791 3227 1791 3228 1792 3228 1793 3228 1792 3229 1794 3229 1793 3229 1793 3230 1794 3230 1795 3230 1794 3231 1778 3231 1795 3231 1795 3232 1778 3232 1788 3232 1788 3233 1796 3233 1795 3233 1796 3234 1797 3234 1795 3234 1795 3235 1797 3235 1793 3235 1797 3236 1798 3236 1793 3236 1793 3237 1798 3237 1791 3237 1798 3238 1799 3238 1791 3238 1791 3239 1799 3239 1789 3239 1800 3240 1801 3240 1802 3240 1801 3241 1803 3241 1802 3241 1802 3242 1803 3242 1804 3242 1803 3243 1805 3243 1804 3243 1804 3244 1805 3244 1806 3244 1805 3245 1789 3245 1806 3245 1806 3246 1789 3246 1799 3246 1799 3247 1807 3247 1806 3247 1807 3248 1808 3248 1806 3248 1806 3249 1808 3249 1804 3249 1808 3250 1809 3250 1804 3250 1804 3251 1809 3251 1802 3251 1809 3252 1810 3252 1802 3252 1802 3253 1810 3253 1800 3253 1811 3254 1812 3254 1813 3254 1812 3255 1814 3255 1813 3255 1813 3256 1814 3256 1815 3256 1814 3257 1816 3257 1815 3257 1815 3258 1816 3258 1817 3258 1816 3259 1800 3259 1817 3259 1817 3260 1800 3260 1810 3260 1810 3261 1818 3261 1817 3261 1818 3262 1819 3262 1817 3262 1817 3263 1819 3263 1815 3263 1819 3264 1820 3264 1815 3264 1815 3265 1820 3265 1813 3265 1820 3266 1821 3266 1813 3266 1813 3267 1821 3267 1811 3267 1822 3268 1823 3268 1824 3268 1823 3269 1825 3269 1824 3269 1824 3270 1825 3270 1826 3270 1825 3271 1827 3271 1826 3271 1826 3272 1827 3272 1828 3272 1827 3273 1811 3273 1828 3273 1828 3274 1811 3274 1821 3274 1821 3275 1829 3275 1828 3275 1829 3276 1830 3276 1828 3276 1828 3277 1830 3277 1826 3277 1830 3278 1831 3278 1826 3278 1826 3279 1831 3279 1824 3279 1831 3280 1832 3280 1824 3280 1824 3281 1832 3281 1822 3281 1833 3282 1834 3282 1835 3282 1834 3283 1836 3283 1835 3283 1835 3284 1836 3284 1837 3284 1836 3285 1838 3285 1837 3285 1837 3286 1838 3286 1839 3286 1838 3287 1822 3287 1839 3287 1839 3288 1822 3288 1832 3288 1832 3289 1840 3289 1839 3289 1840 3290 1841 3290 1839 3290 1839 3291 1841 3291 1837 3291 1841 3292 1842 3292 1837 3292 1837 3293 1842 3293 1835 3293 1842 3294 1843 3294 1835 3294 1835 3295 1843 3295 1833 3295 1844 3296 1845 3296 1846 3296 1845 3297 1847 3297 1846 3297 1846 3298 1847 3298 1848 3298 1847 3299 1849 3299 1848 3299 1848 3300 1849 3300 1850 3300 1849 3301 1833 3301 1850 3301 1850 3302 1833 3302 1843 3302 1843 3303 1851 3303 1850 3303 1851 3304 1852 3304 1850 3304 1850 3305 1852 3305 1848 3305 1852 3306 1853 3306 1848 3306 1848 3307 1853 3307 1846 3307 1853 3308 1854 3308 1846 3308 1846 3309 1854 3309 1844 3309 1855 3310 1856 3310 1857 3310 1856 3311 1858 3311 1857 3311 1857 3312 1858 3312 1859 3312 1858 3313 1860 3313 1859 3313 1859 3314 1860 3314 1861 3314 1860 3315 1844 3315 1861 3315 1861 3316 1844 3316 1854 3316 1854 3317 1862 3317 1861 3317 1862 3318 1863 3318 1861 3318 1861 3319 1863 3319 1859 3319 1863 3320 1864 3320 1859 3320 1859 3321 1864 3321 1857 3321 1864 3322 1865 3322 1857 3322 1857 3323 1865 3323 1855 3323 1866 3324 1867 3324 1868 3324 1867 3325 1869 3325 1868 3325 1868 3326 1869 3326 1870 3326 1869 3327 1871 3327 1870 3327 1870 3328 1871 3328 1872 3328 1871 3329 1855 3329 1872 3329 1872 3330 1855 3330 1865 3330 1865 3331 1873 3331 1872 3331 1873 3332 1874 3332 1872 3332 1872 3333 1874 3333 1870 3333 1874 3334 1875 3334 1870 3334 1870 3335 1875 3335 1868 3335 1875 3336 1876 3336 1868 3336 1868 3337 1876 3337 1866 3337 1877 3338 1878 3338 1879 3338 1878 3339 1880 3339 1879 3339 1879 3340 1880 3340 1881 3340 1880 3341 1882 3341 1881 3341 1881 3342 1882 3342 1883 3342 1882 3343 1866 3343 1883 3343 1883 3344 1866 3344 1876 3344 1876 3345 1884 3345 1883 3345 1884 3346 1885 3346 1883 3346 1883 3347 1885 3347 1881 3347 1885 3348 1886 3348 1881 3348 1881 3349 1886 3349 1879 3349 1886 3350 1887 3350 1879 3350 1879 3351 1887 3351 1877 3351 1888 3352 1889 3352 1890 3352 1889 3353 1891 3353 1890 3353 1890 3354 1891 3354 1892 3354 1891 3355 1893 3355 1892 3355 1892 3356 1893 3356 1894 3356 1893 3357 1877 3357 1894 3357 1894 3358 1877 3358 1887 3358 1887 3359 1895 3359 1894 3359 1895 3360 1896 3360 1894 3360 1894 3361 1896 3361 1892 3361 1896 3362 1897 3362 1892 3362 1892 3363 1897 3363 1890 3363 1897 3364 1898 3364 1890 3364 1890 3365 1898 3365 1888 3365 1899 3366 1900 3366 1901 3366 1900 3367 1902 3367 1901 3367 1901 3368 1902 3368 1903 3368 1902 3369 1904 3369 1903 3369 1903 3370 1904 3370 1905 3370 1904 3371 1888 3371 1905 3371 1905 3372 1888 3372 1898 3372 1898 3373 1906 3373 1905 3373 1906 3374 1907 3374 1905 3374 1905 3375 1907 3375 1903 3375 1907 3376 1908 3376 1903 3376 1903 3377 1908 3377 1901 3377 1908 3378 1909 3378 1901 3378 1901 3379 1909 3379 1899 3379 1910 3380 1911 3380 1912 3380 1911 3381 1913 3381 1912 3381 1912 3382 1913 3382 1914 3382 1913 3383 1915 3383 1914 3383 1914 3384 1915 3384 1916 3384 1915 3385 1899 3385 1916 3385 1916 3386 1899 3386 1909 3386 1909 3387 1917 3387 1916 3387 1917 3388 1918 3388 1916 3388 1916 3389 1918 3389 1914 3389 1918 3390 1919 3390 1914 3390 1914 3391 1919 3391 1912 3391 1919 3392 1920 3392 1912 3392 1912 3393 1920 3393 1910 3393 1921 3394 1922 3394 1923 3394 1922 3395 1924 3395 1923 3395 1923 3396 1924 3396 1925 3396 1924 3397 1926 3397 1925 3397 1925 3398 1926 3398 1927 3398 1926 3399 1910 3399 1927 3399 1927 3400 1910 3400 1920 3400 1920 3401 1928 3401 1927 3401 1928 3402 1929 3402 1927 3402 1927 3403 1929 3403 1925 3403 1929 3404 1930 3404 1925 3404 1925 3405 1930 3405 1923 3405 1930 3406 1931 3406 1923 3406 1923 3407 1931 3407 1921 3407 1932 3408 1933 3408 1934 3408 1933 3409 1935 3409 1934 3409 1934 3410 1935 3410 1936 3410 1935 3411 1937 3411 1936 3411 1936 3412 1937 3412 1938 3412 1937 3413 1921 3413 1938 3413 1938 3414 1921 3414 1931 3414 1931 3415 1939 3415 1938 3415 1939 3416 1940 3416 1938 3416 1938 3417 1940 3417 1936 3417 1940 3418 1941 3418 1936 3418 1936 3419 1941 3419 1934 3419 1941 3420 1942 3420 1934 3420 1934 3421 1942 3421 1932 3421 1943 3422 1944 3422 1945 3422 1944 3423 1946 3423 1945 3423 1945 3424 1946 3424 1947 3424 1946 3425 1948 3425 1947 3425 1947 3426 1948 3426 1949 3426 1948 3427 1932 3427 1949 3427 1949 3428 1932 3428 1942 3428 1942 3429 1950 3429 1949 3429 1950 3430 1951 3430 1949 3430 1949 3431 1951 3431 1947 3431 1951 3432 1952 3432 1947 3432 1947 3433 1952 3433 1945 3433 1952 3434 1953 3434 1945 3434 1945 3435 1953 3435 1943 3435 1954 3436 1955 3436 1956 3436 1955 3437 1957 3437 1956 3437 1956 3438 1957 3438 1958 3438 1957 3439 1959 3439 1958 3439 1958 3440 1959 3440 1960 3440 1959 3441 1943 3441 1960 3441 1960 3442 1943 3442 1953 3442 1953 3443 1961 3443 1960 3443 1961 3444 1962 3444 1960 3444 1960 3445 1962 3445 1958 3445 1962 3446 1963 3446 1958 3446 1958 3447 1963 3447 1956 3447 1963 3448 1964 3448 1956 3448 1956 3449 1964 3449 1954 3449 1965 3450 1966 3450 1967 3450 1966 3451 1968 3451 1967 3451 1967 3452 1968 3452 1969 3452 1968 3453 1970 3453 1969 3453 1969 3454 1970 3454 1971 3454 1970 3455 1954 3455 1971 3455 1971 3456 1954 3456 1964 3456 1964 3457 1972 3457 1971 3457 1972 3458 1973 3458 1971 3458 1971 3459 1973 3459 1969 3459 1973 3460 1974 3460 1969 3460 1969 3461 1974 3461 1967 3461 1974 3462 1975 3462 1967 3462 1967 3463 1975 3463 1965 3463 1976 3464 1977 3464 1978 3464 1977 3465 1979 3465 1978 3465 1978 3466 1979 3466 1980 3466 1979 3467 1981 3467 1980 3467 1980 3468 1981 3468 1982 3468 1981 3469 1965 3469 1982 3469 1982 3470 1965 3470 1975 3470 1975 3471 1983 3471 1982 3471 1983 3472 1984 3472 1982 3472 1982 3473 1984 3473 1980 3473 1984 3474 1985 3474 1980 3474 1980 3475 1985 3475 1978 3475 1985 3476 1986 3476 1978 3476 1978 3477 1986 3477 1976 3477 1987 3478 1988 3478 1989 3478 1988 3479 1990 3479 1989 3479 1989 3480 1990 3480 1991 3480 1990 3481 1992 3481 1991 3481 1991 3482 1992 3482 1993 3482 1992 3483 1976 3483 1993 3483 1993 3484 1976 3484 1986 3484 1986 3485 1994 3485 1993 3485 1994 3486 1995 3486 1993 3486 1993 3487 1995 3487 1991 3487 1995 3488 1996 3488 1991 3488 1991 3489 1996 3489 1989 3489 1996 3490 1997 3490 1989 3490 1989 3491 1997 3491 1987 3491 1772 3492 1998 3492 1999 3492 1998 3493 2000 3493 1999 3493 1999 3494 2000 3494 2001 3494 2000 3495 2002 3495 2001 3495 2001 3496 2002 3496 2003 3496 2002 3497 1987 3497 2003 3497 2003 3498 1987 3498 1997 3498 1997 3499 2004 3499 2003 3499 2004 3500 2005 3500 2003 3500 2003 3501 2005 3501 2001 3501 2005 3502 2006 3502 2001 3502 2001 3503 2006 3503 1999 3503 2006 3504 1773 3504 1999 3504 1999 3505 1773 3505 1772 3505 1772 3506 2007 3506 2008 3506 1772 3507 2008 3507 2009 3507 1772 3508 2009 3508 2010 3508 1772 3509 2010 3509 2011 3509 2007 3510 1772 3510 1770 3510 2007 3511 1770 3511 1768 3511 2007 3512 1768 3512 1766 3512 2007 3513 1766 3513 1765 3513 2007 3514 1765 3514 1783 3514 2007 3515 1783 3515 1781 3515 2007 3516 1781 3516 1779 3516 2007 3517 1779 3517 1778 3517 2011 3518 1987 3518 2002 3518 2011 3519 2002 3519 2000 3519 2011 3520 2000 3520 1998 3520 2011 3521 1998 3521 1772 3521 1987 3522 2011 3522 2012 3522 1987 3523 2012 3523 2013 3523 1987 3524 2013 3524 2014 3524 1987 3525 2014 3525 2015 3525 2015 3526 1976 3526 1992 3526 2015 3527 1992 3527 1990 3527 2015 3528 1990 3528 1988 3528 2015 3529 1988 3529 1987 3529 2015 3530 1965 3530 1981 3530 2015 3531 1981 3531 1979 3531 2015 3532 1979 3532 1977 3532 2015 3533 1977 3533 1976 3533 1965 3534 2015 3534 2016 3534 1965 3535 2016 3535 2017 3535 1965 3536 2017 3536 2018 3536 1965 3537 2018 3537 2019 3537 2019 3538 1954 3538 1970 3538 2019 3539 1970 3539 1968 3539 2019 3540 1968 3540 1966 3540 2019 3541 1966 3541 1965 3541 1954 3542 2019 3542 2020 3542 1954 3543 2020 3543 2021 3543 1954 3544 2021 3544 2022 3544 1954 3545 2022 3545 2023 3545 2023 3546 1943 3546 1959 3546 2023 3547 1959 3547 1957 3547 2023 3548 1957 3548 1955 3548 2023 3549 1955 3549 1954 3549 1943 3550 2023 3550 2024 3550 1943 3551 2024 3551 2025 3551 1943 3552 2025 3552 2026 3552 1943 3553 2026 3553 2027 3553 2027 3554 1932 3554 1948 3554 2027 3555 1948 3555 1946 3555 2027 3556 1946 3556 1944 3556 2027 3557 1944 3557 1943 3557 1932 3558 2027 3558 2028 3558 1932 3559 2028 3559 2029 3559 1932 3560 2029 3560 2030 3560 1932 3561 2030 3561 2031 3561 1932 3562 2031 3562 2032 3562 2032 3563 2031 3563 2033 3563 2032 3564 2033 3564 2034 3564 2032 3565 2034 3565 2035 3565 2032 3566 2035 3566 2036 3566 2036 3567 2037 3567 2038 3567 2036 3568 2038 3568 2039 3568 2036 3569 2039 3569 2040 3569 2036 3570 2040 3570 2032 3570 2037 3571 2036 3571 2041 3571 2037 3572 2041 3572 2042 3572 2037 3573 2042 3573 2043 3573 2037 3574 2043 3574 2044 3574 2037 3575 2044 3575 2045 3575 2037 3576 2045 3576 2046 3576 2037 3577 2046 3577 2047 3577 2037 3578 2047 3578 2048 3578 2048 3579 2049 3579 2050 3579 2048 3580 2050 3580 2051 3580 2048 3581 2051 3581 2052 3581 2048 3582 2052 3582 2037 3582 2049 3583 2048 3583 2053 3583 2049 3584 2053 3584 2054 3584 2049 3585 2054 3585 2055 3585 2049 3586 2055 3586 2056 3586 2049 3587 2056 3587 2057 3587 2049 3588 2057 3588 2058 3588 2049 3589 2058 3589 2059 3589 2049 3590 2059 3590 2060 3590 2060 3591 2061 3591 2062 3591 2060 3592 2062 3592 2063 3592 2060 3593 2063 3593 2064 3593 2060 3594 2064 3594 2049 3594 2061 3595 2060 3595 2065 3595 2061 3596 2065 3596 2066 3596 2061 3597 2066 3597 2067 3597 2061 3598 2067 3598 2068 3598 2068 3599 2069 3599 2070 3599 2068 3600 2070 3600 2071 3600 2068 3601 2071 3601 2072 3601 2068 3602 2072 3602 2061 3602 2069 3603 2068 3603 2073 3603 2069 3604 2073 3604 2074 3604 2069 3605 2074 3605 2075 3605 2069 3606 2075 3606 2076 3606 2069 3607 2076 3607 2077 3607 2069 3608 2077 3608 2078 3608 2069 3609 2078 3609 2079 3609 2069 3610 2079 3610 2080 3610 2080 3611 2081 3611 2082 3611 2080 3612 2082 3612 2083 3612 2080 3613 2083 3613 2084 3613 2080 3614 2084 3614 2069 3614 2081 3615 2080 3615 2085 3615 2081 3616 2085 3616 2086 3616 2081 3617 2086 3617 2087 3617 2081 3618 2087 3618 2088 3618 2081 3619 2088 3619 2089 3619 2081 3620 2089 3620 2090 3620 2081 3621 2090 3621 2091 3621 2081 3622 2091 3622 2092 3622 2092 3623 2093 3623 2094 3623 2092 3624 2094 3624 2095 3624 2092 3625 2095 3625 2096 3625 2092 3626 2096 3626 2081 3626 2093 3627 2092 3627 2097 3627 2093 3628 2097 3628 2098 3628 2093 3629 2098 3629 2099 3629 2093 3630 2099 3630 2100 3630 2100 3631 2101 3631 2102 3631 2100 3632 2102 3632 2103 3632 2100 3633 2103 3633 2104 3633 2100 3634 2104 3634 2093 3634 2101 3635 2100 3635 2105 3635 2101 3636 2105 3636 2106 3636 2101 3637 2106 3637 2107 3637 2101 3638 2107 3638 2108 3638 2101 3639 2108 3639 2109 3639 2101 3640 2109 3640 2110 3640 2101 3641 2110 3641 2111 3641 2101 3642 2111 3642 2112 3642 2112 3643 2113 3643 2114 3643 2112 3644 2114 3644 2115 3644 2112 3645 2115 3645 2116 3645 2112 3646 2116 3646 2101 3646 2113 3647 2112 3647 2117 3647 2113 3648 2117 3648 2118 3648 2113 3649 2118 3649 2119 3649 2113 3650 2119 3650 2120 3650 2120 3651 2121 3651 2122 3651 2120 3652 2122 3652 2123 3652 2120 3653 2123 3653 2124 3653 2120 3654 2124 3654 2113 3654 2121 3655 2120 3655 2125 3655 2121 3656 2125 3656 2126 3656 2121 3657 2126 3657 2127 3657 2121 3658 2127 3658 2128 3658 2121 3659 2128 3659 2129 3659 2121 3660 2129 3660 2130 3660 2121 3661 2130 3661 2131 3661 2121 3662 2131 3662 2132 3662 2132 3663 2133 3663 2134 3663 2132 3664 2134 3664 2135 3664 2132 3665 2135 3665 2136 3665 2132 3666 2136 3666 2121 3666 2133 3667 2132 3667 2137 3667 2133 3668 2137 3668 2138 3668 2133 3669 2138 3669 2139 3669 2133 3670 2139 3670 2140 3670 2133 3671 2140 3671 1723 3671 1723 3672 2140 3672 2141 3672 1723 3673 2141 3673 2142 3673 1723 3674 2142 3674 2143 3674 1723 3675 2143 3675 2144 3675 2144 3676 1712 3676 1728 3676 2144 3677 1728 3677 1726 3677 2144 3678 1726 3678 1724 3678 2144 3679 1724 3679 1723 3679 1712 3680 2144 3680 2145 3680 1712 3681 2145 3681 2146 3681 1712 3682 2146 3682 2147 3682 1712 3683 2147 3683 2148 3683 2148 3684 1701 3684 1717 3684 2148 3685 1717 3685 1715 3685 2148 3686 1715 3686 1713 3686 2148 3687 1713 3687 1712 3687 1701 3688 2148 3688 2149 3688 1701 3689 2149 3689 2150 3689 1701 3690 2150 3690 2151 3690 1701 3691 2151 3691 2152 3691 2152 3692 1690 3692 1706 3692 2152 3693 1706 3693 1704 3693 2152 3694 1704 3694 1702 3694 2152 3695 1702 3695 1701 3695 1690 3696 2152 3696 2153 3696 1690 3697 2153 3697 2154 3697 1690 3698 2154 3698 2155 3698 1690 3699 2155 3699 2156 3699 2156 3700 1679 3700 1695 3700 2156 3701 1695 3701 1693 3701 2156 3702 1693 3702 1691 3702 2156 3703 1691 3703 1690 3703 1679 3704 2156 3704 2157 3704 1679 3705 2157 3705 2158 3705 1679 3706 2158 3706 2159 3706 1679 3707 2159 3707 2160 3707 2160 3708 1668 3708 1684 3708 2160 3709 1684 3709 1682 3709 2160 3710 1682 3710 1680 3710 2160 3711 1680 3711 1679 3711 1668 3712 2160 3712 2161 3712 1668 3713 2161 3713 2162 3713 1668 3714 2162 3714 2163 3714 1668 3715 2163 3715 2164 3715 2164 3716 1657 3716 1673 3716 2164 3717 1673 3717 1671 3717 2164 3718 1671 3718 1669 3718 2164 3719 1669 3719 1668 3719 2164 3720 1646 3720 1662 3720 2164 3721 1662 3721 1660 3721 2164 3722 1660 3722 1658 3722 2164 3723 1658 3723 1657 3723 1646 3724 2164 3724 2165 3724 1646 3725 2165 3725 2166 3725 1646 3726 2166 3726 2167 3726 1646 3727 2167 3727 2168 3727 2168 3728 1635 3728 1651 3728 2168 3729 1651 3729 1649 3729 2168 3730 1649 3730 1647 3730 2168 3731 1647 3731 1646 3731 2168 3732 1624 3732 1640 3732 2168 3733 1640 3733 1638 3733 2168 3734 1638 3734 1636 3734 2168 3735 1636 3735 1635 3735 1624 3736 2168 3736 2169 3736 1624 3737 2169 3737 2170 3737 1624 3738 2170 3738 2171 3738 1624 3739 2171 3739 2172 3739 2172 3740 1613 3740 1629 3740 2172 3741 1629 3741 1627 3741 2172 3742 1627 3742 1625 3742 2172 3743 1625 3743 1624 3743 1613 3744 2172 3744 2173 3744 1613 3745 2173 3745 2174 3745 1613 3746 2174 3746 2175 3746 1613 3747 2175 3747 2176 3747 2176 3748 1602 3748 1618 3748 2176 3749 1618 3749 1616 3749 2176 3750 1616 3750 1614 3750 2176 3751 1614 3751 1613 3751 1602 3752 2176 3752 2177 3752 1602 3753 2177 3753 2178 3753 1602 3754 2178 3754 2179 3754 1602 3755 2179 3755 2180 3755 2180 3756 1591 3756 1607 3756 2180 3757 1607 3757 1605 3757 2180 3758 1605 3758 1603 3758 2180 3759 1603 3759 1602 3759 1591 3760 2180 3760 2181 3760 1591 3761 2181 3761 2182 3761 1591 3762 2182 3762 2183 3762 1591 3763 2183 3763 2184 3763 2184 3764 1580 3764 1596 3764 2184 3765 1596 3765 1594 3765 2184 3766 1594 3766 1592 3766 2184 3767 1592 3767 1591 3767 1580 3768 2184 3768 2185 3768 1580 3769 2185 3769 2186 3769 1580 3770 2186 3770 2187 3770 1580 3771 2187 3771 2188 3771 2188 3772 1569 3772 1585 3772 2188 3773 1585 3773 1583 3773 2188 3774 1583 3774 1581 3774 2188 3775 1581 3775 1580 3775 1569 3776 2188 3776 2189 3776 1569 3777 2189 3777 2190 3777 1569 3778 2190 3778 2191 3778 1569 3779 2191 3779 2192 3779 1569 3780 2192 3780 2193 3780 2193 3781 2192 3781 2194 3781 2193 3782 2194 3782 2195 3782 2193 3783 2195 3783 2196 3783 2193 3784 2196 3784 2197 3784 2197 3785 2198 3785 2199 3785 2197 3786 2199 3786 2200 3786 2197 3787 2200 3787 2201 3787 2197 3788 2201 3788 2193 3788 2198 3789 2197 3789 2202 3789 2198 3790 2202 3790 2203 3790 2198 3791 2203 3791 2204 3791 2198 3792 2204 3792 2205 3792 2198 3793 2205 3793 2206 3793 2198 3794 2206 3794 2207 3794 2198 3795 2207 3795 2208 3795 2198 3796 2208 3796 2209 3796 2209 3797 2210 3797 2211 3797 2209 3798 2211 3798 2212 3798 2209 3799 2212 3799 2213 3799 2209 3800 2213 3800 2198 3800 2210 3801 2209 3801 2214 3801 2210 3802 2214 3802 2215 3802 2210 3803 2215 3803 2216 3803 2210 3804 2216 3804 2217 3804 2217 3805 2218 3805 2219 3805 2217 3806 2219 3806 2220 3806 2217 3807 2220 3807 2221 3807 2217 3808 2221 3808 2210 3808 2218 3809 2217 3809 2222 3809 2218 3810 2222 3810 2223 3810 2218 3811 2223 3811 2224 3811 2218 3812 2224 3812 2225 3812 2218 3813 2225 3813 2226 3813 2218 3814 2226 3814 2227 3814 2218 3815 2227 3815 2228 3815 2218 3816 2228 3816 2229 3816 2229 3817 2230 3817 2231 3817 2229 3818 2231 3818 2232 3818 2229 3819 2232 3819 2233 3819 2229 3820 2233 3820 2218 3820 2230 3821 2229 3821 2234 3821 2230 3822 2234 3822 2235 3822 2230 3823 2235 3823 2236 3823 2230 3824 2236 3824 2237 3824 2237 3825 2238 3825 2239 3825 2237 3826 2239 3826 2240 3826 2237 3827 2240 3827 2241 3827 2237 3828 2241 3828 2230 3828 2238 3829 2237 3829 2242 3829 2238 3830 2242 3830 2243 3830 2238 3831 2243 3831 2244 3831 2238 3832 2244 3832 2245 3832 2238 3833 2245 3833 2246 3833 2238 3834 2246 3834 2247 3834 2238 3835 2247 3835 2248 3835 2238 3836 2248 3836 2249 3836 2249 3837 2250 3837 2251 3837 2249 3838 2251 3838 2252 3838 2249 3839 2252 3839 2253 3839 2249 3840 2253 3840 2238 3840 2250 3841 2249 3841 2254 3841 2250 3842 2254 3842 2255 3842 2250 3843 2255 3843 2256 3843 2250 3844 2256 3844 2257 3844 2250 3845 2257 3845 2258 3845 2250 3846 2258 3846 2259 3846 2250 3847 2259 3847 2260 3847 2250 3848 2260 3848 2261 3848 2261 3849 2262 3849 2263 3849 2261 3850 2263 3850 2264 3850 2261 3851 2264 3851 2265 3851 2261 3852 2265 3852 2250 3852 2262 3853 2261 3853 2266 3853 2262 3854 2266 3854 2267 3854 2262 3855 2267 3855 2268 3855 2262 3856 2268 3856 2269 3856 2269 3857 2270 3857 2271 3857 2269 3858 2271 3858 2272 3858 2269 3859 2272 3859 2273 3859 2269 3860 2273 3860 2262 3860 2270 3861 2269 3861 2274 3861 2270 3862 2274 3862 2275 3862 2270 3863 2275 3863 2276 3863 2270 3864 2276 3864 2277 3864 2270 3865 2277 3865 2278 3865 2270 3866 2278 3866 2279 3866 2270 3867 2279 3867 2280 3867 2270 3868 2280 3868 2281 3868 2281 3869 2282 3869 2283 3869 2281 3870 2283 3870 2284 3870 2281 3871 2284 3871 2285 3871 2281 3872 2285 3872 2270 3872 2282 3873 2281 3873 2286 3873 2282 3874 2286 3874 2287 3874 2282 3875 2287 3875 2288 3875 2282 3876 2288 3876 2289 3876 2282 3877 2289 3877 2290 3877 2282 3878 2290 3878 2291 3878 2282 3879 2291 3879 2292 3879 2282 3880 2292 3880 2293 3880 2293 3881 2294 3881 2295 3881 2293 3882 2295 3882 2296 3882 2293 3883 2296 3883 2297 3883 2293 3884 2297 3884 2282 3884 2294 3885 2293 3885 2298 3885 2294 3886 2298 3886 2299 3886 2294 3887 2299 3887 2300 3887 2294 3888 2300 3888 2301 3888 2294 3889 2301 3889 1844 3889 1844 3890 2301 3890 2302 3890 1844 3891 2302 3891 2303 3891 1844 3892 2303 3892 2304 3892 1844 3893 2304 3893 2305 3893 2305 3894 1833 3894 1849 3894 2305 3895 1849 3895 1847 3895 2305 3896 1847 3896 1845 3896 2305 3897 1845 3897 1844 3897 1833 3898 2305 3898 2306 3898 1833 3899 2306 3899 2307 3899 1833 3900 2307 3900 2308 3900 1833 3901 2308 3901 2309 3901 2309 3902 1822 3902 1838 3902 2309 3903 1838 3903 1836 3903 2309 3904 1836 3904 1834 3904 2309 3905 1834 3905 1833 3905 1822 3906 2309 3906 2310 3906 1822 3907 2310 3907 2311 3907 1822 3908 2311 3908 2312 3908 1822 3909 2312 3909 2313 3909 2313 3910 1811 3910 1827 3910 2313 3911 1827 3911 1825 3911 2313 3912 1825 3912 1823 3912 2313 3913 1823 3913 1822 3913 1811 3914 2313 3914 2314 3914 1811 3915 2314 3915 2315 3915 1811 3916 2315 3916 2316 3916 1811 3917 2316 3917 2317 3917 2317 3918 1800 3918 1816 3918 2317 3919 1816 3919 1814 3919 2317 3920 1814 3920 1812 3920 2317 3921 1812 3921 1811 3921 2317 3922 1789 3922 1805 3922 2317 3923 1805 3923 1803 3923 2317 3924 1803 3924 1801 3924 2317 3925 1801 3925 1800 3925 1789 3926 2317 3926 2318 3926 1789 3927 2318 3927 2319 3927 1789 3928 2319 3928 2320 3928 1789 3929 2320 3929 2321 3929 2321 3930 1778 3930 1794 3930 2321 3931 1794 3931 1792 3931 2321 3932 1792 3932 1790 3932 2321 3933 1790 3933 1789 3933 1778 3934 2321 3934 2322 3934 1778 3935 2322 3935 2323 3935 1778 3936 2323 3936 2324 3936 1778 3937 2324 3937 2007 3937 1844 3938 2325 3938 2326 3938 1844 3939 2326 3939 2327 3939 1844 3940 2327 3940 2328 3940 1844 3941 2328 3941 2294 3941 2325 3942 1844 3942 1860 3942 2325 3943 1860 3943 1858 3943 2325 3944 1858 3944 1856 3944 2325 3945 1856 3945 1855 3945 1855 3946 2329 3946 2330 3946 1855 3947 2330 3947 2331 3947 1855 3948 2331 3948 2332 3948 1855 3949 2332 3949 2325 3949 2329 3950 1855 3950 1871 3950 2329 3951 1871 3951 1869 3951 2329 3952 1869 3952 1867 3952 2329 3953 1867 3953 1866 3953 1866 3954 2333 3954 2334 3954 1866 3955 2334 3955 2335 3955 1866 3956 2335 3956 2336 3956 1866 3957 2336 3957 2329 3957 2333 3958 1866 3958 1882 3958 2333 3959 1882 3959 1880 3959 2333 3960 1880 3960 1878 3960 2333 3961 1878 3961 1877 3961 1877 3962 2337 3962 2338 3962 1877 3963 2338 3963 2339 3963 1877 3964 2339 3964 2340 3964 1877 3965 2340 3965 2333 3965 2337 3966 1877 3966 1893 3966 2337 3967 1893 3967 1891 3967 2337 3968 1891 3968 1889 3968 2337 3969 1889 3969 1888 3969 2337 3970 1888 3970 1904 3970 2337 3971 1904 3971 1902 3971 2337 3972 1902 3972 1900 3972 2337 3973 1900 3973 1899 3973 1899 3974 2341 3974 2342 3974 1899 3975 2342 3975 2343 3975 1899 3976 2343 3976 2344 3976 1899 3977 2344 3977 2337 3977 2341 3978 1899 3978 1915 3978 2341 3979 1915 3979 1913 3979 2341 3980 1913 3980 1911 3980 2341 3981 1911 3981 1910 3981 1910 3982 2345 3982 2346 3982 1910 3983 2346 3983 2347 3983 1910 3984 2347 3984 2348 3984 1910 3985 2348 3985 2341 3985 2345 3986 1910 3986 1926 3986 2345 3987 1926 3987 1924 3987 2345 3988 1924 3988 1922 3988 2345 3989 1922 3989 1921 3989 1921 3990 2349 3990 2350 3990 1921 3991 2350 3991 2351 3991 1921 3992 2351 3992 2352 3992 1921 3993 2352 3993 2345 3993 2349 3994 1921 3994 1937 3994 2349 3995 1937 3995 1935 3995 2349 3996 1935 3996 1933 3996 2349 3997 1933 3997 1932 3997 1932 3998 2032 3998 2353 3998 1932 3999 2353 3999 2354 3999 1932 4000 2354 4000 2355 4000 1932 4001 2355 4001 2349 4001 2356 4002 1530 4002 1528 4002 2356 4003 1528 4003 1526 4003 2356 4004 1526 4004 1524 4004 2356 4005 1524 4005 1523 4005 2356 4006 1523 4006 1541 4006 2356 4007 1541 4007 1539 4007 2356 4008 1539 4008 1537 4008 2356 4009 1537 4009 1536 4009 1536 4010 2357 4010 2358 4010 1536 4011 2358 4011 2359 4011 1536 4012 2359 4012 2360 4012 1536 4013 2360 4013 2356 4013 2357 4014 1536 4014 1552 4014 2357 4015 1552 4015 1550 4015 2357 4016 1550 4016 1548 4016 2357 4017 1548 4017 1547 4017 1547 4018 2361 4018 2362 4018 1547 4019 2362 4019 2363 4019 1547 4020 2363 4020 2364 4020 1547 4021 2364 4021 2357 4021 2361 4022 1547 4022 1563 4022 2361 4023 1563 4023 1561 4023 2361 4024 1561 4024 1559 4024 2361 4025 1559 4025 1558 4025 1558 4026 2365 4026 2366 4026 1558 4027 2366 4027 2367 4027 1558 4028 2367 4028 2368 4028 1558 4029 2368 4029 2361 4029 2365 4030 1558 4030 1574 4030 2365 4031 1574 4031 1572 4031 2365 4032 1572 4032 1570 4032 2365 4033 1570 4033 1569 4033 1569 4034 2193 4034 2369 4034 1569 4035 2369 4035 2370 4035 1569 4036 2370 4036 2371 4036 1569 4037 2371 4037 2365 4037 1723 4038 2372 4038 2373 4038 1723 4039 2373 4039 2374 4039 1723 4040 2374 4040 2375 4040 1723 4041 2375 4041 2133 4041 2372 4042 1723 4042 1739 4042 2372 4043 1739 4043 1737 4043 2372 4044 1737 4044 1735 4044 2372 4045 1735 4045 1734 4045 1734 4046 2376 4046 2377 4046 1734 4047 2377 4047 2378 4047 1734 4048 2378 4048 2379 4048 1734 4049 2379 4049 2372 4049 2376 4050 1734 4050 1750 4050 2376 4051 1750 4051 1748 4051 2376 4052 1748 4052 1746 4052 2376 4053 1746 4053 1745 4053 1745 4054 2380 4054 2381 4054 1745 4055 2381 4055 2382 4055 1745 4056 2382 4056 2383 4056 1745 4057 2383 4057 2376 4057 2380 4058 1745 4058 1760 4058 2380 4059 1760 4059 1758 4059 2380 4060 1758 4060 1756 4060 2380 4061 1756 4061 1530 4061 1530 4062 2356 4062 2384 4062 1530 4063 2384 4063 2385 4063 1530 4064 2385 4064 2386 4064 1530 4065 2386 4065 2380 4065 1476 4066 2387 4066 2388 4066 2387 4067 2389 4067 2388 4067 2388 4068 2389 4068 2390 4068 2389 4069 2391 4069 2390 4069 2390 4070 2391 4070 2392 4070 2391 4071 2393 4071 2392 4071 2392 4072 2393 4072 2394 4072 2394 4073 2395 4073 2392 4073 2395 4074 2396 4074 2392 4074 2392 4075 2396 4075 2390 4075 2396 4076 2397 4076 2390 4076 2390 4077 2397 4077 2388 4077 2397 4078 2398 4078 2388 4078 2388 4079 2398 4079 1476 4079 2399 4080 2400 4080 2401 4080 2400 4081 2402 4081 2401 4081 2401 4082 2402 4082 2403 4082 2402 4083 2404 4083 2403 4083 2403 4084 2404 4084 2405 4084 2404 4085 1476 4085 2405 4085 2405 4086 1476 4086 2398 4086 2398 4087 2406 4087 2405 4087 2406 4088 2407 4088 2405 4088 2405 4089 2407 4089 2403 4089 2407 4090 2408 4090 2403 4090 2403 4091 2408 4091 2401 4091 2408 4092 2409 4092 2401 4092 2401 4093 2409 4093 2399 4093 2410 4094 2411 4094 2412 4094 2411 4095 2413 4095 2412 4095 2412 4096 2413 4096 2414 4096 2413 4097 2415 4097 2414 4097 2414 4098 2415 4098 2416 4098 2415 4099 2399 4099 2416 4099 2416 4100 2399 4100 2409 4100 2417 4101 2418 4101 2419 4101 2418 4102 2420 4102 2419 4102 2419 4103 2420 4103 2421 4103 2420 4104 2422 4104 2421 4104 2421 4105 2422 4105 2423 4105 2422 4106 2394 4106 2423 4106 2423 4107 2394 4107 2393 4107 2394 4108 2422 4108 2424 4108 2422 4109 2420 4109 2424 4109 2424 4110 2420 4110 2425 4110 2420 4111 2418 4111 2425 4111 2425 4112 2418 4112 2426 4112 2418 4113 2417 4113 2426 4113 2426 4114 2417 4114 2427 4114 2428 4115 2429 4115 2430 4115 2429 4116 2431 4116 2430 4116 2430 4117 2431 4117 2432 4117 2431 4118 2433 4118 2432 4118 2432 4119 2433 4119 2434 4119 2433 4120 2427 4120 2434 4120 2434 4121 2427 4121 2417 4121 2427 4122 2433 4122 2435 4122 2433 4123 2431 4123 2435 4123 2435 4124 2431 4124 2436 4124 2431 4125 2429 4125 2436 4125 2436 4126 2429 4126 2437 4126 2429 4127 2428 4127 2437 4127 2437 4128 2428 4128 2438 4128 2439 4129 2440 4129 2441 4129 2440 4130 2442 4130 2441 4130 2441 4131 2442 4131 2443 4131 2442 4132 2444 4132 2443 4132 2443 4133 2444 4133 2445 4133 2444 4134 2438 4134 2445 4134 2445 4135 2438 4135 2428 4135 2438 4136 2444 4136 2446 4136 2444 4137 2442 4137 2446 4137 2446 4138 2442 4138 2447 4138 2442 4139 2440 4139 2447 4139 2447 4140 2440 4140 2448 4140 2440 4141 2439 4141 2448 4141 2448 4142 2439 4142 2449 4142 2450 4143 2451 4143 2452 4143 2451 4144 2453 4144 2452 4144 2452 4145 2453 4145 2454 4145 2453 4146 2455 4146 2454 4146 2454 4147 2455 4147 2456 4147 2455 4148 2449 4148 2456 4148 2456 4149 2449 4149 2439 4149 2449 4150 2455 4150 2457 4150 2455 4151 2453 4151 2457 4151 2457 4152 2453 4152 2458 4152 2453 4153 2451 4153 2458 4153 2458 4154 2451 4154 2459 4154 2451 4155 2450 4155 2459 4155 2459 4156 2450 4156 2460 4156 1422 4157 2461 4157 2462 4157 2461 4158 2463 4158 2462 4158 2462 4159 2463 4159 2464 4159 2463 4160 2465 4160 2464 4160 2464 4161 2465 4161 2466 4161 2465 4162 2460 4162 2466 4162 2466 4163 2460 4163 2450 4163 2460 4164 2465 4164 2467 4164 2465 4165 2463 4165 2467 4165 2467 4166 2463 4166 2468 4166 2463 4167 2461 4167 2468 4167 2468 4168 2461 4168 2469 4168 2461 4169 1422 4169 2469 4169 2469 4170 1422 4170 2470 4170 2471 4171 2472 4171 2473 4171 2472 4172 2474 4172 2473 4172 2473 4173 2474 4173 2475 4173 2474 4174 2476 4174 2475 4174 2475 4175 2476 4175 2477 4175 2476 4176 2470 4176 2477 4176 2477 4177 2470 4177 1422 4177 2470 4178 2476 4178 2478 4178 2476 4179 2474 4179 2478 4179 2478 4180 2474 4180 2479 4180 2474 4181 2472 4181 2479 4181 2479 4182 2472 4182 2480 4182 2472 4183 2471 4183 2480 4183 2480 4184 2471 4184 2481 4184 2482 4185 2483 4185 2484 4185 2483 4186 2485 4186 2484 4186 2484 4187 2485 4187 2486 4187 2485 4188 2487 4188 2486 4188 2486 4189 2487 4189 2488 4189 2487 4190 2481 4190 2488 4190 2488 4191 2481 4191 2471 4191 2481 4192 2487 4192 2489 4192 2487 4193 2485 4193 2489 4193 2489 4194 2485 4194 2490 4194 2485 4195 2483 4195 2490 4195 2490 4196 2483 4196 2491 4196 2483 4197 2482 4197 2491 4197 2491 4198 2482 4198 2492 4198 2493 4199 2494 4199 2495 4199 2494 4200 2496 4200 2495 4200 2495 4201 2496 4201 2497 4201 2496 4202 2498 4202 2497 4202 2497 4203 2498 4203 2499 4203 2498 4204 2492 4204 2499 4204 2499 4205 2492 4205 2482 4205 2492 4206 2498 4206 2500 4206 2498 4207 2496 4207 2500 4207 2500 4208 2496 4208 2501 4208 2496 4209 2494 4209 2501 4209 2501 4210 2494 4210 2502 4210 2494 4211 2493 4211 2502 4211 2502 4212 2493 4212 2503 4212 2504 4213 2505 4213 2506 4213 2505 4214 2507 4214 2506 4214 2506 4215 2507 4215 2508 4215 2507 4216 2509 4216 2508 4216 2508 4217 2509 4217 2510 4217 2509 4218 2503 4218 2510 4218 2510 4219 2503 4219 2493 4219 2503 4220 2509 4220 2511 4220 2509 4221 2507 4221 2511 4221 2511 4222 2507 4222 2512 4222 2507 4223 2505 4223 2512 4223 2512 4224 2505 4224 2513 4224 2505 4225 2504 4225 2513 4225 2513 4226 2504 4226 2514 4226 2515 4227 2516 4227 2517 4227 2516 4228 2518 4228 2517 4228 2517 4229 2518 4229 2519 4229 2518 4230 2520 4230 2519 4230 2519 4231 2520 4231 2521 4231 2520 4232 2514 4232 2521 4232 2521 4233 2514 4233 2504 4233 2514 4234 2520 4234 2522 4234 2520 4235 2518 4235 2522 4235 2522 4236 2518 4236 2523 4236 2518 4237 2516 4237 2523 4237 2523 4238 2516 4238 2524 4238 2516 4239 2515 4239 2524 4239 2524 4240 2515 4240 2525 4240 2526 4241 2527 4241 2528 4241 2527 4242 2529 4242 2528 4242 2528 4243 2529 4243 2530 4243 2529 4244 2531 4244 2530 4244 2530 4245 2531 4245 2532 4245 2531 4246 2525 4246 2532 4246 2532 4247 2525 4247 2515 4247 2515 4248 2533 4248 2532 4248 2533 4249 2534 4249 2532 4249 2532 4250 2534 4250 2530 4250 2534 4251 2535 4251 2530 4251 2530 4252 2535 4252 2528 4252 2535 4253 1368 4253 2528 4253 2528 4254 1368 4254 2526 4254 2536 4255 2537 4255 2538 4255 2537 4256 2539 4256 2538 4256 2538 4257 2539 4257 2540 4257 2539 4258 2541 4258 2540 4258 2540 4259 2541 4259 2542 4259 2541 4260 2526 4260 2542 4260 2542 4261 2526 4261 1368 4261 1368 4262 2543 4262 2542 4262 2543 4263 2544 4263 2542 4263 2542 4264 2544 4264 2540 4264 2544 4265 2545 4265 2540 4265 2540 4266 2545 4266 2538 4266 2545 4267 2546 4267 2538 4267 2538 4268 2546 4268 2536 4268 2547 4269 2548 4269 2549 4269 2548 4270 2550 4270 2549 4270 2549 4271 2550 4271 2551 4271 2550 4272 2552 4272 2551 4272 2551 4273 2552 4273 2553 4273 2552 4274 2536 4274 2553 4274 2553 4275 2536 4275 2546 4275 2536 4276 2552 4276 2554 4276 2552 4277 2550 4277 2554 4277 2554 4278 2550 4278 2555 4278 2550 4279 2548 4279 2555 4279 2555 4280 2548 4280 2556 4280 2548 4281 2547 4281 2556 4281 2556 4282 2547 4282 2557 4282 2558 4283 2559 4283 2560 4283 2559 4284 2561 4284 2560 4284 2560 4285 2561 4285 2562 4285 2561 4286 2563 4286 2562 4286 2562 4287 2563 4287 2564 4287 2563 4288 2557 4288 2564 4288 2564 4289 2557 4289 2547 4289 2557 4290 2563 4290 2565 4290 2563 4291 2561 4291 2565 4291 2565 4292 2561 4292 2566 4292 2561 4293 2559 4293 2566 4293 2566 4294 2559 4294 2567 4294 2559 4295 2558 4295 2567 4295 2567 4296 2558 4296 2568 4296 2569 4297 2570 4297 2571 4297 2570 4298 2572 4298 2571 4298 2571 4299 2572 4299 2573 4299 2572 4300 2574 4300 2573 4300 2573 4301 2574 4301 2575 4301 2574 4302 2568 4302 2575 4302 2575 4303 2568 4303 2558 4303 2568 4304 2574 4304 2576 4304 2574 4305 2572 4305 2576 4305 2576 4306 2572 4306 2577 4306 2572 4307 2570 4307 2577 4307 2577 4308 2570 4308 2578 4308 2570 4309 2569 4309 2578 4309 2578 4310 2569 4310 2579 4310 2580 4311 2581 4311 2582 4311 2581 4312 2583 4312 2582 4312 2582 4313 2583 4313 2584 4313 2583 4314 2585 4314 2584 4314 2584 4315 2585 4315 2586 4315 2585 4316 2579 4316 2586 4316 2586 4317 2579 4317 2569 4317 2579 4318 2585 4318 2587 4318 2585 4319 2583 4319 2587 4319 2587 4320 2583 4320 2588 4320 2583 4321 2581 4321 2588 4321 2588 4322 2581 4322 2589 4322 2581 4323 2580 4323 2589 4323 2589 4324 2580 4324 2590 4324 1318 4325 2591 4325 2592 4325 2591 4326 2593 4326 2592 4326 2592 4327 2593 4327 2594 4327 2593 4328 2595 4328 2594 4328 2594 4329 2595 4329 2596 4329 2595 4330 2590 4330 2596 4330 2596 4331 2590 4331 2580 4331 2590 4332 2595 4332 2597 4332 2595 4333 2593 4333 2597 4333 2597 4334 2593 4334 2598 4334 2593 4335 2591 4335 2598 4335 2598 4336 2591 4336 2599 4336 2591 4337 1318 4337 2599 4337 2599 4338 1318 4338 2600 4338 2601 4339 2602 4339 2603 4339 2602 4340 2604 4340 2603 4340 2603 4341 2604 4341 2605 4341 2604 4342 2606 4342 2605 4342 2605 4343 2606 4343 2607 4343 2606 4344 2600 4344 2607 4344 2607 4345 2600 4345 1318 4345 2600 4346 2606 4346 2608 4346 2606 4347 2604 4347 2608 4347 2608 4348 2604 4348 2609 4348 2604 4349 2602 4349 2609 4349 2609 4350 2602 4350 2610 4350 2602 4351 2601 4351 2610 4351 2610 4352 2601 4352 2611 4352 2612 4353 2613 4353 2614 4353 2613 4354 2615 4354 2614 4354 2614 4355 2615 4355 2616 4355 2615 4356 2617 4356 2616 4356 2616 4357 2617 4357 2618 4357 2617 4358 2611 4358 2618 4358 2618 4359 2611 4359 2601 4359 2611 4360 2617 4360 2619 4360 2617 4361 2615 4361 2619 4361 2619 4362 2615 4362 2620 4362 2615 4363 2613 4363 2620 4363 2620 4364 2613 4364 2621 4364 2613 4365 2612 4365 2621 4365 2621 4366 2612 4366 2622 4366 2623 4367 2624 4367 2625 4367 2624 4368 2626 4368 2625 4368 2625 4369 2626 4369 2627 4369 2626 4370 2628 4370 2627 4370 2627 4371 2628 4371 2629 4371 2628 4372 2622 4372 2629 4372 2629 4373 2622 4373 2612 4373 2622 4374 2628 4374 2630 4374 2628 4375 2626 4375 2630 4375 2630 4376 2626 4376 2631 4376 2626 4377 2624 4377 2631 4377 2631 4378 2624 4378 2632 4378 2624 4379 2623 4379 2632 4379 2632 4380 2623 4380 2633 4380 2634 4381 2635 4381 2636 4381 2635 4382 2637 4382 2636 4382 2636 4383 2637 4383 2638 4383 2637 4384 2639 4384 2638 4384 2638 4385 2639 4385 2640 4385 2639 4386 2633 4386 2640 4386 2640 4387 2633 4387 2623 4387 2633 4388 2639 4388 2641 4388 2639 4389 2637 4389 2641 4389 2641 4390 2637 4390 2642 4390 2637 4391 2635 4391 2642 4391 2642 4392 2635 4392 2643 4392 2635 4393 2634 4393 2643 4393 2643 4394 2634 4394 2410 4394 2399 4395 2415 4395 2644 4395 2415 4396 2413 4396 2644 4396 2644 4397 2413 4397 2645 4397 2413 4398 2411 4398 2645 4398 2645 4399 2411 4399 2646 4399 2411 4400 2410 4400 2646 4400 2646 4401 2410 4401 2634 4401 2647 4402 2648 4402 2649 4402 2647 4403 2649 4403 2650 4403 2647 4404 2650 4404 2651 4404 2647 4405 2651 4405 2652 4405 2648 4406 2647 4406 2653 4406 2648 4407 2653 4407 2654 4407 2648 4408 2654 4408 2655 4408 2648 4409 2655 4409 2656 4409 2648 4410 2656 4410 2657 4410 2648 4411 2657 4411 2658 4411 2648 4412 2658 4412 2659 4412 2648 4413 2659 4413 2660 4413 2652 4414 2661 4414 2662 4414 2652 4415 2662 4415 2663 4415 2652 4416 2663 4416 2664 4416 2652 4417 2664 4417 2647 4417 2661 4418 2652 4418 2665 4418 2661 4419 2665 4419 2666 4419 2661 4420 2666 4420 2667 4420 2661 4421 2667 4421 2668 4421 2668 4422 2669 4422 2670 4422 2668 4423 2670 4423 2671 4423 2668 4424 2671 4424 2672 4424 2668 4425 2672 4425 2661 4425 2669 4426 2668 4426 2673 4426 2669 4427 2673 4427 2674 4427 2669 4428 2674 4428 2675 4428 2669 4429 2675 4429 2676 4429 2676 4430 2677 4430 2678 4430 2676 4431 2678 4431 2679 4431 2676 4432 2679 4432 2680 4432 2676 4433 2680 4433 2669 4433 2677 4434 2676 4434 2681 4434 2677 4435 2681 4435 2682 4435 2677 4436 2682 4436 2683 4436 2677 4437 2683 4437 2684 4437 2684 4438 2685 4438 2686 4438 2684 4439 2686 4439 2687 4439 2684 4440 2687 4440 2688 4440 2684 4441 2688 4441 2677 4441 2685 4442 2684 4442 2689 4442 2685 4443 2689 4443 2690 4443 2685 4444 2690 4444 2691 4444 2685 4445 2691 4445 2692 4445 2692 4446 2693 4446 2694 4446 2692 4447 2694 4447 2695 4447 2692 4448 2695 4448 2696 4448 2692 4449 2696 4449 2685 4449 2693 4450 2692 4450 2697 4450 2693 4451 2697 4451 2698 4451 2693 4452 2698 4452 2699 4452 2693 4453 2699 4453 2700 4453 2700 4454 2701 4454 2702 4454 2700 4455 2702 4455 2703 4455 2700 4456 2703 4456 2704 4456 2700 4457 2704 4457 2693 4457 2700 4458 2705 4458 2706 4458 2700 4459 2706 4459 2707 4459 2700 4460 2707 4460 2708 4460 2700 4461 2708 4461 2701 4461 2705 4462 2700 4462 2709 4462 2705 4463 2709 4463 2710 4463 2705 4464 2710 4464 2711 4464 2705 4465 2711 4465 2712 4465 2712 4466 2713 4466 2714 4466 2712 4467 2714 4467 2715 4467 2712 4468 2715 4468 2716 4468 2712 4469 2716 4469 2705 4469 2713 4470 2712 4470 2717 4470 2713 4471 2717 4471 2718 4471 2713 4472 2718 4472 2719 4472 2713 4473 2719 4473 2720 4473 2720 4474 2721 4474 2722 4474 2720 4475 2722 4475 2723 4475 2720 4476 2723 4476 2724 4476 2720 4477 2724 4477 2713 4477 2721 4478 2720 4478 2725 4478 2721 4479 2725 4479 2726 4479 2721 4480 2726 4480 2727 4480 2721 4481 2727 4481 2728 4481 2728 4482 2729 4482 2730 4482 2728 4483 2730 4483 2731 4483 2728 4484 2731 4484 2732 4484 2728 4485 2732 4485 2721 4485 2729 4486 2728 4486 2733 4486 2729 4487 2733 4487 2734 4487 2729 4488 2734 4488 2735 4488 2729 4489 2735 4489 2736 4489 2736 4490 2737 4490 2738 4490 2736 4491 2738 4491 2739 4491 2736 4492 2739 4492 2740 4492 2736 4493 2740 4493 2729 4493 2737 4494 2736 4494 2741 4494 2737 4495 2741 4495 2742 4495 2737 4496 2742 4496 2743 4496 2737 4497 2743 4497 2744 4497 2744 4498 2745 4498 2746 4498 2744 4499 2746 4499 2747 4499 2744 4500 2747 4500 2748 4500 2744 4501 2748 4501 2737 4501 2745 4502 2744 4502 2749 4502 2745 4503 2749 4503 2750 4503 2745 4504 2750 4504 2751 4504 2745 4505 2751 4505 2752 4505 2752 4506 2753 4506 2754 4506 2752 4507 2754 4507 2755 4507 2752 4508 2755 4508 2756 4508 2752 4509 2756 4509 2745 4509 2752 4510 2757 4510 2758 4510 2752 4511 2758 4511 2759 4511 2752 4512 2759 4512 2760 4512 2752 4513 2760 4513 2753 4513 2757 4514 2752 4514 2761 4514 2757 4515 2761 4515 2762 4515 2757 4516 2762 4516 2763 4516 2757 4517 2763 4517 2764 4517 2764 4518 2765 4518 2766 4518 2764 4519 2766 4519 2767 4519 2764 4520 2767 4520 2768 4520 2764 4521 2768 4521 2757 4521 2765 4522 2764 4522 2769 4522 2765 4523 2769 4523 2770 4523 2765 4524 2770 4524 2771 4524 2765 4525 2771 4525 2772 4525 2772 4526 2773 4526 2774 4526 2772 4527 2774 4527 2775 4527 2772 4528 2775 4528 2776 4528 2772 4529 2776 4529 2765 4529 2773 4530 2772 4530 2777 4530 2773 4531 2777 4531 2778 4531 2773 4532 2778 4532 2779 4532 2773 4533 2779 4533 2780 4533 2780 4534 2781 4534 2782 4534 2780 4535 2782 4535 2783 4535 2780 4536 2783 4536 2784 4536 2780 4537 2784 4537 2773 4537 2781 4538 2780 4538 2785 4538 2781 4539 2785 4539 2786 4539 2781 4540 2786 4540 2787 4540 2781 4541 2787 4541 2788 4541 2788 4542 2789 4542 2790 4542 2788 4543 2790 4543 2791 4543 2788 4544 2791 4544 2792 4544 2788 4545 2792 4545 2781 4545 2789 4546 2788 4546 2793 4546 2789 4547 2793 4547 2794 4547 2789 4548 2794 4548 2795 4548 2789 4549 2795 4549 2796 4549 2796 4550 2797 4550 2798 4550 2796 4551 2798 4551 2799 4551 2796 4552 2799 4552 2800 4552 2796 4553 2800 4553 2789 4553 2797 4554 2796 4554 2801 4554 2797 4555 2801 4555 2802 4555 2797 4556 2802 4556 2803 4556 2797 4557 2803 4557 2804 4557 2804 4558 2805 4558 2806 4558 2804 4559 2806 4559 2807 4559 2804 4560 2807 4560 2808 4560 2804 4561 2808 4561 2797 4561 2805 4562 2804 4562 2809 4562 2805 4563 2809 4563 2810 4563 2805 4564 2810 4564 2811 4564 2805 4565 2811 4565 2812 4565 2812 4566 2813 4566 2814 4566 2812 4567 2814 4567 2815 4567 2812 4568 2815 4568 2816 4568 2812 4569 2816 4569 2805 4569 2812 4570 2817 4570 2818 4570 2812 4571 2818 4571 2819 4571 2812 4572 2819 4572 2820 4572 2812 4573 2820 4573 2813 4573 2817 4574 2812 4574 2821 4574 2817 4575 2821 4575 2822 4575 2817 4576 2822 4576 2823 4576 2817 4577 2823 4577 2824 4577 2824 4578 2825 4578 2826 4578 2824 4579 2826 4579 2827 4579 2824 4580 2827 4580 2828 4580 2824 4581 2828 4581 2817 4581 2825 4582 2824 4582 2829 4582 2825 4583 2829 4583 2830 4583 2825 4584 2830 4584 2831 4584 2825 4585 2831 4585 2832 4585 2832 4586 2833 4586 2834 4586 2832 4587 2834 4587 2835 4587 2832 4588 2835 4588 2836 4588 2832 4589 2836 4589 2825 4589 2833 4590 2832 4590 2837 4590 2833 4591 2837 4591 2838 4591 2833 4592 2838 4592 2839 4592 2833 4593 2839 4593 2840 4593 2840 4594 2841 4594 2842 4594 2840 4595 2842 4595 2843 4595 2840 4596 2843 4596 2844 4596 2840 4597 2844 4597 2833 4597 2841 4598 2840 4598 2845 4598 2841 4599 2845 4599 2846 4599 2841 4600 2846 4600 2847 4600 2841 4601 2847 4601 2848 4601 2848 4602 2849 4602 2850 4602 2848 4603 2850 4603 2851 4603 2848 4604 2851 4604 2852 4604 2848 4605 2852 4605 2841 4605 2849 4606 2848 4606 2853 4606 2849 4607 2853 4607 2854 4607 2849 4608 2854 4608 2855 4608 2849 4609 2855 4609 2856 4609 2856 4610 2857 4610 2858 4610 2856 4611 2858 4611 2859 4611 2856 4612 2859 4612 2860 4612 2856 4613 2860 4613 2849 4613 2857 4614 2856 4614 2861 4614 2857 4615 2861 4615 2862 4615 2857 4616 2862 4616 2863 4616 2857 4617 2863 4617 2864 4617 2864 4618 2865 4618 2866 4618 2864 4619 2866 4619 2867 4619 2864 4620 2867 4620 2868 4620 2864 4621 2868 4621 2857 4621 2864 4622 2869 4622 2870 4622 2864 4623 2870 4623 2871 4623 2864 4624 2871 4624 2872 4624 2864 4625 2872 4625 2865 4625 2869 4626 2864 4626 2873 4626 2869 4627 2873 4627 2874 4627 2869 4628 2874 4628 2875 4628 2869 4629 2875 4629 2876 4629 2876 4630 2877 4630 2878 4630 2876 4631 2878 4631 2879 4631 2876 4632 2879 4632 2880 4632 2876 4633 2880 4633 2869 4633 2877 4634 2876 4634 2881 4634 2877 4635 2881 4635 2882 4635 2877 4636 2882 4636 2883 4636 2877 4637 2883 4637 2884 4637 2884 4638 2885 4638 2886 4638 2884 4639 2886 4639 2887 4639 2884 4640 2887 4640 2888 4640 2884 4641 2888 4641 2877 4641 2885 4642 2884 4642 2889 4642 2885 4643 2889 4643 2890 4643 2885 4644 2890 4644 2891 4644 2885 4645 2891 4645 2892 4645 2892 4646 2893 4646 2894 4646 2892 4647 2894 4647 2895 4647 2892 4648 2895 4648 2896 4648 2892 4649 2896 4649 2885 4649 2893 4650 2892 4650 2897 4650 2893 4651 2897 4651 2898 4651 2893 4652 2898 4652 2899 4652 2893 4653 2899 4653 2900 4653 2900 4654 2901 4654 2902 4654 2900 4655 2902 4655 2903 4655 2900 4656 2903 4656 2904 4656 2900 4657 2904 4657 2893 4657 2901 4658 2900 4658 2905 4658 2901 4659 2905 4659 2906 4659 2901 4660 2906 4660 2907 4660 2901 4661 2907 4661 2908 4661 2908 4662 2660 4662 2909 4662 2908 4663 2909 4663 2910 4663 2908 4664 2910 4664 2911 4664 2908 4665 2911 4665 2901 4665 2660 4666 2908 4666 2912 4666 2660 4667 2912 4667 2913 4667 2660 4668 2913 4668 2914 4668 2660 4669 2914 4669 2648 4669 2648 4670 2914 4670 2915 4670 2914 4671 2913 4671 2915 4671 2915 4672 2913 4672 2916 4672 2913 4673 2912 4673 2916 4673 2916 4674 2912 4674 2917 4674 2912 4675 2908 4675 2917 4675 2917 4676 2908 4676 1316 4676 1316 4677 1315 4677 2917 4677 1315 4678 1314 4678 2917 4678 2917 4679 1314 4679 2916 4679 1314 4680 1313 4680 2916 4680 2916 4681 1313 4681 2915 4681 1313 4682 1312 4682 2915 4682 2915 4683 1312 4683 2648 4683 2652 4684 2651 4684 2918 4684 2651 4685 2650 4685 2918 4685 2918 4686 2650 4686 2919 4686 2650 4687 2649 4687 2919 4687 2919 4688 2649 4688 2920 4688 2649 4689 2648 4689 2920 4689 2920 4690 2648 4690 1312 4690 1312 4691 1324 4691 2920 4691 1324 4692 1323 4692 2920 4692 2920 4693 1323 4693 2919 4693 1323 4694 1322 4694 2919 4694 2919 4695 1322 4695 2918 4695 1322 4696 1321 4696 2918 4696 2918 4697 1321 4697 2652 4697 2668 4698 2667 4698 2921 4698 2667 4699 2666 4699 2921 4699 2921 4700 2666 4700 2922 4700 2666 4701 2665 4701 2922 4701 2922 4702 2665 4702 2923 4702 2665 4703 2652 4703 2923 4703 2923 4704 2652 4704 1321 4704 1321 4705 1332 4705 2923 4705 1332 4706 1331 4706 2923 4706 2923 4707 1331 4707 2922 4707 1331 4708 1330 4708 2922 4708 2922 4709 1330 4709 2921 4709 1330 4710 1329 4710 2921 4710 2921 4711 1329 4711 2668 4711 2676 4712 2675 4712 2924 4712 2675 4713 2674 4713 2924 4713 2924 4714 2674 4714 2925 4714 2674 4715 2673 4715 2925 4715 2925 4716 2673 4716 2926 4716 2673 4717 2668 4717 2926 4717 2926 4718 2668 4718 1329 4718 1329 4719 1336 4719 2926 4719 1336 4720 1335 4720 2926 4720 2926 4721 1335 4721 2925 4721 1335 4722 1334 4722 2925 4722 2925 4723 1334 4723 2924 4723 1334 4724 1333 4724 2924 4724 2924 4725 1333 4725 2676 4725 2684 4726 2683 4726 2927 4726 2683 4727 2682 4727 2927 4727 2927 4728 2682 4728 2928 4728 2682 4729 2681 4729 2928 4729 2928 4730 2681 4730 2929 4730 2681 4731 2676 4731 2929 4731 2929 4732 2676 4732 1333 4732 1333 4733 1344 4733 2929 4733 1344 4734 1343 4734 2929 4734 2929 4735 1343 4735 2928 4735 1343 4736 1342 4736 2928 4736 2928 4737 1342 4737 2927 4737 1342 4738 1341 4738 2927 4738 2927 4739 1341 4739 2684 4739 2692 4740 2691 4740 2930 4740 2691 4741 2690 4741 2930 4741 2930 4742 2690 4742 2931 4742 2690 4743 2689 4743 2931 4743 2931 4744 2689 4744 2932 4744 2689 4745 2684 4745 2932 4745 2932 4746 2684 4746 1341 4746 1341 4747 1352 4747 2932 4747 1352 4748 1351 4748 2932 4748 2932 4749 1351 4749 2931 4749 1351 4750 1350 4750 2931 4750 2931 4751 1350 4751 2930 4751 1350 4752 1349 4752 2930 4752 2930 4753 1349 4753 2692 4753 2700 4754 2699 4754 2933 4754 2699 4755 2698 4755 2933 4755 2933 4756 2698 4756 2934 4756 2698 4757 2697 4757 2934 4757 2934 4758 2697 4758 2935 4758 2697 4759 2692 4759 2935 4759 2935 4760 2692 4760 1349 4760 1349 4761 1356 4761 2935 4761 1356 4762 1355 4762 2935 4762 2935 4763 1355 4763 2934 4763 1355 4764 1354 4764 2934 4764 2934 4765 1354 4765 2933 4765 1354 4766 1353 4766 2933 4766 2933 4767 1353 4767 2700 4767 2712 4768 2711 4768 2936 4768 2711 4769 2710 4769 2936 4769 2936 4770 2710 4770 2937 4770 2710 4771 2709 4771 2937 4771 2937 4772 2709 4772 2938 4772 2709 4773 2700 4773 2938 4773 2938 4774 2700 4774 1353 4774 1353 4775 1364 4775 2938 4775 1364 4776 1363 4776 2938 4776 2938 4777 1363 4777 2937 4777 1363 4778 1362 4778 2937 4778 2937 4779 1362 4779 2936 4779 1362 4780 1361 4780 2936 4780 2936 4781 1361 4781 2712 4781 2720 4782 2719 4782 2939 4782 2719 4783 2718 4783 2939 4783 2939 4784 2718 4784 2940 4784 2718 4785 2717 4785 2940 4785 2940 4786 2717 4786 2941 4786 2717 4787 2712 4787 2941 4787 2941 4788 2712 4788 1361 4788 1361 4789 1372 4789 2941 4789 1372 4790 1371 4790 2941 4790 2941 4791 1371 4791 2940 4791 1371 4792 1370 4792 2940 4792 2940 4793 1370 4793 2939 4793 1370 4794 1369 4794 2939 4794 2939 4795 1369 4795 2720 4795 2728 4796 2727 4796 2942 4796 2727 4797 2726 4797 2942 4797 2942 4798 2726 4798 2943 4798 2726 4799 2725 4799 2943 4799 2943 4800 2725 4800 2944 4800 2725 4801 2720 4801 2944 4801 2944 4802 2720 4802 1369 4802 1369 4803 1380 4803 2944 4803 1380 4804 1379 4804 2944 4804 2944 4805 1379 4805 2943 4805 1379 4806 1378 4806 2943 4806 2943 4807 1378 4807 2942 4807 1378 4808 1377 4808 2942 4808 2942 4809 1377 4809 2728 4809 2736 4810 2735 4810 2945 4810 2735 4811 2734 4811 2945 4811 2945 4812 2734 4812 2946 4812 2734 4813 2733 4813 2946 4813 2946 4814 2733 4814 2947 4814 2733 4815 2728 4815 2947 4815 2947 4816 2728 4816 1377 4816 1377 4817 1384 4817 2947 4817 1384 4818 1383 4818 2947 4818 2947 4819 1383 4819 2946 4819 1383 4820 1382 4820 2946 4820 2946 4821 1382 4821 2945 4821 1382 4822 1381 4822 2945 4822 2945 4823 1381 4823 2736 4823 2744 4824 2743 4824 2948 4824 2743 4825 2742 4825 2948 4825 2948 4826 2742 4826 2949 4826 2742 4827 2741 4827 2949 4827 2949 4828 2741 4828 2950 4828 2741 4829 2736 4829 2950 4829 2950 4830 2736 4830 1381 4830 1381 4831 1392 4831 2950 4831 1392 4832 1391 4832 2950 4832 2950 4833 1391 4833 2949 4833 1391 4834 1390 4834 2949 4834 2949 4835 1390 4835 2948 4835 1390 4836 1389 4836 2948 4836 2948 4837 1389 4837 2744 4837 2752 4838 2751 4838 2951 4838 2751 4839 2750 4839 2951 4839 2951 4840 2750 4840 2952 4840 2750 4841 2749 4841 2952 4841 2952 4842 2749 4842 2953 4842 2749 4843 2744 4843 2953 4843 2953 4844 2744 4844 1389 4844 1389 4845 1400 4845 2953 4845 1400 4846 1399 4846 2953 4846 2953 4847 1399 4847 2952 4847 1399 4848 1398 4848 2952 4848 2952 4849 1398 4849 2951 4849 1398 4850 1397 4850 2951 4850 2951 4851 1397 4851 2752 4851 2764 4852 2763 4852 2954 4852 2763 4853 2762 4853 2954 4853 2954 4854 2762 4854 2955 4854 2762 4855 2761 4855 2955 4855 2955 4856 2761 4856 2956 4856 2761 4857 2752 4857 2956 4857 2956 4858 2752 4858 1397 4858 1397 4859 1404 4859 2956 4859 1404 4860 1403 4860 2956 4860 2956 4861 1403 4861 2955 4861 1403 4862 1402 4862 2955 4862 2955 4863 1402 4863 2954 4863 1402 4864 1401 4864 2954 4864 2954 4865 1401 4865 2764 4865 2772 4866 2771 4866 2957 4866 2771 4867 2770 4867 2957 4867 2957 4868 2770 4868 2958 4868 2770 4869 2769 4869 2958 4869 2958 4870 2769 4870 2959 4870 2769 4871 2764 4871 2959 4871 2959 4872 2764 4872 1401 4872 1401 4873 1412 4873 2959 4873 1412 4874 1411 4874 2959 4874 2959 4875 1411 4875 2958 4875 1411 4876 1410 4876 2958 4876 2958 4877 1410 4877 2957 4877 1410 4878 1409 4878 2957 4878 2957 4879 1409 4879 2772 4879 2780 4880 2779 4880 2960 4880 2779 4881 2778 4881 2960 4881 2960 4882 2778 4882 2961 4882 2778 4883 2777 4883 2961 4883 2961 4884 2777 4884 2962 4884 2777 4885 2772 4885 2962 4885 2962 4886 2772 4886 1409 4886 1409 4887 1420 4887 2962 4887 1420 4888 1419 4888 2962 4888 2962 4889 1419 4889 2961 4889 1419 4890 1418 4890 2961 4890 2961 4891 1418 4891 2960 4891 1418 4892 1417 4892 2960 4892 2960 4893 1417 4893 2780 4893 2788 4894 2787 4894 2963 4894 2787 4895 2786 4895 2963 4895 2963 4896 2786 4896 2964 4896 2786 4897 2785 4897 2964 4897 2964 4898 2785 4898 2965 4898 2785 4899 2780 4899 2965 4899 2965 4900 2780 4900 1417 4900 1417 4901 1428 4901 2965 4901 1428 4902 1427 4902 2965 4902 2965 4903 1427 4903 2964 4903 1427 4904 1426 4904 2964 4904 2964 4905 1426 4905 2963 4905 1426 4906 1425 4906 2963 4906 2963 4907 1425 4907 2788 4907 2796 4908 2795 4908 2966 4908 2795 4909 2794 4909 2966 4909 2966 4910 2794 4910 2967 4910 2794 4911 2793 4911 2967 4911 2967 4912 2793 4912 2968 4912 2793 4913 2788 4913 2968 4913 2968 4914 2788 4914 1425 4914 1425 4915 1432 4915 2968 4915 1432 4916 1431 4916 2968 4916 2968 4917 1431 4917 2967 4917 1431 4918 1430 4918 2967 4918 2967 4919 1430 4919 2966 4919 1430 4920 1429 4920 2966 4920 2966 4921 1429 4921 2796 4921 2804 4922 2803 4922 2969 4922 2803 4923 2802 4923 2969 4923 2969 4924 2802 4924 2970 4924 2802 4925 2801 4925 2970 4925 2970 4926 2801 4926 2971 4926 2801 4927 2796 4927 2971 4927 2971 4928 2796 4928 1429 4928 1429 4929 1440 4929 2971 4929 1440 4930 1439 4930 2971 4930 2971 4931 1439 4931 2970 4931 1439 4932 1438 4932 2970 4932 2970 4933 1438 4933 2969 4933 1438 4934 1437 4934 2969 4934 2969 4935 1437 4935 2804 4935 2812 4936 2811 4936 2972 4936 2811 4937 2810 4937 2972 4937 2972 4938 2810 4938 2973 4938 2810 4939 2809 4939 2973 4939 2973 4940 2809 4940 2974 4940 2809 4941 2804 4941 2974 4941 2974 4942 2804 4942 1437 4942 1437 4943 1448 4943 2974 4943 1448 4944 1447 4944 2974 4944 2974 4945 1447 4945 2973 4945 1447 4946 1446 4946 2973 4946 2973 4947 1446 4947 2972 4947 1446 4948 1445 4948 2972 4948 2972 4949 1445 4949 2812 4949 2824 4950 2823 4950 2975 4950 2823 4951 2822 4951 2975 4951 2975 4952 2822 4952 2976 4952 2822 4953 2821 4953 2976 4953 2976 4954 2821 4954 2977 4954 2821 4955 2812 4955 2977 4955 2977 4956 2812 4956 1445 4956 1445 4957 1452 4957 2977 4957 1452 4958 1451 4958 2977 4958 2977 4959 1451 4959 2976 4959 1451 4960 1450 4960 2976 4960 2976 4961 1450 4961 2975 4961 1450 4962 1449 4962 2975 4962 2975 4963 1449 4963 2824 4963 2832 4964 2831 4964 2978 4964 2831 4965 2830 4965 2978 4965 2978 4966 2830 4966 2979 4966 2830 4967 2829 4967 2979 4967 2979 4968 2829 4968 2980 4968 2829 4969 2824 4969 2980 4969 2980 4970 2824 4970 1449 4970 1449 4971 1460 4971 2980 4971 1460 4972 1459 4972 2980 4972 2980 4973 1459 4973 2979 4973 1459 4974 1458 4974 2979 4974 2979 4975 1458 4975 2978 4975 1458 4976 1457 4976 2978 4976 2978 4977 1457 4977 2832 4977 2840 4978 2839 4978 2981 4978 2839 4979 2838 4979 2981 4979 2981 4980 2838 4980 2982 4980 2838 4981 2837 4981 2982 4981 2982 4982 2837 4982 2983 4982 2837 4983 2832 4983 2983 4983 2983 4984 2832 4984 1457 4984 1457 4985 1468 4985 2983 4985 1468 4986 1467 4986 2983 4986 2983 4987 1467 4987 2982 4987 1467 4988 1466 4988 2982 4988 2982 4989 1466 4989 2981 4989 1466 4990 1465 4990 2981 4990 2981 4991 1465 4991 2840 4991 2848 4992 2847 4992 2984 4992 2847 4993 2846 4993 2984 4993 2984 4994 2846 4994 2985 4994 2846 4995 2845 4995 2985 4995 2985 4996 2845 4996 2986 4996 2845 4997 2840 4997 2986 4997 2986 4998 2840 4998 1465 4998 1465 4999 1472 4999 2986 4999 1472 5000 1471 5000 2986 5000 2986 5001 1471 5001 2985 5001 1471 5002 1470 5002 2985 5002 2985 5003 1470 5003 2984 5003 1470 5004 1469 5004 2984 5004 2984 5005 1469 5005 2848 5005 2856 5006 2855 5006 2987 5006 2855 5007 2854 5007 2987 5007 2987 5008 2854 5008 2988 5008 2854 5009 2853 5009 2988 5009 2988 5010 2853 5010 2989 5010 2853 5011 2848 5011 2989 5011 2989 5012 2848 5012 1469 5012 1469 5013 1480 5013 2989 5013 1480 5014 1479 5014 2989 5014 2989 5015 1479 5015 2988 5015 1479 5016 1478 5016 2988 5016 2988 5017 1478 5017 2987 5017 1478 5018 1477 5018 2987 5018 2987 5019 1477 5019 2856 5019 2864 5020 2863 5020 2990 5020 2863 5021 2862 5021 2990 5021 2990 5022 2862 5022 2991 5022 2862 5023 2861 5023 2991 5023 2991 5024 2861 5024 2992 5024 2861 5025 2856 5025 2992 5025 2992 5026 2856 5026 1477 5026 1477 5027 1488 5027 2992 5027 1488 5028 1487 5028 2992 5028 2992 5029 1487 5029 2991 5029 1487 5030 1486 5030 2991 5030 2991 5031 1486 5031 2990 5031 1486 5032 1485 5032 2990 5032 2990 5033 1485 5033 2864 5033 2876 5034 2875 5034 2993 5034 2875 5035 2874 5035 2993 5035 2993 5036 2874 5036 2994 5036 2874 5037 2873 5037 2994 5037 2994 5038 2873 5038 2995 5038 2873 5039 2864 5039 2995 5039 2995 5040 2864 5040 1485 5040 1485 5041 1496 5041 2995 5041 1496 5042 1495 5042 2995 5042 2995 5043 1495 5043 2994 5043 1495 5044 1494 5044 2994 5044 2994 5045 1494 5045 2993 5045 1494 5046 1493 5046 2993 5046 2993 5047 1493 5047 2876 5047 2884 5048 2883 5048 2996 5048 2883 5049 2882 5049 2996 5049 2996 5050 2882 5050 2997 5050 2882 5051 2881 5051 2997 5051 2997 5052 2881 5052 2998 5052 2881 5053 2876 5053 2998 5053 2998 5054 2876 5054 1493 5054 1493 5055 1500 5055 2998 5055 1500 5056 1499 5056 2998 5056 2998 5057 1499 5057 2997 5057 1499 5058 1498 5058 2997 5058 2997 5059 1498 5059 2996 5059 1498 5060 1497 5060 2996 5060 2996 5061 1497 5061 2884 5061 2892 5062 2891 5062 2999 5062 2891 5063 2890 5063 2999 5063 2999 5064 2890 5064 3000 5064 2890 5065 2889 5065 3000 5065 3000 5066 2889 5066 3001 5066 2889 5067 2884 5067 3001 5067 3001 5068 2884 5068 1497 5068 1497 5069 1508 5069 3001 5069 1508 5070 1507 5070 3001 5070 3001 5071 1507 5071 3000 5071 1507 5072 1506 5072 3000 5072 3000 5073 1506 5073 2999 5073 1506 5074 1505 5074 2999 5074 2999 5075 1505 5075 2892 5075 2900 5076 2899 5076 3002 5076 2899 5077 2898 5077 3002 5077 3002 5078 2898 5078 3003 5078 2898 5079 2897 5079 3003 5079 3003 5080 2897 5080 3004 5080 2897 5081 2892 5081 3004 5081 3004 5082 2892 5082 1505 5082 1505 5083 1516 5083 3004 5083 1516 5084 1515 5084 3004 5084 3004 5085 1515 5085 3003 5085 1515 5086 1514 5086 3003 5086 3003 5087 1514 5087 3002 5087 1514 5088 1513 5088 3002 5088 3002 5089 1513 5089 2900 5089 2908 5090 2907 5090 3005 5090 2907 5091 2906 5091 3005 5091 3005 5092 2906 5092 3006 5092 2906 5093 2905 5093 3006 5093 3006 5094 2905 5094 3007 5094 2905 5095 2900 5095 3007 5095 3007 5096 2900 5096 1513 5096 1513 5097 1519 5097 3007 5097 1519 5098 1518 5098 3007 5098 3007 5099 1518 5099 3006 5099 1518 5100 1517 5100 3006 5100 3006 5101 1517 5101 3005 5101 1517 5102 1316 5102 3005 5102 3005 5103 1316 5103 2908 5103 2007 5104 2324 5104 3008 5104 2324 5105 2323 5105 3008 5105 3008 5106 2323 5106 3009 5106 2323 5107 2322 5107 3009 5107 3009 5108 2322 5108 3010 5108 2322 5109 2321 5109 3010 5109 3010 5110 2321 5110 3011 5110 3011 5111 3012 5111 3010 5111 3012 5112 3013 5112 3010 5112 3010 5113 3013 5113 3009 5113 3013 5114 3014 5114 3009 5114 3009 5115 3014 5115 3008 5115 3014 5116 3015 5116 3008 5116 3008 5117 3015 5117 2007 5117 2011 5118 2010 5118 3016 5118 2010 5119 2009 5119 3016 5119 3016 5120 2009 5120 3017 5120 2009 5121 2008 5121 3017 5121 3017 5122 2008 5122 3018 5122 2008 5123 2007 5123 3018 5123 3018 5124 2007 5124 3015 5124 3015 5125 3019 5125 3018 5125 3019 5126 3020 5126 3018 5126 3018 5127 3020 5127 3017 5127 3020 5128 3021 5128 3017 5128 3017 5129 3021 5129 3016 5129 3021 5130 3022 5130 3016 5130 3016 5131 3022 5131 2011 5131 2015 5132 2014 5132 3023 5132 2014 5133 2013 5133 3023 5133 3023 5134 2013 5134 3024 5134 2013 5135 2012 5135 3024 5135 3024 5136 2012 5136 3025 5136 2012 5137 2011 5137 3025 5137 3025 5138 2011 5138 3022 5138 3022 5139 3026 5139 3025 5139 3026 5140 3027 5140 3025 5140 3025 5141 3027 5141 3024 5141 3027 5142 3028 5142 3024 5142 3024 5143 3028 5143 3023 5143 3028 5144 3029 5144 3023 5144 3023 5145 3029 5145 2015 5145 2019 5146 2018 5146 3030 5146 2018 5147 2017 5147 3030 5147 3030 5148 2017 5148 3031 5148 2017 5149 2016 5149 3031 5149 3031 5150 2016 5150 3032 5150 2016 5151 2015 5151 3032 5151 3032 5152 2015 5152 3029 5152 3029 5153 3033 5153 3032 5153 3033 5154 3034 5154 3032 5154 3032 5155 3034 5155 3031 5155 3034 5156 3035 5156 3031 5156 3031 5157 3035 5157 3030 5157 3035 5158 3036 5158 3030 5158 3030 5159 3036 5159 2019 5159 2023 5160 2022 5160 3037 5160 2022 5161 2021 5161 3037 5161 3037 5162 2021 5162 3038 5162 2021 5163 2020 5163 3038 5163 3038 5164 2020 5164 3039 5164 2020 5165 2019 5165 3039 5165 3039 5166 2019 5166 3036 5166 3036 5167 3040 5167 3039 5167 3040 5168 3041 5168 3039 5168 3039 5169 3041 5169 3038 5169 3041 5170 3042 5170 3038 5170 3038 5171 3042 5171 3037 5171 3042 5172 3043 5172 3037 5172 3037 5173 3043 5173 2023 5173 2027 5174 2026 5174 3044 5174 2026 5175 2025 5175 3044 5175 3044 5176 2025 5176 3045 5176 2025 5177 2024 5177 3045 5177 3045 5178 2024 5178 3046 5178 2024 5179 2023 5179 3046 5179 3046 5180 2023 5180 3043 5180 3043 5181 3047 5181 3046 5181 3047 5182 3048 5182 3046 5182 3046 5183 3048 5183 3045 5183 3048 5184 3049 5184 3045 5184 3045 5185 3049 5185 3044 5185 3049 5186 3050 5186 3044 5186 3044 5187 3050 5187 2027 5187 2031 5188 2030 5188 3051 5188 2030 5189 2029 5189 3051 5189 3051 5190 2029 5190 3052 5190 2029 5191 2028 5191 3052 5191 3052 5192 2028 5192 3053 5192 2028 5193 2027 5193 3053 5193 3053 5194 2027 5194 3050 5194 3050 5195 3054 5195 3053 5195 3054 5196 3055 5196 3053 5196 3053 5197 3055 5197 3052 5197 3055 5198 3056 5198 3052 5198 3052 5199 3056 5199 3051 5199 3056 5200 3057 5200 3051 5200 3051 5201 3057 5201 2031 5201 2036 5202 2035 5202 3058 5202 2035 5203 2034 5203 3058 5203 3058 5204 2034 5204 3059 5204 2034 5205 2033 5205 3059 5205 3059 5206 2033 5206 3060 5206 2033 5207 2031 5207 3060 5207 3060 5208 2031 5208 3057 5208 3057 5209 3061 5209 3060 5209 3061 5210 3062 5210 3060 5210 3060 5211 3062 5211 3059 5211 3062 5212 3063 5212 3059 5212 3059 5213 3063 5213 3058 5213 3063 5214 3064 5214 3058 5214 3058 5215 3064 5215 2036 5215 2044 5216 2043 5216 3065 5216 2043 5217 2042 5217 3065 5217 3065 5218 2042 5218 3066 5218 2042 5219 2041 5219 3066 5219 3066 5220 2041 5220 3067 5220 2041 5221 2036 5221 3067 5221 3067 5222 2036 5222 3064 5222 3064 5223 3068 5223 3067 5223 3068 5224 3069 5224 3067 5224 3067 5225 3069 5225 3066 5225 3069 5226 3070 5226 3066 5226 3066 5227 3070 5227 3065 5227 3070 5228 3071 5228 3065 5228 3065 5229 3071 5229 2044 5229 2048 5230 2047 5230 3072 5230 2047 5231 2046 5231 3072 5231 3072 5232 2046 5232 3073 5232 2046 5233 2045 5233 3073 5233 3073 5234 2045 5234 3074 5234 2045 5235 2044 5235 3074 5235 3074 5236 2044 5236 3071 5236 3071 5237 3075 5237 3074 5237 3075 5238 3076 5238 3074 5238 3074 5239 3076 5239 3073 5239 3076 5240 3077 5240 3073 5240 3073 5241 3077 5241 3072 5241 3077 5242 3078 5242 3072 5242 3072 5243 3078 5243 2048 5243 2056 5244 2055 5244 3079 5244 2055 5245 2054 5245 3079 5245 3079 5246 2054 5246 3080 5246 2054 5247 2053 5247 3080 5247 3080 5248 2053 5248 3081 5248 2053 5249 2048 5249 3081 5249 3081 5250 2048 5250 3078 5250 3078 5251 3082 5251 3081 5251 3082 5252 3083 5252 3081 5252 3081 5253 3083 5253 3080 5253 3083 5254 3084 5254 3080 5254 3080 5255 3084 5255 3079 5255 3084 5256 3085 5256 3079 5256 3079 5257 3085 5257 2056 5257 2060 5258 2059 5258 3086 5258 2059 5259 2058 5259 3086 5259 3086 5260 2058 5260 3087 5260 2058 5261 2057 5261 3087 5261 3087 5262 2057 5262 3088 5262 2057 5263 2056 5263 3088 5263 3088 5264 2056 5264 3085 5264 3085 5265 3089 5265 3088 5265 3089 5266 3090 5266 3088 5266 3088 5267 3090 5267 3087 5267 3090 5268 3091 5268 3087 5268 3087 5269 3091 5269 3086 5269 3091 5270 3092 5270 3086 5270 3086 5271 3092 5271 2060 5271 2068 5272 2067 5272 3093 5272 2067 5273 2066 5273 3093 5273 3093 5274 2066 5274 3094 5274 2066 5275 2065 5275 3094 5275 3094 5276 2065 5276 3095 5276 2065 5277 2060 5277 3095 5277 3095 5278 2060 5278 3092 5278 3092 5279 3096 5279 3095 5279 3096 5280 3097 5280 3095 5280 3095 5281 3097 5281 3094 5281 3097 5282 3098 5282 3094 5282 3094 5283 3098 5283 3093 5283 3098 5284 3099 5284 3093 5284 3093 5285 3099 5285 2068 5285 2076 5286 2075 5286 3100 5286 2075 5287 2074 5287 3100 5287 3100 5288 2074 5288 3101 5288 2074 5289 2073 5289 3101 5289 3101 5290 2073 5290 3102 5290 2073 5291 2068 5291 3102 5291 3102 5292 2068 5292 3099 5292 3099 5293 3103 5293 3102 5293 3103 5294 3104 5294 3102 5294 3102 5295 3104 5295 3101 5295 3104 5296 3105 5296 3101 5296 3101 5297 3105 5297 3100 5297 3105 5298 3106 5298 3100 5298 3100 5299 3106 5299 2076 5299 2080 5300 2079 5300 3107 5300 2079 5301 2078 5301 3107 5301 3107 5302 2078 5302 3108 5302 2078 5303 2077 5303 3108 5303 3108 5304 2077 5304 3109 5304 2077 5305 2076 5305 3109 5305 3109 5306 2076 5306 3106 5306 3106 5307 3110 5307 3109 5307 3110 5308 3111 5308 3109 5308 3109 5309 3111 5309 3108 5309 3111 5310 3112 5310 3108 5310 3108 5311 3112 5311 3107 5311 3112 5312 3113 5312 3107 5312 3107 5313 3113 5313 2080 5313 2088 5314 2087 5314 3114 5314 2087 5315 2086 5315 3114 5315 3114 5316 2086 5316 3115 5316 2086 5317 2085 5317 3115 5317 3115 5318 2085 5318 3116 5318 2085 5319 2080 5319 3116 5319 3116 5320 2080 5320 3113 5320 3113 5321 3117 5321 3116 5321 3117 5322 3118 5322 3116 5322 3116 5323 3118 5323 3115 5323 3118 5324 3119 5324 3115 5324 3115 5325 3119 5325 3114 5325 3119 5326 3120 5326 3114 5326 3114 5327 3120 5327 2088 5327 2092 5328 2091 5328 3121 5328 2091 5329 2090 5329 3121 5329 3121 5330 2090 5330 3122 5330 2090 5331 2089 5331 3122 5331 3122 5332 2089 5332 3123 5332 2089 5333 2088 5333 3123 5333 3123 5334 2088 5334 3120 5334 3120 5335 3124 5335 3123 5335 3124 5336 3125 5336 3123 5336 3123 5337 3125 5337 3122 5337 3125 5338 3126 5338 3122 5338 3122 5339 3126 5339 3121 5339 3126 5340 3127 5340 3121 5340 3121 5341 3127 5341 2092 5341 2100 5342 2099 5342 3128 5342 2099 5343 2098 5343 3128 5343 3128 5344 2098 5344 3129 5344 2098 5345 2097 5345 3129 5345 3129 5346 2097 5346 3130 5346 2097 5347 2092 5347 3130 5347 3130 5348 2092 5348 3127 5348 3127 5349 3131 5349 3130 5349 3131 5350 3132 5350 3130 5350 3130 5351 3132 5351 3129 5351 3132 5352 3133 5352 3129 5352 3129 5353 3133 5353 3128 5353 3133 5354 3134 5354 3128 5354 3128 5355 3134 5355 2100 5355 2108 5356 2107 5356 3135 5356 2107 5357 2106 5357 3135 5357 3135 5358 2106 5358 3136 5358 2106 5359 2105 5359 3136 5359 3136 5360 2105 5360 3137 5360 2105 5361 2100 5361 3137 5361 3137 5362 2100 5362 3134 5362 3134 5363 3138 5363 3137 5363 3138 5364 3139 5364 3137 5364 3137 5365 3139 5365 3136 5365 3139 5366 3140 5366 3136 5366 3136 5367 3140 5367 3135 5367 3140 5368 3141 5368 3135 5368 3135 5369 3141 5369 2108 5369 2112 5370 2111 5370 3142 5370 2111 5371 2110 5371 3142 5371 3142 5372 2110 5372 3143 5372 2110 5373 2109 5373 3143 5373 3143 5374 2109 5374 3144 5374 2109 5375 2108 5375 3144 5375 3144 5376 2108 5376 3141 5376 3141 5377 3145 5377 3144 5377 3145 5378 3146 5378 3144 5378 3144 5379 3146 5379 3143 5379 3146 5380 3147 5380 3143 5380 3143 5381 3147 5381 3142 5381 3147 5382 3148 5382 3142 5382 3142 5383 3148 5383 2112 5383 2120 5384 2119 5384 3149 5384 2119 5385 2118 5385 3149 5385 3149 5386 2118 5386 3150 5386 2118 5387 2117 5387 3150 5387 3150 5388 2117 5388 3151 5388 2117 5389 2112 5389 3151 5389 3151 5390 2112 5390 3148 5390 3148 5391 3152 5391 3151 5391 3152 5392 3153 5392 3151 5392 3151 5393 3153 5393 3150 5393 3153 5394 3154 5394 3150 5394 3150 5395 3154 5395 3149 5395 3154 5396 3155 5396 3149 5396 3149 5397 3155 5397 2120 5397 2128 5398 2127 5398 3156 5398 2127 5399 2126 5399 3156 5399 3156 5400 2126 5400 3157 5400 2126 5401 2125 5401 3157 5401 3157 5402 2125 5402 3158 5402 2125 5403 2120 5403 3158 5403 3158 5404 2120 5404 3155 5404 3155 5405 3159 5405 3158 5405 3159 5406 3160 5406 3158 5406 3158 5407 3160 5407 3157 5407 3160 5408 3161 5408 3157 5408 3157 5409 3161 5409 3156 5409 3161 5410 3162 5410 3156 5410 3156 5411 3162 5411 2128 5411 2132 5412 2131 5412 3163 5412 2131 5413 2130 5413 3163 5413 3163 5414 2130 5414 3164 5414 2130 5415 2129 5415 3164 5415 3164 5416 2129 5416 3165 5416 2129 5417 2128 5417 3165 5417 3165 5418 2128 5418 3162 5418 3162 5419 3166 5419 3165 5419 3166 5420 3167 5420 3165 5420 3165 5421 3167 5421 3164 5421 3167 5422 3168 5422 3164 5422 3164 5423 3168 5423 3163 5423 3168 5424 3169 5424 3163 5424 3163 5425 3169 5425 2132 5425 2140 5426 2139 5426 3170 5426 2139 5427 2138 5427 3170 5427 3170 5428 2138 5428 3171 5428 2138 5429 2137 5429 3171 5429 3171 5430 2137 5430 3172 5430 2137 5431 2132 5431 3172 5431 3172 5432 2132 5432 3169 5432 3169 5433 3173 5433 3172 5433 3173 5434 3174 5434 3172 5434 3172 5435 3174 5435 3171 5435 3174 5436 3175 5436 3171 5436 3171 5437 3175 5437 3170 5437 3175 5438 3176 5438 3170 5438 3170 5439 3176 5439 2140 5439 2144 5440 2143 5440 3177 5440 2143 5441 2142 5441 3177 5441 3177 5442 2142 5442 3178 5442 2142 5443 2141 5443 3178 5443 3178 5444 2141 5444 3179 5444 2141 5445 2140 5445 3179 5445 3179 5446 2140 5446 3176 5446 3176 5447 3180 5447 3179 5447 3180 5448 3181 5448 3179 5448 3179 5449 3181 5449 3178 5449 3181 5450 3182 5450 3178 5450 3178 5451 3182 5451 3177 5451 3182 5452 3183 5452 3177 5452 3177 5453 3183 5453 2144 5453 2148 5454 2147 5454 3184 5454 2147 5455 2146 5455 3184 5455 3184 5456 2146 5456 3185 5456 2146 5457 2145 5457 3185 5457 3185 5458 2145 5458 3186 5458 2145 5459 2144 5459 3186 5459 3186 5460 2144 5460 3183 5460 3183 5461 3187 5461 3186 5461 3187 5462 3188 5462 3186 5462 3186 5463 3188 5463 3185 5463 3188 5464 3189 5464 3185 5464 3185 5465 3189 5465 3184 5465 3189 5466 3190 5466 3184 5466 3184 5467 3190 5467 2148 5467 2152 5468 2151 5468 3191 5468 2151 5469 2150 5469 3191 5469 3191 5470 2150 5470 3192 5470 2150 5471 2149 5471 3192 5471 3192 5472 2149 5472 3193 5472 2149 5473 2148 5473 3193 5473 3193 5474 2148 5474 3190 5474 3190 5475 3194 5475 3193 5475 3194 5476 3195 5476 3193 5476 3193 5477 3195 5477 3192 5477 3195 5478 3196 5478 3192 5478 3192 5479 3196 5479 3191 5479 3196 5480 3197 5480 3191 5480 3191 5481 3197 5481 2152 5481 2156 5482 2155 5482 3198 5482 2155 5483 2154 5483 3198 5483 3198 5484 2154 5484 3199 5484 2154 5485 2153 5485 3199 5485 3199 5486 2153 5486 3200 5486 2153 5487 2152 5487 3200 5487 3200 5488 2152 5488 3197 5488 3197 5489 3201 5489 3200 5489 3201 5490 3202 5490 3200 5490 3200 5491 3202 5491 3199 5491 3202 5492 3203 5492 3199 5492 3199 5493 3203 5493 3198 5493 3203 5494 3204 5494 3198 5494 3198 5495 3204 5495 2156 5495 2160 5496 2159 5496 3205 5496 2159 5497 2158 5497 3205 5497 3205 5498 2158 5498 3206 5498 2158 5499 2157 5499 3206 5499 3206 5500 2157 5500 3207 5500 2157 5501 2156 5501 3207 5501 3207 5502 2156 5502 3204 5502 3204 5503 3208 5503 3207 5503 3208 5504 3209 5504 3207 5504 3207 5505 3209 5505 3206 5505 3209 5506 3210 5506 3206 5506 3206 5507 3210 5507 3205 5507 3210 5508 3211 5508 3205 5508 3205 5509 3211 5509 2160 5509 2164 5510 2163 5510 3212 5510 2163 5511 2162 5511 3212 5511 3212 5512 2162 5512 3213 5512 2162 5513 2161 5513 3213 5513 3213 5514 2161 5514 3214 5514 2161 5515 2160 5515 3214 5515 3214 5516 2160 5516 3211 5516 3211 5517 3215 5517 3214 5517 3215 5518 3216 5518 3214 5518 3214 5519 3216 5519 3213 5519 3216 5520 3217 5520 3213 5520 3213 5521 3217 5521 3212 5521 3217 5522 3218 5522 3212 5522 3212 5523 3218 5523 2164 5523 2168 5524 2167 5524 3219 5524 2167 5525 2166 5525 3219 5525 3219 5526 2166 5526 3220 5526 2166 5527 2165 5527 3220 5527 3220 5528 2165 5528 3221 5528 2165 5529 2164 5529 3221 5529 3221 5530 2164 5530 3218 5530 3218 5531 3222 5531 3221 5531 3222 5532 3223 5532 3221 5532 3221 5533 3223 5533 3220 5533 3223 5534 3224 5534 3220 5534 3220 5535 3224 5535 3219 5535 3224 5536 3225 5536 3219 5536 3219 5537 3225 5537 2168 5537 2172 5538 2171 5538 3226 5538 2171 5539 2170 5539 3226 5539 3226 5540 2170 5540 3227 5540 2170 5541 2169 5541 3227 5541 3227 5542 2169 5542 3228 5542 2169 5543 2168 5543 3228 5543 3228 5544 2168 5544 3225 5544 3225 5545 3229 5545 3228 5545 3229 5546 3230 5546 3228 5546 3228 5547 3230 5547 3227 5547 3230 5548 3231 5548 3227 5548 3227 5549 3231 5549 3226 5549 3231 5550 3232 5550 3226 5550 3226 5551 3232 5551 2172 5551 2176 5552 2175 5552 3233 5552 2175 5553 2174 5553 3233 5553 3233 5554 2174 5554 3234 5554 2174 5555 2173 5555 3234 5555 3234 5556 2173 5556 3235 5556 2173 5557 2172 5557 3235 5557 3235 5558 2172 5558 3232 5558 3232 5559 3236 5559 3235 5559 3236 5560 3237 5560 3235 5560 3235 5561 3237 5561 3234 5561 3237 5562 3238 5562 3234 5562 3234 5563 3238 5563 3233 5563 3238 5564 3239 5564 3233 5564 3233 5565 3239 5565 2176 5565 2180 5566 2179 5566 3240 5566 2179 5567 2178 5567 3240 5567 3240 5568 2178 5568 3241 5568 2178 5569 2177 5569 3241 5569 3241 5570 2177 5570 3242 5570 2177 5571 2176 5571 3242 5571 3242 5572 2176 5572 3239 5572 3239 5573 3243 5573 3242 5573 3243 5574 3244 5574 3242 5574 3242 5575 3244 5575 3241 5575 3244 5576 3245 5576 3241 5576 3241 5577 3245 5577 3240 5577 3245 5578 3246 5578 3240 5578 3240 5579 3246 5579 2180 5579 2184 5580 2183 5580 3247 5580 2183 5581 2182 5581 3247 5581 3247 5582 2182 5582 3248 5582 2182 5583 2181 5583 3248 5583 3248 5584 2181 5584 3249 5584 2181 5585 2180 5585 3249 5585 3249 5586 2180 5586 3246 5586 3246 5587 3250 5587 3249 5587 3250 5588 3251 5588 3249 5588 3249 5589 3251 5589 3248 5589 3251 5590 3252 5590 3248 5590 3248 5591 3252 5591 3247 5591 3252 5592 3253 5592 3247 5592 3247 5593 3253 5593 2184 5593 2188 5594 2187 5594 3254 5594 2187 5595 2186 5595 3254 5595 3254 5596 2186 5596 3255 5596 2186 5597 2185 5597 3255 5597 3255 5598 2185 5598 3256 5598 2185 5599 2184 5599 3256 5599 3256 5600 2184 5600 3253 5600 3253 5601 3257 5601 3256 5601 3257 5602 3258 5602 3256 5602 3256 5603 3258 5603 3255 5603 3258 5604 3259 5604 3255 5604 3255 5605 3259 5605 3254 5605 3259 5606 3260 5606 3254 5606 3254 5607 3260 5607 2188 5607 2192 5608 2191 5608 3261 5608 2191 5609 2190 5609 3261 5609 3261 5610 2190 5610 3262 5610 2190 5611 2189 5611 3262 5611 3262 5612 2189 5612 3263 5612 2189 5613 2188 5613 3263 5613 3263 5614 2188 5614 3260 5614 3260 5615 3264 5615 3263 5615 3264 5616 3265 5616 3263 5616 3263 5617 3265 5617 3262 5617 3265 5618 3266 5618 3262 5618 3262 5619 3266 5619 3261 5619 3266 5620 3267 5620 3261 5620 3261 5621 3267 5621 2192 5621 2197 5622 2196 5622 3268 5622 2196 5623 2195 5623 3268 5623 3268 5624 2195 5624 3269 5624 2195 5625 2194 5625 3269 5625 3269 5626 2194 5626 3270 5626 2194 5627 2192 5627 3270 5627 3270 5628 2192 5628 3267 5628 3267 5629 3271 5629 3270 5629 3271 5630 3272 5630 3270 5630 3270 5631 3272 5631 3269 5631 3272 5632 3273 5632 3269 5632 3269 5633 3273 5633 3268 5633 3273 5634 3274 5634 3268 5634 3268 5635 3274 5635 2197 5635 2205 5636 2204 5636 3275 5636 2204 5637 2203 5637 3275 5637 3275 5638 2203 5638 3276 5638 2203 5639 2202 5639 3276 5639 3276 5640 2202 5640 3277 5640 2202 5641 2197 5641 3277 5641 3277 5642 2197 5642 3274 5642 3274 5643 3278 5643 3277 5643 3278 5644 3279 5644 3277 5644 3277 5645 3279 5645 3276 5645 3279 5646 3280 5646 3276 5646 3276 5647 3280 5647 3275 5647 3280 5648 3281 5648 3275 5648 3275 5649 3281 5649 2205 5649 2209 5650 2208 5650 3282 5650 2208 5651 2207 5651 3282 5651 3282 5652 2207 5652 3283 5652 2207 5653 2206 5653 3283 5653 3283 5654 2206 5654 3284 5654 2206 5655 2205 5655 3284 5655 3284 5656 2205 5656 3281 5656 3281 5657 3285 5657 3284 5657 3285 5658 3286 5658 3284 5658 3284 5659 3286 5659 3283 5659 3286 5660 3287 5660 3283 5660 3283 5661 3287 5661 3282 5661 3287 5662 3288 5662 3282 5662 3282 5663 3288 5663 2209 5663 2217 5664 2216 5664 3289 5664 2216 5665 2215 5665 3289 5665 3289 5666 2215 5666 3290 5666 2215 5667 2214 5667 3290 5667 3290 5668 2214 5668 3291 5668 2214 5669 2209 5669 3291 5669 3291 5670 2209 5670 3288 5670 3288 5671 3292 5671 3291 5671 3292 5672 3293 5672 3291 5672 3291 5673 3293 5673 3290 5673 3293 5674 3294 5674 3290 5674 3290 5675 3294 5675 3289 5675 3294 5676 3295 5676 3289 5676 3289 5677 3295 5677 2217 5677 2225 5678 2224 5678 3296 5678 2224 5679 2223 5679 3296 5679 3296 5680 2223 5680 3297 5680 2223 5681 2222 5681 3297 5681 3297 5682 2222 5682 3298 5682 2222 5683 2217 5683 3298 5683 3298 5684 2217 5684 3295 5684 3295 5685 3299 5685 3298 5685 3299 5686 3300 5686 3298 5686 3298 5687 3300 5687 3297 5687 3300 5688 3301 5688 3297 5688 3297 5689 3301 5689 3296 5689 3301 5690 3302 5690 3296 5690 3296 5691 3302 5691 2225 5691 2229 5692 2228 5692 3303 5692 2228 5693 2227 5693 3303 5693 3303 5694 2227 5694 3304 5694 2227 5695 2226 5695 3304 5695 3304 5696 2226 5696 3305 5696 2226 5697 2225 5697 3305 5697 3305 5698 2225 5698 3302 5698 3302 5699 3306 5699 3305 5699 3306 5700 3307 5700 3305 5700 3305 5701 3307 5701 3304 5701 3307 5702 3308 5702 3304 5702 3304 5703 3308 5703 3303 5703 3308 5704 3309 5704 3303 5704 3303 5705 3309 5705 2229 5705 2237 5706 2236 5706 3310 5706 2236 5707 2235 5707 3310 5707 3310 5708 2235 5708 3311 5708 2235 5709 2234 5709 3311 5709 3311 5710 2234 5710 3312 5710 2234 5711 2229 5711 3312 5711 3312 5712 2229 5712 3309 5712 3309 5713 3313 5713 3312 5713 3313 5714 3314 5714 3312 5714 3312 5715 3314 5715 3311 5715 3314 5716 3315 5716 3311 5716 3311 5717 3315 5717 3310 5717 3315 5718 3316 5718 3310 5718 3310 5719 3316 5719 2237 5719 2245 5720 2244 5720 3317 5720 2244 5721 2243 5721 3317 5721 3317 5722 2243 5722 3318 5722 2243 5723 2242 5723 3318 5723 3318 5724 2242 5724 3319 5724 2242 5725 2237 5725 3319 5725 3319 5726 2237 5726 3316 5726 3316 5727 3320 5727 3319 5727 3320 5728 3321 5728 3319 5728 3319 5729 3321 5729 3318 5729 3321 5730 3322 5730 3318 5730 3318 5731 3322 5731 3317 5731 3322 5732 3323 5732 3317 5732 3317 5733 3323 5733 2245 5733 2249 5734 2248 5734 3324 5734 2248 5735 2247 5735 3324 5735 3324 5736 2247 5736 3325 5736 2247 5737 2246 5737 3325 5737 3325 5738 2246 5738 3326 5738 2246 5739 2245 5739 3326 5739 3326 5740 2245 5740 3323 5740 3323 5741 3327 5741 3326 5741 3327 5742 3328 5742 3326 5742 3326 5743 3328 5743 3325 5743 3328 5744 3329 5744 3325 5744 3325 5745 3329 5745 3324 5745 3329 5746 3330 5746 3324 5746 3324 5747 3330 5747 2249 5747 2257 5748 2256 5748 3331 5748 2256 5749 2255 5749 3331 5749 3331 5750 2255 5750 3332 5750 2255 5751 2254 5751 3332 5751 3332 5752 2254 5752 3333 5752 2254 5753 2249 5753 3333 5753 3333 5754 2249 5754 3330 5754 3330 5755 3334 5755 3333 5755 3334 5756 3335 5756 3333 5756 3333 5757 3335 5757 3332 5757 3335 5758 3336 5758 3332 5758 3332 5759 3336 5759 3331 5759 3336 5760 3337 5760 3331 5760 3331 5761 3337 5761 2257 5761 2261 5762 2260 5762 3338 5762 2260 5763 2259 5763 3338 5763 3338 5764 2259 5764 3339 5764 2259 5765 2258 5765 3339 5765 3339 5766 2258 5766 3340 5766 2258 5767 2257 5767 3340 5767 3340 5768 2257 5768 3337 5768 3337 5769 3341 5769 3340 5769 3341 5770 3342 5770 3340 5770 3340 5771 3342 5771 3339 5771 3342 5772 3343 5772 3339 5772 3339 5773 3343 5773 3338 5773 3343 5774 3344 5774 3338 5774 3338 5775 3344 5775 2261 5775 2269 5776 2268 5776 3345 5776 2268 5777 2267 5777 3345 5777 3345 5778 2267 5778 3346 5778 2267 5779 2266 5779 3346 5779 3346 5780 2266 5780 3347 5780 2266 5781 2261 5781 3347 5781 3347 5782 2261 5782 3344 5782 3344 5783 3348 5783 3347 5783 3348 5784 3349 5784 3347 5784 3347 5785 3349 5785 3346 5785 3349 5786 3350 5786 3346 5786 3346 5787 3350 5787 3345 5787 3350 5788 3351 5788 3345 5788 3345 5789 3351 5789 2269 5789 2277 5790 2276 5790 3352 5790 2276 5791 2275 5791 3352 5791 3352 5792 2275 5792 3353 5792 2275 5793 2274 5793 3353 5793 3353 5794 2274 5794 3354 5794 2274 5795 2269 5795 3354 5795 3354 5796 2269 5796 3351 5796 3351 5797 3355 5797 3354 5797 3355 5798 3356 5798 3354 5798 3354 5799 3356 5799 3353 5799 3356 5800 3357 5800 3353 5800 3353 5801 3357 5801 3352 5801 3357 5802 3358 5802 3352 5802 3352 5803 3358 5803 2277 5803 2281 5804 2280 5804 3359 5804 2280 5805 2279 5805 3359 5805 3359 5806 2279 5806 3360 5806 2279 5807 2278 5807 3360 5807 3360 5808 2278 5808 3361 5808 2278 5809 2277 5809 3361 5809 3361 5810 2277 5810 3358 5810 3358 5811 3362 5811 3361 5811 3362 5812 3363 5812 3361 5812 3361 5813 3363 5813 3360 5813 3363 5814 3364 5814 3360 5814 3360 5815 3364 5815 3359 5815 3364 5816 3365 5816 3359 5816 3359 5817 3365 5817 2281 5817 2289 5818 2288 5818 3366 5818 2288 5819 2287 5819 3366 5819 3366 5820 2287 5820 3367 5820 2287 5821 2286 5821 3367 5821 3367 5822 2286 5822 3368 5822 2286 5823 2281 5823 3368 5823 3368 5824 2281 5824 3365 5824 3365 5825 3369 5825 3368 5825 3369 5826 3370 5826 3368 5826 3368 5827 3370 5827 3367 5827 3370 5828 3371 5828 3367 5828 3367 5829 3371 5829 3366 5829 3371 5830 3372 5830 3366 5830 3366 5831 3372 5831 2289 5831 2293 5832 2292 5832 3373 5832 2292 5833 2291 5833 3373 5833 3373 5834 2291 5834 3374 5834 2291 5835 2290 5835 3374 5835 3374 5836 2290 5836 3375 5836 2290 5837 2289 5837 3375 5837 3375 5838 2289 5838 3372 5838 3372 5839 3376 5839 3375 5839 3376 5840 3377 5840 3375 5840 3375 5841 3377 5841 3374 5841 3377 5842 3378 5842 3374 5842 3374 5843 3378 5843 3373 5843 3378 5844 3379 5844 3373 5844 3373 5845 3379 5845 2293 5845 2301 5846 2300 5846 3380 5846 2300 5847 2299 5847 3380 5847 3380 5848 2299 5848 3381 5848 2299 5849 2298 5849 3381 5849 3381 5850 2298 5850 3382 5850 2298 5851 2293 5851 3382 5851 3382 5852 2293 5852 3379 5852 3379 5853 3383 5853 3382 5853 3383 5854 3384 5854 3382 5854 3382 5855 3384 5855 3381 5855 3384 5856 3385 5856 3381 5856 3381 5857 3385 5857 3380 5857 3385 5858 3386 5858 3380 5858 3380 5859 3386 5859 2301 5859 2305 5860 2304 5860 3387 5860 2304 5861 2303 5861 3387 5861 3387 5862 2303 5862 3388 5862 2303 5863 2302 5863 3388 5863 3388 5864 2302 5864 3389 5864 2302 5865 2301 5865 3389 5865 3389 5866 2301 5866 3386 5866 3386 5867 3390 5867 3389 5867 3390 5868 3391 5868 3389 5868 3389 5869 3391 5869 3388 5869 3391 5870 3392 5870 3388 5870 3388 5871 3392 5871 3387 5871 3392 5872 3393 5872 3387 5872 3387 5873 3393 5873 2305 5873 2309 5874 2308 5874 3394 5874 2308 5875 2307 5875 3394 5875 3394 5876 2307 5876 3395 5876 2307 5877 2306 5877 3395 5877 3395 5878 2306 5878 3396 5878 2306 5879 2305 5879 3396 5879 3396 5880 2305 5880 3393 5880 3393 5881 3397 5881 3396 5881 3397 5882 3398 5882 3396 5882 3396 5883 3398 5883 3395 5883 3398 5884 3399 5884 3395 5884 3395 5885 3399 5885 3394 5885 3399 5886 3400 5886 3394 5886 3394 5887 3400 5887 2309 5887 2313 5888 2312 5888 3401 5888 2312 5889 2311 5889 3401 5889 3401 5890 2311 5890 3402 5890 2311 5891 2310 5891 3402 5891 3402 5892 2310 5892 3403 5892 2310 5893 2309 5893 3403 5893 3403 5894 2309 5894 3400 5894 3400 5895 3404 5895 3403 5895 3404 5896 3405 5896 3403 5896 3403 5897 3405 5897 3402 5897 3405 5898 3406 5898 3402 5898 3402 5899 3406 5899 3401 5899 3406 5900 3407 5900 3401 5900 3401 5901 3407 5901 2313 5901 2317 5902 2316 5902 3408 5902 2316 5903 2315 5903 3408 5903 3408 5904 2315 5904 3409 5904 2315 5905 2314 5905 3409 5905 3409 5906 2314 5906 3410 5906 2314 5907 2313 5907 3410 5907 3410 5908 2313 5908 3407 5908 3407 5909 3411 5909 3410 5909 3411 5910 3412 5910 3410 5910 3410 5911 3412 5911 3409 5911 3412 5912 3413 5912 3409 5912 3409 5913 3413 5913 3408 5913 3413 5914 3414 5914 3408 5914 3408 5915 3414 5915 2317 5915 2321 5916 2320 5916 3415 5916 2320 5917 2319 5917 3415 5917 3415 5918 2319 5918 3416 5918 2319 5919 2318 5919 3416 5919 3416 5920 2318 5920 3417 5920 2318 5921 2317 5921 3417 5921 3417 5922 2317 5922 3414 5922 3414 5923 3418 5923 3417 5923 3418 5924 3419 5924 3417 5924 3417 5925 3419 5925 3416 5925 3419 5926 3420 5926 3416 5926 3416 5927 3420 5927 3415 5927 3420 5928 3011 5928 3415 5928 3415 5929 3011 5929 2321 5929 1898 5930 2398 5930 3421 5930 1898 5931 3421 5931 3422 5931 1898 5932 3422 5932 3423 5932 1898 5933 3423 5933 3424 5933 2398 5934 1898 5934 1897 5934 2398 5935 1897 5935 1896 5935 2398 5936 1896 5936 1895 5936 2398 5937 1895 5937 1887 5937 1887 5938 3425 5938 3426 5938 1887 5939 3426 5939 3427 5939 1887 5940 3427 5940 3428 5940 1887 5941 3428 5941 2398 5941 3425 5942 1887 5942 1886 5942 3425 5943 1886 5943 1885 5943 3425 5944 1885 5944 1884 5944 3425 5945 1884 5945 1876 5945 1876 5946 3429 5946 3430 5946 1876 5947 3430 5947 3431 5947 1876 5948 3431 5948 3432 5948 1876 5949 3432 5949 3425 5949 3429 5950 1876 5950 1875 5950 3429 5951 1875 5951 1874 5951 3429 5952 1874 5952 1873 5952 3429 5953 1873 5953 1865 5953 1865 5954 3433 5954 3434 5954 1865 5955 3434 5955 3435 5955 1865 5956 3435 5956 3436 5956 1865 5957 3436 5957 3429 5957 3433 5958 1865 5958 3372 5958 3433 5959 3372 5959 3371 5959 3433 5960 3371 5960 3370 5960 3433 5961 3370 5961 3369 5961 3433 5962 3369 5962 3365 5962 3424 5963 1909 5963 1908 5963 3424 5964 1908 5964 1907 5964 3424 5965 1907 5965 1906 5965 3424 5966 1906 5966 1898 5966 1909 5967 3424 5967 3437 5967 1909 5968 3437 5968 3438 5968 1909 5969 3438 5969 3439 5969 1909 5970 3439 5970 3440 5970 3440 5971 1920 5971 1919 5971 3440 5972 1919 5972 1918 5972 3440 5973 1918 5973 1917 5973 3440 5974 1917 5974 1909 5974 1920 5975 3440 5975 3441 5975 1920 5976 3441 5976 3442 5976 1920 5977 3442 5977 3443 5977 1920 5978 3443 5978 3444 5978 3444 5979 1931 5979 1930 5979 3444 5980 1930 5980 1929 5980 3444 5981 1929 5981 1928 5981 3444 5982 1928 5982 1920 5982 1931 5983 3444 5983 3071 5983 1931 5984 3071 5984 3070 5984 1931 5985 3070 5985 3069 5985 1931 5986 3069 5986 3068 5986 1931 5987 3068 5987 3064 5987 3444 5988 3078 5988 3077 5988 3444 5989 3077 5989 3076 5989 3444 5990 3076 5990 3075 5990 3444 5991 3075 5991 3071 5991 3078 5992 3444 5992 3445 5992 3078 5993 3445 5993 3446 5993 3078 5994 3446 5994 3447 5994 3078 5995 3447 5995 3448 5995 3448 5996 3085 5996 3084 5996 3448 5997 3084 5997 3083 5997 3448 5998 3083 5998 3082 5998 3448 5999 3082 5999 3078 5999 3448 6000 3092 6000 3091 6000 3448 6001 3091 6001 3090 6001 3448 6002 3090 6002 3089 6002 3448 6003 3089 6003 3085 6003 3448 6004 3099 6004 3098 6004 3448 6005 3098 6005 3097 6005 3448 6006 3097 6006 3096 6006 3448 6007 3096 6007 3092 6007 3099 6008 3448 6008 3449 6008 3099 6009 3449 6009 3450 6009 3099 6010 3450 6010 3451 6010 3099 6011 3451 6011 3452 6011 3452 6012 3106 6012 3105 6012 3452 6013 3105 6013 3104 6013 3452 6014 3104 6014 3103 6014 3452 6015 3103 6015 3099 6015 3452 6016 3113 6016 3112 6016 3452 6017 3112 6017 3111 6017 3452 6018 3111 6018 3110 6018 3452 6019 3110 6019 3106 6019 3452 6020 3120 6020 3119 6020 3452 6021 3119 6021 3118 6021 3452 6022 3118 6022 3117 6022 3452 6023 3117 6023 3113 6023 3120 6024 3452 6024 3453 6024 3120 6025 3453 6025 2470 6025 3120 6026 2470 6026 3454 6026 3120 6027 3454 6027 3455 6027 3455 6028 3127 6028 3126 6028 3455 6029 3126 6029 3125 6029 3455 6030 3125 6030 3124 6030 3455 6031 3124 6031 3120 6031 3455 6032 3134 6032 3133 6032 3455 6033 3133 6033 3132 6033 3455 6034 3132 6034 3131 6034 3455 6035 3131 6035 3127 6035 3134 6036 3455 6036 3456 6036 3134 6037 3456 6037 3457 6037 3134 6038 3457 6038 3458 6038 3134 6039 3458 6039 3459 6039 3459 6040 3141 6040 3140 6040 3459 6041 3140 6041 3139 6041 3459 6042 3139 6042 3138 6042 3459 6043 3138 6043 3134 6043 3459 6044 3148 6044 3147 6044 3459 6045 3147 6045 3146 6045 3459 6046 3146 6046 3145 6046 3459 6047 3145 6047 3141 6047 3459 6048 3155 6048 3154 6048 3459 6049 3154 6049 3153 6049 3459 6050 3153 6050 3152 6050 3459 6051 3152 6051 3148 6051 3155 6052 3459 6052 3460 6052 3155 6053 3460 6053 3461 6053 3155 6054 3461 6054 3462 6054 3155 6055 3462 6055 3463 6055 3463 6056 3162 6056 3161 6056 3463 6057 3161 6057 3160 6057 3463 6058 3160 6058 3159 6058 3463 6059 3159 6059 3155 6059 3162 6060 3463 6060 1744 6060 1744 6061 3169 6061 3168 6061 1744 6062 3168 6062 3167 6062 1744 6063 3167 6063 3166 6063 1744 6064 3166 6064 3162 6064 3169 6065 1744 6065 1743 6065 3169 6066 1743 6066 1742 6066 3169 6067 1742 6067 1741 6067 3169 6068 1741 6068 1733 6068 1733 6069 3176 6069 3175 6069 1733 6070 3175 6070 3174 6070 1733 6071 3174 6071 3173 6071 1733 6072 3173 6072 3169 6072 1733 6073 3183 6073 3182 6073 1733 6074 3182 6074 3181 6074 1733 6075 3181 6075 3180 6075 1733 6076 3180 6076 3176 6076 3183 6077 1733 6077 1732 6077 3183 6078 1732 6078 1731 6078 3183 6079 1731 6079 1730 6079 3183 6080 1730 6080 1722 6080 1722 6081 3190 6081 3189 6081 1722 6082 3189 6082 3188 6082 1722 6083 3188 6083 3187 6083 1722 6084 3187 6084 3183 6084 3190 6085 1722 6085 1721 6085 3190 6086 1721 6086 1720 6086 3190 6087 1720 6087 1719 6087 3190 6088 1719 6088 1711 6088 1711 6089 3197 6089 3196 6089 1711 6090 3196 6090 3195 6090 1711 6091 3195 6091 3194 6091 1711 6092 3194 6092 3190 6092 3197 6093 1711 6093 1710 6093 3197 6094 1710 6094 1709 6094 3197 6095 1709 6095 1708 6095 3197 6096 1708 6096 1700 6096 1700 6097 3204 6097 3203 6097 1700 6098 3203 6098 3202 6098 1700 6099 3202 6099 3201 6099 1700 6100 3201 6100 3197 6100 3204 6101 1700 6101 1699 6101 3204 6102 1699 6102 1698 6102 3204 6103 1698 6103 1697 6103 3204 6104 1697 6104 1689 6104 1689 6105 3211 6105 3210 6105 1689 6106 3210 6106 3209 6106 1689 6107 3209 6107 3208 6107 1689 6108 3208 6108 3204 6108 3211 6109 1689 6109 1688 6109 3211 6110 1688 6110 1687 6110 3211 6111 1687 6111 1686 6111 3211 6112 1686 6112 1678 6112 1678 6113 3218 6113 3217 6113 1678 6114 3217 6114 3216 6114 1678 6115 3216 6115 3215 6115 1678 6116 3215 6116 3211 6116 3218 6117 1678 6117 1677 6117 3218 6118 1677 6118 1676 6118 3218 6119 1676 6119 1675 6119 3218 6120 1675 6120 1667 6120 3218 6121 1667 6121 1666 6121 3218 6122 1666 6122 1665 6122 3218 6123 1665 6123 1664 6123 3218 6124 1664 6124 1656 6124 1744 6125 3463 6125 3464 6125 1744 6126 3464 6126 3465 6126 1744 6127 3465 6127 3466 6127 1744 6128 3466 6128 3467 6128 3467 6129 1755 6129 1754 6129 3467 6130 1754 6130 1753 6130 3467 6131 1753 6131 1752 6131 3467 6132 1752 6132 1744 6132 1755 6133 3467 6133 3468 6133 1755 6134 3468 6134 3469 6134 1755 6135 3469 6135 3470 6135 1755 6136 3470 6136 3471 6136 3471 6137 1531 6137 1764 6137 3471 6138 1764 6138 1763 6138 3471 6139 1763 6139 1762 6139 3471 6140 1762 6140 1755 6140 1531 6141 3471 6141 3472 6141 1531 6142 3472 6142 3473 6142 1531 6143 3473 6143 3474 6143 1531 6144 3474 6144 2526 6144 2526 6145 1535 6145 1534 6145 2526 6146 1534 6146 1533 6146 2526 6147 1533 6147 1532 6147 2526 6148 1532 6148 1531 6148 1535 6149 2526 6149 3475 6149 1535 6150 3475 6150 3476 6150 1535 6151 3476 6151 3477 6151 1535 6152 3477 6152 3478 6152 3478 6153 1546 6153 1545 6153 3478 6154 1545 6154 1544 6154 3478 6155 1544 6155 1543 6155 3478 6156 1543 6156 1535 6156 1546 6157 3478 6157 3479 6157 1546 6158 3479 6158 3480 6158 1546 6159 3480 6159 3481 6159 1546 6160 3481 6160 3482 6160 3482 6161 1557 6161 1556 6161 3482 6162 1556 6162 1555 6162 3482 6163 1555 6163 1554 6163 3482 6164 1554 6164 1546 6164 1557 6165 3482 6165 3483 6165 1557 6166 3483 6166 3484 6166 1557 6167 3484 6167 3485 6167 1557 6168 3485 6168 3486 6168 3486 6169 1568 6169 1567 6169 3486 6170 1567 6170 1566 6170 3486 6171 1566 6171 1565 6171 3486 6172 1565 6172 1557 6172 1568 6173 3486 6173 3281 6173 1568 6174 3281 6174 3280 6174 1568 6175 3280 6175 3279 6175 1568 6176 3279 6176 3278 6176 1568 6177 3278 6177 3274 6177 3486 6178 3288 6178 3287 6178 3486 6179 3287 6179 3286 6179 3486 6180 3286 6180 3285 6180 3486 6181 3285 6181 3281 6181 3288 6182 3486 6182 3487 6182 3288 6183 3487 6183 3488 6183 3288 6184 3488 6184 3489 6184 3288 6185 3489 6185 3490 6185 3490 6186 3295 6186 3294 6186 3490 6187 3294 6187 3293 6187 3490 6188 3293 6188 3292 6188 3490 6189 3292 6189 3288 6189 3490 6190 3302 6190 3301 6190 3490 6191 3301 6191 3300 6191 3490 6192 3300 6192 3299 6192 3490 6193 3299 6193 3295 6193 3490 6194 3309 6194 3308 6194 3490 6195 3308 6195 3307 6195 3490 6196 3307 6196 3306 6196 3490 6197 3306 6197 3302 6197 3309 6198 3490 6198 3491 6198 3309 6199 3491 6199 3492 6199 3309 6200 3492 6200 3493 6200 3309 6201 3493 6201 3494 6201 3494 6202 3316 6202 3315 6202 3494 6203 3315 6203 3314 6203 3494 6204 3314 6204 3313 6204 3494 6205 3313 6205 3309 6205 3494 6206 3323 6206 3322 6206 3494 6207 3322 6207 3321 6207 3494 6208 3321 6208 3320 6208 3494 6209 3320 6209 3316 6209 3323 6210 3494 6210 3495 6210 3323 6211 3495 6211 2600 6211 3323 6212 2600 6212 3496 6212 3323 6213 3496 6213 3497 6213 3497 6214 3330 6214 3329 6214 3497 6215 3329 6215 3328 6215 3497 6216 3328 6216 3327 6216 3497 6217 3327 6217 3323 6217 3497 6218 3337 6218 3336 6218 3497 6219 3336 6219 3335 6219 3497 6220 3335 6220 3334 6220 3497 6221 3334 6221 3330 6221 3497 6222 3344 6222 3343 6222 3497 6223 3343 6223 3342 6223 3497 6224 3342 6224 3341 6224 3497 6225 3341 6225 3337 6225 3344 6226 3497 6226 3498 6226 3344 6227 3498 6227 3499 6227 3344 6228 3499 6228 3500 6228 3344 6229 3500 6229 3501 6229 3501 6230 3351 6230 3350 6230 3501 6231 3350 6231 3349 6231 3501 6232 3349 6232 3348 6232 3501 6233 3348 6233 3344 6233 3501 6234 3358 6234 3357 6234 3501 6235 3357 6235 3356 6235 3501 6236 3356 6236 3355 6236 3501 6237 3355 6237 3351 6237 3501 6238 3365 6238 3364 6238 3501 6239 3364 6239 3363 6239 3501 6240 3363 6240 3362 6240 3501 6241 3362 6241 3358 6241 3365 6242 3501 6242 3502 6242 3365 6243 3502 6243 3503 6243 3365 6244 3503 6244 3504 6244 3365 6245 3504 6245 3433 6245 1656 6246 3225 6246 3224 6246 1656 6247 3224 6247 3223 6247 1656 6248 3223 6248 3222 6248 1656 6249 3222 6249 3218 6249 3225 6250 1656 6250 1655 6250 3225 6251 1655 6251 1654 6251 3225 6252 1654 6252 1653 6252 3225 6253 1653 6253 1645 6253 3225 6254 1645 6254 1644 6254 3225 6255 1644 6255 1643 6255 3225 6256 1643 6256 1642 6256 3225 6257 1642 6257 1634 6257 1634 6258 3232 6258 3231 6258 1634 6259 3231 6259 3230 6259 1634 6260 3230 6260 3229 6260 1634 6261 3229 6261 3225 6261 3232 6262 1634 6262 1633 6262 3232 6263 1633 6263 1632 6263 3232 6264 1632 6264 1631 6264 3232 6265 1631 6265 1623 6265 1623 6266 3239 6266 3238 6266 1623 6267 3238 6267 3237 6267 1623 6268 3237 6268 3236 6268 1623 6269 3236 6269 3232 6269 3239 6270 1623 6270 1622 6270 3239 6271 1622 6271 1621 6271 3239 6272 1621 6272 1620 6272 3239 6273 1620 6273 1612 6273 1612 6274 3246 6274 3245 6274 1612 6275 3245 6275 3244 6275 1612 6276 3244 6276 3243 6276 1612 6277 3243 6277 3239 6277 3246 6278 1612 6278 1611 6278 3246 6279 1611 6279 1610 6279 3246 6280 1610 6280 1609 6280 3246 6281 1609 6281 1601 6281 1601 6282 3253 6282 3252 6282 1601 6283 3252 6283 3251 6283 1601 6284 3251 6284 3250 6284 1601 6285 3250 6285 3246 6285 3253 6286 1601 6286 1600 6286 3253 6287 1600 6287 1599 6287 3253 6288 1599 6288 1598 6288 3253 6289 1598 6289 1590 6289 1590 6290 3260 6290 3259 6290 1590 6291 3259 6291 3258 6291 1590 6292 3258 6292 3257 6292 1590 6293 3257 6293 3253 6293 3260 6294 1590 6294 1589 6294 3260 6295 1589 6295 1588 6295 3260 6296 1588 6296 1587 6296 3260 6297 1587 6297 1579 6297 1579 6298 3267 6298 3266 6298 1579 6299 3266 6299 3265 6299 1579 6300 3265 6300 3264 6300 1579 6301 3264 6301 3260 6301 1579 6302 3274 6302 3273 6302 1579 6303 3273 6303 3272 6303 1579 6304 3272 6304 3271 6304 1579 6305 3271 6305 3267 6305 3274 6306 1579 6306 1578 6306 3274 6307 1578 6307 1577 6307 3274 6308 1577 6308 1576 6308 3274 6309 1576 6309 1568 6309 3015 6310 1788 6310 1787 6310 3015 6311 1787 6311 1786 6311 3015 6312 1786 6312 1785 6312 3015 6313 1785 6313 1777 6313 3015 6314 1777 6314 1776 6314 3015 6315 1776 6315 1775 6315 3015 6316 1775 6316 1774 6316 3015 6317 1774 6317 1773 6317 1773 6318 3022 6318 3021 6318 1773 6319 3021 6319 3020 6319 1773 6320 3020 6320 3019 6320 1773 6321 3019 6321 3015 6321 3022 6322 1773 6322 2006 6322 3022 6323 2006 6323 2005 6323 3022 6324 2005 6324 2004 6324 3022 6325 2004 6325 1997 6325 1997 6326 3029 6326 3028 6326 1997 6327 3028 6327 3027 6327 1997 6328 3027 6328 3026 6328 1997 6329 3026 6329 3022 6329 3029 6330 1997 6330 1996 6330 3029 6331 1996 6331 1995 6331 3029 6332 1995 6332 1994 6332 3029 6333 1994 6333 1986 6333 3029 6334 1986 6334 1985 6334 3029 6335 1985 6335 1984 6335 3029 6336 1984 6336 1983 6336 3029 6337 1983 6337 1975 6337 1975 6338 3036 6338 3035 6338 1975 6339 3035 6339 3034 6339 1975 6340 3034 6340 3033 6340 1975 6341 3033 6341 3029 6341 3036 6342 1975 6342 1974 6342 3036 6343 1974 6343 1973 6343 3036 6344 1973 6344 1972 6344 3036 6345 1972 6345 1964 6345 1964 6346 3043 6346 3042 6346 1964 6347 3042 6347 3041 6347 1964 6348 3041 6348 3040 6348 1964 6349 3040 6349 3036 6349 3043 6350 1964 6350 1963 6350 3043 6351 1963 6351 1962 6351 3043 6352 1962 6352 1961 6352 3043 6353 1961 6353 1953 6353 1953 6354 3050 6354 3049 6354 1953 6355 3049 6355 3048 6355 1953 6356 3048 6356 3047 6356 1953 6357 3047 6357 3043 6357 3050 6358 1953 6358 1952 6358 3050 6359 1952 6359 1951 6359 3050 6360 1951 6360 1950 6360 3050 6361 1950 6361 1942 6361 1942 6362 3057 6362 3056 6362 1942 6363 3056 6363 3055 6363 1942 6364 3055 6364 3054 6364 1942 6365 3054 6365 3050 6365 1942 6366 3064 6366 3063 6366 1942 6367 3063 6367 3062 6367 1942 6368 3062 6368 3061 6368 1942 6369 3061 6369 3057 6369 3064 6370 1942 6370 1941 6370 3064 6371 1941 6371 1940 6371 3064 6372 1940 6372 1939 6372 3064 6373 1939 6373 1931 6373 1865 6374 3379 6374 3378 6374 1865 6375 3378 6375 3377 6375 1865 6376 3377 6376 3376 6376 1865 6377 3376 6377 3372 6377 3379 6378 1865 6378 1864 6378 3379 6379 1864 6379 1863 6379 3379 6380 1863 6380 1862 6380 3379 6381 1862 6381 1854 6381 1854 6382 3386 6382 3385 6382 1854 6383 3385 6383 3384 6383 1854 6384 3384 6384 3383 6384 1854 6385 3383 6385 3379 6385 1854 6386 3393 6386 3392 6386 1854 6387 3392 6387 3391 6387 1854 6388 3391 6388 3390 6388 1854 6389 3390 6389 3386 6389 3393 6390 1854 6390 1853 6390 3393 6391 1853 6391 1852 6391 3393 6392 1852 6392 1851 6392 3393 6393 1851 6393 1843 6393 1843 6394 3400 6394 3399 6394 1843 6395 3399 6395 3398 6395 1843 6396 3398 6396 3397 6396 1843 6397 3397 6397 3393 6397 3400 6398 1843 6398 1842 6398 3400 6399 1842 6399 1841 6399 3400 6400 1841 6400 1840 6400 3400 6401 1840 6401 1832 6401 1832 6402 3407 6402 3406 6402 1832 6403 3406 6403 3405 6403 1832 6404 3405 6404 3404 6404 1832 6405 3404 6405 3400 6405 3407 6406 1832 6406 1831 6406 3407 6407 1831 6407 1830 6407 3407 6408 1830 6408 1829 6408 3407 6409 1829 6409 1821 6409 1821 6410 3414 6410 3413 6410 1821 6411 3413 6411 3412 6411 1821 6412 3412 6412 3411 6412 1821 6413 3411 6413 3407 6413 3414 6414 1821 6414 1820 6414 3414 6415 1820 6415 1819 6415 3414 6416 1819 6416 1818 6416 3414 6417 1818 6417 1810 6417 3414 6418 1810 6418 1809 6418 3414 6419 1809 6419 1808 6419 3414 6420 1808 6420 1807 6420 3414 6421 1807 6421 1799 6421 1799 6422 3011 6422 3420 6422 1799 6423 3420 6423 3419 6423 1799 6424 3419 6424 3418 6424 1799 6425 3418 6425 3414 6425 3011 6426 1799 6426 1798 6426 3011 6427 1798 6427 1797 6427 3011 6428 1797 6428 1796 6428 3011 6429 1796 6429 1788 6429 1788 6430 3015 6430 3014 6430 1788 6431 3014 6431 3013 6431 1788 6432 3013 6432 3012 6432 1788 6433 3012 6433 3011 6433 2656 6434 2655 6434 3505 6434 2655 6435 2654 6435 3505 6435 3505 6436 2654 6436 3506 6436 2654 6437 2653 6437 3506 6437 3506 6438 2653 6438 3507 6438 2653 6439 2647 6439 3507 6439 3507 6440 2647 6440 2230 6440 2230 6441 2241 6441 3507 6441 2241 6442 2240 6442 3507 6442 3507 6443 2240 6443 3506 6443 2240 6444 2239 6444 3506 6444 3506 6445 2239 6445 3505 6445 2239 6446 2238 6446 3505 6446 3505 6447 2238 6447 2656 6447 2660 6448 2659 6448 3508 6448 2659 6449 2658 6449 3508 6449 3508 6450 2658 6450 3509 6450 2658 6451 2657 6451 3509 6451 3509 6452 2657 6452 3510 6452 2657 6453 2656 6453 3510 6453 3510 6454 2656 6454 2238 6454 2238 6455 2253 6455 3510 6455 2253 6456 2252 6456 3510 6456 3510 6457 2252 6457 3509 6457 2252 6458 2251 6458 3509 6458 3509 6459 2251 6459 3508 6459 2251 6460 2250 6460 3508 6460 3508 6461 2250 6461 2660 6461 2901 6462 2911 6462 3511 6462 2911 6463 2910 6463 3511 6463 3511 6464 2910 6464 3512 6464 2910 6465 2909 6465 3512 6465 3512 6466 2909 6466 3513 6466 2909 6467 2660 6467 3513 6467 3513 6468 2660 6468 2250 6468 2250 6469 2265 6469 3513 6469 2265 6470 2264 6470 3513 6470 3513 6471 2264 6471 3512 6471 2264 6472 2263 6472 3512 6472 3512 6473 2263 6473 3511 6473 2263 6474 2262 6474 3511 6474 3511 6475 2262 6475 2901 6475 2893 6476 2904 6476 3514 6476 2904 6477 2903 6477 3514 6477 3514 6478 2903 6478 3515 6478 2903 6479 2902 6479 3515 6479 3515 6480 2902 6480 3516 6480 2902 6481 2901 6481 3516 6481 3516 6482 2901 6482 2262 6482 2262 6483 2273 6483 3516 6483 2273 6484 2272 6484 3516 6484 3516 6485 2272 6485 3515 6485 2272 6486 2271 6486 3515 6486 3515 6487 2271 6487 3514 6487 2271 6488 2270 6488 3514 6488 3514 6489 2270 6489 2893 6489 2885 6490 2896 6490 3517 6490 2896 6491 2895 6491 3517 6491 3517 6492 2895 6492 3518 6492 2895 6493 2894 6493 3518 6493 3518 6494 2894 6494 3519 6494 2894 6495 2893 6495 3519 6495 3519 6496 2893 6496 2270 6496 2270 6497 2285 6497 3519 6497 2285 6498 2284 6498 3519 6498 3519 6499 2284 6499 3518 6499 2284 6500 2283 6500 3518 6500 3518 6501 2283 6501 3517 6501 2283 6502 2282 6502 3517 6502 3517 6503 2282 6503 2885 6503 2877 6504 2888 6504 3520 6504 2888 6505 2887 6505 3520 6505 3520 6506 2887 6506 3521 6506 2887 6507 2886 6507 3521 6507 3521 6508 2886 6508 3522 6508 2886 6509 2885 6509 3522 6509 3522 6510 2885 6510 2282 6510 2282 6511 2297 6511 3522 6511 2297 6512 2296 6512 3522 6512 3522 6513 2296 6513 3521 6513 2296 6514 2295 6514 3521 6514 3521 6515 2295 6515 3520 6515 2295 6516 2294 6516 3520 6516 3520 6517 2294 6517 2877 6517 2869 6518 2880 6518 3523 6518 2880 6519 2879 6519 3523 6519 3523 6520 2879 6520 3524 6520 2879 6521 2878 6521 3524 6521 3524 6522 2878 6522 3525 6522 2878 6523 2877 6523 3525 6523 3525 6524 2877 6524 2294 6524 2294 6525 2328 6525 3525 6525 2328 6526 2327 6526 3525 6526 3525 6527 2327 6527 3524 6527 2327 6528 2326 6528 3524 6528 3524 6529 2326 6529 3523 6529 2326 6530 2325 6530 3523 6530 3523 6531 2325 6531 2869 6531 2865 6532 2872 6532 3526 6532 2872 6533 2871 6533 3526 6533 3526 6534 2871 6534 3527 6534 2871 6535 2870 6535 3527 6535 3527 6536 2870 6536 3528 6536 2870 6537 2869 6537 3528 6537 3528 6538 2869 6538 2325 6538 2325 6539 2332 6539 3528 6539 2332 6540 2331 6540 3528 6540 3528 6541 2331 6541 3527 6541 2331 6542 2330 6542 3527 6542 3527 6543 2330 6543 3526 6543 2330 6544 2329 6544 3526 6544 3526 6545 2329 6545 2865 6545 2857 6546 2868 6546 3529 6546 2868 6547 2867 6547 3529 6547 3529 6548 2867 6548 3530 6548 2867 6549 2866 6549 3530 6549 3530 6550 2866 6550 3531 6550 2866 6551 2865 6551 3531 6551 3531 6552 2865 6552 2329 6552 2329 6553 2336 6553 3531 6553 2336 6554 2335 6554 3531 6554 3531 6555 2335 6555 3530 6555 2335 6556 2334 6556 3530 6556 3530 6557 2334 6557 3529 6557 2334 6558 2333 6558 3529 6558 3529 6559 2333 6559 2857 6559 2849 6560 2860 6560 3532 6560 2860 6561 2859 6561 3532 6561 3532 6562 2859 6562 3533 6562 2859 6563 2858 6563 3533 6563 3533 6564 2858 6564 3534 6564 2858 6565 2857 6565 3534 6565 3534 6566 2857 6566 2333 6566 2333 6567 2340 6567 3534 6567 2340 6568 2339 6568 3534 6568 3534 6569 2339 6569 3533 6569 2339 6570 2338 6570 3533 6570 3533 6571 2338 6571 3532 6571 2338 6572 2337 6572 3532 6572 3532 6573 2337 6573 2849 6573 2841 6574 2852 6574 3535 6574 2852 6575 2851 6575 3535 6575 3535 6576 2851 6576 3536 6576 2851 6577 2850 6577 3536 6577 3536 6578 2850 6578 3537 6578 2850 6579 2849 6579 3537 6579 3537 6580 2849 6580 2337 6580 2337 6581 2344 6581 3537 6581 2344 6582 2343 6582 3537 6582 3537 6583 2343 6583 3536 6583 2343 6584 2342 6584 3536 6584 3536 6585 2342 6585 3535 6585 2342 6586 2341 6586 3535 6586 3535 6587 2341 6587 2841 6587 2833 6588 2844 6588 3538 6588 2844 6589 2843 6589 3538 6589 3538 6590 2843 6590 3539 6590 2843 6591 2842 6591 3539 6591 3539 6592 2842 6592 3540 6592 2842 6593 2841 6593 3540 6593 3540 6594 2841 6594 2341 6594 2341 6595 2348 6595 3540 6595 2348 6596 2347 6596 3540 6596 3540 6597 2347 6597 3539 6597 2347 6598 2346 6598 3539 6598 3539 6599 2346 6599 3538 6599 2346 6600 2345 6600 3538 6600 3538 6601 2345 6601 2833 6601 2825 6602 2836 6602 3541 6602 2836 6603 2835 6603 3541 6603 3541 6604 2835 6604 3542 6604 2835 6605 2834 6605 3542 6605 3542 6606 2834 6606 3543 6606 2834 6607 2833 6607 3543 6607 3543 6608 2833 6608 2345 6608 2345 6609 2352 6609 3543 6609 2352 6610 2351 6610 3543 6610 3543 6611 2351 6611 3542 6611 2351 6612 2350 6612 3542 6612 3542 6613 2350 6613 3541 6613 2350 6614 2349 6614 3541 6614 3541 6615 2349 6615 2825 6615 2817 6616 2828 6616 3544 6616 2828 6617 2827 6617 3544 6617 3544 6618 2827 6618 3545 6618 2827 6619 2826 6619 3545 6619 3545 6620 2826 6620 3546 6620 2826 6621 2825 6621 3546 6621 3546 6622 2825 6622 2349 6622 2349 6623 2355 6623 3546 6623 2355 6624 2354 6624 3546 6624 3546 6625 2354 6625 3545 6625 2354 6626 2353 6626 3545 6626 3545 6627 2353 6627 3544 6627 2353 6628 2032 6628 3544 6628 3544 6629 2032 6629 2817 6629 2813 6630 2820 6630 3547 6630 2820 6631 2819 6631 3547 6631 3547 6632 2819 6632 3548 6632 2819 6633 2818 6633 3548 6633 3548 6634 2818 6634 3549 6634 2818 6635 2817 6635 3549 6635 3549 6636 2817 6636 2032 6636 2032 6637 2040 6637 3549 6637 2040 6638 2039 6638 3549 6638 3549 6639 2039 6639 3548 6639 2039 6640 2038 6640 3548 6640 3548 6641 2038 6641 3547 6641 2038 6642 2037 6642 3547 6642 3547 6643 2037 6643 2813 6643 2805 6644 2816 6644 3550 6644 2816 6645 2815 6645 3550 6645 3550 6646 2815 6646 3551 6646 2815 6647 2814 6647 3551 6647 3551 6648 2814 6648 3552 6648 2814 6649 2813 6649 3552 6649 3552 6650 2813 6650 2037 6650 2037 6651 2052 6651 3552 6651 2052 6652 2051 6652 3552 6652 3552 6653 2051 6653 3551 6653 2051 6654 2050 6654 3551 6654 3551 6655 2050 6655 3550 6655 2050 6656 2049 6656 3550 6656 3550 6657 2049 6657 2805 6657 2797 6658 2808 6658 3553 6658 2808 6659 2807 6659 3553 6659 3553 6660 2807 6660 3554 6660 2807 6661 2806 6661 3554 6661 3554 6662 2806 6662 3555 6662 2806 6663 2805 6663 3555 6663 3555 6664 2805 6664 2049 6664 2049 6665 2064 6665 3555 6665 2064 6666 2063 6666 3555 6666 3555 6667 2063 6667 3554 6667 2063 6668 2062 6668 3554 6668 3554 6669 2062 6669 3553 6669 2062 6670 2061 6670 3553 6670 3553 6671 2061 6671 2797 6671 2789 6672 2800 6672 3556 6672 2800 6673 2799 6673 3556 6673 3556 6674 2799 6674 3557 6674 2799 6675 2798 6675 3557 6675 3557 6676 2798 6676 3558 6676 2798 6677 2797 6677 3558 6677 3558 6678 2797 6678 2061 6678 2061 6679 2072 6679 3558 6679 2072 6680 2071 6680 3558 6680 3558 6681 2071 6681 3557 6681 2071 6682 2070 6682 3557 6682 3557 6683 2070 6683 3556 6683 2070 6684 2069 6684 3556 6684 3556 6685 2069 6685 2789 6685 2781 6686 2792 6686 3559 6686 2792 6687 2791 6687 3559 6687 3559 6688 2791 6688 3560 6688 2791 6689 2790 6689 3560 6689 3560 6690 2790 6690 3561 6690 2790 6691 2789 6691 3561 6691 3561 6692 2789 6692 2069 6692 2069 6693 2084 6693 3561 6693 2084 6694 2083 6694 3561 6694 3561 6695 2083 6695 3560 6695 2083 6696 2082 6696 3560 6696 3560 6697 2082 6697 3559 6697 2082 6698 2081 6698 3559 6698 3559 6699 2081 6699 2781 6699 2773 6700 2784 6700 3562 6700 2784 6701 2783 6701 3562 6701 3562 6702 2783 6702 3563 6702 2783 6703 2782 6703 3563 6703 3563 6704 2782 6704 3564 6704 2782 6705 2781 6705 3564 6705 3564 6706 2781 6706 2081 6706 2081 6707 2096 6707 3564 6707 2096 6708 2095 6708 3564 6708 3564 6709 2095 6709 3563 6709 2095 6710 2094 6710 3563 6710 3563 6711 2094 6711 3562 6711 2094 6712 2093 6712 3562 6712 3562 6713 2093 6713 2773 6713 2765 6714 2776 6714 3565 6714 2776 6715 2775 6715 3565 6715 3565 6716 2775 6716 3566 6716 2775 6717 2774 6717 3566 6717 3566 6718 2774 6718 3567 6718 2774 6719 2773 6719 3567 6719 3567 6720 2773 6720 2093 6720 2093 6721 2104 6721 3567 6721 2104 6722 2103 6722 3567 6722 3567 6723 2103 6723 3566 6723 2103 6724 2102 6724 3566 6724 3566 6725 2102 6725 3565 6725 2102 6726 2101 6726 3565 6726 3565 6727 2101 6727 2765 6727 2757 6728 2768 6728 3568 6728 2768 6729 2767 6729 3568 6729 3568 6730 2767 6730 3569 6730 2767 6731 2766 6731 3569 6731 3569 6732 2766 6732 3570 6732 2766 6733 2765 6733 3570 6733 3570 6734 2765 6734 2101 6734 2101 6735 2116 6735 3570 6735 2116 6736 2115 6736 3570 6736 3570 6737 2115 6737 3569 6737 2115 6738 2114 6738 3569 6738 3569 6739 2114 6739 3568 6739 2114 6740 2113 6740 3568 6740 3568 6741 2113 6741 2757 6741 2753 6742 2760 6742 3571 6742 2760 6743 2759 6743 3571 6743 3571 6744 2759 6744 3572 6744 2759 6745 2758 6745 3572 6745 3572 6746 2758 6746 3573 6746 2758 6747 2757 6747 3573 6747 3573 6748 2757 6748 2113 6748 2113 6749 2124 6749 3573 6749 2124 6750 2123 6750 3573 6750 3573 6751 2123 6751 3572 6751 2123 6752 2122 6752 3572 6752 3572 6753 2122 6753 3571 6753 2122 6754 2121 6754 3571 6754 3571 6755 2121 6755 2753 6755 2745 6756 2756 6756 3574 6756 2756 6757 2755 6757 3574 6757 3574 6758 2755 6758 3575 6758 2755 6759 2754 6759 3575 6759 3575 6760 2754 6760 3576 6760 2754 6761 2753 6761 3576 6761 3576 6762 2753 6762 2121 6762 2121 6763 2136 6763 3576 6763 2136 6764 2135 6764 3576 6764 3576 6765 2135 6765 3575 6765 2135 6766 2134 6766 3575 6766 3575 6767 2134 6767 3574 6767 2134 6768 2133 6768 3574 6768 3574 6769 2133 6769 2745 6769 2737 6770 2748 6770 3577 6770 2748 6771 2747 6771 3577 6771 3577 6772 2747 6772 3578 6772 2747 6773 2746 6773 3578 6773 3578 6774 2746 6774 3579 6774 2746 6775 2745 6775 3579 6775 3579 6776 2745 6776 2133 6776 2133 6777 2375 6777 3579 6777 2375 6778 2374 6778 3579 6778 3579 6779 2374 6779 3578 6779 2374 6780 2373 6780 3578 6780 3578 6781 2373 6781 3577 6781 2373 6782 2372 6782 3577 6782 3577 6783 2372 6783 2737 6783 2729 6784 2740 6784 3580 6784 2740 6785 2739 6785 3580 6785 3580 6786 2739 6786 3581 6786 2739 6787 2738 6787 3581 6787 3581 6788 2738 6788 3582 6788 2738 6789 2737 6789 3582 6789 3582 6790 2737 6790 2372 6790 2372 6791 2379 6791 3582 6791 2379 6792 2378 6792 3582 6792 3582 6793 2378 6793 3581 6793 2378 6794 2377 6794 3581 6794 3581 6795 2377 6795 3580 6795 2377 6796 2376 6796 3580 6796 3580 6797 2376 6797 2729 6797 2721 6798 2732 6798 3583 6798 2732 6799 2731 6799 3583 6799 3583 6800 2731 6800 3584 6800 2731 6801 2730 6801 3584 6801 3584 6802 2730 6802 3585 6802 2730 6803 2729 6803 3585 6803 3585 6804 2729 6804 2376 6804 2376 6805 2383 6805 3585 6805 2383 6806 2382 6806 3585 6806 3585 6807 2382 6807 3584 6807 2382 6808 2381 6808 3584 6808 3584 6809 2381 6809 3583 6809 2381 6810 2380 6810 3583 6810 3583 6811 2380 6811 2721 6811 2713 6812 2724 6812 3586 6812 2724 6813 2723 6813 3586 6813 3586 6814 2723 6814 3587 6814 2723 6815 2722 6815 3587 6815 3587 6816 2722 6816 3588 6816 2722 6817 2721 6817 3588 6817 3588 6818 2721 6818 2380 6818 2380 6819 2386 6819 3588 6819 2386 6820 2385 6820 3588 6820 3588 6821 2385 6821 3587 6821 2385 6822 2384 6822 3587 6822 3587 6823 2384 6823 3586 6823 2384 6824 2356 6824 3586 6824 3586 6825 2356 6825 2713 6825 2705 6826 2716 6826 3589 6826 2716 6827 2715 6827 3589 6827 3589 6828 2715 6828 3590 6828 2715 6829 2714 6829 3590 6829 3590 6830 2714 6830 3591 6830 2714 6831 2713 6831 3591 6831 3591 6832 2713 6832 2356 6832 2356 6833 2360 6833 3591 6833 2360 6834 2359 6834 3591 6834 3591 6835 2359 6835 3590 6835 2359 6836 2358 6836 3590 6836 3590 6837 2358 6837 3589 6837 2358 6838 2357 6838 3589 6838 3589 6839 2357 6839 2705 6839 2701 6840 2708 6840 3592 6840 2708 6841 2707 6841 3592 6841 3592 6842 2707 6842 3593 6842 2707 6843 2706 6843 3593 6843 3593 6844 2706 6844 3594 6844 2706 6845 2705 6845 3594 6845 3594 6846 2705 6846 2357 6846 2357 6847 2364 6847 3594 6847 2364 6848 2363 6848 3594 6848 3594 6849 2363 6849 3593 6849 2363 6850 2362 6850 3593 6850 3593 6851 2362 6851 3592 6851 2362 6852 2361 6852 3592 6852 3592 6853 2361 6853 2701 6853 2693 6854 2704 6854 3595 6854 2704 6855 2703 6855 3595 6855 3595 6856 2703 6856 3596 6856 2703 6857 2702 6857 3596 6857 3596 6858 2702 6858 3597 6858 2702 6859 2701 6859 3597 6859 3597 6860 2701 6860 2361 6860 2361 6861 2368 6861 3597 6861 2368 6862 2367 6862 3597 6862 3597 6863 2367 6863 3596 6863 2367 6864 2366 6864 3596 6864 3596 6865 2366 6865 3595 6865 2366 6866 2365 6866 3595 6866 3595 6867 2365 6867 2693 6867 2685 6868 2696 6868 3598 6868 2696 6869 2695 6869 3598 6869 3598 6870 2695 6870 3599 6870 2695 6871 2694 6871 3599 6871 3599 6872 2694 6872 3600 6872 2694 6873 2693 6873 3600 6873 3600 6874 2693 6874 2365 6874 2365 6875 2371 6875 3600 6875 2371 6876 2370 6876 3600 6876 3600 6877 2370 6877 3599 6877 2370 6878 2369 6878 3599 6878 3599 6879 2369 6879 3598 6879 2369 6880 2193 6880 3598 6880 3598 6881 2193 6881 2685 6881 2677 6882 2688 6882 3601 6882 2688 6883 2687 6883 3601 6883 3601 6884 2687 6884 3602 6884 2687 6885 2686 6885 3602 6885 3602 6886 2686 6886 3603 6886 2686 6887 2685 6887 3603 6887 3603 6888 2685 6888 2193 6888 2193 6889 2201 6889 3603 6889 2201 6890 2200 6890 3603 6890 3603 6891 2200 6891 3602 6891 2200 6892 2199 6892 3602 6892 3602 6893 2199 6893 3601 6893 2199 6894 2198 6894 3601 6894 3601 6895 2198 6895 2677 6895 2669 6896 2680 6896 3604 6896 2680 6897 2679 6897 3604 6897 3604 6898 2679 6898 3605 6898 2679 6899 2678 6899 3605 6899 3605 6900 2678 6900 3606 6900 2678 6901 2677 6901 3606 6901 3606 6902 2677 6902 2198 6902 2198 6903 2213 6903 3606 6903 2213 6904 2212 6904 3606 6904 3606 6905 2212 6905 3605 6905 2212 6906 2211 6906 3605 6906 3605 6907 2211 6907 3604 6907 2211 6908 2210 6908 3604 6908 3604 6909 2210 6909 2669 6909 2661 6910 2672 6910 3607 6910 2672 6911 2671 6911 3607 6911 3607 6912 2671 6912 3608 6912 2671 6913 2670 6913 3608 6913 3608 6914 2670 6914 3609 6914 2670 6915 2669 6915 3609 6915 3609 6916 2669 6916 2210 6916 2210 6917 2221 6917 3609 6917 2221 6918 2220 6918 3609 6918 3609 6919 2220 6919 3608 6919 2220 6920 2219 6920 3608 6920 3608 6921 2219 6921 3607 6921 2219 6922 2218 6922 3607 6922 3607 6923 2218 6923 2661 6923 2647 6924 2664 6924 3610 6924 2664 6925 2663 6925 3610 6925 3610 6926 2663 6926 3611 6926 2663 6927 2662 6927 3611 6927 3611 6928 2662 6928 3612 6928 2662 6929 2661 6929 3612 6929 3612 6930 2661 6930 2218 6930 2218 6931 2233 6931 3612 6931 2233 6932 2232 6932 3612 6932 3612 6933 2232 6933 3611 6933 2232 6934 2231 6934 3611 6934 3611 6935 2231 6935 3610 6935 2231 6936 2230 6936 3610 6936 3610 6937 2230 6937 2647 6937</p>
        </triangles>
      </mesh>
    </geometry>
  </library_geometries>
  <library_visual_scenes>
    <visual_scene id="Scene" name="Scene">
      <node id="Part3_Centro" name="Part3 Centro" type="NODE">
        <matrix sid="transform">1 0 0 1.22925e-5 0 -4.37114e-8 -1 -8.0932e-4 0 1 -4.37114e-8 5.57645e-5 0 0 0 1</matrix>
        <instance_geometry url="#Part3_Centro_001-mesh" name="Part3 Centro" />
      </node>
      <node id="Camera" name="Camera" type="NODE">
        <matrix sid="transform">0.6859207 -0.3240135 0.6515582 7.358891 0.7276763 0.3054208 -0.6141704 -6.925791 0 0.8953956 0.4452714 4.958309 0 0 0 1</matrix>
        <instance_camera url="#Camera-camera" />
      </node>
      <node id="Light" name="Light" type="NODE">
        <matrix sid="transform">-0.2908646 -0.7711008 0.5663932 4.076245 0.9551712 -0.1998834 0.2183912 1.005454 -0.05518906 0.6045247 0.7946723 5.903862 0 0 0 1</matrix>
        <instance_light url="#Light-light" />
      </node>
    </visual_scene>
  </library_visual_scenes>
  <scene>
    <instance_visual_scene url="#Scene" />
  </scene>
</COLLADA>