<?xml version='1.0' encoding='utf-8'?>
<COLLADA xmlns="http://www.collada.org/2005/11/COLLADASchema" version="1.4.1">
  <asset>
    <contributor>
      <author>Blender User</author>
      <authoring_tool>Blender 2.83.11</authoring_tool>
    </contributor>
    <created>2020-04-24T19:23:47</created>
    <modified>2020-04-24T19:23:47</modified>
    <unit name="meter" meter="1" />
    <up_axis>Z_UP</up_axis>
  </asset>
  <library_images />
  <library_geometries>
    <geometry id="Part8_Centro_001-mesh" name="Part8 Centro.001">
      <mesh>
        <source id="Part8_Centro_001-mesh-positions">
          <float_array id="Part8_Centro_001-mesh-positions-array" count="9645">-0.000471 -1.138113 0.148946 0.499529 -1.138487 0.148852 -0.000597 -1.306871 0.148938 0.499404 -1.307245 0.148846 0.499505 -1.147214 0.048980 0.499380 -1.314855 0.048942 0.499485 -1.147209 -0.051274 0.499360 -1.314849 -0.051252 0.499347 -1.307231 -0.151156 0.499473 -1.138473 -0.151145 0.501179 1.141877 -0.151038 0.501204 1.150604 -0.051166 0.501305 1.310635 -0.151031 0.501329 1.318244 -0.051128 0.501223 1.150599 0.049088 0.501348 1.318240 0.049065 0.501361 1.310621 0.148967 0.501235 1.141863 0.148961 -0.000527 -1.138099 -0.151053 -0.000653 -1.306857 -0.151061 0.001178 1.142251 -0.150945 0.001305 1.311009 -0.150937 0.001235 1.142237 0.149054 0.001361 1.310995 0.149062 13.001230 1.132513 0.146613 13.001230 1.077823 0.376346 12.001230 1.133262 0.146802 0.001236 1.087546 0.378787 0.001203 0.987083 0.592503 13.001200 0.977359 0.590062 0.001132 0.845082 0.781196 13.001130 0.835359 0.778752 13.001020 0.657810 0.934457 0.001028 0.667534 0.936902 13.000890 0.452199 1.050612 0.000897 0.461922 1.053058 13.000740 0.227196 1.122323 0.000741 0.236919 1.124764 13.000570 -0.007709 1.146558 0.000570 0.002014 1.149001 13.000390 -0.242612 1.122302 0.000391 -0.232889 1.124743 13.000210 -0.467608 1.050570 0.000208 -0.457885 1.053016 13.000030 -0.673208 0.934394 0.000033 -0.663484 0.936839 12.999870 -0.850742 0.778672 -0.000129 -0.841019 0.781115 12.999730 -0.992725 0.589971 -0.000271 -0.983002 0.592412 12.999610 -1.093168 0.376243 -0.000387 -1.083445 0.378684 11.999530 -1.147089 0.146695 11.999500 -1.155815 0.046821 11.999480 -1.155810 -0.053435 12.999520 -1.147836 0.146504 11.999470 -1.147074 -0.153306 12.999470 -1.147822 -0.153495 12.999470 -1.093132 -0.383227 -0.000529 -1.083408 -0.380786 12.999500 -0.992669 -0.596944 -0.000494 -0.982945 -0.594503 12.999570 -0.850668 -0.785636 -0.000423 -0.840945 -0.783193 12.999680 -0.673119 -0.941341 -0.000319 -0.663396 -0.938898 12.999810 -0.467508 -1.057496 -0.000188 -0.457785 -1.055054 12.999960 -0.242505 -1.129206 -0.000033 -0.232782 -1.126763 13.000140 -0.007600 -1.153441 0.000139 0.002123 -1.150999 13.000310 0.227303 -1.129184 0.000319 0.237027 -1.126741 13.000500 0.452299 -1.057455 0.000500 0.462022 -1.055012 13.000670 0.657899 -0.941278 0.000676 0.667622 -0.938836 13.000840 0.835433 -0.785556 0.000837 0.845156 -0.783114 0.000979 0.987139 -0.594411 13.000980 0.977416 -0.596851 0.001094 1.087583 -0.380684 13.001090 1.077859 -0.383124 12.001170 1.133276 -0.153199 13.001180 1.132528 -0.153388 12.001200 1.142003 -0.053327 12.001220 1.141998 0.046929 0.001218 1.257458 -0.400753 0.001099 1.156698 -0.635536 0.000952 1.012517 -0.846457 0.000781 0.830339 -1.025585 0.000596 0.617013 -1.166183 0.000401 0.380561 -1.262962 0.000203 0.129876 -1.312286 0.000012 -0.125615 -1.312297 -0.000166 -0.376304 -1.262998 -0.000326 -0.612765 -1.166240 -0.000458 -0.826104 -1.025663 -0.000560 -1.008300 -0.846552 -0.000628 -1.152501 -0.635644 -0.000660 -1.253283 -0.400872 12.001300 1.302033 -0.153192 13.001210 1.247735 -0.403195 13.001300 1.301286 -0.153379 12.001330 1.309643 -0.053287 12.001340 1.309638 0.046906 0.001368 1.257421 0.398873 12.001360 1.302019 0.146809 0.001338 1.156638 0.633647 13.001330 1.146914 0.631205 13.001370 1.247697 0.396432 13.001360 1.301271 0.146619 0.001269 1.012438 0.844556 13.001260 1.002715 0.842112 0.001166 0.830242 1.023663 13.001160 0.820518 1.021222 0.001033 0.616902 1.164241 13.001030 0.607179 1.161799 0.000874 0.380442 1.261001 13.000870 0.370719 1.258557 0.000696 0.129752 1.310298 13.000690 0.120029 1.307856 0.000505 -0.125739 1.310288 13.000500 -0.135462 1.307845 0.000308 -0.376424 1.260964 13.000310 -0.386147 1.258521 0.000113 -0.612875 1.164184 13.000110 -0.622598 1.161740 -0.000073 -0.826202 1.023585 12.999920 -0.835924 1.021144 -0.000243 -1.008379 0.844458 12.999750 -1.018103 0.842017 -0.000390 -1.152560 0.633538 12.999600 -1.162283 0.631097 -0.000510 -1.253320 0.398755 12.999490 -1.263043 0.396314 11.999400 -1.315846 0.146685 12.999400 -1.316595 0.146499 11.999380 -1.323455 0.046780 11.999340 -1.315832 -0.153316 11.999360 -1.323451 -0.053413 12.999340 -1.263006 -0.403315 12.999370 -1.162223 -0.638088 12.999440 -1.018023 -0.848995 12.999540 -0.835828 -1.028105 12.999670 -0.622488 -1.168681 12.999830 -0.386028 -1.265439 13.000010 -0.135338 -1.314740 13.000200 0.120153 -1.314728 13.000400 0.370838 -1.265403 13.000590 0.607289 -1.168624 13.000780 0.820615 -1.028027 13.000950 1.002795 -0.848900 13.001090 1.146975 -0.637979 12.999340 -1.316580 -0.153503 0.001159 1.117031 -0.150947 0.301160 1.116807 -0.151004 0.000965 0.964510 -0.583521 0.300965 0.964285 -0.583578 0.300668 0.651779 -0.919321 0.000668 0.652003 -0.919264 0.300319 0.231235 -1.102422 0.000319 0.231458 -1.102365 0.299975 -0.227442 -1.102442 -0.000024 -0.227217 -1.102386 0.299696 -0.648003 -0.919381 -0.000304 -0.647779 -0.919324 0.299525 -0.960541 -0.583669 -0.000474 -0.960317 -0.583612 0.299491 -1.113103 -0.151109 -0.000507 -1.112879 -0.151052 0.301305 1.310785 -0.150994 0.301362 1.310770 0.149007 0.001349 1.318614 0.049161 0.301349 1.318389 0.049104 0.001329 1.318618 -0.051034 0.301329 1.318394 -0.051089 0.301217 1.116792 0.148997 0.001217 1.117016 0.149054 -0.000452 -1.112893 0.148948 0.299548 -1.113117 0.148892 -0.000256 -0.960372 0.581525 0.299744 -0.960597 0.581468 0.300040 -0.648090 0.917209 0.000041 -0.647865 0.917264 0.300390 -0.227546 1.100310 0.000390 -0.227321 1.100367 0.300733 0.231130 1.100333 0.000732 0.231354 1.100387 0.301012 0.651692 0.917272 0.001013 0.651916 0.917327 0.301184 0.964230 0.581555 0.001183 0.964454 0.581614 0.299404 -1.307096 0.148883 0.299347 -1.307081 -0.151118 -0.000640 -1.314476 -0.051158 0.299360 -1.314700 -0.051213 -0.000621 -1.314480 0.049035 0.299379 -1.314704 0.048980 0.300423 0.116755 -0.097468 0.300466 0.151844 -0.001050 0.300459 0.116746 0.095370 0.300572 0.116718 0.702531 0.300616 0.151806 0.798953 0.300609 0.116708 0.895368 0.300552 0.027847 0.946666 0.300473 -0.073200 0.928845 0.300408 -0.139150 0.850240 0.300390 -0.139146 0.747636 0.300424 -0.073188 0.669038 0.300322 -0.073162 0.128842 0.300496 0.027860 0.651225 0.300400 0.027884 0.146666 0.300346 0.027898 -0.148774 0.300307 0.116784 -0.704632 0.300251 0.027922 -0.653333 0.300273 -0.073150 -0.130963 0.300172 -0.073124 -0.671155 0.300108 -0.139075 -0.749759 0.300089 -0.139069 -0.852366 0.300123 -0.073111 -0.930963 0.300195 0.027937 -0.948774 0.300271 0.116794 -0.897468 0.300315 0.151882 -0.801049 0.300239 -0.139107 -0.052365 0.300258 -0.139112 0.050240 0.000459 0.116970 0.095425 0.000466 0.152068 -0.000991 0.000422 0.116980 -0.097413 0.000307 0.117009 -0.704577 0.000316 0.152107 -0.800992 0.000272 0.117017 -0.897411 0.000196 0.028160 -0.948718 0.000123 -0.072888 -0.930907 0.000089 -0.138845 -0.852309 0.000108 -0.138850 -0.749703 0.000172 -0.072899 -0.671098 0.000274 -0.072925 -0.130906 0.000346 0.028123 -0.148719 0.000401 0.028109 0.146724 0.000496 0.028085 0.651282 0.000572 0.116942 0.702588 0.000616 0.152031 0.799008 0.000609 0.116933 0.895425 0.000424 -0.072963 0.669095 0.000322 -0.072937 0.128899 0.000258 -0.138887 0.050298 0.000238 -0.138882 -0.052308 0.000251 0.028147 -0.653278 0.000552 0.028071 0.946723 0.000473 -0.072976 0.928901 0.000409 -0.138926 0.850297 0.000390 -0.138921 0.747691 15.060030 0.608318 -0.286351 15.060370 1.058318 -0.286328 15.050750 0.608328 -0.353798 15.051080 1.058328 -0.353775 15.060000 0.608325 -0.421249 15.060340 1.058325 -0.421228 15.087120 0.608307 -0.483700 15.087450 1.058308 -0.483677 15.130070 0.608278 -0.536522 15.130410 1.058278 -0.536500 15.185690 0.608238 -0.575794 15.186030 1.058238 -0.575772 15.249840 0.608191 -0.598605 15.250170 1.058191 -0.598585 15.317760 0.608141 -0.603265 15.318100 1.058141 -0.603243 15.384420 0.608090 -0.589425 15.384760 1.058091 -0.589405 15.444880 0.608043 -0.558114 15.445210 1.058043 -0.558092 15.494650 0.608004 -0.511651 15.494980 1.058004 -0.511632 15.530030 0.607975 -0.453488 15.530370 1.057975 -0.453467 15.548410 0.607958 -0.387932 15.548750 1.057958 -0.387912 15.548420 0.607955 -0.319848 15.548760 1.057955 -0.319828 15.530070 0.607965 -0.254287 15.530400 1.057966 -0.254266 15.494700 0.607989 -0.196109 15.495040 1.057989 -0.196086 15.444950 0.608024 -0.149629 15.445290 1.058024 -0.149608 15.384510 0.608068 -0.118293 15.384850 1.058068 -0.118274 15.317850 0.608117 -0.104430 15.318190 1.058117 -0.104409 15.249930 0.608168 -0.109065 15.250260 1.058168 -0.109042 15.185770 0.608217 -0.131852 15.186110 1.058218 -0.131829 15.130140 0.608261 -0.171102 15.130480 1.058261 -0.171083 15.087170 0.608295 -0.223908 15.087500 1.058295 -0.223887 14.756030 1.508538 -0.103700 14.451470 1.508766 -0.103643 14.755690 1.058537 -0.103721 14.451130 1.058765 -0.103663 15.204160 1.508186 0.238263 15.246500 1.058154 0.243687 15.301530 1.508113 0.246198 15.351340 1.058076 0.244069 15.405720 1.508036 0.237063 15.454640 1.058000 0.226193 15.506740 1.507962 0.209973 15.553260 1.057927 0.190610 15.601520 1.507893 0.165757 15.644180 1.057862 0.138402 15.687180 1.507832 0.105752 15.724620 1.057805 0.071168 15.761120 1.507780 0.031785 15.792130 1.057758 -0.009040 15.821090 1.507739 -0.053899 15.844650 1.057723 -0.099780 15.865270 1.507710 -0.148696 15.880570 1.057701 -0.198272 15.892320 1.507695 -0.249724 15.898800 1.057693 -0.301515 15.901420 1.507693 -0.353915 15.898780 1.057697 -0.406355 15.892280 1.507705 -0.458101 15.880510 1.057716 -0.509592 15.865200 1.507729 -0.559118 15.844550 1.057747 -0.608071 15.820980 1.507767 -0.653900 15.792000 1.057791 -0.698789 15.760970 1.507816 -0.739559 15.724460 1.057845 -0.778974 15.687000 1.507874 -0.813501 15.643990 1.057909 -0.846179 15.601320 1.507942 -0.873473 15.553050 1.057979 -0.898350 15.506520 1.508014 -0.917656 15.454430 1.058054 -0.933895 15.405500 1.508092 -0.944705 15.351110 1.058133 -0.951734 15.301310 1.508170 -0.953801 15.246270 1.058210 -0.951315 15.203940 1.508243 -0.945831 15.143110 1.058287 -0.932654 15.109160 1.508313 -0.922162 15.044770 1.058359 -0.896319 15.019470 1.508378 -0.883428 14.954250 1.058424 -0.843422 14.937260 1.508437 -0.830651 14.874320 1.058481 -0.775578 14.864700 1.508488 -0.765234 14.807430 1.058527 -0.694857 14.803720 1.508530 -0.688910 14.755600 1.058562 -0.603721 14.755940 1.508561 -0.603699 15.143330 1.058232 0.225068 15.109370 1.508259 0.214631 15.044970 1.058308 0.188769 15.019670 1.508327 0.175931 14.954440 1.058378 0.135907 14.937440 1.508391 0.123185 14.874480 1.058441 0.068091 14.864850 1.508449 0.057794 14.807550 1.058495 -0.012605 14.803850 1.508498 -0.018508 14.451370 1.508789 -0.603644 14.451040 1.058789 -0.603664 14.386420 1.058815 -0.112168 14.386760 1.508814 -0.112147 14.326460 1.508861 -0.137113 14.326120 1.058861 -0.137134 14.274680 1.508902 -0.176831 14.274340 1.058902 -0.176852 14.234940 1.508934 -0.228602 14.234600 1.058933 -0.228622 14.209950 1.508955 -0.288892 14.209610 1.058955 -0.288913 14.201420 1.508965 -0.353596 14.201080 1.058964 -0.353617 14.209920 1.508961 -0.418301 14.209590 1.058961 -0.418322 14.234890 1.508945 -0.478603 14.234550 1.058945 -0.478623 14.274610 1.508918 -0.530386 14.274270 1.058918 -0.530408 14.326380 1.508881 -0.570126 14.326040 1.058881 -0.570146 14.386670 1.508837 -0.595111 14.386330 1.058838 -0.595133 15.901530 1.507665 0.246087 15.901310 1.507721 -0.953914 13.601310 1.509441 -0.953483 13.601530 1.509385 0.246516 15.901610 1.907721 -0.953896 15.901830 1.907665 0.246104 13.601610 1.909441 -0.953464 13.601830 1.909384 0.246537 13.135820 1.909764 -0.417513 13.136010 2.159764 -0.417501 13.126720 1.909769 -0.354121 13.126910 2.159768 -0.354110 13.135840 1.909759 -0.290732 13.136030 2.159759 -0.290720 13.162460 1.909736 -0.232484 13.162650 2.159736 -0.232472 13.204410 1.909702 -0.184093 13.204590 2.159702 -0.184081 13.258290 1.909660 -0.149480 13.258480 2.159660 -0.149467 13.319740 1.909614 -0.131446 13.319930 2.159613 -0.131436 13.383780 1.909565 -0.131459 13.383970 2.159565 -0.131446 13.445220 1.909520 -0.149514 13.445410 2.159521 -0.149501 13.499090 1.909482 -0.184148 13.499280 2.159482 -0.184136 13.541020 1.909452 -0.232554 13.541210 2.159453 -0.232545 13.567620 1.909436 -0.290815 13.567800 2.159435 -0.290802 13.576720 1.909432 -0.354206 13.576910 2.159431 -0.354195 13.567590 1.909442 -0.417593 13.567780 2.159441 -0.417582 13.540980 1.909464 -0.475844 13.541160 2.159464 -0.475832 13.499030 1.909498 -0.524235 13.499220 2.159498 -0.524223 13.445150 1.909540 -0.558848 13.445340 2.159540 -0.558838 13.383700 1.909586 -0.576879 13.383880 2.159586 -0.576867 13.319660 1.909635 -0.576866 13.319840 2.159635 -0.576857 13.258210 1.909680 -0.558814 13.258400 2.159680 -0.558802 13.204340 1.909718 -0.524180 13.204530 2.159718 -0.524168 13.162410 1.909748 -0.475773 13.162600 2.159748 -0.475760 15.935820 1.907670 -0.418785 15.936010 2.157670 -0.418773 15.926720 1.907674 -0.355393 15.926910 2.157674 -0.355382 15.935840 1.907664 -0.292006 15.936030 2.157664 -0.291995 15.962460 1.907642 -0.233756 15.962640 2.157642 -0.233745 16.004410 1.907608 -0.185365 16.004590 2.157608 -0.185353 16.058290 1.907566 -0.150750 16.058480 2.157566 -0.150739 16.119740 1.907519 -0.132720 16.119930 2.157519 -0.132709 16.183780 1.907471 -0.132731 16.183970 2.157471 -0.132722 16.245220 1.907427 -0.150786 16.245410 2.157426 -0.150775 16.299090 1.907388 -0.185420 16.299280 2.157388 -0.185409 16.341020 1.907359 -0.233829 16.341210 2.157358 -0.233815 16.367620 1.907342 -0.292087 16.367800 2.157341 -0.292074 16.376720 1.907338 -0.355479 16.376910 2.157338 -0.355467 16.367590 1.907347 -0.418866 16.367780 2.157347 -0.418855 16.340980 1.907370 -0.477116 16.341170 2.157370 -0.477103 16.299030 1.907403 -0.525506 16.299220 2.157403 -0.525497 16.245150 1.907446 -0.560122 16.245330 2.157446 -0.560109 16.183700 1.907492 -0.578153 16.183880 2.157492 -0.578141 16.119660 1.907540 -0.578141 16.119840 2.157540 -0.578128 16.058210 1.907585 -0.560086 16.058400 2.157585 -0.560073 16.004340 1.907623 -0.525451 16.004530 2.157624 -0.525441 15.962410 1.907654 -0.477044 15.962600 2.157653 -0.477035 16.401790 2.157347 -0.956965 16.402020 2.157290 0.246022 16.401610 1.907347 -0.956978 16.401830 1.907290 0.246011 13.101790 2.159816 -0.956346 13.101610 1.909816 -0.956357 13.102020 2.159759 0.246642 13.101830 1.909759 0.246629 15.902020 2.157664 0.246116 15.901790 2.157721 -0.953884 13.601790 2.159441 -0.953451 13.602020 2.159384 0.246549 15.902990 3.757721 -0.953809 15.903210 3.757664 0.246190 13.602990 3.759441 -0.953376 13.603220 3.759384 0.246623 13.001810 1.909838 0.146649 12.998950 -1.925160 0.146468 13.001750 1.909852 -0.153350 12.998890 -1.925146 -0.153533 11.999170 -1.624413 0.146670 12.001590 1.610586 0.146823 11.999110 -1.624399 -0.153329 12.001530 1.610600 -0.153178 12.301760 1.910376 -0.153220 12.301530 1.610376 -0.153234 12.299110 -1.624623 -0.153386 12.298890 -1.924623 -0.153401 12.298940 -1.924637 0.146602 12.299170 -1.624637 0.146613 12.301590 1.610362 0.146767 12.301810 1.910362 0.146779 12.001360 1.300197 0.161935 11.701360 1.300421 0.161992 12.001340 1.310593 -0.003190 11.701340 1.310818 -0.003135 12.001300 1.300213 -0.168319 11.701300 1.300437 -0.168262 12.001240 1.269217 -0.330842 11.701240 1.269442 -0.330787 12.001170 1.218097 -0.488199 11.701180 1.218321 -0.488145 12.001090 1.147658 -0.637910 11.701100 1.147882 -0.637854 12.001000 1.059010 -0.777610 11.701000 1.059235 -0.777555 12.000900 0.953552 -0.905098 11.700900 0.953777 -0.905044 12.000790 0.832947 -1.018365 11.700790 0.833172 -1.018310 12.000670 0.699098 -1.115623 11.700670 0.699322 -1.115566 12.000550 0.554114 -1.195335 11.700550 0.554338 -1.195280 12.000420 0.400283 -1.256251 11.700420 0.400507 -1.256195 12.000290 0.240029 -1.297406 11.700290 0.240253 -1.297349 12.000170 0.075882 -1.318149 11.700170 0.076106 -1.318093 12.000040 -0.089571 -1.318158 11.700040 -0.089346 -1.318101 11.999920 -0.253720 -1.297428 11.699920 -0.253496 -1.297372 11.999810 -0.413977 -1.256290 11.699810 -0.413753 -1.256233 11.999710 -0.567814 -1.195389 11.699710 -0.567590 -1.195333 11.999610 -0.712806 -1.115688 11.699610 -0.712581 -1.115633 11.999530 -0.846665 -1.018445 11.699530 -0.846440 -1.018388 11.999460 -0.967280 -0.905189 11.699460 -0.967055 -0.905134 11.999410 -1.072749 -0.777711 11.699410 -1.072525 -0.777655 11.999370 -1.161410 -0.638019 11.699370 -1.161185 -0.637961 11.999340 -1.231863 -0.488317 11.699340 -1.231639 -0.488259 11.999340 -1.282999 -0.330963 11.699330 -1.282774 -0.330907 11.999340 -1.314009 -0.168443 11.699340 -1.313785 -0.168384 11.999360 -1.324406 -0.003314 11.699370 -1.324182 -0.003261 11.999400 -1.314025 0.161811 11.699400 -1.313800 0.161868 11.999460 -1.283030 0.324334 11.699460 -1.282805 0.324391 11.999520 -1.231909 0.481692 11.699520 -1.231685 0.481748 11.999610 -1.161470 0.631402 11.699610 -1.161246 0.631459 11.999700 -1.072823 0.771102 11.699700 -1.072598 0.771159 11.999800 -0.967365 0.898595 11.699800 -0.967141 0.898648 11.999910 -0.846761 1.011859 11.699910 -0.846536 1.011916 12.000030 -0.712911 1.109115 11.700030 -0.712687 1.109172 12.000150 -0.567927 1.188830 11.700160 -0.567703 1.188888 12.000280 -0.414095 1.249745 11.700280 -0.413871 1.249801 12.000410 -0.253843 1.290898 11.700410 -0.253618 1.290954 12.000540 -0.089695 1.311644 11.700540 -0.089471 1.311698 12.000660 0.075758 1.311650 11.700660 0.075982 1.311707 12.000780 0.239907 1.290921 11.700780 0.240131 1.290978 12.000890 0.400164 1.249783 11.700890 0.400388 1.249839 12.001000 0.554001 1.188884 11.700990 0.554226 1.188939 12.001090 0.698992 1.109183 11.701090 0.699217 1.109239 12.001170 0.832852 1.011937 11.701170 0.833076 1.011992 12.001240 0.953466 0.898683 11.701240 0.953691 0.898740 12.001290 1.058937 0.771205 11.701290 1.059161 0.771260 12.001330 1.147598 0.631511 11.701330 1.147822 0.631568 12.001360 1.218051 0.481809 11.701360 1.218276 0.481864 12.001370 1.269186 0.324456 11.701370 1.269410 0.324513 11.698990 -1.624144 -0.803273 11.698800 -1.624095 -1.820774 11.998990 -1.624368 -0.803329 11.998800 -1.624320 -1.820829 11.698770 -1.924144 -0.803286 11.998770 -1.924368 -0.803343 11.699070 -1.924219 0.796712 11.999070 -1.924443 0.796657 11.699290 -1.624219 0.796727 11.999290 -1.624444 0.796668 11.699350 -1.624234 1.114228 11.999350 -1.624459 1.114171 12.000010 -0.924492 1.814202 11.700010 -0.924268 1.814261 11.999920 -1.033996 1.805581 11.699920 -1.033771 1.805636 11.699840 -1.140578 1.779990 11.999840 -1.140802 1.779933 11.699750 -1.242057 1.737950 11.999750 -1.242281 1.737893 11.699670 -1.335711 1.680552 11.999670 -1.335936 1.680497 11.699600 -1.419232 1.609212 11.999600 -1.419457 1.609155 11.699530 -1.490565 1.525683 11.999530 -1.490790 1.525626 11.699470 -1.547954 1.432023 11.999470 -1.548178 1.431968 11.699420 -1.589984 1.330541 11.999420 -1.590209 1.330483 11.699380 -1.615622 1.223733 11.999380 -1.615846 1.223676 11.701380 0.910731 1.814345 12.001380 0.910507 1.814290 12.001770 1.610540 1.114322 11.701770 1.610764 1.114379 12.001790 1.601917 1.223826 11.701790 1.602141 1.223882 11.701780 1.576494 1.330689 12.001790 1.576270 1.330632 11.701770 1.534454 1.432168 12.001770 1.534230 1.432113 11.701750 1.477057 1.525823 12.001750 1.476832 1.525765 11.701710 1.405716 1.609345 12.001710 1.405492 1.609286 11.701660 1.322188 1.680676 12.001660 1.321963 1.680621 11.701600 1.228529 1.738065 12.001600 1.228304 1.738009 11.701530 1.127045 1.780095 12.001530 1.126821 1.780040 11.701460 1.020236 1.805732 12.001460 1.020012 1.805674 11.701710 1.610779 0.796878 12.001710 1.610555 0.796824 11.701930 1.910780 0.796895 12.001940 1.910556 0.796836 11.701640 1.910855 -0.803105 12.001640 1.910631 -0.803162 11.701410 1.610855 -0.803119 12.001410 1.610631 -0.803177 11.701220 1.610904 -1.820620 12.001220 1.610679 -1.820677 15.901610 1.607665 0.246089 13.601610 1.609385 0.246524 13.601380 1.609441 -0.953477 13.601610 1.909441 -0.953463 15.901380 1.607722 -0.953910 12.001710 1.610556 0.796824 13.001530 1.609853 -0.153367 13.001590 1.609838 0.146636 13.409150 1.909551 -0.214847 13.408920 1.609551 -0.214860 13.351750 1.909593 -0.203416 13.351520 1.609593 -0.203431 13.294340 1.909637 -0.214826 13.294120 1.609636 -0.214839 13.245670 1.909675 -0.247331 13.245450 1.609674 -0.247346 13.213150 1.909701 -0.295988 13.212920 1.609701 -0.296002 13.201720 1.909712 -0.353389 13.201500 1.609712 -0.353402 13.213130 1.909706 -0.410793 13.212900 1.609707 -0.410807 13.245630 1.909685 -0.459462 13.245410 1.609684 -0.459478 13.294290 1.909649 -0.491987 13.294070 1.609649 -0.492000 13.351690 1.909607 -0.503415 13.351470 1.609607 -0.503430 13.409100 1.909564 -0.492008 13.408870 1.609564 -0.492024 13.457770 1.909526 -0.459502 13.457540 1.609526 -0.459516 13.490290 1.909499 -0.410846 13.490070 1.609499 -0.410859 13.501720 1.909488 -0.353444 13.501500 1.609488 -0.353459 13.490310 1.909493 -0.296041 13.490090 1.609493 -0.296053 13.457810 1.909515 -0.247369 13.457580 1.609515 -0.247384 16.209150 1.907457 -0.215371 16.208920 1.607457 -0.215386 16.151750 1.907498 -0.203940 16.151520 1.607499 -0.203956 16.094340 1.907542 -0.215348 16.094120 1.607542 -0.215365 16.045670 1.907580 -0.247855 16.045450 1.607580 -0.247870 16.013150 1.907607 -0.296514 16.012920 1.607607 -0.296527 16.001720 1.907618 -0.353915 16.001490 1.607618 -0.353929 16.013130 1.907612 -0.411320 16.012900 1.607612 -0.411333 16.045630 1.907591 -0.459989 16.045410 1.607591 -0.460004 16.094290 1.907555 -0.492513 16.094070 1.607555 -0.492527 16.151690 1.907513 -0.503942 16.151470 1.607513 -0.503957 16.209100 1.907469 -0.492534 16.208870 1.607470 -0.492548 16.257770 1.907432 -0.460029 16.257540 1.607431 -0.460042 16.290290 1.907405 -0.411372 16.290060 1.607405 -0.411386 16.301720 1.907393 -0.353971 16.301500 1.607394 -0.353984 16.290310 1.907399 -0.296566 16.290090 1.607399 -0.296579 16.257800 1.907421 -0.247895 16.257580 1.607421 -0.247911 16.551220 1.607276 -1.821531 11.351220 1.611166 -1.820556 16.551440 1.907276 -1.821519 11.351440 1.911166 -1.820540 17.051540 1.906878 -1.321611 17.051310 1.606878 -1.321626 17.038980 1.906893 -1.432870 17.038760 1.606894 -1.432883 17.001980 1.906926 -1.538544 17.001760 1.606925 -1.538558 16.942390 1.906975 -1.633335 16.942170 1.606975 -1.633349 16.863210 1.907038 -1.712492 16.862990 1.607038 -1.712504 16.768400 1.907112 -1.772042 16.768170 1.607111 -1.772056 16.662710 1.907192 -1.809001 16.662480 1.607192 -1.809015 17.051680 1.606787 0.613374 17.051900 1.906787 0.613389 16.551990 1.907137 1.113482 16.551770 1.607138 1.113467 16.663250 1.907055 1.100926 16.663030 1.607054 1.100911 16.768930 1.906978 1.063926 16.768700 1.606977 1.063912 16.863720 1.906909 1.004342 16.863500 1.606909 1.004325 16.942870 1.906854 0.925155 16.942650 1.606854 0.925139 17.002420 1.906814 0.830340 17.002200 1.606813 0.830323 17.039390 1.906791 0.724652 17.039160 1.606791 0.724637 11.351770 1.611027 1.114446 11.352000 1.911026 1.114459 12.999110 -1.625146 -0.153518 12.999170 -1.625160 0.146481 15.376370 -1.626926 -0.116200 15.376150 -1.926927 -0.116212 15.299120 -1.626869 -0.103950 15.298900 -1.926869 -0.103963 15.221860 -1.626811 -0.116172 15.221640 -1.926811 -0.116183 15.152170 -1.626757 -0.151668 15.151940 -1.926757 -0.151681 15.096850 -1.626714 -0.206964 15.096620 -1.926713 -0.206979 15.061320 -1.626683 -0.276652 15.061100 -1.926683 -0.276664 15.049070 -1.626670 -0.353902 15.048850 -1.926671 -0.353916 15.061300 -1.626676 -0.431157 15.061070 -1.926676 -0.431173 15.096790 -1.626699 -0.500857 15.096570 -1.926700 -0.500872 15.152090 -1.626738 -0.556176 15.151870 -1.926738 -0.556191 15.221780 -1.626789 -0.591699 15.221550 -1.926788 -0.591713 15.299030 -1.626845 -0.603950 15.298800 -1.926846 -0.603964 15.376290 -1.626904 -0.591727 15.376060 -1.926905 -0.591742 15.445980 -1.626958 -0.556232 15.445760 -1.926957 -0.556245 15.501300 -1.627002 -0.500933 15.501080 -1.927002 -0.500947 15.536820 -1.627032 -0.431247 15.536600 -1.927031 -0.431263 15.549070 -1.627045 -0.353997 15.548850 -1.927044 -0.354011 15.536850 -1.627039 -0.276740 15.536630 -1.927038 -0.276754 15.501360 -1.627016 -0.207042 15.501130 -1.927015 -0.207055 15.446060 -1.626977 -0.151723 15.445830 -1.926976 -0.151738 15.707820 -1.627232 1.103866 15.801610 -1.627301 1.075396 15.610280 -1.627160 1.113492 15.888050 -1.627363 1.029176 15.963800 -1.627417 0.966979 16.025970 -1.627460 0.891200 16.072160 -1.627490 0.804747 16.100590 -1.627507 0.710946 16.110180 -1.627510 0.613397 15.225430 -1.626813 -0.115043 16.109820 -1.627418 -1.321601 15.548380 -1.627045 -0.335315 15.531810 -1.627036 -0.262658 15.494560 -1.627011 -0.198113 16.100190 -1.627407 -1.419145 15.609720 -1.627021 -1.821507 15.261770 -1.626818 -0.601150 15.336290 -1.626873 -0.601163 16.071720 -1.627380 -1.512937 16.025500 -1.627342 -1.599371 15.963300 -1.627292 -1.675127 15.887530 -1.627232 -1.737294 15.801070 -1.627165 -1.783484 15.707270 -1.627094 -1.811918 11.348800 -1.623834 -1.820707 15.190560 -1.626766 -0.579171 11.349350 -1.623973 1.114293 15.158280 -1.626761 -0.147363 15.103650 -1.626718 -0.198039 15.066370 -1.626688 -0.262570 15.049780 -1.626672 -0.335219 15.055330 -1.626672 -0.409536 15.082540 -1.626690 -0.478911 15.129000 -1.626721 -0.537182 15.407500 -1.626928 -0.579210 15.469080 -1.626976 -0.537245 15.515560 -1.627013 -0.478990 15.542790 -1.627037 -0.409625 15.439940 -1.626973 -0.147416 15.372810 -1.626924 -0.115071 15.610050 -1.927159 1.113477 11.349130 -1.923972 1.114280 15.609500 -1.927020 -1.821523 11.348580 -1.923834 -1.820722 16.109960 -1.927509 0.613383 16.109600 -1.927418 -1.321616 15.372590 -1.926924 -0.115085 15.225210 -1.926813 -0.115056 15.158060 -1.926762 -0.147376 15.103420 -1.926718 -0.198056 15.066150 -1.926687 -0.262586 15.049550 -1.926672 -0.335235 15.055110 -1.926672 -0.409548 15.082320 -1.926690 -0.478923 15.128770 -1.926722 -0.537196 15.190340 -1.926765 -0.579184 15.261540 -1.926819 -0.601165 15.336070 -1.926874 -0.601179 15.407280 -1.926928 -0.579227 15.468860 -1.926975 -0.537258 15.515330 -1.927013 -0.479004 15.542570 -1.927037 -0.409639 15.548150 -1.927045 -0.335327 15.531590 -1.927035 -0.262671 15.494340 -1.927011 -0.198129 15.439720 -1.926972 -0.147431 16.100370 -1.927507 0.710931 16.071930 -1.927490 0.804732 16.025750 -1.927460 0.891185 15.963580 -1.927417 0.966964 15.887820 -1.927363 1.029160 15.801390 -1.927301 1.075381 15.707590 -1.927232 1.103852 15.707050 -1.927093 -1.811934 15.800850 -1.927165 -1.783499 15.887300 -1.927233 -1.737310 15.963080 -1.927292 -1.675142 16.025280 -1.927341 -1.599384 16.071500 -1.927381 -1.512950 16.099970 -1.927406 -1.419158 15.434730 0.608039 -0.286402 15.546790 0.607950 -0.182195 15.555140 0.607944 -0.194848 15.562880 0.607938 -0.207973 15.569950 0.607934 -0.221471 15.576300 0.607930 -0.235234 15.429590 0.608042 -0.277068 15.423770 0.608045 -0.268020 15.417290 0.608050 -0.259429 15.410300 0.608055 -0.251384 15.507200 0.607977 -0.136182 15.517930 0.607969 -0.146894 15.528150 0.607962 -0.158193 15.537800 0.607956 -0.169990 15.402740 0.608060 -0.243877 15.394590 0.608066 -0.236857 15.385970 0.608071 -0.230418 15.377000 0.608078 -0.224670 15.459160 0.608011 -0.099076 15.471820 0.608002 -0.107413 15.484110 0.607993 -0.116420 15.495940 0.607985 -0.126035 15.404630 0.608051 -0.072404 15.418710 0.608040 -0.078019 15.432570 0.608030 -0.084371 15.446080 0.608020 -0.091405 15.367630 0.608085 -0.219596 15.357830 0.608092 -0.215156 15.347740 0.608100 -0.211410 15.337520 0.608107 -0.208421 15.345850 0.608094 -0.057256 15.360770 0.608083 -0.059918 15.375620 0.608072 -0.063352 15.390280 0.608061 -0.067523 15.327100 0.608115 -0.206189 15.316440 0.608123 -0.204690 15.305710 0.608131 -0.203939 15.295060 0.608139 -0.203954 15.285220 0.608139 -0.054246 15.300380 0.608128 -0.053851 15.315610 0.608116 -0.054225 15.330810 0.608106 -0.055362 15.225230 0.608184 -0.063502 15.240000 0.608174 -0.060065 15.255000 0.608162 -0.057365 15.270110 0.608151 -0.055419 15.284430 0.608147 -0.204747 15.273790 0.608155 -0.206311 15.263270 0.608163 -0.208613 15.253060 0.608171 -0.211625 15.168330 0.608228 -0.084647 15.182110 0.608218 -0.078307 15.196250 0.608206 -0.072644 15.210660 0.608195 -0.067697 15.243090 0.608178 -0.215383 15.233310 0.608186 -0.219882 15.223870 0.608194 -0.225053 15.214920 0.608200 -0.230823 15.116860 0.608267 -0.116813 15.129070 0.608258 -0.107831 15.141790 0.608248 -0.099433 15.154910 0.608239 -0.091685 15.206410 0.608207 -0.237235 15.198300 0.608213 -0.244306 15.190700 0.608219 -0.251927 15.183740 0.608224 -0.259985 15.072910 0.608303 -0.158681 15.083060 0.608295 -0.147426 15.093830 0.608287 -0.136642 15.105120 0.608277 -0.126409 15.038280 0.608331 -0.208539 15.045960 0.608325 -0.195470 15.054340 0.608318 -0.182740 15.063340 0.608311 -0.170445 15.177390 0.608230 -0.268534 15.171590 0.608235 -0.277604 15.166450 0.608238 -0.287058 15.162040 0.608242 -0.296753 15.014410 0.608351 -0.264347 15.019300 0.608348 -0.250001 15.024940 0.608342 -0.235843 15.031280 0.608337 -0.221988 15.158350 0.608246 -0.306746 15.155340 0.608249 -0.317081 15.153070 0.608251 -0.327600 15.151570 0.608253 -0.338144 15.002250 0.608363 -0.323819 15.004160 0.608361 -0.308779 15.006830 0.608359 -0.293779 15.010260 0.608355 -0.278930 15.002320 0.608366 -0.384520 15.001160 0.608367 -0.369405 15.000760 0.608366 -0.354171 15.001130 0.608365 -0.338937 15.150850 0.608253 -0.348772 15.150880 0.608254 -0.359535 15.151660 0.608254 -0.370268 15.153190 0.608253 -0.380808 15.014600 0.608360 -0.443966 15.010420 0.608363 -0.429394 15.006970 0.608365 -0.414553 15.004260 0.608366 -0.399555 15.155490 0.608252 -0.391210 15.158550 0.608250 -0.401526 15.162330 0.608248 -0.411604 15.166760 0.608245 -0.421290 15.038600 0.608345 -0.499722 15.031570 0.608349 -0.486290 15.025200 0.608353 -0.472448 15.019530 0.608357 -0.458304 15.171900 0.608241 -0.430618 15.177740 0.608237 -0.439654 15.184210 0.608233 -0.448260 15.191190 0.608228 -0.456303 15.073330 0.608321 -0.549503 15.063740 0.608327 -0.537761 15.054720 0.608334 -0.525486 15.046310 0.608339 -0.512774 15.117370 0.608290 -0.591277 15.105620 0.608298 -0.581705 15.094300 0.608307 -0.571499 15.083510 0.608314 -0.560737 15.198750 0.608223 -0.463809 15.206900 0.608217 -0.470834 15.215530 0.608211 -0.477267 15.224500 0.608205 -0.483018 15.168920 0.608253 -0.623329 15.155480 0.608263 -0.616322 15.142340 0.608272 -0.608600 15.129610 0.608281 -0.600231 15.233860 0.608198 -0.488092 15.243660 0.608191 -0.492532 15.253750 0.608184 -0.496277 15.263980 0.608176 -0.499268 15.225870 0.608212 -0.644350 15.211290 0.608222 -0.640189 15.196860 0.608233 -0.635271 15.182710 0.608243 -0.629639 15.285880 0.608167 -0.653477 15.270760 0.608178 -0.652335 15.255640 0.608189 -0.650423 15.240640 0.608200 -0.647755 15.274390 0.608168 -0.501498 15.285050 0.608161 -0.502998 15.295790 0.608152 -0.503749 15.306440 0.608144 -0.503737 15.346500 0.608121 -0.650334 15.331460 0.608133 -0.652260 15.316270 0.608143 -0.653430 15.301030 0.608156 -0.653838 15.317060 0.608137 -0.502942 15.327710 0.608128 -0.501377 15.338220 0.608121 -0.499074 15.348430 0.608113 -0.496061 15.405240 0.608077 -0.635056 15.390900 0.608087 -0.639969 15.376250 0.608099 -0.644173 15.361420 0.608110 -0.647637 15.459710 0.608034 -0.608265 15.446660 0.608044 -0.615962 15.433150 0.608055 -0.623030 15.419310 0.608067 -0.629413 15.358400 0.608105 -0.492306 15.368180 0.608098 -0.487806 15.377610 0.608090 -0.482635 15.386570 0.608083 -0.476864 15.507670 0.607997 -0.571056 15.496430 0.608006 -0.581226 15.484630 0.608015 -0.590867 15.472360 0.608025 -0.599902 15.395080 0.608077 -0.470453 15.403190 0.608070 -0.463382 15.410790 0.608064 -0.455761 15.417750 0.608059 -0.447702 15.547160 0.607965 -0.524956 15.538200 0.607973 -0.537181 15.528580 0.607980 -0.549000 15.518380 0.607988 -0.560322 15.424110 0.608053 -0.439153 15.429900 0.608049 -0.430083 15.435050 0.608044 -0.420631 15.439460 0.608040 -0.410936 15.576560 0.607941 -0.471850 15.570240 0.607946 -0.485629 15.563200 0.607952 -0.499143 15.555490 0.607958 -0.512285 15.594670 0.607925 -0.413913 15.591250 0.607927 -0.428683 15.587080 0.607932 -0.443337 15.582160 0.607936 -0.457763 15.443150 0.608037 -0.400943 15.446150 0.608035 -0.390610 15.448420 0.608033 -0.380090 15.449920 0.608031 -0.369544 15.600750 0.607917 -0.353517 15.600370 0.607918 -0.368672 15.599230 0.607920 -0.383868 15.597320 0.607922 -0.398987 15.450650 0.608030 -0.358915 15.450610 0.608030 -0.348154 15.449830 0.608030 -0.337423 15.448300 0.608030 -0.326879 15.594540 0.607919 -0.293134 15.597220 0.607917 -0.308053 15.599160 0.607917 -0.323168 15.600340 0.607917 -0.338364 15.581940 0.607926 -0.249311 15.586880 0.607923 -0.263726 15.591090 0.607921 -0.278372 15.446000 0.608031 -0.316478 15.442940 0.608033 -0.306162 15.439170 0.608035 -0.296085 14.928840 0.608395 0.179246 14.919890 0.608402 0.173478 14.919830 0.533404 0.173472 14.910450 0.608409 0.168305 14.910340 0.458408 0.168300 14.900670 0.608416 0.163806 14.900500 0.383413 0.163794 14.890700 0.608424 0.160048 14.890480 0.308424 0.160037 14.900450 0.308417 0.163789 14.910220 0.308409 0.168292 14.919660 0.308402 0.173463 14.928620 0.308395 0.179232 14.960020 0.608370 0.208409 14.953060 0.608376 0.200351 14.953000 0.533378 0.200345 14.945460 0.608382 0.192729 14.945350 0.458381 0.192723 14.937350 0.608388 0.185658 14.937180 0.383385 0.185647 14.937120 0.308388 0.185643 14.945230 0.308382 0.192715 14.952830 0.308376 0.200337 14.959800 0.308370 0.208394 14.981730 0.608352 0.245175 14.977310 0.608356 0.235480 14.977260 0.533358 0.235476 14.972170 0.608359 0.226029 14.972060 0.458360 0.226020 14.966380 0.608365 0.216956 14.966210 0.383362 0.216946 14.966150 0.308365 0.216943 14.971940 0.308360 0.226016 14.977090 0.308355 0.235465 14.981500 0.308352 0.245162 14.992190 0.608342 0.286567 14.990690 0.608344 0.276023 14.990630 0.533347 0.276019 14.988420 0.608346 0.265504 14.988300 0.458346 0.265496 14.985410 0.608349 0.255166 14.985250 0.383346 0.255158 14.985190 0.308349 0.255153 14.988190 0.308346 0.265489 14.990460 0.308344 0.276008 14.991970 0.308342 0.286553 14.990570 0.608341 0.329230 14.992100 0.608341 0.318688 14.992040 0.533343 0.318686 14.992880 0.608341 0.307956 14.992770 0.458341 0.307950 14.992910 0.608341 0.297196 14.992750 0.383338 0.297185 14.992690 0.308341 0.297181 14.992660 0.308341 0.307942 14.991880 0.308341 0.318675 14.990350 0.308342 0.329219 14.977000 0.608349 0.369710 14.981440 0.608347 0.360026 14.981380 0.533349 0.360021 14.985210 0.608344 0.349950 14.985100 0.458344 0.349942 14.988270 0.608343 0.339631 14.988110 0.383340 0.339623 14.988050 0.308343 0.339620 14.984990 0.308345 0.349934 14.981210 0.308347 0.360011 14.976770 0.308349 0.369697 14.952570 0.608366 0.404725 14.959550 0.608361 0.396684 14.959500 0.533364 0.396682 14.966020 0.608357 0.388078 14.965900 0.458357 0.388072 14.971860 0.608353 0.379043 14.971690 0.383351 0.379031 14.971640 0.308354 0.379029 14.965790 0.308357 0.388064 14.959330 0.308361 0.396670 14.952340 0.308366 0.404714 14.919260 0.608390 0.431439 14.928230 0.608383 0.425692 14.928180 0.533386 0.425689 14.936860 0.608377 0.419255 14.936750 0.458377 0.419249 14.945010 0.608371 0.412234 14.944840 0.383368 0.412223 14.944790 0.308371 0.412219 14.936640 0.308377 0.419242 14.928010 0.308384 0.425677 14.919040 0.308390 0.431428 14.879790 0.608419 0.447690 14.890010 0.608411 0.444701 14.889950 0.533414 0.444697 14.900100 0.608404 0.440957 14.899990 0.458404 0.440949 14.909900 0.608397 0.436515 14.909730 0.383394 0.436505 14.909680 0.308397 0.436500 14.899870 0.308404 0.440940 14.889780 0.308411 0.444688 14.879560 0.308418 0.447675 14.837320 0.608450 0.452159 14.847980 0.608442 0.452174 14.847920 0.533445 0.452168 14.858710 0.608435 0.451419 14.858600 0.458435 0.451413 14.869370 0.608426 0.449922 14.869200 0.383424 0.449910 14.869140 0.308427 0.449906 14.858490 0.308435 0.451407 14.847750 0.308442 0.452157 14.837100 0.308450 0.452145 14.795330 0.608482 0.444484 14.805540 0.608474 0.447499 14.805490 0.533477 0.447493 14.816060 0.608466 0.449801 14.815940 0.458466 0.449792 14.826700 0.608458 0.451365 14.826530 0.383456 0.451354 14.826480 0.308458 0.451350 14.815830 0.308467 0.449788 14.805320 0.308474 0.447484 14.795100 0.308482 0.444470 14.757190 0.608512 0.425288 14.766150 0.608504 0.431058 14.766090 0.533507 0.431054 14.775580 0.608497 0.436231 14.775470 0.458497 0.436221 14.785360 0.608490 0.440728 14.785190 0.383487 0.440719 14.785140 0.308489 0.440715 14.775360 0.308497 0.436213 14.765920 0.308504 0.431043 14.756970 0.308511 0.425275 14.726010 0.608536 0.396125 14.732970 0.608530 0.404183 14.732920 0.533533 0.404181 14.740570 0.608524 0.411805 14.740460 0.458524 0.411797 14.748680 0.608518 0.418876 14.748520 0.383515 0.418866 14.748460 0.308518 0.418860 14.740350 0.308524 0.411790 14.732750 0.308531 0.404170 14.725780 0.308536 0.396111 14.704300 0.608554 0.359359 14.708720 0.608551 0.369054 14.708660 0.533554 0.369050 14.713860 0.608546 0.378507 14.713750 0.458546 0.378499 14.719650 0.608542 0.387576 14.719480 0.383538 0.387566 14.719430 0.308541 0.387565 14.713640 0.308546 0.378493 14.708490 0.308550 0.369038 14.704080 0.308554 0.359343 14.693840 0.608564 0.317965 14.695340 0.608562 0.328513 14.695290 0.533565 0.328509 14.697610 0.608559 0.339032 14.697500 0.458561 0.339024 14.700610 0.608557 0.349364 14.700450 0.383555 0.349355 14.700390 0.308558 0.349353 14.697390 0.308561 0.339015 14.695120 0.308562 0.328498 14.693610 0.308564 0.317954 14.695460 0.608565 0.275302 14.693930 0.608565 0.285844 14.693870 0.533568 0.285842 14.693150 0.608566 0.296576 14.693030 0.458565 0.296571 14.693120 0.608565 0.307340 14.692950 0.383562 0.307328 14.692890 0.308565 0.307326 14.692920 0.308566 0.296563 14.693710 0.308566 0.285832 14.695230 0.308565 0.275288 14.709030 0.608556 0.234822 14.704600 0.608559 0.244508 14.704540 0.533562 0.244506 14.700820 0.608561 0.254588 14.700710 0.458562 0.254579 14.697760 0.608564 0.264901 14.697590 0.383560 0.264892 14.697530 0.308564 0.264886 14.700600 0.308562 0.254571 14.704370 0.308559 0.244492 14.708810 0.308557 0.234811 14.733460 0.608540 0.199807 14.726470 0.608544 0.207852 14.726420 0.533548 0.207846 14.720010 0.608549 0.216456 14.719900 0.458550 0.216447 14.714170 0.608554 0.225491 14.714000 0.383550 0.225480 14.713950 0.308553 0.225480 14.719790 0.308550 0.216443 14.726250 0.308544 0.207835 14.733240 0.308540 0.199794 14.766760 0.608516 0.173093 14.757800 0.608523 0.178841 14.757740 0.533526 0.178838 14.749170 0.608529 0.185277 14.749060 0.458529 0.185271 14.741020 0.608534 0.192302 14.740850 0.383532 0.192290 14.740790 0.308535 0.192286 14.748950 0.308528 0.185265 14.757570 0.308523 0.178828 14.766540 0.308516 0.173079 14.806250 0.608487 0.156844 14.796020 0.608495 0.159835 14.795960 0.533497 0.159829 14.785930 0.608503 0.163579 14.785820 0.458502 0.163571 14.776130 0.608509 0.168017 14.775960 0.383507 0.168012 14.775910 0.308509 0.168006 14.785710 0.308503 0.163564 14.795800 0.308495 0.159819 14.806020 0.308487 0.156833 14.848710 0.608456 0.152375 14.838050 0.608464 0.152364 14.838000 0.533466 0.152360 14.827320 0.608472 0.153113 14.827200 0.458472 0.153107 14.816660 0.608480 0.154614 14.816490 0.383477 0.154603 14.816440 0.308480 0.154597 14.827090 0.308472 0.153100 14.837830 0.308463 0.152346 14.848480 0.308456 0.152362 14.880490 0.608431 0.157039 14.880430 0.533435 0.157033 14.869980 0.608440 0.154734 14.869860 0.458440 0.154727 14.859330 0.608448 0.153170 14.859160 0.383445 0.153159 14.859100 0.308447 0.153155 14.869750 0.308440 0.154719 14.880260 0.308431 0.157023 15.844300 0.607772 -1.132976 15.835350 0.607778 -1.138744 15.835290 0.532782 -1.138750 15.825910 0.607786 -1.143916 15.825800 0.457787 -1.143925 15.816130 0.607793 -1.148417 15.815970 0.382791 -1.148427 15.806170 0.607801 -1.152172 15.805940 0.307801 -1.152185 15.815910 0.307794 -1.148432 15.825690 0.307786 -1.143930 15.835120 0.307779 -1.138761 15.844080 0.307772 -1.132990 15.875480 0.607747 -1.103813 15.868520 0.607752 -1.111871 15.868460 0.532756 -1.111877 15.860920 0.607758 -1.119494 15.860810 0.457759 -1.119500 15.852810 0.607765 -1.126565 15.852640 0.382762 -1.126575 15.852580 0.307765 -1.126579 15.860700 0.307758 -1.119507 15.868300 0.307752 -1.111887 15.875260 0.307748 -1.103827 15.897190 0.607729 -1.067047 15.892770 0.607733 -1.076742 15.892720 0.532735 -1.076744 15.887630 0.607737 -1.086193 15.887520 0.457738 -1.086201 15.881840 0.607742 -1.095265 15.881670 0.382740 -1.095276 15.881620 0.307742 -1.095278 15.887410 0.307737 -1.086208 15.892550 0.307733 -1.076756 15.896960 0.307729 -1.067060 15.907650 0.607719 -1.025656 15.906150 0.607721 -1.036200 15.906090 0.532724 -1.036204 15.903880 0.607723 -1.046720 15.903770 0.457723 -1.046725 15.900880 0.607726 -1.057055 15.900710 0.382723 -1.057065 15.900650 0.307726 -1.057068 15.903660 0.307723 -1.046732 15.905930 0.307722 -1.036216 15.907430 0.307719 -1.025669 15.906030 0.607718 -0.982990 15.907560 0.607718 -0.993533 15.907510 0.532721 -0.993535 15.908340 0.607718 -1.004266 15.908240 0.457717 -1.004273 15.908380 0.607719 -1.015027 15.908210 0.382716 -1.015039 15.908150 0.307719 -1.015042 15.908120 0.307718 -1.004280 15.907340 0.307717 -0.993546 15.905810 0.307718 -0.983005 15.892460 0.607727 -0.942514 15.896900 0.607724 -0.952196 15.896840 0.532726 -0.952199 15.900670 0.607722 -0.962272 15.900560 0.457722 -0.962281 15.903740 0.607720 -0.972590 15.903570 0.382717 -0.972601 15.903510 0.307720 -0.972604 15.900450 0.307722 -0.962288 15.896670 0.307724 -0.952210 15.892240 0.307727 -0.942526 15.868030 0.607743 -0.907496 15.875020 0.607738 -0.915539 15.874960 0.532741 -0.915543 15.881480 0.607734 -0.924145 15.881370 0.457734 -0.924152 15.887320 0.607730 -0.933180 15.887160 0.382728 -0.933190 15.887100 0.307730 -0.933195 15.881250 0.307734 -0.924157 15.874790 0.307739 -0.915553 15.867810 0.307743 -0.907511 15.834730 0.607767 -0.880782 15.843700 0.607761 -0.886530 15.843640 0.532764 -0.886535 15.852320 0.607754 -0.892968 15.852210 0.457754 -0.892972 15.860480 0.607749 -0.899989 15.860310 0.382746 -0.900000 15.860250 0.307749 -0.900002 15.852100 0.307755 -0.892982 15.843470 0.307761 -0.886545 15.834500 0.307767 -0.880796 15.795250 0.607795 -0.864533 15.805470 0.607788 -0.867520 15.805410 0.532791 -0.867524 15.815560 0.607781 -0.871267 15.815450 0.457781 -0.871274 15.825360 0.607773 -0.875708 15.825200 0.382771 -0.875716 15.825140 0.307774 -0.875722 15.815340 0.307781 -0.871282 15.805250 0.307789 -0.867537 15.795020 0.307796 -0.864546 15.752790 0.607827 -0.860064 15.763440 0.607819 -0.860051 15.763380 0.532822 -0.860053 15.774180 0.607811 -0.860802 15.774060 0.457811 -0.860809 15.784830 0.607804 -0.862301 15.784660 0.382801 -0.862312 15.784610 0.307804 -0.862315 15.773950 0.307811 -0.860815 15.763220 0.307820 -0.860065 15.752560 0.307828 -0.860077 15.710790 0.607859 -0.867738 15.721010 0.607851 -0.864724 15.720950 0.532854 -0.864729 15.731520 0.607843 -0.862420 15.731410 0.457844 -0.862429 15.742160 0.607835 -0.860859 15.742000 0.382833 -0.860869 15.741940 0.307836 -0.860873 15.731290 0.307843 -0.862436 15.720780 0.307851 -0.864740 15.710560 0.307859 -0.867753 15.672650 0.607888 -0.886933 15.681610 0.607882 -0.881165 15.681550 0.532884 -0.881168 15.691050 0.607875 -0.875994 15.690930 0.457874 -0.876001 15.700820 0.607866 -0.871493 15.700650 0.382864 -0.871505 15.700600 0.307867 -0.871508 15.690820 0.307875 -0.876007 15.681380 0.307882 -0.881178 15.672430 0.307889 -0.886949 15.641470 0.607914 -0.916098 15.648440 0.607907 -0.908038 15.648380 0.532910 -0.908041 15.656030 0.607902 -0.900418 15.655920 0.457902 -0.900425 15.664150 0.607895 -0.893346 15.663980 0.382893 -0.893356 15.663920 0.307895 -0.893360 15.655810 0.307902 -0.900432 15.648210 0.307908 -0.908054 15.641240 0.307913 -0.916112 15.619770 0.607931 -0.952863 15.624180 0.607927 -0.943171 15.624120 0.532930 -0.943172 15.629330 0.607923 -0.933715 15.629210 0.457924 -0.933724 15.635110 0.607918 -0.924646 15.634950 0.382916 -0.924656 15.634890 0.307919 -0.924661 15.629100 0.307923 -0.933730 15.623960 0.307927 -0.943184 15.619540 0.307932 -0.952878 15.609300 0.607941 -0.994256 15.610800 0.607939 -0.983710 15.610750 0.532942 -0.983713 15.613080 0.607937 -0.973192 15.612960 0.457937 -0.973197 15.616080 0.607935 -0.962857 15.615910 0.382932 -0.962866 15.615850 0.307935 -0.962871 15.612850 0.307937 -0.973207 15.610580 0.307940 -0.983725 15.609080 0.307941 -0.994269 15.610920 0.607942 -1.036920 15.609390 0.607942 -1.026380 15.609340 0.532946 -1.026382 15.608610 0.607942 -1.015645 15.608500 0.457943 -1.015651 15.608580 0.607942 -1.004882 15.608410 0.382939 -1.004894 15.608350 0.307943 -1.004898 15.608380 0.307942 -1.015659 15.609170 0.307943 -1.026392 15.610700 0.307942 -1.036932 15.624500 0.607933 -1.077399 15.620060 0.607937 -1.067716 15.620000 0.532940 -1.067719 15.616280 0.607939 -1.057637 15.616170 0.457939 -1.057643 15.613220 0.607941 -1.047321 15.613050 0.382938 -1.047330 15.613000 0.307941 -1.047335 15.616060 0.307939 -1.057652 15.619830 0.307937 -1.067729 15.624270 0.307933 -1.077413 15.648920 0.607917 -1.112414 15.641940 0.607922 -1.104372 15.641880 0.532925 -1.104376 15.635470 0.607927 -1.095765 15.635360 0.457926 -1.095774 15.629630 0.607930 -1.086730 15.629460 0.382928 -1.086742 15.629410 0.307930 -1.086743 15.635250 0.307926 -1.095780 15.641710 0.307922 -1.104386 15.648700 0.307917 -1.112427 15.682230 0.607893 -1.139128 15.673260 0.607900 -1.133380 15.673200 0.532902 -1.133385 15.664630 0.607906 -1.126944 15.664520 0.457906 -1.126951 15.656480 0.607911 -1.119921 15.656310 0.382908 -1.119931 15.656250 0.307912 -1.119937 15.664410 0.307906 -1.126959 15.673030 0.307900 -1.133395 15.682000 0.307893 -1.139143 15.721710 0.607865 -1.155379 15.711480 0.607872 -1.152389 15.711430 0.532875 -1.152394 15.701390 0.607879 -1.148644 15.701280 0.457880 -1.148653 15.691590 0.607886 -1.144203 15.691430 0.382883 -1.144214 15.691370 0.307887 -1.144217 15.701170 0.307879 -1.148657 15.711260 0.307872 -1.152404 15.721480 0.307865 -1.155393 15.764170 0.607833 -1.159849 15.753520 0.607841 -1.159862 15.753460 0.532844 -1.159863 15.742780 0.607849 -1.159110 15.742670 0.457849 -1.159114 15.732120 0.607857 -1.157611 15.731950 0.382854 -1.157619 15.731900 0.307858 -1.157623 15.742560 0.307849 -1.159123 15.753290 0.307841 -1.159874 15.763940 0.307833 -1.159862 15.795950 0.607809 -1.155186 15.795890 0.532811 -1.155189 15.785440 0.607817 -1.157488 15.785330 0.457817 -1.157496 15.774790 0.607825 -1.159053 15.774620 0.382822 -1.159063 15.774570 0.307826 -1.159067 15.785210 0.307817 -1.157504 15.795730 0.307809 -1.155201 15.930130 0.607713 -1.255998 15.905900 0.607732 -1.272418 15.881220 0.607752 -1.288211 15.856120 0.607771 -1.303347 15.830670 0.607791 -1.317785 15.804840 0.607811 -1.331540 15.778610 0.607831 -1.344620 15.752050 0.607851 -1.356999 15.725210 0.607872 -1.368650 15.698060 0.607893 -1.379581 15.670590 0.607914 -1.389801 15.642860 0.607935 -1.399285 15.614930 0.607957 -1.408020 15.586780 0.607978 -1.416003 15.558380 0.607999 -1.423244 15.529800 0.608021 -1.429729 15.501100 0.608043 -1.435444 15.472260 0.608065 -1.440390 15.443250 0.608087 -1.444572 15.414140 0.608109 -1.447982 15.385000 0.608130 -1.450612 15.355790 0.608152 -1.452464 15.326510 0.608174 -1.453538 15.297200 0.608196 -1.453836 15.267940 0.608218 -1.453355 15.265200 0.608187 -0.752261 15.238710 0.608240 -1.452090 15.209470 0.608262 -1.450048 15.180300 0.608283 -1.447228 15.151260 0.608305 -1.443640 15.196550 0.608238 -0.740035 15.213460 0.608225 -0.744201 15.230610 0.608213 -0.747639 15.247890 0.608199 -0.750331 15.122320 0.608327 -1.439278 15.093470 0.608348 -1.434138 15.064760 0.608369 -1.428232 15.036270 0.608390 -1.421577 15.007960 0.608410 -1.414158 14.979810 0.608431 -1.405981 14.951900 0.608452 -1.397060 14.924270 0.608472 -1.387414 15.131070 0.608286 -0.716075 15.147010 0.608274 -0.723114 15.163290 0.608262 -0.729476 15.179840 0.608250 -0.735129 14.896910 0.608492 -1.377032 14.869800 0.608512 -1.365910 14.842990 0.608531 -1.354073 14.816540 0.608550 -1.341542 14.790440 0.608569 -1.328308 14.764670 0.608587 -1.314367 14.739260 0.608606 -1.299748 14.714300 0.608624 -1.284477 15.070750 0.608329 -0.681109 15.085220 0.608319 -0.690807 15.100150 0.608307 -0.699901 15.115470 0.608297 -0.708339 14.689750 0.608641 -1.268547 14.665600 0.608659 -1.251944 14.641900 0.608675 -1.234706 14.618700 0.608693 -1.216871 15.017420 0.608367 -0.636199 15.029980 0.608359 -0.648262 15.043110 0.608349 -0.659810 15.056720 0.608339 -0.670783 14.595990 0.608709 -1.198421 14.573740 0.608724 -1.179345 14.552000 0.608740 -1.159687 14.530830 0.608754 -1.139485 14.510210 0.608769 -1.118726 14.490110 0.608783 -1.097391 14.470590 0.608797 -1.075536 14.451690 0.608809 -1.053197 14.972690 0.608398 -0.582709 14.982970 0.608391 -0.596773 14.993890 0.608383 -0.610423 15.005400 0.608375 -0.623593 14.433390 0.608822 -1.030362 14.415670 0.608834 -1.007014 14.398580 0.608846 -0.983205 14.382160 0.608857 -0.958987 14.366390 0.608868 -0.934336 14.351260 0.608878 -0.909238 14.336800 0.608888 -0.883746 14.323040 0.608897 -0.857918 14.937930 0.608421 -0.522266 14.945610 0.608416 -0.537899 14.954000 0.608410 -0.553244 14.963040 0.608405 -0.568207 14.309980 0.608904 -0.831731 14.297600 0.608913 -0.805165 14.285930 0.608920 -0.778281 14.275000 0.608927 -0.751139 14.914200 0.608436 -0.456706 14.919050 0.608433 -0.473435 14.924640 0.608429 -0.490002 14.930950 0.608425 -0.506312 14.264800 0.608934 -0.723712 14.255310 0.608939 -0.695981 14.246570 0.608945 -0.668010 14.238580 0.608950 -0.639857 14.231350 0.608954 -0.611503 14.224870 0.608957 -0.582921 14.219150 0.608960 -0.554176 14.214200 0.608963 -0.525336 14.902210 0.608441 -0.388020 14.904080 0.608441 -0.405338 14.906710 0.608440 -0.422623 14.910090 0.608438 -0.439779 14.210020 0.608964 -0.496372 14.206610 0.608966 -0.467263 14.203980 0.608966 -0.438076 14.202120 0.608966 -0.408871 14.902330 0.608438 -0.318296 14.901160 0.608439 -0.335674 14.900750 0.608441 -0.353155 14.901100 0.608441 -0.370636 14.201050 0.608965 -0.379626 14.200750 0.608964 -0.350322 14.201240 0.608963 -0.321018 14.202500 0.608960 -0.291782 14.204540 0.608957 -0.262591 14.207360 0.608953 -0.233419 14.210960 0.608949 -0.204335 14.215320 0.608945 -0.175397 14.914550 0.608426 -0.249652 14.910390 0.608430 -0.266564 14.906950 0.608433 -0.283707 14.904260 0.608435 -0.300984 14.220450 0.608940 -0.146586 14.226350 0.608934 -0.117883 14.233020 0.608927 -0.089343 14.240430 0.608921 -0.061034 14.248600 0.608914 -0.032933 14.257520 0.608906 -0.005019 14.267180 0.608897 0.022651 14.277560 0.608888 0.050010 14.288670 0.608878 0.077083 14.300510 0.608868 0.103894 14.313060 0.608858 0.130380 14.326290 0.608846 0.156482 14.340210 0.608834 0.182221 14.354830 0.608822 0.207618 14.370120 0.608810 0.232617 14.386050 0.608797 0.257169 14.402630 0.608783 0.281283 14.419870 0.608770 0.304982 14.437730 0.608755 0.328216 14.456180 0.608740 0.350932 14.475230 0.608725 0.373149 14.494890 0.608709 0.394879 14.515120 0.608693 0.416085 14.535880 0.608677 0.436709 14.557180 0.608660 0.456775 14.579040 0.608642 0.476298 14.601410 0.608624 0.495231 14.624240 0.608607 0.513534 14.647560 0.608588 0.531220 14.671370 0.608570 0.548304 14.695620 0.608551 0.564753 14.720270 0.608532 0.580527 14.745330 0.608512 0.595635 14.770830 0.608492 0.610093 14.796690 0.608472 0.623872 14.822880 0.608452 0.636935 14.849400 0.608431 0.649295 14.876290 0.608411 0.660962 14.903470 0.608390 0.671910 14.930900 0.608369 0.682115 14.958590 0.608349 0.691585 14.986560 0.608327 0.700328 15.014760 0.608306 0.708323 15.043110 0.608284 0.715560 15.071650 0.608262 0.722032 15.100390 0.608240 0.727752 15.129280 0.608219 0.732707 15.158240 0.608196 0.736886 15.187310 0.608174 0.740289 15.216490 0.608153 0.742921 15.245740 0.608131 0.744777 15.274980 0.608109 0.745854 15.304250 0.608087 0.746150 15.333550 0.608065 0.745664 15.362830 0.608043 0.744399 15.392020 0.608021 0.742364 15.336290 0.608097 0.044574 15.421150 0.608000 0.739545 15.450240 0.607978 0.735949 15.479210 0.607957 0.731580 15.508020 0.607936 0.726449 15.404940 0.608046 0.032348 15.388030 0.608058 0.036513 15.370880 0.608071 0.039950 15.353610 0.608083 0.042643 15.536690 0.607914 0.720551 15.565220 0.607893 0.713883 15.593570 0.607873 0.706462 15.621680 0.607852 0.698298 15.649550 0.607832 0.689387 15.677220 0.607811 0.679723 15.704620 0.607791 0.669330 15.731690 0.607772 0.658223 15.470420 0.607998 0.008387 15.454490 0.608009 0.015426 15.438200 0.608021 0.021788 15.421650 0.608034 0.027438 15.758460 0.607752 0.646399 15.784950 0.607733 0.633851 15.811090 0.607713 0.620604 15.836830 0.607695 0.606685 15.530740 0.607954 -0.026578 15.516270 0.607965 -0.016881 15.501340 0.607975 -0.007787 15.486020 0.607987 0.000653 15.862190 0.607677 0.592082 15.887190 0.607659 0.576787 15.911780 0.607642 0.560836 15.935890 0.607624 0.544261 15.959550 0.607608 0.527043 15.982790 0.607591 0.509181 16.005540 0.607575 0.490706 16.027760 0.607559 0.471661 15.584080 0.607917 -0.071490 15.571510 0.607925 -0.059426 15.558380 0.607935 -0.047876 15.544770 0.607944 -0.036908 16.049450 0.607544 0.452025 16.070660 0.607528 0.431794 16.091320 0.607515 0.411006 16.111380 0.607501 0.389708 15.628800 0.607885 -0.124978 15.618520 0.607892 -0.110917 15.607600 0.607900 -0.097262 15.596090 0.607908 -0.084096 16.130870 0.607487 0.367879 16.149800 0.607474 0.345508 16.168140 0.607461 0.322642 16.185830 0.607449 0.299329 16.202890 0.607437 0.275554 16.219330 0.607426 0.251296 16.235130 0.607415 0.226609 16.250240 0.607405 0.201550 15.663560 0.607863 -0.185420 15.655880 0.607867 -0.169789 15.647490 0.607873 -0.154447 15.638450 0.607879 -0.139480 16.264680 0.607396 0.176095 16.278450 0.607387 0.150227 16.291530 0.607378 0.124003 16.303890 0.607370 0.097478 16.315550 0.607362 0.070636 16.326490 0.607356 0.043448 16.336710 0.607350 0.015983 16.346180 0.607343 -0.011706 15.687290 0.607848 -0.250983 15.682450 0.607851 -0.234252 15.676850 0.607854 -0.217687 15.670540 0.607858 -0.201379 16.354920 0.607338 -0.039636 16.362910 0.607334 -0.067830 16.370150 0.607330 -0.096231 16.376630 0.607326 -0.124766 15.699280 0.607842 -0.319668 15.697410 0.607843 -0.302350 15.694780 0.607844 -0.285065 15.691400 0.607845 -0.267908 16.382340 0.607323 -0.153468 16.387290 0.607321 -0.182353 16.391480 0.607319 -0.211360 16.394880 0.607318 -0.240424 16.397510 0.607317 -0.269570 16.399370 0.607318 -0.298817 16.400440 0.607318 -0.328104 16.400740 0.607319 -0.357368 15.699160 0.607845 -0.389394 15.700330 0.607844 -0.372014 15.700740 0.607843 -0.354534 15.700390 0.607842 -0.337051 16.400260 0.607320 -0.386624 16.398990 0.607323 -0.415905 16.396950 0.607326 -0.445140 16.394140 0.607329 -0.474269 16.390550 0.607333 -0.503310 16.386180 0.607338 -0.532291 16.381040 0.607344 -0.561143 16.375140 0.607349 -0.589807 15.686940 0.607858 -0.458038 15.691100 0.607854 -0.441124 15.694540 0.607850 -0.423980 15.697230 0.607847 -0.406703 16.368480 0.607356 -0.618301 16.361060 0.607362 -0.646653 16.352880 0.607370 -0.674795 16.343970 0.607378 -0.702671 16.334320 0.607386 -0.730296 16.323930 0.607395 -0.757699 16.312800 0.607405 -0.784812 16.300980 0.607415 -0.811582 16.288450 0.607426 -0.838026 16.275200 0.607436 -0.864166 16.261260 0.607448 -0.889946 16.246660 0.607461 -0.915309 16.231390 0.607473 -0.940271 16.215440 0.607487 -0.964856 16.198840 0.607500 -0.989007 16.181620 0.607514 -1.012671 16.163780 0.607528 -1.035870 16.145310 0.607544 -1.058619 16.126230 0.607558 -1.080869 16.106600 0.607574 -1.102571 16.086400 0.607590 -1.123741 16.065610 0.607607 -1.144397 16.044280 0.607624 -1.164495 16.022460 0.607641 -1.183987 16.000120 0.607659 -1.202889 15.977250 0.607677 -1.221219 15.953900 0.607695 -1.238935 15.662980 0.607879 -0.523517 15.670020 0.607873 -0.507584 15.676380 0.607867 -0.491296 15.682030 0.607863 -0.474750 15.628010 0.607908 -0.583840 15.637710 0.607899 -0.569369 15.646800 0.607893 -0.554436 15.655240 0.607885 -0.539124 15.583100 0.607944 -0.637173 15.595170 0.607934 -0.624610 15.606710 0.607925 -0.611482 15.617680 0.607916 -0.597866 15.529610 0.607986 -0.681901 15.543670 0.607975 -0.671620 15.557330 0.607965 -0.660697 15.570490 0.607954 -0.649194 15.469170 0.608033 -0.716660 15.484800 0.608020 -0.708976 15.500140 0.608008 -0.700589 15.515110 0.607998 -0.691549 15.403610 0.608083 -0.740392 15.420340 0.608070 -0.735542 15.436900 0.608057 -0.729947 15.453210 0.608045 -0.723642 15.334920 0.608135 -0.752382 15.352240 0.608122 -0.750510 15.369520 0.608109 -0.747877 15.386680 0.608096 -0.744498 15.282580 0.608174 -0.753427 15.300060 0.608161 -0.753835 15.317540 0.608148 -0.753487 15.071880 0.608297 -0.025790 15.132320 0.608251 0.008969 15.116690 0.608263 0.001288 15.101350 0.608274 -0.007098 15.086380 0.608286 -0.016141 15.197890 0.608200 0.032704 15.181160 0.608213 0.027856 15.164590 0.608226 0.022260 15.148280 0.608238 0.015954 15.266570 0.608149 0.044692 15.249250 0.608162 0.042823 15.231970 0.608174 0.040189 15.214810 0.608188 0.036809 15.318920 0.608109 0.045737 15.301440 0.608122 0.046147 15.283950 0.608136 0.045800 14.938510 0.608405 -0.184173 14.931470 0.608410 -0.200103 14.925110 0.608416 -0.216392 14.919460 0.608421 -0.232940 14.973480 0.608376 -0.123849 14.963780 0.608383 -0.138316 14.954690 0.608391 -0.153253 14.946250 0.608398 -0.168567 15.018390 0.608339 -0.070514 15.006330 0.608349 -0.083079 14.994780 0.608359 -0.096208 14.983810 0.608368 -0.109822 15.057820 0.608308 -0.036065 15.044160 0.608319 -0.046990 15.031000 0.608329 -0.058494 15.378370 0.608090 -0.482185 15.378320 0.533092 -0.482188 15.369770 0.608097 -0.487001 15.369660 0.458096 -0.487006 15.360880 0.608103 -0.491255 15.360710 0.383100 -0.491263 15.351810 0.608110 -0.494887 15.351580 0.308110 -0.494900 15.360650 0.308104 -0.491268 15.369550 0.308097 -0.487015 15.378150 0.308089 -0.482199 15.386340 0.308084 -0.476880 15.415490 0.608060 -0.450461 15.408940 0.608065 -0.457720 15.408890 0.533069 -0.457724 15.401880 0.608071 -0.464597 15.401770 0.458071 -0.464605 15.394390 0.608077 -0.471007 15.394230 0.383074 -0.471018 15.394170 0.308077 -0.471022 15.401660 0.308071 -0.464612 15.408720 0.308065 -0.457733 15.415260 0.308060 -0.450475 15.436360 0.308043 -0.417484 15.431970 0.383044 -0.426188 15.431920 0.308047 -0.426192 15.426990 0.458051 -0.434654 15.426880 0.308051 -0.434662 15.421470 0.533059 -0.442782 15.421300 0.308056 -0.442792 15.313560 0.608139 -0.503295 15.323210 0.533134 -0.502138 15.323260 0.608132 -0.502134 15.332840 0.458124 -0.500336 15.332960 0.608124 -0.500327 15.342340 0.383115 -0.497913 15.342510 0.608117 -0.497902 15.342290 0.308118 -0.497917 15.332730 0.308124 -0.500342 15.323040 0.308132 -0.502149 15.313340 0.308139 -0.503311 15.274440 0.608168 -0.501521 15.284060 0.533164 -0.502914 15.284120 0.608162 -0.502911 15.293830 0.458154 -0.503680 15.293950 0.608153 -0.503675 15.303630 0.383144 -0.503814 15.303800 0.608146 -0.503803 15.303580 0.308146 -0.503818 15.293720 0.308154 -0.503690 15.283890 0.308161 -0.502925 15.274220 0.308168 -0.501534 15.237120 0.608195 -0.489680 15.246050 0.533192 -0.493530 15.246100 0.608189 -0.493528 15.255290 0.458182 -0.496816 15.255400 0.608182 -0.496806 15.264720 0.383173 -0.499497 15.264880 0.608176 -0.499484 15.264660 0.308176 -0.499499 15.255170 0.308182 -0.496821 15.245880 0.308189 -0.493541 15.236900 0.308195 -0.489694 15.204130 0.608219 -0.468585 15.211760 0.533217 -0.474629 15.211810 0.608214 -0.474625 15.219830 0.458208 -0.480207 15.219940 0.608208 -0.480200 15.228240 0.383199 -0.485252 15.228410 0.608202 -0.485240 15.228190 0.308202 -0.485254 15.219720 0.308208 -0.480213 15.211590 0.308214 -0.474639 15.203910 0.308219 -0.468598 15.183530 0.533236 -0.447495 15.183580 0.608233 -0.447492 15.189880 0.458229 -0.454987 15.189990 0.608229 -0.454980 15.196700 0.383221 -0.462052 15.196870 0.608225 -0.462042 15.196650 0.308225 -0.462056 15.189770 0.308229 -0.454995 15.183360 0.308233 -0.447505 15.177520 0.308238 -0.439669 15.159700 0.608250 -0.404904 15.163280 0.533250 -0.413979 15.163340 0.608247 -0.413976 15.167480 0.458244 -0.422876 15.167590 0.608245 -0.422870 15.172240 0.383239 -0.431481 15.172410 0.608241 -0.431470 15.172180 0.308241 -0.431483 15.167370 0.308245 -0.422883 15.163110 0.308247 -0.413992 15.159480 0.308250 -0.404920 15.151290 0.608254 -0.366660 15.152400 0.533256 -0.376368 15.152460 0.608253 -0.376365 15.154150 0.458253 -0.386061 15.154260 0.608253 -0.386054 15.156520 0.383248 -0.395618 15.156690 0.608251 -0.395609 15.156460 0.308251 -0.395622 15.154040 0.308252 -0.386068 15.152230 0.308254 -0.376378 15.151070 0.308254 -0.366674 15.153070 0.608250 -0.327542 15.151620 0.533255 -0.337219 15.151680 0.608252 -0.337216 15.150810 0.458253 -0.347051 15.150920 0.608253 -0.347044 15.150620 0.383251 -0.356911 15.150790 0.608254 -0.356900 15.150560 0.308254 -0.356915 15.150690 0.308253 -0.347058 15.151460 0.308252 -0.337230 15.152850 0.308251 -0.327556 15.164910 0.608241 -0.290218 15.161010 0.533247 -0.299206 15.161060 0.608243 -0.299200 15.157670 0.458246 -0.308504 15.157780 0.608246 -0.308497 15.154940 0.383246 -0.317995 15.155100 0.608248 -0.317983 15.154880 0.308249 -0.317997 15.157560 0.308246 -0.308512 15.160840 0.308243 -0.299214 15.164690 0.308240 -0.290233 15.186010 0.608223 -0.257229 15.179910 0.533230 -0.264915 15.179960 0.608228 -0.264910 15.174280 0.458232 -0.273047 15.174390 0.608233 -0.273040 15.169180 0.383234 -0.281523 15.169350 0.608236 -0.281511 15.169130 0.308236 -0.281525 15.174170 0.308232 -0.273055 15.179740 0.308228 -0.264925 15.185780 0.308222 -0.257242 15.214700 0.308200 -0.230838 15.206870 0.308206 -0.236693 15.206930 0.383203 -0.236692 15.199380 0.308212 -0.243104 15.199500 0.458212 -0.243098 15.192320 0.308218 -0.249982 15.192490 0.533220 -0.249970 15.192550 0.608218 -0.249967 15.199610 0.608213 -0.243091 15.207100 0.608206 -0.236680 15.249460 0.308174 -0.212817 15.240390 0.308180 -0.216449 15.240450 0.383177 -0.216443 15.231500 0.308187 -0.220702 15.231610 0.458187 -0.220695 15.222890 0.308194 -0.225518 15.223060 0.533196 -0.225507 15.223120 0.608194 -0.225505 15.231720 0.608186 -0.220689 15.240610 0.608180 -0.216435 15.249690 0.608174 -0.212802 15.287930 0.608144 -0.204392 15.278170 0.533155 -0.205558 15.278230 0.608152 -0.205552 15.268420 0.458159 -0.207368 15.268540 0.608158 -0.207358 15.258810 0.383163 -0.209796 15.258980 0.608166 -0.209786 15.258760 0.308166 -0.209800 15.268310 0.308159 -0.207374 15.278000 0.308151 -0.205567 15.287710 0.308144 -0.204406 15.327050 0.608115 -0.206166 15.317320 0.533125 -0.204782 15.317370 0.608122 -0.204778 15.307430 0.458130 -0.204022 15.307550 0.608130 -0.204015 15.297520 0.383134 -0.203895 15.297690 0.608136 -0.203883 15.297460 0.308137 -0.203898 15.307320 0.308129 -0.204026 15.317150 0.308122 -0.204789 15.326820 0.308115 -0.206183 15.364370 0.608088 -0.218007 15.355330 0.533097 -0.214164 15.355390 0.608094 -0.214160 15.345980 0.458101 -0.210887 15.346090 0.608101 -0.210881 15.336440 0.383105 -0.208215 15.336600 0.608108 -0.208203 15.336380 0.308108 -0.208217 15.345870 0.308101 -0.210895 15.355170 0.308094 -0.214175 15.364150 0.308087 -0.218020 15.397360 0.608064 -0.239102 15.389630 0.533072 -0.233068 15.389680 0.608070 -0.233062 15.381440 0.458075 -0.227496 15.381550 0.608075 -0.227489 15.372910 0.383079 -0.222459 15.373080 0.608081 -0.222447 15.372860 0.308081 -0.222461 15.381330 0.308076 -0.227502 15.389460 0.308069 -0.233077 15.397140 0.308064 -0.239116 15.417850 0.533053 -0.260202 15.417910 0.608049 -0.260196 15.411390 0.458054 -0.252714 15.411500 0.608054 -0.252709 15.404450 0.383056 -0.245656 15.404620 0.608059 -0.245647 15.404400 0.308059 -0.245662 15.411280 0.308054 -0.252722 15.417690 0.308049 -0.260212 15.423540 0.308046 -0.268034 15.441790 0.608034 -0.302784 15.438100 0.533039 -0.293716 15.438150 0.608036 -0.293712 15.433790 0.458038 -0.284824 15.433900 0.608039 -0.284821 15.428920 0.383039 -0.276228 15.429090 0.608042 -0.276218 15.428860 0.308042 -0.276234 15.433680 0.308039 -0.284833 15.437930 0.308036 -0.293725 15.441560 0.308034 -0.302797 15.450200 0.608030 -0.341028 15.448980 0.533032 -0.331328 15.449040 0.608030 -0.331326 15.447120 0.458030 -0.321641 15.447230 0.608030 -0.321633 15.444640 0.383029 -0.312089 15.444810 0.608032 -0.312079 15.444580 0.308032 -0.312094 15.447010 0.308030 -0.321647 15.448810 0.308030 -0.331339 15.449970 0.308029 -0.341042 15.448420 0.608032 -0.380145 15.449760 0.533034 -0.370475 15.449810 0.608031 -0.370472 15.450460 0.458030 -0.360651 15.450570 0.608030 -0.360643 15.450540 0.383027 -0.350799 15.450710 0.608030 -0.350788 15.450480 0.308029 -0.350802 15.450350 0.308030 -0.360659 15.449590 0.308031 -0.370487 15.448200 0.308032 -0.380161 15.436580 0.608043 -0.417471 15.440370 0.533043 -0.408491 15.440430 0.608040 -0.408487 15.443600 0.458037 -0.399198 15.443710 0.608037 -0.399192 15.446220 0.383032 -0.389714 15.446390 0.608035 -0.389705 15.446160 0.308035 -0.389720 15.443490 0.308037 -0.399205 15.440210 0.308040 -0.408501 15.421530 0.608055 -0.442777 15.427100 0.608051 -0.434649 15.432140 0.608047 -0.426177 15.584330 0.947916 -0.071473 15.547040 0.947950 -0.182179 15.538050 0.947955 -0.169974 15.528410 0.947962 -0.158176 15.518180 0.947969 -0.146876 15.507450 0.947977 -0.136163 15.596350 0.947908 -0.084079 15.607850 0.947899 -0.097247 15.618780 0.947892 -0.110902 15.629050 0.947886 -0.124961 15.638700 0.947879 -0.139464 15.647750 0.947873 -0.154429 15.656130 0.947867 -0.169772 15.663810 0.947862 -0.185407 15.530990 0.947954 -0.026563 15.545020 0.947944 -0.036891 15.558640 0.947934 -0.047860 15.571770 0.947925 -0.059409 15.496190 0.947985 -0.126018 15.484370 0.947993 -0.116405 15.472070 0.948002 -0.107394 15.459410 0.948011 -0.099061 15.470670 0.947998 0.008403 15.486280 0.947986 0.000668 15.501590 0.947975 -0.007772 15.516530 0.947964 -0.016866 15.446340 0.948020 -0.091390 15.432820 0.948030 -0.084354 15.418970 0.948041 -0.078002 15.404880 0.948050 -0.072389 15.405200 0.948045 0.032363 15.421910 0.948033 0.027455 15.438450 0.948021 0.021806 15.454740 0.948009 0.015443 15.390530 0.948061 -0.067506 15.375880 0.948072 -0.063335 15.361030 0.948083 -0.059903 15.346110 0.948094 -0.057239 15.336550 0.948096 0.044589 15.353860 0.948083 0.042659 15.371140 0.948071 0.039966 15.388280 0.948058 0.036528 15.331060 0.948105 -0.055345 15.315870 0.948116 -0.054208 15.300630 0.948127 -0.053836 15.285480 0.948139 -0.054229 15.266820 0.948148 0.044707 15.284210 0.948136 0.045813 15.301690 0.948122 0.046162 15.319170 0.948109 0.045752 15.270360 0.948151 -0.055404 15.255250 0.948161 -0.057349 15.240250 0.948173 -0.060050 15.225490 0.948185 -0.063487 15.198140 0.948200 0.032720 15.215060 0.948187 0.036828 15.232220 0.948175 0.040204 15.249510 0.948161 0.042838 15.132580 0.948250 0.008984 15.148530 0.948238 0.015971 15.164840 0.948226 0.022277 15.181410 0.948213 0.027873 15.210920 0.948196 -0.067680 15.196500 0.948207 -0.072627 15.182360 0.948218 -0.078292 15.168590 0.948228 -0.084632 15.072140 0.948297 -0.025771 15.086640 0.948286 -0.016124 15.101600 0.948274 -0.007081 15.116950 0.948262 0.001305 15.155160 0.948238 -0.091670 15.142040 0.948249 -0.099420 15.129320 0.948258 -0.107814 15.117110 0.948268 -0.116796 15.018650 0.948339 -0.070499 15.031250 0.948330 -0.058478 15.044420 0.948319 -0.046973 15.058070 0.948309 -0.036052 15.105380 0.948277 -0.126391 15.094080 0.948286 -0.136624 15.083310 0.948295 -0.147409 15.073160 0.948302 -0.158664 14.973740 0.948375 -0.123834 14.984060 0.948367 -0.109807 14.995030 0.948358 -0.096191 15.006580 0.948349 -0.083062 15.063600 0.948311 -0.170428 15.054590 0.948318 -0.182723 15.046220 0.948324 -0.195453 15.038540 0.948331 -0.208524 14.938770 0.948404 -0.184157 14.946500 0.948398 -0.168551 14.954940 0.948392 -0.153235 14.964040 0.948383 -0.138301 15.031540 0.948337 -0.221971 15.025190 0.948342 -0.235827 15.019550 0.948347 -0.249984 15.014660 0.948351 -0.264331 14.914810 0.948425 -0.249635 14.919720 0.948421 -0.232923 14.925370 0.948415 -0.216374 14.931730 0.948411 -0.200090 15.010510 0.948355 -0.278913 15.007090 0.948359 -0.293761 15.004410 0.948361 -0.308763 15.002510 0.948363 -0.323803 14.902580 0.948438 -0.318279 14.904510 0.948435 -0.300969 14.907210 0.948433 -0.283692 14.910640 0.948430 -0.266547 14.902460 0.948441 -0.388003 14.901360 0.948441 -0.370622 14.901010 0.948441 -0.353138 14.901420 0.948440 -0.335658 15.001380 0.948365 -0.338921 15.001010 0.948366 -0.354157 15.001410 0.948366 -0.369389 15.002570 0.948366 -0.384504 14.914450 0.948435 -0.456690 14.910350 0.948438 -0.439763 14.906970 0.948440 -0.422608 14.904330 0.948441 -0.405321 15.004510 0.948365 -0.399538 15.007220 0.948364 -0.414537 15.010680 0.948362 -0.429378 15.014860 0.948360 -0.443950 14.938190 0.948421 -0.522251 14.931200 0.948425 -0.506295 14.924900 0.948429 -0.489985 14.919300 0.948433 -0.473419 15.019780 0.948356 -0.458287 15.025450 0.948353 -0.472431 15.031830 0.948349 -0.486274 15.038860 0.948345 -0.499705 14.972940 0.948397 -0.582693 14.963300 0.948404 -0.568194 14.954260 0.948411 -0.553228 14.945870 0.948415 -0.537882 15.046570 0.948339 -0.512757 15.054970 0.948333 -0.525469 15.064000 0.948328 -0.537745 15.073590 0.948321 -0.549489 15.017670 0.948367 -0.636183 15.005650 0.948375 -0.623577 14.994150 0.948383 -0.610409 14.983220 0.948391 -0.596757 15.083760 0.948314 -0.560722 15.094560 0.948307 -0.571485 15.105870 0.948299 -0.581691 15.117630 0.948290 -0.591261 15.071000 0.948329 -0.681092 15.056980 0.948339 -0.670767 15.043360 0.948349 -0.659795 15.030230 0.948358 -0.648246 15.129860 0.948281 -0.600217 15.142600 0.948272 -0.608585 15.155730 0.948262 -0.616305 15.169180 0.948252 -0.623313 15.131330 0.948285 -0.716059 15.115720 0.948297 -0.708325 15.100410 0.948308 -0.699885 15.085470 0.948319 -0.690792 15.182960 0.948243 -0.629622 15.197120 0.948232 -0.635256 15.211540 0.948222 -0.640173 15.226120 0.948211 -0.644332 15.196810 0.948238 -0.740019 15.180090 0.948250 -0.735113 15.163550 0.948262 -0.729460 15.147260 0.948274 -0.723100 15.265450 0.948187 -0.752245 15.248140 0.948200 -0.750317 15.230860 0.948212 -0.747624 15.213720 0.948225 -0.744185 15.240890 0.948200 -0.647740 15.255900 0.948188 -0.650405 15.271020 0.948178 -0.652319 15.286130 0.948167 -0.653461 15.335180 0.948135 -0.752366 15.317790 0.948147 -0.753471 15.300310 0.948161 -0.753820 15.282830 0.948174 -0.753410 15.301290 0.948155 -0.653822 15.316520 0.948145 -0.653415 15.331720 0.948133 -0.652247 15.346750 0.948121 -0.650317 15.403860 0.948084 -0.740376 15.386940 0.948095 -0.744482 15.369780 0.948108 -0.747861 15.352490 0.948122 -0.750496 15.361670 0.948110 -0.647623 15.376510 0.948099 -0.644156 15.391160 0.948088 -0.639955 15.405500 0.948077 -0.635040 15.469420 0.948033 -0.716642 15.453470 0.948045 -0.723626 15.437160 0.948057 -0.729931 15.420590 0.948070 -0.735526 15.419570 0.948066 -0.629396 15.433410 0.948055 -0.623015 15.446910 0.948044 -0.615949 15.459970 0.948035 -0.608249 15.529870 0.947986 -0.681884 15.515370 0.947997 -0.691532 15.500400 0.948009 -0.700574 15.485060 0.948021 -0.708960 15.472610 0.948025 -0.599887 15.484880 0.948015 -0.590851 15.496680 0.948006 -0.581211 15.507930 0.947997 -0.571039 15.583350 0.947944 -0.637158 15.570750 0.947953 -0.649177 15.557580 0.947964 -0.660681 15.543930 0.947974 -0.671603 15.518630 0.947989 -0.560305 15.528830 0.947981 -0.548985 15.538450 0.947972 -0.537164 15.547420 0.947965 -0.524939 15.628270 0.947908 -0.583822 15.617940 0.947916 -0.597848 15.606970 0.947925 -0.611465 15.595420 0.947934 -0.624593 15.663230 0.947878 -0.523500 15.655500 0.947885 -0.539106 15.647060 0.947892 -0.554420 15.637960 0.947899 -0.569356 15.555740 0.947958 -0.512268 15.563450 0.947952 -0.499126 15.570500 0.947947 -0.485613 15.576820 0.947940 -0.471833 15.687190 0.947858 -0.458022 15.682280 0.947862 -0.474734 15.676630 0.947867 -0.491280 15.670270 0.947873 -0.507568 15.582420 0.947936 -0.457747 15.587330 0.947931 -0.443320 15.591510 0.947928 -0.428666 15.594920 0.947924 -0.413897 15.699420 0.947846 -0.389378 15.697490 0.947848 -0.406689 15.694800 0.947850 -0.423963 15.691360 0.947854 -0.441108 15.597580 0.947922 -0.398970 15.599480 0.947920 -0.383852 15.600630 0.947918 -0.368654 15.601000 0.947917 -0.353500 15.699540 0.947841 -0.319652 15.700640 0.947842 -0.337035 15.700990 0.947842 -0.354517 15.700580 0.947843 -0.371997 15.600590 0.947917 -0.338347 15.599420 0.947917 -0.323152 15.597480 0.947917 -0.308037 15.594790 0.947919 -0.293119 15.687550 0.947848 -0.250967 15.691660 0.947845 -0.267893 15.695030 0.947844 -0.285049 15.697670 0.947842 -0.302336 15.591340 0.947920 -0.278356 15.587130 0.947923 -0.263709 15.582190 0.947927 -0.249295 15.576560 0.947930 -0.235221 15.670800 0.947858 -0.201362 15.677100 0.947853 -0.217670 15.682700 0.947850 -0.234237 15.570210 0.947934 -0.221454 15.563130 0.947939 -0.207957 15.555390 0.947944 -0.194831 15.555330 0.862947 -0.194837 15.563010 0.777939 -0.207963 15.570020 0.692931 -0.221467 15.518120 0.862972 -0.146878 15.528280 0.777962 -0.158183 15.537860 0.692952 -0.169984 15.472010 0.863005 -0.107398 15.484240 0.777993 -0.116412 15.496000 0.692981 -0.126029 15.418900 0.863043 -0.078006 15.432690 0.778030 -0.084361 15.446150 0.693018 -0.091401 15.360970 0.863086 -0.059905 15.375750 0.778072 -0.063344 15.390340 0.693058 -0.067519 15.300570 0.863131 -0.053838 15.315740 0.778116 -0.054217 15.330870 0.693102 -0.055356 15.240190 0.863176 -0.060052 15.255120 0.778162 -0.057357 15.270170 0.693147 -0.055415 15.182290 0.863220 -0.078296 15.196380 0.778206 -0.072637 15.210730 0.693192 -0.067691 15.129260 0.863261 -0.107818 15.141910 0.778248 -0.099425 15.154970 0.693236 -0.091682 15.083250 0.863298 -0.147414 15.093950 0.778286 -0.136632 15.105180 0.693274 -0.126405 15.046150 0.863328 -0.195460 15.054470 0.778318 -0.182731 15.063410 0.693307 -0.170440 15.019490 0.863350 -0.249986 15.025070 0.778342 -0.235835 15.031350 0.693334 -0.221984 15.004350 0.863364 -0.308767 15.006960 0.778359 -0.293770 15.010320 0.693352 -0.278925 15.001350 0.863369 -0.369393 15.000890 0.778366 -0.354162 15.001190 0.693361 -0.338933 15.010610 0.863365 -0.429381 15.007090 0.778364 -0.414544 15.004320 0.693362 -0.399551 15.031760 0.863352 -0.486278 15.025330 0.778353 -0.472438 15.019590 0.693354 -0.458300 15.063930 0.863331 -0.537751 15.054840 0.778333 -0.525479 15.046380 0.693336 -0.512771 15.105810 0.863301 -0.581694 15.094430 0.778306 -0.571490 15.083570 0.693311 -0.560735 15.155670 0.863265 -0.616307 15.142470 0.778272 -0.608592 15.129670 0.693278 -0.600227 15.211480 0.863225 -0.640176 15.196990 0.778232 -0.635265 15.182770 0.693240 -0.629636 15.270950 0.863181 -0.652323 15.255770 0.778189 -0.650414 15.240710 0.693197 -0.647749 15.331650 0.863135 -0.652248 15.316390 0.778144 -0.653423 15.301100 0.693153 -0.653833 15.391090 0.863091 -0.639958 15.376380 0.778099 -0.644167 15.361480 0.693107 -0.647634 15.446850 0.863048 -0.615953 15.433280 0.778055 -0.623022 15.419380 0.693062 -0.629408 15.496620 0.863009 -0.581216 15.484760 0.778015 -0.590859 15.472420 0.693021 -0.599898 15.538390 0.862976 -0.537170 15.528710 0.777980 -0.548990 15.518440 0.692985 -0.560317 15.570430 0.862950 -0.485617 15.563330 0.777952 -0.499134 15.555550 0.692956 -0.512282 15.591450 0.862931 -0.428670 15.587200 0.777932 -0.443330 15.582230 0.692933 -0.457759 15.600560 0.862921 -0.368659 15.599360 0.777920 -0.383860 15.597390 0.692918 -0.398982 15.597410 0.862921 -0.308043 15.599290 0.777917 -0.323160 15.600400 0.692914 -0.338359 15.582130 0.862929 -0.249297 15.587010 0.777923 -0.263718 15.591150 0.692917 -0.278367 15.953840 0.532697 -1.238936 15.977130 0.457677 -1.221226 15.999950 0.382656 -1.202901 16.022230 0.307641 -1.183999 15.999890 0.307658 -1.202904 15.977020 0.307677 -1.221232 15.953680 0.307695 -1.238947 15.929900 0.307713 -1.256011 15.856060 0.532774 -1.303350 15.881110 0.457752 -1.288219 15.905740 0.382730 -1.272429 15.905680 0.307732 -1.272430 15.880990 0.307752 -1.288225 15.855900 0.307771 -1.303360 15.830440 0.307790 -1.317799 15.751990 0.532854 -1.357004 15.778500 0.457831 -1.344626 15.804670 0.382808 -1.331551 15.804610 0.307811 -1.331553 15.778390 0.307831 -1.344633 15.751830 0.307851 -1.357013 15.724980 0.307872 -1.368665 15.642810 0.532938 -1.399290 15.670480 0.457914 -1.389809 15.697890 0.382890 -1.379591 15.697840 0.307893 -1.379595 15.670370 0.307914 -1.389814 15.642640 0.307935 -1.399301 15.614710 0.307956 -1.408034 15.529740 0.533024 -1.429733 15.558270 0.457999 -1.423250 15.586610 0.382975 -1.416012 15.586560 0.307978 -1.416017 15.558160 0.308000 -1.423259 15.529580 0.308021 -1.429744 15.500880 0.308043 -1.435457 15.414090 0.533111 -1.447985 15.443140 0.458086 -1.444577 15.472090 0.383062 -1.440398 15.472030 0.308065 -1.440403 15.443030 0.308087 -1.444586 15.413920 0.308108 -1.447995 15.384770 0.308130 -1.450626 15.297150 0.533199 -1.453840 15.326390 0.458174 -1.453547 15.355630 0.383150 -1.452475 15.355570 0.308152 -1.452479 15.326280 0.308175 -1.453553 15.296980 0.308196 -1.453851 15.267720 0.308218 -1.453369 15.180240 0.533286 -1.447230 15.209360 0.458262 -1.450053 15.238540 0.383237 -1.452101 15.238480 0.308240 -1.452106 15.209250 0.308262 -1.450060 15.180080 0.308283 -1.447241 15.151030 0.308305 -1.443654 15.064710 0.533372 -1.428235 15.093350 0.458348 -1.434143 15.122150 0.383323 -1.439286 15.122100 0.308327 -1.439292 15.093240 0.308348 -1.434154 15.064540 0.308368 -1.428248 15.036040 0.308390 -1.421590 14.951840 0.533455 -1.397065 14.979700 0.458432 -1.405991 15.007790 0.383408 -1.414172 15.007740 0.308410 -1.414171 14.979590 0.308431 -1.405994 14.951680 0.308451 -1.397074 14.924050 0.308472 -1.387428 14.842930 0.533534 -1.354075 14.869690 0.458511 -1.365916 14.896740 0.383489 -1.377043 14.896690 0.308492 -1.377048 14.869570 0.308511 -1.365925 14.842760 0.308531 -1.354087 14.816320 0.308550 -1.341556 14.739210 0.533609 -1.299751 14.764550 0.458588 -1.314376 14.790270 0.383566 -1.328321 14.790220 0.308569 -1.328323 14.764440 0.308588 -1.314383 14.739040 0.308606 -1.299762 14.714080 0.308624 -1.284493 14.641850 0.533679 -1.234712 14.665490 0.458659 -1.251952 14.689580 0.383639 -1.268559 14.689530 0.308642 -1.268562 14.665380 0.308660 -1.251959 14.641680 0.308675 -1.234722 14.618480 0.308693 -1.216885 14.551950 0.533742 -1.159690 14.573630 0.458725 -1.179352 14.595820 0.383706 -1.198434 14.595760 0.308708 -1.198435 14.573510 0.308725 -1.179360 14.551780 0.308740 -1.159700 14.530610 0.308755 -1.139499 14.470540 0.533799 -1.075539 14.490000 0.458783 -1.097400 14.510040 0.383766 -1.118736 14.509980 0.308769 -1.118739 14.489890 0.308783 -1.097406 14.470370 0.308797 -1.075548 14.451460 0.308809 -1.053210 14.398530 0.533849 -0.983210 14.415560 0.458834 -1.007023 14.433220 0.383820 -1.030375 14.433160 0.308823 -1.030376 14.415450 0.308835 -1.007028 14.398360 0.308846 -0.983220 14.381930 0.308857 -0.959000 14.336740 0.533890 -0.883751 14.351140 0.458878 -0.909244 14.366220 0.383865 -0.934346 14.366160 0.308868 -0.934350 14.351030 0.308878 -0.909251 14.336570 0.308888 -0.883760 14.322820 0.308897 -0.857932 14.285880 0.533923 -0.778286 14.297490 0.458913 -0.805174 14.309810 0.383903 -0.831742 14.309760 0.308905 -0.831745 14.297380 0.308913 -0.805179 14.285710 0.308921 -0.778297 14.274770 0.308928 -0.751153 14.246510 0.533948 -0.668014 14.255200 0.458940 -0.695990 14.264630 0.383931 -0.723723 14.264570 0.308934 -0.723726 14.255090 0.308939 -0.695996 14.246340 0.308945 -0.668024 14.238360 0.308950 -0.639871 14.219090 0.533963 -0.554181 14.224750 0.458958 -0.582927 14.231180 0.383951 -0.611513 14.231120 0.308954 -0.611515 14.224640 0.308958 -0.582934 14.218920 0.308960 -0.554191 14.213970 0.308962 -0.525349 14.203920 0.533969 -0.438079 14.206500 0.458965 -0.467271 14.209850 0.383961 -0.496383 14.209790 0.308964 -0.496386 14.206390 0.308965 -0.467280 14.203760 0.308966 -0.438089 14.201900 0.308966 -0.408883 14.201180 0.533965 -0.321023 14.200640 0.458964 -0.350330 14.200880 0.383962 -0.379637 14.200820 0.308966 -0.379642 14.200530 0.308964 -0.350335 14.201010 0.308962 -0.321034 14.202270 0.308960 -0.291796 14.210900 0.533952 -0.204337 14.207250 0.458954 -0.233428 14.204370 0.383954 -0.262602 14.204310 0.308957 -0.262605 14.207140 0.308954 -0.233434 14.210730 0.308950 -0.204351 14.215090 0.308945 -0.175412 14.232970 0.533930 -0.089347 14.226240 0.458934 -0.117890 14.220280 0.383937 -0.146600 14.220220 0.308940 -0.146602 14.226130 0.308934 -0.117896 14.232800 0.308928 -0.089358 14.240210 0.308921 -0.061050 14.267130 0.533899 0.022645 14.257410 0.458905 -0.005025 14.248430 0.383911 -0.032943 14.248370 0.308914 -0.032949 14.257300 0.308906 -0.005033 14.266960 0.308897 0.022637 14.277340 0.308888 0.049996 14.313010 0.533860 0.130376 14.300400 0.458868 0.103885 14.288500 0.383875 0.077075 14.288450 0.308879 0.077071 14.300290 0.308868 0.103879 14.312830 0.308858 0.130362 14.326060 0.308846 0.156466 14.370070 0.533813 0.232617 14.354720 0.458822 0.207612 14.340040 0.383832 0.182210 14.339990 0.308835 0.182206 14.354610 0.308822 0.207604 14.369900 0.308810 0.232606 14.385830 0.308797 0.257152 14.437680 0.533758 0.328212 14.419760 0.458769 0.304973 14.402460 0.383781 0.281272 14.402410 0.308783 0.281268 14.419650 0.308769 0.304971 14.437510 0.308755 0.328202 14.455960 0.308740 0.350919 14.515070 0.533696 0.416081 14.494780 0.458709 0.394874 14.475060 0.383721 0.373137 14.475010 0.308725 0.373134 14.494670 0.308709 0.394868 14.514900 0.308694 0.416072 14.535660 0.308676 0.436698 14.601350 0.533628 0.495225 14.578930 0.458642 0.476289 14.557010 0.383656 0.456765 14.556960 0.308660 0.456761 14.578820 0.308643 0.476283 14.601190 0.308624 0.495217 14.624020 0.308607 0.513518 14.695570 0.533554 0.564750 14.671250 0.458570 0.548299 14.647390 0.383586 0.531209 14.647330 0.308589 0.531203 14.671140 0.308570 0.548291 14.695400 0.308550 0.564740 14.720050 0.308531 0.580512 14.796640 0.533476 0.623866 14.770710 0.458493 0.610087 14.745170 0.383510 0.595626 14.745110 0.308512 0.595624 14.770600 0.308492 0.610080 14.796470 0.308472 0.623856 14.822650 0.308452 0.636920 14.903420 0.533393 0.671906 14.876180 0.458411 0.660952 14.849230 0.383430 0.649283 14.849180 0.308432 0.649280 14.876060 0.308411 0.660947 14.903250 0.308390 0.671893 14.930680 0.308369 0.682103 15.014700 0.533308 0.708323 14.986450 0.458327 0.700322 14.958420 0.383345 0.691575 14.958360 0.308348 0.691573 14.986340 0.308327 0.700314 15.014530 0.308305 0.708312 15.042880 0.308284 0.715545 15.129220 0.533221 0.732703 15.100280 0.458240 0.727746 15.071480 0.383259 0.722022 15.071420 0.308262 0.722018 15.100170 0.308241 0.727738 15.129050 0.308219 0.732694 15.158020 0.308197 0.736873 15.245680 0.533134 0.744775 15.216380 0.458153 0.742913 15.187140 0.383172 0.740279 15.187080 0.308175 0.740275 15.216270 0.308153 0.742907 15.245520 0.308131 0.744763 15.274760 0.308109 0.745841 15.362770 0.533046 0.744397 15.333440 0.458065 0.745656 15.304080 0.383084 0.746138 15.304020 0.308087 0.746133 15.333320 0.308065 0.745648 15.362600 0.308044 0.744386 15.391800 0.308022 0.742349 15.479160 0.532960 0.731576 15.450120 0.457979 0.735940 15.420980 0.382997 0.739537 15.420920 0.308000 0.739531 15.450010 0.307979 0.735932 15.478990 0.307957 0.731566 15.507800 0.307935 0.726436 15.593520 0.532875 0.706458 15.565110 0.457894 0.713878 15.536520 0.382912 0.720542 15.536460 0.307915 0.720538 15.565000 0.307893 0.713870 15.593350 0.307873 0.706447 15.621450 0.307852 0.698283 15.704560 0.532794 0.669326 15.677110 0.457811 0.679717 15.649380 0.382828 0.689376 15.649330 0.307832 0.689372 15.677000 0.307811 0.679709 15.704400 0.307791 0.669314 15.731470 0.307772 0.658212 15.811030 0.532717 0.620599 15.784840 0.457733 0.633843 15.758290 0.382749 0.646392 15.758240 0.307752 0.646386 15.784720 0.307733 0.633838 15.810870 0.307714 0.620587 15.836610 0.307696 0.606669 15.911720 0.532644 0.560832 15.887080 0.457659 0.576781 15.862020 0.382675 0.592070 15.861970 0.307677 0.592065 15.886960 0.307660 0.576772 15.911550 0.307642 0.560822 15.935670 0.307624 0.544248 16.005480 0.532578 0.490703 15.982680 0.457591 0.509173 15.959390 0.382604 0.527034 15.959330 0.307607 0.527030 15.982560 0.307591 0.509168 16.005320 0.307575 0.490695 16.027530 0.307559 0.471646 16.091260 0.532517 0.411002 16.070550 0.457529 0.431786 16.049290 0.382541 0.452018 16.049230 0.307543 0.452012 16.070430 0.307529 0.431779 16.091090 0.307515 0.410991 16.111160 0.307500 0.389693 16.168080 0.532463 0.322638 16.149690 0.457473 0.345500 16.130710 0.382484 0.367869 16.130650 0.307487 0.367865 16.149580 0.307474 0.345494 16.167910 0.307461 0.322625 16.185600 0.307449 0.299317 16.235070 0.532418 0.226607 16.219220 0.457426 0.251288 16.202720 0.382434 0.275542 16.202660 0.307438 0.275540 16.219110 0.307426 0.251281 16.234900 0.307416 0.226596 16.250010 0.307405 0.201535 16.291480 0.532381 0.123999 16.278340 0.457386 0.150222 16.264510 0.382393 0.176087 16.264450 0.307396 0.176082 16.278220 0.307387 0.150212 16.291310 0.307378 0.123990 16.303670 0.307370 0.097464 16.336660 0.532353 0.015979 16.326380 0.457356 0.043441 16.315380 0.382360 0.070624 16.315320 0.307363 0.070620 16.326270 0.307356 0.043433 16.336490 0.307349 0.015969 16.345960 0.307344 -0.011720 16.370100 0.532333 -0.096233 16.362800 0.457334 -0.067838 16.354750 0.382336 -0.039647 16.354690 0.307338 -0.039651 16.362680 0.307334 -0.067845 16.369930 0.307330 -0.096242 16.376400 0.307326 -0.124780 16.391420 0.532322 -0.211362 16.387180 0.457321 -0.182363 16.382170 0.382320 -0.153478 16.382120 0.307323 -0.153482 16.387070 0.307321 -0.182366 16.391250 0.307319 -0.211373 16.394660 0.307317 -0.240439 16.400390 0.532321 -0.328108 16.399250 0.457317 -0.298824 16.397340 0.382314 -0.269580 16.397290 0.307317 -0.269584 16.399140 0.307317 -0.298831 16.400220 0.307318 -0.328118 16.400520 0.307319 -0.357381 16.396890 0.532329 -0.445143 16.398880 0.457323 -0.415913 16.400090 0.382318 -0.386637 16.400030 0.307321 -0.386640 16.398760 0.307323 -0.415918 16.396720 0.307326 -0.445155 16.393910 0.307329 -0.474282 16.380980 0.532346 -0.561146 16.386060 0.457338 -0.532297 16.390380 0.382331 -0.503322 16.390320 0.307334 -0.503325 16.385950 0.307338 -0.532305 16.380810 0.307344 -0.561158 16.374910 0.307349 -0.589820 16.352820 0.532373 -0.674799 16.360940 0.457363 -0.646659 16.368310 0.382352 -0.618313 16.368260 0.307356 -0.618317 16.360830 0.307362 -0.646666 16.352660 0.307370 -0.674811 16.343750 0.307378 -0.702685 16.312750 0.532407 -0.784817 16.323810 0.457396 -0.757706 16.334150 0.382384 -0.730309 16.334100 0.307387 -0.730312 16.323700 0.307395 -0.757712 16.312580 0.307405 -0.784827 16.300760 0.307415 -0.811597 16.261200 0.532452 -0.889950 16.275090 0.457437 -0.864175 16.288290 0.382422 -0.838037 16.288230 0.307426 -0.838042 16.274980 0.307437 -0.864182 16.261040 0.307449 -0.889961 16.246440 0.307460 -0.915322 16.198780 0.532502 -0.989009 16.215330 0.457486 -0.964861 16.231220 0.382470 -0.940280 16.231170 0.307473 -0.940284 16.215210 0.307487 -0.964870 16.198610 0.307500 -0.989019 16.181400 0.307514 -1.012687 16.126180 0.532561 -1.080873 16.145200 0.457543 -1.058626 16.163620 0.382526 -1.035880 16.163560 0.307528 -1.035884 16.145090 0.307543 -1.058632 16.126010 0.307559 -1.080883 16.106380 0.307574 -1.102586 16.044220 0.532627 -1.164497 16.065500 0.457607 -1.144405 16.086230 0.382587 -1.123752 16.086180 0.307591 -1.123755 16.065390 0.307607 -1.144412 16.044060 0.307624 -1.164508 15.377390 0.308090 -0.482649 15.367950 0.308098 -0.487819 15.358180 0.308105 -0.492319 15.348210 0.308113 -0.496075 15.417530 0.308058 -0.447716 15.410560 0.308065 -0.455775 15.402960 0.308070 -0.463396 15.394850 0.308077 -0.470467 15.439230 0.308040 -0.410948 15.434820 0.308045 -0.420643 15.429680 0.308048 -0.430097 15.423880 0.308054 -0.439168 15.449700 0.308031 -0.369557 15.448190 0.308033 -0.380104 15.445920 0.308035 -0.390622 15.442920 0.308037 -0.400958 15.338000 0.308121 -0.499089 15.327480 0.308128 -0.501392 15.316840 0.308137 -0.502956 15.306210 0.308144 -0.503750 15.295560 0.308153 -0.503764 15.284820 0.308161 -0.503014 15.274170 0.308168 -0.501512 15.263750 0.308176 -0.499281 15.253530 0.308183 -0.496292 15.243440 0.308190 -0.492545 15.233640 0.308199 -0.488107 15.224270 0.308205 -0.483031 15.215300 0.308211 -0.477284 15.206680 0.308218 -0.470847 15.198520 0.308223 -0.463824 15.190970 0.308229 -0.456315 15.183980 0.308233 -0.448275 15.171680 0.308242 -0.430634 15.166540 0.308245 -0.421302 15.162100 0.308248 -0.411619 15.158330 0.308250 -0.401539 15.155270 0.308252 -0.391223 15.152970 0.308253 -0.380821 15.151440 0.308254 -0.370280 15.150650 0.308254 -0.359549 15.150620 0.308253 -0.348786 15.151350 0.308252 -0.338158 15.152850 0.308251 -0.327613 15.155120 0.308249 -0.317094 15.158120 0.308245 -0.306759 15.161810 0.308243 -0.296766 15.166220 0.308239 -0.287072 15.171370 0.308234 -0.277619 15.177160 0.308230 -0.268549 15.183520 0.308225 -0.260000 15.190480 0.308219 -0.251942 15.198080 0.308213 -0.244319 15.206190 0.308207 -0.237250 15.223650 0.308193 -0.225068 15.233090 0.308186 -0.219895 15.242860 0.308179 -0.215396 15.252830 0.308171 -0.211640 15.263050 0.308163 -0.208627 15.273560 0.308155 -0.206325 15.284210 0.308147 -0.204761 15.294830 0.308139 -0.203967 15.305480 0.308131 -0.203952 15.316220 0.308123 -0.204703 15.326880 0.308116 -0.206204 15.337290 0.308107 -0.208436 15.347510 0.308100 -0.211425 15.357600 0.308093 -0.215171 15.367410 0.308085 -0.219611 15.376770 0.308078 -0.224683 15.385740 0.308071 -0.230434 15.394370 0.308066 -0.236869 15.402520 0.308061 -0.243892 15.410080 0.308055 -0.251398 15.417060 0.308050 -0.259441 15.429370 0.308041 -0.277084 15.434510 0.308038 -0.286414 15.438940 0.308035 -0.296098 15.442720 0.308033 -0.306175 15.445780 0.308031 -0.316493 15.448080 0.308030 -0.326893 15.449610 0.308030 -0.337436 15.450390 0.308029 -0.348168 15.450420 0.308030 -0.358931 15.618720 0.862895 -0.110904 15.607720 0.777900 -0.097257 15.596160 0.692905 -0.084090 15.656070 0.862870 -0.169776 15.647620 0.777873 -0.154439 15.638510 0.692876 -0.139476 15.682640 0.862854 -0.234241 15.676980 0.777854 -0.217679 15.670610 0.692854 -0.201373 15.697600 0.862846 -0.302339 15.694910 0.777844 -0.285057 15.691470 0.692842 -0.267904 15.700520 0.862847 -0.372001 15.700860 0.777842 -0.354526 15.700450 0.692839 -0.337047 15.691290 0.862857 -0.441114 15.694670 0.777850 -0.423974 15.697300 0.692844 -0.406698 15.670210 0.862876 -0.507571 15.676510 0.777867 -0.491287 15.682090 0.692859 -0.474744 15.637900 0.862903 -0.569360 15.646930 0.777892 -0.554428 15.655310 0.692882 -0.539119 15.595360 0.862937 -0.624598 15.606840 0.777924 -0.611473 15.617750 0.692912 -0.597861 15.543860 0.862978 -0.671608 15.557450 0.777964 -0.660689 15.570560 0.692950 -0.649189 15.484990 0.863024 -0.708965 15.500270 0.778009 -0.700583 15.515170 0.692994 -0.691544 15.420530 0.863073 -0.735532 15.437030 0.778058 -0.729941 15.453280 0.693041 -0.723638 15.352430 0.863125 -0.750499 15.369650 0.778109 -0.747870 15.386740 0.693092 -0.744496 15.282770 0.863177 -0.753414 15.300180 0.778161 -0.753825 15.317600 0.693144 -0.753482 15.213660 0.863228 -0.744189 15.230740 0.778213 -0.747630 15.247950 0.693196 -0.750326 15.147200 0.863277 -0.723102 15.163420 0.778262 -0.729467 15.179900 0.693247 -0.735125 15.085410 0.863322 -0.690795 15.100280 0.778308 -0.699893 15.115530 0.693294 -0.708337 15.030170 0.863361 -0.648250 15.043240 0.778349 -0.659803 15.056790 0.693336 -0.670778 14.983160 0.863393 -0.596759 14.994020 0.778383 -0.610417 15.005460 0.693372 -0.623590 14.945800 0.863419 -0.537887 14.954130 0.778410 -0.553234 14.963110 0.693401 -0.568205 14.919240 0.863435 -0.473424 14.924770 0.778429 -0.489993 14.931010 0.693422 -0.506305 14.904270 0.863444 -0.405325 14.906840 0.778439 -0.422615 14.910150 0.693434 -0.439775 14.901350 0.863443 -0.335662 14.900880 0.778441 -0.353146 14.901170 0.693438 -0.370633 14.910580 0.863433 -0.266552 14.907080 0.778433 -0.283700 14.904320 0.693432 -0.300981 14.931670 0.863413 -0.200093 14.925240 0.778416 -0.216384 14.919520 0.693418 -0.232934 14.963970 0.863386 -0.138307 14.954820 0.778391 -0.153245 14.946310 0.693394 -0.168561 15.006520 0.863352 -0.083066 14.994910 0.778358 -0.096198 14.983870 0.693364 -0.109820 15.058010 0.863311 -0.036056 15.044290 0.778319 -0.046981 15.031060 0.693327 -0.058492 15.116880 0.863265 0.001304 15.101470 0.778275 -0.007089 15.086440 0.693283 -0.016137 15.181340 0.863216 0.027865 15.164720 0.778226 0.022267 15.148340 0.693235 0.015958 15.249440 0.863164 0.042834 15.232100 0.778174 0.040198 15.214870 0.693185 0.036813 15.319100 0.863112 0.045751 15.301560 0.778122 0.046157 15.284020 0.693132 0.045804 15.388220 0.863061 0.036525 15.371010 0.778071 0.039958 15.353670 0.693080 0.042647 15.454680 0.863012 0.015437 15.438330 0.778021 0.021796 15.421720 0.693030 0.027446 15.516460 0.862967 -0.016870 15.501460 0.777975 -0.007779 15.486090 0.692983 0.000657 15.571700 0.862928 -0.059415 15.558510 0.777935 -0.047870 15.544830 0.692941 -0.036903</float_array>
          <technique_common>
            <accessor source="#Part8_Centro_001-mesh-positions-array" count="3215" stride="3">
              <param name="X" type="float" />
              <param name="Y" type="float" />
              <param name="Z" type="float" />
            </accessor>
          </technique_common>
        </source>
        <source id="Part8_Centro_001-mesh-normals">
          <float_array id="Part8_Centro_001-mesh-normals-array" count="18282">-0.000187 0.000045 -1.000000 -0.000183 0.000034 -1.000000 -1.000000 0.000740 0.000174 -1.000000 0.000748 0.000187 -1.000000 0.000748 0.000199 -1.000000 0.000748 0.000200 -1.000000 0.000748 0.000182 -1.000000 0.000746 0.000184 -1.000000 0.000746 0.000188 -1.000000 0.000745 0.000187 -1.000000 0.000745 0.000180 -1.000000 0.000745 0.000182 -1.000000 0.000745 0.000190 -1.000000 0.000743 0.000193 0.000183 -0.000068 1.000000 0.000191 -0.000045 1.000000 0.000187 -0.000045 1.000000 0.000187 -0.000045 1.000000 -0.000187 0.000034 -1.000000 -0.000191 0.000045 -1.000000 -0.000772 -0.972814 -0.231588 -0.000771 -0.972813 -0.231591 -0.000771 -0.972813 -0.231590 -0.000771 -0.972813 -0.231591 -0.000757 -0.904997 -0.425417 -0.000757 -0.904996 -0.425419 -0.000711 -0.799019 -0.601306 -0.000711 -0.799018 -0.601307 -0.000634 -0.659340 -0.751844 -0.000635 -0.659347 -0.751839 -0.000532 -0.491867 -0.870670 -0.000532 -0.491866 -0.870671 -0.000406 -0.303660 -0.952781 -0.000406 -0.303646 -0.952785 -0.000264 -0.102623 -0.994720 -0.000264 -0.102631 -0.994719 -0.000110 0.102712 -0.994711 -0.000110 0.102720 -0.994710 0.000048 0.303750 -0.952752 0.000048 0.303735 -0.952757 0.000204 0.491955 -0.870621 0.000204 0.491955 -0.870621 0.000352 0.659413 -0.751781 0.000352 0.659417 -0.751777 0.000485 0.799071 -0.601236 0.000485 0.799074 -0.601232 0.000597 0.905037 -0.425333 0.000597 0.905038 -0.425331 0.000684 0.972835 -0.231500 0.000684 0.972836 -0.231495 0.000729 0.996203 -0.087055 0.000729 0.996205 -0.087039 0.000748 1.000000 0.000047 0.000683 0.972836 -0.231494 0.000761 0.996196 0.087142 0.000762 0.996196 0.087137 0.000748 1.000000 0.000057 0.000772 0.972813 0.231589 0.000771 0.972814 0.231587 0.000771 0.972814 0.231588 0.000770 0.972813 0.231589 0.000757 0.904996 0.425419 0.000757 0.904996 0.425419 0.000711 0.799019 0.601306 0.000711 0.799018 0.601307 0.000634 0.659341 0.751844 0.000634 0.659343 0.751842 0.000531 0.491867 0.870670 0.000531 0.491867 0.870670 0.000406 0.303657 0.952781 0.000406 0.303656 0.952782 0.000264 0.102628 0.994720 0.000264 0.102627 0.994720 0.000110 -0.102721 0.994710 0.000110 -0.102719 0.994711 -0.000048 -0.303739 0.952755 -0.000048 -0.303743 0.952754 -0.000204 -0.491958 0.870619 -0.000204 -0.491952 0.870623 -0.000352 -0.659413 0.751780 -0.000352 -0.659415 0.751779 -0.000485 -0.799073 0.601234 -0.000485 -0.799075 0.601232 -0.000597 -0.905036 0.425334 -0.000597 -0.905037 0.425332 -0.000684 -0.972835 0.231497 -0.000684 -0.972835 0.231500 -0.000684 -0.972836 0.231493 -0.000729 -0.996204 0.087046 -0.000729 -0.996204 0.087050 -0.000748 -1.000000 -0.000047 -0.000748 -1.000000 -0.000047 -0.000761 -0.996196 -0.087140 -0.000761 -0.996195 -0.087145 -0.000685 -0.972836 0.231495 0.000683 0.972836 -0.231496 -1.000000 0.000752 0.000186 -1.000000 0.000749 0.000185 -1.000000 0.000749 0.000186 -1.000000 0.000748 0.000187 -1.000000 0.000749 0.000189 -1.000000 0.000753 0.000182 -1.000000 0.000752 0.000181 -1.000000 0.000749 0.000191 -1.000000 0.000748 0.000187 -1.000000 0.000748 0.000185 -1.000000 0.000747 0.000183 -1.000000 0.000747 0.000189 -1.000000 0.000750 0.000191 -1.000000 0.000747 0.000193 -1.000000 0.000748 0.000194 -1.000000 0.000751 0.000192 -1.000000 0.000749 0.000191 -1.000000 0.000751 0.000189 -1.000000 0.000750 0.000193 -1.000000 0.000750 0.000195 -1.000000 0.000750 0.000198 -1.000000 0.000751 0.000197 -1.000000 0.000748 0.000185 -1.000000 0.000747 0.000187 -1.000000 0.000745 0.000184 -1.000000 0.000746 0.000182 -1.000000 0.000750 0.000187 -1.000000 0.000750 0.000189 -1.000000 0.000749 0.000189 0.000694 0.977787 -0.209601 0.000692 0.977788 -0.209598 0.000692 0.977787 -0.209601 0.000692 0.977787 -0.209601 0.000731 0.997112 -0.075948 0.000731 0.997111 -0.075951 0.000748 1.000000 0.000047 0.000748 1.000000 0.000043 0.000760 0.997105 0.076039 0.000770 0.977768 0.209690 0.000771 0.977767 0.209692 0.000760 0.997104 0.076047 0.000761 0.918910 0.394467 0.000761 0.918911 0.394465 0.000771 0.977767 0.209692 0.000771 0.977768 0.209691 0.000723 0.825501 0.564401 0.000723 0.825498 0.564404 0.000658 0.701037 0.713125 0.000658 0.701040 0.713121 0.000568 0.550223 0.835018 0.000568 0.550225 0.835017 0.000457 0.378720 0.925511 0.000457 0.378713 0.925514 0.000329 0.192951 0.981209 0.000329 0.192959 0.981207 0.000188 -0.000038 1.000000 0.000188 -0.000045 1.000000 0.000040 -0.193055 0.981188 0.000040 -0.193057 0.981188 -0.000109 -0.378802 0.925477 -0.000109 -0.378803 0.925477 -0.000255 -0.550304 0.834965 -0.000255 -0.550300 0.834967 -0.000390 -0.701110 0.713053 -0.000390 -0.701108 0.713055 -0.000511 -0.825550 0.564329 -0.000511 -0.825551 0.564328 -0.000613 -0.918948 0.394378 -0.000613 -0.918948 0.394379 -0.000692 -0.977787 0.209599 -0.000693 -0.977787 0.209602 -0.000694 -0.977787 0.209599 -0.000692 -0.977787 0.209602 -0.000731 -0.997112 0.075946 -0.000731 -0.997112 0.075946 -0.000748 -1.000000 -0.000052 -0.000760 -0.997105 -0.076036 -0.000760 -0.997104 -0.076042 -0.000748 -1.000000 -0.000043 -0.000772 -0.977768 -0.209690 -0.000771 -0.977767 -0.209693 -0.000771 -0.977767 -0.209691 -0.000761 -0.918910 -0.394466 -0.000761 -0.918910 -0.394467 -0.000723 -0.825498 -0.564405 -0.000723 -0.825497 -0.564406 -0.000658 -0.701044 -0.713118 -0.000658 -0.701042 -0.713120 -0.000568 -0.550222 -0.835018 -0.000568 -0.550221 -0.835019 -0.000457 -0.378712 -0.925514 -0.000457 -0.378712 -0.925514 -0.000329 -0.192961 -0.981206 -0.000329 -0.192966 -0.981205 -0.000188 0.000042 -1.000000 -0.000188 0.000047 -1.000000 -0.000040 0.193057 -0.981188 -0.000040 0.193059 -0.981187 0.000110 0.378798 -0.925479 0.000110 0.378796 -0.925480 0.000255 0.550303 -0.834965 0.000255 0.550302 -0.834966 0.000390 0.701113 -0.713050 0.000390 0.701108 -0.713055 0.000511 0.825551 -0.564328 0.000511 0.825553 -0.564325 0.000613 0.918949 -0.394376 0.000613 0.918948 -0.394379 -0.000770 -0.977768 -0.209690 -1.000000 0.000749 0.000185 -1.000000 0.000750 0.000185 -1.000000 0.000749 0.000196 -1.000000 0.000751 0.000195 -1.000000 0.000753 0.000187 -1.000000 0.000747 0.000188 -1.000000 0.000747 0.000187 -1.000000 0.000750 0.000187 -1.000000 0.000750 0.000188 -1.000000 0.000743 0.000186 -1.000000 0.000746 0.000182 -1.000000 0.000754 0.000185 -1.000000 0.000747 0.000193 -1.000000 0.000744 0.000191 -1.000000 0.000748 0.000188 -1.000000 0.000746 0.000186 -1.000000 0.000752 0.000183 -1.000000 0.000751 0.000183 -1.000000 0.000747 0.000184 -1.000000 0.000749 0.000186 -1.000000 0.000749 0.000186 -1.000000 0.000750 0.000186 -1.000000 0.000751 0.000186 -1.000000 0.000752 0.000187 -1.000000 0.000743 0.000186 -1.000000 0.000744 0.000192 -1.000000 0.000744 0.000192 -1.000000 0.000743 0.000186 -1.000000 0.000746 0.000187 1.000000 -0.000735 -0.000187 1.000000 -0.000753 -0.000190 1.000000 -0.000751 -0.000193 1.000000 -0.000744 -0.000184 1.000000 -0.000743 -0.000183 1.000000 -0.000737 -0.000215 1.000000 -0.000737 -0.000192 1.000000 -0.000742 -0.000191 1.000000 -0.000751 -0.000195 1.000000 -0.000751 -0.000189 1.000000 -0.000747 -0.000172 1.000000 -0.000747 -0.000186 1.000000 -0.000747 -0.000179 1.000000 -0.000744 -0.000186 1.000000 -0.000747 -0.000197 1.000000 -0.000750 -0.000186 1.000000 -0.000752 -0.000185 1.000000 -0.000742 -0.000207 1.000000 -0.000744 -0.000172 1.000000 -0.000749 -0.000168 1.000000 -0.000751 -0.000208 1.000000 -0.000754 -0.000191 1.000000 -0.000751 -0.000192 1.000000 -0.000750 -0.000193 1.000000 -0.000752 -0.000183 1.000000 -0.000750 -0.000206 1.000000 -0.000741 -0.000187 1.000000 -0.000741 -0.000187 1.000000 -0.000757 -0.000187 0.000189 -0.000045 1.000000 0.000187 -0.000057 1.000000 1.000000 -0.000746 -0.000184 1.000000 -0.000740 -0.000199 1.000000 -0.000740 -0.000198 1.000000 -0.000739 -0.000199 1.000000 -0.000740 -0.000157 1.000000 -0.000757 -0.000198 0.000189 -0.000045 1.000000 0.000187 -0.000057 1.000000 1.000000 -0.000746 -0.000184 1.000000 -0.000751 -0.000171 1.000000 -0.000751 -0.000198 1.000000 -0.000751 -0.000227 1.000000 -0.000751 -0.000185 1.000000 -0.000746 -0.000192 -0.000189 0.000034 -1.000000 -0.000191 0.000045 -1.000000 -0.000191 0.000057 -1.000000 -0.000187 0.000034 -1.000000 1.000000 -0.000746 -0.000187 1.000000 -0.000753 -0.000190 1.000000 -0.000753 -0.000188 1.000000 -0.000742 -0.000189 1.000000 -0.000743 -0.000177 1.000000 -0.000752 -0.000176 1.000000 -0.000747 -0.000207 1.000000 -0.000752 -0.000199 1.000000 -0.000757 -0.000184 1.000000 -0.000743 -0.000175 1.000000 -0.000744 -0.000185 1.000000 -0.000745 -0.000175 1.000000 -0.000737 -0.000185 1.000000 -0.000751 -0.000192 1.000000 -0.000754 -0.000197 1.000000 -0.000744 -0.000180 1.000000 -0.000739 -0.000197 1.000000 -0.000743 -0.000192 1.000000 -0.000762 -0.000185 1.000000 -0.000759 -0.000181 1.000000 -0.000744 -0.000196 1.000000 -0.000742 -0.000182 1.000000 -0.000753 -0.000184 1.000000 -0.000753 -0.000178 1.000000 -0.000764 -0.000177 1.000000 -0.000767 -0.000201 1.000000 -0.000741 -0.000182 1.000000 -0.000741 -0.000184 1.000000 -0.000746 -0.000198 0.000641 0.943094 -0.332525 0.000643 0.943094 -0.332526 0.000418 0.731983 -0.681323 0.000418 0.731983 -0.681323 0.000124 0.399195 -0.916866 0.000123 0.399194 -0.916867 -0.000191 0.000044 -1.000000 -0.000184 0.000048 -1.000000 -0.000468 -0.399107 -0.916904 -0.000474 -0.399110 -0.916903 -0.000678 -0.731918 -0.681393 -0.000676 -0.731917 -0.681394 -0.000766 -0.943063 -0.332614 -0.000768 -0.943063 -0.332614 -0.000191 0.000049 -1.000000 -0.000191 0.000049 -1.000000 0.000760 0.997104 0.076043 0.000760 0.997104 0.076042 0.000749 1.000000 0.000047 0.000747 1.000000 0.000052 0.000731 0.997112 -0.075943 0.000733 0.997112 -0.075946 0.000191 -0.000049 1.000000 0.000184 -0.000040 1.000000 -0.000643 -0.943095 0.332523 -0.000644 -0.943095 0.332523 -0.000419 -0.731980 0.681326 -0.000423 -0.731978 0.681328 -0.000130 -0.399196 0.916866 -0.000123 -0.399200 0.916864 0.000191 -0.000050 1.000000 0.000178 -0.000042 1.000000 0.000462 0.399108 0.916904 0.000467 0.399105 0.916905 0.000671 0.731921 0.681389 0.000681 0.731917 0.681394 0.000770 0.943063 0.332614 0.000769 0.943063 0.332614 0.000184 -0.000049 1.000000 0.000184 -0.000049 1.000000 -0.000760 -0.997104 -0.076042 -0.000760 -0.997104 -0.076041 -0.000749 -1.000000 -0.000047 -0.000748 -1.000000 -0.000043 -0.000731 -0.997112 0.075948 -0.000733 -0.997112 0.075943 -0.000191 0.000049 -1.000000 -0.000191 0.000049 -1.000000 1.000000 -0.000747 -0.000183 1.000000 -0.000748 -0.000189 1.000000 -0.000747 -0.000193 1.000000 -0.000748 -0.000188 1.000000 -0.000748 -0.000187 1.000000 -0.000748 -0.000187 1.000000 -0.000750 -0.000182 1.000000 -0.000746 -0.000197 1.000000 -0.000746 -0.000186 1.000000 -0.000746 -0.000186 1.000000 -0.000747 -0.000184 1.000000 -0.000750 -0.000189 1.000000 -0.000754 -0.000192 1.000000 -0.000748 -0.000190 1.000000 -0.000747 -0.000181 1.000000 -0.000748 -0.000185 1.000000 -0.000747 -0.000190 1.000000 -0.000748 -0.000189 1.000000 -0.000746 -0.000189 1.000000 -0.000740 -0.000190 1.000000 -0.000749 -0.000190 1.000000 -0.000768 -0.000187 1.000000 -0.000749 -0.000190 1.000000 -0.000749 -0.000190 1.000000 -0.000747 -0.000187 1.000000 -0.000736 -0.000188 1.000000 -0.000755 -0.000188 1.000000 -0.000750 -0.000187 1.000000 -0.000748 -0.000187 1.000000 -0.000748 -0.000185 1.000000 -0.000748 -0.000187 1.000000 -0.000747 -0.000191 1.000000 -0.000747 -0.000190 1.000000 -0.000747 -0.000190 1.000000 -0.000746 -0.000191 1.000000 -0.000748 -0.000186 1.000000 -0.000750 -0.000188 1.000000 -0.000748 -0.000187 1.000000 -0.000748 -0.000183 1.000000 -0.000750 -0.000189 1.000000 -0.000749 -0.000188 1.000000 -0.000749 -0.000185 1.000000 -0.000748 -0.000187 1.000000 -0.000748 -0.000191 1.000000 -0.000748 -0.000189 1.000000 -0.000748 -0.000189 1.000000 -0.000746 -0.000187 1.000000 -0.000745 -0.000191 1.000000 -0.000742 -0.000186 1.000000 -0.000746 -0.000189 1.000000 -0.000745 -0.000192 1.000000 -0.000747 -0.000186 1.000000 -0.000746 -0.000189 1.000000 -0.000757 -0.000200 1.000000 -0.000747 -0.000181 -1.000000 0.000747 0.000198 -1.000000 0.000748 0.000192 -1.000000 0.000746 0.000183 -1.000000 0.000747 0.000185 -1.000000 0.000749 0.000190 -1.000000 0.000750 0.000187 -1.000000 0.000748 0.000183 -1.000000 0.000747 0.000178 -1.000000 0.000747 0.000187 -1.000000 0.000750 0.000188 -1.000000 0.000750 0.000188 -1.000000 0.000754 0.000181 -1.000000 0.000745 0.000189 -1.000000 0.000747 0.000188 -1.000000 0.000747 0.000191 -1.000000 0.000747 0.000190 -1.000000 0.000745 0.000181 -1.000000 0.000746 0.000190 -1.000000 0.000746 0.000190 -1.000000 0.000757 0.000187 -1.000000 0.000751 0.000186 -1.000000 0.000748 0.000186 -1.000000 0.000748 0.000190 -1.000000 0.000752 0.000181 -1.000000 0.000748 0.000198 -1.000000 0.000746 0.000187 -1.000000 0.000755 0.000189 -1.000000 0.000747 0.000189 -1.000000 0.000746 0.000187 -1.000000 0.000748 0.000190 -1.000000 0.000747 0.000183 -1.000000 0.000747 0.000183 -1.000000 0.000754 0.000190 -1.000000 0.000755 0.000191 -1.000000 0.000746 0.000191 -1.000000 0.000746 0.000187 -1.000000 0.000753 0.000177 -1.000000 0.000755 0.000188 -1.000000 0.000750 0.000188 -1.000000 0.000738 0.000190 -1.000000 0.000748 0.000185 -1.000000 0.000746 0.000186 -1.000000 0.000747 0.000184 -1.000000 0.000746 0.000182 -1.000000 0.000752 0.000188 -1.000000 0.000749 0.000187 -1.000000 0.000749 0.000191 -1.000000 0.000748 0.000186 -1.000000 0.000747 0.000190 -1.000000 0.000745 0.000187 -1.000000 0.000748 0.000187 -1.000000 0.000745 0.000181 -1.000000 0.000754 0.000200 -1.000000 0.000747 0.000192 -1.000000 0.000750 0.000186 -0.000766 -0.939677 -0.342063 -0.000769 -0.939675 -0.342069 -0.000638 -0.939708 0.341979 -0.000636 -0.939706 0.341983 -0.000210 -0.500036 0.866005 -0.000210 -0.500037 0.866004 0.000314 0.173593 0.984817 0.000311 0.173585 0.984819 0.000690 0.766009 0.642829 0.000694 0.766018 0.642819 0.000749 1.000000 0.000051 0.000749 1.000000 0.000051 0.000453 0.766073 -0.642754 0.000452 0.766074 -0.642752 -0.000058 0.173695 -0.984800 -0.000052 0.173679 -0.984802 -0.000534 -0.499961 -0.866048 -0.000534 -0.499960 -0.866048 -0.000769 -0.939673 -0.342073 -0.000767 -0.939676 -0.342066 -0.000640 -0.939712 0.341966 -0.000637 -0.939708 0.341977 -0.000208 -0.500027 0.866010 -0.000209 -0.500030 0.866008 0.000318 0.173603 0.984816 0.000318 0.173603 0.984816 0.000696 0.766013 0.642825 0.000693 0.766008 0.642831 0.000750 1.000000 0.000042 0.000747 1.000000 0.000051 0.000450 0.766083 -0.642742 0.000454 0.766075 -0.642751 -0.000052 0.173677 -0.984803 -0.000058 0.173694 -0.984800 -0.000539 -0.499955 -0.866051 -0.000539 -0.499954 -0.866052 -0.000767 -0.939678 -0.342058 -0.000769 -0.939676 -0.342066 -0.000635 -0.939706 0.341982 -0.000640 -0.939712 0.341966 -0.000215 -0.500031 0.866007 -0.000214 -0.500030 0.866008 0.000311 0.173585 0.984819 0.000318 0.173603 0.984816 0.000695 0.766018 0.642819 0.000695 0.766018 0.642819 0.000747 1.000000 0.000051 0.000749 1.000000 0.000046 0.000451 0.766068 -0.642760 0.000452 0.766065 -0.642763 -0.000058 0.173715 -0.984796 -0.000058 0.173715 -0.984796 -0.000540 -0.499941 -0.866059 -0.000534 -0.499957 -0.866050 -0.990662 0.000736 0.136341 -0.990665 0.000736 0.136316 -0.990709 0.000750 -0.135997 -0.990716 0.000745 -0.135944 -0.917289 0.000703 -0.398221 -0.917289 0.000708 -0.398223 -0.775828 0.000614 -0.630945 -0.775835 0.000613 -0.630935 -0.576833 0.000473 -0.816862 -0.576831 0.000473 -0.816863 -0.335034 0.000297 -0.942206 -0.335075 0.000293 -0.942192 -0.068439 0.000096 -0.997655 -0.068413 0.000099 -0.997657 0.203282 -0.000104 -0.979120 0.203250 -0.000108 -0.979127 0.459891 -0.000303 -0.887975 0.459912 -0.000302 -0.887965 0.682411 -0.000476 -0.730968 0.682427 -0.000475 -0.730954 0.854319 -0.000612 -0.519749 0.854311 -0.000614 -0.519761 0.962869 -0.000706 -0.269969 0.962862 -0.000714 -0.269995 1.000000 -0.000754 -0.000187 1.000000 -0.000750 -0.000182 0.962972 -0.000734 0.269601 0.962962 -0.000727 0.269638 0.854500 -0.000658 0.519451 0.854533 -0.000668 0.519397 0.682685 -0.000549 0.730712 0.682674 -0.000546 0.730723 0.460267 -0.000387 0.887781 0.460222 -0.000383 0.887804 0.203623 -0.000194 0.979049 0.203636 -0.000198 0.979047 -0.068075 0.000004 0.997680 -0.068047 0.000000 0.997682 -0.334703 0.000203 0.942323 -0.334689 0.000202 0.942329 -0.576477 0.000389 0.817113 -0.576538 0.000398 0.817071 -0.775617 0.000555 0.631204 -0.775608 0.000552 0.631215 -0.917144 0.000669 0.398555 -0.917122 0.000668 0.398606 -0.000775 -1.000000 -0.000049 -0.000729 -1.000000 -0.000049 -0.000742 -1.000000 -0.000048 -0.000742 -1.000000 -0.000048 -0.000745 -1.000000 -0.000047 -0.000748 -1.000000 -0.000047 -0.000753 -1.000000 -0.000046 -0.000749 -1.000000 -0.000046 -0.000745 -1.000000 -0.000047 -0.000746 -1.000000 -0.000047 -0.000748 -1.000000 -0.000047 -0.000753 -1.000000 -0.000047 -0.000757 -1.000000 -0.000046 -0.000741 -1.000000 -0.000046 -0.000741 -1.000000 -0.000047 -0.000745 -1.000000 -0.000047 -0.000751 -1.000000 -0.000045 -0.000777 -1.000000 -0.000045 -0.000739 -1.000000 -0.000050 -0.000729 -1.000000 -0.000050 -0.000733 -1.000000 -0.000049 0.000188 -0.000047 1.000000 0.000188 -0.000047 1.000000 -0.081214 0.004373 0.996687 -0.003642 -0.005133 0.999980 0.087339 0.004954 0.996166 0.170495 -0.005265 0.985344 0.259020 0.004829 0.965860 0.339404 -0.005386 0.940625 0.422769 0.004712 0.906225 0.497964 -0.005509 0.867180 0.573740 0.004601 0.819025 0.641289 -0.005611 0.767279 0.707223 0.004510 0.706976 0.765058 -0.005696 0.643937 0.819249 0.004437 0.573420 0.865477 -0.005767 0.500916 0.906380 0.004373 0.422440 0.939441 -0.005818 0.342662 0.965970 0.004339 0.258618 0.984749 -0.005844 0.173881 0.996204 0.004324 0.086949 0.999983 -0.005845 -0.000180 0.996168 0.004336 -0.087355 0.984684 -0.005822 -0.174252 0.965871 0.004366 -0.258986 0.939326 -0.005780 -0.342977 0.906230 0.004419 -0.422762 0.865266 -0.005720 -0.501281 0.819028 0.004486 -0.573737 0.764823 -0.005637 -0.644215 0.706968 0.004576 -0.707231 0.641025 -0.005536 -0.767501 0.573427 0.004684 -0.819243 0.497615 -0.005423 -0.867381 0.422444 0.004795 -0.906376 0.339040 -0.005304 -0.940757 0.258635 0.004916 -0.965963 0.170143 -0.005172 -0.985406 0.086974 0.005049 -0.996198 -0.003997 -0.005036 -0.999979 -0.081578 0.004470 -0.996657 -0.178002 -0.004755 -0.984019 -0.242276 0.004338 -0.970198 -0.346566 -0.004281 -0.938016 -0.396471 0.004009 -0.918038 -0.504563 -0.003632 -0.863367 -0.540230 0.003480 -0.841510 -0.647109 -0.002803 -0.762392 -0.669635 0.002755 -0.742685 -0.769952 -0.001794 -0.638099 -0.781264 0.001815 -0.624198 -0.869272 -0.000626 -0.494333 -0.872230 0.000678 -0.489096 -0.177602 -0.004847 0.984090 -0.241893 0.004250 0.970294 -0.346230 -0.004369 0.938140 -0.396141 0.003922 0.918181 -0.504224 -0.003712 0.863565 -0.539898 0.003404 0.841723 -0.646863 -0.002871 0.762601 -0.669328 0.002680 0.742963 -0.769710 -0.001860 0.638391 -0.781026 0.001757 0.624497 -0.869086 -0.000672 0.494660 -0.872038 0.000635 0.489438 -0.000182 0.000045 -1.000000 -0.000188 0.000049 -1.000000 -0.130318 0.000052 0.991472 -0.130317 0.000052 0.991472 -0.382519 0.000246 0.923948 -0.382542 0.000242 0.923938 -0.608599 0.000417 0.793478 -0.608613 0.000420 0.793467 -0.793239 0.000567 0.608910 -0.793245 0.000569 0.608902 -0.923806 0.000677 0.382861 -0.923810 0.000675 0.382851 -0.991412 0.000738 0.130776 -0.991426 0.000729 0.130669 -0.991470 0.000742 -0.130337 -0.991468 0.000741 -0.130349 -0.923956 0.000703 -0.382498 -0.923946 0.000702 -0.382522 -0.793456 0.000616 -0.608628 -0.793494 0.000622 -0.608578 -0.608907 0.000493 -0.793242 -0.608891 0.000492 -0.793254 -0.382852 0.000328 -0.923810 -0.382863 0.000332 -0.923805 -0.130742 0.000146 -0.991417 -0.130706 0.000142 -0.991421 -0.000748 -1.000000 -0.000046 -0.000750 -1.000000 -0.000048 -0.000745 -1.000000 -0.000053 -0.000748 -1.000000 -0.000050 -0.000750 -1.000000 -0.000044 -0.000752 -1.000000 -0.000042 -0.000747 -1.000000 -0.000052 -0.000747 -1.000000 -0.000051 -0.000753 -1.000000 -0.000043 -0.000749 -1.000000 -0.000046 -0.000744 -1.000000 -0.000043 -0.000747 -1.000000 -0.000046 -0.000744 -1.000000 -0.000044 -0.000746 -1.000000 -0.000044 -0.000747 -1.000000 -0.000046 -0.000748 -1.000000 -0.000047 -0.000750 -1.000000 -0.000049 -0.000747 -1.000000 -0.000048 -0.000749 -1.000000 -0.000048 -0.000749 -1.000000 -0.000049 -0.000754 -1.000000 -0.000049 -0.000741 -1.000000 -0.000046 -0.000751 -1.000000 -0.000045 -0.000746 -1.000000 -0.000047 -0.000752 -1.000000 -0.000046 -0.000747 -1.000000 -0.000048 -0.000744 -1.000000 -0.000051 -0.000746 -1.000000 -0.000049 -0.000751 -1.000000 -0.000044 -0.000750 -1.000000 -0.000044 -0.000745 -1.000000 -0.000053 -0.000746 -1.000000 -0.000052 -0.000748 -1.000000 -0.000045 -0.000749 -1.000000 -0.000042 -0.000747 -1.000000 -0.000049 -0.000747 -1.000000 -0.000049 -0.000749 -1.000000 -0.000041 -0.000749 -1.000000 -0.000052 -0.000747 -1.000000 -0.000045 -0.000745 -1.000000 -0.000042 -0.000751 -1.000000 -0.000051 -0.000751 -1.000000 -0.000054 -0.000746 -1.000000 -0.000044 -0.000744 -1.000000 -0.000044 -0.000747 -1.000000 -0.000048 -0.000755 -1.000000 -0.000052 -0.000750 -1.000000 -0.000047 -0.000742 -1.000000 -0.000044 -0.000741 -1.000000 -0.000043 -0.000754 -1.000000 -0.000048 -0.000741 -1.000000 -0.000047 -0.000749 -1.000000 -0.000046 -0.000752 -1.000000 -0.000046 -0.000745 -1.000000 -0.000048 -0.000745 -1.000000 -0.000048 -0.000750 -1.000000 -0.000028 -0.000749 -1.000000 -0.000058 -0.000763 -1.000000 -0.000023 -0.000741 -1.000000 -0.000056 -0.000754 -1.000000 -0.000041 -0.000748 -1.000000 -0.000047 -0.000747 -1.000000 -0.000048 -0.000747 -1.000000 -0.000048 -0.000746 -1.000000 -0.000048 -0.000740 -1.000000 -0.000050 -0.000757 -1.000000 -0.000048 -0.000748 -1.000000 -0.000048 -0.000747 -1.000000 -0.000048 -0.000748 -1.000000 -0.000021 -0.000747 -1.000000 -0.000058 -0.000749 -1.000000 -0.000041 -0.000746 -1.000000 -0.000049 -0.000746 -1.000000 -0.000050 -0.000751 -1.000000 -0.000047 -0.000748 -1.000000 -0.000047 -0.000748 -1.000000 -0.000048 -0.000758 -1.000000 -0.000048 -0.000697 -1.000000 -0.000047 -0.000727 -1.000000 -0.000047 -0.000754 -1.000000 -0.000050 -0.000752 -1.000000 -0.000048 -0.000743 -1.000000 -0.000044 -0.000751 -1.000000 -0.000056 -0.000744 -1.000000 -0.000032 -0.000749 -1.000000 -0.000077 -0.000748 -1.000000 -0.000031 -0.000748 -1.000000 -0.000042 -0.000748 -1.000000 -0.000033 -0.000747 -1.000000 -0.000056 -0.000748 -1.000000 -0.000045 -0.000748 -1.000000 -0.000048 -0.000751 -1.000000 -0.000042 -0.000747 -1.000000 -0.000051 -0.000747 -1.000000 -0.000048 -0.000749 -1.000000 -0.000050 -0.000746 -1.000000 -0.000048 -0.000746 -1.000000 -0.000049 -0.000753 -1.000000 -0.000042 -0.000745 -1.000000 -0.000048 -0.000754 -1.000000 -0.000040 -0.000747 -1.000000 -0.000047 -0.000756 -1.000000 -0.000055 -0.000745 -1.000000 -0.000046 -0.000745 -1.000000 -0.000044 -0.000752 -1.000000 -0.000053 -0.000753 -1.000000 -0.000054 -0.000742 -1.000000 -0.000029 -0.000748 -1.000000 -0.000047 -0.000748 -1.000000 -0.000045 -0.000749 -1.000000 -0.000045 -0.000748 -1.000000 -0.000045 -0.000743 -1.000000 -0.000057 -0.000748 -1.000000 -0.000041 -0.000748 -1.000000 -0.000065 -0.000748 -1.000000 -0.000014 1.000000 -0.000749 -0.000191 1.000000 -0.000749 -0.000187 1.000000 -0.000744 -0.000191 -0.000187 0.000048 -1.000000 -0.000188 0.000046 -1.000000 -0.000188 0.000045 -1.000000 -1.000000 0.000749 0.000189 -1.000000 0.000744 0.000185 0.989849 -0.000755 0.142124 0.989844 -0.000747 0.142158 0.989797 -0.000734 -0.142481 0.989792 -0.000733 -0.142515 0.909550 -0.000659 -0.415595 0.909543 -0.000661 -0.415609 0.755633 -0.000535 -0.654995 0.755631 -0.000535 -0.654997 0.540481 -0.000366 -0.841356 0.540486 -0.000359 -0.841353 0.281594 -0.000159 -0.959534 0.281544 -0.000174 -0.959548 -0.000208 0.000038 -1.000000 -0.000149 0.000054 -1.000000 -0.281935 0.000260 -0.959434 -0.281919 0.000264 -0.959438 -0.540796 0.000453 -0.841154 -0.540836 0.000443 -0.841128 -0.755853 0.000595 -0.654741 -0.755874 0.000584 -0.654716 -0.909716 0.000689 -0.415231 -0.909696 0.000701 -0.415274 -0.989849 0.000747 -0.142124 -0.989848 0.000747 -0.142127 -0.989792 0.000734 0.142514 -0.989792 0.000734 0.142515 -0.909554 0.000661 0.415584 -0.909553 0.000661 0.415588 -0.755619 0.000535 0.655011 -0.755635 0.000541 0.654992 -0.540483 0.000370 0.841355 -0.540500 0.000376 0.841344 -0.281560 0.000176 0.959543 -0.281513 0.000165 0.959557 0.000194 -0.000046 1.000000 0.000164 -0.000038 1.000000 0.281878 -0.000248 0.959450 0.281920 -0.000260 0.959438 0.540819 -0.000450 0.841139 0.540789 -0.000447 0.841159 0.755867 -0.000601 0.654725 0.755875 -0.000606 0.654716 0.909715 -0.000709 0.415232 0.909708 -0.000708 0.415249 0.989849 -0.000755 0.142122 0.989849 -0.000754 0.142123 0.989797 -0.000742 -0.142485 0.989796 -0.000742 -0.142492 0.909541 -0.000670 -0.415614 0.909563 -0.000654 -0.415565 0.755633 -0.000529 -0.654995 0.755623 -0.000535 -0.655007 0.540490 -0.000366 -0.841351 0.540467 -0.000370 -0.841365 0.281554 -0.000169 -0.959545 0.281561 -0.000169 -0.959543 -0.000179 0.000046 -1.000000 -0.000208 0.000038 -1.000000 -0.281927 0.000247 -0.959436 -0.281884 0.000257 -0.959449 -0.540807 0.000447 -0.841146 -0.540807 0.000443 -0.841147 -0.755865 0.000595 -0.654727 -0.755886 0.000600 -0.654703 -0.909710 0.000702 -0.415244 -0.909681 0.000694 -0.415307 -0.989857 0.000740 -0.142064 -0.989841 0.000755 -0.142179 -0.989797 0.000741 0.142484 -0.989788 0.000734 0.142545 -0.909552 0.000661 0.415590 -0.909564 0.000659 0.415563 -0.755597 0.000532 0.655037 -0.755604 0.000546 0.655028 -0.540527 0.000376 0.841326 -0.540435 0.000358 0.841386 -0.281569 0.000161 0.959541 -0.281570 0.000167 0.959541 0.000179 -0.000046 1.000000 0.000208 -0.000054 1.000000 0.281928 -0.000262 0.959435 0.281905 -0.000264 0.959442 0.540857 -0.000454 0.841114 0.540773 -0.000437 0.841168 0.755855 -0.000590 0.654739 0.755867 -0.000596 0.654725 0.909713 -0.000703 0.415238 0.909715 -0.000708 0.415233 1.000000 -0.000748 -0.000190 1.000000 -0.000755 -0.000184 -0.000188 0.000046 -1.000000 -0.000188 0.000053 -1.000000 -1.000000 0.000748 0.000187 -1.000000 0.000748 0.000187 -0.000763 -1.000000 -0.000047 -0.000780 -1.000000 -0.000047 -0.000720 -1.000000 -0.000044 -0.000749 -1.000000 -0.000048 -0.000752 -1.000000 -0.000046 -0.000752 -1.000000 -0.000046 -0.000737 -1.000000 -0.000047 -0.000766 -1.000000 -0.000048 -0.000765 -1.000000 -0.000048 -0.000748 -1.000000 -0.000256 -0.000749 -1.000000 -0.000047 -0.000759 -1.000000 -0.000042 -0.000745 -1.000000 -0.000047 -0.000755 -1.000000 -0.000046 -0.000746 -1.000000 -0.000048 -0.000749 -1.000000 -0.000047 -0.000753 -1.000000 -0.000044 -0.000737 -1.000000 -0.000053 -0.000771 -1.000000 -0.000047 -0.000740 -1.000000 -0.000045 -0.000733 -1.000000 -0.000046 -0.000748 -1.000000 0.000173 -0.000748 -1.000000 -0.000048 -0.000752 -1.000000 -0.000046 -0.000740 -1.000000 -0.000046 -0.000750 -1.000000 -0.000048 -0.000747 -1.000000 -0.000047 -0.000740 -1.000000 -0.000050 -0.000754 -1.000000 -0.000046 -0.000732 -1.000000 -0.000049 -0.000777 -1.000000 -0.000048 -0.000753 -1.000000 -0.000048 -0.000756 -1.000000 -0.000049 -0.000739 -1.000000 -0.000042 -0.000756 -1.000000 -0.000049 -0.000737 -1.000000 -0.000049 -0.000750 -1.000000 -0.000047 -0.000731 -1.000000 -0.000049 -0.000775 -1.000000 -0.000046 -0.000755 -1.000000 -0.000047 -0.000750 -1.000000 -0.000047 -0.000745 -1.000000 -0.000046 -0.000752 -1.000000 -0.000046 -0.000746 -1.000000 -0.000047 -0.000735 -1.000000 -0.000049 -0.000810 -1.000000 -0.000046 -0.000744 -1.000000 -0.000046 -0.000755 -1.000000 -0.000049 -0.000742 -1.000000 -0.000043 -0.000741 -1.000000 -0.000050 -0.000743 -1.000000 -0.000052 -0.000776 -1.000000 -0.000043 -0.000735 -1.000000 -0.000048 -0.000703 -1.000000 -0.000050 0.000763 1.000000 0.000048 0.000758 1.000000 0.000048 0.000737 1.000000 0.000049 0.000748 1.000000 0.000047 0.000741 1.000000 0.000043 0.000755 1.000000 0.000049 0.000761 1.000000 0.000047 0.000721 1.000000 0.000047 0.000742 1.000000 0.000048 0.000748 1.000000 0.000256 0.000748 1.000000 -0.000173 0.000748 1.000000 0.000048 0.000753 1.000000 0.000046 0.000741 1.000000 0.000050 0.000756 1.000000 0.000046 0.000748 1.000000 0.000048 0.000777 1.000000 0.000047 0.000733 1.000000 0.000048 0.000736 1.000000 0.000049 0.000750 1.000000 0.000047 0.000757 1.000000 0.000049 0.000742 1.000000 0.000044 0.000755 1.000000 0.000048 0.000739 1.000000 0.000048 0.000772 1.000000 0.000047 0.000754 1.000000 0.000047 0.000746 1.000000 0.000047 0.000752 1.000000 0.000046 0.000749 1.000000 0.000047 0.000761 1.000000 0.000055 0.000738 1.000000 0.000043 0.000742 1.000000 0.000044 0.000749 1.000000 0.000047 0.000765 1.000000 0.000047 0.000778 1.000000 0.000048 0.000750 1.000000 0.000049 0.000745 1.000000 0.000049 0.000739 1.000000 0.000054 0.000753 1.000000 0.000046 0.000745 1.000000 0.000047 0.000761 1.000000 0.000047 0.000726 1.000000 0.000045 0.000745 1.000000 0.000043 0.000752 1.000000 0.000049 0.000749 1.000000 0.000046 0.000761 1.000000 0.000050 0.000692 1.000000 0.000044 0.000755 1.000000 0.000045 0.000748 1.000000 0.000047 0.000736 1.000000 0.000052 0.000757 1.000000 0.000039 0.000744 1.000000 0.000048 0.000751 1.000000 0.000047 0.000709 1.000000 0.000046 1.000000 -0.000747 -0.000189 1.000000 -0.000747 -0.000187 -0.000188 0.000047 -1.000000 -0.000188 0.000047 -1.000000 -1.000000 0.000747 0.000191 -1.000000 0.000747 0.000189 0.000188 -0.000047 1.000000 0.000188 -0.000047 1.000000 0.000188 -0.000048 1.000000 0.000189 -0.000046 1.000000 0.000187 -0.000053 1.000000 0.000187 -0.000046 1.000000 0.000183 -0.000054 1.000000 0.000184 -0.000043 1.000000 0.000186 -0.000046 1.000000 0.000187 -0.000046 1.000000 0.000187 -0.000046 1.000000 0.000748 1.000000 0.000047 0.000748 1.000000 0.000048 1.000000 -0.000748 -0.000199 1.000000 -0.000748 -0.000187 -1.000000 0.000748 0.000197 -1.000000 0.000748 0.000189 -0.000185 0.000045 -1.000000 -0.000187 0.000048 -1.000000 -0.000190 0.000047 -1.000000 -0.000188 0.000051 -1.000000 -0.000191 0.000047 -1.000000 -0.000184 0.000047 -1.000000 0.000191 -0.000038 1.000000 0.000187 -0.000047 1.000000 0.000189 -0.000048 1.000000 0.000185 -0.000038 1.000000 0.000184 -0.000047 1.000000 0.000191 -0.000048 1.000000 0.000748 1.000000 0.000046 0.000747 1.000000 0.000048 -0.000747 -1.000000 -0.000044 -0.000748 -1.000000 -0.000046 0.000749 1.000000 0.000048 0.000748 1.000000 0.000048 -1.000000 0.000744 0.000191 -1.000000 0.000750 0.000186 -1.000000 0.000750 0.000191 -1.000000 0.000750 0.000189 -0.000748 -1.000000 -0.000048 -0.000748 -1.000000 -0.000048 -0.000758 -0.998023 -0.062837 -0.000758 -0.998023 -0.062839 -0.000736 -0.998030 0.062738 -0.000734 -0.998030 0.062742 -0.000698 -0.982295 0.187338 -0.000699 -0.982296 0.187335 -0.000653 -0.951070 0.308975 -0.000656 -0.951071 0.308972 -0.000600 -0.904850 0.425731 -0.000596 -0.904845 0.425740 -0.000530 -0.844352 0.535789 -0.000533 -0.844353 0.535787 -0.000459 -0.770542 0.637389 -0.000463 -0.770545 0.637386 -0.000382 -0.684583 0.728935 -0.000377 -0.684577 0.728940 -0.000290 -0.587826 0.808987 -0.000288 -0.587826 0.808988 -0.000196 -0.481787 0.876289 -0.000199 -0.481789 0.876287 -0.000104 -0.368176 0.929756 -0.000101 -0.368171 0.929758 -0.000004 -0.248740 0.968570 -0.000001 -0.248734 0.968572 0.000096 -0.125367 0.992110 0.000089 -0.125379 0.992109 0.000184 -0.000059 1.000000 0.000191 -0.000045 1.000000 0.000283 0.125292 0.992120 0.000280 0.125287 0.992120 0.000368 0.248642 0.968596 0.000367 0.248642 0.968595 0.000449 0.368084 0.929793 0.000450 0.368084 0.929792 0.000525 0.481711 0.876330 0.000522 0.481706 0.876333 0.000589 0.587740 0.809050 0.000594 0.587752 0.809041 0.000651 0.684518 0.728996 0.000644 0.684511 0.729002 0.000692 0.770483 0.637460 0.000695 0.770483 0.637460 0.000732 0.844302 0.535868 0.000734 0.844305 0.535863 0.000759 0.904806 0.425823 0.000757 0.904806 0.425823 0.000770 0.951041 0.309063 0.000770 0.951042 0.309061 0.000770 0.982278 0.187429 0.000771 0.982278 0.187429 0.000758 0.998024 0.062835 0.000757 0.998023 0.062837 0.000735 0.998030 -0.062742 0.000735 0.998029 -0.062744 0.000700 0.982296 -0.187334 0.000699 0.982296 -0.187335 0.000653 0.951070 -0.308975 0.000653 0.951070 -0.308976 0.000598 0.904849 -0.425732 0.000595 0.904851 -0.425728 0.000528 0.844349 -0.535793 0.000529 0.844352 -0.535788 0.000455 0.770551 -0.637378 0.000462 0.770542 -0.637389 0.000382 0.684576 -0.728941 0.000373 0.684588 -0.728930 0.000286 0.587819 -0.808993 0.000286 0.587819 -0.808992 0.000193 0.481797 -0.876283 0.000193 0.481802 -0.876280 0.000098 0.368170 -0.929759 0.000104 0.368158 -0.929763 0.000007 0.248731 -0.968573 0.000008 0.248729 -0.968573 -0.000089 0.125390 -0.992108 -0.000083 0.125379 -0.992109 -0.000178 0.000036 -1.000000 -0.000191 0.000057 -1.000000 -0.000283 -0.125287 -0.992120 -0.000283 -0.125286 -0.992121 -0.000370 -0.248637 -0.968597 -0.000364 -0.248646 -0.968595 -0.000446 -0.368081 -0.929794 -0.000447 -0.368079 -0.929794 -0.000522 -0.481709 -0.876331 -0.000521 -0.481713 -0.876329 -0.000588 -0.587751 -0.809042 -0.000588 -0.587754 -0.809040 -0.000646 -0.684514 -0.728999 -0.000652 -0.684506 -0.729007 -0.000699 -0.770478 -0.637466 -0.000693 -0.770485 -0.637457 -0.000730 -0.844307 -0.535860 -0.000733 -0.844300 -0.535871 -0.000757 -0.904806 -0.425823 -0.000756 -0.904808 -0.425820 -0.000769 -0.951041 -0.309063 -0.000768 -0.951042 -0.309062 -0.000768 -0.982279 -0.187424 -0.000770 -0.982278 -0.187428 -0.000747 -1.000000 -0.000047 -0.000749 -1.000000 -0.000047 -0.000191 0.000041 -1.000000 -0.000184 0.000048 -1.000000 -0.000747 -1.000000 -0.000047 -0.000747 -1.000000 -0.000047 0.000197 -0.000051 1.000000 0.000184 -0.000038 1.000000 -0.000748 -1.000000 -0.000048 -0.000748 -1.000000 -0.000048 0.000138 -0.078491 0.996915 0.000125 -0.078520 0.996912 0.000005 -0.233481 0.972361 0.000011 -0.233497 0.972358 -0.000110 -0.382729 0.923861 -0.000110 -0.382729 0.923861 -0.000228 -0.522545 0.852612 -0.000234 -0.522527 0.852622 -0.000346 -0.649485 0.760374 -0.000342 -0.649490 0.760370 -0.000447 -0.760436 0.649413 -0.000447 -0.760435 0.649414 -0.000540 -0.852666 0.522456 -0.000540 -0.852665 0.522458 -0.000620 -0.923897 0.382641 -0.000619 -0.923898 0.382639 -0.000684 -0.972379 0.233405 -0.000682 -0.972380 0.233403 -0.000730 -0.996921 0.078409 -0.000731 -0.996921 0.078413 0.000184 -0.000046 1.000000 0.000197 -0.000048 1.000000 0.000760 0.996913 0.078508 0.000761 0.996914 0.078505 0.000771 0.972360 0.233487 0.000772 0.972359 0.233492 0.000764 0.923860 0.382730 0.000761 0.923864 0.382720 0.000733 0.852618 0.522534 0.000739 0.852610 0.522547 0.000695 0.760380 0.649478 0.000696 0.760376 0.649483 0.000635 0.649402 0.760445 0.000626 0.649417 0.760432 0.000548 0.522454 0.852668 0.000549 0.522463 0.852662 0.000457 0.382642 0.923897 0.000457 0.382636 0.923899 0.000354 0.233396 0.972382 0.000360 0.233376 0.972387 0.000249 0.078420 0.996920 0.000242 0.078436 0.996919 0.000747 1.000000 0.000046 0.000747 1.000000 0.000046 0.000197 -0.000057 1.000000 0.000178 -0.000038 1.000000 0.000749 1.000000 0.000047 0.000746 1.000000 0.000047 -0.000194 0.000045 -1.000000 -0.000188 0.000051 -1.000000 0.000748 1.000000 0.000048 0.000747 1.000000 0.000047 -0.000184 0.000048 -1.000000 -0.000191 0.000047 -1.000000 -1.000000 0.000747 0.000186 -1.000000 0.000745 0.000187 -1.000000 0.000770 0.000213 -1.000000 0.000749 0.000185 -1.000000 0.000750 0.000185 -1.000000 0.000733 0.000184 -1.000000 0.000749 0.000188 -1.000000 0.000749 0.000192 -1.000000 0.000748 0.000170 -1.000000 0.000746 0.000188 -1.000000 0.000753 0.000196 -1.000000 0.000747 0.000177 -1.000000 0.000750 0.000196 -1.000000 0.000746 0.000178 -1.000000 0.000749 0.000190 -1.000000 0.000744 0.000200 -1.000000 0.000748 0.000188 -1.000000 0.000749 0.000229 -1.000000 0.000753 0.000167 -1.000000 0.000742 0.000190 -1.000000 0.000752 0.000178 -1.000000 0.000747 0.000185 -1.000000 0.000740 0.000198 -1.000000 0.000755 0.000181 -1.000000 0.000746 0.000187 -1.000000 0.000748 0.000196 -1.000000 0.000749 0.000168 -1.000000 0.000745 0.000188 -1.000000 0.000740 0.000196 -1.000000 0.000750 0.000182 -1.000000 0.000747 0.000193 -1.000000 0.000750 0.000178 -1.000000 0.000749 0.000187 -1.000000 0.000745 0.000186 -1.000000 0.000757 0.000201 -1.000000 0.000750 0.000185 -1.000000 0.000733 0.000171 -1.000000 0.000757 0.000200 -1.000000 0.000748 0.000192 -1.000000 0.000749 0.000189 -1.000000 0.000747 0.000197 -1.000000 0.000746 0.000180 -1.000000 0.000743 0.000182 -1.000000 0.000744 0.000185 -1.000000 0.000744 0.000192 -1.000000 0.000763 0.000178 -1.000000 0.000745 0.000197 -1.000000 0.000748 0.000180 -1.000000 0.000749 0.000191 -1.000000 0.000749 0.000186 -1.000000 0.000745 0.000194 -1.000000 0.000761 0.000160 -1.000000 0.000746 0.000187 -1.000000 0.000736 0.000215 -1.000000 0.000755 0.000181 -1.000000 0.000750 0.000190 -1.000000 0.000738 0.000200 -1.000000 0.000747 0.000189 -1.000000 0.000739 0.000195 -1.000000 0.000752 0.000188 -1.000000 0.000742 0.000185 -1.000000 0.000746 0.000193 -1.000000 0.000759 0.000180 -1.000000 0.000755 0.000186 -1.000000 0.000732 0.000205 -1.000000 0.000764 0.000172 -1.000000 0.000738 0.000189 -1.000000 0.000748 0.000186 -1.000000 0.000744 0.000193 -1.000000 0.000749 0.000188 -1.000000 0.000745 0.000186 -1.000000 0.000752 0.000188 -1.000000 0.000752 0.000187 -1.000000 0.000742 0.000185 -1.000000 0.000749 0.000188 -1.000000 0.000748 0.000190 -1.000000 0.000743 0.000179 -1.000000 0.000751 0.000189 -1.000000 0.000758 0.000200 -1.000000 0.000742 0.000170 -1.000000 0.000753 0.000193 -1.000000 0.000752 0.000192 1.000000 -0.000759 -0.000195 1.000000 -0.000749 -0.000187 1.000000 -0.000750 -0.000186 1.000000 -0.000757 -0.000176 1.000000 -0.000750 -0.000188 1.000000 -0.000744 -0.000196 1.000000 -0.000749 -0.000188 1.000000 -0.000745 -0.000204 1.000000 -0.000745 -0.000185 1.000000 -0.000747 -0.000188 1.000000 -0.000742 -0.000196 1.000000 -0.000751 -0.000184 1.000000 -0.000749 -0.000193 1.000000 -0.000757 -0.000195 1.000000 -0.000752 -0.000191 1.000000 -0.000746 -0.000184 1.000000 -0.000745 -0.000180 1.000000 -0.000745 -0.000202 1.000000 -0.000746 -0.000185 1.000000 -0.000744 -0.000179 1.000000 -0.000756 -0.000202 1.000000 -0.000743 -0.000185 1.000000 -0.000753 -0.000190 1.000000 -0.000749 -0.000201 1.000000 -0.000736 -0.000133 1.000000 -0.000749 -0.000192 1.000000 -0.000748 -0.000192 1.000000 -0.000762 -0.000150 1.000000 -0.000742 -0.000199 1.000000 -0.000746 -0.000190 1.000000 -0.000755 -0.000179 1.000000 -0.000748 -0.000186 1.000000 -0.000737 -0.000191 1.000000 -0.000746 -0.000190 1.000000 -0.000745 -0.000173 1.000000 -0.000745 -0.000195 1.000000 -0.000749 -0.000177 1.000000 -0.000728 -0.000197 1.000000 -0.000757 -0.000182 1.000000 -0.000757 -0.000176 1.000000 -0.000750 -0.000186 1.000000 -0.000747 -0.000189 1.000000 -0.000756 -0.000190 1.000000 -0.000757 -0.000200 1.000000 -0.000744 -0.000182 1.000000 -0.000736 -0.000164 1.000000 -0.000760 -0.000212 1.000000 -0.000748 -0.000156 1.000000 -0.000749 -0.000196 1.000000 -0.000753 -0.000197 1.000000 -0.000749 -0.000194 1.000000 -0.000745 -0.000184 1.000000 -0.000747 -0.000177 1.000000 -0.000753 -0.000193 1.000000 -0.000742 -0.000181 1.000000 -0.000758 -0.000200 1.000000 -0.000751 -0.000189 1.000000 -0.000743 -0.000179 1.000000 -0.000758 -0.000192 1.000000 -0.000750 -0.000188 1.000000 -0.000758 -0.000185 1.000000 -0.000735 -0.000181 1.000000 -0.000731 -0.000178 1.000000 -0.000755 -0.000190 1.000000 -0.000749 -0.000188 1.000000 -0.000744 -0.000184 1.000000 -0.000749 -0.000189 1.000000 -0.000747 -0.000184 1.000000 -0.000744 -0.000196 1.000000 -0.000749 -0.000184 1.000000 -0.000753 -0.000186 1.000000 -0.000746 -0.000184 1.000000 -0.000763 -0.000181 1.000000 -0.000742 -0.000185 1.000000 -0.000752 -0.000188 1.000000 -0.000739 -0.000197 1.000000 -0.000747 -0.000189 1.000000 -0.000738 -0.000200 1.000000 -0.000750 -0.000179 1.000000 -0.000755 -0.000170 1.000000 -0.000745 -0.000172 1.000000 -0.000752 -0.000181 -0.000189 0.000051 -1.000000 -0.000188 0.000045 -1.000000 1.000000 -0.000750 -0.000185 1.000000 -0.000744 -0.000188 0.000188 -0.000048 1.000000 0.000188 -0.000047 1.000000 -1.000000 0.000750 0.000188 -1.000000 0.000750 0.000185 1.000000 -0.000744 -0.000189 1.000000 -0.000750 -0.000187 -1.000000 0.000757 0.000190 -1.000000 0.000750 0.000187 -0.000178 0.000038 -1.000000 0.000191 -0.000045 1.000000 0.000185 -0.000057 1.000000 -1.000000 0.000737 0.000185 -1.000000 0.000750 0.000196 -0.000188 0.000045 -1.000000 -0.195311 0.000190 -0.980741 -0.195275 0.000196 -0.980749 0.194936 -0.000096 -0.980816 0.194919 -0.000101 -0.980819 0.555410 -0.000376 -0.831577 0.555409 -0.000374 -0.831577 0.831365 -0.000595 -0.555726 0.831345 -0.000599 -0.555756 0.980751 -0.000727 -0.195262 0.980750 -0.000721 -0.195264 0.980821 -0.000738 0.194910 0.980823 -0.000745 0.194897 0.831588 -0.000649 0.555393 0.831568 -0.000647 0.555423 0.555722 -0.000456 0.831368 0.555687 -0.000448 0.831392 0.195254 -0.000186 0.980753 0.195309 -0.000196 0.980742 -0.194899 0.000096 0.980823 -0.194901 0.000096 0.980823 -0.555408 0.000374 0.831578 -0.555422 0.000380 0.831568 -0.831373 0.000599 0.555715 -0.831336 0.000594 0.555770 -0.980751 0.000721 0.195259 -0.980750 0.000720 0.195268 -0.980825 0.000739 -0.194887 -0.980816 0.000744 -0.194936 -0.831579 0.000647 -0.555407 -0.831584 0.000647 -0.555399 -0.555700 0.000456 -0.831383 -0.555685 0.000454 -0.831393 -0.195312 0.000195 -0.980741 -0.195299 0.000196 -0.980744 0.194925 -0.000096 -0.980818 0.194948 -0.000091 -0.980814 0.555394 -0.000373 -0.831587 0.555385 -0.000374 -0.831593 0.831358 -0.000596 -0.555737 0.831364 -0.000599 -0.555728 0.980751 -0.000727 -0.195259 0.980743 -0.000727 -0.195303 0.980826 -0.000745 0.194885 0.980827 -0.000738 0.194880 0.831564 -0.000643 0.555429 0.831557 -0.000652 0.555440 0.555698 -0.000459 0.831384 0.555717 -0.000457 0.831371 0.195270 -0.000193 0.980750 0.195304 -0.000196 0.980743 -0.194915 0.000096 0.980820 -0.194913 0.000098 0.980820 -0.555396 0.000373 0.831586 -0.555425 0.000380 0.831567 -0.831374 0.000599 0.555713 -0.980751 0.000727 0.195260 -0.980752 0.000721 0.195254 -0.980826 0.000738 -0.194885 -0.980829 0.000745 -0.194871 -0.831549 0.000649 -0.555451 -0.831560 0.000647 -0.555435 -0.555722 0.000456 -0.831368 -0.555709 0.000456 -0.831377 -0.000188 0.000042 -1.000000 -0.000188 0.000052 -1.000000 0.993691 -0.000734 -0.112149 0.993692 -0.000734 -0.112138 0.943811 -0.000687 -0.330484 0.943825 -0.000692 -0.330446 0.846627 -0.000610 -0.532187 0.846629 -0.000610 -0.532184 0.706973 -0.000497 -0.707240 0.706993 -0.000496 -0.707220 0.531856 -0.000361 -0.846835 0.531896 -0.000358 -0.846810 0.330082 -0.000203 -0.943952 0.330098 -0.000203 -0.943947 0.111803 -0.000037 -0.993730 0.111783 -0.000043 -0.993733 1.000000 -0.000750 -0.000186 1.000000 -0.000744 -0.000189 0.112139 -0.000134 0.993692 0.112144 -0.000134 0.993692 0.330461 -0.000294 0.943820 0.330457 -0.000290 0.943821 0.532147 -0.000437 0.846652 0.532205 -0.000448 0.846615 0.707265 -0.000571 0.706948 0.707239 -0.000562 0.706974 0.846799 -0.000657 0.531912 0.846851 -0.000661 0.531829 0.943932 -0.000721 0.330140 0.943947 -0.000725 0.330097 0.993733 -0.000751 0.111780 0.993734 -0.000751 0.111768 0.000188 -0.000045 1.000000 0.000188 -0.000051 1.000000 -1.000000 0.000750 0.000187 -1.000000 0.000750 0.000188 0.000748 1.000000 0.000048 0.000748 1.000000 0.000048 0.000749 1.000000 0.000045 0.000751 1.000000 0.000047 0.000728 1.000000 0.000048 0.000752 1.000000 0.000048 0.000748 1.000000 0.000047 0.000748 1.000000 0.000048 0.000748 1.000000 0.000048 0.000749 1.000000 0.000047 0.000749 1.000000 0.000047 0.000746 1.000000 0.000047 0.000746 1.000000 0.000048 0.000748 1.000000 0.000050 0.000748 1.000000 0.000046 0.000749 1.000000 0.000047 0.000746 1.000000 0.000048 0.000733 1.000000 0.000050 0.000749 1.000000 0.000047 0.000746 1.000000 0.000048 0.000748 1.000000 0.000046 0.000746 1.000000 0.000040 0.000749 1.000000 0.000050 0.000749 1.000000 0.000050 0.000743 1.000000 0.000042 0.000744 1.000000 0.000044 0.000751 1.000000 0.000071 0.000747 1.000000 0.000048 0.000748 1.000000 0.000049 0.000748 1.000000 0.000046 0.000748 1.000000 0.000047 0.000745 1.000000 0.000057 0.000750 1.000000 0.000037 0.000748 1.000000 0.000047 0.000746 1.000000 0.000047 0.000747 1.000000 0.000046 0.000743 1.000000 0.000045 0.000751 1.000000 0.000047 0.000763 1.000000 0.000048 0.000751 1.000000 0.000045 0.000752 1.000000 0.000048 0.000726 1.000000 0.000035 0.000756 1.000000 0.000049 0.000751 1.000000 0.000048 0.000744 1.000000 0.000048 0.000746 1.000000 0.000045 0.000764 1.000000 0.000042 0.000747 1.000000 0.000048 0.000755 1.000000 0.000044 0.000749 1.000000 0.000049 0.000737 1.000000 0.000038 0.000751 1.000000 0.000048 0.000749 1.000000 0.000050 0.000748 1.000000 0.000047 0.000746 1.000000 0.000049 0.000749 1.000000 0.000048 0.000757 1.000000 0.000036 0.000748 1.000000 0.000048 0.000747 1.000000 0.000050 0.000748 1.000000 0.000026 0.000737 1.000000 0.000025 0.000750 1.000000 0.000050 0.000743 1.000000 0.000047 0.000747 1.000000 0.000044 0.000748 1.000000 0.000049 0.000748 1.000000 0.000047 0.000747 1.000000 0.000048 0.000749 1.000000 0.000046 0.000746 1.000000 0.000053 0.000748 1.000000 0.000034 -0.000748 -1.000000 -0.000048 -0.000748 -1.000000 -0.000046 -0.000748 -1.000000 -0.000047 -0.000749 -1.000000 -0.000048 -0.000747 -1.000000 -0.000047 -0.000750 -1.000000 -0.000046 -0.000748 -1.000000 -0.000047 -0.000751 -1.000000 -0.000058 -0.000752 -1.000000 -0.000047 -0.000755 -1.000000 -0.000048 -0.000751 -1.000000 -0.000047 -0.000748 -1.000000 -0.000046 -0.000748 -1.000000 -0.000047 -0.000746 -1.000000 -0.000041 -0.000748 -1.000000 -0.000047 -0.000763 -1.000000 -0.000048 -0.000750 -1.000000 -0.000047 -0.000750 -1.000000 -0.000047 -0.000749 -1.000000 -0.000047 -0.000747 -1.000000 -0.000048 -0.000748 -1.000000 -0.000047 -0.000748 -1.000000 -0.000047 -0.000752 -1.000000 -0.000047 -0.000740 -1.000000 -0.000042 -0.000751 -1.000000 -0.000047 -0.000746 -1.000000 -0.000042 -0.000748 -1.000000 -0.000047 -0.000748 -1.000000 -0.000047 -0.000749 -1.000000 -0.000049 -0.000749 -1.000000 -0.000039 -0.000751 -1.000000 -0.000050 -0.000747 -1.000000 -0.000040 -0.000754 -1.000000 -0.000049 -0.000747 -1.000000 -0.000044 -0.000744 -1.000000 -0.000051 -0.000765 -1.000000 -0.000042 -0.000746 -1.000000 -0.000047 -0.000738 -1.000000 -0.000048 -0.000751 -1.000000 -0.000038 -0.000749 -1.000000 -0.000040 -0.000748 -1.000000 -0.000046 -0.000740 -1.000000 -0.000042 -0.000748 -1.000000 -0.000048 -0.000760 -1.000000 -0.000036 -0.000754 -1.000000 -0.000042 -0.000736 -1.000000 -0.000055 -0.000748 -1.000000 -0.000047 -0.000754 -1.000000 -0.000050 -0.000740 -1.000000 -0.000042 -0.000753 -1.000000 -0.000050 -0.000749 -1.000000 -0.000048 -0.000749 -1.000000 -0.000052 -0.000747 -1.000000 -0.000050 -0.000741 -1.000000 -0.000052 -0.000764 -1.000000 -0.000043 -0.000739 -1.000000 -0.000051 -0.000767 -1.000000 -0.000044 -0.000743 -1.000000 -0.000045 -0.000748 -1.000000 -0.000048 -0.000753 -1.000000 -0.000035 -0.000751 -1.000000 -0.000041 -0.000741 -1.000000 -0.000058 -0.000747 -1.000000 -0.000048 -0.000748 -1.000000 -0.000046 -0.000746 -1.000000 -0.000053 -0.000749 -1.000000 -0.000047 -0.000747 -1.000000 -0.000041 -0.000750 -1.000000 -0.000052 -0.000748 -1.000000 -0.000048 -0.000761 -1.000000 -0.000099 1.000000 -0.000750 -0.000187 1.000000 -0.000750 -0.000188 -1.000000 0.000757 0.000188 -1.000000 0.000744 0.000187 0.000188 -0.000051 1.000000 -1.000000 0.000750 0.000191 -1.000000 0.000744 0.000185 -0.000191 0.000045 -1.000000 -0.000188 0.000038 -1.000000 -0.156623 0.000154 -0.987659 -0.156602 0.000162 -0.987662 0.156253 -0.000074 -0.987717 0.156240 -0.000079 -0.987719 0.453818 -0.000304 -0.891094 0.453842 -0.000298 -0.891082 0.706976 -0.000494 -0.707237 0.706956 -0.000499 -0.707257 0.890906 -0.000651 -0.454188 0.890928 -0.000645 -0.454145 0.987662 -0.000729 -0.156600 0.987666 -0.000727 -0.156577 0.987714 -0.000742 0.156271 0.987718 -0.000749 0.156246 0.891101 -0.000693 0.453805 0.891079 -0.000690 0.453848 0.707265 -0.000564 0.706948 0.707223 -0.000560 0.706990 0.454155 -0.000380 0.890923 0.454151 -0.000383 0.890925 0.156628 -0.000165 0.987658 0.156624 -0.000165 0.987658 -0.156259 0.000070 0.987716 -0.156258 0.000070 0.987716 -0.453819 0.000298 0.891094 -0.453830 0.000301 0.891088 -0.706974 0.000499 0.707240 -0.706979 0.000492 0.707234 -0.890899 0.000641 0.454201 -0.890929 0.000644 0.454142 -0.987656 0.000732 0.156639 -0.987664 0.000734 0.156590 -0.987715 0.000748 -0.156268 -0.987724 0.000748 -0.156208 -0.891079 0.000689 -0.453848 -0.891094 0.000683 -0.453819 -0.707264 0.000558 -0.706949 -0.707207 0.000571 -0.707006 -0.454153 0.000389 -0.890923 -0.454206 0.000372 -0.890897 0.000743 1.000000 0.000029 0.000752 1.000000 0.000069 0.000751 1.000000 0.000054 0.000745 1.000000 0.000046 0.000748 1.000000 0.000046 0.000743 1.000000 0.000042 0.000748 1.000000 0.000049 0.000748 1.000000 0.000047 0.000750 1.000000 0.000047 0.000748 1.000000 0.000047 0.000740 1.000000 0.000051 0.000755 1.000000 0.000043 0.000751 1.000000 0.000043 0.000747 1.000000 0.000047 0.000743 1.000000 0.000041 0.000738 1.000000 0.000054 0.000753 1.000000 0.000039 0.000749 1.000000 0.000047 0.000744 1.000000 0.000063 0.000733 1.000000 0.000075 0.000751 1.000000 -0.000002 0.000748 1.000000 0.000047 0.000748 1.000000 0.000047 0.000753 1.000000 0.000048 0.000747 1.000000 0.000048 0.000748 1.000000 0.000047 0.000746 1.000000 0.000047 0.000750 1.000000 0.000050 0.000748 1.000000 0.000049 0.000748 1.000000 0.000048 0.000748 1.000000 0.000047 0.000749 1.000000 0.000053 0.000747 1.000000 0.000041 0.000748 1.000000 0.000046 0.000748 1.000000 0.000041 0.000748 1.000000 0.000052 0.000748 1.000000 0.000050 0.000747 1.000000 0.000039 0.000750 1.000000 0.000058 0.000748 1.000000 0.000047 0.000749 1.000000 0.000041 0.000747 1.000000 0.000048 0.000751 1.000000 0.000048 0.000744 1.000000 0.000045 0.000751 1.000000 0.000049 0.000746 1.000000 0.000047 0.000745 1.000000 0.000050 0.000745 1.000000 0.000047 0.000752 1.000000 0.000044 0.000755 1.000000 0.000044 0.000747 1.000000 0.000047 0.000748 1.000000 0.000048 0.000748 1.000000 0.000048 0.000188 -0.000051 1.000000 0.000188 -0.000045 1.000000 -0.000188 0.000051 -1.000000 -0.000188 0.000048 -1.000000 1.000000 -0.000750 -0.000189 1.000000 -0.000744 -0.000186 -0.000744 -1.000000 -0.000050 -0.000747 -1.000000 -0.000047 -0.000757 -1.000000 -0.000045 -0.000748 -1.000000 -0.000047 -0.000747 -1.000000 -0.000041 -0.000750 -1.000000 -0.000058 -0.000748 -1.000000 -0.000048 -0.000748 -1.000000 -0.000041 -0.000748 -1.000000 -0.000039 -0.000749 -1.000000 -0.000056 -0.000746 -1.000000 -0.000031 -0.000750 -1.000000 -0.000058 -0.000748 -1.000000 -0.000046 -0.000748 -1.000000 -0.000051 -0.000748 -1.000000 -0.000047 -0.000764 -1.000000 -0.000054 -0.000747 -1.000000 -0.000048 -0.000742 -1.000000 -0.000042 -0.000737 -1.000000 -0.000038 -0.000745 -1.000000 -0.000044 -0.000756 -1.000000 -0.000053 -0.000750 -1.000000 -0.000049 -0.000747 -1.000000 -0.000047 -0.000747 -1.000000 -0.000047 -0.000755 -1.000000 -0.000041 -0.000750 -1.000000 -0.000047 -0.000745 -1.000000 -0.000050 -0.000747 -1.000000 -0.000047 -0.000748 -1.000000 -0.000046 -0.000746 -1.000000 -0.000048 -0.000747 -1.000000 -0.000047 -0.000748 -1.000000 -0.000047 -0.000748 -1.000000 -0.000047 -0.000748 -1.000000 -0.000047 -0.000748 -1.000000 -0.000047 -0.000747 -1.000000 -0.000048 -0.000748 -1.000000 -0.000047 -0.000746 -1.000000 -0.000045 -0.000748 -1.000000 -0.000047 -0.000756 -1.000000 -0.000055 -0.000744 -1.000000 -0.000043 -0.000745 -1.000000 -0.000046 -0.000748 -1.000000 -0.000047 -0.000755 -1.000000 -0.000058 -0.000757 -1.000000 -0.000076 -0.000747 -1.000000 -0.000004 -0.000747 -1.000000 -0.000047 -0.000741 -1.000000 -0.000076 -0.000758 -1.000000 -0.000028 -0.000755 -1.000000 -0.000036 -0.000742 -1.000000 -0.000055 -0.000751 -1.000000 -0.000047 -0.000751 -1.000000 -0.000043 -1.000000 0.000750 0.000188 -1.000000 0.000750 0.000188 0.995198 -0.000751 0.097879 0.995203 -0.000758 0.097830 0.956994 -0.000739 0.290107 0.956993 -0.000733 0.290110 0.882020 -0.000686 0.471211 0.882005 -0.000674 0.471240 0.773127 -0.000602 0.634250 0.773135 -0.000607 0.634242 0.634545 -0.000511 0.772886 0.634549 -0.000519 0.772882 0.471573 -0.000401 0.881827 0.471562 -0.000399 0.881833 0.290462 -0.000267 0.956887 0.290449 -0.000260 0.956891 0.098190 -0.000118 0.995168 0.098212 -0.000125 0.995166 0.995163 -0.000735 -0.098239 0.995166 -0.000742 -0.098204 0.956892 -0.000705 -0.290442 0.956878 -0.000705 -0.290490 0.881844 -0.000641 -0.471541 0.881817 -0.000629 -0.471592 0.772905 -0.000542 -0.634521 0.772888 -0.000543 -0.634543 0.634252 -0.000433 -0.773126 0.634239 -0.000434 -0.773137 0.471233 -0.000306 -0.882009 0.471237 -0.000312 -0.882007 0.290106 -0.000171 -0.956994 0.290086 -0.000170 -0.957001 0.097832 -0.000023 -0.995203 0.097830 -0.000022 -0.995203 0.000753 1.000000 0.000043 0.000771 1.000000 0.000018 0.000739 1.000000 0.000069 0.000754 1.000000 0.000036 0.000738 1.000000 0.000052 0.000715 1.000000 0.000090 0.000787 1.000000 -0.000017 0.000720 1.000000 0.000093 0.000729 1.000000 0.000064 0.000750 1.000000 0.000045 0.000749 1.000000 0.000046 0.000731 1.000000 0.000071 0.000743 1.000000 0.000052 0.000781 1.000000 0.000021 0.000696 1.000000 0.000114 0.000759 1.000000 0.000027 0.000719 1.000000 0.000064 0.000784 1.000000 0.000012 0.000736 1.000000 0.000061 0.000756 1.000000 0.000038 0.000762 1.000000 0.000040 0.000744 1.000000 0.000045 0.000761 1.000000 0.000038 0.000756 1.000000 0.000042 0.000776 1.000000 0.000036 0.000710 1.000000 0.000056 0.000766 1.000000 0.000035 0.000759 1.000000 0.000040 0.000743 1.000000 0.000044 0.000780 1.000000 0.000038 0.000759 1.000000 0.000043 0.000718 1.000000 0.000059 0.000744 1.000000 0.000044 0.000769 1.000000 0.000041 0.000716 1.000000 0.000052 0.000806 1.000000 0.000027 0.000690 1.000000 0.000049 0.000787 1.000000 0.000045 0.000692 1.000000 0.000058 0.000764 1.000000 0.000040 0.000704 1.000000 0.000031 0.000753 1.000000 0.000050 0.000753 1.000000 0.000049 0.000782 1.000000 0.000055 0.000714 1.000000 0.000037 0.000755 1.000000 0.000053 0.000763 1.000000 0.000054 0.000730 1.000000 0.000048 0.000716 1.000000 0.000026 0.000784 1.000000 0.000063 0.000741 1.000000 0.000047 0.000773 1.000000 0.000054 0.000746 1.000000 0.000048 0.000759 1.000000 0.000053 0.000770 1.000000 0.000062 0.000682 1.000000 0.000023 0.000720 1.000000 0.000027 0.000757 1.000000 0.000050 0.000708 1.000000 0.000026 0.000786 1.000000 0.000058 0.000784 1.000000 0.000078 0.000724 1.000000 0.000040 0.000759 1.000000 0.000058 0.000680 1.000000 0.000011 0.000753 1.000000 0.000044 0.000726 1.000000 0.000025 0.000785 1.000000 0.000066 0.000765 1.000000 0.000055 0.000747 1.000000 0.000035 0.000760 1.000000 0.000062 0.000730 1.000000 0.000010 0.000766 1.000000 0.000064 0.000768 1.000000 0.000098 0.000749 1.000000 0.000048 0.000726 1.000000 0.000008 0.000751 1.000000 0.000051 0.000743 1.000000 0.000013 0.000760 1.000000 0.000067 0.000746 1.000000 0.000037 0.000764 1.000000 0.000064 0.000753 1.000000 0.000056 0.000764 1.000000 0.000101 0.000736 1.000000 0.000022 0.000759 1.000000 0.000073 0.000748 1.000000 0.000064 0.000739 1.000000 0.000027 0.000748 1.000000 0.000052 0.000745 1.000000 0.000049 0.000752 1.000000 0.000026 0.000747 1.000000 0.000051 0.000745 1.000000 0.000076 0.000745 1.000000 0.000039 0.000764 1.000000 -0.000007 0.000738 1.000000 0.000091 0.000745 1.000000 0.000054 0.000749 1.000000 0.000018 0.000762 1.000000 0.000022 0.000753 1.000000 0.000047 0.000746 1.000000 0.000071 0.000746 1.000000 0.000065 0.000754 1.000000 0.000030 0.000741 1.000000 0.000081 0.000735 1.000000 0.000086 0.000755 1.000000 0.000001 0.000754 1.000000 0.000039 0.000726 1.000000 0.000094 0.000762 1.000000 0.000002 0.000746 1.000000 0.000057 0.000767 1.000000 0.000014 0.000749 1.000000 0.000060 0.000745 1.000000 0.000061 0.000745 1.000000 0.000056 0.000733 1.000000 0.000069 0.000762 1.000000 0.000018 0.000748 1.000000 0.000045 0.000752 1.000000 0.000042 0.000731 1.000000 0.000054 0.000780 1.000000 0.000023 0.000726 1.000000 0.000066 0.000752 1.000000 0.000043 0.000784 1.000000 0.000027 0.000709 1.000000 0.000075 0.000757 1.000000 0.000044 0.000727 1.000000 0.000061 0.000796 1.000000 0.000026 0.000694 1.000000 0.000075 0.000773 1.000000 0.000029 0.000738 1.000000 0.000052 0.000774 1.000000 0.000031 0.000752 1.000000 0.000045 0.000735 1.000000 0.000057 0.000716 1.000000 0.000065 0.000730 1.000000 0.000050 0.000746 1.000000 0.000047 0.000727 1.000000 0.000054 0.000746 1.000000 0.000043 0.000755 1.000000 0.000046 0.000734 1.000000 0.000045 0.000738 1.000000 0.000044 0.000786 1.000000 0.000037 0.000842 1.000000 0.000057 0.000676 1.000000 0.000045 0.000800 1.000000 0.000046 0.000719 1.000000 0.000051 0.000788 1.000000 0.000055 0.000686 1.000000 0.000039 0.000809 1.000000 0.000047 0.000727 1.000000 0.000050 0.000717 1.000000 0.000036 0.000794 1.000000 0.000053 0.000718 1.000000 0.000042 0.000734 1.000000 0.000043 0.000659 1.000000 0.000013 0.000829 1.000000 0.000062 0.000700 1.000000 0.000038 0.000757 1.000000 0.000043 0.000742 1.000000 0.000038 0.000778 1.000000 0.000065 0.000794 1.000000 0.000074 0.000731 1.000000 0.000041 0.000757 1.000000 0.000042 0.000751 1.000000 0.000049 0.000777 1.000000 0.000062 0.000767 1.000000 0.000055 0.000733 1.000000 0.000033 0.000763 1.000000 0.000059 0.000742 1.000000 0.000046 0.000727 1.000000 0.000036 0.000721 1.000000 0.000013 0.000796 1.000000 0.000099 0.000687 1.000000 -0.000002 0.000757 1.000000 0.000054 0.000760 1.000000 0.000066 0.000742 1.000000 0.000041 0.000747 1.000000 0.000044 0.000755 1.000000 0.000050 0.000781 1.000000 0.000092 0.000720 1.000000 0.000013 0.000754 1.000000 0.000046 0.000781 1.000000 0.000085 0.000744 1.000000 0.000041 0.000754 1.000000 0.000065 0.000737 1.000000 0.000039 0.000739 1.000000 0.000041 0.000743 1.000000 0.000022 0.000754 1.000000 0.000110 0.000727 1.000000 -0.000016 0.000753 1.000000 0.000072 0.000745 1.000000 0.000059 0.000737 1.000000 -0.000029 0.000744 1.000000 0.000020 0.000756 1.000000 0.000073 0.000751 1.000000 0.000044 0.000751 1.000000 0.000069 0.000750 1.000000 0.000063 0.000745 1.000000 0.000028 0.000751 1.000000 0.000039 0.000751 1.000000 0.000046 0.000752 1.000000 0.000055 0.000753 1.000000 0.000064 0.000755 1.000000 0.000008 0.000748 1.000000 0.000064 0.000748 1.000000 0.000058 0.000745 1.000000 0.000020 0.000757 1.000000 0.000033 0.000746 1.000000 0.000057 0.000734 1.000000 0.000081 0.000745 1.000000 0.000045 0.000735 1.000000 0.000070 0.000773 1.000000 -0.000000 0.000735 1.000000 0.000084 0.000764 1.000000 0.000006 -0.541616 0.000335 0.840626 -0.480728 0.000288 0.876870 -0.480411 0.000321 0.877043 -0.418126 0.000274 0.908389 -0.418163 0.000269 0.908372 -0.352631 0.000219 0.935763 -0.352556 0.000227 0.935791 -0.352210 0.000197 0.935921 -0.418403 0.000250 0.908261 -0.418270 0.000273 0.908323 -0.480353 0.000322 0.877075 -0.480515 0.000321 0.876986 -0.541666 0.000368 0.840594 -0.541785 0.000366 0.840517 -0.756566 0.000508 0.653918 -0.708071 0.000468 0.706141 -0.708097 0.000495 0.706115 -0.657032 0.000456 0.753862 -0.657136 0.000452 0.753772 -0.601950 0.000408 0.798534 -0.601861 0.000412 0.798601 -0.601816 0.000403 0.798635 -0.657263 0.000447 0.753661 -0.657276 0.000463 0.753650 -0.708079 0.000504 0.706134 -0.708016 0.000504 0.706197 -0.756551 0.000542 0.653935 -0.756651 0.000530 0.653819 -0.910167 0.000650 0.414242 -0.878464 0.000624 0.477809 -0.878366 0.000640 0.477988 -0.842899 0.000609 0.538072 -0.842907 0.000606 0.538060 -0.802450 0.000573 0.596720 -0.802557 0.000567 0.596576 -0.802686 0.000582 0.596402 -0.843022 0.000616 0.537879 -0.842848 0.000608 0.538151 -0.878430 0.000636 0.477870 -0.878307 0.000638 0.478097 -0.910130 0.000666 0.414323 -0.910180 0.000664 0.414213 -0.990025 0.000748 0.140892 -0.977440 0.000735 0.211211 -0.977442 0.000723 0.211203 -0.960277 0.000706 0.279047 -0.960391 0.000699 0.278653 -0.938074 0.000680 0.346435 -0.938067 0.000688 0.346454 -0.938035 0.000689 0.346539 -0.960418 0.000712 0.278560 -0.960329 0.000706 0.278871 -0.977442 0.000723 0.211203 -0.977504 0.000718 0.210918 -0.989974 0.000731 0.141249 -0.990026 0.000724 0.140880 -0.989643 0.000759 -0.143548 -0.997356 0.000763 -0.072673 -0.997356 0.000751 -0.072664 -0.999995 0.000750 -0.002955 -0.999995 0.000738 -0.002954 -0.997683 0.000732 0.068027 -0.997683 0.000733 0.068037 -0.997682 0.000758 0.068043 -0.999995 0.000763 -0.002954 -0.999995 0.000750 -0.003249 -0.997356 0.000752 -0.072670 -0.997356 0.000748 -0.072669 -0.989634 0.000746 -0.143614 -0.989642 0.000748 -0.143556 -0.909079 0.000725 -0.416623 -0.936488 0.000741 -0.350700 -0.936373 0.000696 -0.351007 -0.958700 0.000709 -0.284420 -0.958655 0.000717 -0.284571 -0.976381 0.000727 -0.216055 -0.976447 0.000741 -0.215755 -0.976441 0.000756 -0.215783 -0.958667 0.000746 -0.284529 -0.958590 0.000746 -0.284789 -0.936394 0.000732 -0.350949 -0.936316 0.000721 -0.351157 -0.909268 0.000704 -0.416211 -0.909123 0.000701 -0.416527 -0.754986 0.000593 -0.655741 -0.799621 0.000625 -0.600504 -0.799662 0.000623 -0.600450 -0.839579 0.000651 -0.543237 -0.839679 0.000661 -0.543082 -0.876053 0.000685 -0.482215 -0.876019 0.000679 -0.482276 -0.876042 0.000681 -0.482234 -0.839569 0.000654 -0.543252 -0.839632 0.000658 -0.543155 -0.799631 0.000630 -0.600491 -0.799682 0.000627 -0.600424 -0.755029 0.000597 -0.655691 -0.755106 0.000591 -0.655602 -0.539402 0.000455 -0.842048 -0.598281 0.000497 -0.801286 -0.598097 0.000472 -0.801423 -0.652351 0.000510 -0.757917 -0.652556 0.000525 -0.757740 -0.704850 0.000562 -0.709356 -0.704759 0.000556 -0.709446 -0.704700 0.000574 -0.709505 -0.652730 0.000536 -0.757590 -0.652601 0.000520 -0.757702 -0.598043 0.000482 -0.801464 -0.597904 0.000487 -0.801567 -0.539857 0.000446 -0.841757 -0.539753 0.000430 -0.841824 -0.280598 0.000256 -0.959825 -0.347985 0.000305 -0.937500 -0.347898 0.000304 -0.937533 -0.412832 0.000351 -0.910807 -0.412776 0.000343 -0.910832 -0.476401 0.000389 -0.879228 -0.476410 0.000385 -0.879223 -0.476187 0.000418 -0.879344 -0.412449 0.000374 -0.910980 -0.412500 0.000373 -0.910958 -0.348304 0.000325 -0.937381 -0.347952 0.000302 -0.937512 -0.280443 0.000252 -0.959871 -0.280605 0.000259 -0.959823 0.001432 0.000075 -0.999999 -0.070203 0.000129 -0.997533 -0.069941 0.000090 -0.997551 -0.139106 0.000142 -0.990278 -0.139294 0.000156 -0.990251 -0.209490 0.000208 -0.977811 -0.209468 0.000207 -0.977815 -0.209461 0.000204 -0.977817 -0.139489 0.000153 -0.990224 -0.139407 0.000140 -0.990235 -0.069635 0.000089 -0.997573 -0.069840 0.000104 -0.997558 0.001074 0.000050 -1.000000 0.001209 0.000044 -0.999999 0.283145 -0.000136 -0.959077 0.213912 -0.000083 -0.976853 0.214005 -0.000098 -0.976833 0.145349 -0.000046 -0.989380 0.145510 -0.000058 -0.989357 0.074494 -0.000005 -0.997221 0.074612 -0.000011 -0.997213 0.074677 -0.000006 -0.997208 0.145172 -0.000060 -0.989406 0.145307 -0.000084 -0.989387 0.214151 -0.000136 -0.976801 0.213847 -0.000118 -0.976867 0.282859 -0.000171 -0.959162 0.282869 -0.000171 -0.959159 0.541463 -0.000370 -0.840724 0.480721 -0.000322 -0.876873 0.480545 -0.000305 -0.876970 0.418090 -0.000256 -0.908405 0.418264 -0.000270 -0.908325 0.352540 -0.000220 -0.935797 0.352595 -0.000225 -0.935776 0.352722 -0.000213 -0.935728 0.418147 -0.000262 -0.908379 0.418159 -0.000273 -0.908374 0.480727 -0.000322 -0.876870 0.480526 -0.000314 -0.876981 0.541451 -0.000361 -0.840732 0.541450 -0.000365 -0.840733 0.756413 -0.000541 -0.654094 0.708362 -0.000505 -0.705849 0.708139 -0.000486 -0.706073 0.657030 -0.000446 -0.753864 0.657201 -0.000458 -0.753715 0.602047 -0.000415 -0.798460 0.601918 -0.000412 -0.798558 0.602045 -0.000398 -0.798462 0.657308 -0.000444 -0.753622 0.657278 -0.000455 -0.753648 0.707993 -0.000495 -0.706220 0.708144 -0.000504 -0.706068 0.756529 -0.000544 -0.653960 0.756485 -0.000538 -0.654011 0.910166 -0.000673 -0.414244 0.878255 -0.000646 -0.478193 0.878263 -0.000646 -0.478178 0.842930 -0.000616 -0.538023 0.842834 -0.000606 -0.538173 0.802513 -0.000574 -0.596634 0.802541 -0.000575 -0.596597 0.802481 -0.000597 -0.596677 0.842972 -0.000629 -0.537957 0.842957 -0.000601 -0.537980 0.878304 -0.000630 -0.478101 0.878390 -0.000624 -0.477944 0.910099 -0.000650 -0.414390 0.910172 -0.000656 -0.414230 0.990032 -0.000698 -0.140842 0.977379 -0.000685 -0.211494 0.977503 -0.000723 -0.210923 0.960393 -0.000706 -0.278647 0.960325 -0.000696 -0.278883 0.938052 -0.000677 -0.346494 0.938061 -0.000680 -0.346468 0.937938 -0.000707 -0.346802 0.960353 -0.000726 -0.278786 0.960336 -0.000715 -0.278846 0.977495 -0.000732 -0.210957 0.977422 -0.000727 -0.211294 0.989970 -0.000740 -0.141274 0.989989 -0.000737 -0.141141 0.989643 -0.000759 0.143548 0.997334 -0.000763 0.072967 0.997355 -0.000738 0.072676 0.999995 -0.000738 0.002953 0.999995 -0.000755 0.002954 0.997695 -0.000749 -0.067853 0.997683 -0.000746 -0.068034 0.997702 -0.000734 -0.067746 0.999995 -0.000738 0.003249 0.999995 -0.000750 0.002954 0.997333 -0.000752 0.072977 0.997355 -0.000747 0.072674 0.989662 -0.000744 0.143419 0.989646 -0.000749 0.143524 0.909223 -0.000681 0.416309 0.936434 -0.000700 0.350843 0.936405 -0.000725 0.350920 0.958576 -0.000737 0.284838 0.958655 -0.000727 0.284571 0.976465 -0.000738 0.215675 0.976504 -0.000742 0.215499 0.976512 -0.000737 0.215461 0.958587 -0.000729 0.284801 0.958604 -0.000734 0.284741 0.936416 -0.000720 0.350891 0.936403 -0.000727 0.350925 0.909131 -0.000711 0.416511 0.909244 -0.000698 0.416264 0.754990 -0.000607 0.655736 0.799697 -0.000636 0.600403 0.799599 -0.000638 0.600535 0.839579 -0.000665 0.543237 0.839680 -0.000661 0.543081 0.875928 -0.000685 0.482442 0.876197 -0.000676 0.481952 0.876001 -0.000624 0.482310 0.839757 -0.000598 0.542963 0.839445 -0.000644 0.543444 0.799695 -0.000615 0.600406 0.799713 -0.000627 0.600382 0.754953 -0.000597 0.655779 0.754907 -0.000596 0.655832 0.539662 -0.000455 0.841882 0.598024 -0.000497 0.801478 0.598239 -0.000479 0.801318 0.652554 -0.000519 0.757742 0.652555 -0.000525 0.757741 0.704769 -0.000562 0.709437 0.704782 -0.000560 0.709424 0.704791 -0.000556 0.709415 0.652482 -0.000520 0.757804 0.652551 -0.000518 0.757745 0.598158 -0.000479 0.801378 0.598076 -0.000480 0.801440 0.539641 -0.000438 0.841896 0.539649 -0.000442 0.841890 0.280761 -0.000280 0.959778 0.347887 -0.000328 0.937536 0.348150 -0.000300 0.937439 0.412427 -0.000345 0.910991 0.412651 -0.000331 0.910889 0.476483 -0.000378 0.879184 0.476168 -0.000396 0.879354 0.476330 -0.000418 0.879266 0.412823 -0.000374 0.910811 0.412867 -0.000361 0.910791 0.347896 -0.000313 0.937533 0.348069 -0.000299 0.937469 0.280443 -0.000250 0.959871 0.280442 -0.000247 0.959871 -0.001075 -0.000050 1.000000 0.069653 -0.000102 0.997571 0.069723 -0.000091 0.997566 0.139494 -0.000144 0.990223 0.139322 -0.000155 0.990247 0.209360 -0.000208 0.977839 0.209615 -0.000195 0.977784 0.209865 -0.000230 0.977730 0.139141 -0.000178 0.990272 0.139320 -0.000153 0.990247 0.069988 -0.000102 0.997548 0.069885 -0.000111 0.997555 -0.001433 -0.000058 0.999999 -0.001119 -0.000044 1.000000 -0.282569 0.000135 0.959247 -0.214081 0.000084 0.976816 -0.213982 0.000111 0.976838 -0.145265 0.000059 0.989393 -0.145308 0.000059 0.989386 -0.074672 0.000006 0.997208 -0.074545 0.000012 0.997218 -0.074476 0.000003 0.997223 -0.145345 0.000053 0.989381 -0.145349 0.000061 0.989380 -0.214090 0.000114 0.976814 -0.213959 0.000118 0.976843 -0.282967 0.000170 0.959130 -0.282908 0.000174 0.959147 -0.541400 0.000334 0.840765 -0.480654 0.000289 0.876911 -0.480566 0.000311 0.876958 -0.418157 0.000262 0.908375 -0.418067 0.000270 0.908416 -0.352592 0.000220 0.935777 -0.352536 0.000226 0.935798 -0.352288 0.000209 0.935892 -0.418257 0.000261 0.908329 -0.418239 0.000273 0.908337 -0.480411 0.000321 0.877043 -0.480547 0.000322 0.876969 -0.541640 0.000369 0.840611 -0.541832 0.000367 0.840487 -0.756523 0.000508 0.653967 -0.708111 0.000471 0.706101 -0.708160 0.000500 0.706052 -0.656933 0.000459 0.753949 -0.657168 0.000458 0.753744 -0.601933 0.000415 0.798546 -0.601904 0.000414 0.798569 -0.601960 0.000409 0.798526 -0.657117 0.000455 0.753789 -0.657057 0.000451 0.753841 -0.707994 0.000490 0.706219 -0.707963 0.000496 0.706249 -0.756568 0.000534 0.653914 -0.756622 0.000532 0.653852 -0.910054 0.000638 0.414489 -0.878464 0.000614 0.477809 -0.878387 0.000635 0.477950 -0.842873 0.000606 0.538112 -0.842948 0.000611 0.537994 -0.802385 0.000577 0.596807 -0.802533 0.000569 0.596608 -0.802581 0.000577 0.596544 -0.842924 0.000607 0.538033 -0.842848 0.000616 0.538151 -0.878387 0.000646 0.477949 -0.878389 0.000631 0.477946 -0.910114 0.000658 0.414358 -0.910153 0.000654 0.414272 -0.990025 0.000772 0.140893 -0.977444 0.000757 0.211194 -0.977438 0.000725 0.211222 -0.960335 0.000710 0.278847 -0.960293 0.000711 0.278993 -0.938030 0.000691 0.346552 -0.938145 0.000678 0.346243 -0.938144 0.000679 0.346245 -0.960261 0.000697 0.279104 -0.960346 0.000696 0.278810 -0.977491 0.000712 0.210975 -0.977495 0.000718 0.210955 -0.990003 0.000731 0.141042 -0.989986 0.000736 0.141160 -0.989645 0.000759 -0.143537 -0.997356 0.000763 -0.072674 -0.997335 0.000727 -0.072951 -0.999996 0.000725 -0.002954 -0.999996 0.000738 -0.002757 -0.997696 0.000732 0.067835 -0.997682 0.000745 0.068043 -0.997682 0.000758 0.068049 -0.999995 0.000763 -0.002954 -0.999995 0.000763 -0.003249 -0.997357 0.000764 -0.072658 -0.997343 0.000747 -0.072850 -0.989657 0.000745 -0.143456 -0.989642 0.000749 -0.143553 -0.909064 0.000709 -0.416655 -0.936477 0.000728 -0.350727 -0.936503 0.000713 -0.350660 -0.958612 0.000725 -0.284715 -0.958598 0.000730 -0.284761 -0.976465 0.000740 -0.215676 -0.976503 0.000743 -0.215503 -0.976441 0.000753 -0.215782 -0.958594 0.000743 -0.284775 -0.958682 0.000720 -0.284480 -0.936416 0.000706 -0.350890 -0.936486 0.000715 -0.350705 -0.909161 0.000698 -0.416444 -0.909065 0.000694 -0.416654 -0.755061 0.000610 -0.655655 -0.799761 0.000640 -0.600318 -0.799473 0.000626 -0.600701 -0.839715 0.000654 -0.543028 -0.839546 0.000652 -0.543288 -0.876073 0.000676 -0.482177 -0.876172 0.000672 -0.481999 -0.876002 0.000699 -0.482307 -0.839649 0.000675 -0.543128 -0.839606 0.000651 -0.543196 -0.799709 0.000623 -0.600387 -0.799565 0.000625 -0.600579 -0.754990 0.000594 -0.655736 -0.755074 0.000600 -0.655639 -0.539603 0.000465 -0.841919 -0.598341 0.000508 -0.801242 -0.598042 0.000462 -0.801465 -0.652352 0.000500 -0.757916 -0.652818 0.000528 -0.757515 -0.704615 0.000565 -0.709590 -0.704805 0.000565 -0.709401 -0.704731 0.000538 -0.709474 -0.652431 0.000502 -0.757848 -0.652598 0.000538 -0.757704 -0.598097 0.000500 -0.801423 -0.597904 0.000483 -0.801568 -0.539703 0.000442 -0.841855 -0.539848 0.000439 -0.841763 -0.280512 0.000265 -0.959851 -0.348119 0.000312 -0.937450 -0.348187 0.000308 -0.937425 -0.412573 0.000355 -0.910924 -0.412505 0.000342 -0.910955 -0.476415 0.000389 -0.879221 -0.476514 0.000394 -0.879167 -0.476326 0.000431 -0.879269 -0.412560 0.000385 -0.910930 -0.412428 0.000350 -0.910990 -0.347976 0.000305 -0.937503 -0.348094 0.000311 -0.937460 -0.280773 0.000263 -0.959774 -0.280563 0.000251 -0.959835 0.001164 0.000023 -0.999999 -0.069741 0.000074 -0.997565 -0.069899 0.000104 -0.997554 -0.139360 0.000154 -0.990242 -0.139295 0.000155 -0.990251 -0.209532 0.000206 -0.977802 -0.209400 0.000199 -0.977830 -0.209435 0.000197 -0.977823 -0.139401 0.000145 -0.990236 -0.139366 0.000142 -0.990241 -0.069744 0.000091 -0.997565 -0.069928 0.000103 -0.997552 0.001164 0.000051 -0.999999 0.001298 0.000044 -0.999999 0.282818 -0.000154 -0.959174 0.214143 -0.000102 -0.976802 0.214131 -0.000105 -0.976805 0.145046 -0.000052 -0.989425 0.145279 -0.000067 -0.989391 0.074672 -0.000013 -0.997208 0.074634 -0.000011 -0.997211 0.074742 0.000007 -0.997203 0.145257 -0.000048 -0.989394 0.145350 -0.000057 -0.989380 0.214006 -0.000108 -0.976832 0.214085 -0.000114 -0.976815 0.282859 -0.000166 -0.959162 0.282827 -0.000164 -0.959171 0.541541 -0.000368 -0.840674 0.480341 -0.000321 -0.877082 0.480444 -0.000322 -0.877025 0.418087 -0.000272 -0.908407 0.418166 -0.000270 -0.908371 0.352539 -0.000218 -0.935797 0.352634 -0.000217 -0.935761 0.352447 -0.000225 -0.935832 0.418113 -0.000275 -0.908395 0.418088 -0.000274 -0.908407 0.480477 -0.000322 -0.877007 0.480500 -0.000322 -0.876994 0.541820 -0.000369 -0.840495 0.541617 -0.000357 -0.840626 0.756600 -0.000533 -0.653878 0.708126 -0.000495 -0.706086 0.707970 -0.000491 -0.706242 0.657278 -0.000451 -0.753648 0.657314 -0.000455 -0.753617 0.601950 -0.000412 -0.798534 0.601889 -0.000403 -0.798580 0.601878 -0.000403 -0.798588 0.657217 -0.000445 -0.753701 0.657106 -0.000460 -0.753799 0.708227 -0.000500 -0.705984 0.708061 -0.000495 -0.706152 0.756529 -0.000535 -0.653960 0.756494 -0.000536 -0.654000 0.910119 -0.000688 -0.414345 0.878440 -0.000663 -0.477853 0.878252 -0.000632 -0.478197 0.842796 -0.000601 -0.538233 0.842932 -0.000604 -0.538020 0.802481 -0.000571 -0.596678 0.802660 -0.000574 -0.596437 0.802545 -0.000553 -0.596591 0.842787 -0.000586 -0.538247 0.842969 -0.000619 -0.537961 0.878408 -0.000649 -0.477912 0.878376 -0.000629 -0.477970 0.910084 -0.000656 -0.414424 0.910172 -0.000662 -0.414230 0.989987 -0.000725 -0.141159 0.977437 -0.000713 -0.211228 0.977440 -0.000727 -0.211211 0.960415 -0.000712 -0.278573 0.960383 -0.000706 -0.278685 0.937987 -0.000686 -0.346668 0.938051 -0.000686 -0.346498 0.937960 -0.000670 -0.346743 0.960339 -0.000691 -0.278833 0.960421 -0.000703 -0.278551 0.977377 -0.000720 -0.211504 0.977426 -0.000727 -0.211277 0.990000 -0.000740 -0.141068 0.989988 -0.000730 -0.141148 0.989639 -0.000733 0.143575 0.997356 -0.000737 0.072661 0.997335 -0.000764 0.072958 0.999995 -0.000763 0.002953 0.999995 -0.000755 0.002954 0.997695 -0.000749 -0.067853 0.997683 -0.000739 -0.068037 0.997683 -0.000732 -0.068037 0.999995 -0.000738 0.002954 0.999995 -0.000738 0.003250 0.997356 -0.000740 0.072670 0.997328 -0.000756 0.073050 0.989626 -0.000753 0.143664 0.989685 -0.000748 0.143261 0.909191 -0.000687 0.416378 0.936509 -0.000705 0.350643 0.936416 -0.000716 0.350890 0.958597 -0.000730 0.284764 0.958598 -0.000718 0.284761 0.976469 -0.000728 0.215658 0.976381 -0.000741 0.216053 0.976387 -0.000734 0.216028 0.958763 -0.000725 0.284206 0.958608 -0.000736 0.284728 0.936405 -0.000722 0.350919 0.936425 -0.000715 0.350867 0.909237 -0.000698 0.416278 0.909092 -0.000706 0.416595 0.755025 -0.000609 0.655696 0.799653 -0.000640 0.600462 0.799647 -0.000634 0.600470 0.839714 -0.000661 0.543028 0.839636 -0.000663 0.543150 0.876095 -0.000688 0.482138 0.876061 -0.000684 0.482200 0.876003 -0.000630 0.482305 0.839760 -0.000606 0.542958 0.839567 -0.000644 0.543256 0.799631 -0.000617 0.600491 0.799766 -0.000625 0.600312 0.754815 -0.000593 0.655938 0.754860 -0.000589 0.655886 0.539606 -0.000450 0.841918 0.598229 -0.000492 0.801325 0.598153 -0.000490 0.801382 0.652451 -0.000527 0.757831 0.652589 -0.000522 0.757712 0.704715 -0.000559 0.709491 0.704817 -0.000553 0.709389 0.705075 -0.000592 0.709133 0.652387 -0.000554 0.757886 0.652650 -0.000529 0.757659 0.597957 -0.000489 0.801528 0.598187 -0.000484 0.801356 0.539575 -0.000442 0.841937 0.539553 -0.000444 0.841952 0.280759 -0.000280 0.959778 0.348059 -0.000330 0.937473 0.348052 -0.000320 0.937475 0.412573 -0.000368 0.910924 0.412849 -0.000347 0.910799 0.476484 -0.000392 0.879183 0.476410 -0.000399 0.879223 0.476198 -0.000397 0.879338 0.412669 -0.000349 0.910881 0.412760 -0.000333 0.910840 0.348132 -0.000285 0.937446 0.347991 -0.000299 0.937498 0.280608 -0.000250 0.959822 0.280484 -0.000253 0.959859 -0.001164 -0.000026 0.999999 0.069808 -0.000078 0.997560 0.069812 -0.000076 0.997560 0.139320 -0.000128 0.990247 0.139152 -0.000137 0.990271 0.209532 -0.000190 0.977802 0.209315 -0.000201 0.977848 0.209434 -0.000215 0.977823 0.139360 -0.000166 0.990242 0.139407 -0.000166 0.990235 0.069744 -0.000114 0.997565 0.069987 -0.000099 0.997548 -0.001164 -0.000046 0.999999 -0.001052 -0.000040 1.000000 -0.282821 0.000163 0.959173 -0.213977 0.000115 0.976839 -0.214005 0.000111 0.976832 -0.145394 0.000059 0.989374 -0.145338 0.000062 0.989382 -0.074761 0.000009 0.997201 -0.074656 0.000015 0.997209 -0.074564 0.000004 0.997216 -0.145256 0.000058 0.989394 -0.145306 0.000052 0.989387 -0.214005 0.000104 0.976832 -0.213958 0.000106 0.976843 -0.283159 0.000159 0.959073 -0.282889 0.000173 0.959153 0.000751 1.000000 0.000055 0.000744 1.000000 0.000048 0.000730 1.000000 0.000044 0.000760 1.000000 0.000052 0.000705 1.000000 0.000011 0.000756 1.000000 0.000055 0.000770 1.000000 0.000070 0.000695 1.000000 0.000004 0.000748 1.000000 0.000046 0.000814 1.000000 0.000082 0.000717 1.000000 0.000035 0.000713 1.000000 0.000034 0.000713 1.000000 0.000036 0.000710 1.000000 0.000034 0.000762 1.000000 0.000048 0.000819 1.000000 0.000061 0.000749 1.000000 0.000050 0.000740 1.000000 0.000048 0.000751 1.000000 0.000048 0.000745 1.000000 0.000049 0.000749 1.000000 0.000043 0.000806 1.000000 0.000041 0.000753 1.000000 0.000046 0.000760 1.000000 0.000045 0.000737 1.000000 0.000045 0.000749 1.000000 0.000047 0.000738 1.000000 0.000044 0.000704 1.000000 0.000043 0.000768 1.000000 0.000051 0.000749 1.000000 0.000049 0.000736 1.000000 0.000049 0.000756 1.000000 0.000047 0.000858 1.000000 0.000034 0.000745 1.000000 0.000050 0.000649 1.000000 0.000065 0.000821 1.000000 0.000031 0.000748 1.000000 0.000046 0.000745 1.000000 0.000047 0.000739 1.000000 0.000048 0.000757 1.000000 0.000042 0.000744 1.000000 0.000051 0.000681 1.000000 0.000072 0.000735 1.000000 0.000052 0.000737 1.000000 0.000050 0.000753 1.000000 0.000047 0.000767 1.000000 0.000041 0.000729 1.000000 0.000059 0.000732 1.000000 0.000059 0.000771 1.000000 0.000033 0.000758 1.000000 0.000040 0.000749 1.000000 0.000045 0.000792 1.000000 0.000019 0.000749 1.000000 0.000046 0.000745 1.000000 0.000046 0.000766 1.000000 0.000034 0.000734 1.000000 0.000057 0.000746 1.000000 0.000047 0.000751 1.000000 0.000047 0.000752 1.000000 0.000047 0.000740 1.000000 0.000048 0.000746 1.000000 0.000048 0.000773 1.000000 0.000045 0.000732 1.000000 0.000049 0.000780 1.000000 0.000043 0.000722 1.000000 0.000051 0.000765 1.000000 0.000046 0.000735 1.000000 0.000049 0.000740 1.000000 0.000048 0.000766 1.000000 0.000044 0.000736 1.000000 0.000050 0.000742 1.000000 0.000048 0.000766 1.000000 0.000041 0.000741 1.000000 0.000050 0.000741 1.000000 0.000050 0.000754 1.000000 0.000046 0.000761 1.000000 0.000042 0.000731 1.000000 0.000055 0.000750 1.000000 0.000047 0.000740 1.000000 0.000050 0.000750 1.000000 0.000046 0.000745 1.000000 0.000049 0.000752 1.000000 0.000044 0.000733 1.000000 0.000056 0.000771 1.000000 0.000033 0.000738 1.000000 0.000053 0.000733 1.000000 0.000057 0.000781 1.000000 0.000026 0.000721 1.000000 0.000066 0.000755 1.000000 0.000043 0.000734 1.000000 0.000055 0.000759 1.000000 0.000040 0.000727 1.000000 0.000061 0.000777 1.000000 0.000023 0.000715 1.000000 0.000072 0.000782 1.000000 0.000022 0.000718 1.000000 0.000069 0.000773 1.000000 0.000030 0.000737 1.000000 0.000055 0.000750 1.000000 0.000047 0.000745 1.000000 0.000049 0.000745 1.000000 0.000050 0.000757 1.000000 0.000039 0.000744 1.000000 0.000052 0.000754 1.000000 0.000041 0.000733 1.000000 0.000066 0.000716 1.000000 0.000082 0.000788 1.000000 0.000000 0.000736 1.000000 0.000063 0.000754 1.000000 0.000038 0.000752 1.000000 0.000040 0.000755 1.000000 0.000041 0.000744 1.000000 0.000053 0.000754 1.000000 0.000039 0.000746 1.000000 0.000051 0.000753 1.000000 0.000037 0.000748 1.000000 0.000050 0.000756 1.000000 0.000033 0.000754 1.000000 0.000036 0.000741 1.000000 0.000063 0.000741 1.000000 0.000065 0.000764 1.000000 0.000014 0.000727 1.000000 0.000089 0.000756 1.000000 0.000029 0.000743 1.000000 0.000057 0.000750 1.000000 0.000039 0.000747 1.000000 0.000046 0.000756 1.000000 0.000025 0.000748 1.000000 0.000054 0.000744 1.000000 0.000057 0.000753 1.000000 0.000036 0.000735 1.000000 0.000079 0.000753 1.000000 0.000031 0.000753 1.000000 0.000027 0.000750 1.000000 0.000040 0.000746 1.000000 0.000053 0.000745 1.000000 0.000065 0.000750 1.000000 0.000030 0.000737 1.000000 0.000107 0.000755 1.000000 0.000005 0.000746 1.000000 0.000063 0.000749 1.000000 0.000041 0.000743 1.000000 0.000074 0.000751 1.000000 0.000022 0.000746 1.000000 0.000067 0.000748 1.000000 0.000048 0.000750 1.000000 0.000032 0.000744 1.000000 0.000092 0.000750 1.000000 0.000015 0.000748 1.000000 0.000048 0.000748 1.000000 0.000044 0.000749 1.000000 0.000040 0.000749 1.000000 0.000036 0.000749 1.000000 0.000066 0.000748 1.000000 0.000046 0.000749 1.000000 0.000058 0.000747 1.000000 0.000039 0.000746 1.000000 0.000036 0.000747 1.000000 0.000042 0.000747 1.000000 0.000045 0.000744 1.000000 0.000022 0.000749 1.000000 0.000054 0.000746 1.000000 0.000033 0.000750 1.000000 0.000062 0.000750 1.000000 0.000059 0.000746 1.000000 0.000041 0.000748 1.000000 0.000047 0.000753 1.000000 0.000036 0.000753 1.000000 0.000032 0.000741 1.000000 0.000069 0.000747 1.000000 0.000048 0.000745 1.000000 0.000053 0.000745 1.000000 0.000052 0.000749 1.000000 0.000041 0.000742 1.000000 0.000076 0.000749 1.000000 0.000045 0.000744 1.000000 0.000063 0.000753 1.000000 0.000021 0.000747 1.000000 0.000060 0.000737 1.000000 0.000099 0.000752 1.000000 0.000012 0.000754 1.000000 0.000011 0.000746 1.000000 0.000056 0.000745 1.000000 0.000060 0.000745 1.000000 0.000059 0.000748 1.000000 0.000019 0.000748 1.000000 0.000058 0.000744 1.000000 0.000118 0.000748 1.000000 -0.000055 0.000749 1.000000 0.000091 0.000747 1.000000 0.000047 0.000748 1.000000 0.000039 0.000748 1.000000 0.000039 0.000750 1.000000 0.000059 0.000747 1.000000 0.000044 0.000746 1.000000 0.000039 0.000755 1.000000 0.000091 0.000735 1.000000 0.000010 0.000741 1.000000 0.000017 0.000747 1.000000 0.000046 0.000747 1.000000 0.000048 0.000742 1.000000 0.000034 0.000753 1.000000 0.000053 0.000754 1.000000 0.000056 0.000710 1.000000 -0.000022 0.000784 1.000000 0.000102 0.000767 1.000000 0.000072 0.000745 1.000000 0.000040 0.000768 1.000000 0.000070 0.000745 1.000000 0.000050 0.000727 1.000000 0.000033 0.000754 1.000000 0.000053 0.000714 1.000000 0.000020 0.000787 1.000000 0.000073 0.000706 1.000000 0.000023 0.000748 1.000000 0.000048 0.000710 1.000000 -0.000005 0.000759 1.000000 0.000055 0.000792 1.000000 0.000085 0.000754 1.000000 0.000056 0.000748 1.000000 0.000048 0.000737 1.000000 0.000042 0.000760 1.000000 0.000052 0.000746 1.000000 0.000048 0.000710 1.000000 0.000033 0.000741 1.000000 0.000041 0.000811 1.000000 0.000064 0.000809 1.000000 0.000092 0.000711 1.000000 0.000020 0.000799 1.000000 0.000082 0.000736 1.000000 0.000041 0.000752 1.000000 0.000047 0.000755 1.000000 0.000050 0.000735 1.000000 0.000040 0.000760 1.000000 0.000047 0.000742 1.000000 0.000047 0.000815 1.000000 0.000065 0.000668 1.000000 0.000037 0.000718 1.000000 0.000043 0.000751 1.000000 0.000049 0.000726 1.000000 0.000045 0.000754 1.000000 0.000046 0.000746 1.000000 0.000046 0.000742 1.000000 0.000049 0.000698 1.000000 0.000052 0.000772 1.000000 0.000044 0.000719 1.000000 0.000054 0.000740 1.000000 0.000049 0.000755 1.000000 0.000048 0.000745 1.000000 0.000049 0.000764 1.000000 0.000044 0.000749 1.000000 0.000049 0.000741 1.000000 0.000049 0.000749 1.000000 0.000046 0.000814 1.000000 0.000022 0.000757 1.000000 0.000044 0.000737 1.000000 0.000053 0.000732 1.000000 0.000054 0.000771 1.000000 0.000035 0.000790 1.000000 0.000026 0.000779 1.000000 0.000030 0.000736 1.000000 0.000055 0.000738 1.000000 0.000052 0.000751 1.000000 0.000046 0.000712 1.000000 0.000066 0.000764 1.000000 0.000034 0.000749 1.000000 0.000045 0.000763 1.000000 0.000033 0.000716 1.000000 0.000073 0.000750 1.000000 0.000044 0.000705 1.000000 0.000078 0.000750 1.000000 0.000046 0.000748 1.000000 0.000046 0.000755 1.000000 0.000044 0.000753 1.000000 0.000042 0.000747 1.000000 0.000048 0.000742 1.000000 0.000049 0.000744 1.000000 0.000048 0.000747 1.000000 0.000048 0.000755 1.000000 0.000047 0.000716 1.000000 0.000052 0.000788 1.000000 0.000040 0.000725 1.000000 0.000052 0.000775 1.000000 0.000041 0.000758 1.000000 0.000046 0.000747 1.000000 0.000048 0.000719 1.000000 0.000054 0.000760 1.000000 0.000044 0.000751 1.000000 0.000046 0.000756 1.000000 0.000044 0.000747 1.000000 0.000047 0.000729 1.000000 0.000057 0.000739 1.000000 0.000050 0.000749 1.000000 0.000046 0.000761 1.000000 0.000040 0.000732 1.000000 0.000056 0.000768 1.000000 0.000040 0.000742 1.000000 0.000050 0.000767 1.000000 0.000038 0.000736 1.000000 0.000056 0.000779 1.000000 0.000032 0.000738 1.000000 0.000054 0.000766 1.000000 0.000036 0.000755 1.000000 0.000044 0.000741 1.000000 0.000049 0.000751 1.000000 0.000044 0.000735 1.000000 0.000055 0.000773 1.000000 0.000030 0.000728 1.000000 0.000061 0.000753 1.000000 0.000043 0.000748 1.000000 0.000045 0.000747 1.000000 0.000046 0.000717 1.000000 0.000074 0.000760 1.000000 0.000037 0.000740 1.000000 0.000052 0.000732 1.000000 0.000066 0.000749 1.000000 0.000049 0.000756 1.000000 0.000040 0.000734 1.000000 0.000063 0.000743 1.000000 0.000052 0.000735 1.000000 0.000061 0.000770 1.000000 0.000023 0.000752 1.000000 0.000042 0.000756 1.000000 0.000039 0.000753 1.000000 0.000040 0.000754 1.000000 0.000041 0.000744 1.000000 0.000053 0.000753 1.000000 0.000040 0.000745 1.000000 0.000053 0.000753 1.000000 0.000039 0.000753 1.000000 0.000038 0.000739 1.000000 0.000065 0.000725 1.000000 0.000082 0.000752 1.000000 0.000038 0.000753 1.000000 0.000040 0.000751 1.000000 0.000040 0.000747 1.000000 0.000049 0.000748 1.000000 0.000048 0.000758 1.000000 0.000032 0.000743 1.000000 0.000059 0.000751 1.000000 0.000042 0.000740 1.000000 0.000070 0.000751 1.000000 0.000037 0.000752 1.000000 0.000033 0.000749 1.000000 0.000046 0.000739 1.000000 0.000077 0.000762 1.000000 0.000002 0.000745 1.000000 0.000058 0.000748 1.000000 0.000046 0.000745 1.000000 0.000059 0.000746 1.000000 0.000056 0.000750 1.000000 0.000037 0.000747 1.000000 0.000053 0.000752 1.000000 0.000032 0.000738 1.000000 0.000090 0.000754 1.000000 0.000014 0.000752 1.000000 0.000033 0.000745 1.000000 0.000062 0.000752 1.000000 0.000026 0.000748 1.000000 0.000055 0.000748 1.000000 0.000051 0.000747 1.000000 0.000064 0.000748 1.000000 0.000028 0.000749 1.000000 0.000073 0.000749 1.000000 0.000005 0.000748 1.000000 0.000064 0.000747 1.000000 0.000070 0.000746 1.000000 0.000020 0.000748 1.000000 0.000020 0.000748 1.000000 0.000049 0.000749 1.000000 0.000062 0.000746 1.000000 0.000026 0.000749 1.000000 0.000055 0.000749 1.000000 0.000052 0.000751 1.000000 0.000065 0.000742 1.000000 0.000030 0.000753 1.000000 0.000068 0.000748 1.000000 0.000045 0.000755 1.000000 0.000076 0.000741 1.000000 0.000028 0.000751 1.000000 0.000059 0.000742 1.000000 0.000024 0.000751 1.000000 0.000053 0.000749 1.000000 0.000051 0.000748 1.000000 0.000046 0.000746 1.000000 0.000050 0.000748 1.000000 0.000047 0.000743 1.000000 0.000064 0.000751 1.000000 0.000025 0.000757 1.000000 0.000000 0.000748 1.000000 0.000053 0.000761 1.000000 -0.000019 0.000731 1.000000 0.000148 0.000744 1.000000 0.000062 0.000751 1.000000 0.000021 0.000747 1.000000 0.000059 0.000747 1.000000 0.000059 0.000744 1.000000 0.000103 0.000750 1.000000 0.000010 0.000747 1.000000 0.000117 0.000747 1.000000 0.000056 0.000750 1.000000 0.000038 0.000749 1.000000 0.000076 0.000747 1.000000 0.000040 0.000747 1.000000 0.000041 0.000743 1.000000 0.000027 0.000738 1.000000 -0.000012 0.000748 1.000000 0.000043 0.000749 1.000000 0.000048 0.000744 1.000000 0.000024 0.000754 1.000000 0.000079 0.000739 1.000000 0.000031 0.000746 1.000000 0.000049 0.000727 1.000000 -0.000004 0.000769 1.000000 0.000091 0.000749 1.000000 0.000054 0.000761 1.000000 0.000065 0.000743 1.000000 0.000012 0.000761 1.000000 0.000102 0.000752 1.000000 0.000064 0.000741 1.000000 0.000030 0.000749 1.000000 0.000051 0.000749 1.000000 0.000054 0.000743 1.000000 0.000041 0.000747 1.000000 0.000045 0.000754 1.000000 0.000054 0.000749 1.000000 0.000048 0.000748 1.000000 0.000047 0.000751 1.000000 0.000051 0.000750 1.000000 0.000048 0.000752 1.000000 0.000051 0.000756 1.000000 0.000054 0.000731 1.000000 0.000041 0.000797 1.000000 0.000068 0.000761 1.000000 0.000053 0.000695 1.000000 0.000024 0.000771 1.000000 0.000057 0.000730 1.000000 0.000037 0.000808 1.000000 0.000074 0.000722 1.000000 0.000034 0.000710 1.000000 0.000028 0.000785 1.000000 0.000067 0.000699 1.000000 0.000021 0.000787 1.000000 0.000064 0.000696 1.000000 0.000023 0.000843 1.000000 0.000103 0.000669 1.000000 0.000005 0.000764 1.000000 0.000051 0.000762 1.000000 0.000052 0.000745 1.000000 0.000044 0.000757 1.000000 0.000056 0.000734 1.000000 0.000040 0.000732 1.000000 0.000039 0.000767 1.000000 0.000056 0.000712 1.000000 0.000023 0.000750 1.000000 0.000054 0.000775 1.000000 0.000063 0.000747 1.000000 0.000045 0.000736 1.000000 0.000038 0.000753 1.000000 0.000050 0.000777 1.000000 0.000062 0.000712 1.000000 0.000012 0.000793 1.000000 0.000083 0.000735 1.000000 0.000038 0.000730 1.000000 0.000030 0.000752 1.000000 0.000046 0.000768 1.000000 0.000060 0.000724 1.000000 0.000031 0.000799 1.000000 0.000074 0.000764 1.000000 0.000061 0.000765 1.000000 0.000068 0.000693 1.000000 0.000015 0.000757 1.000000 0.000051 0.000726 1.000000 0.000023 0.000747 1.000000 0.000048 0.000712 1.000000 0.000018 0.000789 1.000000 0.000079 0.000754 1.000000 0.000053 0.000757 1.000000 0.000057 0.000722 1.000000 0.000027 0.000755 1.000000 0.000051 0.000788 1.000000 0.000090 0.000725 1.000000 0.000022 0.000717 1.000000 0.000025 0.000739 1.000000 0.000032 0.000738 1.000000 0.000037 0.000741 1.000000 0.000036 0.000766 1.000000 0.000062 0.000746 1.000000 0.000047 0.000744 1.000000 0.000039 0.000749 1.000000 0.000047 0.000752 1.000000 0.000055 0.000821 1.000000 0.000119 0.000744 1.000000 0.000044 0.000767 1.000000 0.000069 0.000734 1.000000 0.000036 0.000741 1.000000 0.000039 0.000744 1.000000 0.000048 0.000721 1.000000 0.000024 0.000738 1.000000 0.000038 0.000763 1.000000 0.000057 0.000787 1.000000 0.000073 0.000685 1.000000 0.000015 0.000724 1.000000 0.000031 0.000804 1.000000 0.000074 0.000740 1.000000 0.000043 0.000734 1.000000 0.000033 0.000763 1.000000 0.000056 0.000754 1.000000 0.000051 0.000722 1.000000 0.000023 0.000820 1.000000 0.000106 0.000702 1.000000 0.000020 0.000714 1.000000 0.000022 0.000733 1.000000 0.000029 0.000783 1.000000 0.000074 0.000744 1.000000 0.000043 0.000753 1.000000 0.000051 0.000793 1.000000 0.000090 0.000721 1.000000 0.000021 0.000765 1.000000 0.000062 0.000725 1.000000 0.000032 0.000735 1.000000 0.000038 0.000739 1.000000 0.000038 0.000767 1.000000 0.000064 0.000726 1.000000 0.000028 0.000781 1.000000 0.000081 0.000706 1.000000 0.000002 0.000746 1.000000 0.000055 0.000769 1.000000 0.000066 0.000713 1.000000 0.000008 0.000769 1.000000 0.000067 0.000760 1.000000 0.000064 0.000741 1.000000 0.000039 0.000725 1.000000 0.000038 0.000765 1.000000 0.000053 0.000728 1.000000 0.000039 0.000773 1.000000 0.000057 0.000802 1.000000 0.000074 0.000696 1.000000 0.000022 0.000772 1.000000 0.000061 0.000765 1.000000 0.000054 0.000731 1.000000 0.000038 0.000757 1.000000 0.000051 0.000758 1.000000 0.000051 0.000756 1.000000 0.000052 0.000681 1.000000 0.000013 0.000769 1.000000 0.000058 0.000766 1.000000 0.000053 0.000762 1.000000 0.000054 0.000791 1.000000 0.000077 0.000736 1.000000 0.000042 0.000760 1.000000 0.000054 0.000726 1.000000 0.000040 0.000759 1.000000 0.000054 0.000717 1.000000 0.000021 0.000790 1.000000 0.000078 0.000737 1.000000 0.000039 0.000727 1.000000 0.000028 0.000755 1.000000 0.000056 0.000756 1.000000 0.000051 0.000727 1.000000 0.000033 -0.544438 0.000370 0.838801 -0.488429 0.000328 0.872603 -0.488443 0.000327 0.872596 -0.431615 0.000284 0.902058 -0.431578 0.000288 0.902076 -0.371620 0.000242 0.928385 -0.371854 0.000235 0.928291 -0.371712 0.000225 0.928348 -0.431519 0.000272 0.902104 -0.431370 0.000272 0.902175 -0.488514 0.000317 0.872556 -0.488397 0.000324 0.872622 -0.544398 0.000367 0.838827 -0.544364 0.000366 0.838849 -0.742832 0.000514 0.669478 -0.697885 0.000478 0.716210 -0.697764 0.000491 0.716327 -0.650265 0.000453 0.759708 -0.650283 0.000450 0.759692 -0.599442 0.000410 0.800418 -0.599234 0.000410 0.800574 -0.599235 0.000416 0.800573 -0.650354 0.000458 0.759632 -0.650182 0.000446 0.759779 -0.697840 0.000483 0.716254 -0.697668 0.000484 0.716421 -0.742917 0.000520 0.669383 -0.742859 0.000521 0.669448 -0.890965 0.000651 0.454071 -0.859319 0.000624 0.511440 -0.859419 0.000619 0.511271 -0.824867 0.000590 0.565326 -0.824690 0.000589 0.565585 -0.786139 0.000558 0.618050 -0.786147 0.000555 0.618039 -0.118739 0.000037 0.992926 -0.183373 0.000086 0.983044 -0.183296 0.000081 0.983058 -0.246207 0.000129 0.969217 -0.245996 0.000134 0.969271 -0.308765 0.000182 0.951138 -0.308491 0.000187 0.951227 -0.308657 0.000179 0.951173 -0.246077 0.000134 0.969250 -0.245903 0.000147 0.969294 -0.183109 0.000100 0.983093 -0.183355 0.000091 0.983047 -0.118749 0.000042 0.992924 -0.118895 0.000036 0.992907 0.142178 -0.000140 0.989841 0.077531 -0.000093 0.996990 0.077483 -0.000096 0.996994 0.013257 -0.000049 0.999912 0.013061 -0.000056 0.999915 -0.051777 -0.000008 0.998659 -0.052014 -0.000015 0.998646 -0.051835 -0.000010 0.998656 0.013151 -0.000060 0.999914 0.012962 -0.000073 0.999916 0.077340 -0.000120 0.997005 0.077580 -0.000109 0.996986 0.142103 -0.000158 0.989852 0.142373 -0.000148 0.989813 0.393649 -0.000335 0.919261 0.332780 -0.000290 0.943005 0.332647 -0.000305 0.943051 0.271507 -0.000261 0.962436 0.271690 -0.000256 0.962385 0.208043 -0.000209 0.978120 0.208423 -0.000197 0.978039 0.208135 -0.000192 0.978100 0.271845 -0.000237 0.962341 0.271777 -0.000234 0.962360 0.332934 -0.000280 0.942950 0.332738 -0.000292 0.943020 0.393531 -0.000337 0.919311 0.393778 -0.000334 0.919206 0.617972 -0.000511 0.786200 0.565691 -0.000473 0.824617 0.565473 -0.000461 0.824767 0.511613 -0.000422 0.859216 0.511248 -0.000433 0.859433 0.454093 -0.000392 0.890954 0.454303 -0.000378 0.890847 0.454077 -0.000369 0.890962 0.511417 -0.000412 0.859332 0.511362 -0.000422 0.859366 0.565438 -0.000461 0.824791 0.565510 -0.000465 0.824741 0.618170 -0.000503 0.786044 0.618206 -0.000495 0.786016 0.801900 -0.000614 0.597457 0.759458 -0.000585 0.650557 0.759748 -0.000589 0.650217 0.716501 -0.000560 0.697586 0.716321 -0.000567 0.697770 0.669419 -0.000534 0.742885 0.669611 -0.000531 0.742712 0.669378 -0.000549 0.742922 0.716622 -0.000582 0.697461 0.716269 -0.000586 0.697824 0.759409 -0.000617 0.650613 0.759728 -0.000604 0.650241 0.801840 -0.000633 0.597538 0.802154 -0.000622 0.597117 0.928296 -0.000723 0.371841 0.902155 -0.000705 0.431412 0.902144 -0.000707 0.431435 0.872544 -0.000687 0.488535 0.872557 -0.000691 0.488512 0.837249 -0.000667 0.546821 0.837743 -0.000646 0.546065 0.837497 -0.000610 0.546442 0.872985 -0.000634 0.487747 0.872509 -0.000665 0.488598 0.902152 -0.000685 0.431417 0.902092 -0.000699 0.431544 0.928318 -0.000714 0.371787 0.928427 -0.000710 0.371514 0.992927 -0.000762 0.118722 0.983078 -0.000757 0.183188 0.983076 -0.000746 0.183198 0.969249 -0.000738 0.246082 0.969284 -0.000732 0.245943 0.951168 -0.000721 0.308673 0.951161 -0.000723 0.308694 0.951176 -0.000721 0.308648 0.969315 -0.000731 0.245823 0.969252 -0.000727 0.246070 0.983076 -0.000734 0.183198 0.983041 -0.000742 0.183386 0.992914 -0.000746 0.118830 0.992928 -0.000744 0.118717 0.989891 -0.000750 -0.141828 0.997000 -0.000758 -0.077395 0.996975 -0.000732 -0.077720 0.999908 -0.000737 -0.013544 0.999914 -0.000754 -0.013115 0.998645 -0.000756 0.052046 0.998645 -0.000745 0.052043 0.998644 -0.000765 0.052050 0.999908 -0.000762 -0.013546 0.999912 -0.000762 -0.013222 0.997000 -0.000757 -0.077399 0.996984 -0.000740 -0.077604 0.989891 -0.000732 -0.141829 0.989800 -0.000736 -0.142460 0.919258 -0.000648 -0.393656 0.942957 -0.000670 -0.332915 0.943005 -0.000691 -0.332779 0.962513 -0.000708 -0.271235 0.962366 -0.000695 -0.271755 0.978081 -0.000710 -0.208225 0.978094 -0.000725 -0.208161 0.978022 -0.000741 -0.208498 0.962609 -0.000728 -0.270894 0.962499 -0.000708 -0.271285 0.942882 -0.000690 -0.333127 0.942949 -0.000691 -0.332936 0.919233 -0.000671 -0.393713 0.919250 -0.000664 -0.393675 0.785904 -0.000540 -0.618348 0.824584 -0.000572 -0.565740 0.824837 -0.000583 -0.565370 0.859083 -0.000611 -0.511835 0.859331 -0.000622 -0.511419 0.890934 -0.000649 -0.454131 0.890801 -0.000640 -0.454393 0.890835 -0.000623 -0.454327 0.859396 -0.000599 -0.511310 0.859277 -0.000615 -0.511510 0.824758 -0.000586 -0.565485 0.824688 -0.000582 -0.565587 0.785914 -0.000551 -0.618336 0.786147 -0.000562 -0.618039 0.599206 -0.000421 -0.800595 0.650253 -0.000460 -0.759718 0.650208 -0.000467 -0.759756 0.697628 -0.000505 -0.716460 0.697426 -0.000484 -0.716657 0.743003 -0.000520 -0.669288 0.742958 -0.000528 -0.669338 0.743131 -0.000514 -0.669146 0.697519 -0.000478 -0.716566 0.697692 -0.000469 -0.716398 0.650267 -0.000433 -0.759706 0.650376 -0.000446 -0.759612 0.599297 -0.000406 -0.800527 0.599344 -0.000405 -0.800491 0.371716 -0.000203 -0.928346 0.431398 -0.000249 -0.902162 0.431568 -0.000272 -0.902081 0.488515 -0.000316 -0.872555 0.488519 -0.000320 -0.872553 0.544466 -0.000363 -0.838783 0.544314 -0.000362 -0.838882 0.544312 -0.000394 -0.838883 0.488503 -0.000350 -0.872563 0.488440 -0.000333 -0.872597 0.431535 -0.000289 -0.902096 0.431467 -0.000291 -0.902129 0.371787 -0.000246 -0.928318 0.371559 -0.000231 -0.928409 0.118640 -0.000015 -0.992937 0.183066 -0.000065 -0.983101 0.183201 -0.000072 -0.983075 0.245811 -0.000120 -0.969318 0.246372 -0.000143 -0.969175 0.308825 -0.000190 -0.951119 0.308490 -0.000183 -0.951228 0.308656 -0.000188 -0.951174 0.245893 -0.000139 -0.969297 0.246085 -0.000148 -0.969248 0.183354 -0.000100 -0.983047 0.183263 -0.000094 -0.983064 0.118890 -0.000046 -0.992908 0.118837 -0.000045 -0.992914 -0.142126 0.000159 -0.989849 -0.077384 0.000110 -0.997001 -0.077387 0.000109 -0.997001 -0.013354 0.000061 -0.999911 -0.013351 0.000061 -0.999911 0.051929 0.000012 -0.998651 0.052111 0.000005 -0.998641 0.051932 0.000011 -0.998651 -0.013353 0.000061 -0.999911 -0.012962 0.000035 -0.999916 -0.077219 0.000083 -0.997014 -0.077388 0.000091 -0.997001 -0.141976 0.000139 -0.989870 -0.142660 0.000163 -0.989772 -0.393649 0.000337 -0.919261 -0.332810 0.000294 -0.942994 -0.332648 0.000285 -0.943051 -0.271418 0.000240 -0.962461 -0.271577 0.000249 -0.962417 -0.208260 0.000203 -0.978074 -0.208423 0.000211 -0.978039 -0.208109 0.000184 -0.978106 -0.271320 0.000231 -0.962489 -0.271603 0.000253 -0.962410 -0.332922 0.000298 -0.942955 -0.332756 0.000296 -0.943013 -0.393743 0.000341 -0.919221 -0.393495 0.000336 -0.919327 -0.618035 0.000516 -0.786150 -0.565590 0.000480 -0.824686 -0.565340 0.000466 -0.824858 -0.511363 0.000427 -0.859365 -0.511508 0.000434 -0.859278 -0.454505 0.000392 -0.890744 -0.454303 0.000380 -0.890847 -0.454161 0.000346 -0.890920 -0.511067 0.000386 -0.859541 -0.511503 0.000410 -0.859281 -0.565405 0.000448 -0.824813 -0.565477 0.000457 -0.824764 -0.618050 0.000494 -0.786138 -0.618086 0.000499 -0.786110 -0.800595 0.000636 -0.599206 -0.759938 0.000610 -0.649996 -0.759868 0.000595 -0.650078 -0.716271 0.000564 -0.697823 -0.716429 0.000564 -0.697660 -0.669473 0.000531 -0.742836 -0.669504 0.000535 -0.742808 -0.669596 0.000567 -0.742725 -0.716719 0.000600 -0.697362 -0.716221 0.000573 -0.697873 -0.759870 0.000603 -0.650075 -0.759728 0.000597 -0.650240 -0.800427 0.000625 -0.599430 -0.800538 0.000624 -0.599282 -0.928311 0.000703 -0.371805 -0.902156 0.000687 -0.431409 -0.902091 0.000676 -0.431546 -0.872464 0.000656 -0.488679 -0.872810 0.000681 -0.488060 -0.838866 0.000658 -0.544338 -0.838773 0.000650 -0.544481 -0.839118 0.000682 -0.543949 -0.872409 0.000703 -0.488776 -0.872486 0.000694 -0.488640 -0.902296 0.000713 -0.431117 -0.902110 0.000699 -0.431506 -0.928345 0.000716 -0.371719 -0.928203 0.000707 -0.372074 -0.992886 0.000712 -0.119064 -0.982962 0.000707 -0.183809 -0.983086 0.000747 -0.183145 -0.969263 0.000740 -0.246024 -0.969284 0.000743 -0.245943 -0.951255 0.000732 -0.308406 -0.951056 0.000721 -0.309017 -0.951167 0.000745 -0.308677 -0.969344 0.000755 -0.245707 -0.969246 0.000737 -0.246093 -0.983079 0.000745 -0.183180 -0.983086 0.000750 -0.183144 -0.992965 0.000755 -0.118410 -0.992925 0.000750 -0.118740 -0.989843 0.000725 0.142160 -0.996999 0.000732 0.077410 -0.996976 0.000731 0.077713 -0.999917 0.000737 0.012900 -0.999911 0.000754 0.013331 -0.998645 0.000756 -0.052039 -0.998645 0.000752 -0.052043 -0.998645 0.000739 -0.052045 -0.999916 0.000737 0.012902 -0.999912 0.000749 0.013221 -0.997000 0.000744 0.077399 -0.997001 0.000748 0.077391 -0.989832 0.000739 0.142240 -0.989846 0.000735 0.142141 -0.919273 0.000681 0.393619 -0.943011 0.000703 0.332761 -0.942994 0.000707 0.332810 -0.962337 0.000724 0.271857 -0.962486 0.000715 0.271331 -0.978079 0.000729 0.208231 -0.978028 0.000722 0.208472 -0.978088 0.000706 0.208188 -0.962440 0.000689 0.271493 -0.962414 0.000696 0.271584 -0.943015 0.000679 0.332749 -0.942928 0.000681 0.332998 -0.919350 0.000661 0.393441 -0.919162 0.000672 0.393880 -0.786170 0.000560 0.618010 -0.824435 0.000593 0.565956 -0.824774 0.000587 0.565463 -0.859419 0.000614 0.511272 -0.859331 0.000617 0.511420 -0.890772 0.000643 0.454449 -0.890933 0.000648 0.454136 0.000721 1.000000 0.000060 0.000781 1.000000 0.000031 0.000729 1.000000 0.000066 0.000746 1.000000 0.000041 0.000757 1.000000 0.000045 0.000763 1.000000 0.000047 0.000735 1.000000 0.000064 0.000733 1.000000 0.000063 0.000752 1.000000 0.000040 0.000738 1.000000 0.000065 0.000763 1.000000 -0.000018 0.000750 1.000000 0.000094 0.000745 1.000000 0.000048 0.000748 1.000000 0.000051 0.000736 1.000000 0.000053 0.000756 1.000000 0.000037 0.000766 1.000000 0.000045 0.000758 1.000000 0.000045 0.000740 1.000000 0.000057 0.000721 1.000000 0.000069 0.000780 1.000000 0.000038 0.000743 1.000000 0.000049 0.000737 1.000000 0.000052 0.000752 1.000000 0.000040 0.000752 1.000000 0.000041 0.000765 1.000000 0.000039 0.000767 1.000000 0.000034 0.000714 1.000000 0.000074 0.000730 1.000000 0.000048 0.000763 1.000000 0.000042 0.000751 1.000000 0.000047 0.000709 1.000000 0.000065 0.000782 1.000000 0.000048 0.000733 1.000000 0.000055 0.000748 1.000000 0.000049 0.000745 1.000000 0.000052 0.000747 1.000000 0.000047 0.000730 1.000000 0.000049 0.000734 1.000000 0.000047 0.000790 1.000000 0.000019 0.000763 1.000000 0.000049 0.000762 1.000000 0.000049 0.000722 1.000000 0.000057 0.000749 1.000000 0.000045 0.000738 1.000000 0.000043 0.000792 1.000000 0.000043 0.000733 1.000000 0.000052 0.000749 1.000000 0.000050 0.000779 1.000000 0.000052 0.000690 1.000000 0.000048 0.000756 1.000000 0.000040 0.000805 1.000000 0.000029 0.000727 1.000000 0.000046 0.000713 1.000000 0.000046 0.000795 1.000000 0.000040 0.000731 1.000000 0.000053 0.000770 1.000000 0.000081 0.000694 1.000000 0.000010 0.000785 1.000000 0.000070 0.000750 1.000000 0.000056 0.000749 1.000000 0.000042 0.000744 1.000000 0.000046 0.000749 1.000000 0.000053 0.000721 1.000000 0.000030 0.000758 1.000000 0.000053 0.000757 1.000000 0.000060 0.000725 1.000000 0.000033 0.000741 1.000000 0.000041 0.000751 1.000000 0.000052 0.000763 1.000000 0.000063 0.000728 1.000000 0.000032 0.000747 1.000000 0.000045 0.000736 1.000000 0.000021 0.000768 1.000000 0.000071 0.000723 1.000000 0.000018 0.000776 1.000000 0.000057 0.000756 1.000000 0.000067 0.000735 1.000000 0.000029 0.000777 1.000000 0.000071 0.000690 1.000000 0.000008 0.000750 1.000000 0.000027 0.000764 1.000000 0.000052 0.000766 1.000000 0.000054 0.000745 1.000000 0.000041 0.000772 1.000000 0.000100 0.000756 1.000000 0.000067 0.000718 1.000000 0.000014 0.000762 1.000000 0.000061 0.000744 1.000000 0.000029 0.000743 1.000000 0.000027 0.000774 1.000000 0.000072 0.000753 1.000000 0.000054 0.000743 1.000000 0.000038 0.000746 1.000000 0.000037 0.000765 1.000000 0.000067 0.000723 1.000000 0.000019 0.000751 1.000000 0.000037 0.000763 1.000000 0.000084 0.000730 1.000000 0.000009 0.000757 1.000000 0.000053 0.000751 1.000000 0.000048 0.000764 1.000000 0.000081 0.000735 1.000000 0.000027 0.000759 1.000000 0.000062 0.000756 1.000000 0.000081 0.000739 1.000000 0.000023 0.000749 1.000000 0.000044 0.000763 1.000000 0.000066 0.000747 1.000000 0.000047 0.000749 1.000000 0.000042 0.000750 1.000000 0.000037 0.000752 1.000000 0.000032 0.000749 1.000000 0.000038 0.000751 1.000000 0.000045 0.000758 1.000000 0.000020 0.000751 1.000000 0.000058 0.000754 1.000000 0.000042 0.000760 1.000000 0.000038 0.000748 1.000000 0.000059 0.000749 1.000000 0.000054 0.000741 1.000000 0.000063 0.000735 1.000000 0.000069 0.000744 1.000000 0.000045 0.000752 1.000000 0.000019 0.000746 1.000000 0.000057 0.000748 1.000000 0.000054 0.000746 1.000000 0.000051 0.000751 1.000000 0.000046 0.000766 1.000000 0.000032 0.000726 1.000000 0.000089 0.000752 1.000000 0.000037 0.000745 1.000000 0.000069 0.000751 1.000000 0.000038 0.000768 1.000000 0.000017 0.000723 1.000000 0.000085 0.000758 1.000000 0.000006 0.000792 1.000000 -0.000003 0.000734 1.000000 0.000070 0.000727 1.000000 0.000071 0.000762 1.000000 0.000011 0.000762 1.000000 0.000043 0.000736 1.000000 0.000064 0.000751 1.000000 0.000044 0.000740 1.000000 0.000067 0.000699 1.000000 0.000082 0.000747 1.000000 0.000041 0.000752 1.000000 0.000037 0.000753 1.000000 0.000030 0.000767 1.000000 0.000030 0.000738 1.000000 0.000052 0.000741 1.000000 0.000055 0.000757 1.000000 0.000033 0.000765 1.000000 0.000033 0.000721 1.000000 0.000067 0.000772 1.000000 0.000015 0.000759 1.000000 0.000029 0.000783 1.000000 0.000036 0.000753 1.000000 0.000057 0.000737 1.000000 0.000063 0.000738 1.000000 0.000068 0.000712 1.000000 0.000061 0.000755 1.000000 0.000039 0.000753 1.000000 0.000049 0.000732 1.000000 0.000058 0.000730 1.000000 0.000056 0.000760 1.000000 0.000039 0.000755 1.000000 0.000048 0.000720 1.000000 0.000076 0.000746 1.000000 0.000048 0.000724 1.000000 0.000042 0.000761 1.000000 0.000044 0.000773 1.000000 0.000043 0.000751 1.000000 0.000049 0.000812 1.000000 0.000062 0.000700 1.000000 0.000052 0.000725 1.000000 0.000050 0.000737 1.000000 0.000038 0.000795 1.000000 0.000055 0.000740 1.000000 0.000047 0.000742 1.000000 0.000047 0.000783 1.000000 0.000063 0.000690 1.000000 0.000029 0.000783 1.000000 0.000046 0.000758 1.000000 0.000045 0.000705 1.000000 0.000025 0.000739 1.000000 0.000043 0.000765 1.000000 0.000049 0.000736 1.000000 0.000047 0.000724 1.000000 0.000043 0.000759 1.000000 0.000057 0.000734 1.000000 0.000050 0.000746 1.000000 0.000052 0.000757 1.000000 0.000053 0.000717 1.000000 0.000033 0.000755 1.000000 0.000048 0.000786 1.000000 0.000051 0.000755 1.000000 0.000056 0.000769 1.000000 0.000060 0.000747 1.000000 0.000054 0.000699 1.000000 0.000044 0.000755 1.000000 0.000050 0.000738 1.000000 0.000040 0.000750 1.000000 0.000045 0.000774 1.000000 0.000049 0.000758 1.000000 0.000052 0.000746 1.000000 0.000044 0.000737 1.000000 0.000039 0.000797 1.000000 0.000058 0.000730 1.000000 0.000030 0.000777 1.000000 0.000067 0.000706 1.000000 0.000031 0.000775 1.000000 0.000054 0.000727 1.000000 0.000030 0.000715 1.000000 0.000024 0.000804 1.000000 0.000074 0.000745 1.000000 0.000045 0.000740 1.000000 0.000034 0.000758 1.000000 0.000054 0.000762 1.000000 0.000056 0.000740 1.000000 0.000046 0.000749 1.000000 0.000057 0.000745 1.000000 0.000026 0.000751 1.000000 0.000053 0.000753 1.000000 0.000055 0.000749 1.000000 0.000073 0.000744 1.000000 0.000035 0.000737 1.000000 0.000004 0.000773 1.000000 0.000095 0.000746 1.000000 0.000037 0.000749 1.000000 0.000062 0.000747 1.000000 0.000059 0.000739 1.000000 0.000033 0.000746 1.000000 0.000041 0.000747 1.000000 0.000044 0.000741 1.000000 0.000016 0.000762 1.000000 0.000082 0.000749 1.000000 0.000027 0.000744 1.000000 0.000050 0.000744 1.000000 0.000045 0.000743 1.000000 0.000042 0.000746 1.000000 0.000027 0.000743 1.000000 0.000064 0.000740 1.000000 0.000038 0.000745 1.000000 0.000045 0.000745 1.000000 0.000075 0.000748 1.000000 0.000042 0.000750 1.000000 0.000037 0.000757 1.000000 0.000086 0.000761 1.000000 0.000020 0.000749 1.000000 0.000089 0.000751 1.000000 0.000065 0.000746 1.000000 0.000039 0.000746 1.000000 0.000041 0.000742 1.000000 0.000063 0.000743 1.000000 0.000031 0.000745 1.000000 0.000025 0.000745 1.000000 0.000045 0.000753 1.000000 0.000021 0.000752 1.000000 0.000026 0.000752 1.000000 0.000098 0.000755 1.000000 0.000031 0.000752 1.000000 0.000029 0.000746 1.000000 0.000079 0.000747 1.000000 0.000045 0.000750 1.000000 0.000035 0.000750 1.000000 0.000039 0.000754 1.000000 0.000010 0.000750 1.000000 0.000080 -0.834592 0.000655 -0.550869 -0.861266 0.000672 -0.508154 -0.861306 0.000665 -0.508086 -0.885786 0.000681 -0.464093 -0.885758 0.000680 -0.464147 -0.908009 0.000694 -0.418951 -0.908085 0.000699 -0.418785 -0.908073 0.000712 -0.418810 -0.885654 0.000696 -0.464345 -0.885751 0.000692 -0.464160 -0.861242 0.000676 -0.508195 -0.861292 0.000673 -0.508110 -0.834669 0.000655 -0.550751 -0.834553 0.000643 -0.550928 -0.706684 0.000523 -0.707529 -0.741403 0.000547 -0.671060 -0.741563 0.000588 -0.670883 -0.774199 0.000610 -0.632942 -0.774198 0.000603 -0.632943 -0.805139 0.000624 -0.593086 -0.805209 0.000623 -0.592991 -0.805065 0.000654 -0.593186 -0.774135 0.000633 -0.633020 -0.774122 0.000617 -0.633037 -0.741505 0.000595 -0.670948 -0.741497 0.000600 -0.670956 -0.706636 0.000576 -0.707577 -0.706509 0.000567 -0.707704 -0.549756 0.000445 -0.835325 -0.591213 0.000474 -0.806515 -0.591228 0.000487 -0.806505 -0.630872 0.000516 -0.775887 -0.630846 0.000507 -0.775908 -0.669227 0.000534 -0.743058 -0.669327 0.000541 -0.742968 -0.669277 0.000546 -0.743012 -0.630932 0.000519 -0.775838 -0.630781 0.000502 -0.775961 -0.591064 0.000474 -0.806625 -0.591234 0.000491 -0.806500 -0.549835 0.000461 -0.835273 -0.549684 0.000451 -0.835373 -0.370301 0.000316 -0.928912 -0.416819 0.000349 -0.908990 -0.416830 0.000354 -0.908985 -0.461735 0.000387 -0.887018 -0.461714 0.000385 -0.887029 -0.506061 0.000417 -0.862498 -0.506084 0.000419 -0.862484 -0.506072 0.000425 -0.862491 -0.461624 0.000392 -0.887076 -0.461685 0.000392 -0.887044 -0.416759 0.000360 -0.909017 -0.416753 0.000359 -0.909020 -0.370382 0.000326 -0.928880 -0.370248 0.000318 -0.928933 -0.175777 0.000152 -0.984430 -0.225176 0.000189 -0.974318 -0.225322 0.000222 -0.974284 -0.273751 0.000257 -0.961801 -0.273700 0.000253 -0.961815 -0.322094 0.000288 -0.946708 -0.322015 0.000283 -0.946735 -0.321949 0.000281 -0.946757 -0.273695 0.000246 -0.961817 -0.273703 0.000249 -0.961814 -0.225263 0.000213 -0.974298 -0.225371 0.000221 -0.974273 -0.175642 0.000184 -0.984454 -0.175631 0.000182 -0.984456 0.025917 0.000003 -0.999664 -0.024407 0.000041 -0.999702 -0.024591 0.000075 -0.999698 -0.074608 0.000112 -0.997213 -0.074471 0.000100 -0.997223 -0.124930 0.000137 -0.992166 -0.125013 0.000144 -0.992155 -0.124915 0.000162 -0.992167 -0.074604 0.000124 -0.997213 -0.074470 0.000101 -0.997223 -0.024529 0.000063 -0.999699 -0.024615 0.000071 -0.999697 0.026045 0.000033 -0.999661 0.026075 0.000031 -0.999660 0.226751 -0.000146 -0.973953 0.177220 -0.000109 -0.984171 0.177074 -0.000089 -0.984197 0.127653 -0.000051 -0.991819 0.127663 -0.000051 -0.991818 0.077501 -0.000013 -0.996992 0.077416 -0.000007 -0.996999 0.077381 -0.000013 -0.997002 0.127649 -0.000050 -0.991819 0.127653 -0.000051 -0.991819 0.177260 -0.000089 -0.984164 0.177138 -0.000080 -0.984186 0.226695 -0.000117 -0.973966 0.226839 -0.000126 -0.973932 0.418227 -0.000278 -0.908343 0.371824 -0.000242 -0.928303 0.371718 -0.000223 -0.928346 0.324650 -0.000187 -0.945834 0.324785 -0.000203 -0.945788 0.276577 -0.000166 -0.960992 0.276541 -0.000163 -0.961002 0.276647 -0.000140 -0.960972 0.324752 -0.000177 -0.945799 0.324762 -0.000198 -0.945796 0.371664 -0.000234 -0.928367 0.371603 -0.000234 -0.928392 0.418172 -0.000269 -0.908368 0.418238 -0.000274 -0.908337 0.592367 -0.000416 -0.805669 0.550944 -0.000383 -0.834542 0.550917 -0.000386 -0.834560 0.508534 -0.000353 -0.861042 0.508391 -0.000338 -0.861126 0.464235 -0.000304 -0.885712 0.464257 -0.000309 -0.885701 0.464319 -0.000304 -0.885668 0.508426 -0.000338 -0.861106 0.508361 -0.000338 -0.861144 0.551048 -0.000371 -0.834474 0.551049 -0.000368 -0.834472 0.592472 -0.000401 -0.805591 0.592489 -0.000401 -0.805578 0.742400 -0.000505 -0.669957 0.707713 -0.000477 -0.706500 0.707695 -0.000500 -0.706518 0.671482 -0.000472 -0.741021 0.671381 -0.000463 -0.741112 0.633060 -0.000433 -0.774103 0.633105 -0.000433 -0.774066 0.633070 -0.000434 -0.774094 0.671377 -0.000464 -0.741116 0.671448 -0.000463 -0.741052 0.707632 -0.000492 -0.706581 0.707730 -0.000503 -0.706483 0.742569 -0.000531 -0.669770 0.742368 -0.000520 -0.669992 0.862183 -0.000612 -0.506596 0.835383 -0.000588 -0.549667 0.835471 -0.000603 -0.549534 0.806792 -0.000580 -0.590835 0.806795 -0.000577 -0.590831 0.775981 -0.000552 -0.630756 0.775969 -0.000547 -0.630771 0.775994 -0.000532 -0.630741 0.806867 -0.000558 -0.590733 0.806813 -0.000555 -0.590806 0.835395 -0.000578 -0.549650 0.835518 -0.000598 -0.549464 0.862056 -0.000619 -0.506813 0.862128 -0.000625 -0.506690 0.946492 -0.000672 -0.322727 0.928902 -0.000659 -0.370325 0.929016 -0.000671 -0.370040 0.909222 -0.000655 -0.416312 0.909256 -0.000658 -0.416237 0.887033 -0.000639 -0.461706 0.887007 -0.000646 -0.461755 0.887075 -0.000656 -0.461624 0.909264 -0.000675 -0.416220 0.909340 -0.000655 -0.416054 0.928860 -0.000671 -0.370430 0.928944 -0.000680 -0.370219 0.946489 -0.000696 -0.322734 0.946510 -0.000691 -0.322675 0.992077 -0.000728 -0.125630 0.984459 -0.000719 -0.175612 0.984461 -0.000731 -0.175600 0.974417 -0.000721 -0.224746 0.974432 -0.000718 -0.224682 0.961816 -0.000706 -0.273695 0.961784 -0.000705 -0.273808 0.961785 -0.000697 -0.273804 0.974415 -0.000709 -0.224753 0.974419 -0.000721 -0.224740 0.984458 -0.000731 -0.175617 0.984461 -0.000728 -0.175603 0.992101 -0.000736 -0.125442 0.992077 -0.000729 -0.125631 0.997062 -0.000742 0.076600 0.999658 -0.000741 0.026141 0.999653 -0.000741 0.026322 0.999709 -0.000739 -0.024110 0.999713 -0.000747 -0.023930 0.997230 -0.000742 -0.074379 0.997230 -0.000735 -0.074379 0.997229 -0.000735 -0.074383 0.999709 -0.000739 -0.024114 0.999713 -0.000750 -0.023930 0.999663 -0.000753 0.025953 0.999658 -0.000756 0.026136 0.997052 -0.000757 0.076724 0.997062 -0.000747 0.076598 0.961293 -0.000724 0.275526 0.973904 -0.000731 0.226960 0.973906 -0.000731 0.226952 0.984070 -0.000737 0.177778 0.984070 -0.000745 0.177783 0.991784 -0.000748 0.127924 0.991792 -0.000746 0.127858 0.991793 -0.000742 0.127855 0.984099 -0.000739 0.177618 0.984069 -0.000749 0.177785 0.973946 -0.000744 0.226779 0.973893 -0.000747 0.227004 0.961182 -0.000740 0.275914 0.961248 -0.000725 0.275685 0.885998 -0.000677 0.463688 0.908354 -0.000692 0.418201 0.908366 -0.000689 0.418175 0.928160 -0.000702 0.372181 0.928104 -0.000712 0.372320 0.945788 -0.000723 0.324785 0.945751 -0.000716 0.324893 0.945802 -0.000736 0.324742 0.928092 -0.000724 0.372351 0.928152 -0.000719 0.372202 0.908361 -0.000706 0.418186 0.908377 -0.000700 0.418152 0.886058 -0.000685 0.463573 0.886009 -0.000688 0.463667 0.774655 -0.000640 0.632385 0.805554 -0.000661 0.592522 0.805684 -0.000642 0.592345 0.834188 -0.000661 0.551479 0.834279 -0.000659 0.551342 0.860954 -0.000677 0.508683 0.860999 -0.000671 0.508607 0.860970 -0.000655 0.508656 0.834113 -0.000636 0.551594 0.834197 -0.000639 0.551466 0.805628 -0.000620 0.592421 0.805523 -0.000625 0.592564 0.774619 -0.000603 0.632428 0.774492 -0.000609 0.632583 0.631237 -0.000494 0.775590 0.669774 -0.000521 0.742565 0.669787 -0.000528 0.742553 0.706086 -0.000555 0.708126 0.706128 -0.000563 0.708084 0.741059 -0.000587 0.671439 0.741073 -0.000585 0.671424 0.741013 -0.000564 0.671490 0.706165 -0.000538 0.708048 0.706097 -0.000567 0.708115 0.669785 -0.000541 0.742555 0.669825 -0.000534 0.742518 0.631331 -0.000507 0.775514 0.631297 -0.000512 0.775541 0.462333 -0.000372 0.886706 0.506517 -0.000404 0.862230 0.506564 -0.000414 0.862202 0.549144 -0.000444 0.835728 0.549177 -0.000449 0.835706 0.590722 -0.000480 0.806875 0.590763 -0.000483 0.806845 0.590738 -0.000473 0.806863 0.549172 -0.000444 0.835709 0.549104 -0.000450 0.835754 0.506705 -0.000419 0.862120 0.506614 -0.000428 0.862173 0.462249 -0.000396 0.886750 0.462407 -0.000387 0.886668 0.274349 -0.000236 0.961630 0.322677 -0.000269 0.946509 0.322576 -0.000296 0.946544 0.369727 -0.000331 0.929140 0.369731 -0.000331 0.929139 0.416130 -0.000365 0.909305 0.416220 -0.000354 0.909264 0.416214 -0.000339 0.909267 0.369672 -0.000306 0.929162 0.369618 -0.000309 0.929184 0.322687 -0.000274 0.946506 0.322523 -0.000291 0.946562 0.274527 -0.000256 0.961579 0.274460 -0.000257 0.961599 0.075304 -0.000102 0.997161 0.125594 -0.000141 0.992082 0.125567 -0.000144 0.992085 0.174952 -0.000181 0.984577 0.175075 -0.000167 0.984555 0.224763 -0.000202 0.974413 0.224493 -0.000221 0.974476 0.224519 -0.000236 0.974470 0.175127 -0.000200 0.984546 0.175163 -0.000185 0.984540 0.125498 -0.000148 0.992094 0.125559 -0.000142 0.992086 0.075293 -0.000105 0.997162 0.075322 -0.000104 0.997159 -0.127230 0.000086 0.991873 -0.076659 0.000047 0.997057 -0.076879 0.000007 0.997040 -0.026722 -0.000030 0.999643 -0.026620 -0.000021 0.999646 0.023839 -0.000059 0.999716 0.023733 -0.000065 0.999718 0.023842 -0.000085 0.999716 -0.026779 -0.000046 0.999641 -0.026628 -0.000020 0.999645 -0.076786 0.000018 0.997048 -0.076895 0.000009 0.997039 -0.127081 0.000047 0.991892 -0.127033 0.000048 0.991899 -0.324146 0.000208 0.946007 -0.275730 0.000173 0.961235 -0.275913 0.000142 0.961183 -0.227481 0.000106 0.973782 -0.227288 0.000128 0.973828 -0.177761 0.000091 0.984074 -0.177844 0.000087 0.984059 -0.177821 0.000087 0.984063 -0.227377 0.000125 0.973807 -0.227284 0.000138 0.973829 -0.275864 0.000175 0.961197 -0.275985 0.000163 0.961162 -0.324087 0.000199 0.946027 -0.324101 0.000200 0.946023 -0.507955 0.000337 0.861383 -0.463697 0.000303 0.885994 -0.463636 0.000309 0.886026 -0.418640 0.000274 0.908152 -0.418750 0.000272 0.908102 -0.372319 0.000236 0.928105 -0.372366 0.000236 0.928086 -0.372297 0.000224 0.928114 -0.418797 0.000259 0.908080 -0.418692 0.000274 0.908128 -0.463736 0.000309 0.885973 -0.463726 0.000314 0.885979 -0.507811 0.000347 0.861469 -0.507880 0.000341 0.861428 -0.670917 0.000456 0.741533 -0.632633 0.000426 0.774452 -0.632518 0.000426 0.774546 -0.593027 0.000396 0.805183 -0.592914 0.000403 0.805265 -0.551600 0.000371 0.834109 -0.551628 0.000375 0.834090 -0.551624 0.000396 0.834093 -0.592883 0.000429 0.805289 -0.593006 0.000412 0.805198 -0.632593 0.000444 0.774484 -0.632595 0.000437 0.774482 -0.670961 0.000466 0.741493 -0.670862 0.000469 0.741582 -0.806412 0.000558 0.591354 -0.775662 0.000531 0.631148 -0.775510 0.000553 0.631335 -0.742857 0.000527 0.669450 -0.742905 0.000523 0.669396 -0.708194 0.000495 0.706018 -0.708119 0.000499 0.706093 -0.708083 0.000485 0.706130 -0.743083 0.000513 0.669199 -0.742913 0.000529 0.669388 -0.775534 0.000556 0.631305 -0.775488 0.000558 0.631363 -0.806426 0.000583 0.591335 -0.806544 0.000576 0.591173 -0.908964 0.000654 0.416875 -0.886764 0.000636 0.462222 -0.886701 0.000643 0.462343 -0.862432 0.000623 0.506173 -0.862504 0.000623 0.506050 -0.835691 0.000601 0.549199 -0.835717 0.000601 0.549160 -0.835737 0.000600 0.549129 -0.862425 0.000622 0.506185 -0.862376 0.000613 0.506268 -0.886859 0.000633 0.462040 -0.886756 0.000647 0.462237 -0.908948 0.000666 0.416909 -0.908966 0.000658 0.416870 -0.974273 0.000711 0.225370 -0.961604 0.000700 0.274441 -0.961611 0.000707 0.274416 -0.946698 0.000693 0.322121 -0.946654 0.000700 0.322252 -0.929169 0.000684 0.369655 -0.929229 0.000676 0.369504 -0.929163 0.000671 0.369669 -0.946639 0.000687 0.322295 -0.946639 0.000678 0.322296 -0.961699 0.000691 0.274109 -0.961597 0.000712 0.274464 -0.974252 0.000724 0.225463 -0.974314 0.000716 0.225191 -0.999697 0.000761 0.024611 -0.997176 0.000757 0.075092 -0.997162 0.000735 0.075276 -0.992180 0.000729 0.124813 -0.992166 0.000743 0.124926 -0.984544 0.000735 0.175137 -0.984564 0.000726 0.175022 -0.984561 0.000719 0.175038 -0.992180 0.000728 0.124810 -0.992158 0.000739 0.124990 -0.997176 0.000746 0.075093 -0.997185 0.000742 0.074972 -0.999692 0.000747 0.024793 -0.999697 0.000745 0.024609 -0.984193 0.000763 -0.177098 -0.991900 0.000765 -0.127016 -0.991853 0.000752 -0.127384 -0.997022 0.000753 -0.077116 -0.997008 0.000757 -0.077299 -0.999641 0.000756 -0.026767 -0.999635 0.000747 -0.027015 -0.999635 0.000742 -0.027017 -0.997022 0.000743 -0.077113 -0.997022 0.000753 -0.077116 -0.991878 0.000751 -0.127191 -0.991885 0.000740 -0.127134 -0.984186 0.000736 -0.177136 -0.984198 0.000742 -0.177068 -0.928414 0.000696 -0.371547 -0.945991 0.000708 -0.324192 -0.946011 0.000727 -0.324134 -0.961032 0.000736 -0.276436 -0.961028 0.000731 -0.276450 -0.973790 0.000739 -0.227447 -0.973762 0.000737 -0.227567 -0.973757 0.000734 -0.227590 -0.961024 0.000727 -0.276464 -0.961025 0.000736 -0.276460 -0.946064 0.000728 -0.323979 -0.945992 0.000717 -0.324189 -0.928310 0.000707 -0.371807 -0.928341 0.000712 -0.371728 0.583057 -0.000424 -0.812431 0.604478 -0.000441 -0.796622 0.604458 -0.000418 -0.796637 0.625462 -0.000434 -0.780254 0.625393 -0.000427 -0.780310 0.645952 -0.000443 -0.763378 0.645956 -0.000453 -0.763375 0.645993 -0.000447 -0.763343 0.625378 -0.000432 -0.780322 0.625431 -0.000435 -0.780279 0.604467 -0.000418 -0.796630 0.604431 -0.000414 -0.796658 0.583110 -0.000397 -0.812393 0.583100 -0.000402 -0.812400 0.493384 -0.000345 -0.869811 0.516417 -0.000359 -0.856337 0.516396 -0.000346 -0.856350 0.538930 -0.000363 -0.842351 0.538957 -0.000362 -0.842333 0.561144 -0.000380 -0.827718 0.561168 -0.000384 -0.827702 0.561121 -0.000392 -0.827734 0.538914 -0.000376 -0.842361 0.538903 -0.000372 -0.842368 0.516408 -0.000354 -0.856343 0.516397 -0.000346 -0.856349 0.493388 -0.000327 -0.869809 0.493412 -0.000332 -0.869796 0.398146 -0.000246 -0.917322 0.422411 -0.000268 -0.906404 0.422465 -0.000271 -0.906379 0.446302 -0.000290 -0.894882 0.446298 -0.000291 -0.894884 0.470033 -0.000309 -0.882649 0.470102 -0.000313 -0.882612 0.470049 -0.000325 -0.882640 0.446314 -0.000305 -0.894876 0.446288 -0.000294 -0.894889 0.422424 -0.000275 -0.906398 0.422429 -0.000281 -0.906396 0.398165 -0.000263 -0.917314 0.398125 -0.000255 -0.917331 0.298471 -0.000157 -0.954419 0.323611 -0.000180 -0.946190 0.323685 -0.000190 -0.946165 0.348720 -0.000210 -0.937227 0.348778 -0.000213 -0.937205 0.373482 -0.000232 -0.927637 0.373508 -0.000236 -0.927627 0.373503 -0.000236 -0.927629 0.348678 -0.000217 -0.937243 0.348754 -0.000226 -0.937214 0.323679 -0.000207 -0.946167 0.323633 -0.000198 -0.946183 0.298454 -0.000178 -0.954424 0.298443 -0.000178 -0.954427 0.195304 -0.000086 -0.980743 0.221284 -0.000108 -0.975209 0.221316 -0.000121 -0.975202 0.247035 -0.000139 -0.969007 0.247103 -0.000147 -0.968989 0.272798 -0.000167 -0.962071 0.272746 -0.000158 -0.962086 0.272774 -0.000146 -0.962078 0.247087 -0.000129 -0.968993 0.247137 -0.000133 -0.968981 0.221292 -0.000114 -0.975208 0.221301 -0.000119 -0.975206 0.195238 -0.000100 -0.980756 0.195244 -0.000102 -0.980755 0.089880 -0.000031 -0.995953 0.116369 -0.000051 -0.993206 0.116361 -0.000050 -0.993207 0.142706 -0.000069 -0.989765 0.142685 -0.000069 -0.989768 0.169005 -0.000088 -0.985615 0.168962 -0.000081 -0.985623 0.169005 -0.000061 -0.985615 0.142733 -0.000044 -0.989761 0.142752 -0.000051 -0.989759 0.116328 -0.000031 -0.993211 0.116387 -0.000040 -0.993204 0.089917 -0.000019 -0.995949 0.089917 -0.000020 -0.995949 -0.016425 0.000077 -0.999865 0.010151 0.000054 -0.999949 0.010169 0.000049 -0.999948 0.036645 0.000029 -0.999328 0.036694 0.000020 -0.999327 0.063287 -0.000001 -0.997995 0.063281 0.000000 -0.997996 0.063326 0.000013 -0.997993 0.036640 0.000037 -0.999329 0.036686 0.000016 -0.999327 0.010154 0.000037 -0.999949 0.010142 0.000039 -0.999949 -0.016457 0.000059 -0.999865 -0.016466 0.000060 -0.999865 -0.122616 0.000117 -0.992454 -0.096192 0.000098 -0.995363 -0.096217 0.000111 -0.995360 -0.069708 0.000092 -0.997568 -0.069742 0.000098 -0.997565 -0.043215 0.000078 -0.999066 -0.043226 0.000080 -0.999065 -0.043146 0.000111 -0.999069 -0.069835 0.000129 -0.997559 -0.069757 0.000097 -0.997564 -0.096195 0.000115 -0.995363 -0.096207 0.000119 -0.995361 -0.122562 0.000138 -0.992461 -0.122577 0.000139 -0.992459 -0.227437 0.000209 -0.973793 -0.201540 0.000190 -0.979480 -0.201532 0.000182 -0.979482 -0.175368 0.000164 -0.984503 -0.175390 0.000166 -0.984499 -0.149054 0.000148 -0.988829 -0.149145 0.000158 -0.988815 -0.149067 0.000189 -0.988827 -0.175329 0.000207 -0.984510 -0.175303 0.000199 -0.984515 -0.201495 0.000217 -0.979490 -0.201460 0.000208 -0.979497 -0.227526 0.000229 -0.973772 -0.227430 0.000214 -0.973794 -0.329629 0.000312 -0.944110 -0.304400 0.000292 -0.952544 -0.304376 0.000285 -0.952552 -0.279006 0.000268 -0.960289 -0.279021 0.000271 -0.960285 -0.253500 0.000252 -0.967336 -0.253368 0.000233 -0.967370 -0.253551 0.000168 -0.967322 -0.278999 0.000186 -0.960291 -0.279099 0.000235 -0.960263 -0.304411 0.000251 -0.952541 -0.304441 0.000264 -0.952531 -0.329603 0.000282 -0.944120 -0.329709 0.000293 -0.944083 -0.428174 0.000329 -0.903697 -0.403915 0.000312 -0.914797 -0.403968 0.000343 -0.914773 -0.379540 0.000327 -0.925175 -0.379541 0.000330 -0.925175 -0.354796 0.000310 -0.934944 -0.354764 0.000311 -0.934956 -0.354715 0.000331 -0.934974 -0.379527 0.000346 -0.925181 -0.379526 0.000338 -0.925181 -0.403955 0.000356 -0.914779 -0.403935 0.000355 -0.914788 -0.428202 0.000372 -0.903683 -0.428146 0.000362 -0.903710 -0.521822 0.000416 -0.853054 -0.498823 0.000397 -0.866704 -0.498823 0.000431 -0.866704 -0.475697 0.000415 -0.879609 -0.475666 0.000411 -0.879626 -0.452261 0.000394 -0.891886 -0.452121 0.000378 -0.891957 -0.452189 0.000344 -0.891922 -0.475683 0.000363 -0.879617 -0.475781 0.000390 -0.879564 -0.498836 0.000407 -0.866696 -0.498895 0.000417 -0.866663 -0.521814 0.000433 -0.853059 -0.521804 0.000435 -0.853066 -0.609503 0.000511 -0.792784 -0.588151 0.000495 -0.808751 -0.588137 0.000488 -0.808761 -0.566483 0.000472 -0.824073 -0.566546 0.000473 -0.824030 -0.544373 0.000458 -0.838843 -0.544364 0.000450 -0.838849 -0.544431 0.000436 -0.838805 -0.566523 0.000449 -0.824046 -0.566542 0.000462 -0.824033 -0.588145 0.000477 -0.808755 -0.588194 0.000476 -0.808720 -0.609536 0.000492 -0.792759 -0.609520 0.000489 -0.792771 -0.690383 0.000537 -0.723444 -0.670729 0.000522 -0.741702 -0.670751 0.000537 -0.741683 -0.650935 0.000523 -0.759133 -0.650949 0.000536 -0.759122 -0.630500 0.000522 -0.776189 -0.630392 0.000504 -0.776277 -0.630427 0.000457 -0.776248 -0.650904 0.000473 -0.759160 -0.650982 0.000531 -0.759093 -0.670777 0.000546 -0.741659 -0.670788 0.000540 -0.741649 -0.690381 0.000555 -0.723446 -0.690332 0.000550 -0.723493 -0.763380 0.000568 -0.645950 -0.745737 0.000556 -0.666241 -0.745824 0.000598 -0.666143 -0.727957 0.000586 -0.685622 -0.727882 0.000581 -0.685702 -0.709447 0.000568 -0.704759 -0.709397 0.000564 -0.704808 -0.709394 0.000550 -0.704812 -0.727915 0.000563 -0.685668 -0.727988 0.000567 -0.685590 -0.745790 0.000580 -0.666180 -0.745826 0.000591 -0.666140 -0.763346 0.000603 -0.645990 -0.763384 0.000601 -0.645945 -0.827640 0.000646 -0.561259 -0.812377 0.000637 -0.583132 -0.812436 0.000643 -0.583050 -0.796679 0.000632 -0.604402 -0.796678 0.000634 -0.604404 -0.780301 0.000623 -0.625404 -0.780230 0.000613 -0.625493 -0.780343 0.000591 -0.625351 -0.796627 0.000603 -0.604471 -0.796696 0.000617 -0.604380 -0.812419 0.000627 -0.583075 -0.812398 0.000633 -0.583103 -0.827619 0.000644 -0.561290 -0.827619 0.000644 -0.561289 -0.882629 0.000680 -0.470069 -0.869787 0.000672 -0.493428 -0.869825 0.000660 -0.493360 -0.856345 0.000651 -0.516403 -0.856407 0.000663 -0.516300 -0.842390 0.000654 -0.538868 -0.842359 0.000654 -0.538917 -0.842341 0.000670 -0.538944 -0.856392 0.000680 -0.516325 -0.856450 0.000658 -0.516230 -0.869794 0.000666 -0.493414 -0.869796 0.000668 -0.493411 -0.882616 0.000676 -0.470094 -0.882645 0.000674 -0.470040 -0.927544 0.000731 -0.373714 -0.917300 0.000725 -0.398196 -0.917303 0.000711 -0.398188 -0.906426 0.000704 -0.422365 -0.906449 0.000705 -0.422315 -0.894928 0.000698 -0.446209 -0.894850 0.000681 -0.446367 -0.894892 0.000677 -0.446283 -0.906467 0.000685 -0.422276 -0.906470 0.000682 -0.422271 -0.917295 0.000689 -0.398207 -0.917349 0.000703 -0.398085 -0.927555 0.000709 -0.373687 -0.927517 0.000708 -0.373780 -0.962044 0.000748 -0.272894 -0.954436 0.000743 -0.298416 -0.954409 0.000733 -0.298501 -0.946207 0.000729 -0.323562 -0.946192 0.000721 -0.323604 -0.937258 0.000715 -0.348636 -0.937269 0.000714 -0.348607 -0.937228 0.000733 -0.348717 -0.946200 0.000738 -0.323581 -0.946170 0.000724 -0.323669 -0.954474 0.000729 -0.298295 -0.954434 0.000718 -0.298422 -0.962031 0.000722 -0.272940 -0.962048 0.000734 -0.272880 -0.985571 0.000813 -0.169262 -0.980796 0.000811 -0.195034 -0.980754 0.000743 -0.195247 -0.975236 0.000740 -0.221167 -0.975231 0.000738 -0.221188 -0.968988 0.000734 -0.247107 -0.969004 0.000738 -0.247046 -0.969004 0.000746 -0.247044 -0.975232 0.000750 -0.221182 -0.975214 0.000730 -0.221262 -0.980776 0.000733 -0.195135 -0.980768 0.000723 -0.195176 -0.985587 0.000726 -0.169170 -0.985610 0.000746 -0.169033 -0.997985 0.000764 -0.063441 -0.995958 0.000763 -0.089820 -0.995958 0.000739 -0.089814 -0.993204 0.000738 -0.116383 -0.993225 0.000746 -0.116206 -0.989760 0.000745 -0.142738 -0.989775 0.000748 -0.142639 -0.989759 0.000761 -0.142749 -0.993215 0.000762 -0.116291 -0.993216 0.000752 -0.116282 -0.995949 0.000752 -0.089916 -0.995952 0.000739 -0.089884 -0.997986 0.000739 -0.063436 -0.997985 0.000751 -0.063439 -0.999069 0.000760 0.043128 -0.999864 0.000762 0.016488 -0.999866 0.000737 0.016379 -0.999949 0.000738 -0.010088 -0.999949 0.000746 -0.010052 -0.999325 0.000747 -0.036716 -0.999329 0.000751 -0.036609 -0.999325 0.000765 -0.036722 -0.999950 0.000764 -0.009979 -0.999949 0.000751 -0.010088 -0.999864 0.000749 0.016488 -0.999864 0.000745 0.016487 -0.999071 0.000743 0.043088 -0.999069 0.000748 0.043125 -0.988831 0.000751 0.149039 -0.992444 0.000754 0.122693 -0.992446 0.000737 0.122678 -0.995361 0.000741 0.096207 -0.995350 0.000746 0.096321 -0.997565 0.000749 0.069743 -0.997572 0.000745 0.069637 -0.997564 0.000733 0.069747 -0.995350 0.000730 0.096324 -0.995340 0.000743 0.096428 -0.992445 0.000740 0.122689 -0.992460 0.000725 0.122567 -0.988843 0.000720 0.148961 -0.988831 0.000728 0.149042 -0.967405 0.000725 0.253235 -0.973787 0.000731 0.227463 -0.973789 0.000707 0.227454 -0.979478 0.000712 0.201549 -0.979495 0.000719 0.201469 -0.984498 0.000724 0.175396 -0.984489 0.000723 0.175445 -0.984527 0.000747 0.175229 -0.979479 0.000742 0.201543 -0.979482 0.000740 0.201531 -0.973785 0.000734 0.227469 -0.973797 0.000723 0.227417 -0.967381 0.000717 0.253325 -0.967380 0.000707 0.253328 -0.934939 0.000662 0.354807 -0.944107 0.000671 0.329638 -0.944067 0.000684 0.329754 -0.952516 0.000691 0.304487 -0.952530 0.000698 0.304446 -0.960281 0.000705 0.279035 -0.960275 0.000700 0.279054 -0.960267 0.000711 0.279082 -0.952518 0.000704 0.304481 -0.952484 0.000699 0.304588 -0.944110 0.000692 0.329629 -0.944091 0.000693 0.329684 -0.935017 0.000685 0.354603 -0.934989 0.000692 0.354675 -0.891953 0.000612 0.452127 -0.903714 0.000622 0.428136 -0.903682 0.000651 0.428203 -0.914756 0.000661 0.404007 -0.914747 0.000669 0.404027 -0.925192 0.000677 0.379498 -0.925138 0.000683 0.379630 -0.925168 0.000687 0.379557 -0.914728 0.000677 0.404070 -0.914770 0.000671 0.403975 -0.903707 0.000662 0.428151 -0.903742 0.000664 0.428077 -0.891944 0.000654 0.452145 -0.892002 0.000641 0.452030 -0.838935 0.000619 0.544231 -0.853076 0.000629 0.521787 -0.853061 0.000631 0.521810 -0.866609 0.000642 0.498987 -0.866628 0.000614 0.498954 -0.879622 0.000625 0.475673 -0.879605 0.000630 0.475705 -0.879596 0.000625 0.475721 -0.866617 0.000614 0.498973 -0.866626 0.000603 0.498958 -0.853150 0.000592 0.521666 -0.853008 0.000617 0.521898 -0.838855 0.000605 0.544354 -0.838850 0.000598 0.544362 -0.776321 0.000560 0.630338 -0.792769 0.000574 0.609522 -0.792846 0.000556 0.609422 -0.808572 0.000569 0.588397 -0.808673 0.000566 0.588258 -0.824074 0.000579 0.566482 -0.824069 0.000586 0.566489 -0.824066 0.000600 0.566494 -0.808710 0.000587 0.588207 -0.808636 0.000599 0.588309 -0.792811 0.000587 0.609468 -0.792834 0.000566 0.609437 -0.776231 0.000552 0.630449 -0.776286 0.000545 0.630380 -0.704853 0.000484 0.709353 -0.723538 0.000498 0.690285 -0.723480 0.000507 0.690345 -0.741578 0.000521 0.670867 -0.741540 0.000519 0.670909 -0.759139 0.000533 0.650928 -0.759150 0.000531 0.650916 -0.759182 0.000527 0.650879 -0.741566 0.000513 0.670879 -0.741567 0.000531 0.670879 -0.723518 0.000517 0.690306 -0.723532 0.000517 0.690290 -0.704811 0.000502 0.709395 -0.704882 0.000493 0.709325 -0.625525 0.000418 0.780204 -0.646055 0.000435 0.763291 -0.646000 0.000444 0.763337 -0.666102 0.000461 0.745861 -0.666065 0.000465 0.745893 -0.685651 0.000481 0.727931 -0.685646 0.000478 0.727935 -0.685611 0.000486 0.727968 -0.666156 0.000470 0.745813 -0.666098 0.000471 0.745864 -0.646000 0.000455 0.763337 -0.646033 0.000456 0.763310 -0.625421 0.000440 0.780288 -0.625529 0.000426 0.780201 -0.538997 0.000368 0.842307 -0.561258 0.000386 0.827641 -0.561299 0.000390 0.827613 -0.582976 0.000406 0.812490 -0.583023 0.000403 0.812456 -0.604362 0.000421 0.796710 -0.604444 0.000409 0.796648 -0.604385 0.000370 0.796693 -0.582992 0.000352 0.812478 -0.582967 0.000389 0.812496 -0.561271 0.000372 0.827632 -0.561213 0.000379 0.827671 -0.539003 0.000362 0.842304 -0.539011 0.000358 0.842299 -0.446452 0.000273 0.894808 -0.470123 0.000290 0.882601 -0.470060 0.000325 0.882635 -0.493284 0.000343 0.869868 -0.493399 0.000327 0.869803 -0.516304 0.000344 0.856406 -0.516316 0.000341 0.856398 -0.516398 0.000373 0.856348 -0.493224 0.000355 0.869902 -0.493334 0.000313 0.869840 -0.470133 0.000296 0.882595 -0.470044 0.000313 0.882643 -0.446384 0.000295 0.894841 -0.446474 0.000286 0.894796 -0.348719 0.000209 0.937227 -0.373548 0.000229 0.927611 -0.373587 0.000216 0.927595 -0.398110 0.000236 0.917338 -0.398044 0.000253 0.917366 -0.422337 0.000273 0.906439 -0.422403 0.000268 0.906408 -0.422353 0.000253 0.906432 -0.398140 0.000236 0.917325 -0.398083 0.000269 0.917350 -0.373503 0.000250 0.927629 -0.373600 0.000227 0.927590 -0.348869 0.000208 0.937172 -0.348723 0.000226 0.937226 -0.247294 0.000181 0.968940 -0.272855 0.000200 0.962055 -0.272897 0.000168 0.962043 -0.298314 0.000187 0.954468 -0.298359 0.000182 0.954454 -0.323620 0.000201 0.946187 -0.323587 0.000207 0.946198 -0.323639 0.000223 0.946180 -0.298277 0.000203 0.954479 -0.298315 0.000176 0.954468 -0.272896 0.000156 0.962044 -0.272870 0.000157 0.962051 -0.247174 0.000137 0.968971 -0.247154 0.000136 0.968976 -0.142804 0.000055 0.989751 -0.169085 0.000073 0.985602 -0.169041 0.000089 0.985609 -0.195178 0.000109 0.980768 -0.195201 0.000104 0.980763 -0.221159 0.000123 0.975238 -0.221226 0.000116 0.975223 -0.221217 0.000114 0.975225 -0.195170 0.000095 0.980770 -0.195177 0.000094 0.980768 -0.169090 0.000075 0.985601 -0.169038 0.000086 0.985610 -0.142794 0.000066 0.989752 -0.142824 0.000062 0.989748 -0.036829 0.000002 0.999322 -0.063320 0.000024 0.997993 -0.063394 -0.000004 0.997989 -0.089822 0.000015 0.995958 -0.089770 0.000025 0.995963 -0.116268 0.000045 0.993218 -0.116282 0.000042 0.993216 -0.116287 0.000038 0.993216 -0.089808 0.000019 0.995959 -0.089780 0.000028 0.995962 -0.063322 0.000008 0.997993 -0.063395 -0.000004 0.997989 -0.036823 -0.000023 0.999322 -0.036774 -0.000017 0.999324 0.069545 -0.000078 0.997579 0.043150 -0.000058 0.999069 0.043082 -0.000083 0.999072 0.016596 -0.000063 0.999862 0.016596 -0.000063 0.999862 -0.010103 -0.000044 0.999949 -0.010054 -0.000037 0.999950 -0.009973 -0.000069 0.999950 0.016532 -0.000090 0.999864 0.016597 -0.000063 0.999862 0.043082 -0.000083 0.999072 0.043081 -0.000083 0.999072 0.069610 -0.000103 0.997574 0.069604 -0.000103 0.997575 0.175322 -0.000180 0.984511 0.149115 -0.000159 0.988820 0.149056 -0.000177 0.988829 0.122673 -0.000156 0.992447 0.122842 -0.000124 0.992426 0.096335 -0.000105 0.995349 0.096212 -0.000123 0.995361 0.096273 -0.000148 0.995355 0.122810 -0.000171 0.992430 0.122879 -0.000141 0.992422 0.148977 -0.000160 0.988841 0.149010 -0.000154 0.988836 0.175311 -0.000174 0.984513 0.175312 -0.000173 0.984513 0.278960 -0.000247 0.960303 0.253246 -0.000229 0.967402 0.253254 -0.000224 0.967400 0.227558 -0.000205 0.973765 0.227492 -0.000213 0.973780 0.201518 -0.000193 0.979485 0.201530 -0.000192 0.979482 0.201537 -0.000200 0.979481 0.227526 -0.000217 0.973772 0.227535 -0.000220 0.973770 0.253285 -0.000239 0.967392 0.253278 -0.000238 0.967394 0.278986 -0.000257 0.960295 0.278965 -0.000256 0.960301 0.379549 -0.000336 0.925172 0.354617 -0.000317 0.935011 0.354658 -0.000302 0.934996 0.329784 -0.000284 0.944056 0.329697 -0.000294 0.944087 0.304506 -0.000276 0.952510 0.304524 -0.000275 0.952505 0.304511 -0.000272 0.952509 0.329713 -0.000292 0.944081 0.329693 -0.000291 0.944088 0.354687 -0.000309 0.934985 0.354691 -0.000312 0.934984 0.379403 -0.000330 0.925231 0.379496 -0.000317 0.925193 0.475717 -0.000431 0.879598 0.452006 -0.000412 0.892015 0.452076 -0.000385 0.891980 0.428145 -0.000367 0.903710 0.428248 -0.000350 0.903661 0.404044 -0.000333 0.914739 0.404040 -0.000336 0.914741 0.404108 -0.000377 0.914711 0.428173 -0.000395 0.903697 0.428266 -0.000356 0.903653 0.452082 -0.000373 0.891976 0.452065 -0.000382 0.891985 0.475598 -0.000399 0.879663 0.475638 -0.000395 0.879641 0.566467 -0.000459 0.824084 0.544268 -0.000444 0.838911 0.544301 -0.000440 0.838890 0.521893 -0.000424 0.853011 0.521850 -0.000433 0.853037 0.498954 -0.000416 0.866629 0.499028 -0.000412 0.866586 0.499020 -0.000434 0.866591 0.521884 -0.000449 0.853016 0.521869 -0.000446 0.853025 0.544183 -0.000461 0.838967 0.544280 -0.000442 0.838903 0.566431 -0.000457 0.824109 0.566467 -0.000458 0.824085 0.650857 -0.000519 0.759201 0.630351 -0.000504 0.776311 0.630367 -0.000513 0.776297 0.609486 -0.000498 0.792797 0.609536 -0.000488 0.792759 0.588346 -0.000473 0.808609 0.588330 -0.000474 0.808621 0.588325 -0.000475 0.808624 0.609522 -0.000490 0.792769 0.609558 -0.000488 0.792741 0.630327 -0.000503 0.776329 0.630327 -0.000496 0.776330 0.650987 -0.000512 0.759089 0.650764 -0.000527 0.759280 0.727838 -0.000572 0.685749 0.709284 -0.000559 0.704922 0.709348 -0.000568 0.704859 0.690272 -0.000555 0.723550 0.690341 -0.000534 0.723484 0.671019 -0.000520 0.741440 0.670907 -0.000541 0.741542 0.670984 -0.000568 0.741471 0.690349 -0.000582 0.723476 0.690504 -0.000555 0.723329 0.709295 -0.000568 0.704912 0.709315 -0.000571 0.704891 0.727778 -0.000584 0.685812 0.727794 -0.000581 0.685796 0.796608 -0.000618 0.604495 0.780238 -0.000607 0.625483 0.780140 -0.000617 0.625604 0.763425 -0.000606 0.645896 0.763412 -0.000597 0.645912 0.745938 -0.000585 0.666015 0.745976 -0.000593 0.665972 0.745907 -0.000584 0.666050 0.763303 -0.000596 0.646041 0.763438 -0.000578 0.645881 0.780296 -0.000589 0.625410 0.780222 -0.000626 0.625502 0.796565 -0.000637 0.604552 0.796657 -0.000621 0.604431 0.856412 -0.000666 0.516293 0.842316 -0.000657 0.538984 0.842356 -0.000649 0.538920 0.827730 -0.000639 0.561126 0.827717 -0.000646 0.561146 0.812475 -0.000636 0.582995 0.812488 -0.000632 0.582978 0.812515 -0.000635 0.582940 0.827688 -0.000646 0.561189 0.827779 -0.000649 0.561053 0.842257 -0.000659 0.539076 0.842359 -0.000656 0.538917 0.856313 -0.000665 0.516457 0.856343 -0.000669 0.516408 0.906424 -0.000713 0.422368 0.894797 -0.000705 0.446473 0.894855 -0.000688 0.446357 0.882661 -0.000680 0.470009 0.882713 -0.000674 0.469912 0.869884 -0.000666 0.493257 0.869787 -0.000678 0.493427 0.869796 -0.000701 0.493412 0.882668 -0.000709 0.469996 0.882772 -0.000692 0.469802 0.894791 -0.000700 0.446485 0.894786 -0.000686 0.446495 0.906405 -0.000694 0.422409 0.906386 -0.000699 0.422449 0.946153 -0.000690 0.323718 0.937213 -0.000685 0.348757 0.937183 -0.000697 0.348839 0.927688 -0.000691 0.373356 0.927589 -0.000727 0.373602 0.917332 -0.000720 0.398123 0.917324 -0.000706 0.398140 0.917361 -0.000697 0.398056 0.927607 -0.000703 0.373557 0.927612 -0.000727 0.373545 0.937209 -0.000733 0.348767 0.937205 -0.000730 0.348779 0.946137 -0.000736 0.323767 0.946155 -0.000718 0.323712 0.975158 -0.000700 0.221511 0.968994 -0.000696 0.247083 0.968992 -0.000740 0.247091 0.962068 -0.000736 0.272809 0.962097 -0.000740 0.272706 0.954385 -0.000735 0.298579 0.954501 -0.000723 0.298206 0.954470 -0.000719 0.298307 0.962066 -0.000723 0.272816 0.962096 -0.000736 0.272709 0.968962 -0.000740 0.247208 0.969009 -0.000742 0.247026 0.975202 -0.000745 0.221315 0.975185 -0.000741 0.221390 0.993195 -0.000735 0.116458 0.989758 -0.000734 0.142751 0.989757 -0.000764 0.142759 0.985616 -0.000763 0.168998 0.985631 -0.000751 0.168908 0.980784 -0.000748 0.195094 0.980783 -0.000744 0.195100 0.980741 -0.000733 0.195313 0.985615 -0.000736 0.169005 0.985618 -0.000731 0.168988 0.989775 -0.000734 0.142640 0.989747 -0.000754 0.142833 0.993180 -0.000755 0.116587 0.993197 -0.000751 0.116445 0.999949 -0.000763 0.010103 0.999323 -0.000764 0.036772 0.999328 -0.000752 0.036662 0.997998 -0.000752 0.063240 0.997987 -0.000756 0.063418 0.995973 -0.000756 0.089657 0.995956 -0.000752 0.089840 0.995946 -0.000714 0.089951 0.997991 -0.000714 0.063350 0.997998 -0.000739 0.063239 0.999323 -0.000739 0.036771 0.999325 -0.000747 0.036735 0.999948 -0.000746 0.010139 0.999949 -0.000751 0.010102 0.995389 -0.000705 -0.095923 0.997564 -0.000708 -0.069750 0.997579 -0.000719 -0.069534 0.999063 -0.000722 -0.043278 0.999068 -0.000743 -0.043170 0.999862 -0.000745 -0.016586 0.999864 -0.000749 -0.016512 0.999862 -0.000762 -0.016622 0.999067 -0.000761 -0.043174 0.999072 -0.000773 -0.043064 0.997565 -0.000771 -0.069743 0.997572 -0.000749 -0.069640 0.995364 -0.000746 -0.096176 0.995368 -0.000742 -0.096133 0.979464 -0.000740 -0.201617 0.984516 -0.000744 -0.175296 0.984516 -0.000743 -0.175294 0.988832 -0.000748 -0.149034 0.988799 -0.000738 -0.149249 0.992463 -0.000743 -0.122541 0.992437 -0.000739 -0.122750 0.992436 -0.000752 -0.122758 0.988831 -0.000749 -0.149041 0.988831 -0.000722 -0.149038 0.984499 -0.000717 -0.175390 0.984517 -0.000725 -0.175288 0.979478 -0.000720 -0.201553 0.979488 -0.000726 -0.201504 0.952517 -0.000711 -0.304484 0.960289 -0.000718 -0.279007 0.960294 -0.000710 -0.278989 0.967394 -0.000716 -0.253274 0.967365 -0.000709 -0.253387 0.973766 -0.000715 -0.227550 0.973760 -0.000720 -0.227576 0.973783 -0.000731 -0.227478 0.967333 -0.000725 -0.253510 0.967336 -0.000714 -0.253495 0.960358 -0.000708 -0.278769 0.960279 -0.000702 -0.279042 0.952551 -0.000695 -0.304380 0.952552 -0.000694 -0.304376 0.914799 -0.000672 -0.403909 0.925130 -0.000681 -0.379651 0.925254 -0.000677 -0.379347 0.934916 -0.000685 -0.354870 0.934958 -0.000678 -0.354758 0.944092 -0.000686 -0.329682 0.944052 -0.000687 -0.329797 0.944015 -0.000704 -0.329901 0.934967 -0.000695 -0.354734 0.934940 -0.000688 -0.354806 0.925186 -0.000680 -0.379514 0.925244 -0.000665 -0.379371 0.914725 -0.000656 -0.404077 0.914838 -0.000666 -0.403820 0.866738 -0.000635 -0.498763 0.879586 -0.000647 -0.475739 0.879546 -0.000632 -0.475813 0.892005 -0.000643 -0.452024 0.891947 -0.000645 -0.452139 0.903675 -0.000654 -0.428219 0.903666 -0.000656 -0.428237 0.903712 -0.000634 -0.428140 0.891947 -0.000624 -0.452140 0.891928 -0.000649 -0.452176 0.879641 -0.000639 -0.475637 0.879591 -0.000625 -0.475729 0.866751 -0.000614 -0.498741 0.866697 -0.000623 -0.498834 0.808674 -0.000602 -0.588256 0.824139 -0.000614 -0.566387 0.824092 -0.000590 -0.566456 0.838836 -0.000602 -0.544384 0.838812 -0.000598 -0.544421 0.853063 -0.000609 -0.521808 0.852966 -0.000611 -0.521966 0.853058 -0.000625 -0.521816 0.838785 -0.000613 -0.544462 0.838790 -0.000598 -0.544455 0.824136 -0.000586 -0.566392 0.824106 -0.000588 -0.566435 0.808736 -0.000576 -0.588171 0.808705 -0.000577 -0.588214 0.741664 -0.000514 -0.670771 0.759211 -0.000527 -0.650844 0.759226 -0.000527 -0.650828 0.776190 -0.000541 -0.630499 0.776325 -0.000543 -0.630333 0.792669 -0.000556 -0.609653 0.792741 -0.000564 -0.609558 0.792731 -0.000574 -0.609572 0.776219 -0.000559 -0.630464 0.776294 -0.000559 -0.630371 0.759237 -0.000545 -0.650814 0.759188 -0.000536 -0.650871 0.741660 -0.000522 -0.670775 0.741569 -0.000517 -0.670876 0.666136 -0.000480 -0.745830 0.685801 -0.000495 -0.727789 0.685681 -0.000473 -0.727902 0.704808 -0.000488 -0.709398 0.704877 -0.000493 -0.709329 0.723414 -0.000507 -0.690414 0.723502 -0.000503 -0.690322 0.723432 -0.000497 -0.690396 0.704809 -0.000483 -0.709397 0.704781 -0.000488 -0.709425 0.685729 -0.000473 -0.727857 0.685691 -0.000478 -0.727893 0.666048 -0.000462 -0.745909 0.666156 -0.000469 -0.745813 -0.000726 -1.000000 -0.000031 -0.000770 -1.000000 -0.000065 -0.000722 -1.000000 -0.000025 -0.000748 -1.000000 -0.000047 -0.000728 -1.000000 -0.000031 -0.000734 -1.000000 -0.000039 -0.000793 -1.000000 -0.000081 -0.000748 -1.000000 -0.000046 -0.000831 -1.000000 -0.000108 -0.000725 -1.000000 -0.000029 -0.000734 -1.000000 -0.000035 -0.000785 -1.000000 -0.000075 -0.000774 -1.000000 -0.000066 -0.000722 -1.000000 -0.000027 -0.000710 -1.000000 -0.000022 -0.000760 -1.000000 -0.000058 -0.000796 -1.000000 -0.000081 -0.000706 -1.000000 -0.000018 -0.000785 -1.000000 -0.000077 -0.000684 -1.000000 0.000005 -0.000765 -1.000000 -0.000057 -0.000756 -1.000000 -0.000056 -0.000720 -1.000000 -0.000027 -0.000739 -1.000000 -0.000044 -0.000779 -1.000000 -0.000070 -0.000719 -1.000000 -0.000026 -0.000763 -1.000000 -0.000056 -0.000715 -1.000000 -0.000023 -0.000748 -1.000000 -0.000048 -0.000747 -1.000000 -0.000042 -0.000749 -1.000000 -0.000062 -0.000747 -1.000000 -0.000017 -0.000748 -1.000000 -0.000053 -0.000760 -1.000000 -0.000055 -0.000724 -1.000000 -0.000029 -0.000803 -1.000000 -0.000090 -0.000712 -1.000000 -0.000019 -0.000774 -1.000000 -0.000066 -0.000720 -1.000000 -0.000026 -0.000795 -1.000000 -0.000082 -0.000671 -1.000000 0.000012 -0.000791 -1.000000 -0.000081 -0.000708 -1.000000 -0.000018 -0.000752 -1.000000 -0.000048 -0.000753 -1.000000 -0.000053 -0.000808 -1.000000 -0.000089 -0.000760 -1.000000 -0.000055 -0.000667 -1.000000 0.000012 -0.000795 -1.000000 -0.000086 -0.000621 -1.000000 0.000043 -0.000818 -1.000000 -0.000096 -0.000714 -1.000000 -0.000023 -0.000759 -1.000000 -0.000055 -0.000750 -1.000000 -0.000047 -0.000773 -1.000000 -0.000015 -0.000730 -1.000000 -0.000071 -0.000738 -1.000000 -0.000060 -0.000763 -1.000000 -0.000033 -0.000757 -1.000000 -0.000043 -0.000735 -1.000000 -0.000051 -0.000758 -1.000000 -0.000044 -0.000722 -1.000000 -0.000054 -0.000716 -1.000000 -0.000059 -0.000730 -1.000000 -0.000054 -0.000831 -1.000000 -0.000017 -0.000739 -1.000000 -0.000049 -0.000745 -1.000000 -0.000048 -0.000765 -1.000000 -0.000040 -0.000727 -1.000000 -0.000055 -0.000765 -1.000000 -0.000041 -0.000740 -1.000000 -0.000052 -0.000754 -1.000000 -0.000042 -0.000749 -1.000000 -0.000047 -0.000737 -1.000000 -0.000051 -0.000765 -1.000000 -0.000033 -0.000715 -1.000000 -0.000071 -0.000772 -1.000000 -0.000030 -0.000748 -1.000000 -0.000046 -0.000662 -1.000000 -0.000119 -0.000823 -1.000000 0.000011 -0.000709 -1.000000 -0.000077 -0.000779 -1.000000 -0.000023 -0.000746 -1.000000 -0.000049 -0.000734 -1.000000 -0.000060 -0.000773 -1.000000 -0.000027 -0.000738 -1.000000 -0.000055 -0.000743 -1.000000 -0.000052 -0.000743 -1.000000 -0.000053 -0.000754 -1.000000 -0.000040 -0.000745 -1.000000 -0.000050 -0.000744 -1.000000 -0.000052 -0.000744 -1.000000 -0.000053 -0.000743 -1.000000 -0.000053 -0.000764 -1.000000 -0.000027 -0.000745 -1.000000 -0.000053 -0.000741 -1.000000 -0.000057 -0.000763 -1.000000 -0.000020 -0.000746 -1.000000 -0.000052 -0.000756 -1.000000 -0.000033 -0.000746 -1.000000 -0.000049 -0.000746 -1.000000 -0.000050 -0.000754 -1.000000 -0.000037 -0.000740 -1.000000 -0.000070 -0.000757 -1.000000 -0.000027 -0.000749 -1.000000 -0.000044 -0.000742 -1.000000 -0.000060 -0.000748 -1.000000 -0.000047 -0.000733 -1.000000 -0.000085 -0.000751 -1.000000 -0.000038 -0.000755 -1.000000 -0.000030 -0.000754 -1.000000 -0.000028 -0.000753 -1.000000 -0.000031 -0.000741 -1.000000 -0.000064 -0.000746 -1.000000 -0.000052 -0.000751 -1.000000 -0.000030 -0.000741 -1.000000 -0.000081 -0.000751 -1.000000 -0.000037 -0.000746 -1.000000 -0.000056 -0.000748 -1.000000 -0.000048 -0.000747 -1.000000 -0.000051 -0.000749 -1.000000 -0.000038 -0.000746 -1.000000 -0.000058 -0.000747 -1.000000 -0.000063 -0.000749 -1.000000 -0.000011 -0.000743 -1.000000 -0.000135 -0.000752 -1.000000 0.000006 -0.000748 -1.000000 -0.000049 -0.000748 -1.000000 -0.000053 -0.000748 -1.000000 -0.000056 -0.000749 -1.000000 -0.000027 -0.000748 -1.000000 -0.000048 -0.000735 -1.000000 -0.000070 -0.000744 -1.000000 -0.000056 -0.000765 -1.000000 -0.000024 -0.000750 -1.000000 -0.000046 -0.000757 -1.000000 -0.000033 -0.000790 -1.000000 0.000030 -0.000695 -1.000000 -0.000136 -0.000769 -1.000000 -0.000012 -0.000743 -1.000000 -0.000058 -0.000752 -1.000000 -0.000042 -0.000749 -1.000000 -0.000045 -0.000759 -1.000000 -0.000031 -0.000753 -1.000000 -0.000028 -0.000741 -1.000000 -0.000069 -0.000747 -1.000000 -0.000052 -0.000753 -1.000000 -0.000036 -0.000755 -1.000000 -0.000018 -0.000721 -1.000000 -0.000150 -0.000778 -1.000000 0.000048 -0.000746 -1.000000 -0.000053 -0.000743 -1.000000 -0.000080 -0.000753 -1.000000 -0.000021 -0.000744 -1.000000 -0.000063 -0.000749 -1.000000 -0.000045 -0.000741 -1.000000 -0.000109 -0.000759 -1.000000 0.000039 -0.000744 -1.000000 -0.000059 -0.000746 -1.000000 -0.000053 -0.000747 -1.000000 -0.000040 -0.000747 -1.000000 -0.000039 -0.000745 -1.000000 -0.000059 -0.000748 -1.000000 -0.000040 -0.000751 -1.000000 -0.000098 -0.000747 -1.000000 0.000004 -0.000747 -1.000000 -0.000037 -0.000746 -1.000000 -0.000073 -0.000747 -1.000000 -0.000044 -0.000743 -1.000000 -0.000024 -0.000747 -1.000000 -0.000060 -0.000747 -1.000000 -0.000060 -0.000739 -1.000000 -0.000017 -0.000750 -1.000000 -0.000055 -0.000757 -1.000000 -0.000091 -0.000748 -1.000000 -0.000039 -0.000762 -1.000000 -0.000066 -0.000744 -1.000000 -0.000033 -0.000749 -1.000000 -0.000046 -0.000749 -1.000000 -0.000045 -0.000765 -1.000000 -0.000072 -0.000707 -1.000000 0.000016 -0.000752 -1.000000 -0.000058 -0.000772 -1.000000 -0.000097 -0.000713 -1.000000 -0.000023 -0.000785 -1.000000 -0.000079 -0.000738 -1.000000 -0.000028 -0.000746 -1.000000 -0.000040 -0.000707 -1.000000 -0.000022 -0.000797 -1.000000 -0.000072 -0.000712 -1.000000 -0.000018 -0.000757 -1.000000 -0.000051 -0.000725 -1.000000 -0.000024 -0.000788 -1.000000 -0.000088 -0.000740 -1.000000 -0.000029 -0.000750 -1.000000 -0.000045 -0.000720 -1.000000 -0.000032 -0.000766 -1.000000 -0.000061 -0.000809 -1.000000 -0.000089 -0.000671 -1.000000 0.000010 -0.000715 -1.000000 -0.000026 -0.000806 -1.000000 -0.000091 -0.000773 -1.000000 -0.000064 -0.000686 -1.000000 -0.000000 -0.000751 -1.000000 -0.000051 -0.000784 -1.000000 -0.000076 -0.000711 -1.000000 -0.000019 -0.000755 -1.000000 -0.000053 -0.000694 -1.000000 -0.000012 -0.000801 -1.000000 -0.000085 -0.000713 -1.000000 -0.000021 -0.000760 -1.000000 -0.000057 -0.000758 -1.000000 -0.000054 -0.000725 -1.000000 -0.000029 -0.000734 -1.000000 -0.000036 -0.000818 -1.000000 -0.000104 -0.000764 -1.000000 -0.000056 -0.000735 -1.000000 -0.000038 -0.000757 -1.000000 -0.000052 -0.000749 -1.000000 -0.000046 -0.000690 -1.000000 -0.000005 -0.000771 -1.000000 -0.000066 -0.000719 -1.000000 -0.000026 -0.000749 -1.000000 -0.000048 -0.000760 -1.000000 -0.000055 -0.000758 -1.000000 -0.000056 -0.000733 -1.000000 -0.000035 -0.000712 -1.000000 -0.000020 -0.000773 -1.000000 -0.000066 -0.000760 -1.000000 -0.000055 -0.000756 -1.000000 -0.000051 -0.000673 -1.000000 0.000012 -0.000713 -1.000000 -0.000021 -0.000745 -1.000000 -0.000048 -0.000825 -1.000000 -0.000105 -0.000715 -1.000000 -0.000024 -0.000806 -1.000000 -0.000088 -0.000758 -1.000000 -0.000055 -0.000672 -1.000000 0.000012 -0.000848 -1.000000 -0.000127 -0.000721 -1.000000 -0.000032 -0.000817 -1.000000 -0.000096 -0.000717 -1.000000 -0.000023 -0.000759 -1.000000 -0.000054 -0.000748 -1.000000 -0.000047 -0.000768 -1.000000 -0.000016 -0.000728 -1.000000 -0.000076 -0.000758 -1.000000 -0.000032 -0.000730 -1.000000 -0.000069 -0.000742 -1.000000 -0.000049 -0.000748 -1.000000 -0.000047 -0.000757 -1.000000 -0.000044 -0.000735 -1.000000 -0.000051 -0.000719 -1.000000 -0.000061 -0.000727 -1.000000 -0.000055 -0.000792 -1.000000 -0.000029 -0.000741 -1.000000 -0.000050 -0.000747 -1.000000 -0.000047 -0.000752 -1.000000 -0.000045 -0.000744 -1.000000 -0.000049 -0.000749 -1.000000 -0.000046 -0.000758 -1.000000 -0.000039 -0.000761 -1.000000 -0.000038 -0.000724 -1.000000 -0.000061 -0.000759 -1.000000 -0.000042 -0.000748 -1.000000 -0.000046 -0.000737 -1.000000 -0.000056 -0.000752 -1.000000 -0.000044 -0.000743 -1.000000 -0.000051 -0.000798 -1.000000 -0.000000 -0.000686 -1.000000 -0.000103 -0.000712 -1.000000 -0.000079 -0.000778 -1.000000 -0.000021 -0.000755 -1.000000 -0.000040 -0.000733 -1.000000 -0.000063 -0.000745 -1.000000 -0.000050 -0.000760 -1.000000 -0.000038 -0.000753 -1.000000 -0.000040 -0.000754 -1.000000 -0.000041 -0.000753 -1.000000 -0.000041 -0.000744 -1.000000 -0.000052 -0.000744 -1.000000 -0.000054 -0.000741 -1.000000 -0.000059 -0.000797 -1.000000 0.000015 -0.000715 -1.000000 -0.000088 -0.000755 -1.000000 -0.000036 -0.000745 -1.000000 -0.000052 -0.000753 -1.000000 -0.000039 -0.000735 -1.000000 -0.000066 -0.000743 -1.000000 -0.000059 -0.000749 -1.000000 -0.000046 -0.000747 -1.000000 -0.000048 -0.000748 -1.000000 -0.000049 -0.000747 -1.000000 -0.000049 -0.000752 -1.000000 -0.000037 -0.000745 -1.000000 -0.000054 -0.000751 -1.000000 -0.000041 -0.000762 -1.000000 -0.000004 -0.000735 -1.000000 -0.000086 -0.000750 -1.000000 -0.000038 -0.000755 -1.000000 -0.000029 -0.000750 -1.000000 -0.000037 -0.000745 -1.000000 -0.000056 -0.000745 -1.000000 -0.000059 -0.000753 -1.000000 -0.000031 -0.000750 -1.000000 -0.000022 -0.000748 -1.000000 -0.000042 -0.000745 -1.000000 -0.000062 -0.000747 -1.000000 -0.000049 -0.000748 -1.000000 -0.000056 -0.000748 -1.000000 -0.000044 -0.000747 -1.000000 -0.000064 -0.000748 -1.000000 -0.000051 -0.000749 -1.000000 -0.000109 -0.000747 -1.000000 -0.000010 -0.000748 -1.000000 -0.000046 -0.000748 -1.000000 -0.000039 -0.000742 -1.000000 -0.000048 -0.000752 -1.000000 -0.000051 -0.000774 -1.000000 -0.000067 -0.000747 -1.000000 -0.000040 -0.000813 -1.000000 -0.000064 -0.000692 -1.000000 -0.000027 -0.000758 -1.000000 -0.000052 -0.000745 -1.000000 -0.000048 -0.000734 -1.000000 -0.000041 -0.000720 -1.000000 -0.000031 -0.000793 -1.000000 -0.000085 -0.000761 -1.000000 -0.000057 -0.000743 -1.000000 -0.000045 -0.000750 -1.000000 -0.000047 -0.000757 -1.000000 -0.000050 -0.000738 -1.000000 -0.000038 -0.000717 -1.000000 -0.000043 -0.000712 -1.000000 -0.000043 -0.000769 -1.000000 -0.000053 -0.000790 -1.000000 -0.000059 -0.000747 -1.000000 -0.000046 -0.000753 -1.000000 -0.000046 -0.000744 -1.000000 -0.000046 -0.000751 -1.000000 -0.000047 -0.000715 -1.000000 -0.000054 -0.000728 -1.000000 -0.000051 -0.000751 -1.000000 -0.000048 -0.000737 -1.000000 -0.000049 -0.000745 -1.000000 -0.000050 -0.000748 -1.000000 -0.000049 -0.000734 -1.000000 -0.000052 -0.000758 -1.000000 -0.000049 -0.000766 -1.000000 -0.000039 -0.000795 -1.000000 -0.000029 -0.000746 -1.000000 -0.000047 -0.000693 -1.000000 -0.000063 -0.000768 -1.000000 -0.000035 -0.000733 -1.000000 -0.000054 -0.000737 -1.000000 -0.000053 -0.000758 -1.000000 -0.000044 -0.000780 -1.000000 -0.000027 -0.000696 -1.000000 -0.000078 -0.000736 -1.000000 -0.000054 -0.000841 -1.000000 -0.000002 -0.000732 -1.000000 -0.000058 -0.000764 -1.000000 -0.000035 -0.000731 -1.000000 -0.000057 -0.000748 -1.000000 -0.000046 -0.000707 -1.000000 -0.000077 -0.000749 -1.000000 -0.000045 -0.000714 -1.000000 -0.000073 -0.000771 -1.000000 -0.000032 -0.000754 -1.000000 -0.000042 -0.000736 -1.000000 -0.000058 -0.000766 -1.000000 -0.000034 -0.000748 -1.000000 -0.000046 -0.000766 -1.000000 -0.000025 -0.000748 -1.000000 -0.000047 -0.000728 -1.000000 -0.000067 -0.000758 -1.000000 -0.000039 -0.000769 -1.000000 -0.000021 -0.000745 -1.000000 -0.000054 -0.000749 -1.000000 -0.000047 -0.000753 -1.000000 -0.000038 -0.000671 -1.000000 -0.000014 -0.000761 -1.000000 -0.000054 -0.000771 -1.000000 -0.000059 -0.000749 -1.000000 -0.000046 -0.000764 -1.000000 -0.000055 -0.000736 -1.000000 -0.000036 -0.000758 -1.000000 -0.000052 -0.000716 -1.000000 -0.000008 -0.000742 -1.000000 -0.000046 -0.000718 -1.000000 -0.000038 -0.000769 -1.000000 -0.000067 -0.000751 -1.000000 -0.000053 -0.000779 -1.000000 -0.000052 -0.000760 -1.000000 -0.000048 -0.000797 -1.000000 -0.000058 -0.000672 -1.000000 -0.000014 -0.000761 -1.000000 -0.000045 -0.000732 -1.000000 -0.000047 -0.000740 -1.000000 -0.000048 -0.000765 -1.000000 -0.000054 -0.000766 -1.000000 -0.000045 -0.000711 -1.000000 -0.000052 -0.000854 -1.000000 -0.000040 -0.000698 -1.000000 -0.000045 -0.000761 -1.000000 -0.000046 -0.000674 -1.000000 -0.000041 -0.000802 -1.000000 -0.000054 -0.000740 -1.000000 -0.000045 -0.000754 -1.000000 -0.000045 -0.000739 -1.000000 -0.000047 -0.000747 -1.000000 -0.000047 -0.000753 -1.000000 -0.000048 -0.000772 -1.000000 -0.000041 -0.000753 -1.000000 -0.000045 -0.000692 -1.000000 -0.000056 -0.000744 -1.000000 -0.000049 -0.000756 -1.000000 -0.000044 -0.000721 -1.000000 -0.000057 -0.000762 -1.000000 -0.000045 -0.000748 -1.000000 -0.000048 -0.000782 -1.000000 -0.000030 -0.000734 -1.000000 -0.000052 -0.000685 -1.000000 -0.000072 -0.000796 -1.000000 -0.000030 -0.000731 -1.000000 -0.000057 -0.000730 -1.000000 -0.000058 -0.000766 -1.000000 -0.000040 -0.000753 -1.000000 -0.000046 -0.000793 -1.000000 -0.000018 -0.000700 -1.000000 -0.000074 -0.000761 -1.000000 -0.000040 -0.000769 -1.000000 -0.000033 -0.000734 -1.000000 -0.000057 -0.000730 -1.000000 -0.000059 -0.000765 -1.000000 -0.000037 -0.000764 -1.000000 -0.000036 -0.000745 -1.000000 -0.000050 -0.000756 -1.000000 -0.000039 -0.000738 -1.000000 -0.000056 -0.000768 -1.000000 -0.000029 -0.000734 -1.000000 -0.000061 -0.000707 -1.000000 -0.000096 -0.000829 -1.000000 0.000042 -0.000664 -1.000000 -0.000134 -0.000759 -1.000000 -0.000027 -0.000738 -1.000000 -0.000067 -0.000767 -1.000000 -0.000016 -0.000731 -1.000000 -0.000074 -0.000727 -1.000000 -0.000094 -0.000788 -1.000000 0.000036 -0.000749 -1.000000 -0.000044 -0.000770 -1.000000 -0.000009 -0.000745 -1.000000 -0.000053 -0.000743 -1.000000 -0.000055 -0.000751 -1.000000 -0.000039 -0.000740 -1.000000 -0.000061 -0.000748 -1.000000 -0.000043 -0.000748 -1.000000 -0.000045 -0.000752 -1.000000 -0.000028 -0.000746 -1.000000 -0.000050 -0.000733 -1.000000 -0.000148 -0.000750 -1.000000 -0.000042 -0.000748 -1.000000 -0.000054 -0.000759 -1.000000 -0.000001 -0.000748 -1.000000 -0.000040 -0.000747 -1.000000 -0.000059 -0.000749 -1.000000 -0.000040 -0.000745 -1.000000 -0.000062 -0.000749 -1.000000 -0.000117 -0.000749 -1.000000 -0.000008 -0.000748 -1.000000 -0.000062 -0.000748 -1.000000 -0.000054 -0.000747 -1.000000 -0.000041 -0.000747 -1.000000 -0.000040 -0.000748 -1.000000 -0.000058 -0.000748 -1.000000 -0.000058 -0.000749 -1.000000 -0.000048 -0.000748 -1.000000 -0.000044 -0.000746 -1.000000 -0.000036 -0.000745 -1.000000 -0.000027 -0.000747 -1.000000 -0.000049 -0.000746 -1.000000 -0.000046 -0.000751 -1.000000 -0.000061 -0.000747 -1.000000 -0.000042 -0.000728 -1.000000 -0.000015 -0.000774 -1.000000 -0.000101 -0.000770 -1.000000 -0.000091 -0.000707 -1.000000 0.000048 -0.000788 -1.000000 -0.000159 -0.000713 -1.000000 0.000064 -0.000760 -1.000000 -0.000102 -0.000750 -1.000000 -0.000057 -0.000748 -1.000000 -0.000043 -0.000745 -1.000000 -0.000039 -0.000744 -1.000000 -0.000036 -0.000749 -1.000000 -0.000051 -0.000758 -1.000000 -0.000050 -0.000749 -1.000000 -0.000045 -0.000727 -1.000000 -0.000010 -0.000777 -1.000000 -0.000092 -0.000734 -1.000000 -0.000038 -0.000743 -1.000000 -0.000043 -0.000764 -1.000000 -0.000061 -0.000752 -1.000000 -0.000045 0.807291 -0.000611 0.590154 0.780898 -0.000592 0.624659 0.780764 -0.000631 0.624826 0.753122 -0.000612 0.657881 0.753201 -0.000593 0.657791 0.723722 -0.000572 0.690091 0.723705 -0.000575 0.690109 0.723729 -0.000599 0.690084 0.752982 -0.000619 0.658040 0.753147 -0.000580 0.657852 0.780908 -0.000599 0.624646 0.780788 -0.000623 0.624796 0.807291 -0.000641 0.590154 0.807348 -0.000632 0.590075 0.897489 -0.000684 0.441036 0.877455 -0.000671 0.479659 0.877451 -0.000687 0.479667 0.855873 -0.000672 0.517186 0.855952 -0.000663 0.517055 0.832534 -0.000648 0.553973 0.832556 -0.000649 0.553941 0.832539 -0.000660 0.553966 0.855894 -0.000676 0.517151 0.855903 -0.000667 0.517137 0.877464 -0.000681 0.479643 0.877449 -0.000688 0.479670 0.897519 -0.000701 0.440975 0.897554 -0.000692 0.440904 0.960501 -0.000724 0.278276 0.947461 -0.000716 0.319871 0.947410 -0.000730 0.320021 0.932653 -0.000721 0.360774 0.932687 -0.000714 0.360686 0.916115 -0.000703 0.400915 0.916087 -0.000704 0.400980 0.916102 -0.000705 0.400946 0.932701 -0.000715 0.360650 0.932667 -0.000717 0.360737 0.947405 -0.000727 0.320037 0.947422 -0.000723 0.319985 0.960452 -0.000731 0.278446 0.960505 -0.000730 0.278262 0.994213 -0.000740 0.107424 0.988591 -0.000737 0.150624 0.988566 -0.000751 0.150787 0.981170 -0.000747 0.193145 0.981172 -0.000743 0.193133 0.971809 -0.000737 0.235770 0.971769 -0.000736 0.235934 0.971840 -0.000752 0.235640 0.981171 -0.000757 0.193142 0.981202 -0.000746 0.192981 0.988565 -0.000750 0.150792 0.988598 -0.000754 0.150580 0.994221 -0.000756 0.107353 0.994214 -0.000747 0.107412 0.997764 -0.000758 -0.066826 0.999726 -0.000762 -0.023422 0.999726 -0.000739 -0.023422 0.999802 -0.000741 0.019892 0.999802 -0.000756 0.019890 0.997978 -0.000757 0.063552 0.997995 -0.000748 0.063288 0.997985 -0.000719 0.063451 0.999802 -0.000719 0.019890 0.999799 -0.000753 0.020050 0.999722 -0.000750 -0.023582 0.999723 -0.000747 -0.023529 0.997754 -0.000743 -0.066987 0.997765 -0.000747 -0.066823 0.970989 -0.000725 -0.239125 0.980533 -0.000735 -0.196355 0.980472 -0.000724 -0.196655 0.988091 -0.000732 -0.153867 0.988074 -0.000726 -0.153978 0.993820 -0.000732 -0.111001 0.993877 -0.000742 -0.110489 0.993860 -0.000730 -0.110647 0.988021 -0.000723 -0.154317 0.988073 -0.000738 -0.153982 0.980501 -0.000730 -0.196511 0.980448 -0.000725 -0.196780 0.970979 -0.000717 -0.239162 0.971023 -0.000719 -0.238986 0.914668 -0.000680 -0.404206 0.931469 -0.000694 -0.363820 0.931419 -0.000684 -0.363948 0.946358 -0.000697 -0.323119 0.946334 -0.000689 -0.323189 0.959471 -0.000700 -0.281808 0.959458 -0.000708 -0.281851 0.959462 -0.000713 -0.281837 0.946311 -0.000700 -0.323258 0.946275 -0.000695 -0.323363 0.931474 -0.000682 -0.363807 0.931478 -0.000672 -0.363798 0.914724 -0.000658 -0.404078 0.914737 -0.000657 -0.404049 0.830646 -0.000608 -0.556800 0.854142 -0.000628 -0.520039 0.854074 -0.000616 -0.520151 0.875854 -0.000634 -0.482577 0.875815 -0.000632 -0.482646 0.896015 -0.000649 -0.444022 0.895965 -0.000641 -0.444124 0.895965 -0.000638 -0.444125 0.875766 -0.000622 -0.482735 0.875853 -0.000637 -0.482578 0.854178 -0.000619 -0.519980 0.854084 -0.000613 -0.520135 0.830705 -0.000594 -0.556713 0.830592 -0.000592 -0.556882 0.721348 -0.000495 -0.692573 0.750845 -0.000519 -0.660479 0.750789 -0.000523 -0.660542 0.778801 -0.000545 -0.627271 0.778692 -0.000544 -0.627406 0.805251 -0.000565 -0.592934 0.805334 -0.000571 -0.592822 0.805177 -0.000581 -0.593034 0.778686 -0.000558 -0.627414 0.778632 -0.000562 -0.627481 0.750934 -0.000540 -0.660377 0.750788 -0.000530 -0.660543 0.721311 -0.000506 -0.692611 0.721246 -0.000509 -0.692679 0.590119 -0.000393 -0.807316 0.624799 -0.000419 -0.780785 0.624675 -0.000423 -0.780885 0.657895 -0.000449 -0.753109 0.657936 -0.000455 -0.753073 0.690055 -0.000481 -0.723757 0.690101 -0.000485 -0.723713 0.690120 -0.000485 -0.723695 0.658007 -0.000460 -0.753012 0.657974 -0.000461 -0.753041 0.624612 -0.000434 -0.780935 0.624673 -0.000434 -0.780887 0.590241 -0.000406 -0.807227 0.590193 -0.000403 -0.807262 0.441075 -0.000266 -0.897470 0.479578 -0.000296 -0.877499 0.479655 -0.000316 -0.877457 0.517152 -0.000345 -0.855893 0.517126 -0.000352 -0.855909 0.553888 -0.000381 -0.832591 0.553875 -0.000374 -0.832600 0.553916 -0.000354 -0.832573 0.516985 -0.000326 -0.855995 0.517173 -0.000355 -0.855881 0.479702 -0.000326 -0.877431 0.479670 -0.000323 -0.877449 0.441074 -0.000293 -0.897471 0.441023 -0.000286 -0.897496 0.278417 -0.000141 -0.960461 0.320033 -0.000174 -0.947407 0.320067 -0.000182 -0.947395 0.360542 -0.000214 -0.932743 0.360709 -0.000228 -0.932678 0.400924 -0.000259 -0.916111 0.400869 -0.000255 -0.916135 0.400877 -0.000255 -0.916132 0.360638 -0.000223 -0.932706 0.360641 -0.000236 -0.932705 0.319997 -0.000205 -0.947419 0.319966 -0.000200 -0.947429 0.278401 -0.000169 -0.960465 0.278295 -0.000162 -0.960496 0.107381 -0.000046 -0.994218 0.150707 -0.000079 -0.988578 0.150608 -0.000063 -0.988594 0.193248 -0.000096 -0.981150 0.193199 -0.000091 -0.981160 0.235768 -0.000124 -0.971809 0.235870 -0.000130 -0.971785 0.235782 -0.000148 -0.971806 0.193212 -0.000118 -0.981157 0.193144 -0.000101 -0.981170 0.150582 -0.000069 -0.988598 0.150591 -0.000069 -0.988596 0.107488 -0.000036 -0.994206 0.107435 -0.000033 -0.994212 -0.066893 0.000096 -0.997760 -0.023401 0.000061 -0.999726 -0.023340 0.000051 -0.999728 0.019961 0.000019 -0.999801 0.019851 0.000030 -0.999803 0.063410 -0.000003 -0.997988 0.063355 0.000000 -0.997991 0.063394 0.000008 -0.997989 0.019905 0.000040 -0.999802 0.019906 0.000041 -0.999802 -0.023344 0.000073 -0.999727 -0.023272 0.000066 -0.999729 -0.066907 0.000099 -0.997759 -0.066903 0.000097 -0.997760 -0.239171 0.000232 -0.970978 -0.196670 0.000201 -0.980470 -0.196629 0.000186 -0.980478 -0.154034 0.000155 -0.988066 -0.153995 0.000151 -0.988072 -0.110704 0.000119 -0.993853 -0.110869 0.000130 -0.993835 -0.110842 0.000138 -0.993838 -0.153952 0.000169 -0.988078 -0.153931 0.000164 -0.988082 -0.196625 0.000195 -0.980479 -0.196596 0.000193 -0.980485 -0.239145 0.000224 -0.970984 -0.239181 0.000226 -0.970975 -0.404214 0.000320 -0.914665 -0.363769 0.000291 -0.931489 -0.363876 0.000311 -0.931448 -0.323321 0.000282 -0.946289 -0.323340 0.000282 -0.946283 -0.281637 0.000252 -0.959521 -0.281701 0.000258 -0.959502 -0.281698 0.000262 -0.959503 -0.323310 0.000293 -0.946293 -0.323295 0.000291 -0.946298 -0.363873 0.000320 -0.931449 -0.363790 0.000317 -0.931481 -0.404137 0.000346 -0.914698 -0.404121 0.000345 -0.914705 -0.556780 0.000440 -0.830660 -0.520033 0.000412 -0.854146 -0.520109 0.000434 -0.854100 -0.482727 0.000407 -0.875771 -0.482649 0.000400 -0.875814 -0.444046 0.000372 -0.896004 -0.444030 0.000374 -0.896012 -0.444115 0.000349 -0.895970 -0.482560 0.000376 -0.875863 -0.482725 0.000397 -0.875772 -0.519945 0.000424 -0.854199 -0.520071 0.000435 -0.854123 -0.556885 0.000461 -0.830589 -0.556822 0.000452 -0.830632 -0.692669 0.000545 -0.721255 -0.660446 0.000524 -0.750874 -0.660474 0.000527 -0.750849 -0.627479 0.000504 -0.778634 -0.627502 0.000504 -0.778615 -0.592836 0.000480 -0.805323 -0.592755 0.000477 -0.805383 -0.592791 0.000484 -0.805357 -0.627575 0.000508 -0.778556 -0.627463 0.000503 -0.778647 -0.660507 0.000526 -0.750820 -0.660455 0.000525 -0.750866 -0.692523 0.000548 -0.721396 -0.692593 0.000555 -0.721328 -0.807387 0.000611 -0.590023 -0.780833 0.000592 -0.624739 -0.780819 0.000619 -0.624757 -0.753123 0.000599 -0.657879 -0.752987 0.000595 -0.658035 -0.723776 0.000575 -0.690035 -0.723738 0.000577 -0.690074 -0.723733 0.000583 -0.690080 -0.753240 0.000604 -0.657746 -0.753147 0.000571 -0.657852 -0.780723 0.000590 -0.624877 -0.780837 0.000625 -0.624735 -0.807347 0.000643 -0.590077 -0.807276 0.000631 -0.590174 -0.897509 0.000710 -0.440995 -0.877424 0.000696 -0.479715 -0.877415 0.000678 -0.479732 -0.855888 0.000664 -0.517161 -0.855952 0.000664 -0.517055 -0.832566 0.000648 -0.553925 -0.832600 0.000648 -0.553874 -0.832553 0.000629 -0.553945 -0.855904 0.000646 -0.517134 -0.855958 0.000672 -0.517045 -0.877488 0.000687 -0.479599 -0.877429 0.000673 -0.479706 -0.897498 0.000686 -0.441018 -0.897591 0.000689 -0.440828 -0.960411 0.000748 -0.278586 -0.947402 0.000741 -0.320046 -0.947402 0.000728 -0.320045 -0.932729 0.000719 -0.360579 -0.932714 0.000704 -0.360617 -0.916045 0.000693 -0.401075 -0.916100 0.000702 -0.400949 -0.916009 0.000751 -0.401158 -0.932771 0.000761 -0.360469 -0.932650 0.000719 -0.360783 -0.947465 0.000728 -0.319860 -0.947392 0.000715 -0.320076 -0.960496 0.000723 -0.278293 -0.960503 0.000725 -0.278270 -0.994197 0.000741 -0.107570 -0.988614 0.000739 -0.150474 -0.988591 0.000750 -0.150626 -0.981170 0.000746 -0.193145 -0.981150 0.000750 -0.193246 -0.971861 0.000745 -0.235554 -0.971777 0.000731 -0.235903 -0.971772 0.000733 -0.235922 -0.981140 0.000738 -0.193298 -0.981170 0.000746 -0.193146 -0.988588 0.000750 -0.150643 -0.988614 0.000755 -0.150474 -0.994210 0.000757 -0.107454 -0.994215 0.000752 -0.107409 -0.997764 0.000758 0.066833 -0.999726 0.000762 0.023422 -0.999729 0.000739 0.023261 -0.999799 0.000741 -0.020050 -0.999804 0.000756 -0.019782 -0.997985 0.000757 -0.063452 -0.997974 0.000753 -0.063610 -0.997995 0.000741 -0.063287 -0.999799 0.000741 -0.020054 -0.999805 0.000764 -0.019730 -0.999729 0.000761 0.023260 -0.999728 0.000747 0.023315 -0.997761 0.000743 0.066883 -0.997764 0.000741 0.066832 -0.970945 0.000684 0.239300 -0.980500 0.000693 0.196518 -0.980469 0.000716 0.196670 -0.988072 0.000724 0.153990 -0.988071 0.000732 0.153997 -0.993831 0.000738 0.110901 -0.993826 0.000736 0.110951 -0.993843 0.000753 0.110794 -0.988071 0.000747 0.153996 -0.988096 0.000737 0.153839 -0.980468 0.000729 0.196677 -0.980471 0.000732 0.196663 -0.970995 0.000723 0.239100 -0.970986 0.000718 0.239134 -0.914728 0.000659 0.404069 -0.931448 0.000674 0.363874 -0.931459 0.000680 0.363846 -0.946326 0.000693 0.323213 -0.946300 0.000693 0.323290 -0.959500 0.000705 0.281709 -0.959520 0.000707 0.281640 -0.959511 0.000692 0.281671 -0.946323 0.000679 0.323222 -0.946315 0.000697 0.323246 -0.931481 0.000684 0.363791 -0.931437 0.000690 0.363903 -0.914658 0.000676 0.404229 -0.914674 0.000664 0.404193 -0.830667 0.000578 0.556770 -0.854115 0.000598 0.520084 -0.854109 0.000603 0.520093 -0.875757 0.000621 0.482751 -0.875762 0.000637 0.482742 -0.896005 0.000654 0.444043 -0.896046 0.000649 0.443962 -0.896016 0.000634 0.444021 -0.875789 0.000616 0.482693 -0.875773 0.000637 0.482723 -0.854152 0.000619 0.520024 -0.854088 0.000619 0.520128 -0.830604 0.000600 0.556864 -0.830709 0.000595 0.556707 -0.721293 0.000503 0.692630 -0.750764 0.000526 0.660570 -0.750776 0.000518 0.660557 -0.778721 0.000540 0.627370 -0.778676 0.000550 0.627426 -0.805270 0.000571 0.592908 -0.805305 0.000574 0.592861 -0.805331 0.000583 0.592825 -0.778665 0.000563 0.627440 -0.778742 0.000550 0.627344 -0.750855 0.000527 0.660467 -0.750816 0.000533 0.660511 -0.721389 0.000509 0.692530 -0.721387 0.000511 0.692532 -0.590122 0.000414 0.807314 -0.624691 0.000442 0.780872 -0.624701 0.000435 0.780864 -0.657924 0.000461 0.753084 -0.657998 0.000453 0.753019 -0.690112 0.000478 0.723703 -0.689970 0.000486 0.723838 -0.690095 0.000510 0.723718 -0.657852 0.000485 0.753147 -0.658038 0.000452 0.752985 -0.624681 0.000426 0.780880 -0.624704 0.000433 0.780862 -0.589977 0.000407 0.807420 -0.590098 0.000398 0.807331 -0.440901 0.000306 0.897556 -0.479689 0.000336 0.877439 -0.479716 0.000321 0.877424 -0.517119 0.000350 0.855913 -0.517226 0.000346 0.855849 -0.553848 0.000375 0.832617 -0.554006 0.000370 0.832512 -0.554031 0.000373 0.832496 -0.517038 0.000344 0.855963 -0.517162 0.000335 0.855887 -0.479567 0.000306 0.877505 -0.479666 0.000303 0.877452 -0.440983 0.000273 0.897516 -0.440824 0.000289 0.897594 -0.278308 0.000126 0.960492 -0.320034 0.000159 0.947406 -0.319898 0.000184 0.947452 -0.360592 0.000215 0.932724 -0.360617 0.000221 0.932714 -0.401060 0.000252 0.916052 -0.400984 0.000258 0.916085 -0.401030 0.000265 0.916065 -0.360633 0.000233 0.932708 -0.360644 0.000233 0.932703 -0.319995 0.000202 0.947419 -0.319983 0.000202 0.947423 -0.278379 0.000170 0.960471 -0.278434 0.000165 0.960456 -0.107310 0.000037 0.994226 -0.150631 0.000071 0.988590 -0.150583 0.000078 0.988598 -0.193062 0.000110 0.981187 -0.193319 0.000086 0.981136 -0.235872 0.000118 0.971784 -0.235687 0.000132 0.971829 -0.235642 0.000131 0.971840 -0.193294 0.000099 0.981141 -0.193293 0.000090 0.981141 -0.150659 0.000058 0.988586 -0.150538 0.000067 0.988604 -0.107337 0.000035 0.994223 -0.107313 0.000036 0.994225 0.066805 -0.000075 0.997766 0.023448 -0.000041 0.999725 0.023399 -0.000051 0.999726 -0.019964 -0.000019 0.999801 -0.020001 -0.000022 0.999800 -0.063506 0.000010 0.997982 -0.063614 0.000003 0.997975 -0.063621 0.000004 0.997974 -0.019851 -0.000030 0.999803 -0.019909 -0.000041 0.999802 0.023453 -0.000073 0.999725 0.023487 -0.000070 0.999724 0.066805 -0.000102 0.997766 0.066895 -0.000095 0.997760 0.239174 -0.000226 0.970977 0.196598 -0.000194 0.980484 0.196573 -0.000194 0.980489 0.154010 -0.000162 0.988069 0.154045 -0.000160 0.988064 0.110812 -0.000127 0.993842 0.110810 -0.000128 0.993842 0.110824 -0.000129 0.993840 0.154029 -0.000162 0.988066 0.154034 -0.000158 0.988066 0.196541 -0.000189 0.980496 0.196575 -0.000190 0.980489 0.239145 -0.000221 0.970984 0.239142 -0.000223 0.970985 0.404164 -0.000370 0.914686 0.363853 -0.000340 0.931456 0.363914 -0.000322 0.931433 0.323173 -0.000292 0.946340 0.323275 -0.000275 0.946305 0.281768 -0.000244 0.959483 0.281619 -0.000255 0.959526 0.281852 -0.000301 0.959458 0.323110 -0.000331 0.946361 0.323369 -0.000286 0.946273 0.363867 -0.000315 0.931451 0.363889 -0.000311 0.931442 0.404091 -0.000340 0.914719 0.404027 -0.000343 0.914747 0.556818 -0.000450 0.830634 0.520115 -0.000424 0.854096 0.520128 -0.000435 0.854089 0.482590 -0.000407 0.875846 0.482661 -0.000404 0.875807 0.444045 -0.000376 0.896004 0.444105 -0.000372 0.895975 0.444092 -0.000359 0.895981 0.482643 -0.000386 0.875817 0.482589 -0.000397 0.875847 0.520127 -0.000423 0.854089 0.520036 -0.000427 0.854144 0.556760 -0.000454 0.830674 0.556756 -0.000453 0.830676 0.692617 -0.000561 0.721305 0.660525 -0.000540 0.750804 0.660567 -0.000539 0.750767 0.627300 -0.000515 0.778777 0.627502 -0.000500 0.778615 0.592891 -0.000475 0.805283 0.592912 -0.000479 0.805267 0.593045 -0.000520 0.805169 0.627220 -0.000545 0.778842 0.627413 -0.000491 0.778687 0.660599 -0.000514 0.750739 0.660436 -0.000533 0.750883 0.692606 -0.000556 0.721316 0.692585 -0.000553 0.721336</float_array>
          <technique_common>
            <accessor source="#Part8_Centro_001-mesh-normals-array" count="6094" stride="3">
              <param name="X" type="float" />
              <param name="Y" type="float" />
              <param name="Z" type="float" />
            </accessor>
          </technique_common>
        </source>
        <vertices id="Part8_Centro_001-mesh-vertices">
          <input semantic="POSITION" source="#Part8_Centro_001-mesh-positions" />
        </vertices>
        <triangles count="6095">
          <input semantic="VERTEX" source="#Part8_Centro_001-mesh-vertices" offset="0" />
          <input semantic="NORMAL" source="#Part8_Centro_001-mesh-normals" offset="1" />
          <p>0 0 1 0 2 0 2 1 1 1 3 1 1 2 4 2 3 2 3 3 4 3 5 3 5 4 4 4 6 4 5 5 6 5 7 5 7 6 6 6 8 6 8 7 6 7 9 7 10 8 11 8 12 8 12 9 11 9 13 9 13 10 11 10 14 10 13 11 14 11 15 11 15 12 14 12 16 12 16 13 14 13 17 13 9 14 18 14 8 14 8 15 18 15 19 15 20 16 10 16 21 16 21 17 10 17 12 17 17 18 22 18 16 18 16 19 22 19 23 19 24 20 25 20 26 20 26 21 25 21 27 21 26 22 27 22 17 22 17 23 27 23 22 23 27 24 25 24 28 24 28 25 25 25 29 25 28 26 29 26 30 26 30 27 29 27 31 27 30 28 31 28 32 28 30 29 32 29 33 29 33 30 32 30 34 30 33 31 34 31 35 31 35 32 34 32 36 32 35 33 36 33 37 33 37 34 36 34 38 34 37 35 38 35 39 35 39 36 38 36 40 36 39 37 40 37 41 37 41 38 40 38 42 38 41 39 42 39 43 39 43 40 42 40 44 40 43 41 44 41 45 41 45 42 44 42 46 42 45 43 46 43 47 43 47 44 46 44 48 44 47 45 48 45 49 45 49 46 48 46 50 46 49 47 50 47 51 47 51 48 50 48 52 48 51 49 52 49 1 49 1 50 52 50 4 50 4 51 52 51 53 51 4 52 53 52 54 52 50 53 55 53 52 53 56 54 9 54 54 54 54 55 9 55 6 55 54 56 6 56 4 56 57 57 58 57 56 57 56 58 58 58 59 58 56 59 59 59 9 59 9 60 59 60 18 60 58 61 60 61 59 61 59 62 60 62 61 62 61 63 60 63 62 63 61 64 62 64 63 64 63 65 62 65 64 65 63 66 64 66 65 66 65 67 64 67 66 67 65 68 66 68 67 68 67 69 66 69 68 69 67 70 68 70 69 70 69 71 68 71 70 71 69 72 70 72 71 72 71 73 70 73 72 73 71 74 72 74 73 74 73 75 72 75 74 75 73 76 74 76 75 76 75 77 74 77 76 77 75 78 76 78 77 78 77 79 76 79 78 79 77 80 78 80 79 80 79 81 78 81 80 81 80 82 78 82 81 82 80 83 81 83 82 83 82 84 81 84 83 84 82 85 83 85 84 85 84 86 83 86 85 86 82 87 84 87 10 87 10 88 84 88 86 88 10 89 86 89 11 89 11 90 86 90 14 90 14 91 86 91 87 91 14 92 87 92 26 92 17 93 14 93 26 93 10 94 20 94 82 94 1 95 0 95 51 95 21 96 88 96 20 96 20 97 88 97 82 97 82 98 88 98 80 98 80 99 88 99 89 99 80 100 89 100 79 100 79 101 89 101 90 101 79 102 90 102 77 102 77 103 90 103 91 103 77 104 91 104 75 104 75 105 91 105 92 105 75 106 92 106 73 106 73 107 92 107 93 107 73 108 93 108 94 108 73 109 94 109 71 109 71 110 94 110 95 110 71 111 95 111 69 111 69 112 95 112 96 112 69 113 96 113 97 113 69 114 97 114 67 114 67 115 97 115 98 115 67 116 98 116 65 116 65 117 98 117 99 117 65 118 99 118 63 118 63 119 99 119 100 119 63 120 100 120 61 120 61 121 100 121 101 121 61 122 101 122 59 122 59 123 101 123 18 123 18 124 101 124 19 124 21 125 12 125 88 125 88 126 12 126 102 126 88 127 102 127 103 127 103 128 102 128 104 128 12 129 13 129 102 129 102 130 13 130 105 130 105 131 13 131 106 131 106 132 13 132 15 132 106 133 15 133 16 133 23 134 107 134 16 134 16 135 107 135 108 135 16 136 108 136 106 136 109 137 110 137 107 137 107 138 110 138 111 138 107 139 111 139 108 139 108 140 111 140 112 140 109 141 113 141 110 141 110 142 113 142 114 142 114 143 113 143 115 143 114 144 115 144 116 144 116 145 115 145 117 145 116 146 117 146 118 146 118 147 117 147 119 147 118 148 119 148 120 148 120 149 119 149 121 149 120 150 121 150 122 150 122 151 121 151 123 151 122 152 123 152 124 152 124 153 123 153 125 153 124 154 125 154 126 154 126 155 125 155 127 155 126 156 127 156 128 156 128 157 127 157 129 157 128 158 129 158 130 158 130 159 129 159 131 159 130 160 131 160 132 160 132 161 131 161 133 161 132 162 133 162 134 162 134 163 133 163 135 163 134 164 135 164 136 164 136 165 135 165 137 165 136 166 137 166 138 166 2 167 3 167 135 167 135 168 3 168 137 168 137 169 3 169 139 169 139 170 3 170 5 170 139 171 5 171 7 171 8 172 140 172 7 172 7 173 140 173 141 173 7 174 141 174 139 174 19 175 101 175 8 175 8 176 101 176 140 176 140 177 101 177 142 177 142 178 101 178 100 178 142 179 100 179 143 179 143 180 100 180 99 180 143 181 99 181 144 181 144 182 99 182 98 182 144 183 98 183 145 183 145 184 98 184 97 184 145 185 97 185 146 185 146 186 97 186 96 186 146 187 96 187 147 187 147 188 96 188 95 188 147 189 95 189 148 189 148 190 95 190 94 190 148 191 94 191 149 191 149 192 94 192 93 192 149 193 93 193 150 193 150 194 93 194 92 194 150 195 92 195 151 195 151 196 92 196 91 196 151 197 91 197 152 197 152 198 91 198 90 198 152 199 90 199 153 199 153 200 90 200 89 200 153 201 89 201 154 201 154 202 89 202 103 202 103 203 89 203 88 203 142 204 155 204 140 204 23 205 22 205 107 205 107 206 22 206 27 206 107 207 27 207 109 207 109 208 27 208 28 208 109 209 28 209 113 209 113 210 28 210 30 210 113 211 30 211 115 211 115 212 30 212 33 212 115 213 33 213 117 213 117 214 33 214 35 214 117 215 35 215 119 215 119 216 35 216 37 216 119 217 37 217 121 217 121 218 37 218 39 218 121 219 39 219 123 219 123 220 39 220 41 220 123 221 41 221 125 221 125 222 41 222 43 222 125 223 43 223 127 223 127 224 43 224 45 224 127 225 45 225 129 225 129 226 45 226 47 226 129 227 47 227 131 227 131 228 47 228 49 228 131 229 49 229 133 229 133 230 49 230 51 230 133 231 51 231 135 231 135 232 51 232 0 232 135 233 0 233 2 233 104 234 85 234 103 234 103 235 85 235 83 235 103 236 83 236 81 236 103 237 81 237 154 237 154 238 81 238 78 238 154 239 78 239 153 239 153 240 78 240 76 240 153 241 76 241 152 241 152 242 76 242 74 242 152 243 74 243 151 243 151 244 74 244 72 244 151 245 72 245 150 245 150 246 72 246 149 246 149 247 72 247 70 247 149 248 70 248 148 248 148 249 70 249 68 249 148 250 68 250 147 250 147 251 68 251 146 251 146 252 68 252 66 252 146 253 66 253 145 253 145 254 66 254 64 254 145 255 64 255 144 255 144 256 64 256 62 256 144 257 62 257 143 257 143 258 62 258 60 258 143 259 60 259 142 259 142 260 60 260 58 260 142 261 58 261 57 261 57 262 155 262 142 262 84 263 85 263 102 263 102 264 85 264 104 264 26 265 87 265 108 265 108 266 87 266 106 266 106 267 87 267 86 267 106 268 86 268 105 268 105 269 86 269 102 269 102 270 86 270 84 270 57 271 56 271 155 271 155 272 56 272 140 272 56 273 54 273 140 273 140 274 54 274 141 274 141 275 54 275 53 275 141 276 53 276 139 276 139 277 53 277 137 277 137 278 53 278 52 278 24 279 26 279 112 279 112 280 26 280 108 280 52 281 55 281 137 281 137 282 55 282 138 282 112 283 111 283 24 283 24 284 111 284 25 284 25 285 111 285 110 285 25 286 110 286 29 286 29 287 110 287 114 287 29 288 114 288 31 288 31 289 114 289 116 289 31 290 116 290 32 290 32 291 116 291 118 291 32 292 118 292 34 292 34 293 118 293 120 293 34 294 120 294 36 294 36 295 120 295 122 295 36 296 122 296 38 296 38 297 122 297 124 297 38 298 124 298 40 298 40 299 124 299 126 299 40 300 126 300 42 300 42 301 126 301 128 301 42 302 128 302 44 302 44 303 128 303 130 303 44 304 130 304 46 304 46 305 130 305 132 305 46 306 132 306 48 306 48 307 132 307 134 307 48 308 134 308 50 308 50 309 134 309 136 309 50 310 136 310 55 310 55 311 136 311 138 311 156 312 157 312 158 312 158 313 157 313 159 313 158 314 159 314 160 314 158 315 160 315 161 315 161 316 160 316 162 316 161 317 162 317 163 317 163 318 162 318 164 318 163 319 164 319 165 319 165 320 164 320 166 320 165 321 166 321 167 321 167 322 166 322 168 322 167 323 168 323 169 323 169 324 168 324 170 324 169 325 170 325 171 325 172 326 157 326 21 326 21 327 157 327 156 327 23 328 173 328 174 328 174 329 173 329 175 329 174 330 175 330 176 330 176 331 175 331 177 331 176 332 177 332 21 332 21 333 177 333 172 333 178 334 173 334 179 334 179 335 173 335 23 335 180 336 181 336 182 336 182 337 181 337 183 337 182 338 183 338 184 338 182 339 184 339 185 339 185 340 184 340 186 340 185 341 186 341 187 341 187 342 186 342 188 342 187 343 188 343 189 343 189 344 188 344 190 344 189 345 190 345 191 345 191 346 190 346 192 346 191 347 192 347 193 347 193 348 192 348 178 348 193 349 178 349 179 349 194 350 181 350 2 350 2 351 181 351 180 351 19 352 195 352 196 352 196 353 195 353 197 353 196 354 197 354 198 354 198 355 197 355 199 355 198 356 199 356 2 356 2 357 199 357 194 357 170 358 195 358 171 358 171 359 195 359 19 359 200 360 157 360 201 360 201 361 157 361 178 361 201 362 178 362 202 362 202 363 178 363 192 363 202 364 192 364 203 364 203 365 192 365 190 365 203 366 190 366 204 366 204 367 190 367 205 367 205 368 190 368 188 368 205 369 188 369 206 369 206 370 188 370 186 370 206 371 186 371 207 371 207 372 186 372 208 372 208 373 186 373 184 373 208 374 184 374 209 374 209 375 184 375 183 375 209 376 183 376 210 376 210 377 183 377 211 377 210 378 211 378 212 378 212 379 211 379 213 379 212 380 213 380 203 380 203 381 213 381 202 381 214 382 215 382 200 382 200 383 215 383 159 383 200 384 159 384 157 384 215 385 214 385 216 385 216 386 214 386 217 386 216 387 217 387 218 387 218 388 217 388 168 388 218 389 168 389 219 389 219 390 168 390 166 390 219 391 166 391 220 391 220 392 166 392 164 392 220 393 164 393 221 393 221 394 164 394 222 394 222 395 164 395 162 395 222 396 162 396 223 396 223 397 162 397 160 397 223 398 160 398 224 398 224 399 160 399 215 399 215 400 160 400 159 400 217 401 225 401 168 401 168 402 225 402 170 402 170 403 225 403 226 403 170 404 226 404 181 404 181 405 226 405 183 405 183 406 226 406 211 406 195 407 170 407 197 407 197 408 170 408 199 408 199 409 170 409 181 409 199 410 181 410 194 410 172 411 177 411 157 411 157 412 177 412 178 412 177 413 175 413 178 413 178 414 175 414 173 414 227 415 179 415 228 415 228 416 179 416 156 416 228 417 156 417 229 417 229 418 156 418 158 418 229 419 158 419 230 419 230 420 158 420 161 420 230 421 161 421 231 421 231 422 161 422 232 422 232 423 161 423 163 423 232 424 163 424 233 424 233 425 163 425 165 425 233 426 165 426 234 426 234 427 165 427 235 427 235 428 165 428 167 428 235 429 167 429 236 429 236 430 167 430 169 430 236 431 169 431 237 431 237 432 169 432 238 432 237 433 238 433 239 433 240 434 241 434 227 434 227 435 241 435 242 435 227 436 242 436 193 436 193 437 242 437 191 437 191 438 242 438 243 438 191 439 243 439 244 439 241 440 240 440 245 440 245 441 240 441 246 441 245 442 246 442 182 442 182 443 246 443 247 443 182 444 247 444 180 444 180 445 247 445 171 445 180 446 171 446 198 446 198 447 171 447 196 447 196 448 171 448 19 448 247 449 248 449 171 449 171 450 248 450 169 450 169 451 248 451 238 451 237 452 239 452 249 452 249 453 239 453 229 453 249 454 229 454 230 454 191 455 244 455 189 455 189 456 244 456 250 456 189 457 250 457 187 457 187 458 250 458 251 458 187 459 251 459 252 459 187 460 252 460 185 460 185 461 252 461 253 461 185 462 253 462 182 462 182 463 253 463 245 463 198 464 2 464 180 464 193 465 179 465 227 465 23 466 174 466 179 466 179 467 174 467 176 467 179 468 176 468 156 468 156 469 176 469 21 469 215 470 230 470 224 470 224 471 230 471 231 471 224 472 231 472 223 472 223 473 231 473 232 473 223 474 232 474 222 474 222 475 232 475 233 475 222 476 233 476 221 476 221 477 233 477 234 477 221 478 234 478 220 478 220 479 234 479 235 479 220 480 235 480 219 480 219 481 235 481 236 481 219 482 236 482 218 482 218 483 236 483 237 483 218 484 237 484 216 484 216 485 237 485 249 485 216 486 249 486 215 486 215 487 249 487 230 487 205 488 244 488 204 488 204 489 244 489 243 489 204 490 243 490 203 490 203 491 243 491 242 491 203 492 242 492 212 492 212 493 242 493 241 493 212 494 241 494 210 494 210 495 241 495 245 495 210 496 245 496 209 496 209 497 245 497 253 497 209 498 253 498 208 498 208 499 253 499 252 499 208 500 252 500 207 500 207 501 252 501 251 501 207 502 251 502 206 502 206 503 251 503 250 503 206 504 250 504 205 504 205 505 250 505 244 505 202 506 227 506 201 506 201 507 227 507 228 507 201 508 228 508 200 508 200 509 228 509 229 509 200 510 229 510 214 510 214 511 229 511 239 511 214 512 239 512 217 512 217 513 239 513 238 513 217 514 238 514 225 514 225 515 238 515 248 515 225 516 248 516 226 516 226 517 248 517 247 517 226 518 247 518 211 518 211 519 247 519 246 519 211 520 246 520 213 520 213 521 246 521 240 521 213 522 240 522 202 522 202 523 240 523 227 523 254 524 255 524 256 524 256 525 255 525 257 525 256 526 257 526 258 526 258 527 257 527 259 527 258 528 259 528 260 528 260 529 259 529 261 529 260 530 261 530 262 530 262 531 261 531 263 531 262 532 263 532 264 532 264 533 263 533 265 533 264 534 265 534 266 534 266 535 265 535 267 535 266 536 267 536 268 536 268 537 267 537 269 537 268 538 269 538 270 538 270 539 269 539 271 539 270 540 271 540 272 540 272 541 271 541 273 541 272 542 273 542 274 542 274 543 273 543 275 543 274 544 275 544 276 544 276 545 275 545 277 545 276 546 277 546 278 546 278 547 277 547 279 547 278 548 279 548 280 548 280 549 279 549 281 549 280 550 281 550 282 550 282 551 281 551 283 551 282 552 283 552 284 552 284 553 283 553 285 553 284 554 285 554 286 554 286 555 285 555 287 555 286 556 287 556 288 556 288 557 287 557 289 557 288 558 289 558 290 558 290 559 289 559 291 559 290 560 291 560 292 560 292 561 291 561 293 561 292 562 293 562 294 562 294 563 293 563 295 563 294 564 295 564 296 564 296 565 295 565 297 565 296 566 297 566 298 566 298 567 297 567 299 567 298 568 299 568 254 568 254 569 299 569 255 569 256 570 258 570 254 570 254 571 258 571 298 571 298 572 258 572 260 572 298 573 260 573 296 573 296 574 260 574 262 574 296 575 262 575 294 575 294 576 262 576 264 576 294 577 264 577 292 577 292 578 264 578 266 578 292 579 266 579 290 579 290 580 266 580 268 580 290 581 268 581 288 581 288 582 268 582 270 582 288 583 270 583 286 583 286 584 270 584 272 584 286 585 272 585 284 585 284 586 272 586 274 586 284 587 274 587 282 587 282 588 274 588 276 588 282 589 276 589 280 589 280 590 276 590 278 590 300 591 301 591 302 591 302 592 301 592 303 592 304 593 305 593 306 593 306 594 305 594 307 594 306 595 307 595 308 595 308 596 307 596 309 596 308 597 309 597 310 597 310 598 309 598 311 598 310 599 311 599 312 599 312 600 311 600 313 600 312 601 313 601 314 601 314 602 313 602 315 602 314 603 315 603 316 603 316 604 315 604 317 604 316 605 317 605 318 605 318 606 317 606 319 606 318 607 319 607 320 607 320 608 319 608 321 608 320 609 321 609 322 609 322 610 321 610 323 610 322 611 323 611 324 611 324 612 323 612 325 612 324 613 325 613 326 613 326 614 325 614 327 614 326 615 327 615 328 615 328 616 327 616 329 616 328 617 329 617 330 617 330 618 329 618 331 618 330 619 331 619 332 619 332 620 331 620 333 620 332 621 333 621 334 621 334 622 333 622 335 622 334 623 335 623 336 623 336 624 335 624 337 624 336 625 337 625 338 625 338 626 337 626 339 626 338 627 339 627 340 627 340 628 339 628 341 628 340 629 341 629 342 629 342 630 341 630 343 630 342 631 343 631 344 631 344 632 343 632 345 632 344 633 345 633 346 633 346 634 345 634 347 634 346 635 347 635 348 635 348 636 347 636 349 636 348 637 349 637 350 637 350 638 349 638 351 638 350 639 351 639 352 639 352 640 351 640 353 640 352 641 353 641 354 641 354 642 353 642 355 642 354 643 355 643 356 643 305 644 304 644 357 644 357 645 304 645 358 645 357 646 358 646 359 646 359 647 358 647 360 647 359 648 360 648 361 648 361 649 360 649 362 649 361 650 362 650 363 650 363 651 362 651 364 651 363 652 364 652 365 652 365 653 364 653 366 653 365 654 366 654 302 654 302 655 366 655 300 655 367 656 356 656 368 656 368 657 356 657 355 657 303 658 301 658 369 658 369 659 301 659 370 659 369 660 370 660 371 660 369 661 371 661 372 661 372 662 371 662 373 662 372 663 373 663 374 663 374 664 373 664 375 664 374 665 375 665 376 665 376 666 375 666 377 666 376 667 377 667 378 667 378 668 377 668 379 668 378 669 379 669 380 669 380 670 379 670 381 670 380 671 381 671 382 671 382 672 381 672 383 672 382 673 383 673 384 673 384 674 383 674 385 674 384 675 385 675 386 675 386 676 385 676 387 676 386 677 387 677 388 677 388 678 387 678 389 678 388 679 389 679 390 679 390 680 389 680 367 680 390 681 367 681 368 681 255 682 302 682 257 682 257 683 302 683 355 683 257 684 355 684 259 684 259 685 355 685 261 685 261 686 355 686 353 686 261 687 353 687 263 687 263 688 353 688 351 688 263 689 351 689 265 689 265 690 351 690 349 690 265 691 349 691 347 691 255 692 299 692 302 692 302 693 299 693 365 693 365 694 299 694 297 694 365 695 297 695 363 695 363 696 297 696 295 696 363 697 295 697 361 697 361 698 295 698 359 698 359 699 295 699 293 699 359 700 293 700 357 700 357 701 293 701 305 701 305 702 293 702 291 702 305 703 291 703 307 703 307 704 291 704 309 704 309 705 291 705 289 705 309 706 289 706 311 706 311 707 289 707 313 707 313 708 289 708 287 708 313 709 287 709 315 709 315 710 287 710 285 710 315 711 285 711 317 711 317 712 285 712 319 712 319 713 285 713 283 713 319 714 283 714 321 714 321 715 283 715 281 715 321 716 281 716 323 716 323 717 281 717 279 717 323 718 279 718 325 718 325 719 279 719 327 719 327 720 279 720 277 720 327 721 277 721 329 721 329 722 277 722 275 722 329 723 275 723 331 723 331 724 275 724 333 724 333 725 275 725 273 725 333 726 273 726 335 726 335 727 273 727 271 727 335 728 271 728 337 728 337 729 271 729 339 729 339 730 271 730 269 730 339 731 269 731 341 731 341 732 269 732 343 732 343 733 269 733 267 733 343 734 267 734 345 734 345 735 267 735 347 735 347 736 267 736 265 736 369 737 372 737 303 737 303 738 372 738 374 738 303 739 374 739 376 739 376 740 378 740 303 740 303 741 378 741 380 741 303 742 380 742 382 742 382 743 384 743 303 743 303 744 384 744 386 744 303 745 386 745 388 745 388 746 390 746 303 746 303 747 390 747 368 747 303 748 368 748 302 748 302 749 368 749 355 749 306 750 308 750 391 750 391 751 308 751 310 751 391 752 310 752 312 752 312 753 314 753 391 753 391 754 314 754 316 754 391 755 316 755 318 755 318 756 320 756 391 756 391 757 320 757 322 757 391 758 322 758 324 758 324 759 326 759 392 759 392 760 326 760 328 760 392 761 328 761 330 761 330 762 332 762 392 762 392 763 332 763 334 763 392 764 334 764 336 764 336 765 338 765 392 765 392 766 338 766 340 766 392 767 340 767 342 767 342 768 344 768 393 768 393 769 344 769 346 769 393 770 346 770 348 770 348 771 350 771 393 771 393 772 350 772 367 772 393 773 367 773 389 773 350 774 352 774 367 774 367 775 352 775 354 775 367 776 354 776 356 776 389 777 387 777 393 777 393 778 387 778 385 778 393 779 385 779 383 779 383 780 381 780 393 780 393 781 381 781 379 781 393 782 379 782 394 782 394 783 379 783 377 783 394 784 377 784 375 784 375 785 373 785 394 785 394 786 373 786 371 786 394 787 371 787 370 787 370 788 301 788 394 788 394 789 301 789 362 789 394 790 362 790 360 790 300 791 366 791 301 791 301 792 366 792 364 792 301 793 364 793 362 793 360 794 358 794 394 794 394 795 358 795 304 795 394 796 304 796 306 796 392 797 395 797 324 797 324 798 395 798 396 798 324 799 396 799 391 799 393 800 397 800 342 800 342 801 397 801 395 801 342 802 395 802 392 802 398 803 397 803 394 803 394 804 397 804 393 804 399 805 400 805 401 805 401 806 400 806 402 806 401 807 402 807 403 807 403 808 402 808 404 808 403 809 404 809 405 809 405 810 404 810 406 810 405 811 406 811 407 811 407 812 406 812 408 812 407 813 408 813 409 813 409 814 408 814 410 814 409 815 410 815 411 815 411 816 410 816 412 816 411 817 412 817 413 817 413 818 412 818 414 818 413 819 414 819 415 819 415 820 414 820 416 820 415 821 416 821 417 821 417 822 416 822 418 822 417 823 418 823 419 823 419 824 418 824 420 824 419 825 420 825 421 825 421 826 420 826 422 826 421 827 422 827 423 827 423 828 422 828 424 828 423 829 424 829 425 829 425 830 424 830 426 830 425 831 426 831 427 831 427 832 426 832 428 832 427 833 428 833 429 833 429 834 428 834 430 834 429 835 430 835 431 835 431 836 430 836 432 836 431 837 432 837 433 837 433 838 432 838 434 838 433 839 434 839 435 839 435 840 434 840 436 840 435 841 436 841 437 841 437 842 436 842 438 842 437 843 438 843 439 843 439 844 438 844 440 844 439 845 440 845 441 845 441 846 440 846 442 846 441 847 442 847 399 847 399 848 442 848 400 848 443 849 444 849 445 849 445 850 444 850 446 850 445 851 446 851 447 851 447 852 446 852 448 852 447 853 448 853 449 853 449 854 448 854 450 854 449 855 450 855 451 855 451 856 450 856 452 856 451 857 452 857 453 857 453 858 452 858 454 858 453 859 454 859 455 859 455 860 454 860 456 860 455 861 456 861 457 861 457 862 456 862 458 862 457 863 458 863 459 863 459 864 458 864 460 864 459 865 460 865 461 865 461 866 460 866 462 866 461 867 462 867 463 867 463 868 462 868 464 868 463 869 464 869 465 869 465 870 464 870 466 870 465 871 466 871 467 871 467 872 466 872 468 872 467 873 468 873 469 873 469 874 468 874 470 874 469 875 470 875 471 875 471 876 470 876 472 876 471 877 472 877 473 877 473 878 472 878 474 878 473 879 474 879 475 879 475 880 474 880 476 880 475 881 476 881 477 881 477 882 476 882 478 882 477 883 478 883 479 883 479 884 478 884 480 884 479 885 480 885 481 885 481 886 480 886 482 886 481 887 482 887 483 887 483 888 482 888 484 888 483 889 484 889 485 889 485 890 484 890 486 890 485 891 486 891 443 891 443 892 486 892 444 892 487 893 488 893 489 893 489 894 488 894 490 894 491 895 487 895 492 895 492 896 487 896 489 896 493 897 491 897 494 897 494 898 491 898 492 898 398 899 423 899 397 899 397 900 423 900 425 900 397 901 425 901 427 901 494 902 411 902 398 902 398 903 411 903 413 903 398 904 413 904 415 904 492 905 401 905 494 905 494 906 401 906 403 906 494 907 403 907 405 907 489 908 397 908 492 908 492 909 397 909 435 909 492 910 435 910 437 910 490 911 467 911 489 911 489 912 467 912 469 912 489 913 469 913 471 913 396 914 455 914 490 914 490 915 455 915 457 915 490 916 457 916 459 916 395 917 445 917 396 917 396 918 445 918 447 918 396 919 447 919 449 919 397 920 489 920 395 920 395 921 489 921 477 921 395 922 477 922 479 922 405 923 407 923 494 923 494 924 407 924 409 924 494 925 409 925 411 925 415 926 417 926 398 926 398 927 417 927 419 927 398 928 419 928 421 928 421 929 423 929 398 929 427 930 429 930 397 930 397 931 429 931 431 931 397 932 431 932 433 932 433 933 435 933 397 933 437 934 439 934 492 934 492 935 439 935 441 935 492 936 441 936 399 936 399 937 401 937 492 937 449 938 451 938 396 938 396 939 451 939 453 939 396 940 453 940 455 940 459 941 461 941 490 941 490 942 461 942 463 942 490 943 463 943 465 943 465 944 467 944 490 944 471 945 473 945 489 945 489 946 473 946 475 946 489 947 475 947 477 947 479 948 481 948 395 948 395 949 481 949 483 949 395 950 483 950 485 950 485 951 443 951 395 951 395 952 443 952 445 952 495 953 446 953 496 953 496 954 446 954 444 954 496 955 444 955 486 955 488 956 456 956 495 956 495 957 456 957 454 957 495 958 454 958 452 958 487 959 468 959 488 959 488 960 468 960 466 960 488 961 466 961 464 961 491 962 497 962 487 962 487 963 497 963 496 963 487 964 496 964 478 964 478 965 496 965 480 965 480 966 496 966 482 966 482 967 496 967 484 967 484 968 496 968 486 968 493 969 402 969 491 969 491 970 402 970 400 970 491 971 400 971 442 971 498 972 412 972 493 972 493 973 412 973 410 973 493 974 410 974 408 974 497 975 424 975 498 975 498 976 424 976 422 976 498 977 422 977 420 977 442 978 440 978 491 978 491 979 440 979 438 979 491 980 438 980 436 980 491 981 436 981 497 981 497 982 436 982 434 982 497 983 434 983 432 983 432 984 430 984 497 984 497 985 430 985 428 985 497 986 428 986 426 986 426 987 424 987 497 987 420 988 418 988 498 988 498 989 418 989 416 989 498 990 416 990 414 990 414 991 412 991 498 991 408 992 406 992 493 992 493 993 406 993 404 993 493 994 404 994 402 994 478 995 476 995 487 995 487 996 476 996 474 996 487 997 474 997 472 997 472 998 470 998 487 998 487 999 470 999 468 999 464 1000 462 1000 488 1000 488 1001 462 1001 460 1001 488 1002 460 1002 458 1002 458 1003 456 1003 488 1003 452 1004 450 1004 495 1004 495 1005 450 1005 448 1005 495 1006 448 1006 446 1006 499 1007 500 1007 496 1007 496 1008 500 1008 495 1008 501 1009 499 1009 497 1009 497 1010 499 1010 496 1010 502 1011 501 1011 498 1011 498 1012 501 1012 497 1012 500 1013 502 1013 495 1013 495 1014 502 1014 498 1014 495 1015 498 1015 306 1015 306 1016 498 1016 398 1016 306 1017 398 1017 394 1017 498 1018 493 1018 398 1018 398 1019 493 1019 494 1019 391 1020 396 1020 306 1020 306 1021 396 1021 495 1021 396 1022 490 1022 495 1022 495 1023 490 1023 488 1023 500 1024 499 1024 502 1024 502 1025 499 1025 501 1025 503 1026 504 1026 505 1026 505 1027 504 1027 506 1027 507 1028 508 1028 509 1028 509 1029 508 1029 510 1029 511 1030 505 1030 512 1030 512 1031 505 1031 506 1031 512 1032 506 1032 513 1032 513 1033 506 1033 514 1033 509 1034 510 1034 513 1034 513 1035 510 1035 512 1035 515 1036 504 1036 516 1036 516 1037 504 1037 503 1037 516 1038 503 1038 517 1038 517 1039 503 1039 518 1039 508 1040 507 1040 517 1040 517 1041 507 1041 516 1041 512 1042 510 1042 517 1042 517 1043 510 1043 508 1043 516 1044 507 1044 513 1044 513 1045 507 1045 509 1045 518 1046 503 1046 511 1046 511 1047 503 1047 505 1047 517 1048 518 1048 512 1048 512 1049 518 1049 511 1049 515 1050 516 1050 514 1050 514 1051 516 1051 513 1051 504 1052 515 1052 506 1052 506 1053 515 1053 514 1053 519 1054 520 1054 521 1054 521 1055 520 1055 522 1055 521 1056 522 1056 523 1056 523 1057 522 1057 524 1057 523 1058 524 1058 525 1058 525 1059 524 1059 526 1059 525 1060 526 1060 527 1060 527 1061 526 1061 528 1061 527 1062 528 1062 529 1062 529 1063 528 1063 530 1063 529 1064 530 1064 531 1064 531 1065 530 1065 532 1065 531 1066 532 1066 533 1066 533 1067 532 1067 534 1067 533 1068 534 1068 535 1068 535 1069 534 1069 536 1069 535 1070 536 1070 537 1070 537 1071 536 1071 538 1071 537 1072 538 1072 539 1072 539 1073 538 1073 540 1073 539 1074 540 1074 541 1074 541 1075 540 1075 542 1075 541 1076 542 1076 543 1076 543 1077 542 1077 544 1077 543 1078 544 1078 545 1078 545 1079 544 1079 546 1079 545 1080 546 1080 547 1080 547 1081 546 1081 548 1081 547 1082 548 1082 549 1082 549 1083 548 1083 550 1083 549 1084 550 1084 551 1084 551 1085 550 1085 552 1085 551 1086 552 1086 553 1086 553 1087 552 1087 554 1087 553 1088 554 1088 555 1088 555 1089 554 1089 556 1089 555 1090 556 1090 557 1090 557 1091 556 1091 558 1091 557 1092 558 1092 559 1092 559 1093 558 1093 560 1093 559 1094 560 1094 561 1094 561 1095 560 1095 562 1095 561 1096 562 1096 563 1096 563 1097 562 1097 564 1097 563 1098 564 1098 565 1098 565 1099 564 1099 566 1099 565 1100 566 1100 567 1100 567 1101 566 1101 568 1101 567 1102 568 1102 569 1102 569 1103 568 1103 570 1103 569 1104 570 1104 571 1104 571 1105 570 1105 572 1105 571 1106 572 1106 573 1106 573 1107 572 1107 574 1107 573 1108 574 1108 575 1108 575 1109 574 1109 576 1109 575 1110 576 1110 577 1110 577 1111 576 1111 578 1111 577 1112 578 1112 579 1112 579 1113 578 1113 580 1113 579 1114 580 1114 581 1114 581 1115 580 1115 582 1115 581 1116 582 1116 583 1116 583 1117 582 1117 584 1117 583 1118 584 1118 585 1118 585 1119 584 1119 586 1119 585 1120 586 1120 587 1120 587 1121 586 1121 588 1121 587 1122 588 1122 589 1122 589 1123 588 1123 590 1123 589 1124 590 1124 591 1124 591 1125 590 1125 592 1125 591 1126 592 1126 593 1126 593 1127 592 1127 594 1127 593 1128 594 1128 595 1128 595 1129 594 1129 596 1129 595 1130 596 1130 597 1130 597 1131 596 1131 598 1131 597 1132 598 1132 599 1132 599 1133 598 1133 600 1133 599 1134 600 1134 601 1134 601 1135 600 1135 602 1135 601 1136 602 1136 603 1136 603 1137 602 1137 604 1137 603 1138 604 1138 605 1138 605 1139 604 1139 606 1139 605 1140 606 1140 607 1140 607 1141 606 1141 608 1141 607 1142 608 1142 609 1142 609 1143 608 1143 610 1143 609 1144 610 1144 611 1144 611 1145 610 1145 612 1145 611 1146 612 1146 613 1146 613 1147 612 1147 614 1147 613 1148 614 1148 615 1148 615 1149 614 1149 616 1149 615 1150 616 1150 617 1150 617 1151 616 1151 618 1151 617 1152 618 1152 519 1152 519 1153 618 1153 520 1153 619 1154 620 1154 621 1154 621 1155 620 1155 622 1155 623 1156 619 1156 624 1156 624 1157 619 1157 621 1157 625 1158 623 1158 626 1158 626 1159 623 1159 624 1159 627 1160 625 1160 628 1160 628 1161 625 1161 626 1161 629 1162 627 1162 630 1162 630 1163 627 1163 628 1163 631 1164 632 1164 633 1164 633 1165 632 1165 634 1165 633 1166 634 1166 635 1166 633 1167 635 1167 636 1167 636 1168 635 1168 637 1168 636 1169 637 1169 638 1169 638 1170 637 1170 639 1170 638 1171 639 1171 640 1171 640 1172 639 1172 641 1172 640 1173 641 1173 642 1173 642 1174 641 1174 643 1174 642 1175 643 1175 644 1175 644 1176 643 1176 645 1176 644 1177 645 1177 646 1177 646 1178 645 1178 647 1178 646 1179 647 1179 648 1179 648 1180 647 1180 649 1180 648 1181 649 1181 650 1181 650 1182 649 1182 629 1182 650 1183 629 1183 630 1183 651 1184 632 1184 652 1184 652 1185 632 1185 631 1185 653 1186 654 1186 655 1186 655 1187 654 1187 656 1187 655 1188 656 1188 657 1188 655 1189 657 1189 658 1189 658 1190 657 1190 659 1190 658 1191 659 1191 660 1191 660 1192 659 1192 661 1192 660 1193 661 1193 662 1193 662 1194 661 1194 663 1194 662 1195 663 1195 664 1195 664 1196 663 1196 665 1196 664 1197 665 1197 666 1197 666 1198 665 1198 667 1198 666 1199 667 1199 668 1199 668 1200 667 1200 669 1200 668 1201 669 1201 670 1201 670 1202 669 1202 671 1202 670 1203 671 1203 672 1203 672 1204 671 1204 651 1204 672 1205 651 1205 652 1205 673 1206 654 1206 674 1206 674 1207 654 1207 653 1207 675 1208 673 1208 676 1208 676 1209 673 1209 674 1209 677 1210 675 1210 678 1210 678 1211 675 1211 676 1211 679 1212 677 1212 680 1212 680 1213 677 1213 678 1213 681 1214 679 1214 682 1214 682 1215 679 1215 680 1215 620 1216 681 1216 622 1216 622 1217 681 1217 682 1217 520 1218 675 1218 522 1218 522 1219 675 1219 677 1219 522 1220 677 1220 524 1220 524 1221 677 1221 526 1221 526 1222 677 1222 679 1222 526 1223 679 1223 528 1223 528 1224 679 1224 530 1224 530 1225 679 1225 532 1225 532 1226 679 1226 534 1226 534 1227 679 1227 681 1227 534 1228 681 1228 536 1228 536 1229 681 1229 538 1229 538 1230 681 1230 540 1230 540 1231 681 1231 542 1231 542 1232 681 1232 544 1232 544 1233 681 1233 546 1233 546 1234 681 1234 620 1234 546 1235 620 1235 548 1235 548 1236 620 1236 550 1236 550 1237 620 1237 552 1237 552 1238 620 1238 554 1238 554 1239 620 1239 556 1239 556 1240 620 1240 558 1240 558 1241 620 1241 560 1241 560 1242 620 1242 619 1242 560 1243 619 1243 562 1243 562 1244 619 1244 564 1244 564 1245 619 1245 566 1245 566 1246 619 1246 568 1246 568 1247 619 1247 623 1247 568 1248 623 1248 570 1248 570 1249 623 1249 572 1249 572 1250 623 1250 625 1250 572 1251 625 1251 574 1251 574 1252 625 1252 576 1252 576 1253 625 1253 627 1253 576 1254 627 1254 578 1254 578 1255 627 1255 580 1255 580 1256 627 1256 582 1256 582 1257 627 1257 629 1257 582 1258 629 1258 584 1258 584 1259 629 1259 649 1259 584 1260 649 1260 647 1260 520 1261 618 1261 675 1261 675 1262 618 1262 673 1262 673 1263 618 1263 616 1263 673 1264 616 1264 614 1264 614 1265 612 1265 673 1265 673 1266 612 1266 654 1266 654 1267 612 1267 610 1267 654 1268 610 1268 656 1268 656 1269 610 1269 657 1269 657 1270 610 1270 608 1270 657 1271 608 1271 659 1271 659 1272 608 1272 661 1272 661 1273 608 1273 663 1273 663 1274 608 1274 665 1274 665 1275 608 1275 667 1275 667 1276 608 1276 606 1276 667 1277 606 1277 669 1277 669 1278 606 1278 671 1278 671 1279 606 1279 651 1279 651 1280 606 1280 604 1280 651 1281 604 1281 602 1281 602 1282 600 1282 651 1282 651 1283 600 1283 598 1283 651 1284 598 1284 596 1284 651 1285 596 1285 632 1285 632 1286 596 1286 594 1286 632 1287 594 1287 592 1287 592 1288 590 1288 632 1288 632 1289 590 1289 588 1289 632 1290 588 1290 634 1290 634 1291 588 1291 635 1291 635 1292 588 1292 637 1292 637 1293 588 1293 586 1293 637 1294 586 1294 639 1294 639 1295 586 1295 641 1295 641 1296 586 1296 643 1296 643 1297 586 1297 645 1297 645 1298 586 1298 647 1298 647 1299 586 1299 584 1299 523 1300 678 1300 521 1300 521 1301 678 1301 676 1301 521 1302 676 1302 519 1302 519 1303 676 1303 617 1303 617 1304 676 1304 674 1304 617 1305 674 1305 615 1305 615 1306 674 1306 613 1306 613 1307 674 1307 611 1307 611 1308 674 1308 653 1308 611 1309 653 1309 609 1309 609 1310 653 1310 655 1310 609 1311 655 1311 658 1311 523 1312 525 1312 678 1312 678 1313 525 1313 680 1313 680 1314 525 1314 527 1314 680 1315 527 1315 529 1315 529 1316 531 1316 680 1316 680 1317 531 1317 533 1317 680 1318 533 1318 682 1318 682 1319 533 1319 535 1319 682 1320 535 1320 537 1320 537 1321 539 1321 682 1321 682 1322 539 1322 541 1322 682 1323 541 1323 543 1323 543 1324 545 1324 682 1324 682 1325 545 1325 547 1325 682 1326 547 1326 622 1326 622 1327 547 1327 549 1327 622 1328 549 1328 551 1328 551 1329 553 1329 622 1329 622 1330 553 1330 555 1330 622 1331 555 1331 557 1331 557 1332 559 1332 622 1332 622 1333 559 1333 621 1333 621 1334 559 1334 561 1334 621 1335 561 1335 563 1335 563 1336 565 1336 621 1336 621 1337 565 1337 567 1337 621 1338 567 1338 624 1338 624 1339 567 1339 569 1339 624 1340 569 1340 571 1340 624 1341 571 1341 626 1341 626 1342 571 1342 573 1342 626 1343 573 1343 575 1343 626 1344 575 1344 628 1344 628 1345 575 1345 577 1345 628 1346 577 1346 579 1346 579 1347 581 1347 628 1347 628 1348 581 1348 630 1348 630 1349 581 1349 583 1349 630 1350 583 1350 650 1350 650 1351 583 1351 648 1351 648 1352 583 1352 585 1352 648 1353 585 1353 646 1353 646 1354 585 1354 644 1354 644 1355 585 1355 642 1355 642 1356 585 1356 640 1356 640 1357 585 1357 638 1357 638 1358 585 1358 587 1358 638 1359 587 1359 636 1359 636 1360 587 1360 633 1360 633 1361 587 1361 631 1361 631 1362 587 1362 589 1362 631 1363 589 1363 591 1363 591 1364 593 1364 631 1364 631 1365 593 1365 595 1365 631 1366 595 1366 597 1366 631 1367 597 1367 652 1367 652 1368 597 1368 599 1368 652 1369 599 1369 601 1369 601 1370 603 1370 652 1370 652 1371 603 1371 605 1371 652 1372 605 1372 672 1372 672 1373 605 1373 670 1373 670 1374 605 1374 668 1374 668 1375 605 1375 607 1375 668 1376 607 1376 666 1376 666 1377 607 1377 664 1377 664 1378 607 1378 662 1378 662 1379 607 1379 660 1379 660 1380 607 1380 658 1380 658 1381 607 1381 609 1381 683 1382 684 1382 396 1382 396 1383 684 1383 398 1383 684 1384 685 1384 398 1384 398 1385 685 1385 686 1385 685 1386 687 1386 686 1386 686 1387 687 1387 395 1387 687 1388 683 1388 395 1388 395 1389 683 1389 396 1389 673 1390 679 1390 675 1390 675 1391 679 1391 677 1391 680 1392 688 1392 678 1392 678 1393 688 1393 676 1393 688 1394 673 1394 676 1394 512 1395 689 1395 511 1395 511 1396 689 1396 505 1396 689 1397 690 1397 505 1397 505 1398 690 1398 503 1398 690 1399 517 1399 503 1399 691 1400 692 1400 693 1400 693 1401 692 1401 694 1401 693 1402 694 1402 695 1402 695 1403 694 1403 696 1403 695 1404 696 1404 697 1404 697 1405 696 1405 698 1405 697 1406 698 1406 699 1406 699 1407 698 1407 700 1407 699 1408 700 1408 701 1408 701 1409 700 1409 702 1409 701 1410 702 1410 703 1410 703 1411 702 1411 704 1411 703 1412 704 1412 705 1412 705 1413 704 1413 706 1413 705 1414 706 1414 707 1414 707 1415 706 1415 708 1415 707 1416 708 1416 709 1416 709 1417 708 1417 710 1417 709 1418 710 1418 711 1418 711 1419 710 1419 712 1419 711 1420 712 1420 713 1420 713 1421 712 1421 714 1421 713 1422 714 1422 715 1422 715 1423 714 1423 716 1423 715 1424 716 1424 717 1424 717 1425 716 1425 718 1425 717 1426 718 1426 719 1426 719 1427 718 1427 720 1427 719 1428 720 1428 721 1428 721 1429 720 1429 722 1429 721 1430 722 1430 691 1430 691 1431 722 1431 692 1431 723 1432 724 1432 725 1432 725 1433 724 1433 726 1433 725 1434 726 1434 727 1434 727 1435 726 1435 728 1435 727 1436 728 1436 729 1436 729 1437 728 1437 730 1437 729 1438 730 1438 731 1438 731 1439 730 1439 732 1439 731 1440 732 1440 733 1440 733 1441 732 1441 734 1441 733 1442 734 1442 735 1442 735 1443 734 1443 736 1443 735 1444 736 1444 737 1444 737 1445 736 1445 738 1445 737 1446 738 1446 739 1446 739 1447 738 1447 740 1447 739 1448 740 1448 741 1448 741 1449 740 1449 742 1449 741 1450 742 1450 743 1450 743 1451 742 1451 744 1451 743 1452 744 1452 745 1452 745 1453 744 1453 746 1453 745 1422 746 1422 747 1422 747 1454 746 1454 748 1454 747 1455 748 1455 749 1455 749 1456 748 1456 750 1456 749 1457 750 1457 751 1457 751 1458 750 1458 752 1458 751 1459 752 1459 753 1459 753 1460 752 1460 754 1460 753 1461 754 1461 723 1461 723 1462 754 1462 724 1462 755 1463 756 1463 757 1463 757 1464 756 1464 758 1464 759 1465 760 1465 761 1465 761 1466 760 1466 762 1466 761 1467 762 1467 763 1467 763 1468 762 1468 764 1468 763 1469 764 1469 765 1469 765 1470 764 1470 766 1470 765 1471 766 1471 767 1471 767 1472 766 1472 768 1472 767 1473 768 1473 769 1473 769 1474 768 1474 770 1474 769 1475 770 1475 771 1475 771 1476 770 1476 772 1476 771 1477 772 1477 757 1477 757 1478 772 1478 755 1478 773 1479 760 1479 774 1479 774 1480 760 1480 759 1480 775 1481 776 1481 777 1481 777 1482 776 1482 778 1482 777 1483 778 1483 779 1483 779 1484 778 1484 780 1484 779 1485 780 1485 781 1485 781 1486 780 1486 782 1486 781 1487 782 1487 783 1487 783 1488 782 1488 784 1488 783 1489 784 1489 785 1489 785 1490 784 1490 786 1490 785 1491 786 1491 787 1491 787 1492 786 1492 788 1492 787 1493 788 1493 774 1493 774 1494 788 1494 773 1494 789 1495 776 1495 790 1495 790 1496 776 1496 775 1496 756 1497 789 1497 758 1497 758 1498 789 1498 790 1498 398 1499 775 1499 396 1499 396 1500 775 1500 785 1500 396 1501 785 1501 787 1501 686 1502 717 1502 398 1502 398 1503 717 1503 719 1503 398 1504 719 1504 721 1504 395 1505 757 1505 686 1505 686 1506 757 1506 758 1506 686 1507 758 1507 678 1507 678 1508 758 1508 677 1508 677 1509 758 1509 790 1509 677 1510 790 1510 675 1510 675 1511 790 1511 676 1511 676 1512 790 1512 775 1512 676 1513 775 1513 398 1513 396 1514 733 1514 395 1514 395 1515 733 1515 735 1515 395 1516 735 1516 737 1516 676 1517 518 1517 678 1517 678 1518 518 1518 511 1518 678 1519 511 1519 703 1519 703 1520 511 1520 701 1520 701 1521 511 1521 505 1521 701 1522 505 1522 699 1522 699 1523 505 1523 697 1523 697 1524 505 1524 695 1524 695 1525 505 1525 693 1525 693 1526 505 1526 503 1526 693 1527 503 1527 398 1527 398 1528 503 1528 676 1528 503 1529 518 1529 676 1529 703 1530 705 1530 678 1530 678 1531 705 1531 707 1531 678 1532 707 1532 686 1532 686 1533 707 1533 709 1533 686 1534 709 1534 711 1534 711 1535 713 1535 686 1535 686 1536 713 1536 715 1536 686 1537 715 1537 717 1537 721 1538 691 1538 398 1538 398 1539 691 1539 693 1539 723 1540 725 1540 396 1540 396 1541 725 1541 727 1541 396 1542 727 1542 729 1542 729 1543 731 1543 396 1543 396 1544 731 1544 733 1544 737 1545 739 1545 395 1545 395 1546 739 1546 741 1546 395 1547 741 1547 743 1547 395 1548 743 1548 759 1548 759 1549 743 1549 745 1549 759 1550 745 1550 747 1550 747 1551 749 1551 759 1551 759 1552 749 1552 774 1552 774 1553 749 1553 751 1553 774 1554 751 1554 753 1554 753 1555 723 1555 774 1555 774 1556 723 1556 396 1556 774 1557 396 1557 787 1557 777 1558 779 1558 775 1558 775 1559 779 1559 781 1559 775 1560 781 1560 783 1560 783 1561 785 1561 775 1561 759 1562 761 1562 395 1562 395 1563 761 1563 763 1563 395 1564 763 1564 757 1564 757 1565 763 1565 765 1565 757 1566 765 1566 767 1566 767 1567 769 1567 757 1567 757 1568 769 1568 771 1568 683 1569 776 1569 684 1569 684 1570 776 1570 688 1570 684 1571 688 1571 690 1571 690 1572 688 1572 517 1572 517 1573 688 1573 680 1573 517 1574 680 1574 512 1574 512 1575 680 1575 704 1575 512 1576 704 1576 702 1576 687 1577 734 1577 683 1577 683 1578 734 1578 732 1578 683 1579 732 1579 730 1579 685 1580 755 1580 687 1580 687 1581 755 1581 764 1581 687 1582 764 1582 762 1582 684 1583 718 1583 685 1583 685 1584 718 1584 716 1584 685 1585 716 1585 714 1585 673 1586 789 1586 679 1586 679 1587 789 1587 756 1587 679 1588 756 1588 680 1588 680 1589 756 1589 685 1589 680 1590 685 1590 708 1590 708 1591 685 1591 710 1591 710 1592 685 1592 712 1592 712 1593 685 1593 714 1593 673 1594 688 1594 789 1594 789 1595 688 1595 776 1595 684 1596 690 1596 694 1596 694 1597 690 1597 689 1597 694 1598 689 1598 696 1598 696 1599 689 1599 698 1599 698 1600 689 1600 700 1600 700 1601 689 1601 702 1601 702 1602 689 1602 512 1602 694 1603 692 1603 684 1603 684 1604 692 1604 722 1604 684 1605 722 1605 720 1605 720 1606 718 1606 684 1606 708 1607 706 1607 680 1607 680 1608 706 1608 704 1608 728 1609 726 1609 683 1609 683 1610 726 1610 724 1610 683 1611 724 1611 773 1611 773 1612 724 1612 754 1612 773 1613 754 1613 752 1613 752 1614 750 1614 773 1614 773 1615 750 1615 760 1615 760 1616 750 1616 748 1616 760 1617 748 1617 746 1617 746 1618 744 1618 760 1618 760 1619 744 1619 687 1619 760 1620 687 1620 762 1620 744 1621 742 1621 687 1621 687 1622 742 1622 740 1622 687 1623 740 1623 738 1623 738 1624 736 1624 687 1624 687 1625 736 1625 734 1625 730 1626 728 1626 683 1626 756 1627 755 1627 685 1627 772 1628 770 1628 755 1628 755 1629 770 1629 768 1629 755 1630 768 1630 766 1630 766 1631 764 1631 755 1631 773 1632 788 1632 683 1632 683 1633 788 1633 786 1633 683 1634 786 1634 776 1634 776 1635 786 1635 784 1635 776 1636 784 1636 782 1636 782 1637 780 1637 776 1637 776 1638 780 1638 778 1638 625 1639 623 1639 627 1639 627 1640 623 1640 619 1640 624 1641 626 1641 621 1641 621 1642 626 1642 628 1642 513 1643 506 1643 791 1643 506 1644 504 1644 791 1644 791 1645 504 1645 792 1645 504 1646 515 1646 792 1646 792 1647 515 1647 516 1647 793 1648 794 1648 795 1648 795 1649 794 1649 796 1649 795 1650 796 1650 797 1650 797 1651 796 1651 798 1651 797 1652 798 1652 799 1652 799 1653 798 1653 800 1653 799 1654 800 1654 801 1654 801 1655 800 1655 802 1655 801 1656 802 1656 803 1656 803 1657 802 1657 804 1657 803 1658 804 1658 805 1658 805 1659 804 1659 806 1659 805 1660 806 1660 807 1660 807 1661 806 1661 808 1661 807 1662 808 1662 809 1662 809 1663 808 1663 810 1663 809 1664 810 1664 811 1664 811 1665 810 1665 812 1665 811 1666 812 1666 813 1666 813 1667 812 1667 814 1667 813 1668 814 1668 815 1668 815 1669 814 1669 816 1669 815 1670 816 1670 817 1670 817 1671 816 1671 818 1671 817 1672 818 1672 819 1672 819 1673 818 1673 820 1673 819 1674 820 1674 821 1674 821 1675 820 1675 822 1675 821 1676 822 1676 823 1676 823 1677 822 1677 824 1677 823 1678 824 1678 825 1678 825 1679 824 1679 826 1679 825 1680 826 1680 827 1680 827 1681 826 1681 828 1681 827 1682 828 1682 829 1682 829 1683 828 1683 830 1683 829 1684 830 1684 831 1684 831 1685 830 1685 832 1685 831 1686 832 1686 793 1686 793 1687 832 1687 794 1687 833 1688 834 1688 835 1688 835 1689 834 1689 836 1689 835 1690 836 1690 837 1690 837 1691 838 1691 835 1691 835 1692 838 1692 839 1692 835 1693 839 1693 840 1693 840 1694 841 1694 835 1694 835 1695 841 1695 795 1695 835 1696 795 1696 842 1696 843 1697 844 1697 841 1697 841 1698 844 1698 845 1698 841 1699 845 1699 846 1699 847 1700 848 1700 843 1700 843 1701 848 1701 849 1701 843 1702 849 1702 850 1702 847 1703 851 1703 848 1703 848 1704 851 1704 852 1704 848 1705 852 1705 853 1705 853 1706 854 1706 848 1706 848 1707 854 1707 855 1707 848 1708 855 1708 856 1708 857 1709 621 1709 848 1709 848 1710 621 1710 858 1710 848 1711 858 1711 849 1711 621 1712 857 1712 619 1712 619 1713 857 1713 859 1713 619 1714 859 1714 627 1714 627 1715 859 1715 628 1715 628 1716 859 1716 835 1716 628 1717 835 1717 792 1717 792 1718 835 1718 842 1718 792 1719 842 1719 860 1719 860 1720 861 1720 792 1720 792 1721 861 1721 791 1721 791 1722 861 1722 862 1722 791 1723 862 1723 863 1723 863 1724 864 1724 791 1724 791 1725 864 1725 865 1725 791 1726 865 1726 866 1726 791 1727 866 1727 621 1727 621 1728 866 1728 858 1728 850 1729 867 1729 843 1729 843 1730 867 1730 868 1730 843 1731 868 1731 869 1731 869 1732 870 1732 843 1732 843 1733 870 1733 844 1733 846 1734 871 1734 841 1734 841 1735 871 1735 872 1735 841 1736 872 1736 795 1736 513 1737 621 1737 516 1737 516 1738 621 1738 628 1738 516 1739 628 1739 792 1739 513 1740 791 1740 621 1740 835 1741 859 1741 873 1741 873 1742 859 1742 874 1742 875 1743 876 1743 848 1743 848 1744 876 1744 857 1744 877 1745 878 1745 841 1745 841 1746 878 1746 843 1746 879 1747 877 1747 796 1747 796 1748 877 1748 873 1748 796 1749 873 1749 880 1749 880 1750 873 1750 504 1750 880 1751 504 1751 881 1751 881 1752 504 1752 882 1752 882 1753 504 1753 506 1753 882 1754 506 1754 883 1754 883 1755 506 1755 884 1755 884 1756 506 1756 885 1756 885 1757 506 1757 886 1757 886 1758 506 1758 887 1758 887 1759 506 1759 624 1759 887 1760 624 1760 888 1760 888 1761 624 1761 875 1761 888 1762 875 1762 889 1762 889 1763 875 1763 878 1763 889 1764 878 1764 890 1764 890 1765 878 1765 891 1765 891 1766 878 1766 892 1766 892 1767 878 1767 893 1767 893 1768 878 1768 894 1768 894 1769 878 1769 895 1769 895 1770 878 1770 877 1770 895 1771 877 1771 896 1771 896 1772 877 1772 897 1772 897 1773 877 1773 898 1773 898 1774 877 1774 879 1774 506 1775 514 1775 624 1775 624 1776 514 1776 515 1776 624 1777 515 1777 626 1777 626 1778 515 1778 504 1778 626 1779 504 1779 873 1779 625 1780 874 1780 623 1780 623 1781 874 1781 876 1781 623 1782 876 1782 624 1782 624 1783 876 1783 875 1783 625 1784 626 1784 874 1784 874 1785 626 1785 873 1785 877 1786 899 1786 873 1786 873 1787 899 1787 900 1787 873 1788 900 1788 901 1788 901 1789 902 1789 873 1789 873 1790 902 1790 903 1790 873 1791 903 1791 904 1791 904 1792 905 1792 873 1792 906 1793 907 1793 875 1793 875 1794 907 1794 908 1794 875 1795 908 1795 909 1795 909 1796 910 1796 875 1796 875 1797 910 1797 911 1797 875 1798 911 1798 912 1798 912 1799 878 1799 875 1799 876 1800 874 1800 857 1800 857 1801 874 1801 859 1801 877 1802 841 1802 899 1802 899 1803 841 1803 840 1803 899 1804 840 1804 900 1804 900 1805 840 1805 839 1805 900 1806 839 1806 901 1806 901 1807 839 1807 838 1807 901 1808 838 1808 902 1808 902 1809 838 1809 837 1809 902 1810 837 1810 903 1810 903 1811 837 1811 836 1811 903 1812 836 1812 904 1812 904 1813 836 1813 834 1813 904 1814 834 1814 905 1814 905 1815 834 1815 833 1815 905 1816 833 1816 873 1816 873 1817 833 1817 835 1817 878 1818 912 1818 843 1818 843 1819 912 1819 847 1819 847 1820 912 1820 911 1820 847 1821 911 1821 851 1821 851 1822 911 1822 910 1822 851 1823 910 1823 852 1823 852 1824 910 1824 853 1824 853 1825 910 1825 909 1825 853 1826 909 1826 854 1826 854 1827 909 1827 908 1827 854 1828 908 1828 907 1828 854 1829 907 1829 855 1829 855 1830 907 1830 906 1830 855 1831 906 1831 856 1831 856 1832 906 1832 875 1832 856 1833 875 1833 848 1833 913 1834 914 1834 915 1834 913 1835 915 1835 916 1835 913 1836 916 1836 917 1836 913 1837 917 1837 918 1837 914 1838 913 1838 919 1838 914 1839 919 1839 920 1839 914 1840 920 1840 921 1840 914 1841 921 1841 922 1841 922 1842 923 1842 924 1842 922 1843 924 1843 925 1843 922 1844 925 1844 926 1844 922 1845 926 1845 914 1845 923 1846 922 1846 927 1846 923 1847 927 1847 928 1847 923 1848 928 1848 929 1848 923 1849 929 1849 930 1849 930 1850 931 1850 932 1850 930 1851 932 1851 933 1851 930 1852 933 1852 934 1852 930 1853 934 1853 923 1853 930 1854 935 1854 936 1854 930 1855 936 1855 937 1855 930 1856 937 1856 938 1856 930 1857 938 1857 931 1857 935 1858 930 1858 939 1858 935 1859 939 1859 940 1859 935 1860 940 1860 941 1860 935 1861 941 1861 942 1861 942 1862 943 1862 944 1862 942 1863 944 1863 945 1863 942 1864 945 1864 946 1864 942 1865 946 1865 935 1865 943 1866 942 1866 947 1866 943 1867 947 1867 948 1867 943 1868 948 1868 949 1868 943 1869 949 1869 950 1869 950 1870 951 1870 952 1870 950 1871 952 1871 953 1871 950 1872 953 1872 954 1872 950 1873 954 1873 943 1873 950 1874 955 1874 956 1874 950 1875 956 1875 957 1875 950 1876 957 1876 958 1876 950 1877 958 1877 951 1877 955 1878 950 1878 959 1878 955 1879 959 1879 960 1879 955 1880 960 1880 961 1880 955 1881 961 1881 962 1881 962 1882 963 1882 964 1882 962 1883 964 1883 965 1883 962 1884 965 1884 966 1884 962 1885 966 1885 955 1885 963 1886 962 1886 967 1886 963 1887 967 1887 968 1887 963 1888 968 1888 969 1888 963 1889 969 1889 970 1889 970 1890 971 1890 972 1890 970 1891 972 1891 973 1891 970 1892 973 1892 974 1892 970 1893 974 1893 963 1893 971 1894 970 1894 975 1894 971 1895 975 1895 976 1895 971 1896 976 1896 977 1896 971 1897 977 1897 978 1897 978 1898 979 1898 980 1898 978 1899 980 1899 981 1899 978 1900 981 1900 982 1900 978 1901 982 1901 971 1901 978 1902 983 1902 984 1902 978 1903 984 1903 985 1903 978 1904 985 1904 986 1904 978 1905 986 1905 979 1905 983 1906 978 1906 987 1906 983 1907 987 1907 988 1907 983 1908 988 1908 989 1908 983 1909 989 1909 990 1909 990 1910 991 1910 992 1910 990 1911 992 1911 993 1911 990 1912 993 1912 994 1912 990 1913 994 1913 983 1913 991 1914 990 1914 995 1914 991 1915 995 1915 996 1915 991 1916 996 1916 997 1916 991 1917 997 1917 998 1917 998 1918 999 1918 1000 1918 998 1919 1000 1919 1001 1919 998 1920 1001 1920 1002 1920 998 1921 1002 1921 991 1921 998 1922 1003 1922 1004 1922 998 1923 1004 1923 1005 1923 998 1924 1005 1924 1006 1924 998 1925 1006 1925 999 1925 1003 1926 998 1926 1007 1926 1003 1927 1007 1927 1008 1927 1003 1928 1008 1928 1009 1928 1003 1929 1009 1929 1010 1929 1010 1930 1011 1930 1012 1930 1010 1931 1012 1931 1013 1931 1010 1932 1013 1932 1014 1932 1010 1933 1014 1933 1003 1933 1011 1934 1010 1934 1015 1934 1011 1935 1015 1935 1016 1935 1011 1936 1016 1936 1017 1936 1011 1937 1017 1937 1018 1937 1018 1938 1019 1938 1020 1938 1018 1939 1020 1939 1021 1939 1018 1940 1021 1940 1022 1940 1018 1941 1022 1941 1011 1941 1019 1942 1018 1942 1023 1942 1019 1943 1023 1943 1024 1943 1019 1944 1024 1944 1025 1944 1019 1945 1025 1945 1026 1945 1026 1946 1027 1946 1028 1946 1026 1947 1028 1947 1029 1947 1026 1948 1029 1948 1030 1948 1026 1949 1030 1949 1019 1949 1026 1950 1031 1950 1032 1950 1026 1951 1032 1951 1033 1951 1026 1952 1033 1952 1034 1952 1026 1953 1034 1953 1027 1953 1031 1954 1026 1954 1035 1954 1031 1955 1035 1955 1036 1955 1031 1956 1036 1956 1037 1956 1031 1957 1037 1957 1038 1957 1038 1958 1039 1958 1040 1958 1038 1959 1040 1959 1041 1959 1038 1960 1041 1960 1042 1960 1038 1961 1042 1961 1031 1961 1039 1962 1038 1962 1043 1962 1039 1963 1043 1963 1044 1963 1039 1964 1044 1964 1045 1964 1039 1965 1045 1965 1046 1965 1046 1966 1047 1966 1048 1966 1046 1967 1048 1967 1049 1967 1046 1968 1049 1968 1050 1968 1046 1969 1050 1969 1039 1969 1046 1970 1051 1970 1052 1970 1046 1971 1052 1971 1053 1971 1046 1972 1053 1972 1054 1972 1046 1973 1054 1973 1047 1973 1051 1974 1046 1974 1055 1974 1051 1975 1055 1975 1056 1975 1051 1976 1056 1976 1057 1976 1051 1977 1057 1977 1058 1977 1058 1978 1059 1978 1060 1978 1058 1979 1060 1979 1061 1979 1058 1980 1061 1980 1062 1980 1058 1981 1062 1981 1051 1981 1059 1982 1058 1982 1063 1982 1059 1983 1063 1983 1064 1983 1059 1984 1064 1984 1065 1984 1059 1985 1065 1985 1066 1985 1066 1986 1067 1986 1068 1986 1066 1987 1068 1987 1069 1987 1066 1988 1069 1988 1070 1988 1066 1989 1070 1989 1059 1989 1066 1990 1071 1990 1072 1990 1066 1991 1072 1991 1073 1991 1066 1992 1073 1992 1074 1992 1066 1993 1074 1993 1067 1993 1071 1994 1066 1994 1075 1994 1071 1995 1075 1995 1076 1995 1071 1996 1076 1996 1077 1996 1071 1997 1077 1997 1078 1997 1078 1998 1079 1998 1080 1998 1078 1999 1080 1999 1081 1999 1078 2000 1081 2000 1082 2000 1078 2001 1082 2001 1071 2001 1079 2002 1078 2002 1083 2002 1079 2003 1083 2003 1084 2003 1079 2004 1084 2004 1085 2004 1079 2005 1085 2005 1086 2005 1086 2006 1087 2006 1088 2006 1086 2007 1088 2007 1089 2007 1086 2008 1089 2008 1090 2008 1086 2009 1090 2009 1079 2009 1087 2010 1086 2010 1091 2010 1087 2011 1091 2011 1092 2011 1087 2012 1092 2012 1093 2012 1087 2013 1093 2013 1094 2013 1094 2014 1095 2014 1096 2014 1094 2015 1096 2015 1097 2015 1094 2016 1097 2016 1098 2016 1094 2017 1098 2017 1087 2017 1094 2018 1099 2018 1100 2018 1094 2019 1100 2019 1101 2019 1094 2020 1101 2020 1102 2020 1094 2021 1102 2021 1095 2021 1099 2022 1094 2022 1103 2022 1099 2023 1103 2023 1104 2023 1099 2024 1104 2024 1105 2024 1099 2025 1105 2025 1106 2025 1106 2026 1107 2026 1108 2026 1106 2027 1108 2027 1109 2027 1106 2028 1109 2028 1110 2028 1106 2029 1110 2029 1099 2029 1107 2030 1106 2030 1111 2030 1107 2031 1111 2031 1112 2031 1107 2032 1112 2032 1113 2032 1107 2033 1113 2033 1114 2033 1114 2034 1115 2034 1116 2034 1114 2035 1116 2035 1117 2035 1114 2036 1117 2036 1118 2036 1114 2037 1118 2037 1107 2037 1114 2038 918 2038 1119 2038 1114 2039 1119 2039 1120 2039 1114 2040 1120 2040 1121 2040 1114 2041 1121 2041 1115 2041 918 2042 1114 2042 1122 2042 918 2043 1122 2043 1123 2043 918 2044 1123 2044 1124 2044 918 2045 1124 2045 913 2045 1125 2046 1126 2046 1127 2046 1126 2047 1128 2047 1127 2047 1127 2048 1128 2048 1129 2048 1128 2049 1130 2049 1129 2049 1129 2050 1130 2050 1131 2050 1130 2051 1132 2051 1131 2051 1131 2052 1132 2052 1133 2052 1133 2053 1134 2053 1131 2053 1134 2054 1135 2054 1131 2054 1131 2055 1135 2055 1129 2055 1135 2056 1136 2056 1129 2056 1129 2057 1136 2057 1127 2057 1136 2058 1137 2058 1127 2058 1127 2059 1137 2059 1125 2059 1138 2060 1139 2060 1140 2060 1139 2061 1141 2061 1140 2061 1140 2062 1141 2062 1142 2062 1141 2063 1143 2063 1142 2063 1142 2064 1143 2064 1144 2064 1143 2065 1125 2065 1144 2065 1144 2066 1125 2066 1137 2066 1137 2067 1145 2067 1144 2067 1145 2068 1146 2068 1144 2068 1144 2069 1146 2069 1142 2069 1146 2070 1147 2070 1142 2070 1142 2071 1147 2071 1140 2071 1147 2072 1148 2072 1140 2072 1140 2073 1148 2073 1138 2073 1149 2074 1150 2074 1151 2074 1150 2075 1152 2075 1151 2075 1151 2076 1152 2076 1153 2076 1152 2077 1154 2077 1153 2077 1153 2078 1154 2078 1155 2078 1154 2079 1138 2079 1155 2079 1155 2080 1138 2080 1148 2080 1148 2081 1156 2081 1155 2081 1156 2082 1157 2082 1155 2082 1155 2083 1157 2083 1153 2083 1157 2084 1158 2084 1153 2084 1153 2085 1158 2085 1151 2085 1158 2086 1159 2086 1151 2086 1151 2087 1159 2087 1149 2087 1160 2088 1161 2088 1162 2088 1161 2089 1163 2089 1162 2089 1162 2090 1163 2090 1164 2090 1163 2091 1165 2091 1164 2091 1164 2092 1165 2092 1166 2092 1165 2093 1149 2093 1166 2093 1166 2094 1149 2094 1159 2094 1159 2095 1167 2095 1166 2095 1167 2096 1168 2096 1166 2096 1166 2097 1168 2097 1164 2097 1168 2098 1169 2098 1164 2098 1164 2099 1169 2099 1162 2099 1169 2100 1170 2100 1162 2100 1162 2101 1170 2101 1160 2101 1171 2102 1172 2102 1173 2102 1172 2103 1174 2103 1173 2103 1173 2104 1174 2104 1175 2104 1174 2105 1176 2105 1175 2105 1175 2106 1176 2106 1177 2106 1176 2107 1160 2107 1177 2107 1177 2108 1160 2108 1170 2108 1170 2109 1178 2109 1177 2109 1178 2110 1179 2110 1177 2110 1177 2111 1179 2111 1175 2111 1179 2112 1180 2112 1175 2112 1175 2113 1180 2113 1173 2113 1180 2114 1181 2114 1173 2114 1173 2115 1181 2115 1171 2115 1182 2116 1183 2116 1184 2116 1183 2117 1185 2117 1184 2117 1184 2118 1185 2118 1186 2118 1185 2119 1187 2119 1186 2119 1186 2120 1187 2120 1188 2120 1187 2121 1171 2121 1188 2121 1188 2122 1171 2122 1181 2122 1181 2123 1189 2123 1188 2123 1189 2124 1190 2124 1188 2124 1188 2125 1190 2125 1186 2125 1190 2126 1191 2126 1186 2126 1186 2127 1191 2127 1184 2127 1191 2128 1192 2128 1184 2128 1184 2129 1192 2129 1182 2129 1193 2130 1194 2130 1195 2130 1194 2131 1196 2131 1195 2131 1195 2132 1196 2132 1197 2132 1196 2133 1198 2133 1197 2133 1197 2134 1198 2134 1199 2134 1198 2135 1182 2135 1199 2135 1199 2136 1182 2136 1192 2136 1192 2137 1200 2137 1199 2137 1200 2138 1201 2138 1199 2138 1199 2139 1201 2139 1197 2139 1201 2140 1202 2140 1197 2140 1197 2141 1202 2141 1195 2141 1202 2142 1203 2142 1195 2142 1195 2143 1203 2143 1193 2143 1204 2144 1205 2144 1206 2144 1205 2145 1207 2145 1206 2145 1206 2146 1207 2146 1208 2146 1207 2147 1209 2147 1208 2147 1208 2148 1209 2148 1210 2148 1209 2149 1193 2149 1210 2149 1210 2150 1193 2150 1203 2150 1203 2151 1211 2151 1210 2151 1211 2152 1212 2152 1210 2152 1210 2153 1212 2153 1208 2153 1212 2154 1213 2154 1208 2154 1208 2155 1213 2155 1206 2155 1213 2156 1214 2156 1206 2156 1206 2157 1214 2157 1204 2157 1215 2158 1216 2158 1217 2158 1216 2159 1218 2159 1217 2159 1217 2160 1218 2160 1219 2160 1218 2161 1220 2161 1219 2161 1219 2162 1220 2162 1221 2162 1220 2163 1204 2163 1221 2163 1221 2164 1204 2164 1214 2164 1214 2165 1222 2165 1221 2165 1222 2166 1223 2166 1221 2166 1221 2167 1223 2167 1219 2167 1223 2168 1224 2168 1219 2168 1219 2169 1224 2169 1217 2169 1224 2170 1225 2170 1217 2170 1217 2171 1225 2171 1215 2171 1226 2172 1227 2172 1228 2172 1227 2173 1229 2173 1228 2173 1228 2174 1229 2174 1230 2174 1229 2175 1231 2175 1230 2175 1230 2176 1231 2176 1232 2176 1231 2177 1215 2177 1232 2177 1232 2178 1215 2178 1225 2178 1225 2179 1233 2179 1232 2179 1233 2180 1234 2180 1232 2180 1232 2181 1234 2181 1230 2181 1234 2182 1235 2182 1230 2182 1230 2183 1235 2183 1228 2183 1235 2184 1236 2184 1228 2184 1228 2185 1236 2185 1226 2185 1237 2186 1238 2186 1239 2186 1238 2187 1240 2187 1239 2187 1239 2188 1240 2188 1241 2188 1240 2189 1242 2189 1241 2189 1241 2190 1242 2190 1243 2190 1242 2191 1226 2191 1243 2191 1243 2192 1226 2192 1236 2192 1236 2193 1244 2193 1243 2193 1244 2194 1245 2194 1243 2194 1243 2195 1245 2195 1241 2195 1245 2196 1246 2196 1241 2196 1241 2197 1246 2197 1239 2197 1246 2198 1247 2198 1239 2198 1239 2199 1247 2199 1237 2199 1248 2200 1249 2200 1250 2200 1249 2201 1251 2201 1250 2201 1250 2202 1251 2202 1252 2202 1251 2203 1253 2203 1252 2203 1252 2204 1253 2204 1254 2204 1253 2205 1237 2205 1254 2205 1254 2206 1237 2206 1247 2206 1247 2207 1255 2207 1254 2207 1255 2208 1256 2208 1254 2208 1254 2209 1256 2209 1252 2209 1256 2210 1257 2210 1252 2210 1252 2211 1257 2211 1250 2211 1257 2212 1258 2212 1250 2212 1250 2213 1258 2213 1248 2213 1259 2214 1260 2214 1261 2214 1260 2215 1262 2215 1261 2215 1261 2216 1262 2216 1263 2216 1262 2217 1264 2217 1263 2217 1263 2218 1264 2218 1265 2218 1264 2219 1248 2219 1265 2219 1265 2220 1248 2220 1258 2220 1258 2221 1266 2221 1265 2221 1266 2222 1267 2222 1265 2222 1265 2223 1267 2223 1263 2223 1267 2224 1268 2224 1263 2224 1263 2225 1268 2225 1261 2225 1268 2226 1269 2226 1261 2226 1261 2227 1269 2227 1259 2227 1270 2228 1271 2228 1272 2228 1271 2229 1273 2229 1272 2229 1272 2230 1273 2230 1274 2230 1273 2231 1275 2231 1274 2231 1274 2232 1275 2232 1276 2232 1275 2233 1259 2233 1276 2233 1276 2234 1259 2234 1269 2234 1269 2235 1277 2235 1276 2235 1277 2236 1278 2236 1276 2236 1276 2237 1278 2237 1274 2237 1278 2238 1279 2238 1274 2238 1274 2239 1279 2239 1272 2239 1279 2240 1280 2240 1272 2240 1272 2241 1280 2241 1270 2241 1281 2242 1282 2242 1283 2242 1282 2243 1284 2243 1283 2243 1283 2244 1284 2244 1285 2244 1284 2245 1286 2245 1285 2245 1285 2246 1286 2246 1287 2246 1286 2247 1270 2247 1287 2247 1287 2248 1270 2248 1280 2248 1280 2249 1288 2249 1287 2249 1288 2250 1289 2250 1287 2250 1287 2251 1289 2251 1285 2251 1289 2252 1290 2252 1285 2252 1285 2253 1290 2253 1283 2253 1290 2254 1291 2254 1283 2254 1283 2255 1291 2255 1281 2255 1292 2256 1293 2256 1294 2256 1293 2257 1295 2257 1294 2257 1294 2258 1295 2258 1296 2258 1295 2259 1297 2259 1296 2259 1296 2260 1297 2260 1298 2260 1297 2261 1281 2261 1298 2261 1298 2262 1281 2262 1291 2262 1291 2263 1299 2263 1298 2263 1299 2264 1300 2264 1298 2264 1298 2265 1300 2265 1296 2265 1300 2266 1301 2266 1296 2266 1296 2267 1301 2267 1294 2267 1301 2268 1302 2268 1294 2268 1294 2269 1302 2269 1292 2269 1303 2270 1304 2270 1305 2270 1304 2271 1306 2271 1305 2271 1305 2272 1306 2272 1307 2272 1306 2273 1308 2273 1307 2273 1307 2274 1308 2274 1309 2274 1308 2275 1292 2275 1309 2275 1309 2276 1292 2276 1302 2276 1302 2277 1310 2277 1309 2277 1310 2278 1311 2278 1309 2278 1309 2279 1311 2279 1307 2279 1311 2280 1312 2280 1307 2280 1307 2281 1312 2281 1305 2281 1312 2282 1313 2282 1305 2282 1305 2283 1313 2283 1303 2283 1314 2284 1315 2284 1316 2284 1315 2285 1317 2285 1316 2285 1316 2286 1317 2286 1318 2286 1317 2287 1319 2287 1318 2287 1318 2288 1319 2288 1320 2288 1319 2289 1303 2289 1320 2289 1320 2290 1303 2290 1313 2290 1313 2291 1321 2291 1320 2291 1321 2292 1322 2292 1320 2292 1320 2293 1322 2293 1318 2293 1322 2294 1323 2294 1318 2294 1318 2295 1323 2295 1316 2295 1323 2296 1324 2296 1316 2296 1316 2297 1324 2297 1314 2297 1325 2298 1326 2298 1327 2298 1326 2299 1328 2299 1327 2299 1327 2300 1328 2300 1329 2300 1328 2301 1330 2301 1329 2301 1329 2302 1330 2302 1331 2302 1330 2303 1314 2303 1331 2303 1331 2304 1314 2304 1324 2304 1324 2305 1332 2305 1331 2305 1332 2306 1333 2306 1331 2306 1331 2307 1333 2307 1329 2307 1333 2308 1334 2308 1329 2308 1329 2309 1334 2309 1327 2309 1334 2310 1335 2310 1327 2310 1327 2311 1335 2311 1325 2311 1336 2312 1337 2312 1338 2312 1337 2313 1339 2313 1338 2313 1338 2314 1339 2314 1340 2314 1339 2315 1341 2315 1340 2315 1340 2316 1341 2316 1342 2316 1341 2317 1325 2317 1342 2317 1342 2318 1325 2318 1335 2318 1335 2319 1343 2319 1342 2319 1343 2320 1344 2320 1342 2320 1342 2321 1344 2321 1340 2321 1344 2322 1345 2322 1340 2322 1340 2323 1345 2323 1338 2323 1345 2324 1346 2324 1338 2324 1338 2325 1346 2325 1336 2325 1347 2326 1348 2326 1349 2326 1348 2327 1350 2327 1349 2327 1349 2328 1350 2328 1351 2328 1350 2329 1352 2329 1351 2329 1351 2330 1352 2330 1353 2330 1352 2331 1336 2331 1353 2331 1353 2332 1336 2332 1346 2332 1346 2333 1354 2333 1353 2333 1354 2334 1355 2334 1353 2334 1353 2335 1355 2335 1351 2335 1355 2336 1356 2336 1351 2336 1351 2337 1356 2337 1349 2337 1356 2338 1357 2338 1349 2338 1349 2339 1357 2339 1347 2339 1132 2340 1358 2340 1359 2340 1358 2341 1360 2341 1359 2341 1359 2342 1360 2342 1361 2342 1360 2343 1362 2343 1361 2343 1361 2344 1362 2344 1363 2344 1362 2345 1347 2345 1363 2345 1363 2346 1347 2346 1357 2346 1357 2347 1364 2347 1363 2347 1364 2348 1365 2348 1363 2348 1363 2349 1365 2349 1361 2349 1365 2350 1366 2350 1361 2350 1361 2351 1366 2351 1359 2351 1366 2352 1133 2352 1359 2352 1359 2353 1133 2353 1132 2353 1367 2354 1368 2354 1369 2354 1368 2355 1370 2355 1369 2355 1369 2356 1370 2356 1371 2356 1370 2357 1372 2357 1371 2357 1371 2358 1372 2358 1373 2358 1372 2359 1374 2359 1373 2359 1373 2360 1374 2360 1375 2360 1375 2361 1376 2361 1373 2361 1376 2362 1377 2362 1373 2362 1373 2363 1377 2363 1371 2363 1377 2364 1378 2364 1371 2364 1371 2365 1378 2365 1369 2365 1378 2366 1379 2366 1369 2366 1369 2367 1379 2367 1367 2367 1380 2368 1381 2368 1382 2368 1381 2369 1383 2369 1382 2369 1382 2370 1383 2370 1384 2370 1383 2371 1385 2371 1384 2371 1384 2372 1385 2372 1386 2372 1385 2373 1367 2373 1386 2373 1386 2374 1367 2374 1379 2374 1379 2375 1387 2375 1386 2375 1387 2376 1388 2376 1386 2376 1386 2377 1388 2377 1384 2377 1388 2378 1389 2378 1384 2378 1384 2379 1389 2379 1382 2379 1389 2380 1390 2380 1382 2380 1382 2381 1390 2381 1380 2381 1391 2382 1392 2382 1393 2382 1392 2383 1394 2383 1393 2383 1393 2384 1394 2384 1395 2384 1394 2385 1396 2385 1395 2385 1395 2386 1396 2386 1397 2386 1396 2387 1380 2387 1397 2387 1397 2388 1380 2388 1390 2388 1390 2389 1398 2389 1397 2389 1398 2390 1399 2390 1397 2390 1397 2391 1399 2391 1395 2391 1399 2392 1400 2392 1395 2392 1395 2393 1400 2393 1393 2393 1400 2394 1401 2394 1393 2394 1393 2395 1401 2395 1391 2395 1402 2396 1403 2396 1404 2396 1403 2397 1405 2397 1404 2397 1404 2398 1405 2398 1406 2398 1405 2399 1407 2399 1406 2399 1406 2400 1407 2400 1408 2400 1407 2401 1391 2401 1408 2401 1408 2402 1391 2402 1401 2402 1401 2403 1409 2403 1408 2403 1409 2404 1410 2404 1408 2404 1408 2405 1410 2405 1406 2405 1410 2406 1411 2406 1406 2406 1406 2407 1411 2407 1404 2407 1411 2408 1412 2408 1404 2408 1404 2409 1412 2409 1402 2409 1413 2410 1414 2410 1415 2410 1414 2411 1416 2411 1415 2411 1415 2412 1416 2412 1417 2412 1416 2413 1418 2413 1417 2413 1417 2414 1418 2414 1419 2414 1418 2415 1402 2415 1419 2415 1419 2416 1402 2416 1412 2416 1412 2417 1420 2417 1419 2417 1420 2418 1421 2418 1419 2418 1419 2419 1421 2419 1417 2419 1421 2420 1422 2420 1417 2420 1417 2421 1422 2421 1415 2421 1422 2422 1423 2422 1415 2422 1415 2423 1423 2423 1413 2423 1424 2424 1425 2424 1426 2424 1425 2425 1427 2425 1426 2425 1426 2426 1427 2426 1428 2426 1427 2427 1429 2427 1428 2427 1428 2428 1429 2428 1430 2428 1429 2429 1413 2429 1430 2429 1430 2430 1413 2430 1423 2430 1423 2431 1431 2431 1430 2431 1431 2432 1432 2432 1430 2432 1430 2433 1432 2433 1428 2433 1432 2434 1433 2434 1428 2434 1428 2435 1433 2435 1426 2435 1433 2436 1434 2436 1426 2436 1426 2437 1434 2437 1424 2437 1435 2438 1436 2438 1437 2438 1436 2439 1438 2439 1437 2439 1437 2440 1438 2440 1439 2440 1438 2441 1440 2441 1439 2441 1439 2442 1440 2442 1441 2442 1440 2443 1424 2443 1441 2443 1441 2444 1424 2444 1434 2444 1434 2445 1442 2445 1441 2445 1442 2446 1443 2446 1441 2446 1441 2447 1443 2447 1439 2447 1443 2448 1444 2448 1439 2448 1439 2449 1444 2449 1437 2449 1444 2450 1445 2450 1437 2450 1437 2451 1445 2451 1435 2451 1446 2452 1447 2452 1448 2452 1447 2453 1449 2453 1448 2453 1448 2454 1449 2454 1450 2454 1449 2455 1451 2455 1450 2455 1450 2456 1451 2456 1452 2456 1451 2457 1435 2457 1452 2457 1452 2458 1435 2458 1445 2458 1445 2459 1453 2459 1452 2459 1453 2460 1454 2460 1452 2460 1452 2461 1454 2461 1450 2461 1454 2462 1455 2462 1450 2462 1450 2463 1455 2463 1448 2463 1455 2464 1456 2464 1448 2464 1448 2465 1456 2465 1446 2465 1457 2466 1458 2466 1459 2466 1458 2467 1460 2467 1459 2467 1459 2468 1460 2468 1461 2468 1460 2469 1462 2469 1461 2469 1461 2470 1462 2470 1463 2470 1462 2471 1446 2471 1463 2471 1463 2472 1446 2472 1456 2472 1456 2473 1464 2473 1463 2473 1464 2474 1465 2474 1463 2474 1463 2475 1465 2475 1461 2475 1465 2476 1466 2476 1461 2476 1461 2477 1466 2477 1459 2477 1466 2478 1467 2478 1459 2478 1459 2479 1467 2479 1457 2479 1468 2480 1469 2480 1470 2480 1469 2481 1471 2481 1470 2481 1470 2482 1471 2482 1472 2482 1471 2483 1473 2483 1472 2483 1472 2484 1473 2484 1474 2484 1473 2485 1457 2485 1474 2485 1474 2486 1457 2486 1467 2486 1467 2487 1475 2487 1474 2487 1475 2488 1476 2488 1474 2488 1474 2489 1476 2489 1472 2489 1476 2490 1477 2490 1472 2490 1472 2491 1477 2491 1470 2491 1477 2492 1478 2492 1470 2492 1470 2493 1478 2493 1468 2493 1479 2494 1480 2494 1481 2494 1480 2495 1482 2495 1481 2495 1481 2496 1482 2496 1483 2496 1482 2497 1484 2497 1483 2497 1483 2498 1484 2498 1485 2498 1484 2499 1468 2499 1485 2499 1485 2500 1468 2500 1478 2500 1478 2501 1486 2501 1485 2501 1486 2502 1487 2502 1485 2502 1485 2503 1487 2503 1483 2503 1487 2504 1488 2504 1483 2504 1483 2505 1488 2505 1481 2505 1488 2506 1489 2506 1481 2506 1481 2507 1489 2507 1479 2507 1490 2508 1491 2508 1492 2508 1491 2509 1493 2509 1492 2509 1492 2510 1493 2510 1494 2510 1493 2511 1495 2511 1494 2511 1494 2512 1495 2512 1496 2512 1495 2513 1479 2513 1496 2513 1496 2514 1479 2514 1489 2514 1489 2515 1497 2515 1496 2515 1497 2516 1498 2516 1496 2516 1496 2517 1498 2517 1494 2517 1498 2518 1499 2518 1494 2518 1494 2519 1499 2519 1492 2519 1499 2520 1500 2520 1492 2520 1492 2521 1500 2521 1490 2521 1501 2522 1502 2522 1503 2522 1502 2523 1504 2523 1503 2523 1503 2524 1504 2524 1505 2524 1504 2525 1506 2525 1505 2525 1505 2526 1506 2526 1507 2526 1506 2527 1490 2527 1507 2527 1507 2528 1490 2528 1500 2528 1500 2529 1508 2529 1507 2529 1508 2530 1509 2530 1507 2530 1507 2531 1509 2531 1505 2531 1509 2532 1510 2532 1505 2532 1505 2533 1510 2533 1503 2533 1510 2534 1511 2534 1503 2534 1503 2535 1511 2535 1501 2535 1512 2536 1513 2536 1514 2536 1513 2537 1515 2537 1514 2537 1514 2538 1515 2538 1516 2538 1515 2539 1517 2539 1516 2539 1516 2540 1517 2540 1518 2540 1517 2541 1501 2541 1518 2541 1518 2542 1501 2542 1511 2542 1511 2543 1519 2543 1518 2543 1519 2544 1520 2544 1518 2544 1518 2545 1520 2545 1516 2545 1520 2546 1521 2546 1516 2546 1516 2547 1521 2547 1514 2547 1521 2548 1522 2548 1514 2548 1514 2549 1522 2549 1512 2549 1523 2550 1524 2550 1525 2550 1524 2551 1526 2551 1525 2551 1525 2552 1526 2552 1527 2552 1526 2553 1528 2553 1527 2553 1527 2554 1528 2554 1529 2554 1528 2555 1512 2555 1529 2555 1529 2556 1512 2556 1522 2556 1522 2557 1530 2557 1529 2557 1530 2558 1531 2558 1529 2558 1529 2559 1531 2559 1527 2559 1531 2560 1532 2560 1527 2560 1527 2561 1532 2561 1525 2561 1532 2562 1533 2562 1525 2562 1525 2563 1533 2563 1523 2563 1534 2564 1535 2564 1536 2564 1535 2565 1537 2565 1536 2565 1536 2566 1537 2566 1538 2566 1537 2567 1539 2567 1538 2567 1538 2568 1539 2568 1540 2568 1539 2569 1523 2569 1540 2569 1540 2570 1523 2570 1533 2570 1533 2571 1541 2571 1540 2571 1541 2572 1542 2572 1540 2572 1540 2573 1542 2573 1538 2573 1542 2574 1543 2574 1538 2574 1538 2575 1543 2575 1536 2575 1543 2576 1544 2576 1536 2576 1536 2577 1544 2577 1534 2577 1545 2578 1546 2578 1547 2578 1546 2579 1548 2579 1547 2579 1547 2580 1548 2580 1549 2580 1548 2581 1550 2581 1549 2581 1549 2582 1550 2582 1551 2582 1550 2583 1534 2583 1551 2583 1551 2584 1534 2584 1544 2584 1544 2585 1552 2585 1551 2585 1552 2586 1553 2586 1551 2586 1551 2587 1553 2587 1549 2587 1553 2588 1554 2588 1549 2588 1549 2589 1554 2589 1547 2589 1554 2590 1555 2590 1547 2590 1547 2591 1555 2591 1545 2591 1556 2592 1557 2592 1558 2592 1557 2593 1559 2593 1558 2593 1558 2594 1559 2594 1560 2594 1559 2595 1561 2595 1560 2595 1560 2596 1561 2596 1562 2596 1561 2597 1545 2597 1562 2597 1562 2598 1545 2598 1555 2598 1555 2599 1563 2599 1562 2599 1563 2600 1564 2600 1562 2600 1562 2601 1564 2601 1560 2601 1564 2602 1565 2602 1560 2602 1560 2603 1565 2603 1558 2603 1565 2604 1566 2604 1558 2604 1558 2605 1566 2605 1556 2605 1567 2606 1568 2606 1569 2606 1568 2607 1570 2607 1569 2607 1569 2608 1570 2608 1571 2608 1570 2609 1572 2609 1571 2609 1571 2610 1572 2610 1573 2610 1572 2611 1556 2611 1573 2611 1573 2612 1556 2612 1566 2612 1566 2613 1574 2613 1573 2613 1574 2614 1575 2614 1573 2614 1573 2615 1575 2615 1571 2615 1575 2616 1576 2616 1571 2616 1571 2617 1576 2617 1569 2617 1576 2618 1577 2618 1569 2618 1569 2619 1577 2619 1567 2619 1578 2620 1579 2620 1580 2620 1579 2621 1581 2621 1580 2621 1580 2622 1581 2622 1582 2622 1581 2623 1583 2623 1582 2623 1582 2624 1583 2624 1584 2624 1583 2625 1567 2625 1584 2625 1584 2626 1567 2626 1577 2626 1577 2627 1585 2627 1584 2627 1585 2628 1586 2628 1584 2628 1584 2629 1586 2629 1582 2629 1586 2630 1587 2630 1582 2630 1582 2631 1587 2631 1580 2631 1587 2632 1588 2632 1580 2632 1580 2633 1588 2633 1578 2633 1589 2634 1590 2634 1591 2634 1590 2635 1592 2635 1591 2635 1591 2636 1592 2636 1593 2636 1592 2637 1594 2637 1593 2637 1593 2638 1594 2638 1595 2638 1594 2639 1578 2639 1595 2639 1595 2640 1578 2640 1588 2640 1588 2641 1596 2641 1595 2641 1596 2642 1597 2642 1595 2642 1595 2643 1597 2643 1593 2643 1597 2644 1598 2644 1593 2644 1593 2645 1598 2645 1591 2645 1598 2646 1599 2646 1591 2646 1591 2647 1599 2647 1589 2647 1374 2648 1600 2648 1601 2648 1600 2649 1602 2649 1601 2649 1601 2650 1602 2650 1603 2650 1602 2651 1604 2651 1603 2651 1603 2652 1604 2652 1605 2652 1604 2653 1589 2653 1605 2653 1605 2654 1589 2654 1599 2654 1599 2655 1606 2655 1605 2655 1606 2656 1607 2656 1605 2656 1605 2657 1607 2657 1603 2657 1607 2658 1608 2658 1603 2658 1603 2659 1608 2659 1601 2659 1608 2660 1375 2660 1601 2660 1601 2661 1375 2661 1374 2661 1374 2662 1609 2662 1610 2662 1374 2663 1610 2663 1611 2663 1374 2664 1611 2664 1612 2664 1374 2665 1612 2665 1613 2665 1609 2666 1374 2666 1372 2666 1609 2667 1372 2667 1370 2667 1609 2668 1370 2668 1368 2668 1609 2669 1368 2669 1367 2669 1609 2670 1367 2670 1385 2670 1609 2671 1385 2671 1383 2671 1609 2672 1383 2672 1381 2672 1609 2673 1381 2673 1380 2673 1613 2674 1589 2674 1604 2674 1613 2675 1604 2675 1602 2675 1613 2676 1602 2676 1600 2676 1613 2677 1600 2677 1374 2677 1589 2678 1613 2678 1614 2678 1589 2679 1614 2679 1615 2679 1589 2680 1615 2680 1616 2680 1589 2681 1616 2681 1617 2681 1617 2682 1578 2682 1594 2682 1617 2683 1594 2683 1592 2683 1617 2684 1592 2684 1590 2684 1617 2685 1590 2685 1589 2685 1617 2686 1567 2686 1583 2686 1617 2687 1583 2687 1581 2687 1617 2688 1581 2688 1579 2688 1617 2689 1579 2689 1578 2689 1567 2690 1617 2690 1618 2690 1567 2691 1618 2691 1619 2691 1567 2692 1619 2692 1620 2692 1567 2693 1620 2693 1621 2693 1621 2694 1556 2694 1572 2694 1621 2695 1572 2695 1570 2695 1621 2696 1570 2696 1568 2696 1621 2697 1568 2697 1567 2697 1556 2698 1621 2698 1622 2698 1556 2699 1622 2699 1623 2699 1556 2700 1623 2700 1624 2700 1556 2701 1624 2701 1625 2701 1625 2702 1545 2702 1561 2702 1625 2703 1561 2703 1559 2703 1625 2704 1559 2704 1557 2704 1625 2705 1557 2705 1556 2705 1545 2706 1625 2706 1626 2706 1545 2707 1626 2707 1627 2707 1545 2708 1627 2708 1628 2708 1545 2709 1628 2709 1629 2709 1629 2710 1534 2710 1550 2710 1629 2711 1550 2711 1548 2711 1629 2712 1548 2712 1546 2712 1629 2713 1546 2713 1545 2713 1534 2714 1629 2714 1630 2714 1534 2715 1630 2715 1631 2715 1534 2716 1631 2716 1632 2716 1534 2717 1632 2717 1633 2717 1534 2718 1633 2718 1634 2718 1634 2719 1633 2719 1635 2719 1634 2720 1635 2720 1636 2720 1634 2721 1636 2721 1637 2721 1634 2722 1637 2722 1638 2722 1638 2723 1639 2723 1640 2723 1638 2724 1640 2724 1641 2724 1638 2725 1641 2725 1642 2725 1638 2726 1642 2726 1634 2726 1639 2727 1638 2727 1643 2727 1639 2728 1643 2728 1644 2728 1639 2729 1644 2729 1645 2729 1639 2730 1645 2730 1646 2730 1639 2731 1646 2731 1647 2731 1639 2732 1647 2732 1648 2732 1639 2733 1648 2733 1649 2733 1639 2734 1649 2734 1650 2734 1650 2735 1651 2735 1652 2735 1650 2736 1652 2736 1653 2736 1650 2737 1653 2737 1654 2737 1650 2738 1654 2738 1639 2738 1651 2739 1650 2739 1655 2739 1651 2740 1655 2740 1656 2740 1651 2741 1656 2741 1657 2741 1651 2742 1657 2742 1658 2742 1651 2743 1658 2743 1659 2743 1651 2744 1659 2744 1660 2744 1651 2745 1660 2745 1661 2745 1651 2746 1661 2746 1662 2746 1662 2747 1663 2747 1664 2747 1662 2748 1664 2748 1665 2748 1662 2749 1665 2749 1666 2749 1662 2750 1666 2750 1651 2750 1663 2751 1662 2751 1667 2751 1663 2752 1667 2752 1668 2752 1663 2753 1668 2753 1669 2753 1663 2754 1669 2754 1670 2754 1670 2755 1671 2755 1672 2755 1670 2756 1672 2756 1673 2756 1670 2757 1673 2757 1674 2757 1670 2758 1674 2758 1663 2758 1671 2759 1670 2759 1675 2759 1671 2760 1675 2760 1676 2760 1671 2761 1676 2761 1677 2761 1671 2762 1677 2762 1678 2762 1671 2763 1678 2763 1679 2763 1671 2764 1679 2764 1680 2764 1671 2765 1680 2765 1681 2765 1671 2766 1681 2766 1682 2766 1682 2767 1683 2767 1684 2767 1682 2768 1684 2768 1685 2768 1682 2769 1685 2769 1686 2769 1682 2770 1686 2770 1671 2770 1683 2771 1682 2771 1687 2771 1683 2772 1687 2772 1688 2772 1683 2773 1688 2773 1689 2773 1683 2774 1689 2774 1690 2774 1683 2775 1690 2775 1691 2775 1683 2776 1691 2776 1692 2776 1683 2777 1692 2777 1693 2777 1683 2778 1693 2778 1694 2778 1694 2779 1695 2779 1696 2779 1694 2780 1696 2780 1697 2780 1694 2781 1697 2781 1698 2781 1694 2782 1698 2782 1683 2782 1695 2783 1694 2783 1699 2783 1695 2784 1699 2784 1700 2784 1695 2785 1700 2785 1701 2785 1695 2786 1701 2786 1702 2786 1702 2787 1703 2787 1704 2787 1702 2788 1704 2788 1705 2788 1702 2789 1705 2789 1706 2789 1702 2790 1706 2790 1695 2790 1703 2791 1702 2791 1707 2791 1703 2792 1707 2792 1708 2792 1703 2793 1708 2793 1709 2793 1703 2794 1709 2794 1710 2794 1703 2795 1710 2795 1711 2795 1703 2796 1711 2796 1712 2796 1703 2797 1712 2797 1713 2797 1703 2798 1713 2798 1714 2798 1714 2799 1715 2799 1716 2799 1714 2800 1716 2800 1717 2800 1714 2801 1717 2801 1718 2801 1714 2802 1718 2802 1703 2802 1715 2803 1714 2803 1719 2803 1715 2804 1719 2804 1720 2804 1715 2805 1720 2805 1721 2805 1715 2806 1721 2806 1722 2806 1722 2807 1723 2807 1724 2807 1722 2808 1724 2808 1725 2808 1722 2809 1725 2809 1726 2809 1722 2810 1726 2810 1715 2810 1723 2811 1722 2811 1727 2811 1723 2812 1727 2812 1728 2812 1723 2813 1728 2813 1729 2813 1723 2814 1729 2814 1730 2814 1723 2815 1730 2815 1731 2815 1723 2816 1731 2816 1732 2816 1723 2817 1732 2817 1733 2817 1723 2818 1733 2818 1734 2818 1734 2819 1735 2819 1736 2819 1734 2820 1736 2820 1737 2820 1734 2821 1737 2821 1738 2821 1734 2822 1738 2822 1723 2822 1735 2823 1734 2823 1739 2823 1735 2824 1739 2824 1740 2824 1735 2825 1740 2825 1741 2825 1735 2826 1741 2826 1742 2826 1735 2827 1742 2827 1325 2827 1325 2828 1742 2828 1743 2828 1325 2829 1743 2829 1744 2829 1325 2830 1744 2830 1745 2830 1325 2831 1745 2831 1746 2831 1746 2832 1314 2832 1330 2832 1746 2833 1330 2833 1328 2833 1746 2834 1328 2834 1326 2834 1746 2835 1326 2835 1325 2835 1314 2836 1746 2836 1747 2836 1314 2837 1747 2837 1748 2837 1314 2838 1748 2838 1749 2838 1314 2839 1749 2839 1750 2839 1750 2840 1303 2840 1319 2840 1750 2841 1319 2841 1317 2841 1750 2842 1317 2842 1315 2842 1750 2843 1315 2843 1314 2843 1303 2844 1750 2844 1751 2844 1303 2845 1751 2845 1752 2845 1303 2846 1752 2846 1753 2846 1303 2847 1753 2847 1754 2847 1754 2848 1292 2848 1308 2848 1754 2849 1308 2849 1306 2849 1754 2850 1306 2850 1304 2850 1754 2851 1304 2851 1303 2851 1292 2852 1754 2852 1755 2852 1292 2853 1755 2853 1756 2853 1292 2854 1756 2854 1757 2854 1292 2855 1757 2855 1758 2855 1758 2856 1281 2856 1297 2856 1758 2857 1297 2857 1295 2857 1758 2858 1295 2858 1293 2858 1758 2859 1293 2859 1292 2859 1281 2860 1758 2860 1759 2860 1281 2861 1759 2861 1760 2861 1281 2862 1760 2862 1761 2862 1281 2863 1761 2863 1762 2863 1762 2864 1270 2864 1286 2864 1762 2865 1286 2865 1284 2865 1762 2866 1284 2866 1282 2866 1762 2867 1282 2867 1281 2867 1270 2868 1762 2868 1763 2868 1270 2869 1763 2869 1764 2869 1270 2870 1764 2870 1765 2870 1270 2871 1765 2871 1766 2871 1766 2872 1259 2872 1275 2872 1766 2873 1275 2873 1273 2873 1766 2874 1273 2874 1271 2874 1766 2875 1271 2875 1270 2875 1766 2876 1248 2876 1264 2876 1766 2877 1264 2877 1262 2877 1766 2878 1262 2878 1260 2878 1766 2879 1260 2879 1259 2879 1248 2880 1766 2880 1767 2880 1248 2881 1767 2881 1768 2881 1248 2882 1768 2882 1769 2882 1248 2883 1769 2883 1770 2883 1770 2884 1237 2884 1253 2884 1770 2885 1253 2885 1251 2885 1770 2886 1251 2886 1249 2886 1770 2887 1249 2887 1248 2887 1770 2888 1226 2888 1242 2888 1770 2889 1242 2889 1240 2889 1770 2890 1240 2890 1238 2890 1770 2891 1238 2891 1237 2891 1226 2892 1770 2892 1771 2892 1226 2893 1771 2893 1772 2893 1226 2894 1772 2894 1773 2894 1226 2895 1773 2895 1774 2895 1774 2896 1215 2896 1231 2896 1774 2897 1231 2897 1229 2897 1774 2898 1229 2898 1227 2898 1774 2899 1227 2899 1226 2899 1215 2900 1774 2900 1775 2900 1215 2901 1775 2901 1776 2901 1215 2902 1776 2902 1777 2902 1215 2903 1777 2903 1778 2903 1778 2904 1204 2904 1220 2904 1778 2905 1220 2905 1218 2905 1778 2906 1218 2906 1216 2906 1778 2907 1216 2907 1215 2907 1204 2908 1778 2908 1779 2908 1204 2909 1779 2909 1780 2909 1204 2910 1780 2910 1781 2910 1204 2911 1781 2911 1782 2911 1782 2912 1193 2912 1209 2912 1782 2913 1209 2913 1207 2913 1782 2914 1207 2914 1205 2914 1782 2915 1205 2915 1204 2915 1193 2916 1782 2916 1783 2916 1193 2917 1783 2917 1784 2917 1193 2918 1784 2918 1785 2918 1193 2919 1785 2919 1786 2919 1786 2920 1182 2920 1198 2920 1786 2921 1198 2921 1196 2921 1786 2922 1196 2922 1194 2922 1786 2923 1194 2923 1193 2923 1182 2924 1786 2924 1787 2924 1182 2925 1787 2925 1788 2925 1182 2926 1788 2926 1789 2926 1182 2927 1789 2927 1790 2927 1790 2928 1171 2928 1187 2928 1790 2929 1187 2929 1185 2929 1790 2930 1185 2930 1183 2930 1790 2931 1183 2931 1182 2931 1171 2932 1790 2932 1791 2932 1171 2933 1791 2933 1792 2933 1171 2934 1792 2934 1793 2934 1171 2935 1793 2935 1794 2935 1171 2936 1794 2936 1795 2936 1795 2937 1794 2937 1796 2937 1795 2938 1796 2938 1797 2938 1795 2939 1797 2939 1798 2939 1795 2940 1798 2940 1799 2940 1799 2941 1800 2941 1801 2941 1799 2942 1801 2942 1802 2942 1799 2943 1802 2943 1803 2943 1799 2944 1803 2944 1795 2944 1800 2945 1799 2945 1804 2945 1800 2946 1804 2946 1805 2946 1800 2947 1805 2947 1806 2947 1800 2948 1806 2948 1807 2948 1800 2949 1807 2949 1808 2949 1800 2950 1808 2950 1809 2950 1800 2951 1809 2951 1810 2951 1800 2952 1810 2952 1811 2952 1811 2953 1812 2953 1813 2953 1811 2954 1813 2954 1814 2954 1811 2955 1814 2955 1815 2955 1811 2956 1815 2956 1800 2956 1812 2957 1811 2957 1816 2957 1812 2958 1816 2958 1817 2958 1812 2959 1817 2959 1818 2959 1812 2960 1818 2960 1819 2960 1819 2961 1820 2961 1821 2961 1819 2962 1821 2962 1822 2962 1819 2963 1822 2963 1823 2963 1819 2964 1823 2964 1812 2964 1820 2965 1819 2965 1824 2965 1820 2966 1824 2966 1825 2966 1820 2967 1825 2967 1826 2967 1820 2968 1826 2968 1827 2968 1820 2969 1827 2969 1828 2969 1820 2970 1828 2970 1829 2970 1820 2971 1829 2971 1830 2971 1820 2972 1830 2972 1831 2972 1831 2973 1832 2973 1833 2973 1831 2974 1833 2974 1834 2974 1831 2975 1834 2975 1835 2975 1831 2976 1835 2976 1820 2976 1832 2977 1831 2977 1836 2977 1832 2978 1836 2978 1837 2978 1832 2979 1837 2979 1838 2979 1832 2980 1838 2980 1839 2980 1839 2981 1840 2981 1841 2981 1839 2982 1841 2982 1842 2982 1839 2983 1842 2983 1843 2983 1839 2984 1843 2984 1832 2984 1840 2985 1839 2985 1844 2985 1840 2986 1844 2986 1845 2986 1840 2987 1845 2987 1846 2987 1840 2988 1846 2988 1847 2988 1840 2989 1847 2989 1848 2989 1840 2990 1848 2990 1849 2990 1840 2991 1849 2991 1850 2991 1840 2992 1850 2992 1851 2992 1851 2993 1852 2993 1853 2993 1851 2994 1853 2994 1854 2994 1851 2995 1854 2995 1855 2995 1851 2996 1855 2996 1840 2996 1852 2997 1851 2997 1856 2997 1852 2998 1856 2998 1857 2998 1852 2999 1857 2999 1858 2999 1852 3000 1858 3000 1859 3000 1852 3001 1859 3001 1860 3001 1852 3002 1860 3002 1861 3002 1852 3003 1861 3003 1862 3003 1852 3004 1862 3004 1863 3004 1863 3005 1864 3005 1865 3005 1863 3006 1865 3006 1866 3006 1863 3007 1866 3007 1867 3007 1863 3008 1867 3008 1852 3008 1864 3009 1863 3009 1868 3009 1864 3010 1868 3010 1869 3010 1864 3011 1869 3011 1870 3011 1864 3012 1870 3012 1871 3012 1871 3013 1872 3013 1873 3013 1871 3014 1873 3014 1874 3014 1871 3015 1874 3015 1875 3015 1871 3016 1875 3016 1864 3016 1872 3017 1871 3017 1876 3017 1872 3018 1876 3018 1877 3018 1872 3019 1877 3019 1878 3019 1872 3020 1878 3020 1879 3020 1872 3021 1879 3021 1880 3021 1872 3022 1880 3022 1881 3022 1872 3023 1881 3023 1882 3023 1872 3024 1882 3024 1883 3024 1883 3025 1884 3025 1885 3025 1883 3026 1885 3026 1886 3026 1883 3027 1886 3027 1887 3027 1883 3028 1887 3028 1872 3028 1884 3029 1883 3029 1888 3029 1884 3030 1888 3030 1889 3030 1884 3031 1889 3031 1890 3031 1884 3032 1890 3032 1891 3032 1884 3033 1891 3033 1892 3033 1884 3034 1892 3034 1893 3034 1884 3035 1893 3035 1894 3035 1884 3036 1894 3036 1895 3036 1895 3037 1896 3037 1897 3037 1895 3038 1897 3038 1898 3038 1895 3039 1898 3039 1899 3039 1895 3040 1899 3040 1884 3040 1896 3041 1895 3041 1900 3041 1896 3042 1900 3042 1901 3042 1896 3043 1901 3043 1902 3043 1896 3044 1902 3044 1903 3044 1896 3045 1903 3045 1446 3045 1446 3046 1903 3046 1904 3046 1446 3047 1904 3047 1905 3047 1446 3048 1905 3048 1906 3048 1446 3049 1906 3049 1907 3049 1907 3050 1435 3050 1451 3050 1907 3051 1451 3051 1449 3051 1907 3052 1449 3052 1447 3052 1907 3053 1447 3053 1446 3053 1435 3054 1907 3054 1908 3054 1435 3055 1908 3055 1909 3055 1435 3056 1909 3056 1910 3056 1435 3057 1910 3057 1911 3057 1911 3058 1424 3058 1440 3058 1911 3059 1440 3059 1438 3059 1911 3060 1438 3060 1436 3060 1911 3061 1436 3061 1435 3061 1424 3062 1911 3062 1912 3062 1424 3063 1912 3063 1913 3063 1424 3064 1913 3064 1914 3064 1424 3065 1914 3065 1915 3065 1915 3066 1413 3066 1429 3066 1915 3067 1429 3067 1427 3067 1915 3068 1427 3068 1425 3068 1915 3069 1425 3069 1424 3069 1413 3070 1915 3070 1916 3070 1413 3071 1916 3071 1917 3071 1413 3072 1917 3072 1918 3072 1413 3073 1918 3073 1919 3073 1919 3074 1402 3074 1418 3074 1919 3075 1418 3075 1416 3075 1919 3076 1416 3076 1414 3076 1919 3077 1414 3077 1413 3077 1919 3078 1391 3078 1407 3078 1919 3079 1407 3079 1405 3079 1919 3080 1405 3080 1403 3080 1919 3081 1403 3081 1402 3081 1391 3082 1919 3082 1920 3082 1391 3083 1920 3083 1921 3083 1391 3084 1921 3084 1922 3084 1391 3085 1922 3085 1923 3085 1923 3086 1380 3086 1396 3086 1923 3087 1396 3087 1394 3087 1923 3088 1394 3088 1392 3088 1923 3089 1392 3089 1391 3089 1380 3090 1923 3090 1924 3090 1380 3091 1924 3091 1925 3091 1380 3092 1925 3092 1926 3092 1380 3093 1926 3093 1609 3093 1446 3094 1927 3094 1928 3094 1446 3095 1928 3095 1929 3095 1446 3096 1929 3096 1930 3096 1446 3097 1930 3097 1896 3097 1927 3098 1446 3098 1462 3098 1927 3099 1462 3099 1460 3099 1927 3100 1460 3100 1458 3100 1927 3101 1458 3101 1457 3101 1457 3102 1931 3102 1932 3102 1457 3103 1932 3103 1933 3103 1457 3104 1933 3104 1934 3104 1457 3105 1934 3105 1927 3105 1931 3106 1457 3106 1473 3106 1931 3107 1473 3107 1471 3107 1931 3108 1471 3108 1469 3108 1931 3109 1469 3109 1468 3109 1468 3110 1935 3110 1936 3110 1468 3111 1936 3111 1937 3111 1468 3112 1937 3112 1938 3112 1468 3113 1938 3113 1931 3113 1935 3114 1468 3114 1484 3114 1935 3115 1484 3115 1482 3115 1935 3116 1482 3116 1480 3116 1935 3117 1480 3117 1479 3117 1479 3118 1939 3118 1940 3118 1479 3119 1940 3119 1941 3119 1479 3120 1941 3120 1942 3120 1479 3121 1942 3121 1935 3121 1939 3122 1479 3122 1495 3122 1939 3123 1495 3123 1493 3123 1939 3124 1493 3124 1491 3124 1939 3125 1491 3125 1490 3125 1939 3126 1490 3126 1506 3126 1939 3127 1506 3127 1504 3127 1939 3128 1504 3128 1502 3128 1939 3129 1502 3129 1501 3129 1501 3130 1943 3130 1944 3130 1501 3131 1944 3131 1945 3131 1501 3132 1945 3132 1946 3132 1501 3133 1946 3133 1939 3133 1943 3134 1501 3134 1517 3134 1943 3135 1517 3135 1515 3135 1943 3136 1515 3136 1513 3136 1943 3137 1513 3137 1512 3137 1512 3138 1947 3138 1948 3138 1512 3139 1948 3139 1949 3139 1512 3140 1949 3140 1950 3140 1512 3141 1950 3141 1943 3141 1947 3142 1512 3142 1528 3142 1947 3143 1528 3143 1526 3143 1947 3144 1526 3144 1524 3144 1947 3145 1524 3145 1523 3145 1523 3146 1951 3146 1952 3146 1523 3147 1952 3147 1953 3147 1523 3148 1953 3148 1954 3148 1523 3149 1954 3149 1947 3149 1951 3150 1523 3150 1539 3150 1951 3151 1539 3151 1537 3151 1951 3152 1537 3152 1535 3152 1951 3153 1535 3153 1534 3153 1534 3154 1634 3154 1955 3154 1534 3155 1955 3155 1956 3155 1534 3156 1956 3156 1957 3156 1534 3157 1957 3157 1951 3157 1958 3158 1132 3158 1130 3158 1958 3159 1130 3159 1128 3159 1958 3160 1128 3160 1126 3160 1958 3161 1126 3161 1125 3161 1958 3162 1125 3162 1143 3162 1958 3163 1143 3163 1141 3163 1958 3164 1141 3164 1139 3164 1958 3165 1139 3165 1138 3165 1138 3166 1959 3166 1960 3166 1138 3167 1960 3167 1961 3167 1138 3168 1961 3168 1962 3168 1138 3169 1962 3169 1958 3169 1959 3170 1138 3170 1154 3170 1959 3171 1154 3171 1152 3171 1959 3172 1152 3172 1150 3172 1959 3173 1150 3173 1149 3173 1149 3174 1963 3174 1964 3174 1149 3175 1964 3175 1965 3175 1149 3176 1965 3176 1966 3176 1149 3177 1966 3177 1959 3177 1963 3178 1149 3178 1165 3178 1963 3179 1165 3179 1163 3179 1963 3180 1163 3180 1161 3180 1963 3181 1161 3181 1160 3181 1160 3182 1967 3182 1968 3182 1160 3183 1968 3183 1969 3183 1160 3184 1969 3184 1970 3184 1160 3185 1970 3185 1963 3185 1967 3186 1160 3186 1176 3186 1967 3187 1176 3187 1174 3187 1967 3188 1174 3188 1172 3188 1967 3189 1172 3189 1171 3189 1171 3190 1795 3190 1971 3190 1171 3191 1971 3191 1972 3191 1171 3192 1972 3192 1973 3192 1171 3193 1973 3193 1967 3193 1325 3194 1974 3194 1975 3194 1325 3195 1975 3195 1976 3195 1325 3196 1976 3196 1977 3196 1325 3197 1977 3197 1735 3197 1974 3198 1325 3198 1341 3198 1974 3199 1341 3199 1339 3199 1974 3200 1339 3200 1337 3200 1974 3201 1337 3201 1336 3201 1336 3202 1978 3202 1979 3202 1336 3203 1979 3203 1980 3203 1336 3204 1980 3204 1981 3204 1336 3205 1981 3205 1974 3205 1978 3206 1336 3206 1352 3206 1978 3207 1352 3207 1350 3207 1978 3208 1350 3208 1348 3208 1978 3209 1348 3209 1347 3209 1347 3210 1982 3210 1983 3210 1347 3211 1983 3211 1984 3211 1347 3212 1984 3212 1985 3212 1347 3213 1985 3213 1978 3213 1982 3214 1347 3214 1362 3214 1982 3215 1362 3215 1360 3215 1982 3216 1360 3216 1358 3216 1982 3217 1358 3217 1132 3217 1132 3218 1958 3218 1986 3218 1132 3219 1986 3219 1987 3219 1132 3220 1987 3220 1988 3220 1132 3221 1988 3221 1982 3221 1078 3222 1989 3222 1990 3222 1989 3223 1991 3223 1990 3223 1990 3224 1991 3224 1992 3224 1991 3225 1993 3225 1992 3225 1992 3226 1993 3226 1994 3226 1993 3227 1995 3227 1994 3227 1994 3228 1995 3228 1996 3228 1996 3229 1997 3229 1994 3229 1997 3230 1998 3230 1994 3230 1994 3231 1998 3231 1992 3231 1998 3232 1999 3232 1992 3232 1992 3233 1999 3233 1990 3233 1999 3234 2000 3234 1990 3234 1990 3235 2000 3235 1078 3235 2001 3236 2002 3236 2003 3236 2002 3237 2004 3237 2003 3237 2003 3238 2004 3238 2005 3238 2004 3239 2006 3239 2005 3239 2005 3240 2006 3240 2007 3240 2006 3241 1078 3241 2007 3241 2007 3242 1078 3242 2000 3242 2000 3243 2008 3243 2007 3243 2008 3244 2009 3244 2007 3244 2007 3245 2009 3245 2005 3245 2009 3246 2010 3246 2005 3246 2005 3247 2010 3247 2003 3247 2010 3248 2011 3248 2003 3248 2003 3249 2011 3249 2001 3249 2012 3250 2013 3250 2014 3250 2013 3251 2015 3251 2014 3251 2014 3252 2015 3252 2016 3252 2015 3253 2017 3253 2016 3253 2016 3254 2017 3254 2018 3254 2017 3255 2001 3255 2018 3255 2018 3256 2001 3256 2011 3256 2019 3257 2020 3257 2021 3257 2020 3258 2022 3258 2021 3258 2021 3259 2022 3259 2023 3259 2022 3260 2024 3260 2023 3260 2023 3261 2024 3261 2025 3261 2024 3262 1996 3262 2025 3262 2025 3263 1996 3263 1995 3263 1996 3264 2024 3264 2026 3264 2024 3265 2022 3265 2026 3265 2026 3266 2022 3266 2027 3266 2022 3267 2020 3267 2027 3267 2027 3268 2020 3268 2028 3268 2020 3269 2019 3269 2028 3269 2028 3270 2019 3270 2029 3270 2030 3271 2031 3271 2032 3271 2031 3272 2033 3272 2032 3272 2032 3273 2033 3273 2034 3273 2033 3274 2035 3274 2034 3274 2034 3275 2035 3275 2036 3275 2035 3276 2029 3276 2036 3276 2036 3277 2029 3277 2019 3277 2029 3278 2035 3278 2037 3278 2035 3279 2033 3279 2037 3279 2037 3280 2033 3280 2038 3280 2033 3281 2031 3281 2038 3281 2038 3282 2031 3282 2039 3282 2031 3283 2030 3283 2039 3283 2039 3284 2030 3284 2040 3284 2041 3285 2042 3285 2043 3285 2042 3286 2044 3286 2043 3286 2043 3287 2044 3287 2045 3287 2044 3288 2046 3288 2045 3288 2045 3289 2046 3289 2047 3289 2046 3290 2040 3290 2047 3290 2047 3291 2040 3291 2030 3291 2040 3292 2046 3292 2048 3292 2046 3293 2044 3293 2048 3293 2048 3294 2044 3294 2049 3294 2044 3295 2042 3295 2049 3295 2049 3296 2042 3296 2050 3296 2042 3297 2041 3297 2050 3297 2050 3298 2041 3298 2051 3298 2052 3299 2053 3299 2054 3299 2053 3300 2055 3300 2054 3300 2054 3301 2055 3301 2056 3301 2055 3302 2057 3302 2056 3302 2056 3303 2057 3303 2058 3303 2057 3304 2051 3304 2058 3304 2058 3305 2051 3305 2041 3305 2051 3306 2057 3306 2059 3306 2057 3307 2055 3307 2059 3307 2059 3308 2055 3308 2060 3308 2055 3309 2053 3309 2060 3309 2060 3310 2053 3310 2061 3310 2053 3311 2052 3311 2061 3311 2061 3312 2052 3312 2062 3312 1024 3313 2063 3313 2064 3313 2063 3314 2065 3314 2064 3314 2064 3315 2065 3315 2066 3315 2065 3316 2067 3316 2066 3316 2066 3317 2067 3317 2068 3317 2067 3318 2062 3318 2068 3318 2068 3319 2062 3319 2052 3319 2062 3320 2067 3320 2069 3320 2067 3321 2065 3321 2069 3321 2069 3322 2065 3322 2070 3322 2065 3323 2063 3323 2070 3323 2070 3324 2063 3324 2071 3324 2063 3325 1024 3325 2071 3325 2071 3326 1024 3326 2072 3326 2073 3327 2074 3327 2075 3327 2074 3328 2076 3328 2075 3328 2075 3329 2076 3329 2077 3329 2076 3330 2078 3330 2077 3330 2077 3331 2078 3331 2079 3331 2078 3332 2072 3332 2079 3332 2079 3333 2072 3333 1024 3333 2072 3334 2078 3334 2080 3334 2078 3335 2076 3335 2080 3335 2080 3336 2076 3336 2081 3336 2076 3337 2074 3337 2081 3337 2081 3338 2074 3338 2082 3338 2074 3339 2073 3339 2082 3339 2082 3340 2073 3340 2083 3340 2084 3341 2085 3341 2086 3341 2085 3342 2087 3342 2086 3342 2086 3343 2087 3343 2088 3343 2087 3344 2089 3344 2088 3344 2088 3345 2089 3345 2090 3345 2089 3346 2083 3346 2090 3346 2090 3347 2083 3347 2073 3347 2083 3348 2089 3348 2091 3348 2089 3349 2087 3349 2091 3349 2091 3350 2087 3350 2092 3350 2087 3351 2085 3351 2092 3351 2092 3352 2085 3352 2093 3352 2085 3353 2084 3353 2093 3353 2093 3354 2084 3354 2094 3354 2095 3355 2096 3355 2097 3355 2096 3356 2098 3356 2097 3356 2097 3357 2098 3357 2099 3357 2098 3358 2100 3358 2099 3358 2099 3359 2100 3359 2101 3359 2100 3360 2094 3360 2101 3360 2101 3361 2094 3361 2084 3361 2094 3362 2100 3362 2102 3362 2100 3363 2098 3363 2102 3363 2102 3364 2098 3364 2103 3364 2098 3365 2096 3365 2103 3365 2103 3366 2096 3366 2104 3366 2096 3367 2095 3367 2104 3367 2104 3368 2095 3368 2105 3368 2106 3369 2107 3369 2108 3369 2107 3370 2109 3370 2108 3370 2108 3371 2109 3371 2110 3371 2109 3372 2111 3372 2110 3372 2110 3373 2111 3373 2112 3373 2111 3374 2105 3374 2112 3374 2112 3375 2105 3375 2095 3375 2105 3376 2111 3376 2113 3376 2111 3377 2109 3377 2113 3377 2113 3378 2109 3378 2114 3378 2109 3379 2107 3379 2114 3379 2114 3380 2107 3380 2115 3380 2107 3381 2106 3381 2115 3381 2115 3382 2106 3382 2116 3382 2117 3383 2118 3383 2119 3383 2118 3384 2120 3384 2119 3384 2119 3385 2120 3385 2121 3385 2120 3386 2122 3386 2121 3386 2121 3387 2122 3387 2123 3387 2122 3388 2116 3388 2123 3388 2123 3389 2116 3389 2106 3389 2116 3390 2122 3390 2124 3390 2122 3391 2120 3391 2124 3391 2124 3392 2120 3392 2125 3392 2120 3393 2118 3393 2125 3393 2125 3394 2118 3394 2126 3394 2118 3395 2117 3395 2126 3395 2126 3396 2117 3396 2127 3396 2128 3397 2129 3397 2130 3397 2129 3398 2131 3398 2130 3398 2130 3399 2131 3399 2132 3399 2131 3400 2133 3400 2132 3400 2132 3401 2133 3401 2134 3401 2133 3402 2127 3402 2134 3402 2134 3403 2127 3403 2117 3403 2117 3404 2135 3404 2134 3404 2135 3405 2136 3405 2134 3405 2134 3406 2136 3406 2132 3406 2136 3407 2137 3407 2132 3407 2132 3408 2137 3408 2130 3408 2137 3409 970 3409 2130 3409 2130 3410 970 3410 2128 3410 2138 3411 2139 3411 2140 3411 2139 3412 2141 3412 2140 3412 2140 3413 2141 3413 2142 3413 2141 3414 2143 3414 2142 3414 2142 3415 2143 3415 2144 3415 2143 3416 2128 3416 2144 3416 2144 3417 2128 3417 970 3417 970 3418 2145 3418 2144 3418 2145 3419 2146 3419 2144 3419 2144 3420 2146 3420 2142 3420 2146 3421 2147 3421 2142 3421 2142 3422 2147 3422 2140 3422 2147 3423 2148 3423 2140 3423 2140 3424 2148 3424 2138 3424 2149 3425 2150 3425 2151 3425 2150 3426 2152 3426 2151 3426 2151 3427 2152 3427 2153 3427 2152 3428 2154 3428 2153 3428 2153 3429 2154 3429 2155 3429 2154 3430 2138 3430 2155 3430 2155 3431 2138 3431 2148 3431 2138 3432 2154 3432 2156 3432 2154 3433 2152 3433 2156 3433 2156 3434 2152 3434 2157 3434 2152 3435 2150 3435 2157 3435 2157 3436 2150 3436 2158 3436 2150 3437 2149 3437 2158 3437 2158 3438 2149 3438 2159 3438 2160 3439 2161 3439 2162 3439 2161 3440 2163 3440 2162 3440 2162 3441 2163 3441 2164 3441 2163 3442 2165 3442 2164 3442 2164 3443 2165 3443 2166 3443 2165 3444 2159 3444 2166 3444 2166 3445 2159 3445 2149 3445 2159 3446 2165 3446 2167 3446 2165 3447 2163 3447 2167 3447 2167 3448 2163 3448 2168 3448 2163 3449 2161 3449 2168 3449 2168 3450 2161 3450 2169 3450 2161 3451 2160 3451 2169 3451 2169 3452 2160 3452 2170 3452 2171 3453 2172 3453 2173 3453 2172 3454 2174 3454 2173 3454 2173 3455 2174 3455 2175 3455 2174 3456 2176 3456 2175 3456 2175 3457 2176 3457 2177 3457 2176 3458 2170 3458 2177 3458 2177 3459 2170 3459 2160 3459 2170 3460 2176 3460 2178 3460 2176 3461 2174 3461 2178 3461 2178 3462 2174 3462 2179 3462 2174 3463 2172 3463 2179 3463 2179 3464 2172 3464 2180 3464 2172 3465 2171 3465 2180 3465 2180 3466 2171 3466 2181 3466 2182 3467 2183 3467 2184 3467 2183 3468 2185 3468 2184 3468 2184 3469 2185 3469 2186 3469 2185 3470 2187 3470 2186 3470 2186 3471 2187 3471 2188 3471 2187 3472 2181 3472 2188 3472 2188 3473 2181 3473 2171 3473 2181 3474 2187 3474 2189 3474 2187 3475 2185 3475 2189 3475 2189 3476 2185 3476 2190 3476 2185 3477 2183 3477 2190 3477 2190 3478 2183 3478 2191 3478 2183 3479 2182 3479 2191 3479 2191 3480 2182 3480 2192 3480 920 3481 2193 3481 2194 3481 2193 3482 2195 3482 2194 3482 2194 3483 2195 3483 2196 3483 2195 3484 2197 3484 2196 3484 2196 3485 2197 3485 2198 3485 2197 3486 2192 3486 2198 3486 2198 3487 2192 3487 2182 3487 2192 3488 2197 3488 2199 3488 2197 3489 2195 3489 2199 3489 2199 3490 2195 3490 2200 3490 2195 3491 2193 3491 2200 3491 2200 3492 2193 3492 2201 3492 2193 3493 920 3493 2201 3493 2201 3494 920 3494 2202 3494 2203 3495 2204 3495 2205 3495 2204 3496 2206 3496 2205 3496 2205 3497 2206 3497 2207 3497 2206 3498 2208 3498 2207 3498 2207 3499 2208 3499 2209 3499 2208 3500 2202 3500 2209 3500 2209 3501 2202 3501 920 3501 2202 3502 2208 3502 2210 3502 2208 3503 2206 3503 2210 3503 2210 3504 2206 3504 2211 3504 2206 3505 2204 3505 2211 3505 2211 3506 2204 3506 2212 3506 2204 3507 2203 3507 2212 3507 2212 3508 2203 3508 2213 3508 2214 3509 2215 3509 2216 3509 2215 3510 2217 3510 2216 3510 2216 3511 2217 3511 2218 3511 2217 3512 2219 3512 2218 3512 2218 3513 2219 3513 2220 3513 2219 3514 2213 3514 2220 3514 2220 3515 2213 3515 2203 3515 2213 3516 2219 3516 2221 3516 2219 3517 2217 3517 2221 3517 2221 3518 2217 3518 2222 3518 2217 3519 2215 3519 2222 3519 2222 3520 2215 3520 2223 3520 2215 3521 2214 3521 2223 3521 2223 3522 2214 3522 2224 3522 2225 3523 2226 3523 2227 3523 2226 3524 2228 3524 2227 3524 2227 3525 2228 3525 2229 3525 2228 3526 2230 3526 2229 3526 2229 3527 2230 3527 2231 3527 2230 3528 2224 3528 2231 3528 2231 3529 2224 3529 2214 3529 2224 3530 2230 3530 2232 3530 2230 3531 2228 3531 2232 3531 2232 3532 2228 3532 2233 3532 2228 3533 2226 3533 2233 3533 2233 3534 2226 3534 2234 3534 2226 3535 2225 3535 2234 3535 2234 3536 2225 3536 2235 3536 2236 3537 2237 3537 2238 3537 2237 3538 2239 3538 2238 3538 2238 3539 2239 3539 2240 3539 2239 3540 2241 3540 2240 3540 2240 3541 2241 3541 2242 3541 2241 3542 2235 3542 2242 3542 2242 3543 2235 3543 2225 3543 2235 3544 2241 3544 2243 3544 2241 3545 2239 3545 2243 3545 2243 3546 2239 3546 2244 3546 2239 3547 2237 3547 2244 3547 2244 3548 2237 3548 2245 3548 2237 3549 2236 3549 2245 3549 2245 3550 2236 3550 2012 3550 2001 3551 2017 3551 2246 3551 2017 3552 2015 3552 2246 3552 2246 3553 2015 3553 2247 3553 2015 3554 2013 3554 2247 3554 2247 3555 2013 3555 2248 3555 2013 3556 2012 3556 2248 3556 2248 3557 2012 3557 2236 3557 2249 3558 2250 3558 2251 3558 2249 3559 2251 3559 2252 3559 2249 3560 2252 3560 2253 3560 2249 3561 2253 3561 2254 3561 2250 3562 2249 3562 2255 3562 2250 3563 2255 3563 2256 3563 2250 3564 2256 3564 2257 3564 2250 3565 2257 3565 2258 3565 2250 3566 2258 3566 2259 3566 2250 3567 2259 3567 2260 3567 2250 3568 2260 3568 2261 3568 2250 3569 2261 3569 2262 3569 2254 3570 2263 3570 2264 3570 2254 3571 2264 3571 2265 3571 2254 3572 2265 3572 2266 3572 2254 3573 2266 3573 2249 3573 2263 3574 2254 3574 2267 3574 2263 3575 2267 3575 2268 3575 2263 3576 2268 3576 2269 3576 2263 3577 2269 3577 2270 3577 2270 3578 2271 3578 2272 3578 2270 3579 2272 3579 2273 3579 2270 3580 2273 3580 2274 3580 2270 3581 2274 3581 2263 3581 2271 3582 2270 3582 2275 3582 2271 3583 2275 3583 2276 3583 2271 3584 2276 3584 2277 3584 2271 3585 2277 3585 2278 3585 2278 3586 2279 3586 2280 3586 2278 3587 2280 3587 2281 3587 2278 3588 2281 3588 2282 3588 2278 3589 2282 3589 2271 3589 2279 3590 2278 3590 2283 3590 2279 3591 2283 3591 2284 3591 2279 3592 2284 3592 2285 3592 2279 3593 2285 3593 2286 3593 2286 3594 2287 3594 2288 3594 2286 3595 2288 3595 2289 3595 2286 3596 2289 3596 2290 3596 2286 3597 2290 3597 2279 3597 2287 3598 2286 3598 2291 3598 2287 3599 2291 3599 2292 3599 2287 3600 2292 3600 2293 3600 2287 3601 2293 3601 2294 3601 2294 3602 2295 3602 2296 3602 2294 3603 2296 3603 2297 3603 2294 3604 2297 3604 2298 3604 2294 3605 2298 3605 2287 3605 2295 3606 2294 3606 2299 3606 2295 3607 2299 3607 2300 3607 2295 3608 2300 3608 2301 3608 2295 3609 2301 3609 2302 3609 2302 3610 2303 3610 2304 3610 2302 3611 2304 3611 2305 3611 2302 3612 2305 3612 2306 3612 2302 3613 2306 3613 2295 3613 2302 3614 2307 3614 2308 3614 2302 3615 2308 3615 2309 3615 2302 3616 2309 3616 2310 3616 2302 3617 2310 3617 2303 3617 2307 3618 2302 3618 2311 3618 2307 3619 2311 3619 2312 3619 2307 3620 2312 3620 2313 3620 2307 3621 2313 3621 2314 3621 2314 3622 2315 3622 2316 3622 2314 3623 2316 3623 2317 3623 2314 3624 2317 3624 2318 3624 2314 3625 2318 3625 2307 3625 2315 3626 2314 3626 2319 3626 2315 3627 2319 3627 2320 3627 2315 3628 2320 3628 2321 3628 2315 3629 2321 3629 2322 3629 2322 3630 2323 3630 2324 3630 2322 3631 2324 3631 2325 3631 2322 3632 2325 3632 2326 3632 2322 3633 2326 3633 2315 3633 2323 3634 2322 3634 2327 3634 2323 3635 2327 3635 2328 3635 2323 3636 2328 3636 2329 3636 2323 3637 2329 3637 2330 3637 2330 3638 2331 3638 2332 3638 2330 3639 2332 3639 2333 3639 2330 3640 2333 3640 2334 3640 2330 3641 2334 3641 2323 3641 2331 3642 2330 3642 2335 3642 2331 3643 2335 3643 2336 3643 2331 3644 2336 3644 2337 3644 2331 3645 2337 3645 2338 3645 2338 3646 2339 3646 2340 3646 2338 3647 2340 3647 2341 3647 2338 3648 2341 3648 2342 3648 2338 3649 2342 3649 2331 3649 2339 3650 2338 3650 2343 3650 2339 3651 2343 3651 2344 3651 2339 3652 2344 3652 2345 3652 2339 3653 2345 3653 2346 3653 2346 3654 2347 3654 2348 3654 2346 3655 2348 3655 2349 3655 2346 3656 2349 3656 2350 3656 2346 3657 2350 3657 2339 3657 2347 3658 2346 3658 2351 3658 2347 3659 2351 3659 2352 3659 2347 3660 2352 3660 2353 3660 2347 3661 2353 3661 2354 3661 2354 3662 2355 3662 2356 3662 2354 3663 2356 3663 2357 3663 2354 3664 2357 3664 2358 3664 2354 3665 2358 3665 2347 3665 2354 3666 2359 3666 2360 3666 2354 3667 2360 3667 2361 3667 2354 3668 2361 3668 2362 3668 2354 3669 2362 3669 2355 3669 2359 3670 2354 3670 2363 3670 2359 3671 2363 3671 2364 3671 2359 3672 2364 3672 2365 3672 2359 3673 2365 3673 2366 3673 2366 3674 2367 3674 2368 3674 2366 3675 2368 3675 2369 3675 2366 3676 2369 3676 2370 3676 2366 3677 2370 3677 2359 3677 2367 3678 2366 3678 2371 3678 2367 3679 2371 3679 2372 3679 2367 3680 2372 3680 2373 3680 2367 3681 2373 3681 2374 3681 2374 3682 2375 3682 2376 3682 2374 3683 2376 3683 2377 3683 2374 3684 2377 3684 2378 3684 2374 3685 2378 3685 2367 3685 2375 3686 2374 3686 2379 3686 2375 3687 2379 3687 2380 3687 2375 3688 2380 3688 2381 3688 2375 3689 2381 3689 2382 3689 2382 3690 2383 3690 2384 3690 2382 3691 2384 3691 2385 3691 2382 3692 2385 3692 2386 3692 2382 3693 2386 3693 2375 3693 2383 3694 2382 3694 2387 3694 2383 3695 2387 3695 2388 3695 2383 3696 2388 3696 2389 3696 2383 3697 2389 3697 2390 3697 2390 3698 2391 3698 2392 3698 2390 3699 2392 3699 2393 3699 2390 3700 2393 3700 2394 3700 2390 3701 2394 3701 2383 3701 2391 3702 2390 3702 2395 3702 2391 3703 2395 3703 2396 3703 2391 3704 2396 3704 2397 3704 2391 3705 2397 3705 2398 3705 2398 3706 2399 3706 2400 3706 2398 3707 2400 3707 2401 3707 2398 3708 2401 3708 2402 3708 2398 3709 2402 3709 2391 3709 2399 3710 2398 3710 2403 3710 2399 3711 2403 3711 2404 3711 2399 3712 2404 3712 2405 3712 2399 3713 2405 3713 2406 3713 2406 3714 2407 3714 2408 3714 2406 3715 2408 3715 2409 3715 2406 3716 2409 3716 2410 3716 2406 3717 2410 3717 2399 3717 2407 3718 2406 3718 2411 3718 2407 3719 2411 3719 2412 3719 2407 3720 2412 3720 2413 3720 2407 3721 2413 3721 2414 3721 2414 3722 2415 3722 2416 3722 2414 3723 2416 3723 2417 3723 2414 3724 2417 3724 2418 3724 2414 3725 2418 3725 2407 3725 2414 3726 2419 3726 2420 3726 2414 3727 2420 3727 2421 3727 2414 3728 2421 3728 2422 3728 2414 3729 2422 3729 2415 3729 2419 3730 2414 3730 2423 3730 2419 3731 2423 3731 2424 3731 2419 3732 2424 3732 2425 3732 2419 3733 2425 3733 2426 3733 2426 3734 2427 3734 2428 3734 2426 3735 2428 3735 2429 3735 2426 3736 2429 3736 2430 3736 2426 3737 2430 3737 2419 3737 2427 3738 2426 3738 2431 3738 2427 3739 2431 3739 2432 3739 2427 3740 2432 3740 2433 3740 2427 3741 2433 3741 2434 3741 2434 3742 2435 3742 2436 3742 2434 3743 2436 3743 2437 3743 2434 3744 2437 3744 2438 3744 2434 3745 2438 3745 2427 3745 2435 3746 2434 3746 2439 3746 2435 3747 2439 3747 2440 3747 2435 3748 2440 3748 2441 3748 2435 3749 2441 3749 2442 3749 2442 3750 2443 3750 2444 3750 2442 3751 2444 3751 2445 3751 2442 3752 2445 3752 2446 3752 2442 3753 2446 3753 2435 3753 2443 3754 2442 3754 2447 3754 2443 3755 2447 3755 2448 3755 2443 3756 2448 3756 2449 3756 2443 3757 2449 3757 2450 3757 2450 3758 2451 3758 2452 3758 2450 3759 2452 3759 2453 3759 2450 3760 2453 3760 2454 3760 2450 3761 2454 3761 2443 3761 2451 3762 2450 3762 2455 3762 2451 3763 2455 3763 2456 3763 2451 3764 2456 3764 2457 3764 2451 3765 2457 3765 2458 3765 2458 3766 2459 3766 2460 3766 2458 3767 2460 3767 2461 3767 2458 3768 2461 3768 2462 3768 2458 3769 2462 3769 2451 3769 2459 3770 2458 3770 2463 3770 2459 3771 2463 3771 2464 3771 2459 3772 2464 3772 2465 3772 2459 3773 2465 3773 2466 3773 2466 3774 2467 3774 2468 3774 2466 3775 2468 3775 2469 3775 2466 3776 2469 3776 2470 3776 2466 3777 2470 3777 2459 3777 2466 3778 2471 3778 2472 3778 2466 3779 2472 3779 2473 3779 2466 3780 2473 3780 2474 3780 2466 3781 2474 3781 2467 3781 2471 3782 2466 3782 2475 3782 2471 3783 2475 3783 2476 3783 2471 3784 2476 3784 2477 3784 2471 3785 2477 3785 2478 3785 2478 3786 2479 3786 2480 3786 2478 3787 2480 3787 2481 3787 2478 3788 2481 3788 2482 3788 2478 3789 2482 3789 2471 3789 2479 3790 2478 3790 2483 3790 2479 3791 2483 3791 2484 3791 2479 3792 2484 3792 2485 3792 2479 3793 2485 3793 2486 3793 2486 3794 2487 3794 2488 3794 2486 3795 2488 3795 2489 3795 2486 3796 2489 3796 2490 3796 2486 3797 2490 3797 2479 3797 2487 3798 2486 3798 2491 3798 2487 3799 2491 3799 2492 3799 2487 3800 2492 3800 2493 3800 2487 3801 2493 3801 2494 3801 2494 3802 2495 3802 2496 3802 2494 3803 2496 3803 2497 3803 2494 3804 2497 3804 2498 3804 2494 3805 2498 3805 2487 3805 2495 3806 2494 3806 2499 3806 2495 3807 2499 3807 2500 3807 2495 3808 2500 3808 2501 3808 2495 3809 2501 3809 2502 3809 2502 3810 2503 3810 2504 3810 2502 3811 2504 3811 2505 3811 2502 3812 2505 3812 2506 3812 2502 3813 2506 3813 2495 3813 2503 3814 2502 3814 2507 3814 2503 3815 2507 3815 2508 3815 2503 3816 2508 3816 2509 3816 2503 3817 2509 3817 2510 3817 2510 3818 2262 3818 2511 3818 2510 3819 2511 3819 2512 3819 2510 3820 2512 3820 2513 3820 2510 3821 2513 3821 2503 3821 2262 3822 2510 3822 2514 3822 2262 3823 2514 3823 2515 3823 2262 3824 2515 3824 2516 3824 2262 3825 2516 3825 2250 3825 2250 3826 2516 3826 2517 3826 2516 3827 2515 3827 2517 3827 2517 3828 2515 3828 2518 3828 2515 3829 2514 3829 2518 3829 2518 3830 2514 3830 2519 3830 2514 3831 2510 3831 2519 3831 2519 3832 2510 3832 918 3832 918 3833 917 3833 2519 3833 917 3834 916 3834 2519 3834 2519 3835 916 3835 2518 3835 916 3836 915 3836 2518 3836 2518 3837 915 3837 2517 3837 915 3838 914 3838 2517 3838 2517 3839 914 3839 2250 3839 2254 3840 2253 3840 2520 3840 2253 3841 2252 3841 2520 3841 2520 3842 2252 3842 2521 3842 2252 3843 2251 3843 2521 3843 2521 3844 2251 3844 2522 3844 2251 3845 2250 3845 2522 3845 2522 3846 2250 3846 914 3846 914 3847 926 3847 2522 3847 926 3848 925 3848 2522 3848 2522 3849 925 3849 2521 3849 925 3850 924 3850 2521 3850 2521 3851 924 3851 2520 3851 924 3852 923 3852 2520 3852 2520 3853 923 3853 2254 3853 2270 3854 2269 3854 2523 3854 2269 3855 2268 3855 2523 3855 2523 3856 2268 3856 2524 3856 2268 3857 2267 3857 2524 3857 2524 3858 2267 3858 2525 3858 2267 3859 2254 3859 2525 3859 2525 3860 2254 3860 923 3860 923 3861 934 3861 2525 3861 934 3862 933 3862 2525 3862 2525 3863 933 3863 2524 3863 933 3864 932 3864 2524 3864 2524 3865 932 3865 2523 3865 932 3866 931 3866 2523 3866 2523 3867 931 3867 2270 3867 2278 3868 2277 3868 2526 3868 2277 3869 2276 3869 2526 3869 2526 3870 2276 3870 2527 3870 2276 3871 2275 3871 2527 3871 2527 3872 2275 3872 2528 3872 2275 3873 2270 3873 2528 3873 2528 3874 2270 3874 931 3874 931 3875 938 3875 2528 3875 938 3876 937 3876 2528 3876 2528 3877 937 3877 2527 3877 937 3878 936 3878 2527 3878 2527 3879 936 3879 2526 3879 936 3880 935 3880 2526 3880 2526 3881 935 3881 2278 3881 2286 3882 2285 3882 2529 3882 2285 3883 2284 3883 2529 3883 2529 3884 2284 3884 2530 3884 2284 3885 2283 3885 2530 3885 2530 3886 2283 3886 2531 3886 2283 3887 2278 3887 2531 3887 2531 3888 2278 3888 935 3888 935 3889 946 3889 2531 3889 946 3890 945 3890 2531 3890 2531 3891 945 3891 2530 3891 945 3892 944 3892 2530 3892 2530 3893 944 3893 2529 3893 944 3894 943 3894 2529 3894 2529 3895 943 3895 2286 3895 2294 3896 2293 3896 2532 3896 2293 3897 2292 3897 2532 3897 2532 3898 2292 3898 2533 3898 2292 3899 2291 3899 2533 3899 2533 3900 2291 3900 2534 3900 2291 3901 2286 3901 2534 3901 2534 3902 2286 3902 943 3902 943 3903 954 3903 2534 3903 954 3904 953 3904 2534 3904 2534 3905 953 3905 2533 3905 953 3906 952 3906 2533 3906 2533 3907 952 3907 2532 3907 952 3908 951 3908 2532 3908 2532 3909 951 3909 2294 3909 2302 3910 2301 3910 2535 3910 2301 3911 2300 3911 2535 3911 2535 3912 2300 3912 2536 3912 2300 3913 2299 3913 2536 3913 2536 3914 2299 3914 2537 3914 2299 3915 2294 3915 2537 3915 2537 3916 2294 3916 951 3916 951 3917 958 3917 2537 3917 958 3918 957 3918 2537 3918 2537 3919 957 3919 2536 3919 957 3920 956 3920 2536 3920 2536 3921 956 3921 2535 3921 956 3922 955 3922 2535 3922 2535 3923 955 3923 2302 3923 2314 3924 2313 3924 2538 3924 2313 3925 2312 3925 2538 3925 2538 3926 2312 3926 2539 3926 2312 3927 2311 3927 2539 3927 2539 3928 2311 3928 2540 3928 2311 3929 2302 3929 2540 3929 2540 3930 2302 3930 955 3930 955 3931 966 3931 2540 3931 966 3932 965 3932 2540 3932 2540 3933 965 3933 2539 3933 965 3934 964 3934 2539 3934 2539 3935 964 3935 2538 3935 964 3936 963 3936 2538 3936 2538 3937 963 3937 2314 3937 2322 3938 2321 3938 2541 3938 2321 3939 2320 3939 2541 3939 2541 3940 2320 3940 2542 3940 2320 3941 2319 3941 2542 3941 2542 3942 2319 3942 2543 3942 2319 3943 2314 3943 2543 3943 2543 3944 2314 3944 963 3944 963 3945 974 3945 2543 3945 974 3946 973 3946 2543 3946 2543 3947 973 3947 2542 3947 973 3948 972 3948 2542 3948 2542 3949 972 3949 2541 3949 972 3950 971 3950 2541 3950 2541 3951 971 3951 2322 3951 2330 3952 2329 3952 2544 3952 2329 3953 2328 3953 2544 3953 2544 3954 2328 3954 2545 3954 2328 3955 2327 3955 2545 3955 2545 3956 2327 3956 2546 3956 2327 3957 2322 3957 2546 3957 2546 3958 2322 3958 971 3958 971 3959 982 3959 2546 3959 982 3960 981 3960 2546 3960 2546 3961 981 3961 2545 3961 981 3962 980 3962 2545 3962 2545 3963 980 3963 2544 3963 980 3964 979 3964 2544 3964 2544 3965 979 3965 2330 3965 2338 3966 2337 3966 2547 3966 2337 3967 2336 3967 2547 3967 2547 3968 2336 3968 2548 3968 2336 3969 2335 3969 2548 3969 2548 3970 2335 3970 2549 3970 2335 3971 2330 3971 2549 3971 2549 3972 2330 3972 979 3972 979 3973 986 3973 2549 3973 986 3974 985 3974 2549 3974 2549 3975 985 3975 2548 3975 985 3976 984 3976 2548 3976 2548 3977 984 3977 2547 3977 984 3978 983 3978 2547 3978 2547 3979 983 3979 2338 3979 2346 3980 2345 3980 2550 3980 2345 3981 2344 3981 2550 3981 2550 3982 2344 3982 2551 3982 2344 3983 2343 3983 2551 3983 2551 3984 2343 3984 2552 3984 2343 3985 2338 3985 2552 3985 2552 3986 2338 3986 983 3986 983 3987 994 3987 2552 3987 994 3988 993 3988 2552 3988 2552 3989 993 3989 2551 3989 993 3990 992 3990 2551 3990 2551 3991 992 3991 2550 3991 992 3992 991 3992 2550 3992 2550 3993 991 3993 2346 3993 2354 3994 2353 3994 2553 3994 2353 3995 2352 3995 2553 3995 2553 3996 2352 3996 2554 3996 2352 3997 2351 3997 2554 3997 2554 3998 2351 3998 2555 3998 2351 3999 2346 3999 2555 3999 2555 4000 2346 4000 991 4000 991 4001 1002 4001 2555 4001 1002 4002 1001 4002 2555 4002 2555 4003 1001 4003 2554 4003 1001 4004 1000 4004 2554 4004 2554 4005 1000 4005 2553 4005 1000 4006 999 4006 2553 4006 2553 4007 999 4007 2354 4007 2366 4008 2365 4008 2556 4008 2365 4009 2364 4009 2556 4009 2556 4010 2364 4010 2557 4010 2364 4011 2363 4011 2557 4011 2557 4012 2363 4012 2558 4012 2363 4013 2354 4013 2558 4013 2558 4014 2354 4014 999 4014 999 4015 1006 4015 2558 4015 1006 4016 1005 4016 2558 4016 2558 4017 1005 4017 2557 4017 1005 4018 1004 4018 2557 4018 2557 4019 1004 4019 2556 4019 1004 4020 1003 4020 2556 4020 2556 4021 1003 4021 2366 4021 2374 4022 2373 4022 2559 4022 2373 4023 2372 4023 2559 4023 2559 4024 2372 4024 2560 4024 2372 4025 2371 4025 2560 4025 2560 4026 2371 4026 2561 4026 2371 4027 2366 4027 2561 4027 2561 4028 2366 4028 1003 4028 1003 4029 1014 4029 2561 4029 1014 4030 1013 4030 2561 4030 2561 4031 1013 4031 2560 4031 1013 4032 1012 4032 2560 4032 2560 4033 1012 4033 2559 4033 1012 4034 1011 4034 2559 4034 2559 4035 1011 4035 2374 4035 2382 4036 2381 4036 2562 4036 2381 4037 2380 4037 2562 4037 2562 4038 2380 4038 2563 4038 2380 4039 2379 4039 2563 4039 2563 4040 2379 4040 2564 4040 2379 4041 2374 4041 2564 4041 2564 4042 2374 4042 1011 4042 1011 4043 1022 4043 2564 4043 1022 4044 1021 4044 2564 4044 2564 4045 1021 4045 2563 4045 1021 4046 1020 4046 2563 4046 2563 4047 1020 4047 2562 4047 1020 4048 1019 4048 2562 4048 2562 4049 1019 4049 2382 4049 2390 4050 2389 4050 2565 4050 2389 4051 2388 4051 2565 4051 2565 4052 2388 4052 2566 4052 2388 4053 2387 4053 2566 4053 2566 4054 2387 4054 2567 4054 2387 4055 2382 4055 2567 4055 2567 4056 2382 4056 1019 4056 1019 4057 1030 4057 2567 4057 1030 4058 1029 4058 2567 4058 2567 4059 1029 4059 2566 4059 1029 4060 1028 4060 2566 4060 2566 4061 1028 4061 2565 4061 1028 4062 1027 4062 2565 4062 2565 4063 1027 4063 2390 4063 2398 4064 2397 4064 2568 4064 2397 4065 2396 4065 2568 4065 2568 4066 2396 4066 2569 4066 2396 4067 2395 4067 2569 4067 2569 4068 2395 4068 2570 4068 2395 4069 2390 4069 2570 4069 2570 4070 2390 4070 1027 4070 1027 4071 1034 4071 2570 4071 1034 4072 1033 4072 2570 4072 2570 4073 1033 4073 2569 4073 1033 4074 1032 4074 2569 4074 2569 4075 1032 4075 2568 4075 1032 4076 1031 4076 2568 4076 2568 4077 1031 4077 2398 4077 2406 4078 2405 4078 2571 4078 2405 4079 2404 4079 2571 4079 2571 4080 2404 4080 2572 4080 2404 4081 2403 4081 2572 4081 2572 4082 2403 4082 2573 4082 2403 4083 2398 4083 2573 4083 2573 4084 2398 4084 1031 4084 1031 4085 1042 4085 2573 4085 1042 4086 1041 4086 2573 4086 2573 4087 1041 4087 2572 4087 1041 4088 1040 4088 2572 4088 2572 4089 1040 4089 2571 4089 1040 4090 1039 4090 2571 4090 2571 4091 1039 4091 2406 4091 2414 4092 2413 4092 2574 4092 2413 4093 2412 4093 2574 4093 2574 4094 2412 4094 2575 4094 2412 4095 2411 4095 2575 4095 2575 4096 2411 4096 2576 4096 2411 4097 2406 4097 2576 4097 2576 4098 2406 4098 1039 4098 1039 4099 1050 4099 2576 4099 1050 4100 1049 4100 2576 4100 2576 4101 1049 4101 2575 4101 1049 4102 1048 4102 2575 4102 2575 4103 1048 4103 2574 4103 1048 4104 1047 4104 2574 4104 2574 4105 1047 4105 2414 4105 2426 4106 2425 4106 2577 4106 2425 4107 2424 4107 2577 4107 2577 4108 2424 4108 2578 4108 2424 4109 2423 4109 2578 4109 2578 4110 2423 4110 2579 4110 2423 4111 2414 4111 2579 4111 2579 4112 2414 4112 1047 4112 1047 4113 1054 4113 2579 4113 1054 4114 1053 4114 2579 4114 2579 4115 1053 4115 2578 4115 1053 4116 1052 4116 2578 4116 2578 4117 1052 4117 2577 4117 1052 4118 1051 4118 2577 4118 2577 4119 1051 4119 2426 4119 2434 4120 2433 4120 2580 4120 2433 4121 2432 4121 2580 4121 2580 4122 2432 4122 2581 4122 2432 4123 2431 4123 2581 4123 2581 4124 2431 4124 2582 4124 2431 4125 2426 4125 2582 4125 2582 4126 2426 4126 1051 4126 1051 4127 1062 4127 2582 4127 1062 4128 1061 4128 2582 4128 2582 4129 1061 4129 2581 4129 1061 4130 1060 4130 2581 4130 2581 4131 1060 4131 2580 4131 1060 4132 1059 4132 2580 4132 2580 4133 1059 4133 2434 4133 2442 4134 2441 4134 2583 4134 2441 4135 2440 4135 2583 4135 2583 4136 2440 4136 2584 4136 2440 4137 2439 4137 2584 4137 2584 4138 2439 4138 2585 4138 2439 4139 2434 4139 2585 4139 2585 4140 2434 4140 1059 4140 1059 4141 1070 4141 2585 4141 1070 4142 1069 4142 2585 4142 2585 4143 1069 4143 2584 4143 1069 4144 1068 4144 2584 4144 2584 4145 1068 4145 2583 4145 1068 4146 1067 4146 2583 4146 2583 4147 1067 4147 2442 4147 2450 4148 2449 4148 2586 4148 2449 4149 2448 4149 2586 4149 2586 4150 2448 4150 2587 4150 2448 4151 2447 4151 2587 4151 2587 4152 2447 4152 2588 4152 2447 4153 2442 4153 2588 4153 2588 4154 2442 4154 1067 4154 1067 4155 1074 4155 2588 4155 1074 4156 1073 4156 2588 4156 2588 4157 1073 4157 2587 4157 1073 4158 1072 4158 2587 4158 2587 4159 1072 4159 2586 4159 1072 4160 1071 4160 2586 4160 2586 4161 1071 4161 2450 4161 2458 4162 2457 4162 2589 4162 2457 4163 2456 4163 2589 4163 2589 4164 2456 4164 2590 4164 2456 4165 2455 4165 2590 4165 2590 4166 2455 4166 2591 4166 2455 4167 2450 4167 2591 4167 2591 4168 2450 4168 1071 4168 1071 4169 1082 4169 2591 4169 1082 4170 1081 4170 2591 4170 2591 4171 1081 4171 2590 4171 1081 4172 1080 4172 2590 4172 2590 4173 1080 4173 2589 4173 1080 4174 1079 4174 2589 4174 2589 4175 1079 4175 2458 4175 2466 4176 2465 4176 2592 4176 2465 4177 2464 4177 2592 4177 2592 4178 2464 4178 2593 4178 2464 4179 2463 4179 2593 4179 2593 4180 2463 4180 2594 4180 2463 4181 2458 4181 2594 4181 2594 4182 2458 4182 1079 4182 1079 4183 1090 4183 2594 4183 1090 4184 1089 4184 2594 4184 2594 4185 1089 4185 2593 4185 1089 4186 1088 4186 2593 4186 2593 4187 1088 4187 2592 4187 1088 4188 1087 4188 2592 4188 2592 4189 1087 4189 2466 4189 2478 4190 2477 4190 2595 4190 2477 4191 2476 4191 2595 4191 2595 4192 2476 4192 2596 4192 2476 4193 2475 4193 2596 4193 2596 4194 2475 4194 2597 4194 2475 4195 2466 4195 2597 4195 2597 4196 2466 4196 1087 4196 1087 4197 1098 4197 2597 4197 1098 4198 1097 4198 2597 4198 2597 4199 1097 4199 2596 4199 1097 4200 1096 4200 2596 4200 2596 4201 1096 4201 2595 4201 1096 4202 1095 4202 2595 4202 2595 4203 1095 4203 2478 4203 2486 4204 2485 4204 2598 4204 2485 4205 2484 4205 2598 4205 2598 4206 2484 4206 2599 4206 2484 4207 2483 4207 2599 4207 2599 4208 2483 4208 2600 4208 2483 4209 2478 4209 2600 4209 2600 4210 2478 4210 1095 4210 1095 4211 1102 4211 2600 4211 1102 4212 1101 4212 2600 4212 2600 4213 1101 4213 2599 4213 1101 4214 1100 4214 2599 4214 2599 4215 1100 4215 2598 4215 1100 4216 1099 4216 2598 4216 2598 4217 1099 4217 2486 4217 2494 4218 2493 4218 2601 4218 2493 4219 2492 4219 2601 4219 2601 4220 2492 4220 2602 4220 2492 4221 2491 4221 2602 4221 2602 4222 2491 4222 2603 4222 2491 4223 2486 4223 2603 4223 2603 4224 2486 4224 1099 4224 1099 4225 1110 4225 2603 4225 1110 4226 1109 4226 2603 4226 2603 4227 1109 4227 2602 4227 1109 4228 1108 4228 2602 4228 2602 4229 1108 4229 2601 4229 1108 4230 1107 4230 2601 4230 2601 4231 1107 4231 2494 4231 2502 4232 2501 4232 2604 4232 2501 4233 2500 4233 2604 4233 2604 4234 2500 4234 2605 4234 2500 4235 2499 4235 2605 4235 2605 4236 2499 4236 2606 4236 2499 4237 2494 4237 2606 4237 2606 4238 2494 4238 1107 4238 1107 4239 1118 4239 2606 4239 1118 4240 1117 4240 2606 4240 2606 4241 1117 4241 2605 4241 1117 4242 1116 4242 2605 4242 2605 4243 1116 4243 2604 4243 1116 4244 1115 4244 2604 4244 2604 4245 1115 4245 2502 4245 2510 4246 2509 4246 2607 4246 2509 4247 2508 4247 2607 4247 2607 4248 2508 4248 2608 4248 2508 4249 2507 4249 2608 4249 2608 4250 2507 4250 2609 4250 2507 4251 2502 4251 2609 4251 2609 4252 2502 4252 1115 4252 1115 4253 1121 4253 2609 4253 1121 4254 1120 4254 2609 4254 2609 4255 1120 4255 2608 4255 1120 4256 1119 4256 2608 4256 2608 4257 1119 4257 2607 4257 1119 4258 918 4258 2607 4258 2607 4259 918 4259 2510 4259 1609 4260 1926 4260 2610 4260 1926 4261 1925 4261 2610 4261 2610 4262 1925 4262 2611 4262 1925 4263 1924 4263 2611 4263 2611 4264 1924 4264 2612 4264 1924 4265 1923 4265 2612 4265 2612 4266 1923 4266 2613 4266 2613 4267 2614 4267 2612 4267 2614 4268 2615 4268 2612 4268 2612 4269 2615 4269 2611 4269 2615 4270 2616 4270 2611 4270 2611 4271 2616 4271 2610 4271 2616 4272 2617 4272 2610 4272 2610 4273 2617 4273 1609 4273 1613 4274 1612 4274 2618 4274 1612 4275 1611 4275 2618 4275 2618 4276 1611 4276 2619 4276 1611 4277 1610 4277 2619 4277 2619 4278 1610 4278 2620 4278 1610 4279 1609 4279 2620 4279 2620 4280 1609 4280 2617 4280 2617 4281 2621 4281 2620 4281 2621 4282 2622 4282 2620 4282 2620 4283 2622 4283 2619 4283 2622 4284 2623 4284 2619 4284 2619 4285 2623 4285 2618 4285 2623 4286 2624 4286 2618 4286 2618 4287 2624 4287 1613 4287 1617 4288 1616 4288 2625 4288 1616 4289 1615 4289 2625 4289 2625 4290 1615 4290 2626 4290 1615 4291 1614 4291 2626 4291 2626 4292 1614 4292 2627 4292 1614 4293 1613 4293 2627 4293 2627 4294 1613 4294 2624 4294 2624 4295 2628 4295 2627 4295 2628 4296 2629 4296 2627 4296 2627 4297 2629 4297 2626 4297 2629 4298 2630 4298 2626 4298 2626 4299 2630 4299 2625 4299 2630 4300 2631 4300 2625 4300 2625 4301 2631 4301 1617 4301 1621 4302 1620 4302 2632 4302 1620 4303 1619 4303 2632 4303 2632 4304 1619 4304 2633 4304 1619 4305 1618 4305 2633 4305 2633 4306 1618 4306 2634 4306 1618 4307 1617 4307 2634 4307 2634 4308 1617 4308 2631 4308 2631 4309 2635 4309 2634 4309 2635 4310 2636 4310 2634 4310 2634 4311 2636 4311 2633 4311 2636 4312 2637 4312 2633 4312 2633 4313 2637 4313 2632 4313 2637 4314 2638 4314 2632 4314 2632 4315 2638 4315 1621 4315 1625 4316 1624 4316 2639 4316 1624 4317 1623 4317 2639 4317 2639 4318 1623 4318 2640 4318 1623 4319 1622 4319 2640 4319 2640 4320 1622 4320 2641 4320 1622 4321 1621 4321 2641 4321 2641 4322 1621 4322 2638 4322 2638 4323 2642 4323 2641 4323 2642 4324 2643 4324 2641 4324 2641 4325 2643 4325 2640 4325 2643 4326 2644 4326 2640 4326 2640 4327 2644 4327 2639 4327 2644 4328 2645 4328 2639 4328 2639 4329 2645 4329 1625 4329 1629 4330 1628 4330 2646 4330 1628 4331 1627 4331 2646 4331 2646 4332 1627 4332 2647 4332 1627 4333 1626 4333 2647 4333 2647 4334 1626 4334 2648 4334 1626 4335 1625 4335 2648 4335 2648 4336 1625 4336 2645 4336 2645 4337 2649 4337 2648 4337 2649 4338 2650 4338 2648 4338 2648 4339 2650 4339 2647 4339 2650 4340 2651 4340 2647 4340 2647 4341 2651 4341 2646 4341 2651 4342 2652 4342 2646 4342 2646 4343 2652 4343 1629 4343 1633 4344 1632 4344 2653 4344 1632 4345 1631 4345 2653 4345 2653 4346 1631 4346 2654 4346 1631 4347 1630 4347 2654 4347 2654 4348 1630 4348 2655 4348 1630 4349 1629 4349 2655 4349 2655 4350 1629 4350 2652 4350 2652 4351 2656 4351 2655 4351 2656 4352 2657 4352 2655 4352 2655 4353 2657 4353 2654 4353 2657 4354 2658 4354 2654 4354 2654 4355 2658 4355 2653 4355 2658 4356 2659 4356 2653 4356 2653 4357 2659 4357 1633 4357 1638 4358 1637 4358 2660 4358 1637 4359 1636 4359 2660 4359 2660 4360 1636 4360 2661 4360 1636 4361 1635 4361 2661 4361 2661 4362 1635 4362 2662 4362 1635 4363 1633 4363 2662 4363 2662 4364 1633 4364 2659 4364 2659 4365 2663 4365 2662 4365 2663 4366 2664 4366 2662 4366 2662 4367 2664 4367 2661 4367 2664 4368 2665 4368 2661 4368 2661 4369 2665 4369 2660 4369 2665 4370 2666 4370 2660 4370 2660 4371 2666 4371 1638 4371 1646 4372 1645 4372 2667 4372 1645 4373 1644 4373 2667 4373 2667 4374 1644 4374 2668 4374 1644 4375 1643 4375 2668 4375 2668 4376 1643 4376 2669 4376 1643 4377 1638 4377 2669 4377 2669 4378 1638 4378 2666 4378 2666 4379 2670 4379 2669 4379 2670 4380 2671 4380 2669 4380 2669 4381 2671 4381 2668 4381 2671 4382 2672 4382 2668 4382 2668 4383 2672 4383 2667 4383 2672 4384 2673 4384 2667 4384 2667 4385 2673 4385 1646 4385 1650 4386 1649 4386 2674 4386 1649 4387 1648 4387 2674 4387 2674 4388 1648 4388 2675 4388 1648 4389 1647 4389 2675 4389 2675 4390 1647 4390 2676 4390 1647 4391 1646 4391 2676 4391 2676 4392 1646 4392 2673 4392 2673 4393 2677 4393 2676 4393 2677 4394 2678 4394 2676 4394 2676 4395 2678 4395 2675 4395 2678 4396 2679 4396 2675 4396 2675 4397 2679 4397 2674 4397 2679 4398 2680 4398 2674 4398 2674 4399 2680 4399 1650 4399 1658 4400 1657 4400 2681 4400 1657 4401 1656 4401 2681 4401 2681 4402 1656 4402 2682 4402 1656 4403 1655 4403 2682 4403 2682 4404 1655 4404 2683 4404 1655 4405 1650 4405 2683 4405 2683 4406 1650 4406 2680 4406 2680 4407 2684 4407 2683 4407 2684 4408 2685 4408 2683 4408 2683 4409 2685 4409 2682 4409 2685 4410 2686 4410 2682 4410 2682 4411 2686 4411 2681 4411 2686 4412 2687 4412 2681 4412 2681 4413 2687 4413 1658 4413 1662 4414 1661 4414 2688 4414 1661 4415 1660 4415 2688 4415 2688 4416 1660 4416 2689 4416 1660 4417 1659 4417 2689 4417 2689 4418 1659 4418 2690 4418 1659 4419 1658 4419 2690 4419 2690 4420 1658 4420 2687 4420 2687 4421 2691 4421 2690 4421 2691 4422 2692 4422 2690 4422 2690 4423 2692 4423 2689 4423 2692 4424 2693 4424 2689 4424 2689 4425 2693 4425 2688 4425 2693 4426 2694 4426 2688 4426 2688 4427 2694 4427 1662 4427 1670 4428 1669 4428 2695 4428 1669 4429 1668 4429 2695 4429 2695 4430 1668 4430 2696 4430 1668 4431 1667 4431 2696 4431 2696 4432 1667 4432 2697 4432 1667 4433 1662 4433 2697 4433 2697 4434 1662 4434 2694 4434 2694 4435 2698 4435 2697 4435 2698 4436 2699 4436 2697 4436 2697 4437 2699 4437 2696 4437 2699 4438 2700 4438 2696 4438 2696 4439 2700 4439 2695 4439 2700 4440 2701 4440 2695 4440 2695 4441 2701 4441 1670 4441 1678 4442 1677 4442 2702 4442 1677 4443 1676 4443 2702 4443 2702 4444 1676 4444 2703 4444 1676 4445 1675 4445 2703 4445 2703 4446 1675 4446 2704 4446 1675 4447 1670 4447 2704 4447 2704 4448 1670 4448 2701 4448 2701 4449 2705 4449 2704 4449 2705 4450 2706 4450 2704 4450 2704 4451 2706 4451 2703 4451 2706 4452 2707 4452 2703 4452 2703 4453 2707 4453 2702 4453 2707 4454 2708 4454 2702 4454 2702 4455 2708 4455 1678 4455 1682 4456 1681 4456 2709 4456 1681 4457 1680 4457 2709 4457 2709 4458 1680 4458 2710 4458 1680 4459 1679 4459 2710 4459 2710 4460 1679 4460 2711 4460 1679 4461 1678 4461 2711 4461 2711 4462 1678 4462 2708 4462 2708 4463 2712 4463 2711 4463 2712 4464 2713 4464 2711 4464 2711 4465 2713 4465 2710 4465 2713 4466 2714 4466 2710 4466 2710 4467 2714 4467 2709 4467 2714 4468 2715 4468 2709 4468 2709 4469 2715 4469 1682 4469 1690 4470 1689 4470 2716 4470 1689 4471 1688 4471 2716 4471 2716 4472 1688 4472 2717 4472 1688 4473 1687 4473 2717 4473 2717 4474 1687 4474 2718 4474 1687 4475 1682 4475 2718 4475 2718 4476 1682 4476 2715 4476 2715 4477 2719 4477 2718 4477 2719 4478 2720 4478 2718 4478 2718 4479 2720 4479 2717 4479 2720 4480 2721 4480 2717 4480 2717 4481 2721 4481 2716 4481 2721 4482 2722 4482 2716 4482 2716 4483 2722 4483 1690 4483 1694 4484 1693 4484 2723 4484 1693 4485 1692 4485 2723 4485 2723 4486 1692 4486 2724 4486 1692 4487 1691 4487 2724 4487 2724 4488 1691 4488 2725 4488 1691 4489 1690 4489 2725 4489 2725 4490 1690 4490 2722 4490 2722 4491 2726 4491 2725 4491 2726 4492 2727 4492 2725 4492 2725 4493 2727 4493 2724 4493 2727 4494 2728 4494 2724 4494 2724 4495 2728 4495 2723 4495 2728 4496 2729 4496 2723 4496 2723 4497 2729 4497 1694 4497 1702 4498 1701 4498 2730 4498 1701 4499 1700 4499 2730 4499 2730 4500 1700 4500 2731 4500 1700 4501 1699 4501 2731 4501 2731 4502 1699 4502 2732 4502 1699 4503 1694 4503 2732 4503 2732 4504 1694 4504 2729 4504 2729 4505 2733 4505 2732 4505 2733 4506 2734 4506 2732 4506 2732 4507 2734 4507 2731 4507 2734 4508 2735 4508 2731 4508 2731 4509 2735 4509 2730 4509 2735 4510 2736 4510 2730 4510 2730 4511 2736 4511 1702 4511 1710 4512 1709 4512 2737 4512 1709 4513 1708 4513 2737 4513 2737 4514 1708 4514 2738 4514 1708 4515 1707 4515 2738 4515 2738 4516 1707 4516 2739 4516 1707 4517 1702 4517 2739 4517 2739 4518 1702 4518 2736 4518 2736 4519 2740 4519 2739 4519 2740 4520 2741 4520 2739 4520 2739 4521 2741 4521 2738 4521 2741 4522 2742 4522 2738 4522 2738 4523 2742 4523 2737 4523 2742 4524 2743 4524 2737 4524 2737 4525 2743 4525 1710 4525 1714 4526 1713 4526 2744 4526 1713 4527 1712 4527 2744 4527 2744 4528 1712 4528 2745 4528 1712 4529 1711 4529 2745 4529 2745 4530 1711 4530 2746 4530 1711 4531 1710 4531 2746 4531 2746 4532 1710 4532 2743 4532 2743 4533 2747 4533 2746 4533 2747 4534 2748 4534 2746 4534 2746 4535 2748 4535 2745 4535 2748 4536 2749 4536 2745 4536 2745 4537 2749 4537 2744 4537 2749 4538 2750 4538 2744 4538 2744 4539 2750 4539 1714 4539 1722 4540 1721 4540 2751 4540 1721 4541 1720 4541 2751 4541 2751 4542 1720 4542 2752 4542 1720 4543 1719 4543 2752 4543 2752 4544 1719 4544 2753 4544 1719 4545 1714 4545 2753 4545 2753 4546 1714 4546 2750 4546 2750 4547 2754 4547 2753 4547 2754 4548 2755 4548 2753 4548 2753 4549 2755 4549 2752 4549 2755 4550 2756 4550 2752 4550 2752 4551 2756 4551 2751 4551 2756 4552 2757 4552 2751 4552 2751 4553 2757 4553 1722 4553 1730 4554 1729 4554 2758 4554 1729 4555 1728 4555 2758 4555 2758 4556 1728 4556 2759 4556 1728 4557 1727 4557 2759 4557 2759 4558 1727 4558 2760 4558 1727 4559 1722 4559 2760 4559 2760 4560 1722 4560 2757 4560 2757 4561 2761 4561 2760 4561 2761 4562 2762 4562 2760 4562 2760 4563 2762 4563 2759 4563 2762 4564 2763 4564 2759 4564 2759 4565 2763 4565 2758 4565 2763 4566 2764 4566 2758 4566 2758 4567 2764 4567 1730 4567 1734 4568 1733 4568 2765 4568 1733 4569 1732 4569 2765 4569 2765 4570 1732 4570 2766 4570 1732 4571 1731 4571 2766 4571 2766 4572 1731 4572 2767 4572 1731 4573 1730 4573 2767 4573 2767 4574 1730 4574 2764 4574 2764 4575 2768 4575 2767 4575 2768 4576 2769 4576 2767 4576 2767 4577 2769 4577 2766 4577 2769 4578 2770 4578 2766 4578 2766 4579 2770 4579 2765 4579 2770 4580 2771 4580 2765 4580 2765 4581 2771 4581 1734 4581 1742 4582 1741 4582 2772 4582 1741 4583 1740 4583 2772 4583 2772 4584 1740 4584 2773 4584 1740 4585 1739 4585 2773 4585 2773 4586 1739 4586 2774 4586 1739 4587 1734 4587 2774 4587 2774 4588 1734 4588 2771 4588 2771 4589 2775 4589 2774 4589 2775 4590 2776 4590 2774 4590 2774 4591 2776 4591 2773 4591 2776 4592 2777 4592 2773 4592 2773 4593 2777 4593 2772 4593 2777 4594 2778 4594 2772 4594 2772 4595 2778 4595 1742 4595 1746 4596 1745 4596 2779 4596 1745 4597 1744 4597 2779 4597 2779 4598 1744 4598 2780 4598 1744 4599 1743 4599 2780 4599 2780 4600 1743 4600 2781 4600 1743 4601 1742 4601 2781 4601 2781 4602 1742 4602 2778 4602 2778 4603 2782 4603 2781 4603 2782 4604 2783 4604 2781 4604 2781 4605 2783 4605 2780 4605 2783 4606 2784 4606 2780 4606 2780 4607 2784 4607 2779 4607 2784 4608 2785 4608 2779 4608 2779 4609 2785 4609 1746 4609 1750 4610 1749 4610 2786 4610 1749 4611 1748 4611 2786 4611 2786 4612 1748 4612 2787 4612 1748 4613 1747 4613 2787 4613 2787 4614 1747 4614 2788 4614 1747 4615 1746 4615 2788 4615 2788 4616 1746 4616 2785 4616 2785 4617 2789 4617 2788 4617 2789 4618 2790 4618 2788 4618 2788 4619 2790 4619 2787 4619 2790 4620 2791 4620 2787 4620 2787 4621 2791 4621 2786 4621 2791 4622 2792 4622 2786 4622 2786 4623 2792 4623 1750 4623 1754 4624 1753 4624 2793 4624 1753 4625 1752 4625 2793 4625 2793 4626 1752 4626 2794 4626 1752 4627 1751 4627 2794 4627 2794 4628 1751 4628 2795 4628 1751 4629 1750 4629 2795 4629 2795 4630 1750 4630 2792 4630 2792 4631 2796 4631 2795 4631 2796 4632 2797 4632 2795 4632 2795 4633 2797 4633 2794 4633 2797 4634 2798 4634 2794 4634 2794 4635 2798 4635 2793 4635 2798 4636 2799 4636 2793 4636 2793 4637 2799 4637 1754 4637 1758 4638 1757 4638 2800 4638 1757 4639 1756 4639 2800 4639 2800 4640 1756 4640 2801 4640 1756 4641 1755 4641 2801 4641 2801 4642 1755 4642 2802 4642 1755 4643 1754 4643 2802 4643 2802 4644 1754 4644 2799 4644 2799 4645 2803 4645 2802 4645 2803 4646 2804 4646 2802 4646 2802 4647 2804 4647 2801 4647 2804 4648 2805 4648 2801 4648 2801 4649 2805 4649 2800 4649 2805 4650 2806 4650 2800 4650 2800 4651 2806 4651 1758 4651 1762 4652 1761 4652 2807 4652 1761 4653 1760 4653 2807 4653 2807 4654 1760 4654 2808 4654 1760 4655 1759 4655 2808 4655 2808 4656 1759 4656 2809 4656 1759 4657 1758 4657 2809 4657 2809 4658 1758 4658 2806 4658 2806 4659 2810 4659 2809 4659 2810 4660 2811 4660 2809 4660 2809 4661 2811 4661 2808 4661 2811 4662 2812 4662 2808 4662 2808 4663 2812 4663 2807 4663 2812 4664 2813 4664 2807 4664 2807 4665 2813 4665 1762 4665 1766 4666 1765 4666 2814 4666 1765 4667 1764 4667 2814 4667 2814 4668 1764 4668 2815 4668 1764 4669 1763 4669 2815 4669 2815 4670 1763 4670 2816 4670 1763 4671 1762 4671 2816 4671 2816 4672 1762 4672 2813 4672 2813 4673 2817 4673 2816 4673 2817 4674 2818 4674 2816 4674 2816 4675 2818 4675 2815 4675 2818 4676 2819 4676 2815 4676 2815 4677 2819 4677 2814 4677 2819 4678 2820 4678 2814 4678 2814 4679 2820 4679 1766 4679 1770 4680 1769 4680 2821 4680 1769 4681 1768 4681 2821 4681 2821 4682 1768 4682 2822 4682 1768 4683 1767 4683 2822 4683 2822 4684 1767 4684 2823 4684 1767 4685 1766 4685 2823 4685 2823 4686 1766 4686 2820 4686 2820 4687 2824 4687 2823 4687 2824 4688 2825 4688 2823 4688 2823 4689 2825 4689 2822 4689 2825 4690 2826 4690 2822 4690 2822 4691 2826 4691 2821 4691 2826 4692 2827 4692 2821 4692 2821 4693 2827 4693 1770 4693 1774 4694 1773 4694 2828 4694 1773 4695 1772 4695 2828 4695 2828 4696 1772 4696 2829 4696 1772 4697 1771 4697 2829 4697 2829 4698 1771 4698 2830 4698 1771 4699 1770 4699 2830 4699 2830 4700 1770 4700 2827 4700 2827 4701 2831 4701 2830 4701 2831 4702 2832 4702 2830 4702 2830 4703 2832 4703 2829 4703 2832 4704 2833 4704 2829 4704 2829 4705 2833 4705 2828 4705 2833 4706 2834 4706 2828 4706 2828 4707 2834 4707 1774 4707 1778 4708 1777 4708 2835 4708 1777 4709 1776 4709 2835 4709 2835 4710 1776 4710 2836 4710 1776 4711 1775 4711 2836 4711 2836 4712 1775 4712 2837 4712 1775 4713 1774 4713 2837 4713 2837 4714 1774 4714 2834 4714 2834 4715 2838 4715 2837 4715 2838 4716 2839 4716 2837 4716 2837 4717 2839 4717 2836 4717 2839 4718 2840 4718 2836 4718 2836 4719 2840 4719 2835 4719 2840 4720 2841 4720 2835 4720 2835 4721 2841 4721 1778 4721 1782 4722 1781 4722 2842 4722 1781 4723 1780 4723 2842 4723 2842 4724 1780 4724 2843 4724 1780 4725 1779 4725 2843 4725 2843 4726 1779 4726 2844 4726 1779 4727 1778 4727 2844 4727 2844 4728 1778 4728 2841 4728 2841 4729 2845 4729 2844 4729 2845 4730 2846 4730 2844 4730 2844 4731 2846 4731 2843 4731 2846 4732 2847 4732 2843 4732 2843 4733 2847 4733 2842 4733 2847 4734 2848 4734 2842 4734 2842 4735 2848 4735 1782 4735 1786 4736 1785 4736 2849 4736 1785 4737 1784 4737 2849 4737 2849 4738 1784 4738 2850 4738 1784 4739 1783 4739 2850 4739 2850 4740 1783 4740 2851 4740 1783 4741 1782 4741 2851 4741 2851 4742 1782 4742 2848 4742 2848 4743 2852 4743 2851 4743 2852 4744 2853 4744 2851 4744 2851 4745 2853 4745 2850 4745 2853 4746 2854 4746 2850 4746 2850 4747 2854 4747 2849 4747 2854 4748 2855 4748 2849 4748 2849 4749 2855 4749 1786 4749 1790 4750 1789 4750 2856 4750 1789 4751 1788 4751 2856 4751 2856 4752 1788 4752 2857 4752 1788 4753 1787 4753 2857 4753 2857 4754 1787 4754 2858 4754 1787 4755 1786 4755 2858 4755 2858 4756 1786 4756 2855 4756 2855 4757 2859 4757 2858 4757 2859 4758 2860 4758 2858 4758 2858 4759 2860 4759 2857 4759 2860 4760 2861 4760 2857 4760 2857 4761 2861 4761 2856 4761 2861 4762 2862 4762 2856 4762 2856 4763 2862 4763 1790 4763 1794 4764 1793 4764 2863 4764 1793 4765 1792 4765 2863 4765 2863 4766 1792 4766 2864 4766 1792 4767 1791 4767 2864 4767 2864 4768 1791 4768 2865 4768 1791 4769 1790 4769 2865 4769 2865 4770 1790 4770 2862 4770 2862 4771 2866 4771 2865 4771 2866 4772 2867 4772 2865 4772 2865 4773 2867 4773 2864 4773 2867 4774 2868 4774 2864 4774 2864 4775 2868 4775 2863 4775 2868 4776 2869 4776 2863 4776 2863 4777 2869 4777 1794 4777 1799 4778 1798 4778 2870 4778 1798 4779 1797 4779 2870 4779 2870 4780 1797 4780 2871 4780 1797 4781 1796 4781 2871 4781 2871 4782 1796 4782 2872 4782 1796 4783 1794 4783 2872 4783 2872 4784 1794 4784 2869 4784 2869 4785 2873 4785 2872 4785 2873 4786 2874 4786 2872 4786 2872 4787 2874 4787 2871 4787 2874 4788 2875 4788 2871 4788 2871 4789 2875 4789 2870 4789 2875 4790 2876 4790 2870 4790 2870 4791 2876 4791 1799 4791 1807 4792 1806 4792 2877 4792 1806 4793 1805 4793 2877 4793 2877 4794 1805 4794 2878 4794 1805 4795 1804 4795 2878 4795 2878 4796 1804 4796 2879 4796 1804 4797 1799 4797 2879 4797 2879 4798 1799 4798 2876 4798 2876 4799 2880 4799 2879 4799 2880 4800 2881 4800 2879 4800 2879 4801 2881 4801 2878 4801 2881 4802 2882 4802 2878 4802 2878 4803 2882 4803 2877 4803 2882 4804 2883 4804 2877 4804 2877 4805 2883 4805 1807 4805 1811 4806 1810 4806 2884 4806 1810 4807 1809 4807 2884 4807 2884 4808 1809 4808 2885 4808 1809 4809 1808 4809 2885 4809 2885 4810 1808 4810 2886 4810 1808 4811 1807 4811 2886 4811 2886 4812 1807 4812 2883 4812 2883 4813 2887 4813 2886 4813 2887 4814 2888 4814 2886 4814 2886 4815 2888 4815 2885 4815 2888 4816 2889 4816 2885 4816 2885 4817 2889 4817 2884 4817 2889 4818 2890 4818 2884 4818 2884 4819 2890 4819 1811 4819 1819 4820 1818 4820 2891 4820 1818 4821 1817 4821 2891 4821 2891 4822 1817 4822 2892 4822 1817 4823 1816 4823 2892 4823 2892 4824 1816 4824 2893 4824 1816 4825 1811 4825 2893 4825 2893 4826 1811 4826 2890 4826 2890 4827 2894 4827 2893 4827 2894 4828 2895 4828 2893 4828 2893 4829 2895 4829 2892 4829 2895 4830 2896 4830 2892 4830 2892 4831 2896 4831 2891 4831 2896 4832 2897 4832 2891 4832 2891 4833 2897 4833 1819 4833 1827 4834 1826 4834 2898 4834 1826 4835 1825 4835 2898 4835 2898 4836 1825 4836 2899 4836 1825 4837 1824 4837 2899 4837 2899 4838 1824 4838 2900 4838 1824 4839 1819 4839 2900 4839 2900 4840 1819 4840 2897 4840 2897 4841 2901 4841 2900 4841 2901 4842 2902 4842 2900 4842 2900 4843 2902 4843 2899 4843 2902 4844 2903 4844 2899 4844 2899 4845 2903 4845 2898 4845 2903 4846 2904 4846 2898 4846 2898 4847 2904 4847 1827 4847 1831 4848 1830 4848 2905 4848 1830 4849 1829 4849 2905 4849 2905 4850 1829 4850 2906 4850 1829 4851 1828 4851 2906 4851 2906 4852 1828 4852 2907 4852 1828 4853 1827 4853 2907 4853 2907 4854 1827 4854 2904 4854 2904 4855 2908 4855 2907 4855 2908 4856 2909 4856 2907 4856 2907 4857 2909 4857 2906 4857 2909 4858 2910 4858 2906 4858 2906 4859 2910 4859 2905 4859 2910 4860 2911 4860 2905 4860 2905 4861 2911 4861 1831 4861 1839 4862 1838 4862 2912 4862 1838 4863 1837 4863 2912 4863 2912 4864 1837 4864 2913 4864 1837 4865 1836 4865 2913 4865 2913 4866 1836 4866 2914 4866 1836 4867 1831 4867 2914 4867 2914 4868 1831 4868 2911 4868 2911 4869 2915 4869 2914 4869 2915 4870 2916 4870 2914 4870 2914 4871 2916 4871 2913 4871 2916 4872 2917 4872 2913 4872 2913 4873 2917 4873 2912 4873 2917 4874 2918 4874 2912 4874 2912 4875 2918 4875 1839 4875 1847 4876 1846 4876 2919 4876 1846 4877 1845 4877 2919 4877 2919 4878 1845 4878 2920 4878 1845 4879 1844 4879 2920 4879 2920 4880 1844 4880 2921 4880 1844 4881 1839 4881 2921 4881 2921 4882 1839 4882 2918 4882 2918 4883 2922 4883 2921 4883 2922 4884 2923 4884 2921 4884 2921 4885 2923 4885 2920 4885 2923 4886 2924 4886 2920 4886 2920 4887 2924 4887 2919 4887 2924 4888 2925 4888 2919 4888 2919 4889 2925 4889 1847 4889 1851 4890 1850 4890 2926 4890 1850 4891 1849 4891 2926 4891 2926 4892 1849 4892 2927 4892 1849 4893 1848 4893 2927 4893 2927 4894 1848 4894 2928 4894 1848 4895 1847 4895 2928 4895 2928 4896 1847 4896 2925 4896 2925 4897 2929 4897 2928 4897 2929 4898 2930 4898 2928 4898 2928 4899 2930 4899 2927 4899 2930 4900 2931 4900 2927 4900 2927 4901 2931 4901 2926 4901 2931 4902 2932 4902 2926 4902 2926 4903 2932 4903 1851 4903 1859 4904 1858 4904 2933 4904 1858 4905 1857 4905 2933 4905 2933 4906 1857 4906 2934 4906 1857 4907 1856 4907 2934 4907 2934 4908 1856 4908 2935 4908 1856 4909 1851 4909 2935 4909 2935 4910 1851 4910 2932 4910 2932 4911 2936 4911 2935 4911 2936 4912 2937 4912 2935 4912 2935 4913 2937 4913 2934 4913 2937 4914 2938 4914 2934 4914 2934 4915 2938 4915 2933 4915 2938 4916 2939 4916 2933 4916 2933 4917 2939 4917 1859 4917 1863 4918 1862 4918 2940 4918 1862 4919 1861 4919 2940 4919 2940 4920 1861 4920 2941 4920 1861 4921 1860 4921 2941 4921 2941 4922 1860 4922 2942 4922 1860 4923 1859 4923 2942 4923 2942 4924 1859 4924 2939 4924 2939 4925 2943 4925 2942 4925 2943 4926 2944 4926 2942 4926 2942 4927 2944 4927 2941 4927 2944 4928 2945 4928 2941 4928 2941 4929 2945 4929 2940 4929 2945 4930 2946 4930 2940 4930 2940 4931 2946 4931 1863 4931 1871 4932 1870 4932 2947 4932 1870 4933 1869 4933 2947 4933 2947 4934 1869 4934 2948 4934 1869 4935 1868 4935 2948 4935 2948 4936 1868 4936 2949 4936 1868 4937 1863 4937 2949 4937 2949 4938 1863 4938 2946 4938 2946 4939 2950 4939 2949 4939 2950 4940 2951 4940 2949 4940 2949 4941 2951 4941 2948 4941 2951 4942 2952 4942 2948 4942 2948 4943 2952 4943 2947 4943 2952 4944 2953 4944 2947 4944 2947 4945 2953 4945 1871 4945 1879 4946 1878 4946 2954 4946 1878 4947 1877 4947 2954 4947 2954 4948 1877 4948 2955 4948 1877 4949 1876 4949 2955 4949 2955 4950 1876 4950 2956 4950 1876 4951 1871 4951 2956 4951 2956 4952 1871 4952 2953 4952 2953 4953 2957 4953 2956 4953 2957 4954 2958 4954 2956 4954 2956 4955 2958 4955 2955 4955 2958 4956 2959 4956 2955 4956 2955 4957 2959 4957 2954 4957 2959 4958 2960 4958 2954 4958 2954 4959 2960 4959 1879 4959 1883 4960 1882 4960 2961 4960 1882 4961 1881 4961 2961 4961 2961 4962 1881 4962 2962 4962 1881 4963 1880 4963 2962 4963 2962 4964 1880 4964 2963 4964 1880 4965 1879 4965 2963 4965 2963 4966 1879 4966 2960 4966 2960 4967 2964 4967 2963 4967 2964 4968 2965 4968 2963 4968 2963 4969 2965 4969 2962 4969 2965 4970 2966 4970 2962 4970 2962 4971 2966 4971 2961 4971 2966 4972 2967 4972 2961 4972 2961 4973 2967 4973 1883 4973 1891 4974 1890 4974 2968 4974 1890 4975 1889 4975 2968 4975 2968 4976 1889 4976 2969 4976 1889 4977 1888 4977 2969 4977 2969 4978 1888 4978 2970 4978 1888 4979 1883 4979 2970 4979 2970 4980 1883 4980 2967 4980 2967 4981 2971 4981 2970 4981 2971 4982 2972 4982 2970 4982 2970 4983 2972 4983 2969 4983 2972 4984 2973 4984 2969 4984 2969 4985 2973 4985 2968 4985 2973 4986 2974 4986 2968 4986 2968 4987 2974 4987 1891 4987 1895 4988 1894 4988 2975 4988 1894 4989 1893 4989 2975 4989 2975 4990 1893 4990 2976 4990 1893 4991 1892 4991 2976 4991 2976 4992 1892 4992 2977 4992 1892 4993 1891 4993 2977 4993 2977 4994 1891 4994 2974 4994 2974 4995 2978 4995 2977 4995 2978 4996 2979 4996 2977 4996 2977 4997 2979 4997 2976 4997 2979 4998 2980 4998 2976 4998 2976 4999 2980 4999 2975 4999 2980 5000 2981 5000 2975 5000 2975 5001 2981 5001 1895 5001 1903 5002 1902 5002 2982 5002 1902 5003 1901 5003 2982 5003 2982 5004 1901 5004 2983 5004 1901 5005 1900 5005 2983 5005 2983 5006 1900 5006 2984 5006 1900 5007 1895 5007 2984 5007 2984 5008 1895 5008 2981 5008 2981 5009 2985 5009 2984 5009 2985 5010 2986 5010 2984 5010 2984 5011 2986 5011 2983 5011 2986 5012 2987 5012 2983 5012 2983 5013 2987 5013 2982 5013 2987 5014 2988 5014 2982 5014 2982 5015 2988 5015 1903 5015 1907 5016 1906 5016 2989 5016 1906 5017 1905 5017 2989 5017 2989 5018 1905 5018 2990 5018 1905 5019 1904 5019 2990 5019 2990 5020 1904 5020 2991 5020 1904 5021 1903 5021 2991 5021 2991 5022 1903 5022 2988 5022 2988 5023 2992 5023 2991 5023 2992 5024 2993 5024 2991 5024 2991 5025 2993 5025 2990 5025 2993 5026 2994 5026 2990 5026 2990 5027 2994 5027 2989 5027 2994 5028 2995 5028 2989 5028 2989 5029 2995 5029 1907 5029 1911 5030 1910 5030 2996 5030 1910 5031 1909 5031 2996 5031 2996 5032 1909 5032 2997 5032 1909 5033 1908 5033 2997 5033 2997 5034 1908 5034 2998 5034 1908 5035 1907 5035 2998 5035 2998 5036 1907 5036 2995 5036 2995 5037 2999 5037 2998 5037 2999 5038 3000 5038 2998 5038 2998 5039 3000 5039 2997 5039 3000 5040 3001 5040 2997 5040 2997 5041 3001 5041 2996 5041 3001 5042 3002 5042 2996 5042 2996 5043 3002 5043 1911 5043 1915 5044 1914 5044 3003 5044 1914 5045 1913 5045 3003 5045 3003 5046 1913 5046 3004 5046 1913 5047 1912 5047 3004 5047 3004 5048 1912 5048 3005 5048 1912 5049 1911 5049 3005 5049 3005 5050 1911 5050 3002 5050 3002 5051 3006 5051 3005 5051 3006 5052 3007 5052 3005 5052 3005 5053 3007 5053 3004 5053 3007 5054 3008 5054 3004 5054 3004 5055 3008 5055 3003 5055 3008 5056 3009 5056 3003 5056 3003 5057 3009 5057 1915 5057 1919 5058 1918 5058 3010 5058 1918 5059 1917 5059 3010 5059 3010 5060 1917 5060 3011 5060 1917 5061 1916 5061 3011 5061 3011 5062 1916 5062 3012 5062 1916 5063 1915 5063 3012 5063 3012 5064 1915 5064 3009 5064 3009 5065 3013 5065 3012 5065 3013 5066 3014 5066 3012 5066 3012 5067 3014 5067 3011 5067 3014 5068 3015 5068 3011 5068 3011 5069 3015 5069 3010 5069 3015 5070 3016 5070 3010 5070 3010 5071 3016 5071 1919 5071 1923 5072 1922 5072 3017 5072 1922 5073 1921 5073 3017 5073 3017 5074 1921 5074 3018 5074 1921 5075 1920 5075 3018 5075 3018 5076 1920 5076 3019 5076 1920 5077 1919 5077 3019 5077 3019 5078 1919 5078 3016 5078 3016 5079 3020 5079 3019 5079 3020 5080 3021 5080 3019 5080 3019 5081 3021 5081 3018 5081 3021 5082 3022 5082 3018 5082 3018 5083 3022 5083 3017 5083 3022 5084 2613 5084 3017 5084 3017 5085 2613 5085 1923 5085 1500 5086 2000 5086 3023 5086 1500 5087 3023 5087 3024 5087 1500 5088 3024 5088 3025 5088 1500 5089 3025 5089 3026 5089 2000 5090 1500 5090 1499 5090 2000 5091 1499 5091 1498 5091 2000 5092 1498 5092 1497 5092 2000 5093 1497 5093 1489 5093 1489 5094 3027 5094 3028 5094 1489 5095 3028 5095 3029 5095 1489 5096 3029 5096 3030 5096 1489 5097 3030 5097 2000 5097 3027 5098 1489 5098 1488 5098 3027 5099 1488 5099 1487 5099 3027 5100 1487 5100 1486 5100 3027 5101 1486 5101 1478 5101 1478 5102 3031 5102 3032 5102 1478 5103 3032 5103 3033 5103 1478 5104 3033 5104 3034 5104 1478 5105 3034 5105 3027 5105 3031 5106 1478 5106 1477 5106 3031 5107 1477 5107 1476 5107 3031 5108 1476 5108 1475 5108 3031 5109 1475 5109 1467 5109 1467 5110 3035 5110 3036 5110 1467 5111 3036 5111 3037 5111 1467 5112 3037 5112 3038 5112 1467 5113 3038 5113 3031 5113 3035 5114 1467 5114 2974 5114 3035 5115 2974 5115 2973 5115 3035 5116 2973 5116 2972 5116 3035 5117 2972 5117 2971 5117 3035 5118 2971 5118 2967 5118 3026 5119 1511 5119 1510 5119 3026 5120 1510 5120 1509 5120 3026 5121 1509 5121 1508 5121 3026 5122 1508 5122 1500 5122 1511 5123 3026 5123 3039 5123 1511 5124 3039 5124 3040 5124 1511 5125 3040 5125 3041 5125 1511 5126 3041 5126 3042 5126 3042 5127 1522 5127 1521 5127 3042 5128 1521 5128 1520 5128 3042 5129 1520 5129 1519 5129 3042 5130 1519 5130 1511 5130 1522 5131 3042 5131 3043 5131 1522 5132 3043 5132 3044 5132 1522 5133 3044 5133 3045 5133 1522 5134 3045 5134 3046 5134 3046 5135 1533 5135 1532 5135 3046 5136 1532 5136 1531 5136 3046 5137 1531 5137 1530 5137 3046 5138 1530 5138 1522 5138 1533 5139 3046 5139 2673 5139 1533 5140 2673 5140 2672 5140 1533 5141 2672 5141 2671 5141 1533 5142 2671 5142 2670 5142 1533 5143 2670 5143 2666 5143 3046 5144 2680 5144 2679 5144 3046 5145 2679 5145 2678 5145 3046 5146 2678 5146 2677 5146 3046 5147 2677 5147 2673 5147 2680 5148 3046 5148 3047 5148 2680 5149 3047 5149 3048 5149 2680 5150 3048 5150 3049 5150 2680 5151 3049 5151 3050 5151 3050 5152 2687 5152 2686 5152 3050 5153 2686 5153 2685 5153 3050 5154 2685 5154 2684 5154 3050 5155 2684 5155 2680 5155 3050 5156 2694 5156 2693 5156 3050 5157 2693 5157 2692 5157 3050 5158 2692 5158 2691 5158 3050 5159 2691 5159 2687 5159 3050 5160 2701 5160 2700 5160 3050 5161 2700 5161 2699 5161 3050 5162 2699 5162 2698 5162 3050 5163 2698 5163 2694 5163 2701 5164 3050 5164 3051 5164 2701 5165 3051 5165 3052 5165 2701 5166 3052 5166 3053 5166 2701 5167 3053 5167 3054 5167 3054 5168 2708 5168 2707 5168 3054 5169 2707 5169 2706 5169 3054 5170 2706 5170 2705 5170 3054 5171 2705 5171 2701 5171 3054 5172 2715 5172 2714 5172 3054 5173 2714 5173 2713 5173 3054 5174 2713 5174 2712 5174 3054 5175 2712 5175 2708 5175 3054 5176 2722 5176 2721 5176 3054 5177 2721 5177 2720 5177 3054 5178 2720 5178 2719 5178 3054 5179 2719 5179 2715 5179 2722 5180 3054 5180 3055 5180 2722 5181 3055 5181 2072 5181 2722 5182 2072 5182 3056 5182 2722 5183 3056 5183 3057 5183 3057 5184 2729 5184 2728 5184 3057 5185 2728 5185 2727 5185 3057 5186 2727 5186 2726 5186 3057 5187 2726 5187 2722 5187 3057 5188 2736 5188 2735 5188 3057 5189 2735 5189 2734 5189 3057 5190 2734 5190 2733 5190 3057 5191 2733 5191 2729 5191 2736 5192 3057 5192 3058 5192 2736 5193 3058 5193 3059 5193 2736 5194 3059 5194 3060 5194 2736 5195 3060 5195 3061 5195 3061 5196 2743 5196 2742 5196 3061 5197 2742 5197 2741 5197 3061 5198 2741 5198 2740 5198 3061 5199 2740 5199 2736 5199 3061 5200 2750 5200 2749 5200 3061 5201 2749 5201 2748 5201 3061 5202 2748 5202 2747 5202 3061 5203 2747 5203 2743 5203 3061 5204 2757 5204 2756 5204 3061 5205 2756 5205 2755 5205 3061 5206 2755 5206 2754 5206 3061 5207 2754 5207 2750 5207 2757 5208 3061 5208 3062 5208 2757 5209 3062 5209 3063 5209 2757 5210 3063 5210 3064 5210 2757 5211 3064 5211 3065 5211 3065 5212 2764 5212 2763 5212 3065 5213 2763 5213 2762 5213 3065 5214 2762 5214 2761 5214 3065 5215 2761 5215 2757 5215 2764 5216 3065 5216 1346 5216 1346 5217 2771 5217 2770 5217 1346 5218 2770 5218 2769 5218 1346 5219 2769 5219 2768 5219 1346 5220 2768 5220 2764 5220 2771 5221 1346 5221 1345 5221 2771 5222 1345 5222 1344 5222 2771 5223 1344 5223 1343 5223 2771 5224 1343 5224 1335 5224 1335 5225 2778 5225 2777 5225 1335 5226 2777 5226 2776 5226 1335 5227 2776 5227 2775 5227 1335 5228 2775 5228 2771 5228 1335 5229 2785 5229 2784 5229 1335 5230 2784 5230 2783 5230 1335 5231 2783 5231 2782 5231 1335 5232 2782 5232 2778 5232 2785 5233 1335 5233 1334 5233 2785 5234 1334 5234 1333 5234 2785 5235 1333 5235 1332 5235 2785 5236 1332 5236 1324 5236 1324 5237 2792 5237 2791 5237 1324 5238 2791 5238 2790 5238 1324 5239 2790 5239 2789 5239 1324 5240 2789 5240 2785 5240 2792 5241 1324 5241 1323 5241 2792 5242 1323 5242 1322 5242 2792 5243 1322 5243 1321 5243 2792 5244 1321 5244 1313 5244 1313 5245 2799 5245 2798 5245 1313 5246 2798 5246 2797 5246 1313 5247 2797 5247 2796 5247 1313 5248 2796 5248 2792 5248 2799 5249 1313 5249 1312 5249 2799 5250 1312 5250 1311 5250 2799 5251 1311 5251 1310 5251 2799 5252 1310 5252 1302 5252 1302 5253 2806 5253 2805 5253 1302 5254 2805 5254 2804 5254 1302 5255 2804 5255 2803 5255 1302 5256 2803 5256 2799 5256 2806 5257 1302 5257 1301 5257 2806 5258 1301 5258 1300 5258 2806 5259 1300 5259 1299 5259 2806 5260 1299 5260 1291 5260 1291 5261 2813 5261 2812 5261 1291 5262 2812 5262 2811 5262 1291 5263 2811 5263 2810 5263 1291 5264 2810 5264 2806 5264 2813 5265 1291 5265 1290 5265 2813 5266 1290 5266 1289 5266 2813 5267 1289 5267 1288 5267 2813 5268 1288 5268 1280 5268 1280 5269 2820 5269 2819 5269 1280 5270 2819 5270 2818 5270 1280 5271 2818 5271 2817 5271 1280 5272 2817 5272 2813 5272 2820 5273 1280 5273 1279 5273 2820 5274 1279 5274 1278 5274 2820 5275 1278 5275 1277 5275 2820 5276 1277 5276 1269 5276 2820 5277 1269 5277 1268 5277 2820 5278 1268 5278 1267 5278 2820 5279 1267 5279 1266 5279 2820 5280 1266 5280 1258 5280 1346 5281 3065 5281 3066 5281 1346 5282 3066 5282 3067 5282 1346 5283 3067 5283 3068 5283 1346 5284 3068 5284 3069 5284 3069 5285 1357 5285 1356 5285 3069 5286 1356 5286 1355 5286 3069 5287 1355 5287 1354 5287 3069 5288 1354 5288 1346 5288 1357 5289 3069 5289 3070 5289 1357 5290 3070 5290 3071 5290 1357 5291 3071 5291 3072 5291 1357 5292 3072 5292 3073 5292 3073 5293 1133 5293 1366 5293 3073 5294 1366 5294 1365 5294 3073 5295 1365 5295 1364 5295 3073 5296 1364 5296 1357 5296 1133 5297 3073 5297 3074 5297 1133 5298 3074 5298 3075 5298 1133 5299 3075 5299 3076 5299 1133 5300 3076 5300 2128 5300 2128 5301 1137 5301 1136 5301 2128 5302 1136 5302 1135 5302 2128 5303 1135 5303 1134 5303 2128 5304 1134 5304 1133 5304 1137 5305 2128 5305 3077 5305 1137 5306 3077 5306 3078 5306 1137 5307 3078 5307 3079 5307 1137 5308 3079 5308 3080 5308 3080 5309 1148 5309 1147 5309 3080 5310 1147 5310 1146 5310 3080 5311 1146 5311 1145 5311 3080 5312 1145 5312 1137 5312 1148 5313 3080 5313 3081 5313 1148 5314 3081 5314 3082 5314 1148 5315 3082 5315 3083 5315 1148 5316 3083 5316 3084 5316 3084 5317 1159 5317 1158 5317 3084 5318 1158 5318 1157 5318 3084 5319 1157 5319 1156 5319 3084 5320 1156 5320 1148 5320 1159 5321 3084 5321 3085 5321 1159 5322 3085 5322 3086 5322 1159 5323 3086 5323 3087 5323 1159 5324 3087 5324 3088 5324 3088 5325 1170 5325 1169 5325 3088 5326 1169 5326 1168 5326 3088 5327 1168 5327 1167 5327 3088 5328 1167 5328 1159 5328 1170 5329 3088 5329 2883 5329 1170 5330 2883 5330 2882 5330 1170 5331 2882 5331 2881 5331 1170 5332 2881 5332 2880 5332 1170 5333 2880 5333 2876 5333 3088 5334 2890 5334 2889 5334 3088 5335 2889 5335 2888 5335 3088 5336 2888 5336 2887 5336 3088 5337 2887 5337 2883 5337 2890 5338 3088 5338 3089 5338 2890 5339 3089 5339 3090 5339 2890 5340 3090 5340 3091 5340 2890 5341 3091 5341 3092 5341 3092 5342 2897 5342 2896 5342 3092 5343 2896 5343 2895 5343 3092 5344 2895 5344 2894 5344 3092 5345 2894 5345 2890 5345 3092 5346 2904 5346 2903 5346 3092 5347 2903 5347 2902 5347 3092 5348 2902 5348 2901 5348 3092 5349 2901 5349 2897 5349 3092 5350 2911 5350 2910 5350 3092 5351 2910 5351 2909 5351 3092 5352 2909 5352 2908 5352 3092 5353 2908 5353 2904 5353 2911 5354 3092 5354 3093 5354 2911 5355 3093 5355 3094 5355 2911 5356 3094 5356 3095 5356 2911 5357 3095 5357 3096 5357 3096 5358 2918 5358 2917 5358 3096 5359 2917 5359 2916 5359 3096 5360 2916 5360 2915 5360 3096 5361 2915 5361 2911 5361 3096 5362 2925 5362 2924 5362 3096 5363 2924 5363 2923 5363 3096 5364 2923 5364 2922 5364 3096 5365 2922 5365 2918 5365 2925 5366 3096 5366 3097 5366 2925 5367 3097 5367 2202 5367 2925 5368 2202 5368 3098 5368 2925 5369 3098 5369 3099 5369 3099 5370 2932 5370 2931 5370 3099 5371 2931 5371 2930 5371 3099 5372 2930 5372 2929 5372 3099 5373 2929 5373 2925 5373 3099 5374 2939 5374 2938 5374 3099 5375 2938 5375 2937 5375 3099 5376 2937 5376 2936 5376 3099 5377 2936 5377 2932 5377 3099 5378 2946 5378 2945 5378 3099 5379 2945 5379 2944 5379 3099 5380 2944 5380 2943 5380 3099 5381 2943 5381 2939 5381 2946 5382 3099 5382 3100 5382 2946 5383 3100 5383 3101 5383 2946 5384 3101 5384 3102 5384 2946 5385 3102 5385 3103 5385 3103 5386 2953 5386 2952 5386 3103 5387 2952 5387 2951 5387 3103 5388 2951 5388 2950 5388 3103 5389 2950 5389 2946 5389 3103 5390 2960 5390 2959 5390 3103 5391 2959 5391 2958 5391 3103 5392 2958 5392 2957 5392 3103 5393 2957 5393 2953 5393 3103 5394 2967 5394 2966 5394 3103 5395 2966 5395 2965 5395 3103 5396 2965 5396 2964 5396 3103 5397 2964 5397 2960 5397 2967 5398 3103 5398 3104 5398 2967 5399 3104 5399 3105 5399 2967 5400 3105 5400 3106 5400 2967 5401 3106 5401 3035 5401 1258 5402 2827 5402 2826 5402 1258 5403 2826 5403 2825 5403 1258 5404 2825 5404 2824 5404 1258 5405 2824 5405 2820 5405 2827 5406 1258 5406 1257 5406 2827 5407 1257 5407 1256 5407 2827 5408 1256 5408 1255 5408 2827 5409 1255 5409 1247 5409 2827 5410 1247 5410 1246 5410 2827 5411 1246 5411 1245 5411 2827 5412 1245 5412 1244 5412 2827 5413 1244 5413 1236 5413 1236 5414 2834 5414 2833 5414 1236 5415 2833 5415 2832 5415 1236 5416 2832 5416 2831 5416 1236 5417 2831 5417 2827 5417 2834 5418 1236 5418 1235 5418 2834 5419 1235 5419 1234 5419 2834 5420 1234 5420 1233 5420 2834 5421 1233 5421 1225 5421 1225 5422 2841 5422 2840 5422 1225 5423 2840 5423 2839 5423 1225 5424 2839 5424 2838 5424 1225 5425 2838 5425 2834 5425 2841 5426 1225 5426 1224 5426 2841 5427 1224 5427 1223 5427 2841 5428 1223 5428 1222 5428 2841 5429 1222 5429 1214 5429 1214 5430 2848 5430 2847 5430 1214 5431 2847 5431 2846 5431 1214 5432 2846 5432 2845 5432 1214 5433 2845 5433 2841 5433 2848 5434 1214 5434 1213 5434 2848 5435 1213 5435 1212 5435 2848 5436 1212 5436 1211 5436 2848 5437 1211 5437 1203 5437 1203 5438 2855 5438 2854 5438 1203 5439 2854 5439 2853 5439 1203 5440 2853 5440 2852 5440 1203 5441 2852 5441 2848 5441 2855 5442 1203 5442 1202 5442 2855 5443 1202 5443 1201 5443 2855 5444 1201 5444 1200 5444 2855 5445 1200 5445 1192 5445 1192 5446 2862 5446 2861 5446 1192 5447 2861 5447 2860 5447 1192 5448 2860 5448 2859 5448 1192 5449 2859 5449 2855 5449 2862 5450 1192 5450 1191 5450 2862 5451 1191 5451 1190 5451 2862 5452 1190 5452 1189 5452 2862 5453 1189 5453 1181 5453 1181 5454 2869 5454 2868 5454 1181 5455 2868 5455 2867 5455 1181 5456 2867 5456 2866 5456 1181 5457 2866 5457 2862 5457 1181 5458 2876 5458 2875 5458 1181 5459 2875 5459 2874 5459 1181 5460 2874 5460 2873 5460 1181 5461 2873 5461 2869 5461 2876 5462 1181 5462 1180 5462 2876 5463 1180 5463 1179 5463 2876 5464 1179 5464 1178 5464 2876 5465 1178 5465 1170 5465 2617 5466 1390 5466 1389 5466 2617 5467 1389 5467 1388 5467 2617 5468 1388 5468 1387 5468 2617 5469 1387 5469 1379 5469 2617 5470 1379 5470 1378 5470 2617 5471 1378 5471 1377 5471 2617 5472 1377 5472 1376 5472 2617 5473 1376 5473 1375 5473 1375 5474 2624 5474 2623 5474 1375 5475 2623 5475 2622 5475 1375 5476 2622 5476 2621 5476 1375 5477 2621 5477 2617 5477 2624 5478 1375 5478 1608 5478 2624 5479 1608 5479 1607 5479 2624 5480 1607 5480 1606 5480 2624 5481 1606 5481 1599 5481 1599 5482 2631 5482 2630 5482 1599 5483 2630 5483 2629 5483 1599 5484 2629 5484 2628 5484 1599 5485 2628 5485 2624 5485 2631 5486 1599 5486 1598 5486 2631 5487 1598 5487 1597 5487 2631 5488 1597 5488 1596 5488 2631 5489 1596 5489 1588 5489 2631 5490 1588 5490 1587 5490 2631 5491 1587 5491 1586 5491 2631 5492 1586 5492 1585 5492 2631 5493 1585 5493 1577 5493 1577 5494 2638 5494 2637 5494 1577 5495 2637 5495 2636 5495 1577 5496 2636 5496 2635 5496 1577 5497 2635 5497 2631 5497 2638 5498 1577 5498 1576 5498 2638 5499 1576 5499 1575 5499 2638 5500 1575 5500 1574 5500 2638 5501 1574 5501 1566 5501 1566 5502 2645 5502 2644 5502 1566 5503 2644 5503 2643 5503 1566 5504 2643 5504 2642 5504 1566 5505 2642 5505 2638 5505 2645 5506 1566 5506 1565 5506 2645 5507 1565 5507 1564 5507 2645 5508 1564 5508 1563 5508 2645 5509 1563 5509 1555 5509 1555 5510 2652 5510 2651 5510 1555 5511 2651 5511 2650 5511 1555 5512 2650 5512 2649 5512 1555 5513 2649 5513 2645 5513 2652 5514 1555 5514 1554 5514 2652 5515 1554 5515 1553 5515 2652 5516 1553 5516 1552 5516 2652 5517 1552 5517 1544 5517 1544 5518 2659 5518 2658 5518 1544 5519 2658 5519 2657 5519 1544 5520 2657 5520 2656 5520 1544 5521 2656 5521 2652 5521 1544 5522 2666 5522 2665 5522 1544 5523 2665 5523 2664 5523 1544 5524 2664 5524 2663 5524 1544 5525 2663 5525 2659 5525 2666 5526 1544 5526 1543 5526 2666 5527 1543 5527 1542 5527 2666 5528 1542 5528 1541 5528 2666 5529 1541 5529 1533 5529 1467 5530 2981 5530 2980 5530 1467 5531 2980 5531 2979 5531 1467 5532 2979 5532 2978 5532 1467 5533 2978 5533 2974 5533 2981 5534 1467 5534 1466 5534 2981 5535 1466 5535 1465 5535 2981 5536 1465 5536 1464 5536 2981 5537 1464 5537 1456 5537 1456 5538 2988 5538 2987 5538 1456 5539 2987 5539 2986 5539 1456 5540 2986 5540 2985 5540 1456 5541 2985 5541 2981 5541 1456 5542 2995 5542 2994 5542 1456 5543 2994 5543 2993 5543 1456 5544 2993 5544 2992 5544 1456 5545 2992 5545 2988 5545 2995 5546 1456 5546 1455 5546 2995 5547 1455 5547 1454 5547 2995 5548 1454 5548 1453 5548 2995 5549 1453 5549 1445 5549 1445 5550 3002 5550 3001 5550 1445 5551 3001 5551 3000 5551 1445 5552 3000 5552 2999 5552 1445 5553 2999 5553 2995 5553 3002 5554 1445 5554 1444 5554 3002 5555 1444 5555 1443 5555 3002 5556 1443 5556 1442 5556 3002 5557 1442 5557 1434 5557 1434 5558 3009 5558 3008 5558 1434 5559 3008 5559 3007 5559 1434 5560 3007 5560 3006 5560 1434 5561 3006 5561 3002 5561 3009 5562 1434 5562 1433 5562 3009 5563 1433 5563 1432 5563 3009 5564 1432 5564 1431 5564 3009 5565 1431 5565 1423 5565 1423 5566 3016 5566 3015 5566 1423 5567 3015 5567 3014 5567 1423 5568 3014 5568 3013 5568 1423 5569 3013 5569 3009 5569 3016 5570 1423 5570 1422 5570 3016 5571 1422 5571 1421 5571 3016 5572 1421 5572 1420 5572 3016 5573 1420 5573 1412 5573 3016 5574 1412 5574 1411 5574 3016 5575 1411 5575 1410 5575 3016 5576 1410 5576 1409 5576 3016 5577 1409 5577 1401 5577 1401 5578 2613 5578 3022 5578 1401 5579 3022 5579 3021 5579 1401 5580 3021 5580 3020 5580 1401 5581 3020 5581 3016 5581 2613 5582 1401 5582 1400 5582 2613 5583 1400 5583 1399 5583 2613 5584 1399 5584 1398 5584 2613 5585 1398 5585 1390 5585 1390 5586 2617 5586 2616 5586 1390 5587 2616 5587 2615 5587 1390 5588 2615 5588 2614 5588 1390 5589 2614 5589 2613 5589 2258 5590 2257 5590 3107 5590 2257 5591 2256 5591 3107 5591 3107 5592 2256 5592 3108 5592 2256 5593 2255 5593 3108 5593 3108 5594 2255 5594 3109 5594 2255 5595 2249 5595 3109 5595 3109 5596 2249 5596 1832 5596 1832 5597 1843 5597 3109 5597 1843 5598 1842 5598 3109 5598 3109 5599 1842 5599 3108 5599 1842 5600 1841 5600 3108 5600 3108 5601 1841 5601 3107 5601 1841 5602 1840 5602 3107 5602 3107 5603 1840 5603 2258 5603 2262 5604 2261 5604 3110 5604 2261 5605 2260 5605 3110 5605 3110 5606 2260 5606 3111 5606 2260 5607 2259 5607 3111 5607 3111 5608 2259 5608 3112 5608 2259 5609 2258 5609 3112 5609 3112 5610 2258 5610 1840 5610 1840 5611 1855 5611 3112 5611 1855 5612 1854 5612 3112 5612 3112 5613 1854 5613 3111 5613 1854 5614 1853 5614 3111 5614 3111 5615 1853 5615 3110 5615 1853 5616 1852 5616 3110 5616 3110 5617 1852 5617 2262 5617 2503 5618 2513 5618 3113 5618 2513 5619 2512 5619 3113 5619 3113 5620 2512 5620 3114 5620 2512 5621 2511 5621 3114 5621 3114 5622 2511 5622 3115 5622 2511 5623 2262 5623 3115 5623 3115 5624 2262 5624 1852 5624 1852 5625 1867 5625 3115 5625 1867 5626 1866 5626 3115 5626 3115 5627 1866 5627 3114 5627 1866 5628 1865 5628 3114 5628 3114 5629 1865 5629 3113 5629 1865 5630 1864 5630 3113 5630 3113 5631 1864 5631 2503 5631 2495 5632 2506 5632 3116 5632 2506 5633 2505 5633 3116 5633 3116 5634 2505 5634 3117 5634 2505 5635 2504 5635 3117 5635 3117 5636 2504 5636 3118 5636 2504 5637 2503 5637 3118 5637 3118 5638 2503 5638 1864 5638 1864 5639 1875 5639 3118 5639 1875 5640 1874 5640 3118 5640 3118 5641 1874 5641 3117 5641 1874 5642 1873 5642 3117 5642 3117 5643 1873 5643 3116 5643 1873 5644 1872 5644 3116 5644 3116 5645 1872 5645 2495 5645 2487 5646 2498 5646 3119 5646 2498 5647 2497 5647 3119 5647 3119 5648 2497 5648 3120 5648 2497 5649 2496 5649 3120 5649 3120 5650 2496 5650 3121 5650 2496 5651 2495 5651 3121 5651 3121 5652 2495 5652 1872 5652 1872 5653 1887 5653 3121 5653 1887 5654 1886 5654 3121 5654 3121 5655 1886 5655 3120 5655 1886 5656 1885 5656 3120 5656 3120 5657 1885 5657 3119 5657 1885 5658 1884 5658 3119 5658 3119 5659 1884 5659 2487 5659 2479 5660 2490 5660 3122 5660 2490 5661 2489 5661 3122 5661 3122 5662 2489 5662 3123 5662 2489 5663 2488 5663 3123 5663 3123 5664 2488 5664 3124 5664 2488 5665 2487 5665 3124 5665 3124 5666 2487 5666 1884 5666 1884 5667 1899 5667 3124 5667 1899 5668 1898 5668 3124 5668 3124 5669 1898 5669 3123 5669 1898 5670 1897 5670 3123 5670 3123 5671 1897 5671 3122 5671 1897 5672 1896 5672 3122 5672 3122 5673 1896 5673 2479 5673 2471 5674 2482 5674 3125 5674 2482 5675 2481 5675 3125 5675 3125 5676 2481 5676 3126 5676 2481 5677 2480 5677 3126 5677 3126 5678 2480 5678 3127 5678 2480 5679 2479 5679 3127 5679 3127 5680 2479 5680 1896 5680 1896 5681 1930 5681 3127 5681 1930 5682 1929 5682 3127 5682 3127 5683 1929 5683 3126 5683 1929 5684 1928 5684 3126 5684 3126 5685 1928 5685 3125 5685 1928 5686 1927 5686 3125 5686 3125 5687 1927 5687 2471 5687 2467 5688 2474 5688 3128 5688 2474 5689 2473 5689 3128 5689 3128 5690 2473 5690 3129 5690 2473 5691 2472 5691 3129 5691 3129 5692 2472 5692 3130 5692 2472 5693 2471 5693 3130 5693 3130 5694 2471 5694 1927 5694 1927 5695 1934 5695 3130 5695 1934 5696 1933 5696 3130 5696 3130 5697 1933 5697 3129 5697 1933 5698 1932 5698 3129 5698 3129 5699 1932 5699 3128 5699 1932 5700 1931 5700 3128 5700 3128 5701 1931 5701 2467 5701 2459 5702 2470 5702 3131 5702 2470 5703 2469 5703 3131 5703 3131 5704 2469 5704 3132 5704 2469 5705 2468 5705 3132 5705 3132 5706 2468 5706 3133 5706 2468 5707 2467 5707 3133 5707 3133 5708 2467 5708 1931 5708 1931 5709 1938 5709 3133 5709 1938 5710 1937 5710 3133 5710 3133 5711 1937 5711 3132 5711 1937 5712 1936 5712 3132 5712 3132 5713 1936 5713 3131 5713 1936 5714 1935 5714 3131 5714 3131 5715 1935 5715 2459 5715 2451 5716 2462 5716 3134 5716 2462 5717 2461 5717 3134 5717 3134 5718 2461 5718 3135 5718 2461 5719 2460 5719 3135 5719 3135 5720 2460 5720 3136 5720 2460 5721 2459 5721 3136 5721 3136 5722 2459 5722 1935 5722 1935 5723 1942 5723 3136 5723 1942 5724 1941 5724 3136 5724 3136 5725 1941 5725 3135 5725 1941 5726 1940 5726 3135 5726 3135 5727 1940 5727 3134 5727 1940 5728 1939 5728 3134 5728 3134 5729 1939 5729 2451 5729 2443 5730 2454 5730 3137 5730 2454 5731 2453 5731 3137 5731 3137 5732 2453 5732 3138 5732 2453 5733 2452 5733 3138 5733 3138 5734 2452 5734 3139 5734 2452 5735 2451 5735 3139 5735 3139 5736 2451 5736 1939 5736 1939 5737 1946 5737 3139 5737 1946 5738 1945 5738 3139 5738 3139 5739 1945 5739 3138 5739 1945 5740 1944 5740 3138 5740 3138 5741 1944 5741 3137 5741 1944 5742 1943 5742 3137 5742 3137 5743 1943 5743 2443 5743 2435 5744 2446 5744 3140 5744 2446 5745 2445 5745 3140 5745 3140 5746 2445 5746 3141 5746 2445 5747 2444 5747 3141 5747 3141 5748 2444 5748 3142 5748 2444 5749 2443 5749 3142 5749 3142 5750 2443 5750 1943 5750 1943 5751 1950 5751 3142 5751 1950 5752 1949 5752 3142 5752 3142 5753 1949 5753 3141 5753 1949 5754 1948 5754 3141 5754 3141 5755 1948 5755 3140 5755 1948 5756 1947 5756 3140 5756 3140 5757 1947 5757 2435 5757 2427 5758 2438 5758 3143 5758 2438 5759 2437 5759 3143 5759 3143 5760 2437 5760 3144 5760 2437 5761 2436 5761 3144 5761 3144 5762 2436 5762 3145 5762 2436 5763 2435 5763 3145 5763 3145 5764 2435 5764 1947 5764 1947 5765 1954 5765 3145 5765 1954 5766 1953 5766 3145 5766 3145 5767 1953 5767 3144 5767 1953 5768 1952 5768 3144 5768 3144 5769 1952 5769 3143 5769 1952 5770 1951 5770 3143 5770 3143 5771 1951 5771 2427 5771 2419 5772 2430 5772 3146 5772 2430 5773 2429 5773 3146 5773 3146 5774 2429 5774 3147 5774 2429 5775 2428 5775 3147 5775 3147 5776 2428 5776 3148 5776 2428 5777 2427 5777 3148 5777 3148 5778 2427 5778 1951 5778 1951 5779 1957 5779 3148 5779 1957 5780 1956 5780 3148 5780 3148 5781 1956 5781 3147 5781 1956 5782 1955 5782 3147 5782 3147 5783 1955 5783 3146 5783 1955 5784 1634 5784 3146 5784 3146 5785 1634 5785 2419 5785 2415 5786 2422 5786 3149 5786 2422 5787 2421 5787 3149 5787 3149 5788 2421 5788 3150 5788 2421 5789 2420 5789 3150 5789 3150 5790 2420 5790 3151 5790 2420 5791 2419 5791 3151 5791 3151 5792 2419 5792 1634 5792 1634 5793 1642 5793 3151 5793 1642 5794 1641 5794 3151 5794 3151 5795 1641 5795 3150 5795 1641 5796 1640 5796 3150 5796 3150 5797 1640 5797 3149 5797 1640 5798 1639 5798 3149 5798 3149 5799 1639 5799 2415 5799 2407 5800 2418 5800 3152 5800 2418 5801 2417 5801 3152 5801 3152 5802 2417 5802 3153 5802 2417 5803 2416 5803 3153 5803 3153 5804 2416 5804 3154 5804 2416 5805 2415 5805 3154 5805 3154 5806 2415 5806 1639 5806 1639 5807 1654 5807 3154 5807 1654 5808 1653 5808 3154 5808 3154 5809 1653 5809 3153 5809 1653 5810 1652 5810 3153 5810 3153 5811 1652 5811 3152 5811 1652 5812 1651 5812 3152 5812 3152 5813 1651 5813 2407 5813 2399 5814 2410 5814 3155 5814 2410 5815 2409 5815 3155 5815 3155 5816 2409 5816 3156 5816 2409 5817 2408 5817 3156 5817 3156 5818 2408 5818 3157 5818 2408 5819 2407 5819 3157 5819 3157 5820 2407 5820 1651 5820 1651 5821 1666 5821 3157 5821 1666 5822 1665 5822 3157 5822 3157 5823 1665 5823 3156 5823 1665 5824 1664 5824 3156 5824 3156 5825 1664 5825 3155 5825 1664 5826 1663 5826 3155 5826 3155 5827 1663 5827 2399 5827 2391 5828 2402 5828 3158 5828 2402 5829 2401 5829 3158 5829 3158 5830 2401 5830 3159 5830 2401 5831 2400 5831 3159 5831 3159 5832 2400 5832 3160 5832 2400 5833 2399 5833 3160 5833 3160 5834 2399 5834 1663 5834 1663 5835 1674 5835 3160 5835 1674 5836 1673 5836 3160 5836 3160 5837 1673 5837 3159 5837 1673 5838 1672 5838 3159 5838 3159 5839 1672 5839 3158 5839 1672 5840 1671 5840 3158 5840 3158 5841 1671 5841 2391 5841 2383 5842 2394 5842 3161 5842 2394 5843 2393 5843 3161 5843 3161 5844 2393 5844 3162 5844 2393 5845 2392 5845 3162 5845 3162 5846 2392 5846 3163 5846 2392 5847 2391 5847 3163 5847 3163 5848 2391 5848 1671 5848 1671 5849 1686 5849 3163 5849 1686 5850 1685 5850 3163 5850 3163 5851 1685 5851 3162 5851 1685 5852 1684 5852 3162 5852 3162 5853 1684 5853 3161 5853 1684 5854 1683 5854 3161 5854 3161 5855 1683 5855 2383 5855 2375 5856 2386 5856 3164 5856 2386 5857 2385 5857 3164 5857 3164 5858 2385 5858 3165 5858 2385 5859 2384 5859 3165 5859 3165 5860 2384 5860 3166 5860 2384 5861 2383 5861 3166 5861 3166 5862 2383 5862 1683 5862 1683 5863 1698 5863 3166 5863 1698 5864 1697 5864 3166 5864 3166 5865 1697 5865 3165 5865 1697 5866 1696 5866 3165 5866 3165 5867 1696 5867 3164 5867 1696 5868 1695 5868 3164 5868 3164 5869 1695 5869 2375 5869 2367 5870 2378 5870 3167 5870 2378 5871 2377 5871 3167 5871 3167 5872 2377 5872 3168 5872 2377 5873 2376 5873 3168 5873 3168 5874 2376 5874 3169 5874 2376 5875 2375 5875 3169 5875 3169 5876 2375 5876 1695 5876 1695 5877 1706 5877 3169 5877 1706 5878 1705 5878 3169 5878 3169 5879 1705 5879 3168 5879 1705 5880 1704 5880 3168 5880 3168 5881 1704 5881 3167 5881 1704 5882 1703 5882 3167 5882 3167 5883 1703 5883 2367 5883 2359 5884 2370 5884 3170 5884 2370 5885 2369 5885 3170 5885 3170 5886 2369 5886 3171 5886 2369 5887 2368 5887 3171 5887 3171 5888 2368 5888 3172 5888 2368 5889 2367 5889 3172 5889 3172 5890 2367 5890 1703 5890 1703 5891 1718 5891 3172 5891 1718 5892 1717 5892 3172 5892 3172 5893 1717 5893 3171 5893 1717 5894 1716 5894 3171 5894 3171 5895 1716 5895 3170 5895 1716 5896 1715 5896 3170 5896 3170 5897 1715 5897 2359 5897 2355 5898 2362 5898 3173 5898 2362 5899 2361 5899 3173 5899 3173 5900 2361 5900 3174 5900 2361 5901 2360 5901 3174 5901 3174 5902 2360 5902 3175 5902 2360 5903 2359 5903 3175 5903 3175 5904 2359 5904 1715 5904 1715 5905 1726 5905 3175 5905 1726 5906 1725 5906 3175 5906 3175 5907 1725 5907 3174 5907 1725 5908 1724 5908 3174 5908 3174 5909 1724 5909 3173 5909 1724 5910 1723 5910 3173 5910 3173 5911 1723 5911 2355 5911 2347 5912 2358 5912 3176 5912 2358 5913 2357 5913 3176 5913 3176 5914 2357 5914 3177 5914 2357 5915 2356 5915 3177 5915 3177 5916 2356 5916 3178 5916 2356 5917 2355 5917 3178 5917 3178 5918 2355 5918 1723 5918 1723 5919 1738 5919 3178 5919 1738 5920 1737 5920 3178 5920 3178 5921 1737 5921 3177 5921 1737 5922 1736 5922 3177 5922 3177 5923 1736 5923 3176 5923 1736 5924 1735 5924 3176 5924 3176 5925 1735 5925 2347 5925 2339 5926 2350 5926 3179 5926 2350 5927 2349 5927 3179 5927 3179 5928 2349 5928 3180 5928 2349 5929 2348 5929 3180 5929 3180 5930 2348 5930 3181 5930 2348 5931 2347 5931 3181 5931 3181 5932 2347 5932 1735 5932 1735 5933 1977 5933 3181 5933 1977 5934 1976 5934 3181 5934 3181 5935 1976 5935 3180 5935 1976 5936 1975 5936 3180 5936 3180 5937 1975 5937 3179 5937 1975 5938 1974 5938 3179 5938 3179 5939 1974 5939 2339 5939 2331 5940 2342 5940 3182 5940 2342 5941 2341 5941 3182 5941 3182 5942 2341 5942 3183 5942 2341 5943 2340 5943 3183 5943 3183 5944 2340 5944 3184 5944 2340 5945 2339 5945 3184 5945 3184 5946 2339 5946 1974 5946 1974 5947 1981 5947 3184 5947 1981 5948 1980 5948 3184 5948 3184 5949 1980 5949 3183 5949 1980 5950 1979 5950 3183 5950 3183 5951 1979 5951 3182 5951 1979 5952 1978 5952 3182 5952 3182 5953 1978 5953 2331 5953 2323 5954 2334 5954 3185 5954 2334 5955 2333 5955 3185 5955 3185 5956 2333 5956 3186 5956 2333 5957 2332 5957 3186 5957 3186 5958 2332 5958 3187 5958 2332 5959 2331 5959 3187 5959 3187 5960 2331 5960 1978 5960 1978 5961 1985 5961 3187 5961 1985 5962 1984 5962 3187 5962 3187 5963 1984 5963 3186 5963 1984 5964 1983 5964 3186 5964 3186 5965 1983 5965 3185 5965 1983 5966 1982 5966 3185 5966 3185 5967 1982 5967 2323 5967 2315 5968 2326 5968 3188 5968 2326 5969 2325 5969 3188 5969 3188 5970 2325 5970 3189 5970 2325 5971 2324 5971 3189 5971 3189 5972 2324 5972 3190 5972 2324 5973 2323 5973 3190 5973 3190 5974 2323 5974 1982 5974 1982 5975 1988 5975 3190 5975 1988 5976 1987 5976 3190 5976 3190 5977 1987 5977 3189 5977 1987 5978 1986 5978 3189 5978 3189 5979 1986 5979 3188 5979 1986 5980 1958 5980 3188 5980 3188 5981 1958 5981 2315 5981 2307 5982 2318 5982 3191 5982 2318 5983 2317 5983 3191 5983 3191 5984 2317 5984 3192 5984 2317 5985 2316 5985 3192 5985 3192 5986 2316 5986 3193 5986 2316 5987 2315 5987 3193 5987 3193 5988 2315 5988 1958 5988 1958 5989 1962 5989 3193 5989 1962 5990 1961 5990 3193 5990 3193 5991 1961 5991 3192 5991 1961 5992 1960 5992 3192 5992 3192 5993 1960 5993 3191 5993 1960 5994 1959 5994 3191 5994 3191 5995 1959 5995 2307 5995 2303 5996 2310 5996 3194 5996 2310 5997 2309 5997 3194 5997 3194 5998 2309 5998 3195 5998 2309 5999 2308 5999 3195 5999 3195 6000 2308 6000 3196 6000 2308 6001 2307 6001 3196 6001 3196 6002 2307 6002 1959 6002 1959 6003 1966 6003 3196 6003 1966 6004 1965 6004 3196 6004 3196 6005 1965 6005 3195 6005 1965 6006 1964 6006 3195 6006 3195 6007 1964 6007 3194 6007 1964 6008 1963 6008 3194 6008 3194 6009 1963 6009 2303 6009 2295 6010 2306 6010 3197 6010 2306 6011 2305 6011 3197 6011 3197 6012 2305 6012 3198 6012 2305 6013 2304 6013 3198 6013 3198 6014 2304 6014 3199 6014 2304 6015 2303 6015 3199 6015 3199 6016 2303 6016 1963 6016 1963 6017 1970 6017 3199 6017 1970 6018 1969 6018 3199 6018 3199 6019 1969 6019 3198 6019 1969 6020 1968 6020 3198 6020 3198 6021 1968 6021 3197 6021 1968 6022 1967 6022 3197 6022 3197 6023 1967 6023 2295 6023 2287 6024 2298 6024 3200 6024 2298 6025 2297 6025 3200 6025 3200 6026 2297 6026 3201 6026 2297 6027 2296 6027 3201 6027 3201 6028 2296 6028 3202 6028 2296 6029 2295 6029 3202 6029 3202 6030 2295 6030 1967 6030 1967 6031 1973 6031 3202 6031 1973 6032 1972 6032 3202 6032 3202 6033 1972 6033 3201 6033 1972 6034 1971 6034 3201 6034 3201 6035 1971 6035 3200 6035 1971 6036 1795 6036 3200 6036 3200 6037 1795 6037 2287 6037 2279 6038 2290 6038 3203 6038 2290 6039 2289 6039 3203 6039 3203 6040 2289 6040 3204 6040 2289 6041 2288 6041 3204 6041 3204 6042 2288 6042 3205 6042 2288 6043 2287 6043 3205 6043 3205 6044 2287 6044 1795 6044 1795 6045 1803 6045 3205 6045 1803 6046 1802 6046 3205 6046 3205 6047 1802 6047 3204 6047 1802 6048 1801 6048 3204 6048 3204 6049 1801 6049 3203 6049 1801 6050 1800 6050 3203 6050 3203 6051 1800 6051 2279 6051 2271 6052 2282 6052 3206 6052 2282 6053 2281 6053 3206 6053 3206 6054 2281 6054 3207 6054 2281 6055 2280 6055 3207 6055 3207 6056 2280 6056 3208 6056 2280 6057 2279 6057 3208 6057 3208 6058 2279 6058 1800 6058 1800 6059 1815 6059 3208 6059 1815 6060 1814 6060 3208 6060 3208 6061 1814 6061 3207 6061 1814 6062 1813 6062 3207 6062 3207 6063 1813 6063 3206 6063 1813 6064 1812 6064 3206 6064 3206 6065 1812 6065 2271 6065 2263 6066 2274 6066 3209 6066 2274 6067 2273 6067 3209 6067 3209 6068 2273 6068 3210 6068 2273 6069 2272 6069 3210 6069 3210 6070 2272 6070 3211 6070 2272 6071 2271 6071 3211 6071 3211 6072 2271 6072 1812 6072 1812 6073 1823 6073 3211 6073 1823 6074 1822 6074 3211 6074 3211 6075 1822 6075 3210 6075 1822 6076 1821 6076 3210 6076 3210 6077 1821 6077 3209 6077 1821 6078 1820 6078 3209 6078 3209 6079 1820 6079 2263 6079 2249 6080 2266 6080 3212 6080 2266 6081 2265 6081 3212 6081 3212 6082 2265 6082 3213 6082 2265 6083 2264 6083 3213 6083 3213 6084 2264 6084 3214 6084 2264 6085 2263 6085 3214 6085 3214 6086 2263 6086 1820 6086 1820 6087 1835 6087 3214 6087 1835 6088 1834 6088 3214 6088 3214 6089 1834 6089 3213 6089 1834 6090 1833 6090 3213 6090 3213 6091 1833 6091 3212 6091 1833 6092 1832 6092 3212 6092 3212 6093 1832 6093 2249 6093</p>
        </triangles>
      </mesh>
    </geometry>
  </library_geometries>
  <library_visual_scenes>
    <visual_scene id="Scene" name="Scene">
      <node id="Part8_Centro" name="Part8 Centro" type="NODE">
        <matrix sid="transform">1 0 0 0 0 1 0 0 0 0 1 0 0 0 0 1</matrix>
        <instance_geometry url="#Part8_Centro_001-mesh" name="Part8 Centro" />
      </node>
    </visual_scene>
  </library_visual_scenes>
  <scene>
    <instance_visual_scene url="#Scene" />
  </scene>
</COLLADA>